material_id,linked_summary_has_structure,structure_nsites_if_parseable,structure_formula_if_available
mp-aaaaaaax,True,1,
mp-aaaaaabc,True,1,
mp-aaaaaabt,True,1,
mp-aaaaaadc,True,2,
mp-aaaaaady,True,1,
mp-aaaaaaeu,True,1,
mp-aaaaaahi,True,16,
mp-aaaaaajm,True,8,
mp-aaaaaapa,True,6,
mp-aaaaaavp,True,14,
mp-aaaaabas,True,3,
mp-aaaaabet,True,14,
mp-aaaaabta,True,3,
mp-aaaaacsu,True,24,
mp-aaaaacvj,True,3,
mp-aaaaadbu,True,4,
mp-aaaaadey,True,9,
mp-aaaaadfg,True,14,
mp-aaaaadgk,True,3,
mp-aaaaadgx,True,6,
mp-aaaaadyf,True,12,
mp-aaaaaeqq,True,5,
mp-aaaaaeye,True,4,
mp-aaaaafge,True,24,
mp-aaaaafnn,True,40,
mp-aaaaafoa,True,8,
mp-aaaaafrq,True,20,
mp-aaaaafuy,True,8,
mp-aaaaafxc,True,8,
mp-aaaaaggo,True,4,
mp-aaaaagla,True,5,
mp-aaaaagnp,True,14,
mp-aaaaagsr,True,4,
mp-aaaaagzf,True,5,
mp-aaaaahga,True,14,
mp-aaaaahkd,True,20,
mp-aaaaahpf,True,12,
mp-aaaaahtu,True,5,
mp-aaaaaibp,True,21,
mp-aaaaaifl,True,3,
mp-aaaaaikc,True,14,
mp-aaaaaivb,True,8,
mp-aaaaaiwr,True,76,
mp-aaaaajfm,True,40,
mp-aaaaajld,True,80,
mp-aaaaajma,True,80,
mp-aaaaajmq,True,24,
mp-aaaaajor,True,20,
mp-aaaaajot,True,24,
mp-aaaaajpo,True,64,
mp-aaaaajpw,True,24,
mp-aaaaajxo,True,76,
mp-aaaaajzv,True,40,
mp-aaaaakab,True,36,
mp-aaaaakcw,True,64,
mp-aaaaakda,True,100,
mp-aaaaakhc,True,16,
mp-aaaaakia,True,10,
mp-aaaaakji,True,4,
mp-aaaaakox,True,11,
mp-aaaaakxr,True,5,
mp-aaaaakzx,True,6,
mp-aaaaalbh,True,12,
mp-aaaaaled,True,4,
mp-aaaaaleo,True,4,
mp-aaaaaley,True,14,
mp-aaaaaltg,True,8,
mp-aaaaalth,True,8,
mp-aaaaalti,True,8,
mp-aaaaaltj,True,8,
mp-aaaaaltk,True,8,
mp-aaaaaltz,True,8,
mp-aaaaalua,True,8,
mp-aaaaamae,True,14,
mp-aaaaamcz,True,10,
mp-aaaaameg,True,2,
mp-aaaaamua,True,1,
mp-aaaaamub,True,1,
mp-aaaaamuc,True,1,
mp-aaaaamue,True,1,
mp-aaaaamuf,True,1,
mp-aaaaamuj,True,1,
mp-aaaaamuk,True,1,
mp-aaaaanjf,True,12,
mp-aaaaanog,True,4,
mp-aaaaanov,True,12,
mp-aaaaanqx,True,14,
mp-aaaaanro,True,6,
mp-aaaaaodt,True,3,
mp-aaaaaofv,True,4,
mp-aaaaaola,True,14,
mp-aaaaaovx,True,6,
mp-aaaaapat,True,4,
mp-aaaaapbn,True,4,
mp-aaaaapbr,True,3,
mp-aaaaapbs,True,3,
mp-aaaaapbx,True,4,
mp-aaaaapdg,True,4,
mp-aaaaapdh,True,4,
mp-aaaaapsw,True,1,
mp-aaaaapux,True,1,
mp-aaaaapzu,True,8,
mp-aaaaaqhy,True,8,
mp-aaaaaqjb,True,32,
mp-aaaaaqoa,True,4,
mp-aaaaaqpa,True,20,
mp-aaaaarna,True,3,
mp-aaaaasar,True,56,
mp-aaaaaspg,True,3,
mp-aaaaasrr,True,14,
mp-aaaaatjp,True,12,
mp-aaaaaugl,True,10,
mp-aaaaauoz,True,54,
mp-aaaaautd,True,8,
mp-aaaaauvr,True,16,
mp-aaaaaxgu,True,4,
mp-aaaaaxhe,True,80,
mp-aaaaaxnq,True,17,
mp-aaaaaybv,True,4,
mp-aaaaaycr,True,20,
mp-aaaaaygb,True,76,
mp-aaaaaymr,True,92,
mp-aaaaazbh,True,24,
mp-aaaaazcd,True,40,
mp-aaaaazji,True,44,
mp-aaaaazne,True,34,
mp-aaaaazpy,True,46,
mp-aaaaazrl,True,36,
mp-aaaaazst,True,32,
mp-aaaaazvp,True,44,
mp-aaaaazwh,True,44,
mp-aaaaazxe,True,36,
mp-aaaabadk,True,32,
mp-aaaabagw,True,27,
mp-aaaabalo,True,28,
mp-aaaabapb,True,28,
mp-aaaabaqh,True,24,
mp-aaaabaqj,True,20,
mp-aaaabawo,True,20,
mp-aaaabazt,True,28,
mp-aaaabbaw,True,40,
mp-aaaabbfi,True,36,
mp-aaaabbhb,True,44,
mp-aaaabbjh,True,42,
mp-aaaabbkq,True,36,
mp-aaaabbky,True,24,
mp-aaaabboy,True,36,
mp-aaaabbqt,True,24,
mp-aaaabbrt,True,24,
mp-aaaabbsc,True,32,
mp-aaaabbsh,True,40,
mp-aaaabbtl,True,10,
mp-aaaabbtv,True,8,
mp-aaaabbub,True,16,
mp-aaaabbuc,True,44,
mp-aaaabbuk,True,8,
mp-aaaabbuv,True,4,
mp-aaaabbuw,True,20,
mp-aaaabbvl,True,36,
mp-aaaabbvx,True,19,
mp-aaaabbvz,True,22,
mp-aaaabbwl,True,24,
mp-aaaabbww,True,50,
mp-aaaabbxk,True,36,
mp-aaaabbyc,True,11,
mp-aaaabbyf,True,13,
mp-aaaabbyu,True,38,
mp-aaaabbzb,True,10,
mp-aaaabbze,True,24,
mp-aaaabbzj,True,22,
mp-aaaabbzn,True,28,
mp-aaaabbzt,True,4,
mp-aaaabbzx,True,44,
mp-aaaabcae,True,24,
mp-aaaabcag,True,16,
mp-aaaabcal,True,10,
mp-aaaabcap,True,8,
mp-aaaabcav,True,12,
mp-aaaabcax,True,28,
mp-aaaabcbc,True,12,
mp-aaaabcbd,True,4,
mp-aaaabcbo,True,32,
mp-aaaabcch,True,22,
mp-aaaabcci,True,24,
mp-aaaabccr,True,28,
mp-aaaabcct,True,20,
mp-aaaabccu,True,14,
mp-aaaabcdh,True,16,
mp-aaaabcdl,True,28,
mp-aaaabceb,True,16,
mp-aaaabcel,True,20,
mp-aaaabcfd,True,40,
mp-aaaabcgt,True,22,
mp-aaaabcgx,True,14,
mp-aaaabcgz,True,18,
mp-aaaabchb,True,16,
mp-aaaabchv,True,36,
mp-aaaabcic,True,10,
mp-aaaabcin,True,4,
mp-aaaabciu,True,10,
mp-aaaabcjp,True,6,
mp-aaaabcjv,True,5,
mp-aaaabckg,True,22,
mp-aaaabcks,True,28,
mp-aaaabclm,True,28,
mp-aaaabcly,True,40,
mp-aaaabcmb,True,10,
mp-aaaabcmv,True,26,
mp-aaaabcnn,True,5,
mp-aaaabcno,True,24,
mp-aaaabcnv,True,40,
mp-aaaabcnz,True,32,
mp-aaaabcoc,True,22,
mp-aaaabcoe,True,22,
mp-aaaabcoq,True,10,
mp-aaaabcpi,True,12,
mp-aaaabcpk,True,5,
mp-aaaabcpr,True,24,
mp-aaaabcpu,True,4,
mp-aaaabcpw,True,16,
mp-aaaabcpy,True,32,
mp-aaaabcqf,True,20,
mp-aaaabcqp,True,4,
mp-aaaabcqr,True,34,
mp-aaaabcqx,True,20,
mp-aaaabcrh,True,20,
mp-aaaabcrn,True,35,
mp-aaaabcru,True,4,
mp-aaaabcrv,True,4,
mp-aaaabcry,True,14,
mp-aaaabcrz,True,12,
mp-aaaabcsm,True,32,
mp-aaaabcsx,True,4,
mp-aaaabctf,True,30,
mp-aaaabcti,True,40,
mp-aaaabctj,True,13,
mp-aaaabctl,True,13,
mp-aaaabctv,True,8,
mp-aaaabctx,True,14,
mp-aaaabcuj,True,19,
mp-aaaabcuw,True,41,
mp-aaaabcvh,True,52,
mp-aaaabcvi,True,52,
mp-aaaabcvs,True,56,
mp-aaaabcvy,True,64,
mp-aaaabcwl,True,80,
mp-aaaabcwr,True,64,
mp-aaaabdfs,True,36,
mp-aaaabdfv,True,10,
mp-aaaabdjg,True,17,
mp-aaaabdjv,True,8,
mp-aaaabdpr,True,20,
mp-aaaabdps,True,2,
mp-aaaabdqb,True,6,
mp-aaaabdra,True,28,
mp-aaaabdrg,True,28,
mp-aaaabdul,True,17,
mp-aaaabedd,True,24,
mp-aaaabeia,True,20,
mp-aaaabeqf,True,22,
mp-aaaabert,True,16,
mp-aaaabfcn,True,14,
mp-aaaabfdc,True,8,
mp-aaaabfeo,True,14,
mp-aaaabfjx,True,20,
mp-aaaabfmq,True,6,
mp-aaaabfqx,True,6,
mp-aaaabftv,True,6,
mp-aaaabfuu,True,14,
mp-aaaabfyk,True,58,
mp-aaaabgab,True,60,
mp-aaaabgas,True,56,
mp-aaaabgbs,True,46,
mp-aaaabgdz,True,56,
mp-aaaabgfq,True,76,
mp-aaaabgge,True,80,
mp-aaaabgip,True,8,
mp-aaaabgjb,True,40,
mp-aaaabglh,True,68,
mp-aaaabgmn,True,80,
mp-aaaabgmw,True,80,
mp-aaaabgoa,True,80,
mp-aaaabgpu,True,32,
mp-aaaabgtj,True,26,
mp-aaaabguv,True,20,
mp-aaaabgxn,True,28,
mp-aaaabhdm,True,8,
mp-aaaabhef,True,28,
mp-aaaabhgk,True,28,
mp-aaaabhik,True,4,
mp-aaaabhkq,True,42,
mp-aaaabhks,True,12,
mp-aaaabhlu,True,20,
mp-aaaabhww,True,2,
mp-aaaabiad,True,6,
mp-aaaabifj,True,14,
mp-aaaabiiq,True,8,
mp-aaaabiit,True,8,
mp-aaaabikg,True,21,
mp-aaaabirb,True,38,
mp-aaaabiyn,True,72,
mp-aaaabizd,True,16,
mp-aaaabjbd,True,50,
mp-aaaabjid,True,16,
mp-aaaabjjb,True,36,
mp-aaaabjsf,True,62,
mp-aaaabkao,True,46,
mp-aaaabkjd,True,46,
mp-aaaablhc,True,12,
mp-aaaablhd,True,22,
mp-aaaablhe,True,22,
mp-aaaablhf,True,3,
mp-aaaablhh,True,14,
mp-aaaablhi,True,18,
mp-aaaablhj,True,28,
mp-aaaablhl,True,23,
mp-aaaablhm,True,3,
mp-aaaablhn,True,21,
mp-aaaablhq,True,3,
mp-aaaablhr,True,12,
mp-aaaablht,True,12,
mp-aaaablhu,True,6,
mp-aaaablhz,True,36,
mp-aaaablic,True,4,
mp-aaaablid,True,3,
mp-aaaablif,True,22,
mp-aaaablij,True,8,
mp-aaaablil,True,36,
mp-aaaablim,True,13,
mp-aaaablin,True,14,
mp-aaaablio,True,6,
mp-aaaabliq,True,3,
mp-aaaablir,True,52,
mp-aaaablis,True,18,
mp-aaaablit,True,36,
mp-aaaabliu,True,18,
mp-aaaablix,True,34,
mp-aaaablja,True,20,
mp-aaaabljb,True,14,
mp-aaaabljc,True,26,
mp-aaaablje,True,20,
mp-aaaabljn,True,30,
mp-aaaabljo,True,10,
mp-aaaabljp,True,36,
mp-aaaabljq,True,12,
mp-aaaabljt,True,28,
mp-aaaablju,True,60,
mp-aaaabljw,True,24,
mp-aaaabljx,True,30,
mp-aaaabljy,True,30,
mp-aaaablkb,True,12,
mp-aaaablkc,True,11,
mp-aaaablkd,True,12,
mp-aaaablkf,True,34,
mp-aaaablkg,True,34,
mp-aaaablkh,True,14,
mp-aaaablki,True,28,
mp-aaaablkl,True,12,
mp-aaaablkm,True,20,
mp-aaaablkn,True,18,
mp-aaaablkq,True,28,
mp-aaaablkr,True,12,
mp-aaaablks,True,11,
mp-aaaablkt,True,12,
mp-aaaablku,True,11,
mp-aaaablkw,True,20,
mp-aaaablky,True,15,
mp-aaaabllc,True,34,
mp-aaaablld,True,18,
mp-aaaablle,True,3,
mp-aaaabllf,True,12,
mp-aaaabllg,True,12,
mp-aaaabllh,True,11,
mp-aaaabllm,True,52,
mp-aaaablls,True,4,
mp-aaaabllx,True,12,
mp-aaaabllz,True,36,
mp-aaaablmi,True,6,
mp-aaaablmz,True,3,
mp-aaaablnj,True,44,
mp-aaaablnw,True,4,
mp-aaaablnx,True,4,
mp-aaaablnz,True,3,
mp-aaaabloc,True,3,
mp-aaaabloe,True,14,
mp-aaaablog,True,14,
mp-aaaabloh,True,56,
mp-aaaabloj,True,14,
mp-aaaablok,True,14,
mp-aaaablol,True,14,
mp-aaaablom,True,14,
mp-aaaabloo,True,18,
mp-aaaablop,True,18,
mp-aaaablor,True,36,
mp-aaaablos,True,48,
mp-aaaablot,True,18,
mp-aaaablou,True,24,
mp-aaaablov,True,36,
mp-aaaablow,True,24,
mp-aaaabloy,True,24,
mp-aaaabloz,True,18,
mp-aaaablpa,True,48,
mp-aaaablpb,True,36,
mp-aaaablpd,True,16,
mp-aaaablpe,True,22,
mp-aaaablpf,True,16,
mp-aaaablpg,True,22,
mp-aaaablpi,True,16,
mp-aaaablpj,True,4,
mp-aaaablpk,True,22,
mp-aaaablpl,True,16,
mp-aaaablpm,True,22,
mp-aaaablpo,True,16,
mp-aaaablpp,True,4,
mp-aaaablpq,True,22,
mp-aaaablps,True,16,
mp-aaaablpt,True,44,
mp-aaaablpu,True,28,
mp-aaaablpv,True,32,
mp-aaaablpw,True,3,
mp-aaaablpy,True,14,
mp-aaaablpz,True,12,
mp-aaaablqa,True,12,
mp-aaaablqd,True,24,
mp-aaaablqe,True,14,
mp-aaaablqf,True,3,
mp-aaaablqh,True,24,
mp-aaaablqi,True,14,
mp-aaaablqm,True,14,
mp-aaaablqq,True,14,
mp-aaaablqr,True,52,
mp-aaaablqs,True,52,
mp-aaaablqt,True,28,
mp-aaaablqu,True,16,
mp-aaaablqv,True,28,
mp-aaaablqy,True,24,
mp-aaaablra,True,24,
mp-aaaablrb,True,48,
mp-aaaablrc,True,24,
mp-aaaablrd,True,48,
mp-aaaablre,True,52,
mp-aaaablrh,True,26,
mp-aaaablri,True,26,
mp-aaaablrj,True,52,
mp-aaaablrk,True,22,
mp-aaaablrl,True,16,
mp-aaaablrm,True,22,
mp-aaaablrn,True,4,
mp-aaaablro,True,14,
mp-aaaabluk,True,8,
mp-aaaablum,True,8,
mp-aaaablvo,True,12,
mp-aaaablvs,True,14,
mp-aaaablvv,True,12,
mp-aaaablwd,True,4,
mp-aaaabmek,True,39,
mp-aaaabmer,True,55,
mp-aaaabmet,True,52,
mp-aaaabmeu,True,48,
mp-aaaabmev,True,52,
mp-aaaabmew,True,46,
mp-aaaabmez,True,34,
mp-aaaabmfa,True,32,
mp-aaaabmff,True,46,
mp-aaaabmfh,True,40,
mp-aaaabmfi,True,38,
mp-aaaabmfj,True,34,
mp-aaaabmfk,True,32,
mp-aaaabmfl,True,34,
mp-aaaabmfm,True,32,
mp-aaaabmfn,True,14,
mp-aaaabmft,True,80,
mp-aaaabmfu,True,36,
mp-aaaabmfv,True,80,
mp-aaaabmfw,True,72,
mp-aaaabmfz,True,72,
mp-aaaabmga,True,68,
mp-aaaabmgb,True,48,
mp-aaaabmgd,True,40,
mp-aaaabmge,True,36,
mp-aaaabmgf,True,44,
mp-aaaabmgg,True,40,
mp-aaaabmgn,True,74,
mp-aaaabmgr,True,46,
mp-aaaabmgy,True,44,
mp-aaaabmhb,True,52,
mp-aaaabmhi,True,68,
mp-aaaabmhj,True,72,
mp-aaaabmhl,True,72,
mp-aaaabmhn,True,60,
mp-aaaabmho,True,58,
mp-aaaabmhp,True,14,
mp-aaaabmhq,True,12,
mp-aaaabmhr,True,38,
mp-aaaabmht,True,84,
mp-aaaabmhv,True,56,
mp-aaaabmia,True,40,
mp-aaaabmic,True,72,
mp-aaaabmik,True,68,
mp-aaaabmil,True,72,
mp-aaaabmim,True,68,
mp-aaaabmip,True,60,
mp-aaaabmiq,True,58,
mp-aaaabmja,True,44,
mp-aaaabmjb,True,55,
mp-aaaabmjf,True,56,
mp-aaaabmjh,True,40,
mp-aaaabmjk,True,38,
mp-aaaabmjn,True,80,
mp-aaaabmjq,True,48,
mp-aaaabmjs,True,40,
mp-aaaabmjv,True,48,
mp-aaaabmjy,True,46,
mp-aaaabmka,True,38,
mp-aaaabmkc,True,40,
mp-aaaabmke,True,38,
mp-aaaabmkf,True,42,
mp-aaaabmkg,True,36,
mp-aaaabmkl,True,36,
mp-aaaabmkm,True,34,
mp-aaaabmkn,True,36,
mp-aaaabmkp,True,36,
mp-aaaabmkq,True,34,
mp-aaaabmkt,True,42,
mp-aaaabmku,True,36,
mp-aaaabmkv,True,40,
mp-aaaabmkw,True,38,
mp-aaaabmkx,True,14,
mp-aaaabmky,True,12,
mp-aaaabmla,True,30,
mp-aaaabmld,True,72,
mp-aaaabmlf,True,72,
mp-aaaabmlj,True,144,
mp-aaaabmll,True,72,
mp-aaaabmln,True,72,
mp-aaaabmlo,True,68,
mp-aaaabmlr,True,46,
mp-aaaabmls,True,42,
mp-aaaabmlt,True,80,
mp-aaaabmlv,True,60,
mp-aaaabmlw,True,56,
mp-aaaabmmb,True,56,
mp-aaaabmmc,True,52,
mp-aaaabmmd,True,56,
mp-aaaabmmf,True,76,
mp-aaaabmmh,True,22,
mp-aaaabmmi,True,20,
mp-aaaabmmj,True,64,
mp-aaaabmmn,True,36,
mp-aaaabmmp,True,56,
mp-aaaabmmr,True,28,
mp-aaaabmmt,True,56,
mp-aaaabmmv,True,42,
mp-aaaabmmz,True,48,
mp-aaaabmnb,True,56,
mp-aaaabmnj,True,98,
mp-aaaabmnn,True,80,
mp-aaaabmno,True,72,
mp-aaaabmnp,True,28,
mp-aaaabmnt,True,80,
mp-aaaabmnu,True,72,
mp-aaaabmnw,True,34,
mp-aaaabmnx,True,36,
mp-aaaabmnz,True,61,
mp-aaaabmoc,True,36,
mp-aaaabmoe,True,56,
mp-aaaabmof,True,28,
mp-aaaabmoi,True,69,
mp-aaaabmoj,True,36,
mp-aaaabmok,True,34,
mp-aaaabmol,True,56,
mp-aaaabmon,True,80,
mp-aaaabmoo,True,76,
mp-aaaabmor,True,80,
mp-aaaabmos,True,72,
mp-aaaabmot,True,42,
mp-aaaabmow,True,34,
mp-aaaabmoz,True,78,
mp-aaaabmpb,True,80,
mp-aaaabmpc,True,72,
mp-aaaabmpd,True,60,
mp-aaaabmpf,True,46,
mp-aaaabmph,True,80,
mp-aaaabmpi,True,72,
mp-aaaabmpj,True,80,
mp-aaaabmpk,True,72,
mp-aaaabmpl,True,48,
mp-aaaabmpn,True,32,
mp-aaaabmpp,True,28,
mp-aaaabmpr,True,76,
mp-aaaabmpw,True,68,
mp-aaaabmpx,True,78,
mp-aaaabmpz,True,36,
mp-aaaabmqa,True,34,
mp-aaaabmqb,True,80,
mp-aaaabmqg,True,24,
mp-aaaabmqh,True,56,
mp-aaaabmqi,True,52,
mp-aaaabmqj,True,72,
mp-aaaabmqk,True,68,
mp-aaaabmqm,True,30,
mp-aaaabmqo,True,72,
mp-aaaabmqq,True,42,
mp-aaaabmqt,True,72,
mp-aaaabmqu,True,68,
mp-aaaabmqv,True,76,
mp-aaaabmqw,True,72,
mp-aaaabmqx,True,28,
mp-aaaabmqz,True,44,
mp-aaaabmrb,True,36,
mp-aaaabmrd,True,48,
mp-aaaabmre,True,46,
mp-aaaabmrf,True,52,
mp-aaaabmri,True,40,
mp-aaaabmrj,True,44,
mp-aaaabmrk,True,40,
mp-aaaabmrl,True,36,
mp-aaaabmrn,True,52,
mp-aaaabmro,True,46,
mp-aaaabmru,True,68,
mp-aaaabmrw,True,42,
mp-aaaabmsb,True,72,
mp-aaaabmsg,True,22,
mp-aaaabmsj,True,38,
mp-aaaabmsq,True,26,
mp-aaaabmsr,True,16,
mp-aaaabmsv,True,26,
mp-aaaabmsz,True,11,
mp-aaaabmta,True,10,
mp-aaaabmtc,True,48,
mp-aaaabmtf,True,52,
mp-aaaabmtg,True,48,
mp-aaaabmti,True,46,
mp-aaaabmtj,True,52,
mp-aaaabmtk,True,48,
mp-aaaabmtl,True,76,
mp-aaaabmtm,True,72,
mp-aaaabmtn,True,76,
mp-aaaabmtp,True,44,
mp-aaaabmtq,True,40,
mp-aaaabmtr,True,36,
mp-aaaabmtt,True,52,
mp-aaaabmtv,True,52,
mp-aaaabmtw,True,48,
mp-aaaabmtx,True,52,
mp-aaaabmub,True,22,
mp-aaaabmuc,True,20,
mp-aaaabmud,True,44,
mp-aaaabmue,True,40,
mp-aaaabmug,True,40,
mp-aaaabmuk,True,42,
mp-aaaabmul,True,28,
mp-aaaabmum,True,12,
mp-aaaabmun,True,92,
mp-aaaabmup,True,60,
mp-aaaabmuq,True,56,
mp-aaaabmur,True,56,
mp-aaaabmus,True,52,
mp-aaaabmut,True,44,
mp-aaaabmuu,True,40,
mp-aaaabmux,True,11,
mp-aaaabmuy,True,10,
mp-aaaabmvd,True,38,
mp-aaaabmvf,True,44,
mp-aaaabmvg,True,40,
mp-aaaabmvh,True,46,
mp-aaaabmvi,True,42,
mp-aaaabmvl,True,56,
mp-aaaabmvn,True,32,
mp-aaaabmvo,True,30,
mp-aaaabmvr,True,44,
mp-aaaabmvs,True,20,
mp-aaaabmvv,True,48,
mp-aaaabmvx,True,24,
mp-aaaabmwb,True,38,
mp-aaaabmwc,True,36,
mp-aaaabmwd,True,52,
mp-aaaabmwe,True,46,
mp-aaaabmwh,True,76,
mp-aaaabmwj,True,36,
mp-aaaabmwk,True,34,
mp-aaaabmwl,True,76,
mp-aaaabmwo,True,34,
mp-aaaabmwp,True,40,
mp-aaaabmwt,True,36,
mp-aaaabmwy,True,36,
mp-aaaabmwz,True,72,
mp-aaaabmxa,True,68,
mp-aaaabmxd,True,78,
mp-aaaabmxh,True,11,
mp-aaaabmxi,True,10,
mp-aaaabmxl,True,56,
mp-aaaabmxn,True,28,
mp-aaaabmxp,True,72,
mp-aaaabmxr,True,55,
mp-aaaabmxs,True,49,
mp-aaaabmxv,True,52,
mp-aaaabmxz,True,32,
mp-aaaabmya,True,30,
mp-aaaabmyb,True,74,
mp-aaaabmyc,True,66,
mp-aaaabmye,True,34,
mp-aaaabmyf,True,28,
mp-aaaabmyh,True,36,
mp-aaaabmyk,True,34,
mp-aaaabmyl,True,44,
mp-aaaabmym,True,40,
mp-aaaabmyo,True,22,
mp-aaaabmyp,True,92,
mp-aaaabmyr,True,36,
mp-aaaabmyv,True,48,
mp-aaaabmyz,True,52,
mp-aaaabmzb,True,44,
mp-aaaabmzc,True,40,
mp-aaaabmzd,True,22,
mp-aaaabmze,True,20,
mp-aaaabmzh,True,44,
mp-aaaabmzj,True,28,
mp-aaaabmzk,True,13,
mp-aaaabmzn,True,52,
mp-aaaabmzr,True,36,
mp-aaaabmzs,True,34,
mp-aaaabmzu,True,44,
mp-aaaabmzv,True,38,
mp-aaaabmzx,True,36,
mp-aaaabnaa,True,34,
mp-aaaabnab,True,48,
mp-aaaabnae,True,36,
mp-aaaabnaf,True,60,
mp-aaaabnah,True,32,
mp-aaaabnai,True,28,
mp-aaaabnan,True,60,
mp-aaaabnap,True,22,
mp-aaaabnau,True,70,
mp-aaaabnax,True,28,
mp-aaaabnay,True,24,
mp-aaaabnaz,True,72,
mp-aaaabnba,True,68,
mp-aaaabnbd,True,80,
mp-aaaabnbe,True,76,
mp-aaaabnbh,True,44,
mp-aaaabnbj,True,14,
mp-aaaabnbk,True,52,
mp-aaaabnbl,True,76,
mp-aaaabnbm,True,72,
mp-aaaabnbn,True,28,
mp-aaaabnbq,True,22,
mp-aaaabnbt,True,36,
mp-aaaabnbw,True,68,
mp-aaaabnbx,True,48,
mp-aaaabnbz,True,52,
mp-aaaabnca,True,24,
mp-aaaabncf,True,52,
mp-aaaabnch,True,22,
mp-aaaabncj,True,52,
mp-aaaabncn,True,32,
mp-aaaabnco,True,28,
mp-aaaabncq,True,34,
mp-aaaabnct,True,22,
mp-aaaabncv,True,80,
mp-aaaabncw,True,72,
mp-aaaabncx,True,40,
mp-aaaabndb,True,22,
mp-aaaabnde,True,38,
mp-aaaabndh,True,22,
mp-aaaabndi,True,20,
mp-aaaabndl,True,40,
mp-aaaabndo,True,44,
mp-aaaabndq,True,40,
mp-aaaabnds,True,26,
mp-aaaabndt,True,32,
mp-aaaabndu,True,28,
mp-aaaabndx,True,32,
mp-aaaabndz,True,28,
mp-aaaabned,True,74,
mp-aaaabnem,True,22,
mp-aaaabnen,True,28,
mp-aaaabnev,True,40,
mp-aaaabnez,True,44,
mp-aaaabnfa,True,40,
mp-aaaabnfg,True,68,
mp-aaaabnfh,True,28,
mp-aaaabnfr,True,40,
mp-aaaabnfs,True,38,
mp-aaaabnft,True,42,
mp-aaaabnfv,True,48,
mp-aaaabngb,True,36,
mp-aaaabnge,True,40,
mp-aaaabngf,True,52,
mp-aaaabngl,True,32,
mp-aaaabngm,True,30,
mp-aaaabngn,True,36,
mp-aaaabngp,True,40,
mp-aaaabngt,True,28,
mp-aaaabngv,True,72,
mp-aaaabngw,True,68,
mp-aaaabnha,True,44,
mp-aaaabnhc,True,34,
mp-aaaabnhd,True,72,
mp-aaaabnhe,True,68,
mp-aaaabnhf,True,74,
mp-aaaabnhg,True,66,
mp-aaaabnhj,True,44,
mp-aaaabnhn,True,28,
mp-aaaabnhp,True,78,
mp-aaaabnhq,True,69,
mp-aaaabnhr,True,22,
mp-aaaabnhs,True,20,
mp-aaaabnhu,True,40,
mp-aaaabnhv,True,60,
mp-aaaabnhw,True,58,
mp-aaaabnhz,True,44,
mp-aaaabnia,True,40,
mp-aaaabnic,True,68,
mp-aaaabnid,True,14,
mp-aaaabnie,True,13,
mp-aaaabnif,True,42,
mp-aaaabnih,True,56,
mp-aaaabnii,True,48,
mp-aaaabnij,True,36,
mp-aaaabnik,True,34,
mp-aaaabnin,True,60,
mp-aaaabnio,True,56,
mp-aaaabnit,True,36,
mp-aaaabniw,True,40,
mp-aaaabnix,True,60,
mp-aaaabnjc,True,44,
mp-aaaabnjd,True,40,
mp-aaaabnjh,True,80,
mp-aaaabnjj,True,28,
mp-aaaabnjl,True,36,
mp-aaaabnjm,True,34,
mp-aaaabnjn,True,42,
mp-aaaabnjo,True,36,
mp-aaaabnjp,True,44,
mp-aaaabnjq,True,20,
mp-aaaabnjs,True,40,
mp-aaaabnjt,True,28,
mp-aaaabnju,True,26,
mp-aaaabnjv,True,56,
mp-aaaabnkc,True,20,
mp-aaaabnkd,True,44,
mp-aaaabnke,True,40,
mp-aaaabnkf,True,22,
mp-aaaabnkg,True,20,
mp-aaaabnki,True,40,
mp-aaaabnkl,True,32,
mp-aaaabnkm,True,30,
mp-aaaabnkn,True,52,
mp-aaaabnko,True,46,
mp-aaaabnkp,True,44,
mp-aaaabnkq,True,40,
mp-aaaabnkt,True,44,
mp-aaaabnku,True,40,
mp-aaaabnkw,True,40,
mp-aaaabnkx,True,44,
mp-aaaabnla,True,22,
mp-aaaabnlm,True,40,
mp-aaaabnlt,True,36,
mp-aaaabnlx,True,39,
mp-aaaabnlz,True,72,
mp-aaaabnmb,True,40,
mp-aaaabnmd,True,40,
mp-aaaabnme,True,36,
mp-aaaabnmf,True,22,
mp-aaaabnmh,True,60,
mp-aaaabnmi,True,56,
mp-aaaabnmj,True,36,
mp-aaaabnmk,True,34,
mp-aaaabnmp,True,14,
mp-aaaabnmq,True,13,
mp-aaaabnmt,True,32,
mp-aaaabnna,True,72,
mp-aaaabnnb,True,36,
mp-aaaabnnc,True,34,
mp-aaaabnnd,True,40,
mp-aaaabnnf,True,60,
mp-aaaabnng,True,58,
mp-aaaabnnj,True,40,
mp-aaaabnnk,True,36,
mp-aaaabnnn,True,44,
mp-aaaabnno,True,40,
mp-aaaabnnp,True,44,
mp-aaaabnnr,True,36,
mp-aaaabnnt,True,26,
mp-aaaabnnw,True,34,
mp-aaaabnnz,True,22,
mp-aaaabnoa,True,20,
mp-aaaabnod,True,24,
mp-aaaabnog,True,20,
mp-aaaabnol,True,80,
mp-aaaabnom,True,72,
mp-aaaabnon,True,40,
mp-aaaabnoo,True,38,
mp-aaaabnoq,True,70,
mp-aaaabnov,True,44,
mp-aaaabnow,True,40,
mp-aaaabnox,True,48,
mp-aaaabnpc,True,70,
mp-aaaabnpd,True,28,
mp-aaaabnpi,True,52,
mp-aaaabnpl,True,76,
mp-aaaabnpm,True,74,
mp-aaaabnpn,True,36,
mp-aaaabnpr,True,48,
mp-aaaabnpt,True,28,
mp-aaaabnpx,True,44,
mp-aaaabnpy,True,40,
mp-aaaabnqa,True,20,
mp-aaaabnqd,True,36,
mp-aaaabnqf,True,44,
mp-aaaabnqg,True,40,
mp-aaaabnqj,True,24,
mp-aaaabnql,True,28,
mp-aaaabnqm,True,24,
mp-aaaabnqo,True,28,
mp-aaaabnqp,True,44,
mp-aaaabnqq,True,42,
mp-aaaabnqw,True,68,
mp-aaaabnqz,True,56,
mp-aaaabnrb,True,52,
mp-aaaabnrf,True,36,
mp-aaaabnrl,True,44,
mp-aaaabnrm,True,40,
mp-aaaabnrn,True,28,
mp-aaaabnro,True,24,
mp-aaaabnrr,True,46,
mp-aaaabnrt,True,40,
mp-aaaabnrx,True,36,
mp-aaaabnsa,True,24,
mp-aaaabnsc,True,34,
mp-aaaabnsd,True,38,
mp-aaaabnsf,True,44,
mp-aaaabnsg,True,40,
mp-aaaabnsi,True,38,
mp-aaaabnsj,True,14,
mp-aaaabnsk,True,13,
mp-aaaabnso,True,36,
mp-aaaabnsp,True,44,
mp-aaaabnst,True,32,
mp-aaaabnsv,True,44,
mp-aaaabnsw,True,40,
mp-aaaabnsx,True,38,
mp-aaaabnsy,True,72,
mp-aaaabnta,True,25,
mp-aaaabntc,True,21,
mp-aaaabntd,True,36,
mp-aaaabntf,True,26,
mp-aaaabntg,True,24,
mp-aaaabnth,True,36,
mp-aaaabntl,True,40,
mp-aaaabntm,True,36,
mp-aaaabntr,True,32,
mp-aaaabntx,True,42,
mp-aaaabntz,True,40,
mp-aaaabnua,True,36,
mp-aaaabnud,True,44,
mp-aaaabnue,True,40,
mp-aaaabnui,True,32,
mp-aaaabnum,True,24,
mp-aaaabnun,True,28,
mp-aaaabnur,True,32,
mp-aaaabnus,True,30,
mp-aaaabnut,True,40,
mp-aaaabnuu,True,36,
mp-aaaabnux,True,36,
mp-aaaabnuy,True,34,
mp-aaaabnva,True,26,
mp-aaaabnvb,True,32,
mp-aaaabnvd,True,40,
mp-aaaabnve,True,38,
mp-aaaabnvf,True,36,
mp-aaaabnvg,True,34,
mp-aaaabnvj,True,28,
mp-aaaabnvl,True,27,
mp-aaaabnvm,True,50,
mp-aaaabnvn,True,32,
mp-aaaabnvo,True,28,
mp-aaaabnvp,True,36,
mp-aaaabnvr,True,32,
mp-aaaabnvw,True,32,
mp-aaaabnwb,True,28,
mp-aaaabnwf,True,28,
mp-aaaabnwl,True,26,
mp-aaaabnwm,True,24,
mp-aaaabnwn,True,46,
mp-aaaabnwo,True,44,
mp-aaaabnwq,True,34,
mp-aaaabnwt,True,72,
mp-aaaabnwu,True,68,
mp-aaaabnwv,True,76,
mp-aaaabnxa,True,34,
mp-aaaabnxb,True,32,
mp-aaaabnxd,True,24,
mp-aaaabnxf,True,80,
mp-aaaabnxj,True,40,
mp-aaaabnxm,True,20,
mp-aaaabnxn,True,98,
mp-aaaabnxo,True,92,
mp-aaaabnxp,True,32,
mp-aaaabnxq,True,30,
mp-aaaabnxs,True,24,
mp-aaaabnxt,True,22,
mp-aaaabnxu,True,20,
mp-aaaabnxv,True,72,
mp-aaaabnxw,True,68,
mp-aaaabnxx,True,46,
mp-aaaabnxy,True,42,
mp-aaaabnyb,True,28,
mp-aaaabnyd,True,56,
mp-aaaabnye,True,52,
mp-aaaabnyh,True,22,
mp-aaaabnyi,True,20,
mp-aaaabnyj,True,72,
mp-aaaabnyk,True,68,
mp-aaaabnyp,True,40,
mp-aaaabnyr,True,36,
mp-aaaabnys,True,34,
mp-aaaabnyt,True,32,
mp-aaaabnyu,True,30,
mp-aaaabnyw,True,42,
mp-aaaabnyz,True,98,
mp-aaaabnzc,True,46,
mp-aaaabnzi,True,46,
mp-aaaabnzk,True,46,
mp-aaaabnzm,True,46,
mp-aaaabnzn,True,52,
mp-aaaabnzr,True,22,
mp-aaaabnzs,True,10,
mp-aaaabnzt,True,48,
mp-aaaabnzv,True,11,
mp-aaaabnzw,True,10,
mp-aaaaboab,True,14,
mp-aaaaboac,True,12,
mp-aaaaboad,True,11,
mp-aaaaboae,True,10,
mp-aaaaboaf,True,28,
mp-aaaaboag,True,24,
mp-aaaaboah,True,16,
mp-aaaaboai,True,14,
mp-aaaaboaj,True,86,
mp-aaaaboap,True,16,
mp-aaaaboau,True,84,
mp-aaaaboax,True,16,
mp-aaaaboay,True,14,
mp-aaaaboba,True,72,
mp-aaaabobb,True,104,
mp-aaaabobd,True,80,
mp-aaaabobl,True,104,
mp-aaaabobo,True,92,
mp-aaaabobp,True,104,
mp-aaaabobt,True,80,
mp-aaaabobv,True,104,
mp-aaaabocb,True,80,
mp-aaaabocc,True,72,
mp-aaaaboci,True,72,
mp-aaaabock,True,90,
mp-aaaabocx,True,64,
mp-aaaabokj,True,48,
mp-aaaabooq,True,8,
mp-aaaaborv,True,24,
mp-aaaabouj,True,25,
mp-aaaaboyt,True,4,
mp-aaaabpbb,True,6,
mp-aaaabpbj,True,23,
mp-aaaabpeg,True,9,
mp-aaaabpfe,True,6,
mp-aaaabpky,True,44,
mp-aaaabpva,True,40,
mp-aaaabpvh,True,9,
mp-aaaabpye,True,42,
mp-aaaabqic,True,5,
mp-aaaabqjx,True,22,
mp-aaaabqlo,True,9,
mp-aaaabqlv,True,30,
mp-aaaabqrp,True,22,
mp-aaaabqsu,True,80,
mp-aaaabrbk,True,52,
mp-aaaabrgg,True,13,
mp-aaaabrjq,True,60,
mp-aaaabrjw,True,38,
mp-aaaabrkl,True,25,
mp-aaaabrlc,True,28,
mp-aaaabrxv,True,122,
mp-aaaabrzb,True,3,
mp-aaaabsbo,True,44,
mp-aaaabsbx,True,72,
mp-aaaabseu,True,4,
mp-aaaabszk,True,4,
mp-aaaabthl,True,6,
mp-aaaabugf,True,68,
mp-aaaabukh,True,9,
mp-aaaabukq,True,22,
mp-aaaaburo,True,40,
mp-aaaaburq,True,46,
mp-aaaaburt,True,76,
mp-aaaaburw,True,38,
mp-aaaabusi,True,34,
mp-aaaabutk,True,36,
mp-aaaabutn,True,36,
mp-aaaabuto,True,48,
mp-aaaabuty,True,52,
mp-aaaabuvx,True,36,
mp-aaaabuwj,True,36,
mp-aaaabuww,True,52,
mp-aaaabuwx,True,44,
mp-aaaabuyd,True,56,
mp-aaaabuyj,True,40,
mp-aaaabuyt,True,40,
mp-aaaabuyy,True,46,
mp-aaaabuyz,True,34,
mp-aaaabvai,True,38,
mp-aaaabvbr,True,52,
mp-aaaabvbu,True,46,
mp-aaaabvcf,True,46,
mp-aaaabvcn,True,22,
mp-aaaabvdw,True,66,
mp-aaaabvdy,True,34,
mp-aaaabvej,True,52,
mp-aaaabveo,True,60,
mp-aaaabveu,True,46,
mp-aaaabvfw,True,44,
mp-aaaabvgd,True,40,
mp-aaaabvgm,True,42,
mp-aaaabvgw,True,36,
mp-aaaabvgz,True,48,
mp-aaaabvha,True,66,
mp-aaaabvhg,True,22,
mp-aaaabvhp,True,80,
mp-aaaabvhs,True,56,
mp-aaaabvhz,True,38,
mp-aaaabvia,True,36,
mp-aaaabvjm,True,34,
mp-aaaabvjr,True,36,
mp-aaaabvjs,True,40,
mp-aaaabvjv,True,46,
mp-aaaabvjw,True,34,
mp-aaaabvkx,True,34,
mp-aaaabvlt,True,34,
mp-aaaabvlw,True,76,
mp-aaaabvlx,True,36,
mp-aaaabvmx,True,40,
mp-aaaabvmy,True,32,
mp-aaaabvnd,True,36,
mp-aaaabvnk,True,46,
mp-aaaabvnn,True,48,
mp-aaaabvul,True,34,
mp-aaaabvuw,True,44,
mp-aaaabvvq,True,40,
mp-aaaabvwi,True,36,
mp-aaaabvwt,True,40,
mp-aaaabvxn,True,48,
mp-aaaabvxo,True,41,
mp-aaaabvxp,True,37,
mp-aaaabvxt,True,34,
mp-aaaabvxx,True,46,
mp-aaaabvxz,True,46,
mp-aaaabvya,True,44,
mp-aaaabvyc,True,56,
mp-aaaabwar,True,48,
mp-aaaabwax,True,36,
mp-aaaabwcc,True,36,
mp-aaaabwcj,True,34,
mp-aaaabwcq,True,34,
mp-aaaabwcx,True,36,
mp-aaaabwcz,True,52,
mp-aaaabwdb,True,34,
mp-aaaabwdc,True,52,
mp-aaaabwdd,True,46,
mp-aaaabwfa,True,40,
mp-aaaabwig,True,24,
mp-aaaabwje,True,6,
mp-aaaabwmr,True,24,
mp-aaaabwvp,True,6,
mp-aaaabxhi,True,18,
mp-aaaabxia,True,14,
mp-aaaabxih,True,14,
mp-aaaabxql,True,14,
mp-aaaabysk,True,25,
mp-aaaabytc,True,14,
mp-aaaabzie,True,6,
mp-aaaabzuj,True,19,
mp-aaaacaat,True,8,
mp-aaaacaml,True,14,
mp-aaaacaoo,True,52,
mp-aaaacayu,True,15,
mp-aaaacbct,True,8,
mp-aaaacbdt,True,3,
mp-aaaacbdx,True,16,
mp-aaaacbpw,True,50,
mp-aaaaccny,True,14,
mp-aaaaccyz,True,8,
mp-aaaacdex,True,9,
mp-aaaacdil,True,14,
mp-aaaacepl,True,19,
mp-aaaaceqi,True,8,
mp-aaaaceyh,True,14,
mp-aaaacffo,True,47,
mp-aaaacgcn,True,15,
mp-aaabcrsj,True,12,
mp-aaabcrsk,True,24,
mp-aaabcrsm,True,12,
mp-aaabcrso,True,14,
mp-aaabcrsp,True,14,
mp-aaabcrsr,True,28,
mp-aaabcrss,True,28,
mp-aaabcrsw,True,12,
mp-aaabcrtd,True,81,
mp-aaabcrti,True,48,
mp-aaabcrtz,True,80,
mp-aaabcruc,True,68,
mp-aaabcruj,True,72,
mp-aaabcruk,True,52,
mp-aaabcrul,True,36,
mp-aaabcrus,True,32,
mp-aaabcruz,True,24,
mp-aaabcrvc,True,74,
mp-aaabcrvm,True,112,
mp-aaabcrvn,True,56,
mp-aaabcrvs,True,28,
mp-aaabcrwe,True,30,
mp-aaabcrwp,True,36,
mp-aaabcrws,True,42,
mp-aaabcrwt,True,28,
mp-aaabcrxm,True,32,
mp-aaabcrxn,True,30,
mp-aaabcrxs,True,78,
mp-aaabcryp,True,90,
mp-aaabcryq,True,80,
mp-aaabcrys,True,28,
mp-aaabcryt,True,95,
mp-aaabcryu,True,28,
mp-aaabcryv,True,24,
mp-aaabcryz,True,68,
mp-aaabcrzb,True,80,
mp-aaabcrzg,True,24,
mp-aaabcrzl,True,36,
mp-aaabcrzo,True,70,
mp-aaabcrzv,True,68,
mp-aaabcsai,True,28,
mp-aaabcsar,True,28,
mp-aaabcsbc,True,34,
mp-aaabcsbn,True,36,
mp-aaabcsbo,True,50,
mp-aaabcsbs,True,36,
mp-aaabcsbt,True,34,
mp-aaabcsbv,True,30,
mp-aaabcsby,True,34,
mp-aaabcsca,True,28,
mp-aaabcscc,True,34,
mp-aaabcscd,True,26,
mp-aaabcscf,True,36,
mp-aaabcscg,True,36,
mp-aaabcsch,True,34,
mp-aaabcscj,True,76,
mp-aaabcsck,True,76,
mp-aaabcscl,True,74,
mp-aaabcsct,True,92,
mp-aaabcscx,True,76,
mp-aaabcscy,True,74,
mp-aaabcsdc,True,94,
mp-aaabcsdl,True,80,
mp-aaabcsdy,True,76,
mp-aaabcseg,True,90,
mp-aaabcseo,True,56,
mp-aaabcsqr,True,9,
mp-aaabcsso,True,8,
mp-aaabcsvm,True,40,
mp-aaabcsvv,True,28,
mp-aaabcteo,True,20,
mp-aaabctfa,True,46,
mp-aaabctgd,True,14,
mp-aaabctrw,True,64,
mp-aaabcugr,True,16,
mp-aaabdaoh,True,14,
mp-aaabdaom,True,20,
mp-aaabdayx,True,37,
mp-aaabdazm,True,26,
mp-aaabdazp,True,18,
mp-aaabdbbc,True,6,
mp-aaabdbga,True,12,
mp-aaabdbjc,True,36,
mp-aaabdbmq,True,20,
mp-aaabdbnm,True,62,
mp-aaabdbno,True,6,
mp-aaabdbnx,True,9,
mp-aaabdbny,True,32,
mp-aaabdboc,True,52,
mp-aaabdbod,True,13,
mp-aaabdbof,True,24,
mp-aaabdboh,True,32,
mp-aaabdboi,True,16,
mp-aaabdboj,True,3,
mp-aaabdbol,True,24,
mp-aaabdboq,True,28,
mp-aaabdbot,True,28,
mp-aaabeegb,True,55,
mp-aaabeetc,True,59,
mp-aaabefak,True,73,
mp-aaabefcn,True,70,
mp-aaabefhe,True,79,
mp-aaabegmc,True,55,
mp-aaabegow,True,58,
mp-aaabegwg,True,54,
mp-aaabegxp,True,63,
mp-aaabegxs,True,88,
mp-aaabegzl,True,75,
mp-aaabehmk,True,66,
mp-aaabehwg,True,69,
mp-aaabeicd,True,62,
mp-aaabesvj,True,12,
mp-aaabesvr,True,46,
mp-aaabesvt,True,36,
mp-aaabeswd,True,86,
mp-aaabeswn,True,44,
mp-aaabesws,True,48,
mp-aaabesww,True,82,
mp-aaabesxe,True,68,
mp-aaabesxn,True,52,
mp-aaabesxs,True,36,
mp-aaabesya,True,34,
mp-aaabesyf,True,68,
mp-aaabesyh,True,68,
mp-aaabesyk,True,68,
mp-aaabesyv,True,24,
mp-aaabeszn,True,24,
mp-aaabeszu,True,24,
mp-aaabetaj,True,22,
mp-aaabetav,True,42,
mp-aaabetaw,True,24,
mp-aaabetbt,True,23,
mp-aaabetcd,True,46,
mp-aaabetcr,True,22,
mp-aaabetcx,True,36,
mp-aaabetdc,True,30,
mp-aaabetdr,True,35,
mp-aaabetdv,True,48,
mp-aaabeted,True,48,
mp-aaabetej,True,95,
mp-aaabetfc,True,24,
mp-aaabetfe,True,34,
mp-aaabetfi,True,20,
mp-aaabetfn,True,20,
mp-aaabetfo,True,36,
mp-aaabetfq,True,20,
mp-aaabetgh,True,26,
mp-aaabetgm,True,32,
mp-aaabetgq,True,26,
mp-aaabethe,True,46,
mp-aaabethg,True,26,
mp-aaabethy,True,46,
mp-aaabethz,True,36,
mp-aaabetia,True,34,
mp-aaabetiy,True,36,
mp-aaabetjf,True,20,
mp-aaabetjv,True,40,
mp-aaabetkh,True,24,
mp-aaabetkl,True,38,
mp-aaabetle,True,70,
mp-aaabetlf,True,44,
mp-aaabetlg,True,40,
mp-aaabetlk,True,36,
mp-aaabetll,True,24,
mp-aaabetlo,True,34,
mp-aaabetlv,True,27,
mp-aaabetlx,True,23,
mp-aaabetme,True,20,
mp-aaabetmu,True,28,
mp-aaabetna,True,28,
mp-aaabetnh,True,23,
mp-aaabetnp,True,19,
mp-aaabetnu,True,22,
mp-aaabetoi,True,52,
mp-aaabetpd,True,84,
mp-aaabetpe,True,104,
mp-aaabetpq,True,19,
mp-aaabetpw,True,36,
mp-aaabetxh,True,10,
mp-aaabetxn,True,9,
mp-aaabetyt,True,34,
mp-aaabeubc,True,6,
mp-aaabeudq,True,68,
mp-aaabeugj,True,40,
mp-aaabeulr,True,40,
mp-aaabeuwm,True,8,
mp-aaabeuxg,True,12,
mp-aaabevhk,True,80,
mp-aaabevhq,True,36,
mp-aaabevum,True,80,
mp-aaabewtt,True,22,
mp-aaabewvm,True,28,
mp-aaabexbk,True,62,
mp-aaabexiz,True,36,
mp-aaabexjr,True,32,
mp-aaabexkg,True,72,
mp-aaabexkp,True,48,
mp-aaabexkt,True,68,
mp-aaabexkw,True,46,
mp-aaabfaxn,True,9,
mp-aaabfbfd,True,12,
mp-aaabfbke,True,11,
mp-aaabfcng,True,4,
mp-aaabfhdf,True,20,
mp-aaabfjak,True,20,
mp-aaabfkfm,True,6,
mp-aaabfkps,True,14,
mp-aaabflap,True,26,
mp-aaabfljl,True,6,
mp-aaabfllk,True,10,
mp-aaabfnmk,True,40,
mp-aaabfnnp,True,46,
mp-aaabfnog,True,25,
mp-aaabfnou,True,128,
mp-aaabfnpj,True,92,
mp-aaabfnrh,True,98,
mp-aaabfnxk,True,10,
mp-aaabfnyb,True,112,
mp-aaabfnyk,True,12,
mp-aaabfnzi,True,10,
mp-aaabfoae,True,92,
mp-aaabfoew,True,72,
mp-aaabfogj,True,30,
mp-aaabfogr,True,16,
mp-aaabfoih,True,48,
mp-aaabfolz,True,68,
mp-aaabfoml,True,44,
mp-aaabfomy,True,72,
mp-aaabfoor,True,20,
mp-aaabfoql,True,88,
mp-aaabfori,True,22,
mp-aaabforp,True,28,
mp-aaabfosc,True,74,
mp-aaabfosl,True,10,
mp-aaabfosq,True,96,
mp-aaabfosw,True,56,
mp-aaabfoup,True,40,
mp-aaabfoxw,True,24,
mp-aaabfozj,True,22,
mp-aaabfpah,True,28,
mp-aaabfpem,True,18,
mp-aaabfpfl,True,38,
mp-aaabfpnz,True,10,
mp-aaabfpsa,True,10,
mp-aaabfpyv,True,17,
mp-aaabfpzo,True,21,
mp-aaabfqhp,True,16,
mp-aaabfqjo,True,60,
mp-aaabfqqf,True,8,
mp-aaabfqsy,True,18,
mp-aaabfqvl,True,16,
mp-aaabfqwu,True,10,
mp-aaabfqxs,True,12,
mp-aaabfraf,True,10,
mp-aaabfrar,True,10,
mp-aaabfrce,True,72,
mp-aaabfrcp,True,16,
mp-aaabfrcr,True,9,
mp-aaabfrfj,True,10,
mp-aaabfrhk,True,52,
mp-aaabfrie,True,8,
mp-aaabfrjv,True,14,
mp-aaabfrng,True,38,
mp-aaabfrpt,True,10,
mp-aaabfrsg,True,48,
mp-aaabfrux,True,5,
mp-aaabfrym,True,40,
mp-aaabfsfr,True,38,
mp-aaabfsgk,True,52,
mp-aaabfslf,True,72,
mp-aaabfslo,True,9,
mp-aaabfsoh,True,64,
mp-aaabfsoj,True,9,
mp-aaabfsox,True,10,
mp-aaabfssi,True,10,
mp-aaabfsvi,True,36,
mp-aaabfsxq,True,38,
mp-aaabfsyl,True,72,
mp-aaabfsyp,True,48,
mp-aaabftaq,True,112,
mp-aaabftgw,True,56,
mp-aaabftie,True,9,
mp-aaabftjy,True,10,
mp-aaabftls,True,56,
mp-aaabftni,True,20,
mp-aaabftnk,True,40,
mp-aaabftnl,True,80,
mp-aaabftnm,True,10,
mp-aaabftnv,True,12,
mp-aaabftpu,True,3,
mp-aaabftpv,True,9,
mp-aaabftpx,True,23,
mp-aaabftqm,True,20,
mp-aaabftvk,True,15,
mp-aaabftwl,True,38,
mp-aaabftya,True,100,
mp-aaabftyd,True,38,
mp-aaabfubq,True,8,
mp-aaabfucd,True,56,
mp-aaabfufd,True,44,
mp-aaabfugx,True,40,
mp-aaabfuip,True,60,
mp-aaabfuoz,True,26,
mp-aaabfure,True,40,
mp-aaabfusg,True,24,
mp-aaabfusi,True,12,
mp-aaabfuwi,True,40,
mp-aaabfuyu,True,72,
mp-aaabfuzk,True,76,
mp-aaabfvco,True,12,
mp-aaabfvhg,True,32,
mp-aaabfvhr,True,80,
mp-aaabfvik,True,18,
mp-aaabfvit,True,48,
mp-aaabfviv,True,80,
mp-aaabfvjn,True,14,
mp-aaabfvlf,True,40,
mp-aaabfvlq,True,20,
mp-aaabfvot,True,12,
mp-aaabfvqj,True,34,
mp-aaabfvtr,True,10,
mp-aaabfvye,True,40,
mp-aaabfvyz,True,18,
mp-aaabfvza,True,13,
mp-aaabfwfl,True,40,
mp-aaabfwgj,True,16,
mp-aaabfwhv,True,8,
mp-aaabfwik,True,5,
mp-aaabfwnf,True,10,
mp-aaabfwsq,True,104,
mp-aaabfwtu,True,20,
mp-aaabfwxm,True,8,
mp-aaabfwyq,True,55,
mp-aaabfwze,True,20,
mp-aaabfxcj,True,32,
mp-aaabfxdy,True,44,
mp-aaabfxfn,True,10,
mp-aaabfxfp,True,24,
mp-aaabfxgc,True,9,
mp-aaabfxim,True,48,
mp-aaabfxje,True,60,
mp-aaabfxkh,True,10,
mp-aaabfxok,True,116,
mp-aaabfxom,True,104,
mp-aaabfxrp,True,10,
mp-aaabfxsg,True,9,
mp-aaabfxum,True,10,
mp-aaabfxvg,True,10,
mp-aaabfxwv,True,48,
mp-aaabfxxe,True,60,
mp-aaabfxzd,True,80,
mp-aaabfykj,True,32,
mp-aaabfyme,True,60,
mp-aaabfyms,True,16,
mp-aaabfynk,True,8,
mp-aaabfyor,True,10,
mp-aaabfzyy,True,42,
mp-aaabfzzn,True,92,
mp-aaabgaae,True,56,
mp-aaabgaaf,True,92,
mp-aaabgaek,True,104,
mp-aaabgaoa,True,28,
mp-aaabgedn,True,64,
mp-aaabgfrd,True,15,
mp-aaabghgm,True,2,
mp-aaabghqr,True,4,
mp-aaabgitl,True,6,
mp-aaabgiyy,True,68,
mp-aaabgjcy,True,6,
mp-aaabgjle,True,8,
mp-aaabgjpi,True,9,
mp-aaabglar,True,9,
mp-aaabgllq,True,68,
mp-aaabglnh,True,3,
mp-aaabglyu,True,32,
mp-aaabgmpv,True,27,
mp-aaabgmre,True,9,
mp-aaabgnlm,True,7,
mp-aaabgnoa,True,4,
mp-aaabgprk,True,25,
mp-aaabgqip,True,105,
mp-aaabgxya,True,4,
mp-aaabgxyb,True,4,
mp-aaabgxyc,True,4,
mp-aaabgxyh,True,4,
mp-aaabhaik,True,4,
mp-aaabhfrg,True,26,
mp-aaabhfrx,True,28,
mp-aaabhfwh,True,52,
mp-aaabhfwv,True,13,
mp-aaabhfwz,True,98,
mp-aaabhfya,True,48,
mp-aaabhgbe,True,20,
mp-aaabhgca,True,15,
mp-aaabhgcg,True,46,
mp-aaabhgcn,True,48,
mp-aaabhggt,True,72,
mp-aaabhgkp,True,21,
mp-aaabhgob,True,52,
mp-aaabhgow,True,98,
mp-aaabhgwb,True,26,
mp-aaabhgxm,True,56,
mp-aaabhgzn,True,34,
mp-aaabhhac,True,80,
mp-aaabhhcz,True,84,
mp-aaabhhhu,True,44,
mp-aaabhhlm,True,46,
mp-aaabhhlr,True,12,
mp-aaabhhqv,True,56,
mp-aaabhhrc,True,72,
mp-aaabhhrh,True,40,
mp-aaabhhru,True,92,
mp-aaabhhss,True,40,
mp-aaabhhth,True,72,
mp-aaabhhub,True,31,
mp-aaabhhuf,True,36,
mp-aaabhhug,True,40,
mp-aaabhhuj,True,60,
mp-aaabhhut,True,112,
mp-aaabhhvt,True,98,
mp-aaabhhwh,True,112,
mp-aaabhhwl,True,70,
mp-aaabhhwu,True,72,
mp-aaabhhxa,True,78,
mp-aaabhhxb,True,48,
mp-aaabhhxq,True,32,
mp-aaabhhym,True,40,
mp-aaabhhyy,True,38,
mp-aaabhhzc,True,68,
mp-aaabhhzk,True,42,
mp-aaabhiac,True,34,
mp-aaabilao,True,9,
mp-aaabitks,True,9,
mp-aaabivyb,True,14,
mp-aaabizlh,True,8,
mp-aaabjkhg,True,13,
mp-aaabjkol,True,48,
mp-aaabjmjf,True,1,
mp-aaabjszp,True,32,
mp-aaabjwhu,True,42,
mp-aaabjxgq,True,48,
mp-aaabjzkj,True,2,
mp-aaabjzyi,True,25,
mp-aaabjzyk,True,12,
mp-aaabkcne,True,12,
mp-aaabkeug,True,12,
mp-aaabkfke,True,14,
mp-aaabkgtg,True,4,
mp-aaabkove,True,28,
mp-aaabkpks,True,80,
mp-aaabkrea,True,20,
mp-aaabkrla,True,18,
mp-aaabkrln,True,12,
mp-aaabljro,True,70,
mp-aaabljsu,True,19,
mp-aaabljsx,True,14,
mp-aaabmhmn,True,40,
mp-aaabmhms,True,34,
mp-aaabmhna,True,72,
mp-aaabmhnb,True,19,
mp-aaabmhnf,True,68,
mp-aaabmhni,True,18,
mp-aaabmhnv,True,44,
mp-aaabmhnx,True,40,
mp-aaabmhoa,True,72,
mp-aaabmhoc,True,24,
mp-aaabmhoj,True,52,
mp-aaabmhph,True,24,
mp-aaabmhpk,True,68,
mp-aaabmhpn,True,72,
mp-aaabmhpo,True,40,
mp-aaabmhpt,True,48,
mp-aaabmhql,True,36,
mp-aaabmhqx,True,44,
mp-aaabmhrh,True,68,
mp-aaabmhri,True,24,
mp-aaabmhrl,True,44,
mp-aaabmhsi,True,28,
mp-aaabmhsk,True,36,
mp-aaabmhsn,True,40,
mp-aaabmhsr,True,42,
mp-aaabmhtc,True,35,
mp-aaabmhtd,True,30,
mp-aaabmhtf,True,32,
mp-aaabmhtm,True,36,
mp-aaabmhto,True,28,
mp-aaabmhtp,True,26,
mp-aaabmhue,True,44,
mp-aaabmhuf,True,40,
mp-aaabmhul,True,38,
mp-aaabmhuq,True,40,
mp-aaabmiop,True,18,
mp-aaabmipl,True,69,
mp-aaabmipu,True,35,
mp-aaabmiti,True,10,
mp-aaabmjjn,True,24,
mp-aaabmjqa,True,25,
mp-aaabmkob,True,42,
mp-aaabmksy,True,25,
mp-aaabmkvs,True,35,
mp-aaabmlak,True,7,
mp-aaabmlch,True,34,
mp-aaabmlic,True,41,
mp-aaabmloe,True,7,
mp-aaabmlox,True,30,
mp-aaabmlrn,True,18,
mp-aaabmmlr,True,18,
mp-aaabmmwt,True,59,
mp-aaabmnas,True,60,
mp-aaabmnqq,True,35,
mp-aaabmnyi,True,18,
mp-aaabmxmz,True,168,
mp-aaabmxwu,True,42,
mp-aaabmxxi,True,40,
mp-aaabmxxs,True,76,
mp-aaabmxxt,True,74,
mp-aaabmxxz,True,44,
mp-aaabmxyg,True,46,
mp-aaabmxyw,True,36,
mp-aaabmxyx,True,34,
mp-aaabmxze,True,44,
mp-aaabmxzh,True,72,
mp-aaabmxzk,True,68,
mp-aaabmxzs,True,48,
mp-aaabmxzu,True,44,
mp-aaabmxzx,True,44,
mp-aaabmyai,True,44,
mp-aaabmymc,True,68,
mp-aaabmymd,True,72,
mp-aaabmymw,True,44,
mp-aaabmyne,True,86,
mp-aaabmynu,True,52,
mp-aaabmyob,True,46,
mp-aaabmyog,True,52,
mp-aaabmyon,True,44,
mp-aaabmyor,True,64,
mp-aaabmyot,True,68,
mp-aaabmyou,True,40,
mp-aaabmyov,True,72,
mp-aaabmypa,True,60,
mp-aaabmypb,True,56,
mp-aaabmype,True,72,
mp-aaabmypg,True,72,
mp-aaabmyph,True,56,
mp-aaabmyqg,True,76,
mp-aaabmyqj,True,84,
mp-aaabmyql,True,80,
mp-aaabmzrd,True,66,
mp-aaabmzru,True,49,
mp-aaabmzso,True,81,
mp-aaabmzzd,True,148,
mp-aaabnaby,True,174,
mp-aaabnanh,True,123,
mp-aaabnawf,True,39,
mp-aaabncpg,True,34,
mp-aaabncpx,True,35,
mp-aaabngmc,True,40,
mp-aaabngpp,True,9,
mp-aaabngpt,True,36,
mp-aaabngpy,True,24,
mp-aaabngqe,True,24,
mp-aaabngqh,True,24,
mp-aaabngrb,True,24,
mp-aaabngrc,True,40,
mp-aaabngrf,True,18,
mp-aaabngrl,True,26,
mp-aaabngrr,True,22,
mp-aaabngrt,True,24,
mp-aaabngsq,True,18,
mp-aaabngta,True,20,
mp-aaabngus,True,40,
mp-aaabngyr,True,69,
mp-aaabnhll,True,16,
mp-aaabnhnb,True,9,
mp-aaabnhnr,True,15,
mp-aaabnhpf,True,15,
mp-aaabnhzu,True,28,
mp-aaabnhzw,True,84,
mp-aaabnijj,True,42,
mp-aaabnilg,True,18,
mp-aaabnnkw,True,22,
mp-aaabnnld,True,24,
mp-aaabnnlj,True,36,
mp-aaabnnlq,True,42,
mp-aaabnnlt,True,72,
mp-aaabnnma,True,35,
mp-aaabnnnz,True,112,
mp-aaabnnon,True,69,
mp-aaabnnyo,True,20,
mp-aaabnnys,True,74,
mp-aaabnobl,True,27,
mp-aaabnpgm,True,34,
mp-aaabnpgu,True,48,
mp-aaabnpgx,True,72,
mp-aaabnpht,True,48,
mp-aaabnphw,True,34,
mp-aaabnpie,True,44,
mp-aaabnpnk,True,46,
mp-aaabnpps,True,84,
mp-aaabnptg,True,34,
mp-aaabnrkf,True,38,
mp-aaabnsbg,True,40,
mp-aaabnsci,True,48,
mp-aaabnsdq,True,24,
mp-aaabnsdu,True,46,
mp-aaabnsdx,True,40,
mp-aaabnsdy,True,36,
mp-aaabnseg,True,20,
mp-aaabnsei,True,44,
mp-aaabnsen,True,36,
mp-aaabnser,True,40,
mp-aaabnses,True,76,
mp-aaabnsev,True,36,
mp-aaabnsew,True,44,
mp-aaabnsez,True,24,
mp-aaabnsfc,True,44,
mp-aaabnsff,True,44,
mp-aaabnsfh,True,34,
mp-aaabnsfk,True,56,
mp-aaabnsfm,True,52,
mp-aaabnsfw,True,36,
mp-aaabnsga,True,40,
mp-aaabnsgb,True,22,
mp-aaabnsge,True,36,
mp-aaabnsgg,True,30,
mp-aaabnsgi,True,27,
mp-aaabnsgj,True,34,
mp-aaabnsgm,True,72,
mp-aaabnsgs,True,46,
mp-aaabnsgt,True,72,
mp-aaabnsgu,True,38,
mp-aaabnsgx,True,48,
mp-aaabnsgz,True,72,
mp-aaabnsha,True,40,
mp-aaabnshb,True,44,
mp-aaabnshc,True,52,
mp-aaabnshf,True,36,
mp-aaabnshn,True,42,
mp-aaabnsik,True,76,
mp-aaabnsip,True,46,
mp-aaabnuoe,True,36,
mp-aaabnuxr,True,92,
mp-aaabobrz,True,48,
mp-aaabobsa,True,72,
mp-aaabobsf,True,72,
mp-aaabobsn,True,52,
mp-aaabobso,True,76,
mp-aaabobst,True,40,
mp-aaabobsu,True,40,
mp-aaabobsw,True,49,
mp-aaabobta,True,132,
mp-aaabobtk,True,36,
mp-aaabobtq,True,82,
mp-aaabobtr,True,49,
mp-aaabobtv,True,68,
mp-aaabobtz,True,37,
mp-aaabobua,True,52,
mp-aaabobue,True,36,
mp-aaabobup,True,84,
mp-aaabobvw,True,92,
mp-aaabobwl,True,96,
mp-aaabocdw,True,96,
mp-aaabocia,True,36,
mp-aaabocve,True,46,
mp-aaabocvv,True,40,
mp-aaabocwy,True,44,
mp-aaabocxl,True,44,
mp-aaabocxm,True,96,
mp-aaabocxo,True,44,
mp-aaabocxr,True,72,
mp-aaabocxs,True,90,
mp-aaabocxv,True,44,
mp-aaabocyd,True,42,
mp-aaabocyi,True,40,
mp-aaabocyo,True,44,
mp-aaabocyp,True,52,
mp-aaabocyt,True,68,
mp-aaaboczo,True,44,
mp-aaabodar,True,38,
mp-aaabodav,True,72,
mp-aaaboddi,True,72,
mp-aaabodfd,True,96,
mp-aaabodib,True,76,
mp-aaabodip,True,44,
mp-aaabodir,True,40,
mp-aaabodit,True,44,
mp-aaabodiy,True,42,
mp-aaabodiz,True,44,
mp-aaabodjd,True,52,
mp-aaabodjk,True,84,
mp-aaabodjm,True,86,
mp-aaabodkb,True,40,
mp-aaabodkd,True,44,
mp-aaabodke,True,44,
mp-aaabodkf,True,48,
mp-aaabodkg,True,46,
mp-aaabodki,True,46,
mp-aaabodkm,True,44,
mp-aaabodkn,True,96,
mp-aaabodkt,True,74,
mp-aaabodla,True,38,
mp-aaabodlb,True,46,
mp-aaabodlc,True,46,
mp-aaabodld,True,44,
mp-aaabodle,True,36,
mp-aaabodlh,True,44,
mp-aaabodll,True,52,
mp-aaabodln,True,72,
mp-aaabodlr,True,96,
mp-aaabodlt,True,92,
mp-aaabodlv,True,72,
mp-aaabodlw,True,84,
mp-aaabodlz,True,86,
mp-aaabodma,True,38,
mp-aaabodmb,True,92,
mp-aaabodmk,True,96,
mp-aaabodmp,True,88,
mp-aaabodmr,True,80,
mp-aaabodms,True,76,
mp-aaabodmu,True,76,
mp-aaabodmv,True,100,
mp-aaabodmw,True,95,
mp-aaabodmy,True,104,
mp-aaabodnd,True,69,
mp-aaabodnx,True,94,
mp-aaabodnz,True,94,
mp-aaabodoa,True,94,
mp-aaabodob,True,82,
mp-aaabodoe,True,82,
mp-aaabodof,True,86,
mp-aaabodoq,True,112,
mp-aaabodpj,True,96,
mp-aaabodpk,True,52,
mp-aaabodpm,True,72,
mp-aaabodta,True,66,
mp-aaabodvw,True,66,
mp-aaabodvx,True,96,
mp-aaabodwa,True,81,
mp-aaaboedz,True,22,
mp-aaaboefk,True,36,
mp-aaabofbx,True,42,
mp-aaabornn,True,3,
mp-aaaboroi,True,12,
mp-aaaborph,True,6,
mp-aaaborpw,True,3,
mp-aaaborqm,True,12,
mp-aaaborqv,True,12,
mp-aaaboscq,True,20,
mp-aaaboskl,True,11,
mp-aaabosko,True,12,
mp-aaabosne,True,12,
mp-aaabospq,True,14,
mp-aaabotbn,True,8,
mp-aaabpdgt,True,2,
mp-aaabpdqe,True,38,
mp-aaabpexv,True,56,
mp-aaabpfmr,True,52,
mp-aaabpgod,True,60,
mp-aaabpicj,True,16,
mp-aaabpjrv,True,69,
mp-aaabpkmo,True,100,
mp-aaabpmfr,True,106,
mp-aaabpmpr,True,72,
mp-aaabpmra,True,40,
mp-aaabpnjb,True,27,
mp-aaabpnjd,True,60,
mp-aaabpnkl,True,75,
mp-aaabptbu,True,40,
mp-aaabpuzt,True,44,
mp-aaabqiad,True,37,
mp-aaabqlpm,True,28,
mp-aaabqlrb,True,28,
mp-aaabqmou,True,132,
mp-aaabqvbd,True,28,
mp-aaabqvbr,True,28,
mp-aaabqvbt,True,20,
mp-aaabqvcw,True,9,
mp-aaabqvcz,True,12,
mp-aaabqvdf,True,14,
mp-aaabqvdk,True,18,
mp-aaabqvdn,True,20,
mp-aaabqvdq,True,28,
mp-aaabqvdr,True,7,
mp-aaabqvdw,True,32,
mp-aaabqvdy,True,42,
mp-aaabqvdz,True,23,
mp-aaabqveg,True,9,
mp-aaabqveh,True,14,
mp-aaabqveo,True,22,
mp-aaabqves,True,36,
mp-aaabqveu,True,22,
mp-aaabqvfb,True,13,
mp-aaabqvfd,True,20,
mp-aaabqvfe,True,27,
mp-aaabqvff,True,28,
mp-aaabqvfj,True,20,
mp-aaabqvfk,True,22,
mp-aaabqvfm,True,14,
mp-aaabqvfn,True,14,
mp-aaabqvfs,True,13,
mp-aaabqvfx,True,36,
mp-aaabqvfy,True,17,
mp-aaabqvfz,True,16,
mp-aaabqvgc,True,13,
mp-aaabqvge,True,14,
mp-aaabqvgi,True,44,
mp-aaabqvgn,True,9,
mp-aaabqvgo,True,5,
mp-aaabqvgx,True,18,
mp-aaabqvgy,True,17,
mp-aaabqvha,True,15,
mp-aaabqvhc,True,13,
mp-aaabqvhh,True,24,
mp-aaabqvhn,True,16,
mp-aaabqvho,True,25,
mp-aaabqvie,True,12,
mp-aaabqvih,True,11,
mp-aaabqvii,True,24,
mp-aaabqvio,True,16,
mp-aaabqvip,True,17,
mp-aaabqviq,True,26,
mp-aaabqvit,True,13,
mp-aaabqviu,True,22,
mp-aaabqviw,True,20,
mp-aaabqvjd,True,24,
mp-aaabqvje,True,20,
mp-aaabqvjf,True,46,
mp-aaabqvjh,True,28,
mp-aaabqvjk,True,19,
mp-aaabqvjl,True,18,
mp-aaabqvjn,True,10,
mp-aaabqvjs,True,22,
mp-aaabqvjv,True,14,
mp-aaabqvjw,True,15,
mp-aaabqvke,True,15,
mp-aaabqvkg,True,11,
mp-aaabqvko,True,26,
mp-aaabqvkr,True,30,
mp-aaabqvkt,True,24,
mp-aaabqvku,True,22,
mp-aaabqvlw,True,26,
mp-aaabqvmf,True,34,
mp-aaabqvmo,True,36,
mp-aaabqvmq,True,28,
mp-aaabqvmu,True,21,
mp-aaabqvmw,True,56,
mp-aaabqvmx,True,20,
mp-aaabqvnb,True,18,
mp-aaabqvnl,True,12,
mp-aaabqvnm,True,24,
mp-aaabqvns,True,19,
mp-aaabqvnz,True,36,
mp-aaabqvoa,True,8,
mp-aaabqvod,True,20,
mp-aaabqvoe,True,24,
mp-aaabqvof,True,16,
mp-aaabqvoi,True,24,
mp-aaabqvom,True,10,
mp-aaabqvon,True,19,
mp-aaabqvou,True,28,
mp-aaabqvoz,True,16,
mp-aaabqvpa,True,68,
mp-aaabqvpb,True,9,
mp-aaabqvpc,True,20,
mp-aaabqvpi,True,24,
mp-aaabqvpl,True,28,
mp-aaabqvpm,True,10,
mp-aaabqvpn,True,14,
mp-aaabqvpo,True,34,
mp-aaabqvpq,True,24,
mp-aaabqvps,True,38,
mp-aaabqvpv,True,16,
mp-aaabqvpx,True,21,
mp-aaabqvpy,True,17,
mp-aaabqvqb,True,40,
mp-aaabqvqd,True,14,
mp-aaabqvqg,True,44,
mp-aaabqvqk,True,22,
mp-aaabqvql,True,16,
mp-aaabqvqm,True,15,
mp-aaabqvqn,True,26,
mp-aaabqvqr,True,20,
mp-aaabqvqt,True,28,
mp-aaabqvqu,True,20,
mp-aaabqvqv,True,34,
mp-aaabqvra,True,14,
mp-aaabqvre,True,20,
mp-aaabqvri,True,26,
mp-aaabqvrr,True,30,
mp-aaabqvru,True,16,
mp-aaabqvry,True,12,
mp-aaabqvrz,True,28,
mp-aaabqvsb,True,15,
mp-aaabqvsg,True,20,
mp-aaabqvsi,True,21,
mp-aaabqvsm,True,43,
mp-aaabqvsn,True,48,
mp-aaabqvsx,True,15,
mp-aaabqvtb,True,22,
mp-aaabqvte,True,18,
mp-aaabqvtf,True,10,
mp-aaabqvth,True,60,
mp-aaabqvtj,True,20,
mp-aaabqvtm,True,15,
mp-aaabqvto,True,22,
mp-aaabqvtp,True,22,
mp-aaabqvts,True,32,
mp-aaabqvtt,True,26,
mp-aaabqvtv,True,12,
mp-aaabqvtx,True,42,
mp-aaabqvtz,True,24,
mp-aaabqvua,True,21,
mp-aaabqvud,True,20,
mp-aaabqvue,True,12,
mp-aaabqvuf,True,32,
mp-aaabqvug,True,14,
mp-aaabqvuh,True,13,
mp-aaabqvui,True,19,
mp-aaabqvun,True,13,
mp-aaabqvup,True,16,
mp-aaabqvuv,True,36,
mp-aaabqvuz,True,18,
mp-aaabqvvd,True,16,
mp-aaabqvve,True,10,
mp-aaabqvvl,True,6,
mp-aaabqvvn,True,4,
mp-aaabqvvo,True,7,
mp-aaabqvvq,True,19,
mp-aaabqvvu,True,28,
mp-aaabqvwe,True,19,
mp-aaabqvwg,True,14,
mp-aaabqvwh,True,29,
mp-aaabqvwm,True,24,
mp-aaabqvwn,True,12,
mp-aaabqvwv,True,18,
mp-aaabqvwz,True,10,
mp-aaabqvxa,True,16,
mp-aaabqvxd,True,21,
mp-aaabqvxe,True,18,
mp-aaabqvxl,True,24,
mp-aaabqvxn,True,13,
mp-aaabqvxy,True,36,
mp-aaabqvya,True,17,
mp-aaabqvyb,True,24,
mp-aaabqvyc,True,16,
mp-aaabqvye,True,9,
mp-aaabqvyl,True,10,
mp-aaabqvyq,True,15,
mp-aaabqvyr,True,24,
mp-aaabqvys,True,20,
mp-aaabqvyu,True,16,
mp-aaabqvyx,True,36,
mp-aaabqvyy,True,24,
mp-aaabqvyz,True,20,
mp-aaabqvzb,True,22,
mp-aaabqvzd,True,20,
mp-aaabqvzg,True,20,
mp-aaabqvzi,True,18,
mp-aaabqvzj,True,14,
mp-aaabqvzl,True,12,
mp-aaabqvzn,True,18,
mp-aaabqvzo,True,14,
mp-aaabqvzp,True,14,
mp-aaabqvzu,True,17,
mp-aaabqvzx,True,24,
mp-aaabqwai,True,22,
mp-aaabqwaj,True,22,
mp-aaabqwal,True,23,
mp-aaabqwan,True,18,
mp-aaabqwap,True,20,
mp-aaabqwaq,True,32,
mp-aaabqwar,True,11,
mp-aaabqwau,True,18,
mp-aaabqwbg,True,18,
mp-aaabqwbj,True,15,
mp-aaabqwbk,True,56,
mp-aaabqwbo,True,16,
mp-aaabqwbp,True,17,
mp-aaabqwbq,True,28,
mp-aaabqwbw,True,20,
mp-aaabqwbx,True,12,
mp-aaabqwby,True,15,
mp-aaabqwbz,True,24,
mp-aaabqwca,True,18,
mp-aaabqwcb,True,22,
mp-aaabqwck,True,18,
mp-aaabqwcl,True,21,
mp-aaabqwcm,True,12,
mp-aaabqwcp,True,15,
mp-aaabqwcr,True,22,
mp-aaabqwcx,True,15,
mp-aaabqwcy,True,15,
mp-aaabqwcz,True,15,
mp-aaabqwda,True,44,
mp-aaabqwdi,True,15,
mp-aaabqwdj,True,14,
mp-aaabqwdm,True,20,
mp-aaabqwdn,True,24,
mp-aaabqwdq,True,9,
mp-aaabqwdx,True,14,
mp-aaabqwdy,True,21,
mp-aaabqweb,True,14,
mp-aaabqwed,True,14,
mp-aaabqwee,True,38,
mp-aaabqweg,True,14,
mp-aaabqwej,True,14,
mp-aaabqwek,True,15,
mp-aaabqwem,True,22,
mp-aaabqweo,True,18,
mp-aaabqwer,True,22,
mp-aaabqweu,True,24,
mp-aaabqwew,True,26,
mp-aaabqwex,True,22,
mp-aaabqwfh,True,19,
mp-aaabqwfi,True,14,
mp-aaabqwfr,True,4,
mp-aaabqwfs,True,8,
mp-aaabqwfv,True,14,
mp-aaabqwfy,True,16,
mp-aaabqwfz,True,15,
mp-aaabqwge,True,15,
mp-aaabqwgf,True,18,
mp-aaabqwgh,True,16,
mp-aaabqwgi,True,10,
mp-aaabqwgj,True,14,
mp-aaabqwgk,True,20,
mp-aaabqwgo,True,20,
mp-aaabqwgp,True,28,
mp-aaabqwgq,True,14,
mp-aaabqwgr,True,14,
mp-aaabqwgt,True,18,
mp-aaabqwgy,True,24,
mp-aaabqwhb,True,14,
mp-aaabqwhc,True,16,
mp-aaabqwhe,True,56,
mp-aaabqwhf,True,13,
mp-aaabqwhh,True,20,
mp-aaabqwhl,True,12,
mp-aaabqwhm,True,16,
mp-aaabqwhn,True,40,
mp-aaabqwhp,True,34,
mp-aaabqwhu,True,22,
mp-aaabqwhv,True,21,
mp-aaabqwhw,True,15,
mp-aaabqwhx,True,15,
mp-aaabqwid,True,15,
mp-aaabqwie,True,16,
mp-aaabqwio,True,22,
mp-aaabqwir,True,28,
mp-aaabqwit,True,26,
mp-aaabqwiu,True,19,
mp-aaabqwix,True,8,
mp-aaabqwiz,True,24,
mp-aaabqwjd,True,19,
mp-aaabqwkl,True,22,
mp-aaabqwkm,True,21,
mp-aaabqwkn,True,16,
mp-aaabqwkp,True,18,
mp-aaabqwkq,True,13,
mp-aaabqwkr,True,24,
mp-aaabqwku,True,28,
mp-aaabqwkx,True,16,
mp-aaabqwkz,True,14,
mp-aaabqwla,True,32,
mp-aaabqwlm,True,28,
mp-aaabqwln,True,20,
mp-aaabqwlp,True,10,
mp-aaabqwlq,True,16,
mp-aaabqwlu,True,13,
mp-aaabqwlx,True,6,
mp-aaabqwly,True,28,
mp-aaabqwma,True,56,
mp-aaabqwmo,True,20,
mp-aaabqwmp,True,24,
mp-aaabqwnb,True,22,
mp-aaabqwnh,True,8,
mp-aaabqwni,True,20,
mp-aaabqwnj,True,14,
mp-aaabqwnn,True,26,
mp-aaabqwnr,True,14,
mp-aaabqwns,True,26,
mp-aaabqwnv,True,26,
mp-aaabqwnw,True,15,
mp-aaabqwny,True,28,
mp-aaabqwnz,True,24,
mp-aaabqwod,True,16,
mp-aaabqwoe,True,14,
mp-aaabqwof,True,56,
mp-aaabqwog,True,26,
mp-aaabqwoh,True,18,
mp-aaabqwol,True,38,
mp-aaabqwom,True,12,
mp-aaabqwot,True,20,
mp-aaabqwov,True,24,
mp-aaabqwpm,True,24,
mp-aaabqwpp,True,18,
mp-aaabqwpr,True,24,
mp-aaabqwpt,True,8,
mp-aaabqwpu,True,12,
mp-aaabqwpw,True,26,
mp-aaabqwqc,True,8,
mp-aaabqwqd,True,24,
mp-aaabqwqf,True,24,
mp-aaabqwqi,True,15,
mp-aaabqwqq,True,28,
mp-aaabqwqx,True,20,
mp-aaabqwqy,True,20,
mp-aaabqwrb,True,12,
mp-aaabqwrd,True,9,
mp-aaabqwrh,True,56,
mp-aaabqwrk,True,81,
mp-aaabqwrn,True,24,
mp-aaabqwrr,True,26,
mp-aaabqwrt,True,20,
mp-aaabqwrz,True,52,
mp-aaabqwsb,True,12,
mp-aaabqwsd,True,44,
mp-aaabqwse,True,16,
mp-aaabqwsk,True,18,
mp-aaabqwsl,True,48,
mp-aaabqwsn,True,28,
mp-aaabqwsp,True,48,
mp-aaabqwsr,True,19,
mp-aaabqwss,True,11,
mp-aaabqwst,True,12,
mp-aaabqwsz,True,18,
mp-aaabqwtc,True,36,
mp-aaabqwte,True,26,
mp-aaabqwth,True,14,
mp-aaabqwti,True,15,
mp-aaabqwtj,True,16,
mp-aaabqwtk,True,12,
mp-aaabqwtm,True,25,
mp-aaabqwtn,True,8,
mp-aaabqwtp,True,16,
mp-aaabqwtq,True,10,
mp-aaabqwts,True,25,
mp-aaabqwtt,True,26,
mp-aaabqwtu,True,26,
mp-aaabqwty,True,15,
mp-aaabqwue,True,28,
mp-aaabqwug,True,15,
mp-aaabqwui,True,20,
mp-aaabqwum,True,32,
mp-aaabqwun,True,18,
mp-aaabqwuo,True,22,
mp-aaabqwup,True,16,
mp-aaabqwur,True,18,
mp-aaabqwuu,True,16,
mp-aaabqwuw,True,12,
mp-aaabqwux,True,25,
mp-aaabqwuy,True,13,
mp-aaabqwve,True,9,
mp-aaabqwvs,True,16,
mp-aaabqwvy,True,44,
mp-aaabqwwa,True,24,
mp-aaabqwwb,True,22,
mp-aaabqwwc,True,18,
mp-aaabqwwd,True,22,
mp-aaabqwwf,True,21,
mp-aaabqwwj,True,19,
mp-aaabqwwk,True,32,
mp-aaabqwwm,True,26,
mp-aaabqwwq,True,23,
mp-aaabqwwt,True,16,
mp-aaabqwwy,True,18,
mp-aaabqwxf,True,9,
mp-aaabqwxk,True,28,
mp-aaabqwxs,True,17,
mp-aaabqwxt,True,27,
mp-aaabqwxy,True,32,
mp-aaabqwxz,True,12,
mp-aaabqwyg,True,8,
mp-aaabqwyh,True,14,
mp-aaabqwyi,True,24,
mp-aaabqwyo,True,28,
mp-aaabqwys,True,24,
mp-aaabqwze,True,28,
mp-aaabqwzl,True,92,
mp-aaabqwzp,True,17,
mp-aaabqwzs,True,32,
mp-aaabqwzu,True,18,
mp-aaabqwzv,True,20,
mp-aaabqxae,True,28,
mp-aaabqxaq,True,24,
mp-aaabqxas,True,28,
mp-aaabqxat,True,5,
mp-aaabqxau,True,16,
mp-aaabqxay,True,15,
mp-aaabqxbb,True,24,
mp-aaabqxbe,True,24,
mp-aaabqxbm,True,22,
mp-aaabqxbn,True,26,
mp-aaabqxbq,True,28,
mp-aaabqxbs,True,22,
mp-aaabqxbu,True,26,
mp-aaabqxbv,True,18,
mp-aaabqxbw,True,26,
mp-aaabqxbx,True,13,
mp-aaabqxce,True,26,
mp-aaabqxcn,True,44,
mp-aaabqxcu,True,21,
mp-aaabqxdg,True,22,
mp-aaabqxdk,True,32,
mp-aaabqxdr,True,28,
mp-aaabqxdv,True,24,
mp-aaabqxdz,True,26,
mp-aaabqxeh,True,22,
mp-aaabqxel,True,19,
mp-aaabqxen,True,14,
mp-aaabqxeq,True,22,
mp-aaabqxer,True,18,
mp-aaabqxew,True,44,
mp-aaabqxex,True,24,
mp-aaabqxez,True,26,
mp-aaabqxfa,True,26,
mp-aaabqxfb,True,26,
mp-aaabqxfc,True,26,
mp-aaabqxfd,True,26,
mp-aaabqxfg,True,20,
mp-aaabqxfh,True,26,
mp-aaabqxfk,True,15,
mp-aaabqxfq,True,26,
mp-aaabqxfs,True,15,
mp-aaabqxfx,True,15,
mp-aaabqxfz,True,24,
mp-aaabqxga,True,28,
mp-aaabqxgb,True,17,
mp-aaabqxgd,True,40,
mp-aaabqxgi,True,15,
mp-aaabqxgl,True,54,
mp-aaabqxgn,True,40,
mp-aaabqxgw,True,26,
mp-aaabqxgx,True,16,
mp-aaabqxgz,True,29,
mp-aaabqxhc,True,26,
mp-aaabqxhd,True,34,
mp-aaabqxhe,True,14,
mp-aaabqxhg,True,16,
mp-aaabqxhl,True,20,
mp-aaabqxhm,True,56,
mp-aaabqxhn,True,14,
mp-aaabqxht,True,22,
mp-aaabqxib,True,14,
mp-aaabqxic,True,22,
mp-aaabqxie,True,22,
mp-aaabqxil,True,14,
mp-aaabqxiq,True,22,
mp-aaabqxir,True,30,
mp-aaabqxjd,True,30,
mp-aaabqxje,True,14,
mp-aaabqxjh,True,27,
mp-aaabqxjk,True,14,
mp-aaabqxjn,True,28,
mp-aaabqxjw,True,28,
mp-aaabqxjx,True,24,
mp-aaabqxjy,True,20,
mp-aaabqxjz,True,26,
mp-aaabqxka,True,16,
mp-aaabqxkm,True,18,
mp-aaabqxko,True,26,
mp-aaabqxku,True,14,
mp-aaabqxkx,True,20,
mp-aaabqxky,True,32,
mp-aaabqxla,True,15,
mp-aaabqxlj,True,19,
mp-aaabqxmc,True,16,
mp-aaabqxmi,True,14,
mp-aaabqxmj,True,26,
mp-aaabqxmo,True,12,
mp-aaabqxms,True,24,
mp-aaabqxmy,True,28,
mp-aaabqxnc,True,14,
mp-aaabqxnd,True,30,
mp-aaabqxnj,True,15,
mp-aaabqxnq,True,15,
mp-aaabqxnu,True,10,
mp-aaabqxoe,True,14,
mp-aaabqxot,True,16,
mp-aaabqxow,True,4,
mp-aaabqxox,True,26,
mp-aaabqxpa,True,13,
mp-aaabqxpc,True,26,
mp-aaabqxpf,True,28,
mp-aaabqxqa,True,12,
mp-aaabqxql,True,17,
mp-aaabqxqo,True,22,
mp-aaabqxqw,True,17,
mp-aaabqxqx,True,24,
mp-aaabqxrg,True,20,
mp-aaabqxrl,True,30,
mp-aaabqxrs,True,13,
mp-aaabqxsb,True,16,
mp-aaabqxsc,True,22,
mp-aaabqxso,True,24,
mp-aaabqxsp,True,9,
mp-aaabqxsu,True,16,
mp-aaabqxti,True,13,
mp-aaabqxtp,True,19,
mp-aaabqxtr,True,26,
mp-aaabqxtu,True,22,
mp-aaabqxub,True,52,
mp-aaabqxuk,True,8,
mp-aaabqxup,True,28,
mp-aaabqxus,True,18,
mp-aaabqxuu,True,20,
mp-aaabqxuz,True,20,
mp-aaabqxve,True,56,
mp-aaabqxvj,True,18,
mp-aaabqxvp,True,24,
mp-aaabqxvy,True,17,
mp-aaabqxwb,True,15,
mp-aaabqxwc,True,16,
mp-aaabqxwi,True,24,
mp-aaabqxwn,True,23,
mp-aaabqxwq,True,16,
mp-aaabqxwu,True,20,
mp-aaabqxxb,True,17,
mp-aaabqxxn,True,24,
mp-aaabqxxs,True,50,
mp-aaabqxym,True,22,
mp-aaabqxzd,True,24,
mp-aaabqxzg,True,34,
mp-aaabqxzr,True,5,
mp-aaabqyae,True,14,
mp-aaabqyai,True,16,
mp-aaabqyaj,True,14,
mp-aaabqyal,True,24,
mp-aaabqyam,True,52,
mp-aaabqyao,True,19,
mp-aaabqybh,True,24,
mp-aaabqybi,True,20,
mp-aaabqybj,True,17,
mp-aaabqybk,True,19,
mp-aaabqybt,True,16,
mp-aaabqybv,True,48,
mp-aaabqybw,True,16,
mp-aaabqybz,True,9,
mp-aaabqyci,True,22,
mp-aaabqycq,True,36,
mp-aaabqycs,True,25,
mp-aaabqycy,True,14,
mp-aaabqydf,True,22,
mp-aaabqydg,True,26,
mp-aaabqydk,True,13,
mp-aaabqydp,True,14,
mp-aaabqydq,True,26,
mp-aaabqydz,True,17,
mp-aaabqyec,True,28,
mp-aaabqyet,True,16,
mp-aaabqyew,True,4,
mp-aaabqyex,True,28,
mp-aaabqyey,True,52,
mp-aaabqyfb,True,32,
mp-aaabqyfd,True,10,
mp-aaabqyfg,True,23,
mp-aaabqyfi,True,25,
mp-aaabqyfm,True,24,
mp-aaabqygb,True,24,
mp-aaabqygd,True,31,
mp-aaabqyge,True,16,
mp-aaabqygh,True,14,
mp-aaabqygk,True,40,
mp-aaabqygm,True,20,
mp-aaabqygo,True,15,
mp-aaabqygu,True,40,
mp-aaabqygv,True,23,
mp-aaabqygw,True,6,
mp-aaabqyhc,True,14,
mp-aaabqyhj,True,8,
mp-aaabqyhl,True,24,
mp-aaabqyhr,True,24,
mp-aaabqyhw,True,22,
mp-aaabqyhz,True,12,
mp-aaabqyil,True,28,
mp-aaabqyin,True,22,
mp-aaabqyio,True,15,
mp-aaabqyit,True,26,
mp-aaabqyiu,True,24,
mp-aaabqyiz,True,20,
mp-aaabqyja,True,14,
mp-aaabqyjg,True,4,
mp-aaabqyjt,True,48,
mp-aaabqyju,True,14,
mp-aaabqyka,True,10,
mp-aaabqykd,True,20,
mp-aaabqykf,True,24,
mp-aaabqykt,True,14,
mp-aaabqyld,True,26,
mp-aaabqylg,True,22,
mp-aaabqylh,True,13,
mp-aaabqylm,True,14,
mp-aaabqylq,True,8,
mp-aaabqyls,True,6,
mp-aaabqylt,True,12,
mp-aaabqylw,True,16,
mp-aaabqymg,True,34,
mp-aaabqymo,True,7,
mp-aaabqymu,True,12,
mp-aaabqymx,True,19,
mp-aaabqymz,True,56,
mp-aaabqync,True,5,
mp-aaabqyni,True,28,
mp-aaabqynn,True,13,
mp-aaabqynt,True,15,
mp-aaabqynu,True,20,
mp-aaabqyod,True,20,
mp-aaabqyoe,True,28,
mp-aaabqyon,True,18,
mp-aaabqyor,True,16,
mp-aaabqyot,True,18,
mp-aaabqyou,True,14,
mp-aaabqyow,True,17,
mp-aaabqyox,True,14,
mp-aaabqyoy,True,19,
mp-aaabqypa,True,11,
mp-aaabqypf,True,16,
mp-aaabqyqd,True,22,
mp-aaabqyqe,True,18,
mp-aaabqyqk,True,14,
mp-aaabqyqr,True,17,
mp-aaabqyqs,True,4,
mp-aaabqyqw,True,19,
mp-aaabqyrg,True,26,
mp-aaabqyrk,True,20,
mp-aaabqyrn,True,26,
mp-aaabqyrq,True,22,
mp-aaabqyse,True,28,
mp-aaabqysf,True,22,
mp-aaabqysk,True,15,
mp-aaabqysl,True,12,
mp-aaabqysm,True,15,
mp-aaabqysq,True,12,
mp-aaabqysz,True,7,
mp-aaabqyth,True,28,
mp-aaabqytm,True,7,
mp-aaabqytq,True,22,
mp-aaabqytr,True,20,
mp-aaabqyts,True,7,
mp-aaabqytz,True,14,
mp-aaabqyub,True,10,
mp-aaabqyud,True,30,
mp-aaabqyul,True,48,
mp-aaabqyup,True,17,
mp-aaabqyva,True,9,
mp-aaabqyvb,True,19,
mp-aaabqyvk,True,18,
mp-aaabqyvp,True,8,
mp-aaabqywc,True,56,
mp-aaabqywh,True,40,
mp-aaabqywm,True,8,
mp-aaabqyws,True,48,
mp-aaabqywx,True,15,
mp-aaabqyxd,True,12,
mp-aaabqyxh,True,8,
mp-aaabqyxk,True,24,
mp-aaabqyxl,True,24,
mp-aaabqyxq,True,22,
mp-aaabqyxr,True,22,
mp-aaabqyxt,True,25,
mp-aaabqyxv,True,18,
mp-aaabqyyi,True,8,
mp-aaabqyyl,True,12,
mp-aaabqyyx,True,28,
mp-aaabqyzd,True,10,
mp-aaabqyzj,True,14,
mp-aaabqyzm,True,21,
mp-aaabqyzp,True,23,
mp-aaabqyzv,True,10,
mp-aaabqyzw,True,19,
mp-aaabqyzy,True,24,
mp-aaabqzao,True,15,
mp-aaabqzas,True,14,
mp-aaabqzat,True,17,
mp-aaabqzau,True,28,
mp-aaabqzbg,True,18,
mp-aaabqzbm,True,17,
mp-aaabqzce,True,24,
mp-aaabqzct,True,30,
mp-aaabqzdc,True,20,
mp-aaabqzdl,True,16,
mp-aaabqzdp,True,18,
mp-aaabqzdv,True,12,
mp-aaabqzdx,True,18,
mp-aaabqzea,True,17,
mp-aaabqzee,True,16,
mp-aaabqzef,True,12,
mp-aaabqzeg,True,22,
mp-aaabqzeq,True,15,
mp-aaabqzes,True,23,
mp-aaabqzet,True,24,
mp-aaabqzey,True,15,
mp-aaabqzez,True,20,
mp-aaabqzff,True,32,
mp-aaabqzfh,True,16,
mp-aaabqzfl,True,30,
mp-aaabqzfu,True,22,
mp-aaabqzgb,True,32,
mp-aaabqzgg,True,7,
mp-aaabqzgp,True,3,
mp-aaabqzgr,True,14,
mp-aaabqzgs,True,15,
mp-aaabqzgu,True,18,
mp-aaabqzgx,True,36,
mp-aaabqzhb,True,14,
mp-aaabqzhc,True,18,
mp-aaabqzho,True,5,
mp-aaabqzhx,True,5,
mp-aaabqzhz,True,12,
mp-aaabqzie,True,18,
mp-aaabqzih,True,24,
mp-aaabqzjb,True,14,
mp-aaabqzjr,True,14,
mp-aaabqzjz,True,14,
mp-aaabqzke,True,7,
mp-aaabqzkj,True,26,
mp-aaabqzkp,True,10,
mp-aaabqzkz,True,14,
mp-aaabqzlg,True,76,
mp-aaabqzli,True,28,
mp-aaabqzlr,True,26,
mp-aaabqzlt,True,40,
mp-aaabqzlw,True,15,
mp-aaabqzly,True,12,
mp-aaabqzmd,True,44,
mp-aaabqzmf,True,40,
mp-aaabqzmg,True,22,
mp-aaabqzmh,True,18,
mp-aaabqzmk,True,16,
mp-aaabqzmv,True,25,
mp-aaabqzmz,True,36,
mp-aaabqznc,True,20,
mp-aaabqznj,True,19,
mp-aaabqznk,True,20,
mp-aaabqznm,True,13,
mp-aaabqznn,True,16,
mp-aaabqznw,True,28,
mp-aaabqzny,True,15,
mp-aaabqzoc,True,15,
mp-aaabqzoe,True,48,
mp-aaabqzok,True,16,
mp-aaabqzol,True,20,
mp-aaabqzor,True,15,
mp-aaabqzou,True,52,
mp-aaabqzov,True,36,
mp-aaabqzpa,True,22,
mp-aaabqzpc,True,13,
mp-aaabqzph,True,24,
mp-aaabqzpk,True,22,
mp-aaabqzpw,True,16,
mp-aaabqzpz,True,20,
mp-aaabqzqa,True,24,
mp-aaabqzql,True,15,
mp-aaabqzqv,True,16,
mp-aaabqzri,True,24,
mp-aaabqzrt,True,24,
mp-aaabqzrv,True,18,
mp-aaabqzsa,True,14,
mp-aaabqzsb,True,40,
mp-aaabqzsc,True,16,
mp-aaabqzsl,True,14,
mp-aaabqzsr,True,16,
mp-aaabqzth,True,16,
mp-aaabqztk,True,6,
mp-aaabqztn,True,24,
mp-aaabqztv,True,40,
mp-aaabqztz,True,14,
mp-aaabqzud,True,15,
mp-aaabqzui,True,18,
mp-aaabqzus,True,23,
mp-aaabqzuy,True,19,
mp-aaabqzvc,True,16,
mp-aaabqzvh,True,22,
mp-aaabqzvs,True,30,
mp-aaabqzwe,True,32,
mp-aaabqzwk,True,20,
mp-aaabqzwp,True,22,
mp-aaabqzwt,True,18,
mp-aaabqzxf,True,32,
mp-aaabqzxg,True,14,
mp-aaabqzxm,True,16,
mp-aaabqzxo,True,12,
mp-aaabqzxt,True,16,
mp-aaabqzxz,True,12,
mp-aaabqzyd,True,16,
mp-aaabqzyg,True,14,
mp-aaabqzyk,True,24,
mp-aaabqzyq,True,6,
mp-aaabqzyz,True,14,
mp-aaabqzzb,True,16,
mp-aaabqzzg,True,12,
mp-aaabqzzm,True,52,
mp-aaabqzzp,True,22,
mp-aaabqzzu,True,15,
mp-aaabqzzz,True,44,
mp-aaabraas,True,20,
mp-aaabrabd,True,22,
mp-aaabrabh,True,12,
mp-aaabrabu,True,12,
mp-aaabrabw,True,36,
mp-aaabraby,True,28,
mp-aaabrabz,True,48,
mp-aaabrace,True,20,
mp-aaabrach,True,24,
mp-aaabraci,True,20,
mp-aaabract,True,30,
mp-aaabracv,True,28,
mp-aaabracw,True,32,
mp-aaabrado,True,28,
mp-aaabradq,True,26,
mp-aaabradz,True,18,
mp-aaabraea,True,26,
mp-aaabraed,True,7,
mp-aaabraem,True,24,
mp-aaabraeq,True,24,
mp-aaabrafi,True,19,
mp-aaabrafr,True,20,
mp-aaabragc,True,14,
mp-aaabragd,True,14,
mp-aaabragk,True,14,
mp-aaabragp,True,19,
mp-aaabragu,True,15,
mp-aaabragw,True,26,
mp-aaabrahg,True,16,
mp-aaabrahh,True,15,
mp-aaabrahl,True,24,
mp-aaabrahp,True,28,
mp-aaabrahs,True,26,
mp-aaabrahv,True,14,
mp-aaabrahw,True,15,
mp-aaabraia,True,20,
mp-aaabraid,True,18,
mp-aaabraif,True,16,
mp-aaabrair,True,24,
mp-aaabrais,True,20,
mp-aaabrait,True,20,
mp-aaabraja,True,20,
mp-aaabrajr,True,15,
mp-aaabraju,True,19,
mp-aaabraka,True,18,
mp-aaabrakh,True,13,
mp-aaabrakj,True,26,
mp-aaabrakk,True,22,
mp-aaabrakp,True,12,
mp-aaabrald,True,32,
mp-aaabrale,True,14,
mp-aaabralf,True,21,
mp-aaabralg,True,24,
mp-aaabralo,True,24,
mp-aaabrals,True,10,
mp-aaabralv,True,16,
mp-aaabralz,True,18,
mp-aaabramb,True,24,
mp-aaabramh,True,12,
mp-aaabramm,True,29,
mp-aaabramo,True,4,
mp-aaabramt,True,24,
mp-aaabramu,True,12,
mp-aaabramz,True,14,
mp-aaabrane,True,11,
mp-aaabranj,True,22,
mp-aaabranp,True,14,
mp-aaabranu,True,18,
mp-aaabranw,True,28,
mp-aaabraoi,True,20,
mp-aaabraon,True,22,
mp-aaabraop,True,20,
mp-aaabraov,True,40,
mp-aaabraox,True,44,
mp-aaabrapd,True,16,
mp-aaabrapj,True,36,
mp-aaabrapo,True,24,
mp-aaabrapp,True,20,
mp-aaabrapq,True,16,
mp-aaabrapt,True,20,
mp-aaabrapu,True,16,
mp-aaabrapx,True,28,
mp-aaabraqa,True,12,
mp-aaabraqh,True,18,
mp-aaabraqi,True,56,
mp-aaabraqm,True,28,
mp-aaabraqn,True,23,
mp-aaabraqp,True,23,
mp-aaabraqr,True,14,
mp-aaabraqt,True,18,
mp-aaabraqx,True,14,
mp-aaabrari,True,14,
mp-aaabrark,True,32,
mp-aaabrarn,True,48,
mp-aaabrart,True,14,
mp-aaabraru,True,16,
mp-aaabrasa,True,15,
mp-aaabrasm,True,52,
mp-aaabrasv,True,18,
mp-aaabratg,True,28,
mp-aaabratm,True,26,
mp-aaabratn,True,28,
mp-aaabratx,True,16,
mp-aaabraud,True,26,
mp-aaabrauh,True,44,
mp-aaabrauo,True,16,
mp-aaabraut,True,30,
mp-aaabraux,True,28,
mp-aaabrauy,True,16,
mp-aaabravf,True,26,
mp-aaabravm,True,50,
mp-aaabravp,True,18,
mp-aaabravq,True,24,
mp-aaabravx,True,28,
mp-aaabravy,True,14,
mp-aaabrawj,True,24,
mp-aaabrawl,True,16,
mp-aaabrawn,True,12,
mp-aaabrawp,True,20,
mp-aaabrawq,True,30,
mp-aaabrawr,True,24,
mp-aaabraws,True,16,
mp-aaabraww,True,16,
mp-aaabrawy,True,24,
mp-aaabraxa,True,14,
mp-aaabraxf,True,14,
mp-aaabraxj,True,16,
mp-aaabraxk,True,20,
mp-aaabraxl,True,16,
mp-aaabraxs,True,22,
mp-aaabraxy,True,15,
mp-aaabraxz,True,24,
mp-aaabrayf,True,25,
mp-aaabrayg,True,12,
mp-aaabrayh,True,28,
mp-aaabrayn,True,16,
mp-aaabrayp,True,15,
mp-aaabrays,True,22,
mp-aaabrayt,True,44,
mp-aaabrayu,True,28,
mp-aaabrayv,True,12,
mp-aaabrayx,True,28,
mp-aaabraza,True,24,
mp-aaabrazb,True,20,
mp-aaabrazf,True,14,
mp-aaabrazo,True,18,
mp-aaabrazp,True,24,
mp-aaabrazr,True,20,
mp-aaabrazu,True,24,
mp-aaabrazx,True,24,
mp-aaabrbac,True,20,
mp-aaabrbad,True,24,
mp-aaabrbal,True,24,
mp-aaabrbam,True,28,
mp-aaabrbar,True,34,
mp-aaabrbat,True,24,
mp-aaabrbbb,True,18,
mp-aaabrbbf,True,40,
mp-aaabrbbi,True,16,
mp-aaabrbbk,True,15,
mp-aaabrbbl,True,24,
mp-aaabrbbm,True,12,
mp-aaabrbbn,True,18,
mp-aaabrbbq,True,28,
mp-aaabrbbs,True,12,
mp-aaabrbbv,True,16,
mp-aaabrbca,True,52,
mp-aaabrbcb,True,20,
mp-aaabrbcc,True,15,
mp-aaabrbcg,True,17,
mp-aaabrbci,True,13,
mp-aaabrbck,True,18,
mp-aaabrbcl,True,18,
mp-aaabrbcq,True,30,
mp-aaabrbcr,True,12,
mp-aaabrbct,True,20,
mp-aaabrbcu,True,16,
mp-aaabrbcx,True,17,
mp-aaabrbdb,True,24,
mp-aaabrbdd,True,12,
mp-aaabrbdf,True,16,
mp-aaabrbdg,True,16,
mp-aaabrbdh,True,22,
mp-aaabrbdm,True,28,
mp-aaabrbdn,True,12,
mp-aaabrbdu,True,12,
mp-aaabrbdv,True,22,
mp-aaabrbea,True,36,
mp-aaabrbee,True,13,
mp-aaabrbeg,True,16,
mp-aaabrbeh,True,24,
mp-aaabrbei,True,24,
mp-aaabrbej,True,23,
mp-aaabrbek,True,16,
mp-aaabrbeo,True,12,
mp-aaabrbes,True,28,
mp-aaabrbez,True,17,
mp-aaabrbfb,True,12,
mp-aaabrbfi,True,32,
mp-aaabrbfm,True,15,
mp-aaabrbfn,True,24,
mp-aaabrbfp,True,24,
mp-aaabrbfu,True,13,
mp-aaabrbfv,True,22,
mp-aaabrbfw,True,14,
mp-aaabrbga,True,24,
mp-aaabrbgb,True,16,
mp-aaabrbgc,True,16,
mp-aaabrbgj,True,24,
mp-aaabrbgk,True,16,
mp-aaabrbgl,True,30,
mp-aaabrbgn,True,17,
mp-aaabrbgp,True,30,
mp-aaabrbgz,True,16,
mp-aaabrbhd,True,14,
mp-aaabrbhj,True,12,
mp-aaabrbho,True,12,
mp-aaabrbhs,True,30,
mp-aaabrbht,True,16,
mp-aaabrbid,True,24,
mp-aaabrbik,True,24,
mp-aaabrbim,True,36,
mp-aaabrbir,True,16,
mp-aaabrbix,True,20,
mp-aaabrbiy,True,28,
mp-aaabrbjb,True,20,
mp-aaabrbjd,True,37,
mp-aaabrbjg,True,17,
mp-aaabrbjo,True,12,
mp-aaabrbjs,True,13,
mp-aaabrbjt,True,14,
mp-aaabrbjv,True,24,
mp-aaabrbjw,True,15,
mp-aaabrbjx,True,15,
mp-aaabrbkc,True,16,
mp-aaabrbkd,True,52,
mp-aaabrbkg,True,13,
mp-aaabrbkh,True,18,
mp-aaabrbkn,True,24,
mp-aaabrbkp,True,32,
mp-aaabrbkw,True,22,
mp-aaabrbkz,True,15,
mp-aaabrbla,True,38,
mp-aaabrblg,True,24,
mp-aaabrblk,True,25,
mp-aaabrblr,True,24,
mp-aaabrblx,True,28,
mp-aaabrbly,True,36,
mp-aaabrblz,True,19,
mp-aaabrbmb,True,28,
mp-aaabrbme,True,42,
mp-aaabrbmk,True,24,
mp-aaabrbmn,True,24,
mp-aaabrbmr,True,14,
mp-aaabrbmu,True,20,
mp-aaabrbmx,True,24,
mp-aaabrbmy,True,24,
mp-aaabrbmz,True,22,
mp-aaabrbna,True,15,
mp-aaabrbne,True,24,
mp-aaabrbnf,True,16,
mp-aaabrbng,True,24,
mp-aaabrbni,True,52,
mp-aaabrbnl,True,19,
mp-aaabrbnm,True,17,
mp-aaabrbno,True,32,
mp-aaabrbnp,True,14,
mp-aaabrbny,True,28,
mp-aaabrboa,True,12,
mp-aaabrbof,True,28,
mp-aaabrbop,True,14,
mp-aaabrbos,True,40,
mp-aaabrbow,True,19,
mp-aaabrbox,True,12,
mp-aaabrboz,True,12,
mp-aaabrbpe,True,24,
mp-aaabrbpu,True,16,
mp-aaabrbpw,True,24,
mp-aaabrbpy,True,24,
mp-aaabrbqa,True,20,
mp-aaabrbqb,True,20,
mp-aaabrbqc,True,24,
mp-aaabrbqd,True,40,
mp-aaabrbqf,True,28,
mp-aaabrbqg,True,14,
mp-aaabrbql,True,16,
mp-aaabrbqn,True,14,
mp-aaabrbqt,True,14,
mp-aaabrbqu,True,22,
mp-aaabrbqy,True,15,
mp-aaabrbrh,True,18,
mp-aaabrbri,True,16,
mp-aaabrbrk,True,16,
mp-aaabrbrn,True,24,
mp-aaabrbro,True,19,
mp-aaabrbrs,True,28,
mp-aaabrbry,True,24,
mp-aaabrbsg,True,14,
mp-aaabrbsi,True,14,
mp-aaabrbta,True,24,
mp-aaabrbtc,True,15,
mp-aaabrbtd,True,20,
mp-aaabrbtg,True,16,
mp-aaabrbtm,True,18,
mp-aaabrbto,True,13,
mp-aaabrbtr,True,28,
mp-aaabrbtu,True,28,
mp-aaabrbtv,True,15,
mp-aaabrbtw,True,12,
mp-aaabrbtx,True,28,
mp-aaabrbub,True,24,
mp-aaabrbud,True,14,
mp-aaabrbuf,True,24,
mp-aaabrbum,True,15,
mp-aaabrbuu,True,14,
mp-aaabrbuv,True,56,
mp-aaabrbux,True,25,
mp-aaabrbvg,True,20,
mp-aaabrbvo,True,28,
mp-aaabrbvs,True,27,
mp-aaabrbvt,True,22,
mp-aaabrbvv,True,36,
mp-aaabrbvw,True,30,
mp-aaabrbwg,True,19,
mp-aaabrbwk,True,28,
mp-aaabrbwl,True,28,
mp-aaabrbwn,True,24,
mp-aaabrbwo,True,56,
mp-aaabrbwx,True,24,
mp-aaabrbwy,True,28,
mp-aaabrbxc,True,12,
mp-aaabrbxd,True,19,
mp-aaabrbxe,True,52,
mp-aaabrbxj,True,28,
mp-aaabrbxk,True,36,
mp-aaabrbxn,True,36,
mp-aaabrbxp,True,24,
mp-aaabrbxq,True,18,
mp-aaabrbxr,True,20,
mp-aaabrbxs,True,13,
mp-aaabrbxt,True,13,
mp-aaabrbxw,True,18,
mp-aaabrbxx,True,17,
mp-aaabrbxz,True,16,
mp-aaabrbya,True,28,
mp-aaabrbyb,True,15,
mp-aaabrbye,True,12,
mp-aaabrbyf,True,26,
mp-aaabrbyh,True,24,
mp-aaabrbyi,True,40,
mp-aaabrbyr,True,16,
mp-aaabrbyu,True,27,
mp-aaabrbzd,True,56,
mp-aaabrbzf,True,28,
mp-aaabrbzg,True,4,
mp-aaabrbzk,True,28,
mp-aaabrbzu,True,27,
mp-aaabrbzy,True,18,
mp-aaabrcab,True,24,
mp-aaabrcag,True,15,
mp-aaabrcai,True,12,
mp-aaabrcaj,True,22,
mp-aaabrcal,True,34,
mp-aaabrcam,True,72,
mp-aaabrcan,True,28,
mp-aaabrcap,True,12,
mp-aaabrcar,True,16,
mp-aaabrcat,True,40,
mp-aaabrcax,True,30,
mp-aaabrcbf,True,10,
mp-aaabrcbh,True,14,
mp-aaabrcbj,True,34,
mp-aaabrcbk,True,34,
mp-aaabrcbl,True,13,
mp-aaabrcbp,True,15,
mp-aaabrcbr,True,8,
mp-aaabrcbs,True,15,
mp-aaabrcbu,True,40,
mp-aaabrcbw,True,38,
mp-aaabrcbx,True,22,
mp-aaabrcby,True,56,
mp-aaabrcbz,True,30,
mp-aaabrccc,True,27,
mp-aaabrccd,True,15,
mp-aaabrcci,True,24,
mp-aaabrccm,True,92,
mp-aaabrcco,True,16,
mp-aaabrcct,True,34,
mp-aaabrccu,True,20,
mp-aaabrccv,True,28,
mp-aaabrccx,True,24,
mp-aaabrcdd,True,15,
mp-aaabrcdk,True,24,
mp-aaabrcdp,True,92,
mp-aaabrcdq,True,15,
mp-aaabrcds,True,15,
mp-aaabrcdt,True,92,
mp-aaabrceb,True,30,
mp-aaabrcef,True,53,
mp-aaabrcev,True,23,
mp-aaabrcew,True,28,
mp-aaabrcfh,True,28,
mp-aaabrcfm,True,40,
mp-aaabrcfn,True,94,
mp-aaabrcft,True,46,
mp-aaabrcga,True,40,
mp-aaabrcgc,True,42,
mp-aaabrcgd,True,28,
mp-aaabrcgh,True,96,
mp-aaabrcgi,True,36,
mp-aaabrcgn,True,40,
mp-aaabrcgt,True,40,
mp-aaabrcgu,True,56,
mp-aaabrcha,True,72,
mp-aaabrche,True,36,
mp-aaabrchf,True,30,
mp-aaabrchr,True,84,
mp-aaabrcht,True,80,
mp-aaabrcib,True,86,
mp-aaabrcie,True,28,
mp-aaabrcig,True,28,
mp-aaabrciw,True,20,
mp-aaabrcjb,True,28,
mp-aaabrcje,True,32,
mp-aaabrcjf,True,26,
mp-aaabrcjj,True,40,
mp-aaabrcjk,True,44,
mp-aaabrcjm,True,48,
mp-aaabrcjt,True,94,
mp-aaabrcju,True,35,
mp-aaabrcka,True,94,
mp-aaabrckc,True,30,
mp-aaabrckn,True,28,
mp-aaabrckr,True,36,
mp-aaabrcku,True,92,
mp-aaabrckw,True,42,
mp-aaabrckx,True,27,
mp-aaabrcla,True,28,
mp-aaabrclg,True,24,
mp-aaabrclk,True,19,
mp-aaabrcll,True,28,
mp-aaabrclm,True,49,
mp-aaabrcln,True,80,
mp-aaabrclr,True,28,
mp-aaabrcls,True,13,
mp-aaabrcma,True,94,
mp-aaabrcmb,True,52,
mp-aaabrcmc,True,42,
mp-aaabrcmg,True,38,
mp-aaabrcmi,True,33,
mp-aaabrcmn,True,64,
mp-aaabrcng,True,36,
mp-aaabrcnj,True,18,
mp-aaabrcnl,True,40,
mp-aaabrcnt,True,28,
mp-aaabrcnu,True,28,
mp-aaabrcnv,True,27,
mp-aaabrcnx,True,48,
mp-aaabrcof,True,28,
mp-aaabrcoh,True,86,
mp-aaabrcok,True,51,
mp-aaabrcol,True,34,
mp-aaabrcoo,True,96,
mp-aaabrcop,True,14,
mp-aaabrcoy,True,53,
mp-aaabrcoz,True,92,
mp-aaabrcph,True,92,
mp-aaabrcpm,True,86,
mp-aaabrcpo,True,36,
mp-aaabrcpr,True,38,
mp-aaabrcps,True,63,
mp-aaabrcpu,True,24,
mp-aaabrcqa,True,92,
mp-aaabrcqb,True,94,
mp-aaabrcqe,True,84,
mp-aaabrcqo,True,86,
mp-aaabrcqu,True,94,
mp-aaabrcqw,True,28,
mp-aaabrcqz,True,73,
mp-aaabrcrb,True,168,
mp-aaabrcrc,True,20,
mp-aaabrcri,True,80,
mp-aaabrcrk,True,56,
mp-aaabrcrs,True,36,
mp-aaabrcsb,True,86,
mp-aaabrcsd,True,92,
mp-aaabrcse,True,28,
mp-aaabrcsf,True,22,
mp-aaabrcsm,True,10,
mp-aaabrcso,True,28,
mp-aaabrcsp,True,91,
mp-aaabrcsv,True,32,
mp-aaabrcsw,True,48,
mp-aaabrcsx,True,28,
mp-aaabrctd,True,22,
mp-aaabrctg,True,24,
mp-aaabrcti,True,86,
mp-aaabrctl,True,40,
mp-aaabrctm,True,32,
mp-aaabrctq,True,84,
mp-aaabrctr,True,92,
mp-aaabrcts,True,92,
mp-aaabrctt,True,86,
mp-aaabrctv,True,32,
mp-aaabrctx,True,94,
mp-aaabrcub,True,18,
mp-aaabrcue,True,52,
mp-aaabrcuo,True,94,
mp-aaabrcux,True,36,
mp-aaabrcve,True,38,
mp-aaabrcvf,True,40,
mp-aaabrcvg,True,28,
mp-aaabrcvl,True,89,
mp-aaabrcvn,True,94,
mp-aaabrcvs,True,42,
mp-aaabrcvx,True,94,
mp-aaabrcvz,True,28,
mp-aaabrcwq,True,94,
mp-aaabrcws,True,94,
mp-aaabrcww,True,28,
mp-aaabrcxa,True,28,
mp-aaabrcxc,True,40,
mp-aaabrcxd,True,28,
mp-aaabrcxm,True,32,
mp-aaabrcxt,True,32,
mp-aaabrcxy,True,22,
mp-aaabrcyj,True,40,
mp-aaabrcyk,True,42,
mp-aaabrcyp,True,32,
mp-aaabrcyq,True,40,
mp-aaabrcyr,True,100,
mp-aaabrcyu,True,32,
mp-aaabrcyz,True,37,
mp-aaabrcze,True,22,
mp-aaabrczg,True,48,
mp-aaabrczh,True,24,
mp-aaabrczo,True,96,
mp-aaabrczr,True,14,
mp-aaabrczu,True,12,
mp-aaabrczw,True,45,
mp-aaabrdad,True,24,
mp-aaabrdae,True,54,
mp-aaabrdah,True,72,
mp-aaabrdai,True,28,
mp-aaabrdak,True,36,
mp-aaabrdal,True,24,
mp-aaabrdam,True,34,
mp-aaabrdba,True,56,
mp-aaabrdbh,True,42,
mp-aaabrdbk,True,38,
mp-aaabrdbl,True,32,
mp-aaabrdbn,True,28,
mp-aaabrdcb,True,38,
mp-aaabrdcg,True,24,
mp-aaabrdci,True,28,
mp-aaabrdcl,True,34,
mp-aaabrdcn,True,34,
mp-aaabrdcu,True,40,
mp-aaabrdcx,True,15,
mp-aaabrddf,True,24,
mp-aaabrddh,True,24,
mp-aaabrddi,True,92,
mp-aaabrddr,True,96,
mp-aaabrddv,True,28,
mp-aaabrddw,True,53,
mp-aaabrddz,True,80,
mp-aaabrdec,True,28,
mp-aaabrded,True,24,
mp-aaabrdee,True,86,
mp-aaabrdei,True,44,
mp-aaabrdek,True,48,
mp-aaabrden,True,38,
mp-aaabrdeo,True,80,
mp-aaabrdev,True,38,
mp-aaabrdfe,True,28,
mp-aaabrdfg,True,27,
mp-aaabrdfk,True,56,
mp-aaabrdfo,True,44,
mp-aaabrdfx,True,48,
mp-aaabrdfy,True,24,
mp-aaabrdfz,True,72,
mp-aaabrdga,True,30,
mp-aaabrdgn,True,29,
mp-aaabrdgr,True,84,
mp-aaabrdgs,True,28,
mp-aaabrdgt,True,17,
mp-aaabrdgv,True,72,
mp-aaabrdgx,True,14,
mp-aaabrdha,True,76,
mp-aaabrdhc,True,28,
mp-aaabrdhf,True,24,
mp-aaabrdhj,True,15,
mp-aaabrdhl,True,48,
mp-aaabrdhq,True,36,
mp-aaabrdhr,True,36,
mp-aaabrdhu,True,14,
mp-aaabrdhx,True,36,
mp-aaabrdii,True,48,
mp-aaabrdin,True,28,
mp-aaabrdio,True,14,
mp-aaabrdiq,True,32,
mp-aaabrdis,True,28,
mp-aaabrdja,True,86,
mp-aaabrdjj,True,38,
mp-aaabrdjl,True,32,
mp-aaabrdjm,True,28,
mp-aaabrdjo,True,29,
mp-aaabrdjr,True,68,
mp-aaabrdjy,True,12,
mp-aaabrdke,True,44,
mp-aaabrdkk,True,46,
mp-aaabrdkw,True,45,
mp-aaabrdkx,True,56,
mp-aaabrdky,True,40,
mp-aaabrdle,True,56,
mp-aaabrdlf,True,31,
mp-aaabrdlh,True,22,
mp-aaabrdll,True,28,
mp-aaabrdlq,True,36,
mp-aaabrdlu,True,30,
mp-aaabrdmf,True,39,
mp-aaabrdmg,True,24,
mp-aaabrdmj,True,28,
mp-aaabrdmn,True,28,
mp-aaabrdmo,True,28,
mp-aaabrdmp,True,12,
mp-aaabrdmq,True,40,
mp-aaabrdmr,True,36,
mp-aaabrdmv,True,28,
mp-aaabrdnd,True,40,
mp-aaabrdni,True,40,
mp-aaabrdno,True,56,
mp-aaabrdnp,True,88,
mp-aaabrdns,True,56,
mp-aaabrdnt,True,28,
mp-aaabrdod,True,15,
mp-aaabrdof,True,86,
mp-aaabrdon,True,30,
mp-aaabrdop,True,38,
mp-aaabrdor,True,46,
mp-aaabrdos,True,34,
mp-aaabrdov,True,28,
mp-aaabrdoz,True,44,
mp-aaabrdpa,True,56,
mp-aaabrdpj,True,32,
mp-aaabrdpl,True,33,
mp-aaabrdpx,True,32,
mp-aaabrdqc,True,24,
mp-aaabrdqg,True,44,
mp-aaabrdqu,True,26,
mp-aaabrdrb,True,48,
mp-aaabrdre,True,36,
mp-aaabrdrg,True,30,
mp-aaabrdrk,True,28,
mp-aaabrdru,True,40,
mp-aaabrdrv,True,28,
mp-aaabrdsb,True,18,
mp-aaabrdsj,True,44,
mp-aaabrdsk,True,42,
mp-aaabrdso,True,40,
mp-aaabrdsp,True,40,
mp-aaabrdsq,True,29,
mp-aaabrdss,True,31,
mp-aaabrdtd,True,36,
mp-aaabrdte,True,65,
mp-aaabrdti,True,48,
mp-aaabrdto,True,36,
mp-aaabrdtp,True,42,
mp-aaabrdtr,True,56,
mp-aaabrdts,True,74,
mp-aaabrdtt,True,72,
mp-aaabrduk,True,30,
mp-aaabrduy,True,38,
mp-aaabrdvw,True,36,
mp-aaabrdwa,True,36,
mp-aaabrdwc,True,46,
mp-aaabrdwe,True,32,
mp-aaabrdwf,True,56,
mp-aaabrdwm,True,68,
mp-aaabrdwo,True,25,
mp-aaabrdwp,True,48,
mp-aaabrdwt,True,47,
mp-aaabrdwu,True,14,
mp-aaabrdwv,True,17,
mp-aaabrdwy,True,28,
mp-aaabrdwz,True,40,
mp-aaabrdxa,True,36,
mp-aaabrdxm,True,88,
mp-aaabrdxn,True,68,
mp-aaabrdxq,True,76,
mp-aaabrdxr,True,40,
mp-aaabrdxs,True,76,
mp-aaabrdxx,True,40,
mp-aaabrdyb,True,64,
mp-aaabrdyc,True,44,
mp-aaabrdyg,True,40,
mp-aaabrdyh,True,34,
mp-aaabrdym,True,38,
mp-aaabrdyq,True,84,
mp-aaabrdys,True,24,
mp-aaabrdyu,True,59,
mp-aaabrdyv,True,19,
mp-aaabrdyz,True,40,
mp-aaabrdze,True,32,
mp-aaabrdzi,True,76,
mp-aaabrdzj,True,76,
mp-aaabrdzr,True,7,
mp-aaabrdzt,True,32,
mp-aaabrdzx,True,15,
mp-aaabreab,True,32,
mp-aaabreaf,True,24,
mp-aaabreai,True,52,
mp-aaabrebb,True,28,
mp-aaabrebd,True,10,
mp-aaabrebh,True,48,
mp-aaabrebi,True,28,
mp-aaabrebk,True,40,
mp-aaabrebm,True,33,
mp-aaabrebn,True,38,
mp-aaabrebr,True,11,
mp-aaabrebt,True,48,
mp-aaabrecb,True,24,
mp-aaabrecg,True,29,
mp-aaabreci,True,10,
mp-aaabrecp,True,11,
mp-aaabrecv,True,31,
mp-aaabreda,True,34,
mp-aaabredj,True,40,
mp-aaabredm,True,42,
mp-aaabredo,True,30,
mp-aaabredp,True,42,
mp-aaabredr,True,15,
mp-aaabredt,True,30,
mp-aaabredu,True,38,
mp-aaabredw,True,56,
mp-aaabredy,True,28,
mp-aaabreeb,True,76,
mp-aaabreek,True,45,
mp-aaabreem,True,34,
mp-aaabreen,True,90,
mp-aaabreeo,True,17,
mp-aaabreeq,True,40,
mp-aaabreer,True,44,
mp-aaabreez,True,8,
mp-aaabrefc,True,8,
mp-aaabrefm,True,28,
mp-aaabreft,True,36,
mp-aaabrefu,True,30,
mp-aaabrefv,True,36,
mp-aaabrefx,True,24,
mp-aaabrega,True,80,
mp-aaabregb,True,26,
mp-aaabregj,True,32,
mp-aaabregk,True,32,
mp-aaabregm,True,34,
mp-aaabregn,True,46,
mp-aaabregr,True,50,
mp-aaabregs,True,28,
mp-aaabregt,True,37,
mp-aaabregz,True,28,
mp-aaabreha,True,40,
mp-aaabrehl,True,14,
mp-aaabreho,True,38,
mp-aaabrehp,True,38,
mp-aaabrehq,True,36,
mp-aaabreht,True,14,
mp-aaabrehu,True,40,
mp-aaabrehw,True,37,
mp-aaabrehz,True,19,
mp-aaabreie,True,32,
mp-aaabreih,True,80,
mp-aaabreik,True,19,
mp-aaabreil,True,44,
mp-aaabreio,True,36,
mp-aaabreis,True,45,
mp-aaabreit,True,33,
mp-aaabreiv,True,28,
mp-aaabreix,True,28,
mp-aaabreiy,True,38,
mp-aaabreiz,True,44,
mp-aaabreja,True,40,
mp-aaabreji,True,14,
mp-aaabrejl,True,38,
mp-aaabrejq,True,28,
mp-aaabrejt,True,22,
mp-aaabrejv,True,45,
mp-aaabrejy,True,44,
mp-aaabreka,True,50,
mp-aaabreko,True,40,
mp-aaabrekp,True,39,
mp-aaabreku,True,44,
mp-aaabrekv,True,57,
mp-aaabrekz,True,66,
mp-aaabrelc,True,26,
mp-aaabreld,True,42,
mp-aaabrelg,True,68,
mp-aaabrell,True,40,
mp-aaabrelm,True,54,
mp-aaabrels,True,86,
mp-aaabremc,True,20,
mp-aaabremi,True,78,
mp-aaabremp,True,52,
mp-aaabrems,True,56,
mp-aaabremu,True,8,
mp-aaabremz,True,27,
mp-aaabrenb,True,36,
mp-aaabreng,True,26,
mp-aaabreni,True,50,
mp-aaabrenk,True,43,
mp-aaabrenn,True,32,
mp-aaabrenp,True,84,
mp-aaabrenr,True,63,
mp-aaabrenw,True,33,
mp-aaabrenz,True,15,
mp-aaabreoa,True,15,
mp-aaabreoc,True,46,
mp-aaabreoh,True,33,
mp-aaabreok,True,22,
mp-aaabreoq,True,54,
mp-aaabreor,True,28,
mp-aaabreoy,True,45,
mp-aaabrepc,True,90,
mp-aaabreph,True,72,
mp-aaabrepx,True,45,
mp-aaabreqa,True,28,
mp-aaabreqg,True,36,
mp-aaabreqk,True,50,
mp-aaabreqn,True,20,
mp-aaabrequ,True,64,
mp-aaabreqz,True,43,
mp-aaabrera,True,36,
mp-aaabrerb,True,43,
mp-aaabrerk,True,45,
mp-aaabrero,True,44,
mp-aaabrerx,True,80,
mp-aaabrerz,True,28,
mp-aaabresj,True,14,
mp-aaabresk,True,16,
mp-aaabress,True,17,
mp-aaabresv,True,46,
mp-aaabresw,True,80,
mp-aaabresx,True,22,
mp-aaabresy,True,33,
mp-aaabresz,True,44,
mp-aaabretd,True,104,
mp-aaabrete,True,56,
mp-aaabretg,True,26,
mp-aaabreth,True,30,
mp-aaabretm,True,15,
mp-aaabreuc,True,40,
mp-aaabreuf,True,18,
mp-aaabreuk,True,38,
mp-aaabreul,True,86,
mp-aaabreuy,True,52,
mp-aaabreva,True,72,
mp-aaabrevb,True,30,
mp-aaabreve,True,44,
mp-aaabrevr,True,14,
mp-aaabrevu,True,28,
mp-aaabrevv,True,86,
mp-aaabrevx,True,38,
mp-aaabrewa,True,48,
mp-aaabrewd,True,51,
mp-aaabrewg,True,36,
mp-aaabrewh,True,32,
mp-aaabrewj,True,28,
mp-aaabrewm,True,38,
mp-aaabrewr,True,30,
mp-aaabrewv,True,80,
mp-aaabrexb,True,36,
mp-aaabrexd,True,49,
mp-aaabrexe,True,30,
mp-aaabrexf,True,37,
mp-aaabrexi,True,88,
mp-aaabrexn,True,19,
mp-aaabrexo,True,34,
mp-aaabrexq,True,56,
mp-aaabrexr,True,56,
mp-aaabrext,True,28,
mp-aaabrexu,True,28,
mp-aaabrexv,True,40,
mp-aaabrexz,True,26,
mp-aaabreya,True,55,
mp-aaabreyb,True,16,
mp-aaabreyf,True,88,
mp-aaabreyg,True,44,
mp-aaabreyk,True,45,
mp-aaabreym,True,52,
mp-aaabreyt,True,14,
mp-aaabrezc,True,30,
mp-aaabreze,True,76,
mp-aaabrezf,True,46,
mp-aaabrezh,True,45,
mp-aaabrezl,True,40,
mp-aaabrezm,True,18,
mp-aaabrezo,True,32,
mp-aaabrezq,True,28,
mp-aaabrezv,True,33,
mp-aaabrezw,True,38,
mp-aaabrfab,True,30,
mp-aaabrfaf,True,52,
mp-aaabrfah,True,52,
mp-aaabrfaj,True,22,
mp-aaabrfak,True,36,
mp-aaabrfal,True,45,
mp-aaabrfat,True,43,
mp-aaabrfau,True,16,
mp-aaabrfbb,True,90,
mp-aaabrfbc,True,20,
mp-aaabrfbd,True,40,
mp-aaabrfbg,True,14,
mp-aaabrfbk,True,36,
mp-aaabrfbl,True,36,
mp-aaabrfbm,True,28,
mp-aaabrfbn,True,40,
mp-aaabrfbr,True,15,
mp-aaabrfbs,True,24,
mp-aaabrfbw,True,36,
mp-aaabrfbx,True,38,
mp-aaabrfbz,True,16,
mp-aaabrfca,True,16,
mp-aaabrfce,True,33,
mp-aaabrfcf,True,45,
mp-aaabrfch,True,17,
mp-aaabrfci,True,36,
mp-aaabrfck,True,33,
mp-aaabrfcn,True,16,
mp-aaabrfcp,True,45,
mp-aaabrfcr,True,42,
mp-aaabrfcs,True,48,
mp-aaabrfcx,True,88,
mp-aaabrfda,True,30,
mp-aaabrfdg,True,42,
mp-aaabrfdk,True,46,
mp-aaabrfdl,True,44,
mp-aaabrfdn,True,46,
mp-aaabrfdp,True,46,
mp-aaabrfdr,True,22,
mp-aaabrfds,True,69,
mp-aaabrfdt,True,40,
mp-aaabrfdx,True,44,
mp-aaabrfdz,True,72,
mp-aaabrfed,True,44,
mp-aaabrfee,True,40,
mp-aaabrfej,True,28,
mp-aaabrfeu,True,68,
mp-aaabrffb,True,45,
mp-aaabrffd,True,84,
mp-aaabrffe,True,80,
mp-aaabrffl,True,36,
mp-aaabrffo,True,34,
mp-aaabrfft,True,33,
mp-aaabrffu,True,90,
mp-aaabrffx,True,20,
mp-aaabrfgb,True,68,
mp-aaabrfge,True,38,
mp-aaabrfgf,True,39,
mp-aaabrfgg,True,34,
mp-aaabrfgt,True,50,
mp-aaabrfgy,True,34,
mp-aaabrfhd,True,42,
mp-aaabrfhf,True,90,
mp-aaabrfhh,True,11,
mp-aaabrfhj,True,72,
mp-aaabrfhk,True,40,
mp-aaabrfhn,True,10,
mp-aaabrfhr,True,104,
mp-aaabrfhs,True,100,
mp-aaabrfht,True,72,
mp-aaabrfhu,True,60,
mp-aaabrfhw,True,37,
mp-aaabrfio,True,38,
mp-aaabrfip,True,44,
mp-aaabrfir,True,45,
mp-aaabrfit,True,22,
mp-aaabrfiv,True,72,
mp-aaabrfiy,True,16,
mp-aaabrfja,True,45,
mp-aaabrfjb,True,78,
mp-aaabrfjf,True,43,
mp-aaabrfjm,True,24,
mp-aaabrfjp,True,44,
mp-aaabrfjq,True,40,
mp-aaabrfjv,True,28,
mp-aaabrfjw,True,86,
mp-aaabrfkc,True,16,
mp-aaabrfkd,True,24,
mp-aaabrfke,True,42,
mp-aaabrfkk,True,86,
mp-aaabrfkm,True,36,
mp-aaabrfkn,True,11,
mp-aaabrfkp,True,36,
mp-aaabrflb,True,56,
mp-aaabrfld,True,76,
mp-aaabrflg,True,24,
mp-aaabrfli,True,38,
mp-aaabrflo,True,14,
mp-aaabrflt,True,86,
mp-aaabrflx,True,42,
mp-aaabrflz,True,12,
mp-aaabrfme,True,40,
mp-aaabrfmg,True,43,
mp-aaabrfml,True,14,
mp-aaabrfmm,True,40,
mp-aaabrfmn,True,16,
mp-aaabrfmo,True,44,
mp-aaabrfmq,True,12,
mp-aaabrfmr,True,44,
mp-aaabrfmv,True,76,
mp-aaabrfmx,True,36,
mp-aaabrfni,True,88,
mp-aaabrfnj,True,52,
mp-aaabrfnn,True,9,
mp-aaabrfno,True,15,
mp-aaabrfny,True,15,
mp-aaabrfnz,True,36,
mp-aaabrfoa,True,16,
mp-aaabrfoh,True,44,
mp-aaabrfoi,True,32,
mp-aaabrfoj,True,84,
mp-aaabrfok,True,18,
mp-aaabrfom,True,30,
mp-aaabrfon,True,40,
mp-aaabrfop,True,40,
mp-aaabrfos,True,22,
mp-aaabrfov,True,16,
mp-aaabrfow,True,36,
mp-aaabrfoz,True,44,
mp-aaabrfpb,True,32,
mp-aaabrfpj,True,34,
mp-aaabrfpk,True,90,
mp-aaabrfpl,True,34,
mp-aaabrfpv,True,28,
mp-aaabrfqa,True,43,
mp-aaabrfqd,True,86,
mp-aaabrfqf,True,34,
mp-aaabrfqg,True,68,
mp-aaabrfqk,True,22,
mp-aaabrfql,True,32,
mp-aaabrfqo,True,56,
mp-aaabrfqv,True,43,
mp-aaabrfqw,True,36,
mp-aaabrfqz,True,46,
mp-aaabrfrd,True,16,
mp-aaabrfri,True,41,
mp-aaabrfrk,True,44,
mp-aaabrfrp,True,22,
mp-aaabrfrs,True,72,
mp-aaabrfrv,True,60,
mp-aaabrfrx,True,28,
mp-aaabrfry,True,34,
mp-aaabrfrz,True,64,
mp-aaabrfsc,True,72,
mp-aaabrfse,True,88,
mp-aaabrfsg,True,44,
mp-aaabrfsj,True,30,
mp-aaabrfsk,True,90,
mp-aaabrfsv,True,64,
mp-aaabrfsx,True,56,
mp-aaabrfta,True,22,
mp-aaabrftb,True,42,
mp-aaabrftc,True,86,
mp-aaabrftd,True,40,
mp-aaabrftf,True,32,
mp-aaabrfto,True,30,
mp-aaabrftt,True,56,
mp-aaabrfua,True,30,
mp-aaabrfud,True,32,
mp-aaabrfue,True,24,
mp-aaabrfuf,True,44,
mp-aaabrfuh,True,32,
mp-aaabrfuj,True,72,
mp-aaabrfuk,True,51,
mp-aaabrfuo,True,68,
mp-aaabrfuq,True,44,
mp-aaabrfur,True,44,
mp-aaabrfux,True,28,
mp-aaabrfvi,True,36,
mp-aaabrfvj,True,51,
mp-aaabrfvl,True,20,
mp-aaabrfvr,True,54,
mp-aaabrfvs,True,64,
mp-aaabrfvt,True,55,
mp-aaabrfvu,True,48,
mp-aaabrfvz,True,60,
mp-aaabrfwd,True,70,
mp-aaabrfwe,True,11,
mp-aaabrfwf,True,20,
mp-aaabrfwg,True,32,
mp-aaabrfwm,True,71,
mp-aaabrfwn,True,86,
mp-aaabrfwt,True,24,
mp-aaabrfwz,True,88,
mp-aaabrfxf,True,52,
mp-aaabrfxg,True,40,
mp-aaabrfxj,True,92,
mp-aaabrfxm,True,44,
mp-aaabrfxp,True,42,
mp-aaabrfxq,True,90,
mp-aaabrfxt,True,34,
mp-aaabrfxw,True,43,
mp-aaabrfxx,True,34,
mp-aaabrfxz,True,28,
mp-aaabrfyb,True,34,
mp-aaabrfyd,True,70,
mp-aaabrfyf,True,18,
mp-aaabrfyi,True,54,
mp-aaabrfyj,True,44,
mp-aaabrfyq,True,14,
mp-aaabrfyr,True,90,
mp-aaabrfyv,True,72,
mp-aaabrfze,True,42,
mp-aaabrfzh,True,30,
mp-aaabrfzj,True,16,
mp-aaabrfzm,True,36,
mp-aaabrfzo,True,39,
mp-aaabrfzp,True,32,
mp-aaabrfzr,True,44,
mp-aaabrfzs,True,36,
mp-aaabrfzv,True,70,
mp-aaabrfzw,True,63,
mp-aaabrgac,True,56,
mp-aaabrgaf,True,32,
mp-aaabrgah,True,40,
mp-aaabrgai,True,56,
mp-aaabrgak,True,90,
mp-aaabrgam,True,10,
mp-aaabrgap,True,9,
mp-aaabrgau,True,15,
mp-aaabrgaw,True,84,
mp-aaabrgaz,True,54,
mp-aaabrgba,True,14,
mp-aaabrgbb,True,40,
mp-aaabrgbd,True,36,
mp-aaabrgbi,True,7,
mp-aaabrgbk,True,45,
mp-aaabrgbr,True,10,
mp-aaabrgbz,True,80,
mp-aaabrgci,True,34,
mp-aaabrgcj,True,28,
mp-aaabrgcn,True,44,
mp-aaabrgct,True,44,
mp-aaabrgcw,True,44,
mp-aaabrgda,True,43,
mp-aaabrgdb,True,84,
mp-aaabrgdd,True,90,
mp-aaabrgde,True,88,
mp-aaabrgdi,True,30,
mp-aaabrgdj,True,68,
mp-aaabrgdk,True,40,
mp-aaabrgdl,True,68,
mp-aaabrgdo,True,30,
mp-aaabrgdp,True,45,
mp-aaabrgdr,True,16,
mp-aaabrgdv,True,36,
mp-aaabrgdy,True,44,
mp-aaabrgeb,True,40,
mp-aaabrgec,True,84,
mp-aaabrgef,True,44,
mp-aaabrgeh,True,86,
mp-aaabrgej,True,40,
mp-aaabrgeo,True,32,
mp-aaabrgeq,True,90,
mp-aaabrget,True,44,
mp-aaabrgev,True,48,
mp-aaabrgew,True,42,
mp-aaabrgfa,True,46,
mp-aaabrgfb,True,44,
mp-aaabrgfd,True,18,
mp-aaabrgff,True,34,
mp-aaabrgfg,True,48,
mp-aaabrgfk,True,15,
mp-aaabrgfq,True,64,
mp-aaabrgfs,True,10,
mp-aaabrgfu,True,14,
mp-aaabrgfw,True,40,
mp-aaabrgfx,True,48,
mp-aaabrgfz,True,44,
mp-aaabrggb,True,56,
mp-aaabrggd,True,20,
mp-aaabrgge,True,34,
mp-aaabrggh,True,36,
mp-aaabrggk,True,48,
mp-aaabrggm,True,72,
mp-aaabrggo,True,90,
mp-aaabrggp,True,90,
mp-aaabrggs,True,20,
mp-aaabrggv,True,59,
mp-aaabrggz,True,40,
mp-aaabrghc,True,56,
mp-aaabrghg,True,13,
mp-aaabrghn,True,27,
mp-aaabrghu,True,24,
mp-aaabrghv,True,24,
mp-aaabrghw,True,60,
mp-aaabrghy,True,64,
mp-aaabrghz,True,56,
mp-aaabrgib,True,41,
mp-aaabrgid,True,20,
mp-aaabrgif,True,30,
mp-aaabrgil,True,34,
mp-aaabrgim,True,24,
mp-aaabrgis,True,97,
mp-aaabrgit,True,40,
mp-aaabrgiy,True,48,
mp-aaabrgiz,True,44,
mp-aaabrgjc,True,88,
mp-aaabrgjd,True,50,
mp-aaabrgje,True,54,
mp-aaabrgjj,True,30,
mp-aaabrgjk,True,72,
mp-aaabrgjm,True,92,
mp-aaabrgjn,True,90,
mp-aaabrgjp,True,34,
mp-aaabrgjs,True,90,
mp-aaabrgjt,True,72,
mp-aaabrgjv,True,86,
mp-aaabrgjx,True,86,
mp-aaabrgkc,True,77,
mp-aaabrgkj,True,50,
mp-aaabrgkm,True,30,
mp-aaabrgkq,True,84,
mp-aaabrgkr,True,86,
mp-aaabrgkw,True,41,
mp-aaabrglb,True,88,
mp-aaabrgld,True,88,
mp-aaabrgle,True,92,
mp-aaabrglf,True,11,
mp-aaabrgln,True,86,
mp-aaabrglo,True,92,
mp-aaabrglq,True,76,
mp-aaabrglr,True,84,
mp-aaabrgma,True,28,
mp-aaabrgmd,True,14,
mp-aaabrgme,True,54,
mp-aaabrgmg,True,33,
mp-aaabrgmk,True,32,
mp-aaabrgml,True,80,
mp-aaabrgmp,True,30,
mp-aaabrgmq,True,42,
mp-aaabrgmr,True,20,
mp-aaabrgmy,True,92,
mp-aaabrgmz,True,17,
mp-aaabrgng,True,38,
mp-aaabrgnk,True,55,
mp-aaabrgnl,True,83,
mp-aaabrgno,True,88,
mp-aaabrgnq,True,20,
mp-aaabrgns,True,80,
mp-aaabrgnu,True,92,
mp-aaabrgnv,True,90,
mp-aaabrgob,True,28,
mp-aaabrgog,True,64,
mp-aaabrgoh,True,46,
mp-aaabrgon,True,92,
mp-aaabrgoo,True,32,
mp-aaabrgoq,True,35,
mp-aaabrgos,True,16,
mp-aaabrgou,True,84,
mp-aaabrgov,True,42,
mp-aaabrgox,True,28,
mp-aaabrgoy,True,80,
mp-aaabrgpa,True,30,
mp-aaabrgpc,True,59,
mp-aaabrgpf,True,44,
mp-aaabrgph,True,44,
mp-aaabrgpi,True,44,
mp-aaabrgpj,True,94,
mp-aaabrgpk,True,88,
mp-aaabrgpn,True,44,
mp-aaabrgpp,True,54,
mp-aaabrgpr,True,72,
mp-aaabrgps,True,17,
mp-aaabrgpt,True,36,
mp-aaabrgpu,True,84,
mp-aaabrgpy,True,63,
mp-aaabrgqd,True,45,
mp-aaabrgqi,True,22,
mp-aaabrgqj,True,40,
mp-aaabrgqk,True,48,
mp-aaabrgql,True,24,
mp-aaabrgqo,True,45,
mp-aaabrgqr,True,44,
mp-aaabrgqt,True,92,
mp-aaabrgqv,True,48,
mp-aaabrgqw,True,44,
mp-aaabrgqx,True,55,
mp-aaabrgrb,True,32,
mp-aaabrgrc,True,45,
mp-aaabrgrd,True,34,
mp-aaabrgri,True,90,
mp-aaabrgrj,True,44,
mp-aaabrgrl,True,84,
mp-aaabrgrm,True,88,
mp-aaabrgrn,True,45,
mp-aaabrgro,True,44,
mp-aaabrgrp,True,44,
mp-aaabrgrs,True,44,
mp-aaabrgru,True,84,
mp-aaabrgsb,True,16,
mp-aaabrgsc,True,56,
mp-aaabrgsd,True,30,
mp-aaabrgse,True,34,
mp-aaabrgsj,True,86,
mp-aaabrgsk,True,28,
mp-aaabrgsr,True,36,
mp-aaabrgss,True,44,
mp-aaabrgsu,True,48,
mp-aaabrgsv,True,10,
mp-aaabrgsw,True,30,
mp-aaabrgsy,True,30,
mp-aaabrgtc,True,48,
mp-aaabrgte,True,88,
mp-aaabrgtg,True,43,
mp-aaabrgth,True,22,
mp-aaabrgti,True,18,
mp-aaabrgtl,True,34,
mp-aaabrgtm,True,56,
mp-aaabrgtp,True,34,
mp-aaabrgtu,True,20,
mp-aaabrgtv,True,7,
mp-aaabrgtw,True,14,
mp-aaabrgtz,True,24,
mp-aaabrgua,True,52,
mp-aaabrgub,True,30,
mp-aaabrgud,True,16,
mp-aaabrgui,True,44,
mp-aaabrguk,True,15,
mp-aaabrgul,True,30,
mp-aaabrgun,True,16,
mp-aaabrguo,True,32,
mp-aaabrgup,True,38,
mp-aaabrgux,True,10,
mp-aaabrguy,True,12,
mp-aaabrgvb,True,41,
mp-aaabrgvc,True,41,
mp-aaabrgvi,True,14,
mp-aaabrgvx,True,40,
mp-aaabrgwf,True,11,
mp-aaabrgwx,True,8,
mp-aaabrgyu,True,20,
mp-aaabrhaj,True,18,
mp-aaabrham,True,12,
mp-aaabrhaq,True,32,
mp-aaabrhbk,True,15,
mp-aaabrhbn,True,11,
mp-aaabrhbu,True,11,
mp-aaabrhdb,True,24,
mp-aaabrhdq,True,14,
mp-aaabrhdr,True,20,
mp-aaabrhkk,True,88,
mp-aaabrhkt,True,90,
mp-aaabrhkx,True,68,
mp-aaabrhkz,True,42,
mp-aaabrhlb,True,34,
mp-aaabrhlc,True,40,
mp-aaabrhld,True,94,
mp-aaabrhlh,True,49,
mp-aaabrhli,True,48,
mp-aaabrhlk,True,41,
mp-aaabrhlo,True,41,
mp-aaabrhlr,True,56,
mp-aaabrhlv,True,48,
mp-aaabrhlx,True,66,
mp-aaabrhmb,True,40,
mp-aaabrhmc,True,20,
mp-aaabrhmj,True,30,
mp-aaabrhml,True,78,
mp-aaabrhmp,True,56,
mp-aaabrhmr,True,40,
mp-aaabrhmu,True,63,
mp-aaabrhmv,True,60,
mp-aaabrhng,True,84,
mp-aaabrhnk,True,40,
mp-aaabrhnn,True,55,
mp-aaabrhnv,True,30,
mp-aaabrhof,True,24,
mp-aaabrhoy,True,32,
mp-aaabrhpg,True,38,
mp-aaabrhph,True,42,
mp-aaabrhps,True,32,
mp-aaabrhpv,True,32,
mp-aaabrhpx,True,30,
mp-aaabrhpy,True,32,
mp-aaabrhqo,True,24,
mp-aaabrhqs,True,30,
mp-aaabrhrf,True,16,
mp-aaabrhri,True,32,
mp-aaabrhrm,True,40,
mp-aaabrhrn,True,86,
mp-aaabrhro,True,30,
mp-aaabrhrp,True,44,
mp-aaabrhru,True,28,
mp-aaabrhrv,True,34,
mp-aaabrhrw,True,86,
mp-aaabrhsa,True,86,
mp-aaabrhsb,True,86,
mp-aaabrhsd,True,30,
mp-aaabrhse,True,18,
mp-aaabrhsf,True,86,
mp-aaabrhsg,True,86,
mp-aaabrhsh,True,16,
mp-aaabrhsn,True,86,
mp-aaabrhso,True,30,
mp-aaabrhsp,True,34,
mp-aaabrhsr,True,43,
mp-aaabrhsv,True,30,
mp-aaabrhsy,True,60,
mp-aaabrhtd,True,56,
mp-aaabrhtf,True,48,
mp-aaabrhtg,True,86,
mp-aaabrhth,True,86,
mp-aaabrhti,True,86,
mp-aaabrhtn,True,86,
mp-aaabrhto,True,86,
mp-aaabrhtq,True,40,
mp-aaabrhtr,True,86,
mp-aaabrhts,True,30,
mp-aaabrhtw,True,22,
mp-aaabrhtx,True,41,
mp-aaabrhub,True,20,
mp-aaabrhud,True,86,
mp-aaabrhuh,True,21,
mp-aaabrhuj,True,86,
mp-aaabrhus,True,44,
mp-aaabrhuu,True,86,
mp-aaabrhuv,True,40,
mp-aaabrhuw,True,56,
mp-aaabrhuy,True,32,
mp-aaabrhva,True,40,
mp-aaabrhvb,True,34,
mp-aaabrhvc,True,68,
mp-aaabrhve,True,82,
mp-aaabrhvg,True,46,
mp-aaabrhvn,True,80,
mp-aaabrhvo,True,80,
mp-aaabrhvr,True,30,
mp-aaabrhvu,True,14,
mp-aaabrhvv,True,56,
mp-aaabrhvw,True,79,
mp-aaabrhwb,True,40,
mp-aaabrhwk,True,68,
mp-aaabrhwm,True,129,
mp-aaabrhwn,True,70,
mp-aaabrhwp,True,16,
mp-aaabrhwu,True,28,
mp-aaabrhww,True,40,
mp-aaabrhwz,True,22,
mp-aaabrhxb,True,28,
mp-aaabrhxd,True,28,
mp-aaabrhxg,True,18,
mp-aaabrhxn,True,9,
mp-aaabrhxq,True,40,
mp-aaabrhxr,True,39,
mp-aaabrhya,True,24,
mp-aaabrhyb,True,28,
mp-aaabrhyd,True,94,
mp-aaabrhyg,True,32,
mp-aaabrhyk,True,52,
mp-aaabrhyl,True,40,
mp-aaabrhyn,True,34,
mp-aaabrhyo,True,30,
mp-aaabrhyp,True,44,
mp-aaabrhyr,True,59,
mp-aaabrhys,True,20,
mp-aaabrhyu,True,64,
mp-aaabrhza,True,42,
mp-aaabrhzg,True,42,
mp-aaabrhzi,True,40,
mp-aaabrhzl,True,18,
mp-aaabrhzm,True,24,
mp-aaabrhzo,True,28,
mp-aaabrhzq,True,10,
mp-aaabrhzs,True,32,
mp-aaabrhzv,True,28,
mp-aaabrhzw,True,30,
mp-aaabrhzx,True,34,
mp-aaabriaa,True,72,
mp-aaabriab,True,20,
mp-aaabriak,True,24,
mp-aaabriam,True,72,
mp-aaabriaq,True,44,
mp-aaabrias,True,45,
mp-aaabriat,True,42,
mp-aaabriav,True,32,
mp-aaabriaw,True,45,
mp-aaabriaz,True,42,
mp-aaabriba,True,46,
mp-aaabribe,True,41,
mp-aaabribf,True,44,
mp-aaabribh,True,46,
mp-aaabribj,True,46,
mp-aaabribk,True,42,
mp-aaabribl,True,43,
mp-aaabribm,True,43,
mp-aaabribn,True,43,
mp-aaabribs,True,47,
mp-aaabribt,True,44,
mp-aaabribu,True,46,
mp-aaabribw,True,44,
mp-aaabribx,True,42,
mp-aaabriby,True,44,
mp-aaabribz,True,45,
mp-aaabricc,True,44,
mp-aaabricd,True,44,
mp-aaabricg,True,43,
mp-aaabrich,True,42,
mp-aaabrici,True,63,
mp-aaabricn,True,43,
mp-aaabrico,True,45,
mp-aaabricp,True,45,
mp-aaabricq,True,44,
mp-aaabricr,True,36,
mp-aaabrics,True,28,
mp-aaabrict,True,32,
mp-aaabricz,True,45,
mp-aaabridb,True,42,
mp-aaabridc,True,42,
mp-aaabride,True,84,
mp-aaabridg,True,14,
mp-aaabridi,True,20,
mp-aaabridl,True,42,
mp-aaabridp,True,14,
mp-aaabridr,True,32,
mp-aaabridv,True,14,
mp-aaabridx,True,44,
mp-aaabridy,True,45,
mp-aaabridz,True,28,
mp-aaabriea,True,17,
mp-aaabried,True,20,
mp-aaabrikf,True,28,
mp-aaabrikn,True,28,
mp-aaabrily,True,28,
mp-aaabrimn,True,9,
mp-aaabrimy,True,12,
mp-aaabrinq,True,9,
mp-aaabrioa,True,24,
mp-aaabripn,True,24,
mp-aaabripx,True,24,
mp-aaabriqa,True,12,
mp-aaabriqk,True,12,
mp-aaabriqw,True,24,
mp-aaabrirl,True,65,
mp-aaabrirp,True,24,
mp-aaabritr,True,16,
mp-aaabriuo,True,14,
mp-aaabrivi,True,13,
mp-aaabriwa,True,14,
mp-aaabriwp,True,28,
mp-aaabrixf,True,89,
mp-aaabrixx,True,53,
mp-aaabriyb,True,10,
mp-aaabriyz,True,17,
mp-aaabrizf,True,24,
mp-aaabrizx,True,27,
mp-aaabrjbn,True,15,
mp-aaabrjch,True,38,
mp-aaabrjcs,True,34,
mp-aaabrjdc,True,24,
mp-aaabrjdk,True,56,
mp-aaabrjdo,True,56,
mp-aaabrjep,True,54,
mp-aaabrjfe,True,88,
mp-aaabrjfk,True,32,
mp-aaabrjgd,True,14,
mp-aaabrjgl,True,10,
mp-aaabrjgy,True,71,
mp-aaabrjhk,True,80,
mp-aaabrjlz,True,12,
mp-aaabrjmb,True,18,
mp-aaabrjoi,True,28,
mp-aaabrjoj,True,10,
mp-aaabrjox,True,18,
mp-aaabrjph,True,18,
mp-aaabrjpx,True,36,
mp-aaabrjqa,True,11,
mp-aaabrjql,True,27,
mp-aaabrjqo,True,18,
mp-aaabrjqt,True,34,
mp-aaabrjqy,True,19,
mp-aaabrjsc,True,36,
mp-aaabrjtj,True,44,
mp-aaabrjuc,True,55,
mp-aaabrjup,True,17,
mp-aaabrjus,True,16,
mp-aaabrjut,True,11,
mp-aaabrjvd,True,20,
mp-aaabrjvo,True,22,
mp-aaabrjzd,True,24,
mp-aaabrjzf,True,16,
mp-aaabrjzj,True,24,
mp-aaabrkab,True,17,
mp-aaabrkbv,True,22,
mp-aaabrkcu,True,28,
mp-aaabrkds,True,11,
mp-aaabrkeb,True,10,
mp-aaabrkec,True,18,
mp-aaabrkez,True,28,
mp-aaabrkgk,True,18,
mp-aaabrkgq,True,17,
mp-aaabrkgs,True,15,
mp-aaabrkha,True,15,
mp-aaabrklg,True,26,
mp-aaabrklu,True,16,
mp-aaabrkmq,True,26,
mp-aaabrkno,True,28,
mp-aaabrkpm,True,18,
mp-aaabrkta,True,24,
mp-aaabrkud,True,24,
mp-aaabrkuj,True,9,
mp-aaabrkwo,True,15,
mp-aaabrkyr,True,24,
mp-aaabrkza,True,56,
mp-aaabrkzg,True,15,
mp-aaabrkzi,True,28,
mp-aaabrkzo,True,24,
mp-aaabrkzq,True,22,
mp-aaabrkzw,True,10,
mp-aaabrkzx,True,18,
mp-aaabrlan,True,28,
mp-aaabrlbi,True,27,
mp-aaabrlbk,True,14,
mp-aaabrlbl,True,23,
mp-aaabrlbq,True,14,
mp-aaabrlbr,True,16,
mp-aaabrlbs,True,17,
mp-aaabrlbx,True,14,
mp-aaabrlbz,True,14,
mp-aaabrlca,True,14,
mp-aaabrldk,True,24,
mp-aaabrlef,True,14,
mp-aaabrlej,True,16,
mp-aaabrleq,True,27,
mp-aaabrlfc,True,14,
mp-aaabrlfp,True,28,
mp-aaabrlfz,True,10,
mp-aaabrlgl,True,19,
mp-aaabrliq,True,15,
mp-aaabrlir,True,10,
mp-aaabrlit,True,14,
mp-aaabrljc,True,30,
mp-aaabrlks,True,14,
mp-aaabrllr,True,14,
mp-aaabrlls,True,36,
mp-aaabrlmb,True,28,
mp-aaabrlmd,True,28,
mp-aaabrlmi,True,38,
mp-aaabrlmy,True,20,
mp-aaabrlmz,True,14,
mp-aaabrlnh,True,20,
mp-aaabrlnq,True,38,
mp-aaabrlns,True,19,
mp-aaabrloj,True,15,
mp-aaabrlok,True,19,
mp-aaabrlou,True,20,
mp-aaabrlpp,True,19,
mp-aaabrlrj,True,40,
mp-aaabrlrn,True,15,
mp-aaabrluf,True,15,
mp-aaabrlvc,True,15,
mp-aaabrlvr,True,42,
mp-aaabrlwe,True,26,
mp-aaabrlwi,True,9,
mp-aaabrlwo,True,52,
mp-aaabrlwr,True,26,
mp-aaabrlyh,True,24,
mp-aaabrlzp,True,34,
mp-aaabrmat,True,32,
mp-aaabrmbe,True,16,
mp-aaabrmbk,True,17,
mp-aaabrmbq,True,14,
mp-aaabrmbv,True,18,
mp-aaabrmcb,True,30,
mp-aaabrmdb,True,30,
mp-aaabrmdh,True,24,
mp-aaabrmei,True,18,
mp-aaabrmej,True,24,
mp-aaabrmev,True,16,
mp-aaabrmfd,True,34,
mp-aaabrmfj,True,32,
mp-aaabrmfl,True,14,
mp-aaabrmfx,True,28,
mp-aaabrmfy,True,14,
mp-aaabrmga,True,30,
mp-aaabrmgh,True,30,
mp-aaabrmhg,True,86,
mp-aaabrmhy,True,16,
mp-aaabrmhz,True,24,
mp-aaabrmio,True,30,
mp-aaabrmix,True,56,
mp-aaabrmjb,True,60,
mp-aaabrmjl,True,42,
mp-aaabrmkc,True,68,
mp-aaabrmkt,True,32,
mp-aaabrmlf,True,72,
mp-aaabrmmj,True,26,
mp-aaabrmns,True,36,
mp-aaabrmos,True,40,
mp-aaabrmov,True,34,
mp-aaabrmpd,True,26,
mp-aaabrmpe,True,20,
mp-aaabrmpk,True,14,
mp-aaabrmpy,True,78,
mp-aaabrmrl,True,22,
mp-aaabrmrs,True,32,
mp-aaabrmrt,True,40,
mp-aaabrmrw,True,32,
mp-aaabrmrx,True,24,
mp-aaabrmry,True,32,
mp-aaabrmsa,True,28,
mp-aaabrmsh,True,14,
mp-aaabrmsj,True,24,
mp-aaabrmst,True,32,
mp-aaabrmsw,True,15,
mp-aaabrmtb,True,54,
mp-aaabrmte,True,35,
mp-aaabrmtf,True,14,
mp-aaabrmtj,True,72,
mp-aaabrmub,True,24,
mp-aaabrmuc,True,24,
mp-aaabrmuk,True,72,
mp-aaabrmuo,True,36,
mp-aaabrmup,True,72,
mp-aaabrmux,True,28,
mp-aaabrmvt,True,35,
mp-aaabrmvw,True,24,
mp-aaabrmwa,True,15,
mp-aaabrmwh,True,46,
mp-aaabrmwk,True,42,
mp-aaabrmwn,True,44,
mp-aaabrmws,True,32,
mp-aaabrmxa,True,41,
mp-aaabrmxd,True,84,
mp-aaabrmxg,True,63,
mp-aaabrmxk,True,84,
mp-aaabrmxy,True,46,
mp-aaabrmyb,True,44,
mp-aaabrmyc,True,43,
mp-aaabrmyd,True,45,
mp-aaabrmye,True,44,
mp-aaabrmyi,True,45,
mp-aaabrmyj,True,43,
mp-aaabrmyk,True,44,
mp-aaabrmyo,True,41,
mp-aaabrmyp,True,44,
mp-aaabrmyu,True,43,
mp-aaabrmyv,True,43,
mp-aaabrmyy,True,45,
mp-aaabrmzf,True,43,
mp-aaabrmzh,True,56,
mp-aaabrmzm,True,45,
mp-aaabrmzr,True,44,
mp-aaabrmzw,True,44,
mp-aaabrmzy,True,45,
mp-aaabrnab,True,30,
mp-aaabrnad,True,44,
mp-aaabrnak,True,41,
mp-aaabrnar,True,44,
mp-aaabrnbf,True,44,
mp-aaabrnbh,True,44,
mp-aaabrnbl,True,28,
mp-aaabrnby,True,32,
mp-aaabrnbz,True,17,
mp-aaabrnce,True,44,
mp-aaabrncf,True,28,
mp-aaabrncm,True,42,
mp-aaabrncn,True,43,
mp-aaabrnco,True,63,
mp-aaabrncq,True,44,
mp-aaabrncw,True,68,
mp-aaabrndj,True,45,
mp-aaabrndl,True,22,
mp-aaabrndr,True,44,
mp-aaabrnds,True,44,
mp-aaabrndu,True,45,
mp-aaabrnel,True,16,
mp-aaabrnem,True,43,
mp-aaabrnet,True,44,
mp-aaabrnfc,True,72,
mp-aaabrnfp,True,23,
mp-aaabrnfq,True,44,
mp-aaabrnfv,True,84,
mp-aaabrnfw,True,84,
mp-aaabrngi,True,22,
mp-aaabrngj,True,12,
mp-aaabrngk,True,43,
mp-aaabrngl,True,42,
mp-aaabrngs,True,32,
mp-aaabrngu,True,72,
mp-aaabrngy,True,16,
mp-aaabrnha,True,42,
mp-aaabrnhd,True,43,
mp-aaabrnhg,True,8,
mp-aaabrnhi,True,24,
mp-aaabrnho,True,22,
mp-aaabrnhp,True,40,
mp-aaabrnhq,True,24,
mp-aaabrnhv,True,23,
mp-aaabrnhw,True,24,
mp-aaabrnhz,True,23,
mp-aaabrnie,True,15,
mp-aaabrnig,True,48,
mp-aaabrnih,True,23,
mp-aaabrnik,True,72,
mp-aaabrnil,True,56,
mp-aaabrnit,True,20,
mp-aaabrnjg,True,43,
mp-aaabrnji,True,45,
mp-aaabrnjj,True,44,
mp-aaabrnjz,True,43,
mp-aaabrnlf,True,43,
mp-aaabrnli,True,15,
mp-aaabrnlp,True,152,
mp-aaabrnls,True,32,
mp-aaabrnlx,True,38,
mp-aaabrnmb,True,84,
mp-aaabrnmc,True,84,
mp-aaabrnmg,True,43,
mp-aaabrnml,True,32,
mp-aaabrnmr,True,41,
mp-aaabrnmu,True,46,
mp-aaabrnmv,True,26,
mp-aaabrnmx,True,45,
mp-aaabrnnc,True,47,
mp-aaabrnnj,True,26,
mp-aaabrnnk,True,44,
mp-aaabrnnp,True,29,
mp-aaabrnns,True,84,
mp-aaabrnnx,True,32,
mp-aaabrnog,True,29,
mp-aaabrnol,True,84,
mp-aaabrnom,True,46,
mp-aaabrnon,True,34,
mp-aaabrnoo,True,28,
mp-aaabrnos,True,43,
mp-aaabrnov,True,43,
mp-aaabrnpd,True,8,
mp-aaabrnpl,True,32,
mp-aaabrnpn,True,24,
mp-aaabrnpx,True,84,
mp-aaabrnpz,True,43,
mp-aaabrnqf,True,28,
mp-aaabrnql,True,30,
mp-aaabrnqn,True,38,
mp-aaabrnqq,True,88,
mp-aaabrnqr,True,88,
mp-aaabrnqs,True,88,
mp-aaabrnqt,True,86,
mp-aaabrnqv,True,86,
mp-aaabrnqw,True,86,
mp-aaabrnrg,True,30,
mp-aaabrnrk,True,86,
mp-aaabrnrl,True,86,
mp-aaabrnrm,True,86,
mp-aaabrnrr,True,88,
mp-aaabrnrt,True,88,
mp-aaabrnru,True,88,
mp-aaabrnry,True,84,
mp-aaabrnrz,True,88,
mp-aaabrnsb,True,88,
mp-aaabrnsd,True,34,
mp-aaabrnst,True,88,
mp-aaabrnsu,True,95,
mp-aaabrnsv,True,90,
mp-aaabrntc,True,28,
mp-aaabrntf,True,22,
mp-aaabrnue,True,90,
mp-aaabrnuh,True,90,
mp-aaabrnui,True,90,
mp-aaabrnuk,True,90,
mp-aaabrnum,True,90,
mp-aaabrnva,True,36,
mp-aaabrnwc,True,90,
mp-aaabrnwj,True,90,
mp-aaabrnwl,True,28,
mp-aaabrnws,True,88,
mp-aaabrnwu,True,90,
mp-aaabrnwz,True,88,
mp-aaabrnxb,True,90,
mp-aaabrnxe,True,90,
mp-aaabrnyq,True,90,
mp-aaabrnyr,True,90,
mp-aaabrnyt,True,90,
mp-aaabrnzn,True,90,
mp-aaabrnzr,True,27,
mp-aaabrnzz,True,90,
mp-aaabroag,True,19,
mp-aaabroba,True,13,
mp-aaabrobq,True,29,
mp-aaabrocb,True,100,
mp-aaabrocc,True,36,
mp-aaabrocj,True,28,
mp-aaabrodb,True,34,
mp-aaabrodg,True,21,
mp-aaabroeb,True,86,
mp-aaabroee,True,24,
mp-aaabroek,True,80,
mp-aaabroeq,True,86,
mp-aaabroew,True,40,
mp-aaabrofj,True,88,
mp-aaabroge,True,36,
mp-aaabrogh,True,88,
mp-aaabrogi,True,88,
mp-aaabrogm,True,32,
mp-aaabrogr,True,86,
mp-aaabrogt,True,86,
mp-aaabrogu,True,88,
mp-aaabrogy,True,88,
mp-aaabrohb,True,86,
mp-aaabrohd,True,88,
mp-aaabrohm,True,88,
mp-aaabrohn,True,88,
mp-aaabroho,True,88,
mp-aaabrohq,True,88,
mp-aaabroir,True,20,
mp-aaabroit,True,30,
mp-aaabrojb,True,34,
mp-aaabrojg,True,38,
mp-aaabrojn,True,88,
mp-aaabrojo,True,28,
mp-aaabrojr,True,86,
mp-aaabrojw,True,86,
mp-aaabroke,True,28,
mp-aaabrokf,True,24,
mp-aaabrokg,True,24,
mp-aaabrokh,True,10,
mp-aaabroki,True,10,
mp-aaabrokm,True,32,
mp-aaabrokp,True,28,
mp-aaabrokq,True,9,
mp-aaabrokr,True,24,
mp-aaabrokt,True,26,
mp-aaabrold,True,24,
mp-aaabrolu,True,24,
mp-aaabroly,True,80,
mp-aaabromi,True,16,
mp-aaabromr,True,24,
mp-aaabromv,True,30,
mp-aaabronc,True,20,
mp-aaabrone,True,28,
mp-aaabronj,True,40,
mp-aaabrono,True,68,
mp-aaabrony,True,56,
mp-aaabronz,True,52,
mp-aaabrooe,True,24,
mp-aaabrooh,True,16,
mp-aaabroot,True,24,
mp-aaabrooz,True,24,
mp-aaabropc,True,24,
mp-aaabrope,True,24,
mp-aaabropf,True,28,
mp-aaabropl,True,24,
mp-aaabropo,True,28,
mp-aaabropp,True,26,
mp-aaabropy,True,24,
mp-aaabroqp,True,16,
mp-aaabrorf,True,23,
mp-aaabrorx,True,32,
mp-aaabrosb,True,16,
mp-aaabrosg,True,16,
mp-aaabrosm,True,16,
mp-aaabrosv,True,30,
mp-aaabrosx,True,23,
mp-aaabrosy,True,30,
mp-aaabrotv,True,16,
mp-aaabroty,True,20,
mp-aaabrouk,True,88,
mp-aaabroux,True,16,
mp-aaabrovd,True,14,
mp-aaabrowa,True,15,
mp-aaabroxd,True,24,
mp-aaabroxk,True,28,
mp-aaabroxl,True,28,
mp-aaabroxo,True,29,
mp-aaabrozm,True,14,
mp-aaabrozt,True,20,
mp-aaabrpcm,True,34,
mp-aaabrpcn,True,44,
mp-aaabrpcv,True,42,
mp-aaabrpcz,True,41,
mp-aaabrpdc,True,34,
mp-aaabrpdd,True,22,
mp-aaabrpdo,True,21,
mp-aaabrpdp,True,30,
mp-aaabrpdq,True,21,
mp-aaabrpdw,True,28,
mp-aaabrpea,True,40,
mp-aaabrpec,True,40,
mp-aaabrpee,True,30,
mp-aaabrpeg,True,22,
mp-aaabrpeh,True,22,
mp-aaabrpek,True,28,
mp-aaabrpeq,True,65,
mp-aaabrpeu,True,44,
mp-aaabrpev,True,40,
mp-aaabrpey,True,36,
mp-aaabrpfe,True,24,
mp-aaabrpff,True,56,
mp-aaabrpfk,True,36,
mp-aaabrpfm,True,48,
mp-aaabrpfv,True,54,
mp-aaabrpgm,True,72,
mp-aaabrpgo,True,38,
mp-aaabrpgq,True,28,
mp-aaabrpgr,True,34,
mp-aaabrpgt,True,28,
mp-aaabrpgu,True,43,
mp-aaabrpgv,True,37,
mp-aaabrpgw,True,60,
mp-aaabrpgx,True,44,
mp-aaabrpgy,True,35,
mp-aaabrphb,True,43,
mp-aaabrphg,True,35,
mp-aaabrphh,True,52,
mp-aaabrphl,True,56,
mp-aaabrphq,True,32,
mp-aaabrpic,True,40,
mp-aaabrpie,True,78,
mp-aaabrpif,True,84,
mp-aaabrpij,True,37,
mp-aaabrpil,True,56,
mp-aaabrpim,True,30,
mp-aaabrpio,True,56,
mp-aaabrpip,True,72,
mp-aaabrpiu,True,44,
mp-aaabrpix,True,22,
mp-aaabrpiy,True,42,
mp-aaabrpjd,True,62,
mp-aaabrpjj,True,34,
mp-aaabrpll,True,53,
mp-aaabrplm,True,56,
mp-aaabrplr,True,37,
mp-aaabrplv,True,60,
mp-aaabrplw,True,40,
mp-aaabrpma,True,34,
mp-aaabrpmf,True,30,
mp-aaabrpmh,True,28,
mp-aaabrpmi,True,44,
mp-aaabrpmo,True,44,
mp-aaabrpni,True,52,
mp-aaabrprw,True,37,
mp-aaabrprx,True,37,
mp-aaabrprz,True,40,
mp-aaabrpsa,True,56,
mp-aaabrpsf,True,37,
mp-aaabrpsg,True,56,
mp-aaabrpsh,True,37,
mp-aaabrpsi,True,37,
mp-aaabrpsj,True,49,
mp-aaabrpsk,True,48,
mp-aaabrpsm,True,39,
mp-aaabrpsq,True,58,
mp-aaabrpst,True,34,
mp-aaabrpsu,True,34,
mp-aaabrpsv,True,30,
mp-aaabrpsw,True,37,
mp-aaabrpsx,True,37,
mp-aaabrpsy,True,74,
mp-aaabrpsz,True,59,
mp-aaabrptb,True,76,
mp-aaabrpti,True,36,
mp-aaabrptk,True,39,
mp-aaabrptl,True,40,
mp-aaabrptm,True,48,
mp-aaabrptq,True,48,
mp-aaabrptr,True,52,
mp-aaabrpty,True,44,
mp-aaabrpuh,True,48,
mp-aaabrpul,True,30,
mp-aaabrpun,True,22,
mp-aaabrpuo,True,48,
mp-aaabrpuq,True,26,
mp-aaabrpuw,True,26,
mp-aaabrpva,True,9,
mp-aaabrpvb,True,52,
mp-aaabrpvc,True,52,
mp-aaabrpve,True,28,
mp-aaabrpvf,True,52,
mp-aaabrpvg,True,48,
mp-aaabrpvh,True,44,
mp-aaabrpvi,True,36,
mp-aaabrpvk,True,52,
mp-aaabrpvm,True,44,
mp-aaabrpwe,True,71,
mp-aaabrpwf,True,39,
mp-aaabrpwg,True,8,
mp-aaabrpwi,True,44,
mp-aaabrpwj,True,44,
mp-aaabrpwk,True,46,
mp-aaabrpwn,True,61,
mp-aaabrpwq,True,32,
mp-aaabrpwr,True,44,
mp-aaabrpwt,True,46,
mp-aaabrpwu,True,48,
mp-aaabrpww,True,74,
mp-aaabrpxb,True,48,
mp-aaabrpxc,True,48,
mp-aaabrpxg,True,35,
mp-aaabrpxi,True,46,
mp-aaabrpxs,True,52,
mp-aaabrpxt,True,71,
mp-aaabrpxu,True,71,
mp-aaabrpxv,True,74,
mp-aaabrpxx,True,28,
mp-aaabrpxy,True,34,
mp-aaabrpye,True,35,
mp-aaabrpyj,True,66,
mp-aaabrpyk,True,28,
mp-aaabrpyl,True,42,
mp-aaabrpym,True,34,
mp-aaabrpyq,True,39,
mp-aaabrpzn,True,74,
mp-aaabrqab,True,52,
mp-aaabrqaf,True,58,
mp-aaabrqam,True,72,
mp-aaabrqat,True,45,
mp-aaabrqbb,True,56,
mp-aaabrqbp,True,44,
mp-aaabrqdt,True,43,
mp-aaabrqdu,True,74,
mp-aaabrqea,True,42,
mp-aaabrqeb,True,72,
mp-aaabrqev,True,74,
mp-aaabrqew,True,32,
mp-aaabrqhx,True,24,
mp-aaabrqii,True,78,
mp-aaabrqis,True,10,
mp-aaabrqjf,True,42,
mp-aaabrqjk,True,51,
mp-aaabrqjl,True,70,
mp-aaabrqjq,True,55,
mp-aaabrqla,True,15,
mp-aaabrqlh,True,41,
mp-aaabrqli,True,56,
mp-aaabrqlk,True,78,
mp-aaabrqlo,True,50,
mp-aaabrqlr,True,56,
mp-aaabrqlw,True,36,
mp-aaabrqly,True,42,
mp-aaabrqnb,True,28,
mp-aaabrqnd,True,28,
mp-aaabrqnn,True,44,
mp-aaabrqnu,True,32,
mp-aaabrqoa,True,62,
mp-aaabrqog,True,28,
mp-aaabrqpj,True,64,
mp-aaabrqqo,True,58,
mp-aaabrqrk,True,44,
mp-aaabrqsb,True,44,
mp-aaabrqsn,True,28,
mp-aaabrqst,True,44,
mp-aaabrqtk,True,32,
mp-aaabrqvh,True,47,
mp-aaabrqvq,True,50,
mp-aaabrqwb,True,49,
mp-aaabrqwp,True,52,
mp-aaabrqxm,True,39,
mp-aaabrqya,True,44,
mp-aaabrqyk,True,51,
mp-aaabrqyo,True,13,
mp-aaabrrai,True,64,
mp-aaabrrbs,True,18,
mp-aaabrrdn,True,66,
mp-aaabrrdz,True,15,
mp-aaabrreu,True,38,
mp-aaabrrfc,True,49,
mp-aaabrrff,True,20,
mp-aaabrrfw,True,15,
mp-aaabrrfz,True,22,
mp-aaabrrgl,True,44,
mp-aaabrrgr,True,27,
mp-aaabrrgt,True,68,
mp-aaabrrgu,True,72,
mp-aaabrrgy,True,40,
mp-aaabrrib,True,19,
mp-aaabrriw,True,52,
mp-aaabrrjd,True,51,
mp-aaabrrjr,True,73,
mp-aaabrrkg,True,26,
mp-aaabrrko,True,24,
mp-aaabrrks,True,22,
mp-aaabrrle,True,24,
mp-aaabrrlk,True,22,
mp-aaabrrlw,True,37,
mp-aaabrrma,True,32,
mp-aaabrrmr,True,28,
mp-aaabrrmz,True,28,
mp-aaabrrng,True,69,
mp-aaabrrnh,True,32,
mp-aaabrrni,True,24,
mp-aaabrrnl,True,28,
mp-aaabrrnm,True,24,
mp-aaabrrnq,True,37,
mp-aaabrrnt,True,24,
mp-aaabrrny,True,28,
mp-aaabrrod,True,22,
mp-aaabrroh,True,20,
mp-aaabrroi,True,24,
mp-aaabrroj,True,66,
mp-aaabrror,True,20,
mp-aaabrrou,True,12,
mp-aaabrroz,True,18,
mp-aaabrrpl,True,32,
mp-aaabrrpv,True,20,
mp-aaabrrpw,True,28,
mp-aaabrrqm,True,22,
mp-aaabrrqq,True,18,
mp-aaabrrqx,True,24,
mp-aaabrrrc,True,56,
mp-aaabrrre,True,20,
mp-aaabrrrh,True,36,
mp-aaabrrrr,True,28,
mp-aaabrrrs,True,46,
mp-aaabrrru,True,40,
mp-aaabrrrv,True,24,
mp-aaabrrsm,True,52,
mp-aaabrrta,True,56,
mp-aaabrrti,True,70,
mp-aaabrrtr,True,36,
mp-aaabrrts,True,28,
mp-aaabrrtt,True,28,
mp-aaabrrtv,True,40,
mp-aaabrrtw,True,34,
mp-aaabrrty,True,36,
mp-aaabrrtz,True,40,
mp-aaabrrwb,True,72,
mp-aaabrsaq,True,44,
mp-aaabrsat,True,15,
mp-aaabrsay,True,48,
mp-aaabrsbk,True,14,
mp-aaabrscp,True,50,
mp-aaabrsdg,True,32,
mp-aaabrsdn,True,48,
mp-aaabrseb,True,28,
mp-aaabrsec,True,48,
mp-aaabrsej,True,46,
mp-aaabrsen,True,48,
mp-aaabrses,True,48,
mp-aaabrsev,True,44,
mp-aaabrsfc,True,14,
mp-aaabrsfe,True,48,
mp-aaabrsfg,True,44,
mp-aaabrsfl,True,48,
mp-aaabrsfp,True,48,
mp-aaabrsfq,True,50,
mp-aaabrsfs,True,41,
mp-aaabrsft,True,48,
mp-aaabrsfu,True,46,
mp-aaabrsfx,True,48,
mp-aaabrsga,True,40,
mp-aaabrsgb,True,36,
mp-aaabrsgc,True,48,
mp-aaabrsgg,True,46,
mp-aaabrsgl,True,44,
mp-aaabrsgo,True,42,
mp-aaabrsgq,True,48,
mp-aaabrsgw,True,70,
mp-aaabrshd,True,22,
mp-aaabrshe,True,22,
mp-aaabrshh,True,26,
mp-aaabrshj,True,22,
mp-aaabrsho,True,24,
mp-aaabrsht,True,24,
mp-aaabrshw,True,24,
mp-aaabrshy,True,70,
mp-aaabrshz,True,22,
mp-aaabrsia,True,24,
mp-aaabrsil,True,26,
mp-aaabrsjc,True,24,
mp-aaabrsjd,True,44,
mp-aaabrsjj,True,59,
mp-aaabrsjp,True,71,
mp-aaabrskn,True,22,
mp-aaabrsmf,True,56,
mp-aaabrsmj,True,54,
mp-aaabrsmo,True,26,
mp-aaabrsod,True,12,
mp-aaabrsou,True,38,
mp-aaabrspa,True,54,
mp-aaabrsqc,True,28,
mp-aaabrsqf,True,37,
mp-aaabrsrl,True,78,
mp-aaabrssi,True,16,
mp-aaabrssl,True,34,
mp-aaabrssu,True,37,
mp-aaabrssv,True,38,
mp-aaabrsth,True,44,
mp-aaabrstl,True,39,
mp-aaabrstn,True,37,
mp-aaabrsto,True,36,
mp-aaabrstq,True,38,
mp-aaabrstr,True,38,
mp-aaabrstv,True,34,
mp-aaabrstw,True,46,
mp-aaabrsua,True,68,
mp-aaabrsue,True,39,
mp-aaabrsuf,True,56,
mp-aaabrsul,True,34,
mp-aaabrsuo,True,39,
mp-aaabrsup,True,48,
mp-aaabrsuq,True,68,
mp-aaabrsuv,True,78,
mp-aaabrsva,True,34,
mp-aaabrsvd,True,48,
mp-aaabrsvj,True,48,
mp-aaabrsvk,True,42,
mp-aaabrsvl,True,76,
mp-aaabrsvn,True,78,
mp-aaabrsvp,True,78,
mp-aaabrsvt,True,34,
mp-aaabrswa,True,48,
mp-aaabrswe,True,68,
mp-aaabrswg,True,43,
mp-aaabrswh,True,78,
mp-aaabrswr,True,24,
mp-aaabrsws,True,34,
mp-aaabrswt,True,36,
mp-aaabrswv,True,36,
mp-aaabrswx,True,40,
mp-aaabrsxh,True,76,
mp-aaabrsxj,True,34,
mp-aaabrsxk,True,36,
mp-aaabrsxl,True,38,
mp-aaabrsxn,True,38,
mp-aaabrsxo,True,38,
mp-aaabrsxp,True,38,
mp-aaabrsxq,True,38,
mp-aaabrsxr,True,40,
mp-aaabrsxt,True,80,
mp-aaabrsxu,True,48,
mp-aaabrsxx,True,46,
mp-aaabrsxz,True,40,
mp-aaabrsya,True,40,
mp-aaabrsyb,True,40,
mp-aaabrsyc,True,44,
mp-aaabrsye,True,40,
mp-aaabrsyf,True,40,
mp-aaabrsyh,True,38,
mp-aaabrsyl,True,76,
mp-aaabrsyo,True,52,
mp-aaabrsyp,True,26,
mp-aaabrsyr,True,40,
mp-aaabrsyt,True,24,
mp-aaabrsyu,True,38,
mp-aaabrsyw,True,26,
mp-aaabrsyx,True,42,
mp-aaabrsyy,True,42,
mp-aaabrszb,True,40,
mp-aaabrszd,True,26,
mp-aaabrsze,True,38,
mp-aaabrszh,True,46,
mp-aaabrszj,True,24,
mp-aaabrszk,True,38,
mp-aaabrszm,True,48,
mp-aaabrszn,True,22,
mp-aaabrszp,True,52,
mp-aaabrszu,True,48,
mp-aaabrszv,True,48,
mp-aaabrszw,True,36,
mp-aaabrtaa,True,22,
mp-aaabrtae,True,36,
mp-aaabrtag,True,46,
mp-aaabrtal,True,46,
mp-aaabrtam,True,48,
mp-aaabrtan,True,40,
mp-aaabrtaq,True,44,
mp-aaabrtar,True,44,
mp-aaabrtas,True,44,
mp-aaabrtaw,True,30,
mp-aaabrtbc,True,48,
mp-aaabrtbd,True,30,
mp-aaabrtbg,True,48,
mp-aaabrtbh,True,48,
mp-aaabrtbi,True,48,
mp-aaabrtbk,True,48,
mp-aaabrtbn,True,44,
mp-aaabrtbo,True,46,
mp-aaabrtbp,True,46,
mp-aaabrtbx,True,22,
mp-aaabrtbz,True,26,
mp-aaabrtcd,True,50,
mp-aaabrtci,True,50,
mp-aaabrtcm,True,60,
mp-aaabrtco,True,72,
mp-aaabrtcq,True,10,
mp-aaabrtct,True,36,
mp-aaabrtcy,True,44,
mp-aaabrtcz,True,50,
mp-aaabrtdb,True,32,
mp-aaabrtdd,True,44,
mp-aaabrtdg,True,30,
mp-aaabrtdh,True,44,
mp-aaabrtdj,True,44,
mp-aaabrtdl,True,32,
mp-aaabrtdo,True,32,
mp-aaabrtdr,True,48,
mp-aaabrtds,True,14,
mp-aaabrtee,True,50,
mp-aaabrtef,True,42,
mp-aaabrteg,True,50,
mp-aaabrtel,True,13,
mp-aaabrter,True,23,
mp-aaabrtev,True,46,
mp-aaabrtfa,True,38,
mp-aaabrtfi,True,46,
mp-aaabrtfk,True,46,
mp-aaabrtfl,True,46,
mp-aaabrtfn,True,76,
mp-aaabrtfp,True,72,
mp-aaabrtgo,True,46,
mp-aaabrtgr,True,36,
mp-aaabrtgt,True,50,
mp-aaabrtia,True,48,
mp-aaabrtii,True,15,
mp-aaabrtio,True,40,
mp-aaabrtiq,True,46,
mp-aaabrtir,True,46,
mp-aaabrtiy,True,14,
mp-aaabrtjb,True,52,
mp-aaabrtjg,True,50,
mp-aaabrtji,True,50,
mp-aaabrtjj,True,50,
mp-aaabrtjm,True,50,
mp-aaabrtjn,True,50,
mp-aaabrtjq,True,50,
mp-aaabrtka,True,32,
mp-aaabrtke,True,50,
mp-aaabrtkl,True,34,
mp-aaabrtla,True,72,
mp-aaabrtmd,True,48,
mp-aaabrtme,True,35,
mp-aaabrtmj,True,36,
mp-aaabrtml,True,50,
mp-aaabrtmo,True,26,
mp-aaabrtmp,True,68,
mp-aaabrtmq,True,68,
mp-aaabrtmt,True,68,
mp-aaabrtmy,True,48,
mp-aaabrtou,True,22,
mp-aaabrtpq,True,72,
mp-aaabrtqt,True,54,
mp-aaabrtrp,True,40,
mp-aaabrtrt,True,37,
mp-aaabrtru,True,37,
mp-aaabrtry,True,39,
mp-aaabrttd,True,40,
mp-aaabrtte,True,72,
mp-aaabrtuv,True,44,
mp-aaabrtwr,True,48,
mp-aaabrtxi,True,9,
mp-aaabrtyg,True,44,
mp-aaabrtyz,True,58,
mp-aaabrtzd,True,58,
mp-aaabruam,True,50,
mp-aaabruby,True,32,
mp-aaabrudh,True,58,
mp-aaabrudl,True,36,
mp-aaabruev,True,58,
mp-aaabrugg,True,56,
mp-aaabrugm,True,50,
mp-aaabrugp,True,50,
mp-aaabrugr,True,50,
mp-aaabrugs,True,54,
mp-aaabrugv,True,50,
mp-aaabrugz,True,44,
mp-aaabruhc,True,42,
mp-aaabruhe,True,48,
mp-aaabruhh,True,46,
mp-aaabruhm,True,46,
mp-aaabruhn,True,42,
mp-aaabruho,True,44,
mp-aaabruhp,True,48,
mp-aaabruhq,True,46,
mp-aaabruhs,True,50,
mp-aaabruht,True,50,
mp-aaabruhu,True,46,
mp-aaabruhw,True,46,
mp-aaabruhx,True,46,
mp-aaabruhy,True,50,
mp-aaabruhz,True,50,
mp-aaabruia,True,46,
mp-aaabruie,True,44,
mp-aaabruif,True,48,
mp-aaabruig,True,38,
mp-aaabruii,True,48,
mp-aaabruij,True,55,
mp-aaabruik,True,48,
mp-aaabruil,True,40,
mp-aaabruit,True,48,
mp-aaabruiu,True,48,
mp-aaabruiv,True,44,
mp-aaabruiw,True,46,
mp-aaabruix,True,41,
mp-aaabruiy,True,46,
mp-aaabruja,True,52,
mp-aaabrujb,True,46,
mp-aaabrujf,True,44,
mp-aaabrujg,True,50,
mp-aaabrujh,True,50,
mp-aaabruji,True,42,
mp-aaabrujj,True,46,
mp-aaabrujk,True,54,
mp-aaabrujm,True,46,
mp-aaabrujo,True,50,
mp-aaabrujp,True,56,
mp-aaabrujq,True,30,
mp-aaabrujs,True,46,
mp-aaabruju,True,56,
mp-aaabrujv,True,30,
mp-aaabrujw,True,34,
mp-aaabrujx,True,40,
mp-aaabrukb,True,35,
mp-aaabruke,True,35,
mp-aaabrukf,True,40,
mp-aaabrukg,True,35,
mp-aaabrukj,True,28,
mp-aaabrukk,True,10,
mp-aaabrukl,True,34,
mp-aaabrukm,True,28,
mp-aaabrukp,True,28,
mp-aaabrukq,True,44,
mp-aaabrukr,True,48,
mp-aaabruks,True,40,
mp-aaabrukw,True,52,
mp-aaabruky,True,42,
mp-aaabrukz,True,42,
mp-aaabrulb,True,47,
mp-aaabruld,True,28,
mp-aaabrule,True,54,
mp-aaabrulf,True,22,
mp-aaabrulh,True,28,
mp-aaabrulj,True,30,
mp-aaabrulk,True,22,
mp-aaabrull,True,28,
mp-aaabrulo,True,42,
mp-aaabrulp,True,26,
mp-aaabrulq,True,28,
mp-aaabruls,True,26,
mp-aaabrulw,True,30,
mp-aaabruly,True,52,
mp-aaabrulz,True,22,
mp-aaabruma,True,38,
mp-aaabrumb,True,40,
mp-aaabrumc,True,44,
mp-aaabrumd,True,40,
mp-aaabrume,True,48,
mp-aaabrumf,True,32,
mp-aaabrumm,True,40,
mp-aaabrumo,True,32,
mp-aaabrumq,True,48,
mp-aaabrumr,True,24,
mp-aaabrumy,True,15,
mp-aaabrunf,True,14,
mp-aaabrunh,True,22,
mp-aaabruni,True,52,
mp-aaabrunk,True,76,
mp-aaabrupy,True,13,
mp-aaabruqj,True,54,
mp-aaabrure,True,20,
mp-aaabrush,True,48,
mp-aaabruvw,True,16,
mp-aaabruwl,True,28,
mp-aaabruwv,True,20,
mp-aaabruyq,True,16,
mp-aaabruyx,True,42,
mp-aaabruzy,True,16,
mp-aaabrvad,True,30,
mp-aaabrval,True,28,
mp-aaabrvcu,True,28,
mp-aaabrvek,True,44,
mp-aaabrvfk,True,13,
mp-aaabrvgs,True,50,
mp-aaabrvhg,True,28,
mp-aaabrvid,True,28,
mp-aaabrvip,True,24,
mp-aaabrvit,True,76,
mp-aaabrviw,True,48,
mp-aaabrvkn,True,44,
mp-aaabrvky,True,44,
mp-aaabrvmk,True,24,
mp-aaabrvml,True,48,
mp-aaabrvou,True,48,
mp-aaabrvov,True,22,
mp-aaabrvoz,True,36,
mp-aaabrvpp,True,22,
mp-aaabrvqj,True,68,
mp-aaabrvqo,True,50,
mp-aaabrvqx,True,42,
mp-aaabrvrl,True,40,
mp-aaabrvtq,True,19,
mp-aaabrvtr,True,26,
mp-aaabrvtt,True,24,
mp-aaabrvuf,True,40,
mp-aaabrvug,True,72,
mp-aaabrvul,True,28,
mp-aaabrvus,True,40,
mp-aaabrvvf,True,54,
mp-aaabrvvp,True,58,
mp-aaabrvvt,True,56,
mp-aaabrvvu,True,50,
mp-aaabrvvv,True,40,
mp-aaabrvvx,True,44,
mp-aaabrvwa,True,44,
mp-aaabrvwc,True,32,
mp-aaabrvwk,True,60,
mp-aaabrvwm,True,58,
mp-aaabrvws,True,24,
mp-aaabrvwv,True,52,
mp-aaabrvww,True,40,
mp-aaabrvwy,True,54,
mp-aaabrvxn,True,64,
mp-aaabrvxo,True,58,
mp-aaabrvyk,True,46,
mp-aaabrvyl,True,58,
mp-aaabrvyq,True,46,
mp-aaabrvyt,True,44,
mp-aaabrvyu,True,56,
mp-aaabrvyx,True,50,
mp-aaabrvzk,True,72,
mp-aaabrvzl,True,56,
mp-aaabrvzn,True,16,
mp-aaabrvzs,True,16,
mp-aaabrwag,True,26,
mp-aaabrwak,True,22,
mp-aaabrwal,True,40,
mp-aaabrwbn,True,54,
mp-aaabrwbs,True,28,
mp-aaabrwce,True,37,
mp-aaabrwcf,True,56,
mp-aaabrwch,True,20,
mp-aaabrwcq,True,26,
mp-aaabrwcs,True,26,
mp-aaabrwcz,True,48,
mp-aaabrwdj,True,48,
mp-aaabrwds,True,54,
mp-aaabrwdt,True,18,
mp-aaabrwed,True,58,
mp-aaabrwef,True,44,
mp-aaabrwer,True,48,
mp-aaabrwes,True,25,
mp-aaabrwev,True,52,
mp-aaabrwfc,True,26,
mp-aaabrwfn,True,68,
mp-aaabrwfz,True,26,
mp-aaabrwgy,True,22,
mp-aaabrwgz,True,22,
mp-aaabrwha,True,26,
mp-aaabrwhb,True,28,
mp-aaabrwhd,True,48,
mp-aaabrwhh,True,22,
mp-aaabrwhm,True,40,
mp-aaabrwhn,True,26,
mp-aaabrwhp,True,50,
mp-aaabrwif,True,72,
mp-aaabrwii,True,64,
mp-aaabrwil,True,24,
mp-aaabrwim,True,40,
mp-aaabrwir,True,48,
mp-aaabrwja,True,58,
mp-aaabrwje,True,28,
mp-aaabrwjj,True,22,
mp-aaabrwjr,True,24,
mp-aaabrwjs,True,56,
mp-aaabrwju,True,72,
mp-aaabrwjy,True,24,
mp-aaabrwka,True,22,
mp-aaabrwkb,True,22,
mp-aaabrwkc,True,22,
mp-aaabrwkf,True,22,
mp-aaabrwkk,True,48,
mp-aaabrwkm,True,48,
mp-aaabrwkw,True,24,
mp-aaabrwle,True,24,
mp-aaabrwln,True,52,
mp-aaabrwlo,True,52,
mp-aaabrwlp,True,28,
mp-aaabrwlr,True,40,
mp-aaabrwls,True,54,
mp-aaabrwlv,True,52,
mp-aaabrwlw,True,52,
mp-aaabrwlx,True,24,
mp-aaabrwly,True,56,
mp-aaabrwlz,True,28,
mp-aaabrwma,True,28,
mp-aaabrwmd,True,22,
mp-aaabrwmg,True,16,
mp-aaabrwmp,True,48,
mp-aaabrwmq,True,52,
mp-aaabrwna,True,24,
mp-aaabrwnk,True,24,
mp-aaabrwof,True,24,
mp-aaabrwoh,True,24,
mp-aaabrwoi,True,48,
mp-aaabrwoj,True,52,
mp-aaabrwok,True,28,
mp-aaabrwom,True,32,
mp-aaabrwoq,True,24,
mp-aaabrwov,True,24,
mp-aaabrwox,True,48,
mp-aaabrwoz,True,26,
mp-aaabrwpc,True,24,
mp-aaabrwpe,True,52,
mp-aaabrwpf,True,52,
mp-aaabrwph,True,52,
mp-aaabrwpj,True,26,
mp-aaabrwpl,True,26,
mp-aaabrwpo,True,24,
mp-aaabrwps,True,30,
mp-aaabrwpw,True,40,
mp-aaabrwpx,True,48,
mp-aaabrwqb,True,28,
mp-aaabrwqh,True,28,
mp-aaabrwqk,True,52,
mp-aaabrwqq,True,15,
mp-aaabrwqr,True,28,
mp-aaabrwqs,True,28,
mp-aaabrwqu,True,28,
mp-aaabrwqx,True,22,
mp-aaabrwrk,True,40,
mp-aaabrwrl,True,42,
mp-aaabrwrn,True,24,
mp-aaabrwsc,True,40,
mp-aaabrwse,True,56,
mp-aaabrwso,True,24,
mp-aaabrwsz,True,24,
mp-aaabrwtd,True,12,
mp-aaabrwte,True,48,
mp-aaabrwti,True,24,
mp-aaabrwtk,True,52,
mp-aaabrwtl,True,48,
mp-aaabrwtm,True,28,
mp-aaabrwto,True,28,
mp-aaabrwtp,True,36,
mp-aaabrwtr,True,48,
mp-aaabrwtv,True,24,
mp-aaabrwue,True,24,
mp-aaabrwui,True,24,
mp-aaabrwuj,True,24,
mp-aaabrwum,True,25,
mp-aaabrwun,True,24,
mp-aaabrwuy,True,39,
mp-aaabrwva,True,40,
mp-aaabrwvb,True,40,
mp-aaabrwvc,True,48,
mp-aaabrwve,True,48,
mp-aaabrwvf,True,56,
mp-aaabrwvj,True,56,
mp-aaabrwvl,True,54,
mp-aaabrwvn,True,12,
mp-aaabrwvs,True,26,
mp-aaabrwwf,True,54,
mp-aaabrwwi,True,12,
mp-aaabrwwu,True,24,
mp-aaabrwwv,True,20,
mp-aaabrwwy,True,24,
mp-aaabrwxb,True,33,
mp-aaabrwxf,True,24,
mp-aaabrwxg,True,45,
mp-aaabrwxh,True,12,
mp-aaabrwxm,True,26,
mp-aaabrwxo,True,36,
mp-aaabrwxu,True,48,
mp-aaabrwxx,True,48,
mp-aaabrwxy,True,24,
mp-aaabrwyb,True,60,
mp-aaabrwyg,True,52,
mp-aaabrwyl,True,20,
mp-aaabrwyr,True,78,
mp-aaabrwza,True,28,
mp-aaabrwzr,True,24,
mp-aaabrwzs,True,24,
mp-aaabrwzu,True,15,
mp-aaabrwzw,True,33,
mp-aaabrwzz,True,24,
mp-aaabrxad,True,24,
mp-aaabrxae,True,33,
mp-aaabrxag,True,28,
mp-aaabrxak,True,36,
mp-aaabrxar,True,36,
mp-aaabrxbh,True,28,
mp-aaabrxbi,True,15,
mp-aaabrxbn,True,70,
mp-aaabrxbo,True,16,
mp-aaabrxbu,True,16,
mp-aaabrxcc,True,24,
mp-aaabrxct,True,58,
mp-aaabrxcu,True,40,
mp-aaabrxcx,True,24,
mp-aaabrxcz,True,26,
mp-aaabrxda,True,28,
mp-aaabrxde,True,15,
mp-aaabrxdo,True,48,
mp-aaabrxel,True,24,
mp-aaabrxgp,True,56,
mp-aaabrxgx,True,58,
mp-aaabrxhz,True,28,
mp-aaabrxiv,True,22,
mp-aaabrxjr,True,36,
mp-aaabrxjv,True,28,
mp-aaabrxjz,True,28,
mp-aaabrxke,True,16,
mp-aaabrxkt,True,30,
mp-aaabrxlj,True,17,
mp-aaabrxmn,True,36,
mp-aaabrxms,True,32,
mp-aaabrxmx,True,56,
mp-aaabrxne,True,62,
mp-aaabrxng,True,40,
mp-aaabrxnu,True,34,
mp-aaabrxoh,True,22,
mp-aaabrxop,True,36,
mp-aaabrxoq,True,36,
mp-aaabrxou,True,36,
mp-aaabrxov,True,48,
mp-aaabrxoy,True,28,
mp-aaabrxpa,True,24,
mp-aaabrxpf,True,16,
mp-aaabrxqz,True,28,
mp-aaabrxrg,True,36,
mp-aaabrxrj,True,24,
mp-aaabrxrk,True,33,
mp-aaabrxrl,True,24,
mp-aaabrxrm,True,40,
mp-aaabrxrp,True,24,
mp-aaabrxrq,True,24,
mp-aaabrxrt,True,15,
mp-aaabrxth,True,38,
mp-aaabrxtj,True,36,
mp-aaabrxtk,True,28,
mp-aaabrxtm,True,34,
mp-aaabrxto,True,24,
mp-aaabrxtz,True,92,
mp-aaabrxud,True,54,
mp-aaabrxur,True,24,
mp-aaabrxvm,True,92,
mp-aaabrxvo,True,80,
mp-aaabrxvs,True,34,
mp-aaabrxvx,True,36,
mp-aaabrxvy,True,35,
mp-aaabrxwg,True,28,
mp-aaabrxwr,True,78,
mp-aaabrxwu,True,64,
mp-aaabrxwv,True,29,
mp-aaabrxww,True,24,
mp-aaabrxwy,True,54,
mp-aaabrxxc,True,46,
mp-aaabrxxe,True,72,
mp-aaabrxxz,True,32,
mp-aaabrxya,True,36,
mp-aaabrxyb,True,36,
mp-aaabrxyg,True,24,
mp-aaabrxyh,True,36,
mp-aaabrxyj,True,24,
mp-aaabrxym,True,24,
mp-aaabrxyo,True,48,
mp-aaabrxyy,True,28,
mp-aaabrxzd,True,24,
mp-aaabrxze,True,12,
mp-aaabrxzf,True,28,
mp-aaabrxzg,True,48,
mp-aaabrxzt,True,37,
mp-aaabrxzu,True,15,
mp-aaabryaa,True,50,
mp-aaabryam,True,15,
mp-aaabryay,True,15,
mp-aaabrybi,True,92,
mp-aaabrybm,True,16,
mp-aaabrybx,True,40,
mp-aaabryby,True,28,
mp-aaabryca,True,22,
mp-aaabrycg,True,28,
mp-aaabrycq,True,15,
mp-aaabrycr,True,24,
mp-aaabrydc,True,48,
mp-aaabrydf,True,92,
mp-aaabrydi,True,92,
mp-aaabrydl,True,92,
mp-aaabrydo,True,47,
mp-aaabrydw,True,92,
mp-aaabrydz,True,28,
mp-aaabryef,True,52,
mp-aaabryei,True,92,
mp-aaabryeq,True,92,
mp-aaabryet,True,76,
mp-aaabryev,True,48,
mp-aaabryew,True,22,
mp-aaabryex,True,30,
mp-aaabryez,True,48,
mp-aaabryfc,True,28,
mp-aaabryfd,True,28,
mp-aaabryfj,True,15,
mp-aaabryfl,True,48,
mp-aaabryfm,True,36,
mp-aaabryfn,True,24,
mp-aaabryfo,True,68,
mp-aaabryfr,True,92,
mp-aaabryfv,True,24,
mp-aaabryfw,True,36,
mp-aaabrygc,True,74,
mp-aaabryge,True,22,
mp-aaabrygf,True,26,
mp-aaabrygg,True,48,
mp-aaabrygq,True,72,
mp-aaabrygz,True,56,
mp-aaabryhe,True,56,
mp-aaabryhf,True,28,
mp-aaabryhi,True,24,
mp-aaabryhj,True,22,
mp-aaabryhw,True,92,
mp-aaabryia,True,58,
mp-aaabryii,True,15,
mp-aaabryil,True,36,
mp-aaabryin,True,13,
mp-aaabryiw,True,6,
mp-aaabryiz,True,33,
mp-aaabryjb,True,92,
mp-aaabryjn,True,92,
mp-aaabryjo,True,38,
mp-aaabryke,True,64,
mp-aaabryko,True,46,
mp-aaabrykq,True,33,
mp-aaabrykr,True,36,
mp-aaabrykv,True,38,
mp-aaabrykz,True,36,
mp-aaabrylg,True,24,
mp-aaabryln,True,36,
mp-aaabrylo,True,40,
mp-aaabrylq,True,52,
mp-aaabrylw,True,104,
mp-aaabrylz,True,34,
mp-aaabrymc,True,52,
mp-aaabryml,True,52,
mp-aaabrymp,True,28,
mp-aaabrymy,True,24,
mp-aaabryne,True,15,
mp-aaabrynh,True,68,
mp-aaabryof,True,92,
mp-aaabrypn,True,12,
mp-aaabrypz,True,92,
mp-aaabryqh,True,48,
mp-aaabryqm,True,28,
mp-aaabryqp,True,33,
mp-aaabryqr,True,38,
mp-aaabryqt,True,56,
mp-aaabryqu,True,34,
mp-aaabryqx,True,42,
mp-aaabryqy,True,34,
mp-aaabryrd,True,35,
mp-aaabryre,True,56,
mp-aaabryro,True,24,
mp-aaabryss,True,16,
mp-aaabrysw,True,24,
mp-aaabrytg,True,44,
mp-aaabrytj,True,24,
mp-aaabrytk,True,36,
mp-aaabryto,True,52,
mp-aaabrytt,True,33,
mp-aaabrytu,True,28,
mp-aaabrytw,True,8,
mp-aaabryua,True,36,
mp-aaabryuf,True,82,
mp-aaabryuk,True,24,
mp-aaabryum,True,36,
mp-aaabryus,True,17,
mp-aaabryuv,True,56,
mp-aaabryuy,True,52,
mp-aaabryvd,True,12,
mp-aaabryve,True,48,
mp-aaabryvn,True,24,
mp-aaabryvp,True,36,
mp-aaabryvt,True,92,
mp-aaabryvx,True,28,
mp-aaabrywa,True,42,
mp-aaabrywo,True,28,
mp-aaabryxf,True,22,
mp-aaabryxg,True,28,
mp-aaabryxp,True,22,
mp-aaabryxx,True,28,
mp-aaabryya,True,68,
mp-aaabryye,True,42,
mp-aaabryyp,True,68,
mp-aaabryyq,True,28,
mp-aaabryyt,True,24,
mp-aaabryza,True,92,
mp-aaabryze,True,92,
mp-aaabryzh,True,14,
mp-aaabryzi,True,76,
mp-aaabryzu,True,34,
mp-aaabryzw,True,24,
mp-aaabrzaa,True,26,
mp-aaabrzac,True,52,
mp-aaabrzah,True,92,
mp-aaabrzbp,True,92,
mp-aaabrzbr,True,26,
mp-aaabrzbt,True,26,
mp-aaabrzbz,True,92,
mp-aaabrzca,True,68,
mp-aaabrzcb,True,84,
mp-aaabrzcg,True,26,
mp-aaabrzcj,True,90,
mp-aaabrzcs,True,80,
mp-aaabrzdt,True,24,
mp-aaabrzek,True,24,
mp-aaabrzel,True,54,
mp-aaabrzfb,True,24,
mp-aaabrzfk,True,24,
mp-aaabrzft,True,25,
mp-aaabrzfv,True,26,
mp-aaabrzfy,True,15,
mp-aaabrzgc,True,68,
mp-aaabrzgf,True,66,
mp-aaabrzgg,True,36,
mp-aaabrzgp,True,36,
mp-aaabrzgu,True,22,
mp-aaabrzhj,True,36,
mp-aaabrzhp,True,39,
mp-aaabrzhs,True,36,
mp-aaabrzij,True,80,
mp-aaabrzjj,True,34,
mp-aaabrzkn,True,28,
mp-aaabrzko,True,42,
mp-aaabrzkp,True,63,
mp-aaabrzkr,True,42,
mp-aaabrzkx,True,48,
mp-aaabrzlh,True,92,
mp-aaabrzlj,True,92,
mp-aaabrzlr,True,28,
mp-aaabrzlu,True,60,
mp-aaabrzlw,True,56,
mp-aaabrzmc,True,56,
mp-aaabrzmf,True,92,
mp-aaabrzmn,True,45,
mp-aaabrzmp,True,56,
mp-aaabrzmr,True,51,
mp-aaabrzmt,True,24,
mp-aaabrzmu,True,28,
mp-aaabrzmv,True,33,
mp-aaabrzmw,True,56,
mp-aaabrzmy,True,36,
mp-aaabrzne,True,56,
mp-aaabrzni,True,33,
mp-aaabrznj,True,40,
mp-aaabrznl,True,72,
mp-aaabrznm,True,36,
mp-aaabrznn,True,41,
mp-aaabrznp,True,43,
mp-aaabrzns,True,64,
mp-aaabrznu,True,49,
mp-aaabrznv,True,67,
mp-aaabrznw,True,67,
mp-aaabrznz,True,64,
mp-aaabrzoh,True,54,
mp-aaabrzok,True,90,
mp-aaabrzom,True,8,
mp-aaabrzop,True,36,
mp-aaabrzor,True,50,
mp-aaabrzot,True,42,
mp-aaabrzov,True,34,
mp-aaabrzox,True,56,
mp-aaabrzoz,True,80,
mp-aaabrzpa,True,64,
mp-aaabrzpc,True,64,
mp-aaabrzpd,True,64,
mp-aaabrzph,True,24,
mp-aaabrzpm,True,48,
mp-aaabrzpn,True,38,
mp-aaabrzpo,True,40,
mp-aaabrzps,True,56,
mp-aaabrzpu,True,67,
mp-aaabrzpx,True,56,
mp-aaabrzpz,True,90,
mp-aaabrzqa,True,66,
mp-aaabrzqb,True,28,
mp-aaabrzqc,True,32,
mp-aaabrzqd,True,21,
mp-aaabrzqe,True,36,
mp-aaabrzqf,True,38,
mp-aaabrzql,True,90,
mp-aaabrzqo,True,16,
mp-aaabrzqv,True,70,
mp-aaabrzqy,True,90,
mp-aaabrzrc,True,36,
mp-aaabrzri,True,66,
mp-aaabrzrj,True,24,
mp-aaabrzrk,True,24,
mp-aaabrzrr,True,34,
mp-aaabrzrs,True,46,
mp-aaabrzrt,True,72,
mp-aaabrzsc,True,22,
mp-aaabrzse,True,24,
mp-aaabrzsi,True,24,
mp-aaabrzsx,True,40,
mp-aaabrzsy,True,22,
mp-aaabrztf,True,24,
mp-aaabrzti,True,24,
mp-aaabrzto,True,48,
mp-aaabrztp,True,52,
mp-aaabrztq,True,24,
mp-aaabrztr,True,28,
mp-aaabrztt,True,24,
mp-aaabrztw,True,16,
mp-aaabrztz,True,28,
mp-aaabrzua,True,52,
mp-aaabrzuc,True,48,
mp-aaabrzui,True,22,
mp-aaabrzuk,True,24,
mp-aaabrzvs,True,90,
mp-aaabrzvy,True,13,
mp-aaabrzwc,True,15,
mp-aaabrzzd,True,56,
mp-aaabsaap,True,16,
mp-aaabsaat,True,32,
mp-aaabsacd,True,28,
mp-aaabsada,True,90,
mp-aaabsadf,True,16,
mp-aaabsadj,True,24,
mp-aaabsadk,True,22,
mp-aaabsaef,True,24,
mp-aaabsaeg,True,40,
mp-aaabsaei,True,56,
mp-aaabsaep,True,24,
mp-aaabsaev,True,28,
mp-aaabsaff,True,90,
mp-aaabsafg,True,90,
mp-aaabsafp,True,88,
mp-aaabsagc,True,22,
mp-aaabsagg,True,36,
mp-aaabsagh,True,36,
mp-aaabsagk,True,14,
mp-aaabsagl,True,18,
mp-aaabsago,True,24,
mp-aaabsags,True,28,
mp-aaabsagt,True,28,
mp-aaabsagz,True,8,
mp-aaabsahm,True,36,
mp-aaabsaih,True,90,
mp-aaabsait,True,90,
mp-aaabsajc,True,90,
mp-aaabsajy,True,12,
mp-aaabsakd,True,28,
mp-aaabsaky,True,14,
mp-aaabsalu,True,56,
mp-aaabsamq,True,36,
mp-aaabsanc,True,92,
mp-aaabsanl,True,92,
mp-aaabsanr,True,28,
mp-aaabsaor,True,52,
mp-aaabsapx,True,41,
mp-aaabsatf,True,72,
mp-aaabsawe,True,68,
mp-aaabsbam,True,28,
mp-aaabsbax,True,20,
mp-aaabsbbs,True,24,
mp-aaabsbck,True,56,
mp-aaabsbdi,True,30,
mp-aaabsbff,True,24,
mp-aaabsbfp,True,34,
mp-aaabsbfv,True,30,
mp-aaabsbfy,True,14,
mp-aaabsbgq,True,24,
mp-aaabsbhp,True,91,
mp-aaabsbhr,True,15,
mp-aaabsbij,True,24,
mp-aaabsbim,True,26,
mp-aaabsbin,True,22,
mp-aaabsbir,True,24,
mp-aaabsbiv,True,24,
mp-aaabsbix,True,28,
mp-aaabsbjd,True,24,
mp-aaabsbjh,True,22,
mp-aaabsbjt,True,92,
mp-aaabsbkk,True,28,
mp-aaabsbkm,True,56,
mp-aaabsbkp,True,55,
mp-aaabsbkr,True,40,
mp-aaabsbkw,True,48,
mp-aaabsbkz,True,20,
mp-aaabsble,True,34,
mp-aaabsblj,True,34,
mp-aaabsblm,True,34,
mp-aaabsbln,True,34,
mp-aaabsbmm,True,36,
mp-aaabsbmn,True,38,
mp-aaabsbmo,True,40,
mp-aaabsbmp,True,34,
mp-aaabsbmt,True,80,
mp-aaabsbmu,True,80,
mp-aaabsbmx,True,30,
mp-aaabsbmy,True,30,
mp-aaabsbnb,True,30,
mp-aaabsbnx,True,21,
mp-aaabsbnz,True,32,
mp-aaabsbod,True,32,
mp-aaabsbog,True,48,
mp-aaabsbon,True,46,
mp-aaabsbos,True,34,
mp-aaabsbow,True,34,
mp-aaabsboy,True,34,
mp-aaabsbpb,True,5,
mp-aaabsbpd,True,34,
mp-aaabsbpf,True,14,
mp-aaabsbpg,True,34,
mp-aaabsbpj,True,34,
mp-aaabsbpk,True,36,
mp-aaabsbpl,True,43,
mp-aaabsbpn,True,34,
mp-aaabsbpw,True,40,
mp-aaabsbqb,True,88,
mp-aaabsbqp,True,28,
mp-aaabsbqs,True,46,
mp-aaabsbqv,True,68,
mp-aaabsbqx,True,57,
mp-aaabsbqz,True,34,
mp-aaabsbrb,True,40,
mp-aaabsbrc,True,36,
mp-aaabsbrd,True,36,
mp-aaabsbrm,True,80,
mp-aaabsbrr,True,16,
mp-aaabsbru,True,64,
mp-aaabsbsc,True,28,
mp-aaabsbsd,True,46,
mp-aaabsbsh,True,44,
mp-aaabsbsk,True,12,
mp-aaabsbsl,True,48,
mp-aaabsbsm,True,40,
mp-aaabsbsn,True,19,
mp-aaabsbss,True,48,
mp-aaabsbsu,True,24,
mp-aaabsbsv,True,50,
mp-aaabsbsy,True,60,
mp-aaabsbtc,True,84,
mp-aaabsbtk,True,84,
mp-aaabsbto,True,83,
mp-aaabsbtx,True,34,
mp-aaabsbtz,True,72,
mp-aaabsbum,True,88,
mp-aaabsbuo,True,79,
mp-aaabsbvh,True,40,
mp-aaabsbvj,True,46,
mp-aaabsbvn,True,72,
mp-aaabsbvy,True,36,
mp-aaabsbvz,True,63,
mp-aaabsbwa,True,40,
mp-aaabsbwd,True,46,
mp-aaabsbwf,True,50,
mp-aaabsbwj,True,25,
mp-aaabsbwo,True,44,
mp-aaabsbwr,True,27,
mp-aaabsbwt,True,46,
mp-aaabsbxc,True,24,
mp-aaabsbxd,True,20,
mp-aaabsbxe,True,28,
mp-aaabsbxm,True,75,
mp-aaabsbxn,True,56,
mp-aaabsbxr,True,24,
mp-aaabsbxu,True,34,
mp-aaabsbxv,True,32,
mp-aaabsbxw,True,24,
mp-aaabsbxx,True,46,
mp-aaabsbxy,True,48,
mp-aaabsbya,True,83,
mp-aaabsbye,True,40,
mp-aaabsbyf,True,34,
mp-aaabsbyi,True,26,
mp-aaabsbyk,True,24,
mp-aaabsbyp,True,50,
mp-aaabsbyq,True,48,
mp-aaabsbyr,True,48,
mp-aaabsbyt,True,48,
mp-aaabsbyw,True,24,
mp-aaabsbyx,True,24,
mp-aaabsbzb,True,50,
mp-aaabsbzd,True,24,
mp-aaabsbzl,True,24,
mp-aaabsbzm,True,46,
mp-aaabsbzo,True,44,
mp-aaabsbzp,True,42,
mp-aaabsbzq,True,46,
mp-aaabsbzr,True,46,
mp-aaabsbzw,True,75,
mp-aaabscab,True,15,
mp-aaabscaj,True,48,
mp-aaabscal,True,84,
mp-aaabscao,True,83,
mp-aaabscap,True,84,
mp-aaabscas,True,28,
mp-aaabscau,True,46,
mp-aaabscav,True,48,
mp-aaabscax,True,38,
mp-aaabscaz,True,88,
mp-aaabscba,True,70,
mp-aaabscdb,True,44,
mp-aaabscdc,True,48,
mp-aaabscdd,True,48,
mp-aaabscde,True,50,
mp-aaabscdj,True,24,
mp-aaabscdq,True,50,
mp-aaabscdr,True,28,
mp-aaabscdt,True,28,
mp-aaabscdv,True,48,
mp-aaabscdw,True,48,
mp-aaabscdy,True,56,
mp-aaabsceg,True,28,
mp-aaabscel,True,23,
mp-aaabsceo,True,80,
mp-aaabsceu,True,56,
mp-aaabscew,True,14,
mp-aaabscey,True,20,
mp-aaabscfj,True,55,
mp-aaabscfk,True,40,
mp-aaabscgh,True,32,
mp-aaabscgl,True,20,
mp-aaabscgp,True,50,
mp-aaabscgu,True,75,
mp-aaabscha,True,28,
mp-aaabschd,True,28,
mp-aaabschf,True,14,
mp-aaabschn,True,28,
mp-aaabschp,True,36,
mp-aaabscht,True,24,
mp-aaabscig,True,17,
mp-aaabscik,True,34,
mp-aaabscio,True,98,
mp-aaabscip,True,80,
mp-aaabsciu,True,28,
mp-aaabsciz,True,56,
mp-aaabscja,True,40,
mp-aaabscjp,True,12,
mp-aaabscju,True,56,
mp-aaabscjv,True,56,
mp-aaabsclm,True,45,
mp-aaabscly,True,9,
mp-aaabscma,True,34,
mp-aaabscme,True,40,
mp-aaabscmf,True,28,
mp-aaabscmi,True,24,
mp-aaabscmj,True,24,
mp-aaabscmq,True,24,
mp-aaabscmr,True,24,
mp-aaabscpn,True,56,
mp-aaabscpq,True,41,
mp-aaabscqe,True,24,
mp-aaabscqn,True,42,
mp-aaabscqp,True,15,
mp-aaabscqq,True,34,
mp-aaabscqr,True,76,
mp-aaabscqt,True,24,
mp-aaabscqw,True,24,
mp-aaabscqx,True,24,
mp-aaabscqy,True,28,
mp-aaabscqz,True,24,
mp-aaabscrp,True,16,
mp-aaabscrr,True,33,
mp-aaabscru,True,56,
mp-aaabscry,True,24,
mp-aaabscsc,True,56,
mp-aaabscsd,True,24,
mp-aaabscse,True,24,
mp-aaabscsh,True,40,
mp-aaabscsj,True,88,
mp-aaabscsl,True,14,
mp-aaabscsp,True,24,
mp-aaabscsq,True,28,
mp-aaabscsr,True,34,
mp-aaabscss,True,46,
mp-aaabscsx,True,41,
mp-aaabscsz,True,84,
mp-aaabsctb,True,24,
mp-aaabsctc,True,24,
mp-aaabsctd,True,41,
mp-aaabsctf,True,84,
mp-aaabscth,True,24,
mp-aaabsctk,True,24,
mp-aaabsctl,True,34,
mp-aaabsctw,True,36,
mp-aaabscud,True,34,
mp-aaabscue,True,36,
mp-aaabscui,True,34,
mp-aaabscuk,True,44,
mp-aaabscul,True,46,
mp-aaabscus,True,80,
mp-aaabscuw,True,44,
mp-aaabscuy,True,36,
mp-aaabscvs,True,30,
mp-aaabscvv,True,36,
mp-aaabscvw,True,38,
mp-aaabscwb,True,44,
mp-aaabscwc,True,24,
mp-aaabscwd,True,28,
mp-aaabscwe,True,34,
mp-aaabscwg,True,28,
mp-aaabscwh,True,34,
mp-aaabscwi,True,38,
mp-aaabscwj,True,26,
mp-aaabscwm,True,45,
mp-aaabscwu,True,24,
mp-aaabscwx,True,76,
mp-aaabscwy,True,96,
mp-aaabscwz,True,99,
mp-aaabscxa,True,92,
mp-aaabscxb,True,14,
mp-aaabscxc,True,12,
mp-aaabscxd,True,24,
mp-aaabscxh,True,92,
mp-aaabscxi,True,96,
mp-aaabscxj,True,96,
mp-aaabscxk,True,100,
mp-aaabscxn,True,24,
mp-aaabscxv,True,82,
mp-aaabscyc,True,45,
mp-aaabscyd,True,40,
mp-aaabscye,True,83,
mp-aaabscyg,True,56,
mp-aaabscyj,True,100,
mp-aaabscyn,True,24,
mp-aaabscyo,True,24,
mp-aaabsczd,True,96,
mp-aaabsdak,True,90,
mp-aaabsdal,True,88,
mp-aaabsdbp,True,70,
mp-aaabsdbq,True,68,
mp-aaabsdca,True,28,
mp-aaabsdcj,True,11,
mp-aaabsdcm,True,34,
mp-aaabsdcn,True,34,
mp-aaabsdco,True,32,
mp-aaabsdcq,True,56,
mp-aaabsddm,True,14,
mp-aaabsdee,True,60,
mp-aaabsdek,True,80,
mp-aaabsdeq,True,56,
mp-aaabsdfj,True,26,
mp-aaabsdfv,True,40,
mp-aaabsdgl,True,31,
mp-aaabsdgp,True,16,
mp-aaabsdgq,True,24,
mp-aaabsdhk,True,56,
mp-aaabsdir,True,80,
mp-aaabsdjw,True,88,
mp-aaabsdkm,True,48,
mp-aaabsdlv,True,56,
mp-aaabsdnl,True,14,
mp-aaabsdnv,True,76,
mp-aaabsdob,True,20,
mp-aaabsdod,True,85,
mp-aaabsdog,True,28,
mp-aaabsdoo,True,92,
mp-aaabsdor,True,48,
mp-aaabsdpt,True,54,
mp-aaabsdpu,True,54,
mp-aaabsdqi,True,28,
mp-aaabsdqk,True,40,
mp-aaabsdqt,True,68,
mp-aaabsdqw,True,48,
mp-aaabsdre,True,28,
mp-aaabsdrm,True,30,
mp-aaabsdrr,True,9,
mp-aaabsdsp,True,28,
mp-aaabsdsw,True,28,
mp-aaabsdtg,True,92,
mp-aaabsdth,True,48,
mp-aaabsdtk,True,24,
mp-aaabsdty,True,74,
mp-aaabsdtz,True,24,
mp-aaabsdui,True,60,
mp-aaabsduj,True,32,
mp-aaabsduk,True,32,
mp-aaabsdul,True,48,
mp-aaabsdum,True,17,
mp-aaabsdun,True,48,
mp-aaabsdux,True,56,
mp-aaabsdvd,True,40,
mp-aaabsdvg,True,19,
mp-aaabsdvi,True,40,
mp-aaabsdvj,True,40,
mp-aaabsdvm,True,26,
mp-aaabsdvp,True,44,
mp-aaabsdvq,True,56,
mp-aaabsdvs,True,28,
mp-aaabsdvt,True,27,
mp-aaabsdvz,True,27,
mp-aaabsdwd,True,19,
mp-aaabsdwe,True,26,
mp-aaabsdwk,True,70,
mp-aaabsdwp,True,96,
mp-aaabsdwx,True,36,
mp-aaabsdwy,True,24,
mp-aaabsdwz,True,24,
mp-aaabsdxd,True,20,
mp-aaabsdxm,True,54,
mp-aaabsdxv,True,24,
mp-aaabsdya,True,36,
mp-aaabsdyi,True,18,
mp-aaabsdym,True,36,
mp-aaabsdyr,True,48,
mp-aaabsdyz,True,20,
mp-aaabsdzp,True,90,
mp-aaabsead,True,40,
mp-aaabseaf,True,22,
mp-aaabseaj,True,36,
mp-aaabseam,True,36,
mp-aaabseap,True,72,
mp-aaabseaq,True,72,
mp-aaabseau,True,21,
mp-aaabsebi,True,24,
mp-aaabsebw,True,28,
mp-aaabseca,True,24,
mp-aaabsecj,True,36,
mp-aaabsecn,True,76,
mp-aaabsect,True,24,
mp-aaabsede,True,76,
mp-aaabsedj,True,55,
mp-aaabsedo,True,20,
mp-aaabsedq,True,36,
mp-aaabseea,True,28,
mp-aaabseek,True,76,
mp-aaabseel,True,76,
mp-aaabseem,True,12,
mp-aaabseeq,True,20,
mp-aaabsees,True,28,
mp-aaabsefr,True,24,
mp-aaabsefs,True,58,
mp-aaabsege,True,36,
mp-aaabsegh,True,68,
mp-aaabsegt,True,36,
mp-aaabsegu,True,80,
mp-aaabsehh,True,28,
mp-aaabsehn,True,72,
mp-aaabseho,True,72,
mp-aaabseif,True,56,
mp-aaabseil,True,28,
mp-aaabsein,True,28,
mp-aaabseio,True,24,
mp-aaabseiq,True,36,
mp-aaabseis,True,56,
mp-aaabseit,True,54,
mp-aaabseiv,True,92,
mp-aaabsejd,True,48,
mp-aaabsejg,True,24,
mp-aaabsejk,True,36,
mp-aaabsejm,True,28,
mp-aaabsejn,True,28,
mp-aaabsejo,True,28,
mp-aaabseka,True,92,
mp-aaabsekc,True,27,
mp-aaabsekd,True,56,
mp-aaabsekj,True,71,
mp-aaabsekw,True,54,
mp-aaabseln,True,54,
mp-aaabselo,True,54,
mp-aaabselv,True,19,
mp-aaabselx,True,24,
mp-aaabsely,True,54,
mp-aaabsemf,True,70,
mp-aaabseml,True,38,
mp-aaabsemn,True,40,
mp-aaabsemv,True,64,
mp-aaabsemz,True,19,
mp-aaabsend,True,27,
mp-aaabsenh,True,48,
mp-aaabsenj,True,44,
mp-aaabsenk,True,48,
mp-aaabsenl,True,36,
mp-aaabsenm,True,40,
mp-aaabseno,True,48,
mp-aaabsenr,True,19,
mp-aaabsenz,True,64,
mp-aaabseoa,True,44,
mp-aaabseoc,True,17,
mp-aaabseod,True,27,
mp-aaabseof,True,19,
mp-aaabseoi,True,27,
mp-aaabseoj,True,27,
mp-aaabseol,True,58,
mp-aaabseom,True,52,
mp-aaabseor,True,17,
mp-aaabseos,True,17,
mp-aaabseou,True,26,
mp-aaabseov,True,17,
mp-aaabseoy,True,58,
mp-aaabsepc,True,18,
mp-aaabsepj,True,34,
mp-aaabsepm,True,32,
mp-aaabsepq,True,55,
mp-aaabsept,True,17,
mp-aaabseqe,True,80,
mp-aaabseqf,True,88,
mp-aaabseqo,True,50,
mp-aaabsequ,True,92,
mp-aaabserk,True,26,
mp-aaabserm,True,36,
mp-aaabsers,True,24,
mp-aaabseru,True,86,
mp-aaabsesb,True,23,
mp-aaabsesu,True,24,
mp-aaabsesv,True,30,
mp-aaabsetb,True,56,
mp-aaabseth,True,30,
mp-aaabsetn,True,76,
mp-aaabsetp,True,40,
mp-aaabsetq,True,35,
mp-aaabsety,True,40,
mp-aaabsetz,True,72,
mp-aaabseum,True,45,
mp-aaabseun,True,34,
mp-aaabseuv,True,98,
mp-aaabseuw,True,98,
mp-aaabsevb,True,28,
mp-aaabsevd,True,36,
mp-aaabseve,True,34,
mp-aaabsevf,True,36,
mp-aaabsevi,True,56,
mp-aaabsevj,True,47,
mp-aaabsevr,True,40,
mp-aaabsewf,True,40,
mp-aaabsewm,True,128,
mp-aaabsewo,True,69,
mp-aaabsewr,True,80,
mp-aaabsews,True,56,
mp-aaabsewy,True,24,
mp-aaabsexg,True,36,
mp-aaabsexi,True,24,
mp-aaabsexn,True,64,
mp-aaabsexo,True,40,
mp-aaabsexq,True,64,
mp-aaabsexw,True,76,
mp-aaabseya,True,14,
mp-aaabseyi,True,36,
mp-aaabseyz,True,56,
mp-aaabsfar,True,56,
mp-aaabsfba,True,68,
mp-aaabsfbf,True,74,
mp-aaabsfbg,True,40,
mp-aaabsfbj,True,36,
mp-aaabsfbl,True,36,
mp-aaabsfbt,True,38,
mp-aaabsfdk,True,68,
mp-aaabsfdw,True,72,
mp-aaabsfeb,True,76,
mp-aaabsfee,True,68,
mp-aaabsffn,True,27,
mp-aaabsfga,True,40,
mp-aaabsfgy,True,28,
mp-aaabsfhd,True,44,
mp-aaabsfiw,True,20,
mp-aaabsfjv,True,76,
mp-aaabsfjy,True,69,
mp-aaabsfkh,True,26,
mp-aaabsfki,True,35,
mp-aaabsfkk,True,69,
mp-aaabsfkl,True,84,
mp-aaabsfks,True,28,
mp-aaabsfkt,True,68,
mp-aaabsfmf,True,56,
mp-aaabsfmm,True,28,
mp-aaabsfmn,True,24,
mp-aaabsfms,True,19,
mp-aaabsfnb,True,34,
mp-aaabsfnd,True,44,
mp-aaabsfos,True,32,
mp-aaabsfrt,True,42,
mp-aaabsftr,True,36,
mp-aaabsftx,True,48,
mp-aaabsfux,True,38,
mp-aaabsfuy,True,28,
mp-aaabsfuz,True,32,
mp-aaabsfva,True,41,
mp-aaabsfvc,True,45,
mp-aaabsfvj,True,48,
mp-aaabsfvs,True,35,
mp-aaabsfvt,True,27,
mp-aaabsfvv,True,34,
mp-aaabsfvx,True,66,
mp-aaabsfwd,True,32,
mp-aaabsfwq,True,29,
mp-aaabsfwv,True,60,
mp-aaabsfxq,True,88,
mp-aaabsfxr,True,32,
mp-aaabsfxu,True,32,
mp-aaabsfxv,True,45,
mp-aaabsfxz,True,43,
mp-aaabsfyc,True,34,
mp-aaabsfyi,True,38,
mp-aaabsfyl,True,45,
mp-aaabsfyy,True,40,
mp-aaabsfyz,True,45,
mp-aaabsfzb,True,66,
mp-aaabsfzd,True,18,
mp-aaabsfzh,True,22,
mp-aaabsfzo,True,30,
mp-aaabsfzw,True,56,
mp-aaabsgaa,True,15,
mp-aaabsgac,True,34,
mp-aaabsgad,True,72,
mp-aaabsgae,True,47,
mp-aaabsgaf,True,66,
mp-aaabsgag,True,50,
mp-aaabsgai,True,28,
mp-aaabsgar,True,28,
mp-aaabsgbo,True,30,
mp-aaabsgbt,True,46,
mp-aaabsgbu,True,12,
mp-aaabsgbw,True,14,
mp-aaabsgcd,True,23,
mp-aaabsgci,True,24,
mp-aaabsgcl,True,9,
mp-aaabsgcn,True,40,
mp-aaabsgcp,True,66,
mp-aaabsgcr,True,12,
mp-aaabsgcz,True,24,
mp-aaabsgdc,True,56,
mp-aaabsgdg,True,26,
mp-aaabsgdn,True,81,
mp-aaabsger,True,41,
mp-aaabsgev,True,24,
mp-aaabsgfb,True,24,
mp-aaabsgfl,True,24,
mp-aaabsgfr,True,20,
mp-aaabsggm,True,78,
mp-aaabsggr,True,76,
mp-aaabsggt,True,32,
mp-aaabsggy,True,17,
mp-aaabsghd,True,50,
mp-aaabsghg,True,14,
mp-aaabsgia,True,18,
mp-aaabsgip,True,54,
mp-aaabsgjg,True,34,
mp-aaabsgjr,True,30,
mp-aaabsgjt,True,56,
mp-aaabsgjx,True,28,
mp-aaabsgkg,True,28,
mp-aaabsgkh,True,32,
mp-aaabsgkp,True,20,
mp-aaabsgkv,True,20,
mp-aaabsgkw,True,28,
mp-aaabsgli,True,28,
mp-aaabsgme,True,24,
mp-aaabsgml,True,30,
mp-aaabsgnc,True,35,
mp-aaabsgnn,True,86,
mp-aaabsgnx,True,40,
mp-aaabsgod,True,80,
mp-aaabsgof,True,132,
mp-aaabsgoh,True,30,
mp-aaabsgom,True,86,
mp-aaabsgot,True,35,
mp-aaabsgpd,True,30,
mp-aaabsgpi,True,19,
mp-aaabsgpv,True,22,
mp-aaabsgpw,True,20,
mp-aaabsgqa,True,40,
mp-aaabsgqe,True,15,
mp-aaabsgqf,True,24,
mp-aaabsgqg,True,44,
mp-aaabsgqp,True,34,
mp-aaabsgqq,True,34,
mp-aaabsgqu,True,55,
mp-aaabsgqy,True,20,
mp-aaabsgri,True,22,
mp-aaabsgrm,True,34,
mp-aaabsgrn,True,40,
mp-aaabsgrr,True,30,
mp-aaabsgrx,True,47,
mp-aaabsgsl,True,76,
mp-aaabsgsm,True,32,
mp-aaabsgtp,True,38,
mp-aaabsguz,True,60,
mp-aaabsgvt,True,39,
mp-aaabsgwn,True,70,
mp-aaabsgwt,True,70,
mp-aaabsgxc,True,40,
mp-aaabsgxk,True,86,
mp-aaabsgxn,True,100,
mp-aaabsgxu,True,136,
mp-aaabsgxx,True,68,
mp-aaabsgyi,True,26,
mp-aaabsgyx,True,72,
mp-aaabsgzl,True,28,
mp-aaabsgzx,True,68,
mp-aaabsgzy,True,68,
mp-aaabshbe,True,38,
mp-aaabshbh,True,92,
mp-aaabshbj,True,86,
mp-aaabshbs,True,35,
mp-aaabshct,True,56,
mp-aaabshcw,True,98,
mp-aaabshdp,True,36,
mp-aaabshdx,True,34,
mp-aaabshdy,True,38,
mp-aaabshef,True,100,
mp-aaabsher,True,28,
mp-aaabshev,True,34,
mp-aaabshfa,True,54,
mp-aaabshfb,True,92,
mp-aaabshfc,True,76,
mp-aaabshfj,True,40,
mp-aaabshfl,True,30,
mp-aaabshfr,True,28,
mp-aaabshfs,True,26,
mp-aaabshfu,True,38,
mp-aaabshgb,True,70,
mp-aaabshgc,True,136,
mp-aaabshgm,True,38,
mp-aaabshgo,True,38,
mp-aaabshgu,True,68,
mp-aaabshgw,True,68,
mp-aaabshgz,True,20,
mp-aaabshhd,True,40,
mp-aaabshiw,True,54,
mp-aaabshjf,True,34,
mp-aaabshjp,True,28,
mp-aaabshks,True,41,
mp-aaabshkw,True,68,
mp-aaabshlh,True,30,
mp-aaabshlw,True,104,
mp-aaabshmp,True,66,
mp-aaabshmq,True,20,
mp-aaabshnt,True,80,
mp-aaabshog,True,68,
mp-aaabshos,True,40,
mp-aaabshpa,True,38,
mp-aaabshpo,True,58,
mp-aaabshpp,True,54,
mp-aaabshpq,True,38,
mp-aaabshpx,True,30,
mp-aaabshpy,True,30,
mp-aaabshqf,True,58,
mp-aaabshqi,True,70,
mp-aaabshqz,True,34,
mp-aaabshrm,True,72,
mp-aaabshsk,True,14,
mp-aaabshti,True,76,
mp-aaabshtn,True,15,
mp-aaabshto,True,13,
mp-aaabshtp,True,45,
mp-aaabshty,True,23,
mp-aaabshuj,True,54,
mp-aaabshva,True,30,
mp-aaabshwx,True,72,
mp-aaabshwy,True,50,
mp-aaabshwz,True,54,
mp-aaabshxd,True,40,
mp-aaabshxf,True,45,
mp-aaabshxg,True,45,
mp-aaabshzi,True,40,
mp-aaabshzs,True,28,
mp-aaabsian,True,68,
mp-aaabsiaq,True,14,
mp-aaabsice,True,92,
mp-aaabsicj,True,47,
mp-aaabsicl,True,48,
mp-aaabsics,True,34,
mp-aaabsicu,True,20,
mp-aaabsicv,True,42,
mp-aaabsicx,True,44,
mp-aaabsida,True,34,
mp-aaabsidc,True,46,
mp-aaabsiea,True,46,
mp-aaabsieb,True,45,
mp-aaabsiec,True,58,
mp-aaabsiee,True,72,
mp-aaabsiei,True,40,
mp-aaabsiej,True,32,
mp-aaabsiel,True,69,
mp-aaabsiex,True,36,
mp-aaabsiez,True,88,
mp-aaabsigx,True,128,
mp-aaabsiif,True,68,
mp-aaabsijk,True,38,
mp-aaabsijq,True,50,
mp-aaabsijv,True,34,
mp-aaabsijw,True,60,
mp-aaabsijy,True,98,
mp-aaabsikj,True,52,
mp-aaabsikk,True,80,
mp-aaabsikl,True,44,
mp-aaabsikn,True,34,
mp-aaabsiko,True,40,
mp-aaabsikq,True,47,
mp-aaabsilm,True,116,
mp-aaabsilq,True,27,
mp-aaabsils,True,48,
mp-aaabsilu,True,36,
mp-aaabsilv,True,34,
mp-aaabsilw,True,47,
mp-aaabsily,True,38,
mp-aaabsima,True,44,
mp-aaabsimg,True,48,
mp-aaabsimh,True,27,
mp-aaabsimy,True,38,
mp-aaabsinb,True,42,
mp-aaabsinl,True,22,
mp-aaabsipa,True,54,
mp-aaabsipl,True,15,
mp-aaabsipt,True,54,
mp-aaabsipy,True,26,
mp-aaabsiro,True,75,
mp-aaabsitq,True,44,
mp-aaabsiur,True,58,
mp-aaabsiuy,True,47,
mp-aaabsivb,True,46,
mp-aaabsivf,True,47,
mp-aaabsivl,True,32,
mp-aaabsivp,True,47,
mp-aaabsiwl,True,66,
mp-aaabsiwm,True,80,
mp-aaabsiwn,True,35,
mp-aaabsiwo,True,124,
mp-aaabsiwq,True,34,
mp-aaabsiwr,True,69,
mp-aaabsiwv,True,41,
mp-aaabsiwx,True,32,
mp-aaabsixd,True,20,
mp-aaabsixg,True,47,
mp-aaabsixp,True,24,
mp-aaabsjag,True,88,
mp-aaabsjap,True,28,
mp-aaabsjat,True,52,
mp-aaabsjav,True,52,
mp-aaabsjbn,True,89,
mp-aaabsjcf,True,50,
mp-aaabsjdj,True,54,
mp-aaabsjdt,True,86,
mp-aaabsjdy,True,52,
mp-aaabsjec,True,89,
mp-aaabsjex,True,68,
mp-aaabsjgs,True,86,
mp-aaabsjgz,True,32,
mp-aaabsjhp,True,84,
mp-aaabsjhu,True,34,
mp-aaabsjmm,True,56,
mp-aaabsjmn,True,34,
mp-aaabsjmo,True,56,
mp-aaabsjmp,True,70,
mp-aaabsjmq,True,56,
mp-aaabsjms,True,34,
mp-aaabsjmt,True,34,
mp-aaabsjmy,True,34,
mp-aaabsjna,True,68,
mp-aaabsjnf,True,66,
mp-aaabsjnm,True,66,
mp-aaabsjor,True,96,
mp-aaabsjpc,True,33,
mp-aaabsjri,True,54,
mp-aaabsjrj,True,116,
mp-aaabsjrn,True,50,
mp-aaabsjse,True,19,
mp-aaabsjsg,True,54,
mp-aaabsjsn,True,18,
mp-aaabsjsr,True,18,
mp-aaabsjul,True,15,
mp-aaabsjxr,True,24,
mp-aaabsjzi,True,60,
mp-aaabsjzs,True,44,
mp-aaabsjzu,True,14,
mp-aaabsjzy,True,34,
mp-aaabskab,True,23,
mp-aaabskad,True,41,
mp-aaabskag,True,52,
mp-aaabskah,True,34,
mp-aaabskai,True,45,
mp-aaabskak,True,32,
mp-aaabskal,True,41,
mp-aaabskat,True,32,
mp-aaabskbb,True,41,
mp-aaabskbf,True,34,
mp-aaabskbg,True,46,
mp-aaabskbh,True,46,
mp-aaabskbk,True,34,
mp-aaabskbm,True,68,
mp-aaabskbt,True,34,
mp-aaabskca,True,35,
mp-aaabskcb,True,60,
mp-aaabskcd,True,48,
mp-aaabskci,True,58,
mp-aaabskcw,True,42,
mp-aaabskcx,True,41,
mp-aaabskcy,True,69,
mp-aaabskda,True,69,
mp-aaabskde,True,39,
mp-aaabskdg,True,23,
mp-aaabskdk,True,40,
mp-aaabskdl,True,56,
mp-aaabskdm,True,46,
mp-aaabskdp,True,34,
mp-aaabskdq,True,22,
mp-aaabskdr,True,35,
mp-aaabskdv,True,38,
mp-aaabskdz,True,40,
mp-aaabskei,True,32,
mp-aaabskej,True,24,
mp-aaabskgx,True,38,
mp-aaabskhb,True,30,
mp-aaabskhc,True,30,
mp-aaabskhr,True,16,
mp-aaabskhw,True,35,
mp-aaabskia,True,34,
mp-aaabskic,True,54,
mp-aaabskid,True,19,
mp-aaabskii,True,32,
mp-aaabskik,True,26,
mp-aaabskil,True,30,
mp-aaabskip,True,32,
mp-aaabskiv,True,80,
mp-aaabskja,True,96,
mp-aaabskjp,True,58,
mp-aaabskky,True,32,
mp-aaabskll,True,58,
mp-aaabsklp,True,36,
mp-aaabsklr,True,34,
mp-aaabskls,True,60,
mp-aaabskmb,True,20,
mp-aaabskmd,True,35,
mp-aaabskmk,True,58,
mp-aaabskmr,True,35,
mp-aaabskmt,True,88,
mp-aaabsknc,True,30,
mp-aaabsknp,True,28,
mp-aaabskns,True,32,
mp-aaabsknu,True,58,
mp-aaabsknx,True,36,
mp-aaabsknz,True,30,
mp-aaabskob,True,46,
mp-aaabskod,True,50,
mp-aaabskol,True,75,
mp-aaabskom,True,41,
mp-aaabskoo,True,52,
mp-aaabskoq,True,88,
mp-aaabskor,True,52,
mp-aaabskoz,True,30,
mp-aaabskpa,True,34,
mp-aaabskpq,True,32,
mp-aaabskps,True,34,
mp-aaabskpy,True,34,
mp-aaabskqa,True,96,
mp-aaabskqb,True,67,
mp-aaabskqd,True,96,
mp-aaabskqe,True,32,
mp-aaabskqg,True,48,
mp-aaabskqi,True,58,
mp-aaabskqj,True,46,
mp-aaabskqk,True,24,
mp-aaabskqx,True,14,
mp-aaabskrt,True,58,
mp-aaabskrw,True,84,
mp-aaabskrx,True,39,
mp-aaabskry,True,88,
mp-aaabsksa,True,34,
mp-aaabsksb,True,90,
mp-aaabsksc,True,34,
mp-aaabsksd,True,96,
mp-aaabskse,True,104,
mp-aaabsksh,True,86,
mp-aaabskso,True,44,
mp-aaabsksw,True,104,
mp-aaabsktg,True,88,
mp-aaabskti,True,40,
mp-aaabsktj,True,40,
mp-aaabsktl,True,90,
mp-aaabsktn,True,30,
mp-aaabskto,True,120,
mp-aaabsktq,True,34,
mp-aaabskts,True,33,
mp-aaabsktw,True,32,
mp-aaabskua,True,30,
mp-aaabskug,True,52,
mp-aaabskvc,True,88,
mp-aaabskvj,True,46,
mp-aaabskvp,True,32,
mp-aaabskvq,True,32,
mp-aaabskwf,True,42,
mp-aaabskwi,True,30,
mp-aaabskwr,True,34,
mp-aaabskws,True,76,
mp-aaabskwx,True,16,
mp-aaabskxe,True,22,
mp-aaabskxh,True,32,
mp-aaabskxo,True,76,
mp-aaabskxp,True,76,
mp-aaabskxv,True,87,
mp-aaabskxw,True,88,
mp-aaabskxx,True,36,
mp-aaabskxz,True,19,
mp-aaabskyd,True,60,
mp-aaabskzi,True,84,
mp-aaabskzj,True,32,
mp-aaabskzk,True,68,
mp-aaabskzl,True,86,
mp-aaabskzu,True,86,
mp-aaabskzy,True,90,
mp-aaabslag,True,58,
mp-aaabslas,True,13,
mp-aaabslbb,True,28,
mp-aaabslcn,True,84,
mp-aaabslcr,True,52,
mp-aaabslcz,True,16,
mp-aaabsldi,True,48,
mp-aaabsldn,True,78,
mp-aaabsldq,True,18,
mp-aaabsldt,True,34,
mp-aaabslec,True,24,
mp-aaabsleh,True,24,
mp-aaabslei,True,54,
mp-aaabslek,True,58,
mp-aaabslga,True,35,
mp-aaabslgf,True,50,
mp-aaabsliw,True,19,
mp-aaabsliz,True,54,
mp-aaabslja,True,52,
mp-aaabsljg,True,38,
mp-aaabslkj,True,32,
mp-aaabsllm,True,54,
mp-aaabslln,True,69,
mp-aaabslmq,True,54,
mp-aaabsluo,True,12,
mp-aaabsmbp,True,66,
mp-aaabsmbu,True,34,
mp-aaabsmff,True,30,
mp-aaabsmfh,True,28,
mp-aaabsmfi,True,32,
mp-aaabsmfv,True,32,
mp-aaabsmfw,True,44,
mp-aaabsmfy,True,46,
mp-aaabsmfz,True,54,
mp-aaabsmgb,True,28,
mp-aaabsmgc,True,18,
mp-aaabsmge,True,44,
mp-aaabsmgf,True,35,
mp-aaabsmgh,True,69,
mp-aaabsmgq,True,47,
mp-aaabsmia,True,15,
mp-aaabsmig,True,35,
mp-aaabsmih,True,58,
mp-aaabsmii,True,96,
mp-aaabsmis,True,32,
mp-aaabsmiu,True,60,
mp-aaabsmky,True,14,
mp-aaabsmll,True,26,
mp-aaabsmlm,True,23,
mp-aaabsmlz,True,15,
mp-aaabsmme,True,28,
mp-aaabsmnj,True,40,
mp-aaabsmoe,True,45,
mp-aaabsmof,True,46,
mp-aaabsmuz,True,48,
mp-aaabsntf,True,33,
mp-aaabsntg,True,96,
mp-aaabsntk,True,33,
mp-aaabsntl,True,54,
mp-aaabsnto,True,31,
mp-aaabsntp,True,54,
mp-aaabsntq,True,33,
mp-aaabsntr,True,35,
mp-aaabsnts,True,32,
mp-aaabsntx,True,54,
mp-aaabsnty,True,44,
mp-aaabsnuc,True,35,
mp-aaabsnuk,True,42,
mp-aaabsnum,True,24,
mp-aaabsnuq,True,68,
mp-aaabsnwq,True,13,
mp-aaabsnww,True,88,
mp-aaabsoam,True,70,
mp-aaabsoan,True,27,
mp-aaabspqf,True,28,
mp-aaabspqh,True,48,
mp-aaabspqj,True,32,
mp-aaabsuoy,True,72,
mp-aaabsuwr,True,16,
mp-aaabthqj,True,3,
mp-aaabthzw,True,12,
mp-aaabtmte,True,20,
mp-aaabtnvf,True,17,
mp-aaabtnwv,True,16,
mp-aaabtphj,True,14,
mp-aaabtpkm,True,17,
mp-aaabtptm,True,16,
mp-aaabtpty,True,16,
mp-aaabtpxh,True,15,
mp-aaabtqdy,True,20,
mp-aaabtqes,True,16,
mp-aaabtqoo,True,16,
mp-aaabtqpb,True,17,
mp-aaabtqxj,True,23,
mp-aaabtrac,True,19,
mp-aaabtreh,True,28,
mp-aaabtryd,True,18,
mp-aaabtsuu,True,32,
mp-aaabttlm,True,16,
mp-aaabtvip,True,16,
mp-aaabtwbd,True,19,
mp-aaabtxsp,True,15,
mp-aaabtxui,True,14,
mp-aaabtxze,True,20,
mp-aaabtywo,True,50,
mp-aaabtyyd,True,15,
mp-aaabtzaf,True,50,
mp-aaabtzah,True,19,
mp-aaabtzey,True,17,
mp-aaabtzgb,True,39,
mp-aaabtzgq,True,36,
mp-aaabuoih,True,14,
mp-aaabusyz,True,3,
mp-aaabutom,True,56,
mp-aaabutqc,True,56,
mp-aaabvfli,True,41,
mp-aaabvhjr,True,44,
mp-aaabvhnk,True,40,
mp-aaabvhnq,True,33,
mp-aaabvhns,True,28,
mp-aaabvhnv,True,24,
mp-aaabvhoy,True,40,
mp-aaabvhqr,True,96,
mp-aaabvhqz,True,32,
mp-aaabvhre,True,86,
mp-aaabvhri,True,86,
mp-aaabvhrj,True,86,
mp-aaabvhrp,True,70,
mp-aaabvhru,True,88,
mp-aaabvhrx,True,98,
mp-aaabvhry,True,70,
mp-aaabwibe,True,6,
mp-aaabwidk,True,15,
mp-aaabwidl,True,15,
mp-aaabwigl,True,17,
mp-aaabwihb,True,34,
mp-aaabwihd,True,20,
mp-aaabwihf,True,32,
mp-aaabwiht,True,28,
mp-aaabwihy,True,32,
mp-aaabwiib,True,88,
mp-aaabwiid,True,14,
mp-aaabwiif,True,23,
mp-aaabwiij,True,16,
mp-aaabwiiq,True,15,
mp-aaabwijc,True,16,
mp-aaabwiji,True,32,
mp-aaabwijl,True,33,
mp-aaabwijx,True,33,
mp-aaabwijz,True,80,
mp-aaabwikb,True,76,
mp-aaabwike,True,88,
mp-aaabwikh,True,88,
mp-aaabwiki,True,41,
mp-aaabwikl,True,60,
mp-aaabwikr,True,35,
mp-aaabwiks,True,76,
mp-aaabwiky,True,22,
mp-aaabwilt,True,28,
mp-aaabwimi,True,36,
mp-aaabwimq,True,79,
mp-aaabwinb,True,40,
mp-aaabwine,True,88,
mp-aaabwinl,True,46,
mp-aaabwinr,True,88,
mp-aaabwins,True,30,
mp-aaabwint,True,35,
mp-aaabwinu,True,70,
mp-aaabwinv,True,88,
mp-aaabwinw,True,19,
mp-aaabwiny,True,36,
mp-aaabwiob,True,72,
mp-aaabwiof,True,86,
mp-aaabwiog,True,78,
mp-aaabwioq,True,28,
mp-aaabwior,True,84,
mp-aaabwioz,True,36,
mp-aaabwipf,True,30,
mp-aaabwipg,True,88,
mp-aaabwipm,True,35,
mp-aaabwipq,True,30,
mp-aaabwipr,True,27,
mp-aaabwips,True,22,
mp-aaabwipw,True,28,
mp-aaabwipz,True,28,
mp-aaabwiqc,True,42,
mp-aaabwiqf,True,34,
mp-aaabwiqs,True,88,
mp-aaabwiqu,True,90,
mp-aaabwiqv,True,14,
mp-aaabwiqx,True,19,
mp-aaabwiqz,True,70,
mp-aaabwira,True,70,
mp-aaabwirb,True,86,
mp-aaabwirh,True,36,
mp-aaabwiri,True,92,
mp-aaabwirk,True,35,
mp-aaabwirn,True,15,
mp-aaabwirq,True,32,
mp-aaabwirw,True,42,
mp-aaabwiry,True,96,
mp-aaabwisj,True,24,
mp-aaabwisn,True,34,
mp-aaabwisq,True,34,
mp-aaabwisr,True,44,
mp-aaabwisw,True,34,
mp-aaabwisx,True,34,
mp-aaabwisy,True,70,
mp-aaabwite,True,68,
mp-aaabwitf,True,88,
mp-aaabwith,True,88,
mp-aaabwitk,True,90,
mp-aaabwitm,True,68,
mp-aaabwitn,True,90,
mp-aaabwito,True,90,
mp-aaabwitq,True,68,
mp-aaabwitr,True,70,
mp-aaabwits,True,70,
mp-aaabwitv,True,70,
mp-aaabwitx,True,86,
mp-aaabwiue,True,70,
mp-aaabwiuf,True,62,
mp-aaabwiui,True,86,
mp-aaabwiuj,True,70,
mp-aaabwium,True,22,
mp-aaabwiun,True,45,
mp-aaabwiuo,True,44,
mp-aaabwiup,True,41,
mp-aaabwiuu,True,61,
mp-aaabwivd,True,88,
mp-aaabwivf,True,90,
mp-aaabwivh,True,68,
mp-aaabwivk,True,42,
mp-aaabwivl,True,70,
mp-aaabwivo,True,34,
mp-aaabwivp,True,44,
mp-aaabwivr,True,43,
mp-aaabwivs,True,42,
mp-aaabwivt,True,86,
mp-aaabwivu,True,42,
mp-aaabwivv,True,96,
mp-aaabwivx,True,70,
mp-aaabwivy,True,86,
mp-aaabwiwe,True,45,
mp-aaabwiwf,True,84,
mp-aaabwiwl,True,27,
mp-aaabwiwq,True,92,
mp-aaabwiww,True,92,
mp-aaabwixb,True,92,
mp-aaabwixc,True,35,
mp-aaabwixf,True,90,
mp-aaabwixr,True,38,
mp-aaabwixu,True,88,
mp-aaabwixz,True,94,
mp-aaabwiyk,True,42,
mp-aaabwiym,True,88,
mp-aaabwiyp,True,12,
mp-aaabwiyv,True,46,
mp-aaabwiyy,True,42,
mp-aaabwizc,True,43,
mp-aaabwize,True,47,
mp-aaabwizf,True,36,
mp-aaabwizg,True,38,
mp-aaabwizl,True,86,
mp-aaabwizm,True,90,
mp-aaabwizo,True,42,
mp-aaabwizp,True,88,
mp-aaabwizr,True,88,
mp-aaabwizt,True,88,
mp-aaabwizu,True,90,
mp-aaabwizy,True,90,
mp-aaabwizz,True,20,
mp-aaabwjaa,True,17,
mp-aaabwjae,True,42,
mp-aaabwjaf,True,34,
mp-aaabwjai,True,36,
mp-aaabwjaj,True,104,
mp-aaabwjak,True,42,
mp-aaabwjan,True,92,
mp-aaabwjao,True,66,
mp-aaabwjap,True,41,
mp-aaabwjay,True,86,
mp-aaabwjaz,True,64,
mp-aaabwjba,True,68,
mp-aaabwjbj,True,24,
mp-aaabwjbk,True,15,
mp-aaabwjbm,True,12,
mp-aaabwjbo,True,20,
mp-aaabwjbu,True,40,
mp-aaabwjbv,True,88,
mp-aaabwjca,True,36,
mp-aaabwjci,True,72,
mp-aaabwjcw,True,94,
mp-aaabwjgb,True,36,
mp-aaabwjil,True,30,
mp-aaabwjim,True,42,
mp-aaabwjjy,True,44,
mp-aaabwjka,True,69,
mp-aaabwjkb,True,88,
mp-aaabwjkd,True,97,
mp-aaabwjke,True,92,
mp-aaabwjkf,True,88,
mp-aaabwjkg,True,86,
mp-aaabwjkh,True,90,
mp-aaabwjkj,True,90,
mp-aaabwjkp,True,143,
mp-aaabwjlb,True,48,
mp-aaabwjle,True,88,
mp-aaabwjlh,True,144,
mp-aaabwjli,True,61,
mp-aaabwjms,True,20,
mp-aaabwjoh,True,46,
mp-aaabwjpn,True,15,
mp-aaabwjrn,True,14,
mp-aaabwjro,True,14,
mp-aaabwjrq,True,20,
mp-aaabwjrr,True,20,
mp-aaabwjsa,True,15,
mp-aaabwjsd,True,28,
mp-aaabwjsk,True,18,
mp-aaabwjso,True,14,
mp-aaabwjsp,True,28,
mp-aaabwjss,True,75,
mp-aaabwjsu,True,84,
mp-aaabwjtd,True,50,
mp-aaabwjtg,True,28,
mp-aaabwjuf,True,54,
mp-aaabwjvd,True,15,
mp-aaabwjxc,True,16,
mp-aaabwjxi,True,32,
mp-aaabwjyd,True,24,
mp-aaabwjyj,True,36,
mp-aaabwjyl,True,40,
mp-aaabwjzm,True,16,
mp-aaabwjzn,True,32,
mp-aaabwjzo,True,34,
mp-aaabwjzp,True,46,
mp-aaabwjzu,True,45,
mp-aaabwkac,True,34,
mp-aaabwkae,True,41,
mp-aaabwkal,True,18,
mp-aaabwkbe,True,16,
mp-aaabwkes,True,24,
mp-aaabwket,True,24,
mp-aaabwkeu,True,72,
mp-aaabwkfa,True,36,
mp-aaabwkfb,True,92,
mp-aaabwkjz,True,94,
mp-aaabwklq,True,94,
mp-aaabwkmw,True,32,
mp-aaabwkmy,True,39,
mp-aaabwkne,True,50,
mp-aaabwknw,True,89,
mp-aaabwkoa,True,76,
mp-aaabwkoc,True,76,
mp-aaabwkoi,True,36,
mp-aaabwkok,True,34,
mp-aaabwkom,True,34,
mp-aaabwkow,True,34,
mp-aaabwkoy,True,58,
mp-aaabwkpk,True,30,
mp-aaabwkrm,True,104,
mp-aaabwkry,True,67,
mp-aaabwksf,True,34,
mp-aaabwksi,True,58,
mp-aaabwksj,True,44,
mp-aaabwksm,True,75,
mp-aaabwkst,True,14,
mp-aaabwksw,True,22,
mp-aaabwkte,True,38,
mp-aaabwktf,True,44,
mp-aaabwktg,True,73,
mp-aaabwktl,True,48,
mp-aaabwktm,True,66,
mp-aaabwktr,True,33,
mp-aaabwkts,True,42,
mp-aaabwktu,True,15,
mp-aaabwktw,True,37,
mp-aaabwkua,True,76,
mp-aaabwkuj,True,20,
mp-aaabwkul,True,22,
mp-aaabwkuq,True,47,
mp-aaabwkur,True,87,
mp-aaabwkut,True,22,
mp-aaabwkuu,True,10,
mp-aaabwkuw,True,32,
mp-aaabwkux,True,46,
mp-aaabwkuy,True,34,
mp-aaabwkva,True,82,
mp-aaabwkvc,True,20,
mp-aaabwkvf,True,35,
mp-aaabwkvi,True,78,
mp-aaabwkvl,True,34,
mp-aaabwkvv,True,54,
mp-aaabwkvy,True,12,
mp-aaabwkwa,True,34,
mp-aaabwkwj,True,24,
mp-aaabwkwp,True,54,
mp-aaabwkws,True,34,
mp-aaabwkzr,True,84,
mp-aaabwkzy,True,48,
mp-aaabwlae,True,90,
mp-aaabwlaj,True,42,
mp-aaabwlam,True,76,
mp-aaabwlap,True,76,
mp-aaabwlav,True,152,
mp-aaabwlbd,True,88,
mp-aaabwlbe,True,88,
mp-aaabwlbr,True,136,
mp-aaabwlgh,True,88,
mp-aaabwlgn,True,88,
mp-aaabwlgo,True,88,
mp-aaabwlgp,True,88,
mp-aaabwlgq,True,88,
mp-aaabwlhi,True,76,
mp-aaabwljq,True,88,
mp-aaabwmlx,True,18,
mp-aaabwoey,True,16,
mp-aaabwsnh,True,12,
mp-aaabwsnv,True,16,
mp-aaabwtxc,True,54,
mp-aaabwuhf,True,28,
mp-aaabwuhg,True,56,
mp-aaabwuhi,True,22,
mp-aaabwuhj,True,28,
mp-aaabwwnw,True,36,
mp-aaabwwvu,True,28,
mp-aaabwwwj,True,42,
mp-aaabwwwq,True,26,
mp-aaabwwwy,True,22,
mp-aaabwwxo,True,30,
mp-aaabwwxs,True,18,
mp-aaabwyzp,True,12,
mp-aaabwzji,True,36,
mp-aaabwzle,True,25,
mp-aaabwzmm,True,41,
mp-aaabwzmu,True,46,
mp-aaabwznd,True,28,
mp-aaabwzoq,True,80,
mp-aaabwzpb,True,42,
mp-aaabwzpc,True,36,
mp-aaabwzsx,True,28,
mp-aaabwzto,True,28,
mp-aaabwzvs,True,86,
mp-aaabxaak,True,14,
mp-aaabxabi,True,32,
mp-aaabxabl,True,68,
mp-aaabxacc,True,56,
mp-aaabxaim,True,36,
mp-aaabxair,True,36,
mp-aaabxaiz,True,36,
mp-aaabxaju,True,28,
mp-aaabxakg,True,20,
mp-aaabxakk,True,48,
mp-aaabxalp,True,15,
mp-aaabxalr,True,28,
mp-aaabxalv,True,22,
mp-aaabxalx,True,36,
mp-aaabxaml,True,16,
mp-aaabxamr,True,30,
mp-aaabxana,True,24,
mp-aaabxand,True,19,
mp-aaabxanp,True,24,
mp-aaabxaoo,True,28,
mp-aaabxaoy,True,24,
mp-aaabxapb,True,84,
mp-aaabxapt,True,34,
mp-aaabxapv,True,80,
mp-aaabxasc,True,48,
mp-aaabxasz,True,56,
mp-aaabxatl,True,28,
mp-aaabxawi,True,16,
mp-aaabxaxu,True,87,
mp-aaabxayc,True,15,
mp-aaabxbvq,True,20,
mp-aaabxchg,True,4,
mp-aaabxcti,True,22,
mp-aaabxcuq,True,28,
mp-aaabxdda,True,15,
mp-aaabxddc,True,15,
mp-aaabxddd,True,15,
mp-aaabxddu,True,16,
mp-aaabxddy,True,48,
mp-aaabxdee,True,86,
mp-aaabxdef,True,86,
mp-aaabxdek,True,86,
mp-aaabxden,True,30,
mp-aaabxdep,True,86,
mp-aaabxdet,True,86,
mp-aaabxdex,True,86,
mp-aaabxdey,True,88,
mp-aaabxdfc,True,32,
mp-aaabxdfd,True,86,
mp-aaabxdfg,True,86,
mp-aaabxdfj,True,72,
mp-aaabxdfl,True,86,
mp-aaabxdfm,True,86,
mp-aaabxdfo,True,86,
mp-aaabxdfp,True,86,
mp-aaabxdfq,True,86,
mp-aaabxdfs,True,20,
mp-aaabxdfy,True,36,
mp-aaabxdgb,True,28,
mp-aaabxdgs,True,28,
mp-aaabxdha,True,80,
mp-aaabxdxh,True,24,
mp-aaabxdxt,True,15,
mp-aaabxfui,True,28,
mp-aaabxgnn,True,8,
mp-aaabxgwx,True,4,
mp-aaabxgzf,True,4,
mp-aaabxhje,True,4,
mp-aaabxhmd,True,12,
mp-aaabxibk,True,9,
mp-aaabxjbj,True,4,
mp-aaabxjhz,True,8,
mp-aaabxjiv,True,16,
mp-aaabxjiz,True,28,
mp-aaabxjkb,True,30,
mp-aaabxjkh,True,23,
mp-aaabxjkm,True,50,
mp-aaabxjme,True,21,
mp-aaabxjmu,True,16,
mp-aaabxjmy,True,15,
mp-aaabxjnh,True,24,
mp-aaabxjno,True,28,
mp-aaabxjnt,True,24,
mp-aaabxjok,True,30,
mp-aaabxjpq,True,11,
mp-aaabxjqu,True,8,
mp-aaabxjsc,True,48,
mp-aaabxjtx,True,48,
mp-aaabxjue,True,24,
mp-aaabxjur,True,30,
mp-aaabxjvb,True,34,
mp-aaabxjyx,True,44,
mp-aaabxjyy,True,40,
mp-aaabxjzb,True,12,
mp-aaabxjze,True,37,
mp-aaabxjzn,True,47,
mp-aaabxkai,True,48,
mp-aaabxkax,True,15,
mp-aaabxnli,True,38,
mp-aaabydnh,True,24,
mp-aaabydnx,True,22,
mp-aaabydrc,True,44,
mp-aaabydri,True,56,
mp-aaabyelr,True,16,
mp-aaabyfhj,True,96,
mp-aaabyfpk,True,42,
mp-aaabyfpm,True,42,
mp-aaabyfzt,True,43,
mp-aaabygac,True,42,
mp-aaabygbr,True,85,
mp-aaabygzo,True,38,
mp-aaabygzq,True,42,
mp-aaabyhaq,True,42,
mp-aaabyhon,True,17,
mp-aaabyhts,True,71,
mp-aaabykjz,True,22,
mp-aaabykza,True,47,
mp-aaabyljv,True,15,
mp-aaabymrb,True,41,
mp-aaabymrk,True,16,
mp-aaabynfg,True,24,
mp-aaabyngc,True,64,
mp-aaabyoab,True,28,
mp-aaabyohd,True,68,
mp-aaabyoox,True,27,
mp-aaabytkw,True,34,
mp-aaabyvdn,True,70,
mp-aaabyvid,True,70,
mp-aaabyvip,True,70,
mp-aaacbehp,True,34,
mp-aaacbgai,True,34,
mp-aaacbgbk,True,40,
mp-aaacbgdh,True,60,
mp-aaacbgfx,True,56,
mp-aaacbghz,True,52,
mp-aaacbgit,True,5,
mp-aaacbgna,True,25,
mp-aaacbmeu,True,36,
mp-aaacbrre,True,40,
mp-aaacbzxc,True,46,
mp-aaacctep,True,3,
mp-aaacdhin,True,8,
mp-aaacdhio,True,8,
mp-aaacdhjb,True,8,
mp-aaacdhjx,True,16,
mp-aaacdkae,True,4,
mp-aaacdkag,True,4,
mp-aaacdkbf,True,5,
mp-aaacdkgs,True,4,
mp-aaacdmsp,True,4,
mp-aaacdnrt,True,4,
mp-aaacdnwu,True,4,
mp-aaacdoae,True,4,
mp-aaacdpdz,True,5,
mp-aaacdpji,True,4,
mp-aaacdpoq,True,4,
mp-aaacdxod,True,4,
mp-aaacdygc,True,4,
mp-aaacebzd,True,5,
mp-aaacechq,True,3,
mp-aaacehug,True,10,
mp-aaacehvl,True,10,
mp-aaaceszk,True,4,
mp-aaacewmo,True,4,
mp-aaacewnz,True,4,
mp-aaacezqj,True,7,
mp-aaacfaab,True,2,
mp-aaacfaox,True,2,
mp-aaacfapf,True,2,
mp-aaacfbci,True,14,
mp-aaacfbcm,True,16,
mp-aaacfcfb,True,52,
mp-aaacfcfc,True,13,
mp-aaacfcob,True,49,
mp-aaacfcrj,True,49,
mp-aaacfcrk,True,52,
mp-aaacfcrl,True,10,
mp-aaacfcrm,True,50,
mp-aaacfcvg,True,56,
mp-aaacfczu,True,16,
mp-aaacfdtv,True,13,
mp-aaacfeis,True,26,
mp-aaacfgiq,True,4,
mp-aaacfjvv,True,4,
mp-aaacfkko,True,3,
mp-aaacfkmh,True,3,
mp-aaacfkro,True,3,
mp-aaacfkut,True,2,
mp-aaacfllb,True,3,
mp-aaacflsl,True,2,
mp-aaacflst,True,3,
mp-aaacflsu,True,3,
mp-aaacfous,True,48,
mp-aaacfqau,True,56,
mp-aaacfqbe,True,40,
mp-aaacfqdq,True,40,
mp-aaacfqfl,True,40,
mp-aaacfqfn,True,40,
mp-aaacfqij,True,40,
mp-aaacfqix,True,80,
mp-aaacfrhu,True,3,
mp-aaacfrqw,True,56,
mp-aaacfrsd,True,80,
mp-aaacfrsf,True,80,
mp-aaacfrtz,True,56,
mp-aaacfrug,True,56,
mp-aaacfrve,True,40,
mp-aaacfrvi,True,40,
mp-aaacfrwc,True,40,
mp-aaacfrwd,True,40,
mp-aaacfrwo,True,56,
mp-aaacfrwv,True,40,
mp-aaacfrxa,True,56,
mp-aaacfrzn,True,56,
mp-aaacfsoj,True,6,
mp-aaacfvcp,True,42,
mp-aaacfveu,True,16,
mp-aaacfvev,True,50,
mp-aaacfvex,True,13,
mp-aaacfvfh,True,50,
mp-aaacfyaq,True,4,
mp-aaacfyce,True,3,
mp-aaacfycs,True,2,
mp-aaacfyda,True,3,
mp-aaacgcvr,True,13,
mp-aaacgddc,True,3,
mp-aaacgexp,True,1,
mp-aaacgfgv,True,40,
mp-aaacgjae,True,8,
mp-aaacgjak,True,8,
mp-aaacgoup,True,8,
mp-aaachdan,True,2,
mp-aaachdfp,True,2,
mp-aaachfdr,True,40,
mp-aaachfds,True,56,
mp-aaachfec,True,14,
mp-aaachfee,True,5,
mp-aaachfvu,True,52,
mp-aaachfws,True,52,
mp-aaachfxu,True,52,
mp-aaachgaw,True,52,
mp-aaachgga,True,38,
mp-aaachguf,True,12,
mp-aaachgum,True,22,
mp-aaachhjl,True,6,
mp-aaachhke,True,6,
mp-aaachhre,True,9,
mp-aaachjex,True,36,
mp-aaachjmd,True,36,
mp-aaachjqr,True,18,
mp-aaachjzk,True,60,
mp-aaachksw,True,52,
mp-aaachlbf,True,18,
mp-aaachlpn,True,52,
mp-aaachlrj,True,24,
mp-aaachmkc,True,14,
mp-aaachmlc,True,14,
mp-aaachmlh,True,14,
mp-aaachmlp,True,14,
mp-aaachmlt,True,14,
mp-aaachmmy,True,14,
mp-aaachmnb,True,14,
mp-aaachmnj,True,14,
mp-aaachmqc,True,14,
mp-aaachmqe,True,7,
mp-aaachmqy,True,14,
mp-aaachmra,True,14,
mp-aaachmrx,True,7,
mp-aaachmsi,True,13,
mp-aaachmsr,True,13,
mp-aaachmtq,True,34,
mp-aaachmvc,True,15,
mp-aaachmvf,True,13,
mp-aaachneu,True,22,
mp-aaachoki,True,32,
mp-aaachokq,True,14,
mp-aaachozx,True,24,
mp-aaachpgf,True,24,
mp-aaachqea,True,38,
mp-aaachqeq,True,38,
mp-aaachqex,True,38,
mp-aaachqey,True,38,
mp-aaachqiv,True,38,
mp-aaachqup,True,40,
mp-aaachqwl,True,40,
mp-aaachqwy,True,40,
mp-aaacicbc,True,1,
mp-aaacigyc,True,2,
mp-aaacilzg,True,3,
mp-aaacimkh,True,12,
mp-aaacimys,True,3,
mp-aaaciokq,True,4,
mp-aaacipek,True,4,
mp-aaacirmy,True,4,
mp-aaacixyd,True,5,
mp-aaaciyay,True,6,
mp-aaacjaet,True,6,
mp-aaacjawe,True,6,
mp-aaacjbcb,True,6,
mp-aaacjbeg,True,6,
mp-aaacjgri,True,5,
mp-aaacjguu,True,5,
mp-aaacjhja,True,6,
mp-aaacjhlx,True,3,
mp-aaacjiya,True,7,
mp-aaacjjkx,True,8,
mp-aaacjjlj,True,8,
mp-aaacjjqo,True,8,
mp-aaacjjwh,True,8,
mp-aaacjkrb,True,10,
mp-aaacjkuu,True,10,
mp-aaacjkwx,True,8,
mp-aaacjlhv,True,8,
mp-aaacjlta,True,8,
mp-aaacjlyj,True,16,
mp-aaacjlyz,True,49,
mp-aaacjlzx,True,56,
mp-aaacjmdl,True,3,
mp-aaacjmpu,True,8,
mp-aaacjmta,True,40,
mp-aaacjmuq,True,8,
mp-aaackclo,True,8,
mp-aaackfrg,True,4,
mp-aaackgnh,True,56,
mp-aaackgnt,True,56,
mp-aaackgol,True,40,
mp-aaackgrw,True,2,
mp-aaackhxu,True,9,
mp-aaackinx,True,12,
mp-aaackjvc,True,4,
mp-aaackkkb,True,4,
mp-aaackkoz,True,1,
mp-aaackksf,True,14,
mp-aaackkss,True,14,
mp-aaackkvg,True,14,
mp-aaackkvz,True,10,
mp-aaackkwf,True,56,
mp-aaackkxq,True,4,
mp-aaacklqq,True,4,
mp-aaackmcj,True,16,
mp-aaackmdi,True,50,
mp-aaacknuo,True,56,
mp-aaackpwa,True,3,
mp-aaackpwb,True,3,
mp-aaackpwd,True,3,
mp-aaackpwg,True,3,
mp-aaackpwo,True,3,
mp-aaackpwq,True,3,
mp-aaackpyk,True,32,
mp-aaackpzr,True,32,
mp-aaackqoo,True,14,
mp-aaackqya,True,16,
mp-aaackqyj,True,24,
mp-aaackqzh,True,30,
mp-aaackqzi,True,24,
mp-aaackqzl,True,24,
mp-aaackqzm,True,20,
mp-aaackqzn,True,26,
mp-aaackqzt,True,32,
mp-aaackqzv,True,16,
mp-aaackrag,True,24,
mp-aaackrai,True,32,
mp-aaackraj,True,24,
mp-aaackrar,True,16,
mp-aaackras,True,16,
mp-aaackrax,True,24,
mp-aaackray,True,22,
mp-aaackraz,True,22,
mp-aaackrbe,True,24,
mp-aaackrbn,True,32,
mp-aaackrbs,True,18,
mp-aaackrcc,True,9,
mp-aaackrcm,True,68,
mp-aaackrct,True,24,
mp-aaackrcy,True,24,
mp-aaackrdk,True,24,
mp-aaackrdn,True,10,
mp-aaackrfp,True,18,
mp-aaackrgf,True,81,
mp-aaackris,True,58,
mp-aaackriv,True,33,
mp-aaackrjl,True,24,
mp-aaackrkb,True,24,
mp-aaackrko,True,52,
mp-aaackrkq,True,44,
mp-aaackrkv,True,42,
mp-aaackrlc,True,36,
mp-aaackrld,True,36,
mp-aaackrlg,True,52,
mp-aaackrll,True,88,
mp-aaackrln,True,72,
mp-aaackrlo,True,12,
mp-aaackrlq,True,44,
mp-aaackrlt,True,12,
mp-aaackrlu,True,46,
mp-aaackrlw,True,44,
mp-aaackrlx,True,72,
mp-aaackrma,True,44,
mp-aaackrmc,True,26,
mp-aaackrme,True,44,
mp-aaackrmg,True,44,
mp-aaackrmh,True,38,
mp-aaackrmi,True,72,
mp-aaackrmj,True,72,
mp-aaackrmk,True,46,
mp-aaackrml,True,72,
mp-aaackrmo,True,44,
mp-aaackrmp,True,98,
mp-aaackrmq,True,36,
mp-aaackrmr,True,69,
mp-aaackrmt,True,48,
mp-aaackrmu,True,42,
mp-aaackrmx,True,52,
mp-aaackrnb,True,36,
mp-aaackrnc,True,27,
mp-aaackrnf,True,42,
mp-aaackrni,True,46,
mp-aaackrnj,True,52,
mp-aaackrnk,True,36,
mp-aaackrnl,True,46,
mp-aaackrno,True,69,
mp-aaackrnp,True,52,
mp-aaackrnx,True,21,
mp-aaackrod,True,76,
mp-aaackrof,True,72,
mp-aaackroh,True,44,
mp-aaackroj,True,44,
mp-aaackror,True,36,
mp-aaackros,True,52,
mp-aaackrov,True,30,
mp-aaackroz,True,36,
mp-aaackrpb,True,34,
mp-aaackrpc,True,48,
mp-aaackrpd,True,44,
mp-aaackrpe,True,22,
mp-aaackrpg,True,36,
mp-aaackrph,True,72,
mp-aaackrpi,True,72,
mp-aaackrpk,True,48,
mp-aaackrre,True,44,
mp-aaackrrp,True,4,
mp-aaackrrs,True,44,
mp-aaackrru,True,56,
mp-aaackrrv,True,44,
mp-aaackrry,True,22,
mp-aaackrsb,True,28,
mp-aaackrsf,True,16,
mp-aaackrsi,True,56,
mp-aaackrtc,True,50,
mp-aaackrtj,True,50,
mp-aaackrtv,True,24,
mp-aaackrub,True,55,
mp-aaackruf,True,68,
mp-aaackrum,True,8,
mp-aaackssp,True,12,
mp-aaackulq,True,15,
mp-aaackurq,True,14,
mp-aaackuux,True,14,
mp-aaackuxe,True,15,
mp-aaackvdk,True,14,
mp-aaackvhw,True,14,
mp-aaackvip,True,14,
mp-aaackvir,True,15,
mp-aaackvrt,True,14,
mp-aaackvyk,True,14,
mp-aaackvzj,True,14,
mp-aaackwcp,True,15,
mp-aaackwen,True,14,
mp-aaackwli,True,14,
mp-aaackxfv,True,20,
mp-aaackxkz,True,16,
mp-aaackxle,True,20,
mp-aaackxoe,True,20,
mp-aaackyqf,True,16,
mp-aaaclewd,True,10,
mp-aaaclewh,True,10,
mp-aaaclewi,True,10,
mp-aaaclewn,True,10,
mp-aaaclewo,True,10,
mp-aaacleyv,True,10,
mp-aaaclezp,True,10,
mp-aaaclfam,True,10,
mp-aaaclfbg,True,10,
mp-aaaclfbj,True,10,
mp-aaaclfbo,True,10,
mp-aaaclfbr,True,10,
mp-aaaclfgf,True,10,
mp-aaaclfgl,True,10,
mp-aaaclfhf,True,10,
mp-aaaclfhl,True,10,
mp-aaaclfih,True,10,
mp-aaaclfmi,True,10,
mp-aaaclfmj,True,10,
mp-aaaclfpi,True,10,
mp-aaaclfpj,True,10,
mp-aaaclfpo,True,10,
mp-aaaclfqj,True,10,
mp-aaaclfqo,True,10,
mp-aaaclfqv,True,10,
mp-aaaclfqz,True,10,
mp-aaaclfse,True,10,
mp-aaaclfsh,True,10,
mp-aaaclfsj,True,10,
mp-aaaclfsl,True,10,
mp-aaaclfso,True,10,
mp-aaaclfwx,True,10,
mp-aaaclfyx,True,10,
mp-aaaclfzm,True,10,
mp-aaaclgaf,True,10,
mp-aaaclgav,True,10,
mp-aaaclgdg,True,10,
mp-aaaclgdm,True,10,
mp-aaaclgdr,True,10,
mp-aaaclgli,True,10,
mp-aaaclglm,True,10,
mp-aaaclgmo,True,10,
mp-aaaclgng,True,10,
mp-aaaclgnm,True,10,
mp-aaaclgnn,True,10,
mp-aaaclgsk,True,10,
mp-aaaclgsx,True,10,
mp-aaaclgtj,True,10,
mp-aaaclguj,True,10,
mp-aaaclgum,True,10,
mp-aaaclgwf,True,10,
mp-aaaclgwl,True,10,
mp-aaaclgxj,True,10,
mp-aaaclhes,True,10,
mp-aaaclhiq,True,10,
mp-aaaclhju,True,10,
mp-aaaclhkk,True,10,
mp-aaaclhvg,True,10,
mp-aaaclhzx,True,10,
mp-aaacligb,True,10,
mp-aaacligj,True,10,
mp-aaacligt,True,10,
mp-aaacligv,True,10,
mp-aaaclind,True,10,
mp-aaacljls,True,10,
mp-aaacljmk,True,10,
mp-aaacljmz,True,10,
mp-aaacljnb,True,10,
mp-aaacljoa,True,10,
mp-aaacljov,True,10,
mp-aaaclkgz,True,10,
mp-aaaclkhk,True,10,
mp-aaacltws,True,6,
mp-aaacltya,True,20,
mp-aaacltyv,True,5,
mp-aaacltzi,True,32,
mp-aaacluar,True,35,
mp-aaacnakn,True,18,
mp-aaacnhrv,True,9,
mp-aaacnhso,True,7,
mp-aaacnhth,True,14,
mp-aaacnhuk,True,7,
mp-aaacnhva,True,120,
mp-aaacoqgw,True,19,
mp-aaacosih,True,18,
mp-aaacotcd,True,72,
mp-aaacotce,True,84,
mp-aaacotcf,True,42,
mp-aaacotcu,True,12,
mp-aaacotea,True,18,
mp-aaacoted,True,14,
mp-aaacotee,True,18,
mp-aaacotef,True,18,
mp-aaacotep,True,36,
mp-aaacotfo,True,22,
mp-aaacotfs,True,18,
mp-aaacotzu,True,18,
mp-aaacouba,True,38,
mp-aaacoukn,True,77,
mp-aaacoulj,True,84,
mp-aaacoulo,True,87,
mp-aaacouma,True,90,
mp-aaacounx,True,8,
mp-aaacoupf,True,24,
mp-aaacouqe,True,12,
mp-aaacoutt,True,32,
mp-aaacouty,True,16,
mp-aaacouwc,True,16,
mp-aaacouzr,True,32,
mp-aaacovfw,True,24,
mp-aaacovku,True,16,
mp-aaacovne,True,32,
mp-aaacoydj,True,50,
mp-aaacoydk,True,50,
mp-aaacoydl,True,56,
mp-aaacoydx,True,50,
mp-aaacoyeb,True,50,
mp-aaacoyed,True,50,
mp-aaacoyee,True,50,
mp-aaacoyeg,True,56,
mp-aaacoyeh,True,26,
mp-aaacoyei,True,50,
mp-aaacoyen,True,75,
mp-aaacoyeo,True,46,
mp-aaacoyez,True,46,
mp-aaacoyfa,True,56,
mp-aaacoyfc,True,46,
mp-aaacoyfe,True,54,
mp-aaacoyff,True,46,
mp-aaacoyfg,True,46,
mp-aaacoyfi,True,54,
mp-aaacoyfj,True,46,
mp-aaacoyfm,True,26,
mp-aaacoyfn,True,85,
mp-aaacoyfo,True,96,
mp-aaacoyfp,True,48,
mp-aaacoyfq,True,72,
mp-aaacoyft,True,24,
mp-aaacoyfu,True,48,
mp-aaacoyfv,True,48,
mp-aaacoyfy,True,48,
mp-aaacoyfz,True,48,
mp-aaacoygb,True,48,
mp-aaacoygd,True,24,
mp-aaacoygg,True,48,
mp-aaacoygi,True,24,
mp-aaacoygj,True,48,
mp-aaacoygn,True,48,
mp-aaacoygo,True,48,
mp-aaacoygq,True,18,
mp-aaacoygu,True,24,
mp-aaacoygw,True,24,
mp-aaacoyha,True,46,
mp-aaacoyhg,True,24,
mp-aaacoyhh,True,24,
mp-aaacoyhj,True,54,
mp-aaacoyhl,True,16,
mp-aaacoyhm,True,28,
mp-aaacoyhp,True,16,
mp-aaacoyhq,True,16,
mp-aaacoyhu,True,72,
mp-aaacoyhx,True,48,
mp-aaacoyhz,True,56,
mp-aaacoyib,True,28,
mp-aaacoyih,True,34,
mp-aaacoyii,True,72,
mp-aaacoyip,True,24,
mp-aaacoyis,True,72,
mp-aaacoyiz,True,72,
mp-aaacoyja,True,72,
mp-aaacoyjf,True,36,
mp-aaacoyjh,True,72,
mp-aaacoyjn,True,72,
mp-aaacoyjs,True,72,
mp-aaacoyjv,True,24,
mp-aaacoyka,True,72,
mp-aaacoykd,True,24,
mp-aaacoyku,True,24,
mp-aaacoykx,True,16,
mp-aaacoyla,True,72,
mp-aaacoylc,True,16,
mp-aaacoylg,True,68,
mp-aaacoyli,True,48,
mp-aaacoylo,True,14,
mp-aaacoylr,True,21,
mp-aaacoyls,True,46,
mp-aaacoylt,True,50,
mp-aaacoylv,True,84,
mp-aaacoylw,True,54,
mp-aaacoyma,True,16,
mp-aaacoymc,True,32,
mp-aaacoyme,True,36,
mp-aaacoymf,True,34,
mp-aaacoymj,True,34,
mp-aaacoyml,True,32,
mp-aaacoymp,True,32,
mp-aaacoymq,True,12,
mp-aaacoymt,True,10,
mp-aaacoymy,True,14,
mp-aaacoymz,True,36,
mp-aaacoynk,True,16,
mp-aaacoyno,True,36,
mp-aaacoynp,True,36,
mp-aaacoynq,True,36,
mp-aaacoyns,True,32,
mp-aaacoynt,True,72,
mp-aaacoynz,True,48,
mp-aaacoyoa,True,84,
mp-aaacoyoe,True,35,
mp-aaacoyof,True,36,
mp-aaacoyog,True,56,
mp-aaacoyol,True,42,
mp-aaacoyom,True,12,
mp-aaacoyos,True,12,
mp-aaacoyou,True,36,
mp-aaacoyov,True,96,
mp-aaacoyox,True,96,
mp-aaacoypc,True,20,
mp-aaacoypd,True,64,
mp-aaacoyph,True,24,
mp-aaacoypj,True,48,
mp-aaacoypk,True,14,
mp-aaacoypo,True,50,
mp-aaacoypq,True,14,
mp-aaacoyps,True,50,
mp-aaacoypt,True,64,
mp-aaacoypu,True,84,
mp-aaacoypv,True,57,
mp-aaacoyqb,True,14,
mp-aaacoyqc,True,16,
mp-aaacoyqe,True,44,
mp-aaacoyqh,True,88,
mp-aaacoyqi,True,76,
mp-aaacoyqj,True,10,
mp-aaacoyqk,True,39,
mp-aaacoyql,True,44,
mp-aaacoyqm,True,36,
mp-aaacoyqq,True,40,
mp-aaacoyqs,True,33,
mp-aaacoyqy,True,26,
mp-aaacoyqz,True,13,
mp-aaacoyrc,True,78,
mp-aaacoyrd,True,88,
mp-aaacoyrk,True,22,
mp-aaacoyrm,True,96,
mp-aaacoyro,True,44,
mp-aaacoyrp,True,22,
mp-aaacoyrw,True,44,
mp-aaacoysc,True,88,
mp-aaacoyse,True,16,
mp-aaacoysf,True,88,
mp-aaacoysg,True,44,
mp-aaacoysh,True,16,
mp-aaacoysj,True,66,
mp-aaacoysm,True,18,
mp-aaacoyso,True,78,
mp-aaacoysr,True,42,
mp-aaacoyss,True,16,
mp-aaacoyst,True,76,
mp-aaacoysv,True,16,
mp-aaacoysz,True,24,
mp-aaacoyte,True,88,
mp-aaacoytm,True,13,
mp-aaacoytp,True,26,
mp-aaacoyuc,True,84,
mp-aaacoyud,True,30,
mp-aaacoyuf,True,50,
mp-aaacoyuk,True,11,
mp-aaacoyum,True,88,
mp-aaacoyuo,True,7,
mp-aaacoyup,True,48,
mp-aaacoyuq,True,16,
mp-aaacoyus,True,28,
mp-aaacoyux,True,52,
mp-aaacoyuz,True,13,
mp-aaacoyvb,True,22,
mp-aaacoyve,True,45,
mp-aaacoyvj,True,37,
mp-aaacoyvr,True,76,
mp-aaacoyvs,True,36,
mp-aaacoyvx,True,96,
mp-aaacoywh,True,76,
mp-aaacoywk,True,88,
mp-aaacoywm,True,65,
mp-aaacoywo,True,96,
mp-aaacoywq,True,36,
mp-aaacoyww,True,76,
mp-aaacoywx,True,76,
mp-aaacoyxe,True,76,
mp-aaacoyxh,True,94,
mp-aaacoyxl,True,94,
mp-aaacoyxm,True,94,
mp-aaacoyxo,True,94,
mp-aaacoyxt,True,94,
mp-aaacoyxx,True,94,
mp-aaacoyxz,True,94,
mp-aaacoyya,True,94,
mp-aaacoyyb,True,94,
mp-aaacoyyc,True,94,
mp-aaacoyyd,True,76,
mp-aaacoyyf,True,94,
mp-aaacoyyg,True,94,
mp-aaacoyyh,True,94,
mp-aaacoyyi,True,94,
mp-aaacoyyj,True,94,
mp-aaacoyyo,True,94,
mp-aaacoyyr,True,94,
mp-aaacoyyt,True,28,
mp-aaacoyyv,True,43,
mp-aaacoyyy,True,40,
mp-aaacoyza,True,47,
mp-aaacoyzd,True,41,
mp-aaacoyzf,True,76,
mp-aaacoyzg,True,92,
mp-aaacoyzh,True,94,
mp-aaacoyzk,True,92,
mp-aaacoyzm,True,92,
mp-aaacoyzn,True,92,
mp-aaacoyzo,True,92,
mp-aaacoyzp,True,92,
mp-aaacoyzq,True,92,
mp-aaacoyzr,True,94,
mp-aaacoyzs,True,92,
mp-aaacoyzt,True,92,
mp-aaacoyzu,True,94,
mp-aaacoyzv,True,94,
mp-aaacoyzw,True,92,
mp-aaacoyzx,True,92,
mp-aaacoyzy,True,92,
mp-aaacoyzz,True,92,
mp-aaacozaa,True,92,
mp-aaacozab,True,92,
mp-aaacozac,True,92,
mp-aaacozad,True,92,
mp-aaacozae,True,92,
mp-aaacozaf,True,92,
mp-aaacozag,True,92,
mp-aaacozah,True,92,
mp-aaacozaj,True,92,
mp-aaacozak,True,92,
mp-aaacozal,True,92,
mp-aaacozam,True,92,
mp-aaacozan,True,92,
mp-aaacozao,True,92,
mp-aaacozaq,True,92,
mp-aaacozar,True,94,
mp-aaacozat,True,92,
mp-aaacozaw,True,92,
mp-aaacozax,True,40,
mp-aaacozay,True,94,
mp-aaacozaz,True,94,
mp-aaacozba,True,92,
mp-aaacozbb,True,92,
mp-aaacozbc,True,92,
mp-aaacozbf,True,92,
mp-aaacozbg,True,92,
mp-aaacozbi,True,76,
mp-aaacozbj,True,40,
mp-aaacozbm,True,40,
mp-aaacozbp,True,94,
mp-aaacozbu,True,40,
mp-aaacozbw,True,40,
mp-aaacozby,True,92,
mp-aaacozca,True,55,
mp-aaacozcb,True,40,
mp-aaacozce,True,94,
mp-aaacozcf,True,40,
mp-aaacozck,True,89,
mp-aaacozcw,True,40,
mp-aaacozde,True,92,
mp-aaacozdp,True,92,
mp-aaacozds,True,40,
mp-aaacozdx,True,92,
mp-aaacozed,True,23,
mp-aaacozee,True,21,
mp-aaacozef,True,40,
mp-aaacozei,True,94,
mp-aaacozej,True,35,
mp-aaacozek,True,35,
mp-aaacozel,True,94,
mp-aaacozep,True,92,
mp-aaacozes,True,94,
mp-aaacozev,True,92,
mp-aaacozex,True,94,
mp-aaacozfa,True,90,
mp-aaacozff,True,90,
mp-aaacozfh,True,90,
mp-aaacozfj,True,90,
mp-aaacozfk,True,90,
mp-aaacozfm,True,90,
mp-aaacozfn,True,90,
mp-aaacozfq,True,90,
mp-aaacozfs,True,90,
mp-aaacozft,True,90,
mp-aaacozfv,True,90,
mp-aaacozfw,True,92,
mp-aaacozfz,True,92,
mp-aaacozgb,True,90,
mp-aaacozgc,True,94,
mp-aaacozgf,True,90,
mp-aaacozgi,True,90,
mp-aaacozgk,True,14,
mp-aaacozgo,True,90,
mp-aaacozgq,True,90,
mp-aaacozgt,True,90,
mp-aaacozgu,True,90,
mp-aaacozgv,True,90,
mp-aaacozhc,True,92,
mp-aaacozhd,True,36,
mp-aaacozhi,True,92,
mp-aaacozhj,True,29,
mp-aaacozhk,True,35,
mp-aaacozhl,True,45,
mp-aaacozhn,True,92,
mp-aaacozhp,True,76,
mp-aaacozhu,True,45,
mp-aaacozhv,True,34,
mp-aaacozhw,True,44,
mp-aaacozhx,True,41,
mp-aaacozic,True,90,
mp-aaacozid,True,94,
mp-aaacozie,True,90,
mp-aaacozig,True,90,
mp-aaacozit,True,25,
mp-aaacoziz,True,90,
mp-aaacozja,True,29,
mp-aaacozje,True,90,
mp-aaacozjf,True,50,
mp-aaacozjh,True,90,
mp-aaacozjj,True,90,
mp-aaacozjo,True,64,
mp-aaacozjp,True,90,
mp-aaacozjr,True,25,
mp-aaacozjt,True,90,
mp-aaacozju,True,90,
mp-aaacozjv,True,40,
mp-aaacozjx,True,90,
mp-aaacozjz,True,50,
mp-aaacozkc,True,70,
mp-aaacozke,True,90,
mp-aaacozkf,True,90,
mp-aaacozkg,True,28,
mp-aaacozkh,True,88,
mp-aaacozki,True,88,
mp-aaacozkj,True,32,
mp-aaacozkk,True,90,
mp-aaacozkn,True,88,
mp-aaacozko,True,88,
mp-aaacozkp,True,88,
mp-aaacozkq,True,88,
mp-aaacozks,True,88,
mp-aaacozkt,True,38,
mp-aaacozkv,True,88,
mp-aaacozkw,True,88,
mp-aaacozky,True,88,
mp-aaacozkz,True,88,
mp-aaacozla,True,88,
mp-aaacozlb,True,88,
mp-aaacozlc,True,88,
mp-aaacozld,True,88,
mp-aaacozlf,True,28,
mp-aaacozlg,True,88,
mp-aaacozli,True,88,
mp-aaacozlj,True,88,
mp-aaacozlk,True,88,
mp-aaacozlm,True,88,
mp-aaacozln,True,88,
mp-aaacozlo,True,88,
mp-aaacozlp,True,90,
mp-aaacozlq,True,88,
mp-aaacozlu,True,88,
mp-aaacozly,True,88,
mp-aaacozmb,True,88,
mp-aaacozmd,True,40,
mp-aaacozmi,True,28,
mp-aaacozmk,True,90,
mp-aaacozmp,True,16,
mp-aaacozmu,True,90,
mp-aaacozmw,True,90,
mp-aaacoznn,True,28,
mp-aaacoznz,True,28,
mp-aaacozoa,True,28,
mp-aaacozok,True,38,
mp-aaacozom,True,88,
mp-aaacozon,True,40,
mp-aaacozot,True,40,
mp-aaacozow,True,88,
mp-aaacozpd,True,88,
mp-aaacozpo,True,88,
mp-aaacozpr,True,40,
mp-aaacozqd,True,88,
mp-aaacozqn,True,16,
mp-aaacozqo,True,22,
mp-aaacozqs,True,40,
mp-aaacozqu,True,88,
mp-aaacozqv,True,22,
mp-aaacozre,True,40,
mp-aaacozrn,True,16,
mp-aaacozry,True,22,
mp-aaacozrz,True,88,
mp-aaacozsd,True,88,
mp-aaacozsf,True,40,
mp-aaacozsg,True,90,
mp-aaacozsh,True,16,
mp-aaacozsi,True,90,
mp-aaacozsj,True,88,
mp-aaacozsk,True,16,
mp-aaacozsl,True,40,
mp-aaacozsq,True,88,
mp-aaacozss,True,28,
mp-aaacozsy,True,22,
mp-aaacozsz,True,28,
mp-aaacoztc,True,40,
mp-aaacoztg,True,90,
mp-aaacoztm,True,29,
mp-aaacoztp,True,28,
mp-aaacoztr,True,40,
mp-aaacoztt,True,88,
mp-aaacozuc,True,28,
mp-aaacozuj,True,16,
mp-aaacozup,True,28,
mp-aaacozuv,True,40,
mp-aaacozuw,True,28,
mp-aaacozvc,True,40,
mp-aaacozvh,True,22,
mp-aaacozvm,True,60,
mp-aaacozvo,True,20,
mp-aaacozvx,True,28,
mp-aaacozvz,True,87,
mp-aaacozwb,True,86,
mp-aaacozwe,True,81,
mp-aaacozwg,True,40,
mp-aaacozwh,True,16,
mp-aaacozwk,True,54,
mp-aaacozwl,True,86,
mp-aaacozws,True,13,
mp-aaacozwt,True,81,
mp-aaacozwu,True,86,
mp-aaacozwy,True,46,
mp-aaacozxa,True,15,
mp-aaacozxk,True,80,
mp-aaacozxm,True,86,
mp-aaacozxs,True,86,
mp-aaacozxt,True,72,
mp-aaacozxu,True,15,
mp-aaacozxw,True,15,
mp-aaacozxx,True,22,
mp-aaacozya,True,86,
mp-aaacozyf,True,34,
mp-aaacozyj,True,30,
mp-aaacozyk,True,88,
mp-aaacozyr,True,80,
mp-aaacozzq,True,86,
mp-aaacozzw,True,15,
mp-aaacozzx,True,84,
mp-aaacpaab,True,84,
mp-aaacpaac,True,84,
mp-aaacpaae,True,84,
mp-aaacpaaf,True,84,
mp-aaacpaag,True,86,
mp-aaacpaap,True,84,
mp-aaacpaas,True,15,
mp-aaacpaaz,True,30,
mp-aaacpaba,True,15,
mp-aaacpabf,True,84,
mp-aaacpabh,True,84,
mp-aaacpabp,True,30,
mp-aaacpabq,True,86,
mp-aaacpabw,True,15,
mp-aaacpacc,True,46,
mp-aaacpacl,True,86,
mp-aaacpacp,True,43,
mp-aaacpacu,True,92,
mp-aaacpacv,True,34,
mp-aaacpadb,True,40,
mp-aaacpadd,True,46,
mp-aaacpade,True,60,
mp-aaacpadg,True,86,
mp-aaacpadi,True,15,
mp-aaacpadj,True,30,
mp-aaacpadl,True,43,
mp-aaacpads,True,86,
mp-aaacpaec,True,92,
mp-aaacpaed,True,15,
mp-aaacpaei,True,28,
mp-aaacpaek,True,15,
mp-aaacpaep,True,36,
mp-aaacpaes,True,74,
mp-aaacpaew,True,46,
mp-aaacpafa,True,36,
mp-aaacpafk,True,15,
mp-aaacpafn,True,92,
mp-aaacpafq,True,46,
mp-aaacpafu,True,30,
mp-aaacpagb,True,56,
mp-aaacpagf,True,22,
mp-aaacpagn,True,15,
mp-aaacpagq,True,86,
mp-aaacpagt,True,36,
mp-aaacpagy,True,18,
mp-aaacpahb,True,72,
mp-aaacpahh,True,44,
mp-aaacpahi,True,28,
mp-aaacpahl,True,86,
mp-aaacpahn,True,54,
mp-aaacpahq,True,54,
mp-aaacpahr,True,54,
mp-aaacpahs,True,56,
mp-aaacpahx,True,72,
mp-aaacpahy,True,64,
mp-aaacpaia,True,28,
mp-aaacpaib,True,28,
mp-aaacpaif,True,20,
mp-aaacpaig,True,36,
mp-aaacpajf,True,38,
mp-aaacpajg,True,87,
mp-aaacpajn,True,32,
mp-aaacpajo,True,40,
mp-aaacpajy,True,32,
mp-aaacpajz,True,28,
mp-aaacpaka,True,15,
mp-aaacpake,True,56,
mp-aaacpaki,True,32,
mp-aaacpakq,True,32,
mp-aaacpakr,True,56,
mp-aaacpaku,True,32,
mp-aaacpakz,True,32,
mp-aaacpalk,True,86,
mp-aaacpalo,True,34,
mp-aaacpalp,True,14,
mp-aaacpalr,True,38,
mp-aaacpalu,True,16,
mp-aaacpaly,True,48,
mp-aaacpalz,True,28,
mp-aaacpamb,True,96,
mp-aaacpamd,True,20,
mp-aaacpame,True,48,
mp-aaacpamf,True,38,
mp-aaacpami,True,92,
mp-aaacpamm,True,56,
mp-aaacpamo,True,34,
mp-aaacpamr,True,14,
mp-aaacpamv,True,76,
mp-aaacpamy,True,28,
mp-aaacpamz,True,14,
mp-aaacpane,True,54,
mp-aaacpanf,True,56,
mp-aaacpann,True,20,
mp-aaacpanr,True,48,
mp-aaacpanw,True,24,
mp-aaacpaod,True,38,
mp-aaacpaol,True,16,
mp-aaacpaom,True,32,
mp-aaacpaou,True,56,
mp-aaacpaoy,True,38,
mp-aaacpapk,True,22,
mp-aaacpapl,True,56,
mp-aaacpapo,True,36,
mp-aaacpapq,True,32,
mp-aaacpapu,True,32,
mp-aaacpaqr,True,28,
mp-aaacpaqs,True,14,
mp-aaacpaqt,True,14,
mp-aaacparg,True,76,
mp-aaacpark,True,56,
mp-aaacparm,True,44,
mp-aaacpasa,True,22,
mp-aaacpase,True,22,
mp-aaacpasj,True,14,
mp-aaacpasq,True,56,
mp-aaacpate,True,80,
mp-aaacpati,True,41,
mp-aaacpatm,True,34,
mp-aaacpato,True,77,
mp-aaacpatp,True,100,
mp-aaacpatu,True,28,
mp-aaacpaul,True,28,
mp-aaacpauq,True,44,
mp-aaacpavg,True,22,
mp-aaacpavi,True,24,
mp-aaacpavj,True,26,
mp-aaacpavl,True,26,
mp-aaacpavp,True,38,
mp-aaacpavt,True,26,
mp-aaacpavv,True,22,
mp-aaacpaws,True,83,
mp-aaacpaxc,True,95,
mp-aaacpaxf,True,58,
mp-aaacpaxj,True,59,
mp-aaacpaxo,True,22,
mp-aaacpaxv,True,24,
mp-aaacpazi,True,17,
mp-aaacpazj,True,17,
mp-aaacpazm,True,15,
mp-aaacpazp,True,47,
mp-aaacpazq,True,20,
mp-aaacpazr,True,48,
mp-aaacpbbd,True,24,
mp-aaacpbbt,True,24,
mp-aaacpbbw,True,47,
mp-aaacpbce,True,22,
mp-aaacpbcm,True,56,
mp-aaacpbdc,True,52,
mp-aaacpber,True,24,
mp-aaacpbfo,True,24,
mp-aaacpbgb,True,12,
mp-aaacpbgj,True,46,
mp-aaacpbgo,True,68,
mp-aaacpbgs,True,41,
mp-aaacpbgu,True,16,
mp-aaacpbgw,True,48,
mp-aaacpbhi,True,68,
mp-aaacpbhj,True,67,
mp-aaacpbkj,True,33,
mp-aaacpbkm,True,24,
mp-aaacpbyl,True,8,
mp-aaacpcbt,True,20,
mp-aaacpcfc,True,22,
mp-aaacpdsz,True,9,
mp-aaacpeiz,True,32,
mp-aaacpekb,True,18,
mp-aaacpeon,True,18,
mp-aaacpepd,True,9,
mp-aaacpesd,True,10,
mp-aaacpess,True,10,
mp-aaacpetr,True,20,
mp-aaacpfoe,True,7,
mp-aaacpfqk,True,12,
mp-aaacpgeo,True,24,
mp-aaacpgff,True,8,
mp-aaacpina,True,4,
mp-aaacpiuw,True,1,
mp-aaacpjas,True,1,
mp-aaacpjjn,True,5,
mp-aaacpjuf,True,36,
mp-aaacpktj,True,4,
mp-aaacpktr,True,4,
mp-aaacpkub,True,4,
mp-aaacpkuf,True,4,
mp-aaacpkuo,True,4,
mp-aaacpkvh,True,20,
mp-aaacpkvj,True,4,
mp-aaacplal,True,4,
mp-aaacplga,True,4,
mp-aaacplgb,True,4,
mp-aaacplhv,True,4,
mp-aaacpljd,True,4,
mp-aaacplkt,True,4,
mp-aaacplkx,True,5,
mp-aaacplll,True,4,
mp-aaacplnl,True,4,
mp-aaacpltc,True,175,
mp-aaacpltt,True,4,
mp-aaacplug,True,4,
mp-aaacpmmb,True,4,
mp-aaacpmmi,True,4,
mp-aaacpmmq,True,4,
mp-aaacpmmv,True,4,
mp-aaacpmnx,True,4,
mp-aaacpmof,True,4,
mp-aaacpmom,True,4,
mp-aaacpmon,True,29,
mp-aaacpmqe,True,4,
mp-aaacppqv,True,20,
mp-aaacppsz,True,20,
mp-aaacprvn,True,18,
mp-aaacprxy,True,20,
mp-aaacpsxx,True,22,
mp-aaacpsyi,True,22,
mp-aaacptgr,True,24,
mp-aaacpube,True,22,
mp-aaacpuyu,True,24,
mp-aaacpvra,True,22,
mp-aaacpwmd,True,24,
mp-aaacpwnl,True,28,
mp-aaacpxga,True,28,
mp-aaacqakp,True,52,
mp-aaacqbnp,True,38,
mp-aaacqdaa,True,72,
mp-aaacqeas,True,76,
mp-aaacqefy,True,78,
mp-aaacqeli,True,48,
mp-aaacqeoa,True,64,
mp-aaacqfgz,True,108,
mp-aaacqfpd,True,72,
mp-aaacqgtw,True,72,
mp-aaacqhcj,True,76,
mp-aaacqhgb,True,96,
mp-aaacqjkg,True,46,
mp-aaacqlkb,True,80,
mp-aaacqmvj,True,104,
mp-aaacqngh,True,60,
mp-aaacqnzm,True,72,
mp-aaacqorx,True,38,
mp-aaacqpbc,True,20,
mp-aaacqpbt,True,10,
mp-aaacqped,True,20,
mp-aaacqpep,True,18,
mp-aaacqper,True,24,
mp-aaacqpmp,True,10,
mp-aaacqpoa,True,10,
mp-aaacqppt,True,10,
mp-aaacqprh,True,9,
mp-aaacqqdx,True,8,
mp-aaacqqhk,True,10,
mp-aaacqqlk,True,6,
mp-aaacqqqd,True,10,
mp-aaacqqrb,True,10,
mp-aaacqqrm,True,9,
mp-aaacqqvq,True,9,
mp-aaacqqxn,True,4,
mp-aaacqqzd,True,4,
mp-aaacqree,True,10,
mp-aaacqrfi,True,4,
mp-aaacqrip,True,9,
mp-aaacqrqg,True,3,
mp-aaacqrtg,True,9,
mp-aaacqrvq,True,9,
mp-aaacqrvx,True,9,
mp-aaacqsiq,True,42,
mp-aaacqstr,True,9,
mp-aaacqtgb,True,9,
mp-aaacqtgl,True,15,
mp-aaacquwh,True,9,
mp-aaacquyt,True,14,
mp-aaacqvyn,True,20,
mp-aaacqwak,True,20,
mp-aaacqwco,True,3,
mp-aaacqwfh,True,40,
mp-aaacqwja,True,3,
mp-aaacqwrt,True,40,
mp-aaacqwub,True,40,
mp-aaacqxbb,True,3,
mp-aaacqxbt,True,4,
mp-aaacqxfo,True,16,
mp-aaacqxgz,True,13,
mp-aaacqxla,True,56,
mp-aaacqxrj,True,14,
mp-aaacqxsl,True,24,
mp-aaacqyff,True,28,
mp-aaacqygy,True,44,
mp-aaacqynr,True,48,
mp-aaacqyof,True,50,
mp-aaacqyqt,True,14,
mp-aaacqyvh,True,3,
mp-aaacqyvm,True,9,
mp-aaacqyxt,True,44,
mp-aaacqyzd,True,17,
mp-aaacqzct,True,92,
mp-aaacqzlp,True,19,
mp-aaacqzsc,True,48,
mp-aaacrakk,True,24,
mp-aaacrarx,True,24,
mp-aaacrbao,True,21,
mp-aaacrbmm,True,24,
mp-aaacrbnr,True,24,
mp-aaacrbww,True,40,
mp-aaacrcsw,True,13,
mp-aaacrcxp,True,15,
mp-aaacrczu,True,3,
mp-aaacrfji,True,24,
mp-aaacrgfa,True,14,
mp-aaacrhji,True,20,
mp-aaacrhof,True,18,
mp-aaacrhqp,True,10,
mp-aaacrhwt,True,20,
mp-aaacrigc,True,10,
mp-aaacrimn,True,34,
mp-aaacritf,True,19,
mp-aaacrixz,True,36,
mp-aaacrjaa,True,28,
mp-aaacrjor,True,22,
mp-aaacrjyp,True,18,
mp-aaacrkaa,True,11,
mp-aaacrkcu,True,18,
mp-aaacrken,True,18,
mp-aaacrkjq,True,17,
mp-aaacrktt,True,17,
mp-aaacrlfe,True,4,
mp-aaacrlgz,True,4,
mp-aaacrlod,True,18,
mp-aaacrlol,True,22,
mp-aaacrlwb,True,19,
mp-aaacrlwc,True,13,
mp-aaacrlwn,True,20,
mp-aaacrlyh,True,36,
mp-aaacrlzu,True,22,
mp-aaacrmbk,True,20,
mp-aaacrmbo,True,9,
mp-aaacrmbz,True,20,
mp-aaacrmcc,True,20,
mp-aaacrmcq,True,20,
mp-aaacrmdp,True,104,
mp-aaacrmdq,True,9,
mp-aaacrmeq,True,7,
mp-aaacrmgf,True,20,
mp-aaacrmgk,True,35,
mp-aaacrmgn,True,80,
mp-aaacrmgx,True,104,
mp-aaacrmic,True,4,
mp-aaacrmjg,True,16,
mp-aaacrmla,True,61,
mp-aaacrmoc,True,27,
mp-aaacrmow,True,15,
mp-aaacrmox,True,15,
mp-aaacrmqw,True,40,
mp-aaacrmrz,True,72,
mp-aaacrmut,True,7,
mp-aaacrmuu,True,7,
mp-aaacrmuz,True,14,
mp-aaacrmvb,True,13,
mp-aaacrmvd,True,7,
mp-aaacrmvn,True,15,
mp-aaacrmvo,True,15,
mp-aaacrmvp,True,7,
mp-aaacrmvt,True,15,
mp-aaacrmvz,True,15,
mp-aaacrmwe,True,11,
mp-aaacrmwj,True,15,
mp-aaacrmwk,True,20,
mp-aaacrmwm,True,18,
mp-aaacrmxg,True,22,
mp-aaacrmyc,True,22,
mp-aaacrnav,True,74,
mp-aaacrncj,True,15,
mp-aaacrnsr,True,38,
mp-aaacroch,True,7,
mp-aaacroed,True,10,
mp-aaacrofn,True,16,
mp-aaacrofy,True,13,
mp-aaacroga,True,18,
mp-aaacrogu,True,13,
mp-aaacrohj,True,10,
mp-aaacrohu,True,20,
mp-aaacroic,True,5,
mp-aaacroie,True,25,
mp-aaacroih,True,10,
mp-aaacroje,True,35,
mp-aaacrojw,True,11,
mp-aaacrokh,True,12,
mp-aaacrokq,True,25,
mp-aaacrokz,True,11,
mp-aaacromh,True,10,
mp-aaacromm,True,23,
mp-aaacromz,True,27,
mp-aaacronb,True,28,
mp-aaacronn,True,25,
mp-aaacronq,True,27,
mp-aaacroox,True,30,
mp-aaacropi,True,4,
mp-aaacropz,True,48,
mp-aaacroqy,True,4,
mp-aaacrork,True,4,
mp-aaacrorm,True,4,
mp-aaacrorz,True,36,
mp-aaacrosg,True,5,
mp-aaacroth,True,9,
mp-aaacroti,True,16,
mp-aaacroty,True,7,
mp-aaacrouj,True,9,
mp-aaacrovr,True,35,
mp-aaacrovt,True,11,
mp-aaacrovw,True,35,
mp-aaacroxp,True,20,
mp-aaacroyq,True,13,
mp-aaacrpcv,True,18,
mp-aaacrped,True,16,
mp-aaacrpew,True,18,
mp-aaacrpgb,True,47,
mp-aaacrpgl,True,17,
mp-aaacrpjo,True,20,
mp-aaacrplb,True,63,
mp-aaacrple,True,77,
mp-aaacrplk,True,40,
mp-aaacrppe,True,7,
mp-aaacrpqk,True,5,
mp-aaacrpry,True,40,
mp-aaacrpsw,True,24,
mp-aaacrpul,True,72,
mp-aaacrpxa,True,74,
mp-aaacrpxo,True,36,
mp-aaacrqcx,True,25,
mp-aaacrqgo,True,45,
mp-aaacrqhm,True,15,
mp-aaacrqjs,True,5,
mp-aaacrqkn,True,13,
mp-aaacrqml,True,76,
mp-aaacrqoh,True,15,
mp-aaacrqor,True,7,
mp-aaacrqpk,True,15,
mp-aaacrqpx,True,75,
mp-aaacrqsb,True,28,
mp-aaacrquc,True,29,
mp-aaacrqvm,True,153,
mp-aaacrqyi,True,61,
mp-aaacrrev,True,38,
mp-aaacrrgo,True,24,
mp-aaacrrkp,True,21,
mp-aaacrrpz,True,19,
mp-aaacrsdl,True,13,
mp-aaacrsdr,True,13,
mp-aaacruaa,True,13,
mp-aaacrvtl,True,13,
mp-aaacrvyc,True,14,
mp-aaacrxan,True,10,
mp-aaacrxit,True,13,
mp-aaacsdyb,True,19,
mp-aaacsdyc,True,25,
mp-aaacsdyd,True,21,
mp-aaacsdye,True,21,
mp-aaacsdyf,True,19,
mp-aaacsdyi,True,24,
mp-aaacsdyj,True,25,
mp-aaacsdyl,True,18,
mp-aaacsdym,True,13,
mp-aaacsdyp,True,21,
mp-aaacsdyv,True,25,
mp-aaacsdyw,True,21,
mp-aaacsdyy,True,7,
mp-aaacsdyz,True,22,
mp-aaacsdza,True,13,
mp-aaacsdze,True,19,
mp-aaacsdzf,True,6,
mp-aaacsdzl,True,7,
mp-aaacsdzm,True,25,
mp-aaacsdzq,True,21,
mp-aaacsgyp,True,11,
mp-aaacsgyx,True,15,
mp-aaacsgyy,True,18,
mp-aaacsgyz,True,15,
mp-aaacsgzd,True,15,
mp-aaacsgzf,True,18,
mp-aaacsgzg,True,19,
mp-aaacsgzh,True,17,
mp-aaacsgzi,True,21,
mp-aaacsgzj,True,10,
mp-aaacsgzk,True,11,
mp-aaacsgzl,True,22,
mp-aaacsgzp,True,15,
mp-aaacsgzt,True,19,
mp-aaacsgzu,True,25,
mp-aaacsgzv,True,14,
mp-aaacsgzy,True,25,
mp-aaacsgzz,True,19,
mp-aaacshaa,True,15,
mp-aaacshaf,True,18,
mp-aaacshag,True,7,
mp-aaacshai,True,19,
mp-aaacshak,True,23,
mp-aaacsham,True,19,
mp-aaacshao,True,24,
mp-aaacshar,True,25,
mp-aaacshat,True,22,
mp-aaacshav,True,15,
mp-aaacshaw,True,21,
mp-aaacshax,True,25,
mp-aaacshay,True,15,
mp-aaacshbc,True,23,
mp-aaacshbe,True,14,
mp-aaacshbg,True,11,
mp-aaacshbj,True,19,
mp-aaacshbk,True,14,
mp-aaacshbl,True,13,
mp-aaacshbm,True,25,
mp-aaacshbo,True,23,
mp-aaacshbp,True,24,
mp-aaacshbr,True,18,
mp-aaacshbs,True,23,
mp-aaacshbw,True,19,
mp-aaacshby,True,12,
mp-aaacshcf,True,9,
mp-aaacshcg,True,19,
mp-aaacshch,True,19,
mp-aaacshcj,True,19,
mp-aaacshcp,True,11,
mp-aaacshcq,True,16,
mp-aaacshct,True,13,
mp-aaacshcy,True,17,
mp-aaacshcz,True,19,
mp-aaacshde,True,15,
mp-aaacshdf,True,19,
mp-aaacshdh,True,11,
mp-aaacshdi,True,25,
mp-aaacshdj,True,11,
mp-aaacshdk,True,19,
mp-aaacshdl,True,19,
mp-aaacshdm,True,18,
mp-aaacshdo,True,15,
mp-aaacshdr,True,22,
mp-aaacshds,True,19,
mp-aaacshdv,True,19,
mp-aaacshdx,True,11,
mp-aaacshdy,True,15,
mp-aaacshef,True,19,
mp-aaacsheh,True,21,
mp-aaacshep,True,15,
mp-aaacshes,True,13,
mp-aaacshew,True,19,
mp-aaacshex,True,15,
mp-aaacshey,True,19,
mp-aaacshfa,True,25,
mp-aaacshfc,True,18,
mp-aaacshff,True,25,
mp-aaacshfg,True,11,
mp-aaacshfm,True,8,
mp-aaacshfp,True,25,
mp-aaacshfq,True,25,
mp-aaacshfs,True,13,
mp-aaacshft,True,18,
mp-aaacshfw,True,14,
mp-aaacshgf,True,22,
mp-aaacshgg,True,15,
mp-aaacshgk,True,21,
mp-aaacshgm,True,25,
mp-aaacshgp,True,9,
mp-aaacshgr,True,15,
mp-aaacshgs,True,21,
mp-aaacshgu,True,11,
mp-aaacshgw,True,24,
mp-aaacshhe,True,25,
mp-aaacshhh,True,16,
mp-aaacshhi,True,25,
mp-aaacshhj,True,19,
mp-aaacshhk,True,17,
mp-aaacshhm,True,20,
mp-aaacshho,True,21,
mp-aaacshhq,True,11,
mp-aaacshht,True,19,
mp-aaacshhu,True,25,
mp-aaacshhx,True,21,
mp-aaacshhz,True,21,
mp-aaacshib,True,21,
mp-aaacshic,True,18,
mp-aaacshid,True,15,
mp-aaacshie,True,19,
mp-aaacshik,True,25,
mp-aaacshil,True,19,
mp-aaacshiq,True,19,
mp-aaacshir,True,21,
mp-aaacshis,True,20,
mp-aaacshiu,True,25,
mp-aaacshjd,True,25,
mp-aaacshje,True,21,
mp-aaacshjf,True,25,
mp-aaacshjg,True,14,
mp-aaacshjh,True,8,
mp-aaacshji,True,7,
mp-aaacshjj,True,21,
mp-aaacshjk,True,15,
mp-aaacshjl,True,7,
mp-aaacshjn,True,15,
mp-aaacshjr,True,12,
mp-aaacshjt,True,21,
mp-aaacshju,True,19,
mp-aaacshjv,True,19,
mp-aaacshjx,True,20,
mp-aaacshkd,True,19,
mp-aaacshkh,True,21,
mp-aaacshki,True,25,
mp-aaacshkk,True,14,
mp-aaacshkm,True,18,
mp-aaacshko,True,21,
mp-aaacshkq,True,25,
mp-aaacshks,True,25,
mp-aaacshku,True,20,
mp-aaacshkv,True,25,
mp-aaacshla,True,15,
mp-aaacshlb,True,12,
mp-aaacshlc,True,15,
mp-aaacshlk,True,22,
mp-aaacshln,True,19,
mp-aaacshlx,True,15,
mp-aaacshly,True,13,
mp-aaacshmd,True,11,
mp-aaacshme,True,25,
mp-aaacshmj,True,7,
mp-aaacshml,True,11,
mp-aaacshmm,True,19,
mp-aaacshmr,True,15,
mp-aaacshnc,True,25,
mp-aaacshng,True,19,
mp-aaacshnh,True,23,
mp-aaacshni,True,19,
mp-aaacshnj,True,8,
mp-aaacshnk,True,21,
mp-aaacshnl,True,7,
mp-aaacshnm,True,7,
mp-aaacshnq,True,19,
mp-aaacshns,True,23,
mp-aaacshnu,True,16,
mp-aaacshod,True,15,
mp-aaacshof,True,25,
mp-aaacshoi,True,25,
mp-aaacshoj,True,15,
mp-aaacshok,True,19,
mp-aaacshol,True,22,
mp-aaacshos,True,25,
mp-aaacshox,True,7,
mp-aaacshpc,True,11,
mp-aaacshpf,True,19,
mp-aaacshpi,True,19,
mp-aaacshpl,True,19,
mp-aaacshpm,True,23,
mp-aaacshpp,True,25,
mp-aaacshpq,True,25,
mp-aaacshpu,True,14,
mp-aaacshpw,True,10,
mp-aaacshpx,True,15,
mp-aaacshpz,True,23,
mp-aaacshqc,True,14,
mp-aaacshqd,True,19,
mp-aaacshqi,True,19,
mp-aaacshqj,True,25,
mp-aaacshql,True,25,
mp-aaacshqz,True,8,
mp-aaacshrq,True,18,
mp-aaacshru,True,23,
mp-aaacshrw,True,20,
mp-aaacshrx,True,15,
mp-aaacshry,True,23,
mp-aaacshrz,True,21,
mp-aaacshse,True,23,
mp-aaacshsg,True,7,
mp-aaacshsi,True,19,
mp-aaacshti,True,23,
mp-aaacshts,True,19,
mp-aaacshtt,True,19,
mp-aaacshtu,True,21,
mp-aaacshtv,True,13,
mp-aaacshty,True,21,
mp-aaacshue,True,21,
mp-aaacshuh,True,19,
mp-aaacshuj,True,7,
mp-aaacshun,True,19,
mp-aaacshup,True,23,
mp-aaacshuq,True,11,
mp-aaacshus,True,23,
mp-aaacshuu,True,15,
mp-aaacshux,True,7,
mp-aaacshvk,True,7,
mp-aaacshvl,True,21,
mp-aaacshvo,True,23,
mp-aaacshvs,True,14,
mp-aaacshvt,True,11,
mp-aaacshvv,True,19,
mp-aaacshvw,True,24,
mp-aaacshvx,True,21,
mp-aaacshwd,True,21,
mp-aaacshwh,True,14,
mp-aaacshwl,True,15,
mp-aaacshwq,True,17,
mp-aaacshwt,True,13,
mp-aaacshww,True,25,
mp-aaacshxl,True,25,
mp-aaacshxm,True,15,
mp-aaacshxn,True,21,
mp-aaacshxv,True,19,
mp-aaacshxw,True,19,
mp-aaacshya,True,19,
mp-aaacshyg,True,15,
mp-aaacshyn,True,18,
mp-aaacshyv,True,14,
mp-aaacshzh,True,23,
mp-aaacshzi,True,15,
mp-aaacshzo,True,15,
mp-aaacshzv,True,7,
mp-aaacsiah,True,18,
mp-aaacsiaj,True,14,
mp-aaacsial,True,21,
mp-aaacsiap,True,21,
mp-aaacsiar,True,7,
mp-aaacsiau,True,16,
mp-aaacsiaw,True,17,
mp-aaacsiay,True,15,
mp-aaacsibk,True,19,
mp-aaacsibn,True,7,
mp-aaacsibv,True,19,
mp-aaacsica,True,21,
mp-aaacsicg,True,10,
mp-aaacsicl,True,7,
mp-aaacsicp,True,25,
mp-aaacsicx,True,19,
mp-aaacsida,True,8,
mp-aaacsidc,True,19,
mp-aaacside,True,15,
mp-aaacsidg,True,25,
mp-aaacsido,True,23,
mp-aaacsidp,True,19,
mp-aaacsids,True,21,
mp-aaacsidu,True,9,
mp-aaacsidy,True,15,
mp-aaacsied,True,25,
mp-aaacsiep,True,21,
mp-aaacsieq,True,23,
mp-aaacsife,True,22,
mp-aaacsifj,True,24,
mp-aaacsifp,True,21,
mp-aaacsifv,True,21,
mp-aaacsify,True,19,
mp-aaacsiga,True,20,
mp-aaacsigm,True,15,
mp-aaacsigs,True,15,
mp-aaacsiha,True,19,
mp-aaacsihp,True,15,
mp-aaacsiht,True,19,
mp-aaacsiie,True,15,
mp-aaacsiif,True,4,
mp-aaacsiin,True,23,
mp-aaacsiir,True,23,
mp-aaacsijc,True,14,
mp-aaacsije,True,14,
mp-aaacsiji,True,15,
mp-aaacsijk,True,20,
mp-aaacsikr,True,23,
mp-aaacsikv,True,19,
mp-aaacsikz,True,25,
mp-aaacsill,True,25,
mp-aaacsils,True,17,
mp-aaacsilw,True,19,
mp-aaacsimd,True,19,
mp-aaacsimg,True,18,
mp-aaacsimm,True,15,
mp-aaacsimt,True,25,
mp-aaacsinb,True,15,
mp-aaacsinh,True,16,
mp-aaacsink,True,7,
mp-aaacsinq,True,17,
mp-aaacsint,True,21,
mp-aaacsinv,True,20,
mp-aaacsiob,True,7,
mp-aaacsior,True,18,
mp-aaacsipc,True,10,
mp-aaacsipk,True,14,
mp-aaacsipo,True,15,
mp-aaacsipr,True,18,
mp-aaacsipz,True,15,
mp-aaacsiqh,True,11,
mp-aaacsiqi,True,5,
mp-aaacsiqq,True,25,
mp-aaacsiqr,True,19,
mp-aaacsiqv,True,7,
mp-aaacsiqz,True,19,
mp-aaacsirg,True,19,
mp-aaacsiri,True,20,
mp-aaacsirk,True,17,
mp-aaacsirs,True,15,
mp-aaacsisb,True,15,
mp-aaacsisc,True,23,
mp-aaacsisf,True,17,
mp-aaacsism,True,23,
mp-aaacsisn,True,7,
mp-aaacsist,True,6,
mp-aaacsisu,True,15,
mp-aaacsisx,True,19,
mp-aaacsisz,True,15,
mp-aaacsita,True,23,
mp-aaacsitj,True,15,
mp-aaacsitm,True,13,
mp-aaacsitt,True,15,
mp-aaacsiuc,True,15,
mp-aaacsiue,True,21,
mp-aaacsium,True,21,
mp-aaacsivc,True,15,
mp-aaacsivg,True,21,
mp-aaacsivj,True,19,
mp-aaacsivk,True,5,
mp-aaacsivq,True,11,
mp-aaacsivx,True,19,
mp-aaacsiwc,True,15,
mp-aaacsiwr,True,15,
mp-aaacsiwy,True,25,
mp-aaacsixa,True,19,
mp-aaacsixs,True,19,
mp-aaacsixv,True,17,
mp-aaacsixx,True,25,
mp-aaacsiyc,True,13,
mp-aaacsiyg,True,17,
mp-aaacsiyl,True,21,
mp-aaacsiyt,True,15,
mp-aaacsiyz,True,15,
mp-aaacsizl,True,23,
mp-aaacsjab,True,15,
mp-aaacsjak,True,4,
mp-aaacsjbe,True,18,
mp-aaacsjcg,True,11,
mp-aaacsjea,True,25,
mp-aaacsjen,True,16,
mp-aaacsjex,True,19,
mp-aaacsjhh,True,11,
mp-aaacsjhl,True,21,
mp-aaacsjhw,True,25,
mp-aaacsjia,True,25,
mp-aaacsjip,True,22,
mp-aaacsjjl,True,15,
mp-aaacsjjo,True,19,
mp-aaacsjjp,True,21,
mp-aaacsjju,True,20,
mp-aaacsjkh,True,13,
mp-aaacsjkq,True,15,
mp-aaacsjll,True,25,
mp-aaacsjmm,True,9,
mp-aaacsjna,True,21,
mp-aaacsjnz,True,19,
mp-aaacsjos,True,15,
mp-aaacsjpn,True,14,
mp-aaacskft,True,16,
mp-aaacskhm,True,7,
mp-aaacsmnq,True,14,
mp-aaacsmnz,True,7,
mp-aaacsmoj,True,14,
mp-aaacsmov,True,14,
mp-aaacsmql,True,14,
mp-aaacsmru,True,7,
mp-aaacsnhw,True,52,
mp-aaacsuzk,True,40,
mp-aaacsvac,True,32,
mp-aaacsvdu,True,80,
mp-aaacsvfn,True,32,
mp-aaacsvid,True,52,
mp-aaacsxnm,True,6,
mp-aaacsxxr,True,22,
mp-aaacsyei,True,12,
mp-aaacsyph,True,12,
mp-aaacsztv,True,36,
mp-aaactbbx,True,64,
mp-aaacthpb,True,72,
mp-aaacthtx,True,78,
mp-aaacuatj,True,36,
mp-aaacubcf,True,44,
mp-aaacubgo,True,80,
mp-aaacubkn,True,82,
mp-aaacudhg,True,36,
mp-aaacuihr,True,16,
mp-aaacuijh,True,8,
mp-aaacuikz,True,16,
mp-aaacuila,True,16,
mp-aaacujhr,True,12,
mp-aaacujht,True,12,
mp-aaacujli,True,12,
mp-aaacujxf,True,22,
mp-aaacujxq,True,24,
mp-aaacujyw,True,14,
mp-aaacukam,True,11,
mp-aaacukdl,True,16,
mp-aaacukrg,True,12,
mp-aaacuktg,True,8,
mp-aaacukud,True,20,
mp-aaacukwa,True,14,
mp-aaacukyp,True,8,
mp-aaacukzr,True,11,
mp-aaaculcg,True,16,
mp-aaaculci,True,14,
mp-aaaculoc,True,16,
mp-aaaculqs,True,24,
mp-aaaculso,True,24,
mp-aaacultr,True,24,
mp-aaaculzx,True,14,
mp-aaacumjq,True,14,
mp-aaacumrg,True,20,
mp-aaacunav,True,12,
mp-aaacunip,True,16,
mp-aaacunte,True,24,
mp-aaacuntr,True,24,
mp-aaacunzi,True,24,
mp-aaacuoat,True,17,
mp-aaacuohc,True,28,
mp-aaacuono,True,24,
mp-aaacuovm,True,30,
mp-aaacuovp,True,26,
mp-aaacuowf,True,28,
mp-aaacuoyl,True,40,
mp-aaacuozg,True,34,
mp-aaacupae,True,16,
mp-aaacupec,True,24,
mp-aaacupeh,True,30,
mp-aaacuphp,True,16,
mp-aaacupiz,True,30,
mp-aaacupke,True,32,
mp-aaacupkh,True,24,
mp-aaacupmn,True,12,
mp-aaacupmy,True,16,
mp-aaacuppy,True,16,
mp-aaacupwq,True,18,
mp-aaacupwz,True,20,
mp-aaacuqel,True,24,
mp-aaacuqfp,True,24,
mp-aaacuqgy,True,22,
mp-aaacuqhj,True,24,
mp-aaacuqia,True,14,
mp-aaacuqoa,True,32,
mp-aaacuqsb,True,16,
mp-aaacuqvp,True,22,
mp-aaacuqxy,True,22,
mp-aaacurcw,True,32,
mp-aaacurfx,True,18,
mp-aaacurki,True,24,
mp-aaacuroc,True,10,
mp-aaacurrw,True,18,
mp-aaacurxb,True,32,
mp-aaacuryz,True,28,
mp-aaacusbh,True,26,
mp-aaacusbs,True,28,
mp-aaacutak,True,32,
mp-aaacutfj,True,12,
mp-aaacutxx,True,12,
mp-aaacutyb,True,12,
mp-aaacuuam,True,24,
mp-aaacuuqe,True,24,
mp-aaacuvdn,True,24,
mp-aaacuvfa,True,16,
mp-aaacuwhi,True,30,
mp-aaacuwhn,True,28,
mp-aaacuwja,True,28,
mp-aaacuwlh,True,32,
mp-aaacuwob,True,28,
mp-aaacuxit,True,13,
mp-aaacuxmb,True,12,
mp-aaacuxzc,True,32,
mp-aaacuzex,True,20,
mp-aaacuznb,True,40,
mp-aaacuzqc,True,28,
mp-aaacuzqn,True,30,
mp-aaacuzrf,True,20,
mp-aaacuzsr,True,18,
mp-aaacuztp,True,26,
mp-aaacvahc,True,36,
mp-aaacvaji,True,32,
mp-aaacvayt,True,24,
mp-aaacvbaf,True,16,
mp-aaacvbuj,True,32,
mp-aaacvceg,True,24,
mp-aaacvchs,True,32,
mp-aaacvcpl,True,30,
mp-aaacvcpy,True,14,
mp-aaacvcsz,True,24,
mp-aaacvcxm,True,16,
mp-aaacvcxw,True,28,
mp-aaacvdci,True,14,
mp-aaacvdjz,True,24,
mp-aaacveib,True,20,
mp-aaacvena,True,22,
mp-aaacvfpj,True,28,
mp-aaacvgpb,True,16,
mp-aaacvgra,True,26,
mp-aaacvgsa,True,32,
mp-aaacvgvq,True,13,
mp-aaacvgwz,True,28,
mp-aaacvhrf,True,14,
mp-aaacviqp,True,32,
mp-aaacvjfw,True,30,
mp-aaacvjwb,True,24,
mp-aaacvkqx,True,26,
mp-aaacvkyd,True,28,
mp-aaacvlbz,True,32,
mp-aaacvlgu,True,24,
mp-aaacvlmk,True,14,
mp-aaacvlno,True,18,
mp-aaacvlok,True,30,
mp-aaacvlpo,True,24,
mp-aaacvlre,True,32,
mp-aaacvlse,True,30,
mp-aaacvltl,True,28,
mp-aaacvmgt,True,36,
mp-aaacvmwu,True,30,
mp-aaacvnfx,True,20,
mp-aaacvnxw,True,24,
mp-aaacvotr,True,28,
mp-aaacvotv,True,14,
mp-aaacvoxc,True,17,
mp-aaacvozr,True,32,
mp-aaacvrzc,True,40,
mp-aaacvtqx,True,28,
mp-aaacvtua,True,28,
mp-aaacvtul,True,26,
mp-aaacvtvf,True,32,
mp-aaacvvtu,True,36,
mp-aaacvvuc,True,32,
mp-aaacvvvg,True,32,
mp-aaacvvvi,True,36,
mp-aaacvvvy,True,16,
mp-aaacvxce,True,30,
mp-aaacvyfk,True,32,
mp-aaacvyhh,True,30,
mp-aaacvyig,True,28,
mp-aaacwaud,True,30,
mp-aaacwauu,True,26,
mp-aaacwbbd,True,28,
mp-aaacwbbv,True,32,
mp-aaacwbch,True,24,
mp-aaacwbgi,True,32,
mp-aaacwbjr,True,52,
mp-aaacwcmt,True,32,
mp-aaacwcnu,True,30,
mp-aaacwcqd,True,34,
mp-aaacwcti,True,28,
mp-aaacwcvx,True,30,
mp-aaacwddk,True,32,
mp-aaacwdgw,True,16,
mp-aaacwdjg,True,28,
mp-aaacwdoe,True,28,
mp-aaacwdsh,True,30,
mp-aaacwdsq,True,24,
mp-aaacwdvz,True,30,
mp-aaacwdyx,True,30,
mp-aaacwdzg,True,28,
mp-aaacweam,True,26,
mp-aaacwehp,True,30,
mp-aaacweno,True,30,
mp-aaacweqa,True,32,
mp-aaacwfct,True,14,
mp-aaacwfna,True,32,
mp-aaacwfnz,True,28,
mp-aaacwfsu,True,60,
mp-aaacwfyk,True,30,
mp-aaacwgdu,True,38,
mp-aaacwgiz,True,24,
mp-aaacwgqd,True,22,
mp-aaacwgrt,True,26,
mp-aaacwguo,True,20,
mp-aaacwgyy,True,30,
mp-aaacwhgn,True,40,
mp-aaacwhgp,True,40,
mp-aaacwhhd,True,30,
mp-aaacwhhj,True,18,
mp-aaacwhks,True,24,
mp-aaacwhlo,True,26,
mp-aaacwhum,True,16,
mp-aaacwhyv,True,32,
mp-aaacwifm,True,28,
mp-aaacwifx,True,28,
mp-aaacwinl,True,30,
mp-aaacwion,True,15,
mp-aaacwipw,True,28,
mp-aaacwiqm,True,14,
mp-aaacwiuv,True,28,
mp-aaacwiyo,True,30,
mp-aaacwjav,True,28,
mp-aaacwjcl,True,32,
mp-aaacwjgw,True,26,
mp-aaacwjkg,True,36,
mp-aaacwkac,True,32,
mp-aaacwkki,True,28,
mp-aaacwkvj,True,32,
mp-aaacwlbr,True,30,
mp-aaacwlsw,True,14,
mp-aaacwmdf,True,15,
mp-aaacwmuq,True,32,
mp-aaacwnpm,True,14,
mp-aaacwojx,True,26,
mp-aaacwooi,True,30,
mp-aaacwpwj,True,36,
mp-aaacwqbk,True,14,
mp-aaacwqmp,True,28,
mp-aaacwrep,True,24,
mp-aaacwrft,True,14,
mp-aaacwrfv,True,30,
mp-aaacwrii,True,40,
mp-aaacwrwr,True,30,
mp-aaacwscz,True,14,
mp-aaacwszm,True,26,
mp-aaacwtid,True,28,
mp-aaacwtyf,True,36,
mp-aaacwtzs,True,26,
mp-aaacwuco,True,14,
mp-aaacwupq,True,30,
mp-aaacwvdu,True,32,
mp-aaacwvvr,True,32,
mp-aaacwwmc,True,30,
mp-aaacwxcl,True,10,
mp-aaacwybs,True,24,
mp-aaacwzch,True,32,
mp-aaacwzfv,True,24,
mp-aaacxawo,True,26,
mp-aaacxcdo,True,36,
mp-aaacxcwv,True,16,
mp-aaacxczb,True,40,
mp-aaacxjzi,True,18,
mp-aaacxmej,True,20,
mp-aaacxrav,True,68,
mp-aaacxrro,True,58,
mp-aaacxusv,True,17,
mp-aaacxvzh,True,19,
mp-aaacybyc,True,18,
mp-aaacygnv,True,18,
mp-aaacyiti,True,18,
mp-aaacyizf,True,18,
mp-aaacyjpi,True,20,
mp-aaacykib,True,20,
mp-aaacylmh,True,24,
mp-aaacylyk,True,28,
mp-aaacynog,True,28,
mp-aaacynyp,True,17,
mp-aaacyoqd,True,22,
mp-aaacyosg,True,19,
mp-aaacypsh,True,17,
mp-aaacyqxg,True,20,
mp-aaacyvul,True,52,
mp-aaaczbgg,True,24,
mp-aaaczczb,True,40,
mp-aaaczesc,True,38,
mp-aaaczjwc,True,37,
mp-aaaczmim,True,36,
mp-aaaczqfs,True,68,
mp-aaaczrkn,True,40,
mp-aaaczuqi,True,17,
mp-aaaczuws,True,19,
mp-aaaczvhx,True,20,
mp-aaaczwsl,True,48,
mp-aaaczxnf,True,16,
mp-aaaczxuy,True,24,
mp-aaadaaik,True,27,
mp-aaadaaop,True,17,
mp-aaadaboj,True,12,
mp-aaadabyf,True,19,
mp-aaadacvt,True,32,
mp-aaadafzr,True,19,
mp-aaadaisb,True,20,
mp-aaadajjo,True,56,
mp-aaadajvs,True,27,
mp-aaadaodo,True,40,
mp-aaadauas,True,6,
mp-aaadauth,True,14,
mp-aaadawan,True,16,
mp-aaadawgv,True,10,
mp-aaadawjk,True,12,
mp-aaadawpd,True,17,
mp-aaadawsn,True,8,
mp-aaadaxra,True,15,
mp-aaadayst,True,9,
mp-aaadbagq,True,10,
mp-aaadbayy,True,12,
mp-aaadbbmo,True,16,
mp-aaadbdgn,True,12,
mp-aaadbdkd,True,13,
mp-aaadbdwk,True,14,
mp-aaadbeyq,True,7,
mp-aaadbgsm,True,6,
mp-aaadbgtd,True,16,
mp-aaadbgvo,True,12,
mp-aaadbizw,True,12,
mp-aaadbkav,True,12,
mp-aaadblrj,True,16,
mp-aaadbqbt,True,13,
mp-aaadbscn,True,14,
mp-aaadbsgj,True,12,
mp-aaadbslf,True,12,
mp-aaadbtbi,True,12,
mp-aaadbxvm,True,12,
mp-aaadbxzj,True,16,
mp-aaadbypi,True,12,
mp-aaadbzrs,True,14,
mp-aaadcbsm,True,12,
mp-aaadccfz,True,12,
mp-aaadcdbz,True,16,
mp-aaadcdxc,True,16,
mp-aaadcecy,True,16,
mp-aaadcegt,True,14,
mp-aaadcgmn,True,16,
mp-aaadcirt,True,16,
mp-aaaddbxb,True,3,
mp-aaaddere,True,3,
mp-aaaddjem,True,4,
mp-aaadecog,True,12,
mp-aaadecut,True,17,
mp-aaadecxv,True,12,
mp-aaadedha,True,12,
mp-aaadefhr,True,12,
mp-aaadefin,True,16,
mp-aaadehdd,True,24,
mp-aaadeiak,True,15,
mp-aaadiksb,True,18,
mp-aaadikzc,True,18,
mp-aaadilbo,True,18,
mp-aaadipqd,True,18,
mp-aaadjpxd,True,12,
mp-aaadlbyk,True,40,
mp-aaadldxa,True,80,
mp-aaadleki,True,22,
mp-aaadlest,True,22,
mp-aaadleuf,True,22,
mp-aaadlfsx,True,22,
mp-aaadlfti,True,22,
mp-aaadlftv,True,20,
mp-aaadlgax,True,22,
mp-aaadlgbf,True,44,
mp-aaadlgkv,True,22,
mp-aaadlgsv,True,22,
mp-aaadlhkh,True,22,
mp-aaadljaf,True,22,
mp-aaadljig,True,44,
mp-aaadlkay,True,44,
mp-aaadlkbg,True,22,
mp-aaadlkhx,True,22,
mp-aaadlkie,True,22,
mp-aaadllzb,True,22,
mp-aaadlmye,True,22,
mp-aaadlowa,True,24,
mp-aaadlpwr,True,24,
mp-aaadlqtg,True,52,
mp-aaadlrfg,True,48,
mp-aaadlrxi,True,24,
mp-aaadlsez,True,26,
mp-aaadltfc,True,52,
mp-aaadlxzi,True,52,
mp-aaadpgbb,True,22,
mp-aaadpgbk,True,23,
mp-aaadpgko,True,20,
mp-aaadpgnf,True,44,
mp-aaadpgpg,True,48,
mp-aaadphhh,True,22,
mp-aaadphuk,True,22,
mp-aaadpidn,True,22,
mp-aaadpils,True,24,
mp-aaadpivx,True,48,
mp-aaadpiyu,True,44,
mp-aaadpjoc,True,42,
mp-aaadpkne,True,44,
mp-aaadpnce,True,22,
mp-aaadpnmd,True,22,
mp-aaadpnok,True,44,
mp-aaadpnxf,True,24,
mp-aaadpocc,True,48,
mp-aaadpqel,True,44,
mp-aaadprho,True,48,
mp-aaadpshr,True,22,
mp-aaadpugp,True,24,
mp-aaadpwti,True,52,
mp-aaadpwue,True,52,
mp-aaadpwwd,True,26,
mp-aaadpxbc,True,24,
mp-aaadqbnx,True,52,
mp-aaadqnqg,True,28,
mp-aaadqnsk,True,28,
mp-aaadqoan,True,28,
mp-aaadqoew,True,56,
mp-aaadqofw,True,28,
mp-aaadqowz,True,28,
mp-aaadqpbl,True,28,
mp-aaadqpnp,True,56,
mp-aaadqqbc,True,28,
mp-aaadqqkn,True,56,
mp-aaadqqks,True,28,
mp-aaadqrds,True,28,
mp-aaadqrgr,True,28,
mp-aaadqrlw,True,28,
mp-aaadqrmj,True,56,
mp-aaadqrny,True,28,
mp-aaadqsla,True,28,
mp-aaadqths,True,28,
mp-aaadqtns,True,28,
mp-aaadqulx,True,28,
mp-aaadquro,True,28,
mp-aaadqvgb,True,48,
mp-aaadqwet,True,52,
mp-aaadqwmr,True,52,
mp-aaadxhww,True,12,
mp-aaadyoox,True,8,
mp-aaaeipnf,True,26,
mp-aaaeirao,True,22,
mp-aaaeiwsy,True,48,
mp-aaaejbsr,True,48,
mp-aaaemdno,True,9,
mp-aaaevzvf,True,12,
mp-aaaevzwz,True,36,
mp-aaaevzzb,True,16,
mp-aaaevzzc,True,16,
mp-aaaewabe,True,18,
mp-aaaewaco,True,12,
mp-aaaewaft,True,17,
mp-aaaewait,True,24,
mp-aaaewamk,True,16,
mp-aaaewaor,True,19,
mp-aaaewauz,True,13,
mp-aaaewayv,True,24,
mp-aaaewazd,True,19,
mp-aaaewbuu,True,40,
mp-aaaewddr,True,24,
mp-aaaewdxp,True,8,
mp-aaaewgho,True,13,
mp-aaaewgjs,True,13,
mp-aaaewgue,True,13,
mp-aaaewivk,True,22,
mp-aaaewiwb,True,9,
mp-aaaewmsd,True,14,
mp-aaaewoct,True,6,
mp-aaaewpfd,True,14,
mp-aaaewqtz,True,8,
mp-aaaewrmf,True,52,
mp-aaaewsbz,True,14,
mp-aaaewtyc,True,15,
mp-aaaewufl,True,14,
mp-aaaewuqm,True,14,
mp-aaaewusd,True,14,
mp-aaaewvgb,True,18,
mp-aaaewvha,True,17,
mp-aaaewvkn,True,17,
mp-aaaewvlq,True,18,
mp-aaaewvot,True,18,
mp-aaaewwvm,True,20,
mp-aaaewylr,True,19,
mp-aaaexdbl,True,18,
mp-aaaexdrd,True,24,
mp-aaaexdsn,True,12,
mp-aaaexetj,True,16,
mp-aaaexgid,True,18,
mp-aaaexgig,True,18,
mp-aaaexhkk,True,18,
mp-aaafdqij,True,12,
mp-aaaffpfw,True,8,
mp-aaaflmlc,True,16,
mp-aaafmqdn,True,10,
mp-aaafmqhp,True,16,
mp-aaafyfwv,True,8,
mp-aaafykox,True,102,
mp-aaaggujk,True,16,
mp-aaagkqat,True,32,
