query_id,manual_candidate_id,shortlist_priority_rank,battery_formula,formula_discharge,framework_formula,coarse_family,chemical_system_uid,query_type,query_priority,query_priority_tier,search_platform,search_query,search_url,query_note,manual_check_required,recommended_action,normalized_search_query,manual_checked,annotation_status,analogue_level,relevance_score_0_to_3,citation_title,citation_year,doi,url,source_journal_or_database,same_sodium_working_ion,same_formula,same_framework,same_transition_metal,same_anion_framework,electrochemical_evidence_reported,computed_or_experimental,manual_evidence_note,reviewer_initials,manual_check_date,needs_second_check,evidence_confidence_0_to_3,do_not_use_as_discovery_claim,manual_filling_hint,negative_result_rule
Q0001,Na_candidate_01,1,Na0-2VF5,Na2VF5,VF5,halide_or_fluoride_like,F-V,_exact_formula_sodium_ion,1,A_try_first,Google Scholar,Na2VF5 sodium ion battery cathode,https://scholar.google.com/scholar?q=Na2VF5+sodium+ion+battery+cathode,Search-friendly discharged formula. Uses grouped/expanded anion notation when needed; no strict quotes to tolerate formatting differences.,True,search_this_first,na2vf5 sodium ion battery cathode,False,not_checked,not_checked,,,,,,,,,,,,,not_checked,,,,,,True,"Prefer primary experimental sodium-ion cathode papers. If none, accept exact/near-exact computed papers. Use reviews only as background. Never claim this validates the MP record.",Only mark no_relevant_literature_found for this exact query after checking it. Do not conclude the whole candidate has no literature unless several A/B/C queries fail.
Q0002,Na_candidate_01,1,Na0-2VF5,Na2VF5,VF5,halide_or_fluoride_like,F-V,_exact_formula_electrode,2,A_try_first,Google Scholar,Na2VF5 electrode cathode,https://scholar.google.com/scholar?q=Na2VF5+electrode+cathode,Search-friendly discharged formula with electrode/cathode words.,True,search_this_first,na2vf5 electrode cathode,False,not_checked,not_checked,,,,,,,,,,,,,not_checked,,,,,,True,"Prefer primary experimental sodium-ion cathode papers. If none, accept exact/near-exact computed papers. Use reviews only as background. Never claim this validates the MP record.",Only mark no_relevant_literature_found for this exact query after checking it. Do not conclude the whole candidate has no literature unless several A/B/C queries fail.
Q0003,Na_candidate_01,1,Na0-2VF5,Na2VF5,VF5,halide_or_fluoride_like,F-V,quoted_literature_formula,3,B_try_second,Google Scholar,"""Na2VF5"" sodium ion battery cathode",https://scholar.google.com/scholar?q=%22Na2VF5%22+sodium+ion+battery+cathode,Quoted formula query. Use after the unquoted query; quotes can miss papers using subscripts/spaces.,True,search_if_needed,"""na2vf5"" sodium ion battery cathode",False,not_checked,not_checked,,,,,,,,,,,,,not_checked,,,,,,True,"Prefer primary experimental sodium-ion cathode papers. If none, accept exact/near-exact computed papers. Use reviews only as background. Never claim this validates the MP record.",Only mark no_relevant_literature_found for this exact query after checking it. Do not conclude the whole candidate has no literature unless several A/B/C queries fail.
Q0004,Na_candidate_01,1,Na0-2VF5,Na2VF5,VF5,halide_or_fluoride_like,F-V,variable_sodium_literature_formula,4,B_try_second,Google Scholar,NaxVF5 sodium ion battery cathode,https://scholar.google.com/scholar?q=NaxVF5+sodium+ion+battery+cathode,Variable-sodium literature formula. Useful when papers report Nax phases instead of a fully sodiated formula.,True,search_if_needed,naxvf5 sodium ion battery cathode,False,not_checked,not_checked,,,,,,,,,,,,,not_checked,,,,,,True,"Prefer primary experimental sodium-ion cathode papers. If none, accept exact/near-exact computed papers. Use reviews only as background. Never claim this validates the MP record.",Only mark no_relevant_literature_found for this exact query after checking it. Do not conclude the whole candidate has no literature unless several A/B/C queries fail.
Q0005,Na_candidate_01,1,Na0-2VF5,Na2VF5,VF5,halide_or_fluoride_like,F-V,_framework_formula,5,B_try_second,Google Scholar,VF5 sodium ion battery cathode,https://scholar.google.com/scholar?q=VF5+sodium+ion+battery+cathode,"Framework-level search-friendly formula. This is analogue evidence, not exact formula validation.",True,search_if_needed,vf5 sodium ion battery cathode,False,not_checked,not_checked,,,,,,,,,,,,,not_checked,,,,,,True,"Prefer primary experimental sodium-ion cathode papers. If none, accept exact/near-exact computed papers. Use reviews only as background. Never claim this validates the MP record.",Only mark no_relevant_literature_found for this exact query after checking it. Do not conclude the whole candidate has no literature unless several A/B/C queries fail.
Q0006,Na_candidate_01,1,Na0-2VF5,Na2VF5,VF5,halide_or_fluoride_like,F-V,material_phrase_fluoride,6,C_broad_fallback,Google Scholar,vanadium fluoride sodium ion battery cathode,https://scholar.google.com/scholar?q=vanadium+fluoride+sodium+ion+battery+cathode,Material-name or family-name query. Use to find papers that do not write the exact formula in the title/abstract.,True,search_if_needed,vanadium fluoride sodium ion battery cathode,False,not_checked,not_checked,,,,,,,,,,,,,not_checked,,,,,,True,"Prefer primary experimental sodium-ion cathode papers. If none, accept exact/near-exact computed papers. Use reviews only as background. Never claim this validates the MP record.",Only mark no_relevant_literature_found for this exact query after checking it. Do not conclude the whole candidate has no literature unless several A/B/C queries fail.
Q0007,Na_candidate_01,1,Na0-2VF5,Na2VF5,VF5,halide_or_fluoride_like,F-V,broad_family_fluoride,7,C_broad_fallback,Google Scholar,transition metal fluoride sodium ion battery cathode,https://scholar.google.com/scholar?q=transition+metal+fluoride+sodium+ion+battery+cathode,Material-name or family-name query. Use to find papers that do not write the exact formula in the title/abstract.,True,search_if_needed,transition metal fluoride sodium ion battery cathode,False,not_checked,not_checked,,,,,,,,,,,,,not_checked,,,,,,True,"Prefer primary experimental sodium-ion cathode papers. If none, accept exact/near-exact computed papers. Use reviews only as background. Never claim this validates the MP record.",Only mark no_relevant_literature_found for this exact query after checking it. Do not conclude the whole candidate has no literature unless several A/B/C queries fail.
Q0008,Na_candidate_02,2,Na0-1CoO2,NaCoO2,CoO2,transition_metal_oxide_like,Co-O,_exact_formula_sodium_ion,1,A_try_first,Google Scholar,NaCoO2 sodium ion battery cathode,https://scholar.google.com/scholar?q=NaCoO2+sodium+ion+battery+cathode,Search-friendly discharged formula. Uses grouped/expanded anion notation when needed; no strict quotes to tolerate formatting differences.,True,search_this_first,nacoo2 sodium ion battery cathode,False,not_checked,not_checked,,,,,,,,,,,,,not_checked,,,,,,True,"Prefer primary experimental sodium-ion cathode papers. If none, accept exact/near-exact computed papers. Use reviews only as background. Never claim this validates the MP record.",Only mark no_relevant_literature_found for this exact query after checking it. Do not conclude the whole candidate has no literature unless several A/B/C queries fail.
Q0009,Na_candidate_02,2,Na0-1CoO2,NaCoO2,CoO2,transition_metal_oxide_like,Co-O,_exact_formula_electrode,2,A_try_first,Google Scholar,NaCoO2 electrode cathode,https://scholar.google.com/scholar?q=NaCoO2+electrode+cathode,Search-friendly discharged formula with electrode/cathode words.,True,search_this_first,nacoo2 electrode cathode,False,not_checked,not_checked,,,,,,,,,,,,,not_checked,,,,,,True,"Prefer primary experimental sodium-ion cathode papers. If none, accept exact/near-exact computed papers. Use reviews only as background. Never claim this validates the MP record.",Only mark no_relevant_literature_found for this exact query after checking it. Do not conclude the whole candidate has no literature unless several A/B/C queries fail.
Q0010,Na_candidate_02,2,Na0-1CoO2,NaCoO2,CoO2,transition_metal_oxide_like,Co-O,quoted_literature_formula,3,B_try_second,Google Scholar,"""NaCoO2"" sodium ion battery cathode",https://scholar.google.com/scholar?q=%22NaCoO2%22+sodium+ion+battery+cathode,Quoted formula query. Use after the unquoted query; quotes can miss papers using subscripts/spaces.,True,search_if_needed,"""nacoo2"" sodium ion battery cathode",False,not_checked,not_checked,,,,,,,,,,,,,not_checked,,,,,,True,"Prefer primary experimental sodium-ion cathode papers. If none, accept exact/near-exact computed papers. Use reviews only as background. Never claim this validates the MP record.",Only mark no_relevant_literature_found for this exact query after checking it. Do not conclude the whole candidate has no literature unless several A/B/C queries fail.
Q0011,Na_candidate_02,2,Na0-1CoO2,NaCoO2,CoO2,transition_metal_oxide_like,Co-O,variable_sodium_literature_formula,4,B_try_second,Google Scholar,NaxCoO2 sodium ion battery cathode,https://scholar.google.com/scholar?q=NaxCoO2+sodium+ion+battery+cathode,Variable-sodium literature formula. Useful when papers report Nax phases instead of a fully sodiated formula.,True,search_if_needed,naxcoo2 sodium ion battery cathode,False,not_checked,not_checked,,,,,,,,,,,,,not_checked,,,,,,True,"Prefer primary experimental sodium-ion cathode papers. If none, accept exact/near-exact computed papers. Use reviews only as background. Never claim this validates the MP record.",Only mark no_relevant_literature_found for this exact query after checking it. Do not conclude the whole candidate has no literature unless several A/B/C queries fail.
Q0012,Na_candidate_02,2,Na0-1CoO2,NaCoO2,CoO2,transition_metal_oxide_like,Co-O,_framework_formula,5,B_try_second,Google Scholar,CoO2 sodium ion battery cathode,https://scholar.google.com/scholar?q=CoO2+sodium+ion+battery+cathode,"Framework-level search-friendly formula. This is analogue evidence, not exact formula validation.",True,search_if_needed,coo2 sodium ion battery cathode,False,not_checked,not_checked,,,,,,,,,,,,,not_checked,,,,,,True,"Prefer primary experimental sodium-ion cathode papers. If none, accept exact/near-exact computed papers. Use reviews only as background. Never claim this validates the MP record.",Only mark no_relevant_literature_found for this exact query after checking it. Do not conclude the whole candidate has no literature unless several A/B/C queries fail.
Q0013,Na_candidate_02,2,Na0-1CoO2,NaCoO2,CoO2,transition_metal_oxide_like,Co-O,material_phrase_oxide,6,C_broad_fallback,Google Scholar,sodium cobalt oxide cathode,https://scholar.google.com/scholar?q=sodium+cobalt+oxide+cathode,Material-name or family-name query. Use to find papers that do not write the exact formula in the title/abstract.,True,search_if_needed,sodium cobalt oxide cathode,False,not_checked,not_checked,,,,,,,,,,,,,not_checked,,,,,,True,"Prefer primary experimental sodium-ion cathode papers. If none, accept exact/near-exact computed papers. Use reviews only as background. Never claim this validates the MP record.",Only mark no_relevant_literature_found for this exact query after checking it. Do not conclude the whole candidate has no literature unless several A/B/C queries fail.
Q0014,Na_candidate_02,2,Na0-1CoO2,NaCoO2,CoO2,transition_metal_oxide_like,Co-O,broad_family_oxide,8,C_broad_fallback,Google Scholar,layered transition metal oxide sodium ion battery cathode,https://scholar.google.com/scholar?q=layered+transition+metal+oxide+sodium+ion+battery+cathode,Material-name or family-name query. Use to find papers that do not write the exact formula in the title/abstract.,True,search_if_needed,layered transition metal oxide sodium ion battery cathode,False,not_checked,not_checked,,,,,,,,,,,,,not_checked,,,,,,True,"Prefer primary experimental sodium-ion cathode papers. If none, accept exact/near-exact computed papers. Use reviews only as background. Never claim this validates the MP record.",Only mark no_relevant_literature_found for this exact query after checking it. Do not conclude the whole candidate has no literature unless several A/B/C queries fail.
Q0015,Na_candidate_03,3,Na0-1CoO2,NaCoO2,CoO2,transition_metal_oxide_like,Co-O,_exact_formula_sodium_ion,1,A_try_first,Google Scholar,NaCoO2 sodium ion battery cathode,https://scholar.google.com/scholar?q=NaCoO2+sodium+ion+battery+cathode,Search-friendly discharged formula. Uses grouped/expanded anion notation when needed; no strict quotes to tolerate formatting differences.,True,search_this_first,nacoo2 sodium ion battery cathode,False,not_checked,not_checked,,,,,,,,,,,,,not_checked,,,,,,True,"Prefer primary experimental sodium-ion cathode papers. If none, accept exact/near-exact computed papers. Use reviews only as background. Never claim this validates the MP record.",Only mark no_relevant_literature_found for this exact query after checking it. Do not conclude the whole candidate has no literature unless several A/B/C queries fail.
Q0016,Na_candidate_03,3,Na0-1CoO2,NaCoO2,CoO2,transition_metal_oxide_like,Co-O,_exact_formula_electrode,2,A_try_first,Google Scholar,NaCoO2 electrode cathode,https://scholar.google.com/scholar?q=NaCoO2+electrode+cathode,Search-friendly discharged formula with electrode/cathode words.,True,search_this_first,nacoo2 electrode cathode,False,not_checked,not_checked,,,,,,,,,,,,,not_checked,,,,,,True,"Prefer primary experimental sodium-ion cathode papers. If none, accept exact/near-exact computed papers. Use reviews only as background. Never claim this validates the MP record.",Only mark no_relevant_literature_found for this exact query after checking it. Do not conclude the whole candidate has no literature unless several A/B/C queries fail.
Q0017,Na_candidate_03,3,Na0-1CoO2,NaCoO2,CoO2,transition_metal_oxide_like,Co-O,quoted_literature_formula,3,B_try_second,Google Scholar,"""NaCoO2"" sodium ion battery cathode",https://scholar.google.com/scholar?q=%22NaCoO2%22+sodium+ion+battery+cathode,Quoted formula query. Use after the unquoted query; quotes can miss papers using subscripts/spaces.,True,search_if_needed,"""nacoo2"" sodium ion battery cathode",False,not_checked,not_checked,,,,,,,,,,,,,not_checked,,,,,,True,"Prefer primary experimental sodium-ion cathode papers. If none, accept exact/near-exact computed papers. Use reviews only as background. Never claim this validates the MP record.",Only mark no_relevant_literature_found for this exact query after checking it. Do not conclude the whole candidate has no literature unless several A/B/C queries fail.
Q0018,Na_candidate_03,3,Na0-1CoO2,NaCoO2,CoO2,transition_metal_oxide_like,Co-O,variable_sodium_literature_formula,4,B_try_second,Google Scholar,NaxCoO2 sodium ion battery cathode,https://scholar.google.com/scholar?q=NaxCoO2+sodium+ion+battery+cathode,Variable-sodium literature formula. Useful when papers report Nax phases instead of a fully sodiated formula.,True,search_if_needed,naxcoo2 sodium ion battery cathode,False,not_checked,not_checked,,,,,,,,,,,,,not_checked,,,,,,True,"Prefer primary experimental sodium-ion cathode papers. If none, accept exact/near-exact computed papers. Use reviews only as background. Never claim this validates the MP record.",Only mark no_relevant_literature_found for this exact query after checking it. Do not conclude the whole candidate has no literature unless several A/B/C queries fail.
Q0019,Na_candidate_03,3,Na0-1CoO2,NaCoO2,CoO2,transition_metal_oxide_like,Co-O,_framework_formula,5,B_try_second,Google Scholar,CoO2 sodium ion battery cathode,https://scholar.google.com/scholar?q=CoO2+sodium+ion+battery+cathode,"Framework-level search-friendly formula. This is analogue evidence, not exact formula validation.",True,search_if_needed,coo2 sodium ion battery cathode,False,not_checked,not_checked,,,,,,,,,,,,,not_checked,,,,,,True,"Prefer primary experimental sodium-ion cathode papers. If none, accept exact/near-exact computed papers. Use reviews only as background. Never claim this validates the MP record.",Only mark no_relevant_literature_found for this exact query after checking it. Do not conclude the whole candidate has no literature unless several A/B/C queries fail.
Q0020,Na_candidate_03,3,Na0-1CoO2,NaCoO2,CoO2,transition_metal_oxide_like,Co-O,material_phrase_oxide,6,C_broad_fallback,Google Scholar,sodium cobalt oxide cathode,https://scholar.google.com/scholar?q=sodium+cobalt+oxide+cathode,Material-name or family-name query. Use to find papers that do not write the exact formula in the title/abstract.,True,search_if_needed,sodium cobalt oxide cathode,False,not_checked,not_checked,,,,,,,,,,,,,not_checked,,,,,,True,"Prefer primary experimental sodium-ion cathode papers. If none, accept exact/near-exact computed papers. Use reviews only as background. Never claim this validates the MP record.",Only mark no_relevant_literature_found for this exact query after checking it. Do not conclude the whole candidate has no literature unless several A/B/C queries fail.
Q0021,Na_candidate_03,3,Na0-1CoO2,NaCoO2,CoO2,transition_metal_oxide_like,Co-O,broad_family_oxide,8,C_broad_fallback,Google Scholar,layered transition metal oxide sodium ion battery cathode,https://scholar.google.com/scholar?q=layered+transition+metal+oxide+sodium+ion+battery+cathode,Material-name or family-name query. Use to find papers that do not write the exact formula in the title/abstract.,True,search_if_needed,layered transition metal oxide sodium ion battery cathode,False,not_checked,not_checked,,,,,,,,,,,,,not_checked,,,,,,True,"Prefer primary experimental sodium-ion cathode papers. If none, accept exact/near-exact computed papers. Use reviews only as background. Never claim this validates the MP record.",Only mark no_relevant_literature_found for this exact query after checking it. Do not conclude the whole candidate has no literature unless several A/B/C queries fail.
Q0022,Na_candidate_04,4,Na0-4Fe2(PO4)3,Na4Fe2(PO4)3,Fe2(PO4)3,polyanion_phosphate_like,Fe-O-P,_exact_formula_sodium_ion,1,A_try_first,Google Scholar,Na4Fe2(PO4)3 sodium ion battery cathode,https://scholar.google.com/scholar?q=Na4Fe2%28PO4%293+sodium+ion+battery+cathode,Search-friendly discharged formula. Uses grouped/expanded anion notation when needed; no strict quotes to tolerate formatting differences.,True,search_this_first,na4fe2(po4)3 sodium ion battery cathode,False,not_checked,not_checked,,,,,,,,,,,,,not_checked,,,,,,True,"Prefer primary experimental sodium-ion cathode papers. If none, accept exact/near-exact computed papers. Use reviews only as background. Never claim this validates the MP record.",Only mark no_relevant_literature_found for this exact query after checking it. Do not conclude the whole candidate has no literature unless several A/B/C queries fail.
Q0023,Na_candidate_04,4,Na0-4Fe2(PO4)3,Na4Fe2(PO4)3,Fe2(PO4)3,polyanion_phosphate_like,Fe-O-P,_exact_formula_electrode,2,A_try_first,Google Scholar,Na4Fe2(PO4)3 electrode cathode,https://scholar.google.com/scholar?q=Na4Fe2%28PO4%293+electrode+cathode,Search-friendly discharged formula with electrode/cathode words.,True,search_this_first,na4fe2(po4)3 electrode cathode,False,not_checked,not_checked,,,,,,,,,,,,,not_checked,,,,,,True,"Prefer primary experimental sodium-ion cathode papers. If none, accept exact/near-exact computed papers. Use reviews only as background. Never claim this validates the MP record.",Only mark no_relevant_literature_found for this exact query after checking it. Do not conclude the whole candidate has no literature unless several A/B/C queries fail.
Q0024,Na_candidate_04,4,Na0-4Fe2(PO4)3,Na4Fe2(PO4)3,Fe2(PO4)3,polyanion_phosphate_like,Fe-O-P,quoted_literature_formula,3,B_try_second,Google Scholar,"""Na4Fe2(PO4)3"" sodium ion battery cathode",https://scholar.google.com/scholar?q=%22Na4Fe2%28PO4%293%22+sodium+ion+battery+cathode,Quoted formula query. Use after the unquoted query; quotes can miss papers using subscripts/spaces.,True,search_if_needed,"""na4fe2(po4)3"" sodium ion battery cathode",False,not_checked,not_checked,,,,,,,,,,,,,not_checked,,,,,,True,"Prefer primary experimental sodium-ion cathode papers. If none, accept exact/near-exact computed papers. Use reviews only as background. Never claim this validates the MP record.",Only mark no_relevant_literature_found for this exact query after checking it. Do not conclude the whole candidate has no literature unless several A/B/C queries fail.
Q0025,Na_candidate_04,4,Na0-4Fe2(PO4)3,Na4Fe2(PO4)3,Fe2(PO4)3,polyanion_phosphate_like,Fe-O-P,variable_sodium_literature_formula,4,B_try_second,Google Scholar,NaxFe2(PO4)3 sodium ion battery cathode,https://scholar.google.com/scholar?q=NaxFe2%28PO4%293+sodium+ion+battery+cathode,Variable-sodium literature formula. Useful when papers report Nax phases instead of a fully sodiated formula.,True,search_if_needed,naxfe2(po4)3 sodium ion battery cathode,False,not_checked,not_checked,,,,,,,,,,,,,not_checked,,,,,,True,"Prefer primary experimental sodium-ion cathode papers. If none, accept exact/near-exact computed papers. Use reviews only as background. Never claim this validates the MP record.",Only mark no_relevant_literature_found for this exact query after checking it. Do not conclude the whole candidate has no literature unless several A/B/C queries fail.
Q0026,Na_candidate_04,4,Na0-4Fe2(PO4)3,Na4Fe2(PO4)3,Fe2(PO4)3,polyanion_phosphate_like,Fe-O-P,_framework_formula,5,B_try_second,Google Scholar,Fe2(PO4)3 sodium ion battery cathode,https://scholar.google.com/scholar?q=Fe2%28PO4%293+sodium+ion+battery+cathode,"Framework-level search-friendly formula. This is analogue evidence, not exact formula validation.",True,search_if_needed,fe2(po4)3 sodium ion battery cathode,False,not_checked,not_checked,,,,,,,,,,,,,not_checked,,,,,,True,"Prefer primary experimental sodium-ion cathode papers. If none, accept exact/near-exact computed papers. Use reviews only as background. Never claim this validates the MP record.",Only mark no_relevant_literature_found for this exact query after checking it. Do not conclude the whole candidate has no literature unless several A/B/C queries fail.
Q0027,Na_candidate_04,4,Na0-4Fe2(PO4)3,Na4Fe2(PO4)3,Fe2(PO4)3,polyanion_phosphate_like,Fe-O-P,material_phrase_phosphate,6,C_broad_fallback,Google Scholar,sodium iron phosphate cathode,https://scholar.google.com/scholar?q=sodium+iron+phosphate+cathode,Material-name or family-name query. Use to find papers that do not write the exact formula in the title/abstract.,True,search_if_needed,sodium iron phosphate cathode,False,not_checked,not_checked,,,,,,,,,,,,,not_checked,,,,,,True,"Prefer primary experimental sodium-ion cathode papers. If none, accept exact/near-exact computed papers. Use reviews only as background. Never claim this validates the MP record.",Only mark no_relevant_literature_found for this exact query after checking it. Do not conclude the whole candidate has no literature unless several A/B/C queries fail.
Q0028,Na_candidate_04,4,Na0-4Fe2(PO4)3,Na4Fe2(PO4)3,Fe2(PO4)3,polyanion_phosphate_like,Fe-O-P,broad_family_polyanion,7,C_broad_fallback,Google Scholar,polyanion phosphate sodium ion battery cathode,https://scholar.google.com/scholar?q=polyanion+phosphate+sodium+ion+battery+cathode,Material-name or family-name query. Use to find papers that do not write the exact formula in the title/abstract.,True,search_if_needed,polyanion phosphate sodium ion battery cathode,False,not_checked,not_checked,,,,,,,,,,,,,not_checked,,,,,,True,"Prefer primary experimental sodium-ion cathode papers. If none, accept exact/near-exact computed papers. Use reviews only as background. Never claim this validates the MP record.",Only mark no_relevant_literature_found for this exact query after checking it. Do not conclude the whole candidate has no literature unless several A/B/C queries fail.
Q0029,Na_candidate_05,5,Na0-1MnF3,NaMnF3,MnF3,halide_or_fluoride_like,F-Mn,_exact_formula_sodium_ion,1,A_try_first,Google Scholar,NaMnF3 sodium ion battery cathode,https://scholar.google.com/scholar?q=NaMnF3+sodium+ion+battery+cathode,Search-friendly discharged formula. Uses grouped/expanded anion notation when needed; no strict quotes to tolerate formatting differences.,True,search_this_first,namnf3 sodium ion battery cathode,False,not_checked,not_checked,,,,,,,,,,,,,not_checked,,,,,,True,"Prefer primary experimental sodium-ion cathode papers. If none, accept exact/near-exact computed papers. Use reviews only as background. Never claim this validates the MP record.",Only mark no_relevant_literature_found for this exact query after checking it. Do not conclude the whole candidate has no literature unless several A/B/C queries fail.
Q0030,Na_candidate_05,5,Na0-1MnF3,NaMnF3,MnF3,halide_or_fluoride_like,F-Mn,_exact_formula_electrode,2,A_try_first,Google Scholar,NaMnF3 electrode cathode,https://scholar.google.com/scholar?q=NaMnF3+electrode+cathode,Search-friendly discharged formula with electrode/cathode words.,True,search_this_first,namnf3 electrode cathode,False,not_checked,not_checked,,,,,,,,,,,,,not_checked,,,,,,True,"Prefer primary experimental sodium-ion cathode papers. If none, accept exact/near-exact computed papers. Use reviews only as background. Never claim this validates the MP record.",Only mark no_relevant_literature_found for this exact query after checking it. Do not conclude the whole candidate has no literature unless several A/B/C queries fail.
Q0031,Na_candidate_05,5,Na0-1MnF3,NaMnF3,MnF3,halide_or_fluoride_like,F-Mn,quoted_literature_formula,3,B_try_second,Google Scholar,"""NaMnF3"" sodium ion battery cathode",https://scholar.google.com/scholar?q=%22NaMnF3%22+sodium+ion+battery+cathode,Quoted formula query. Use after the unquoted query; quotes can miss papers using subscripts/spaces.,True,search_if_needed,"""namnf3"" sodium ion battery cathode",False,not_checked,not_checked,,,,,,,,,,,,,not_checked,,,,,,True,"Prefer primary experimental sodium-ion cathode papers. If none, accept exact/near-exact computed papers. Use reviews only as background. Never claim this validates the MP record.",Only mark no_relevant_literature_found for this exact query after checking it. Do not conclude the whole candidate has no literature unless several A/B/C queries fail.
Q0032,Na_candidate_05,5,Na0-1MnF3,NaMnF3,MnF3,halide_or_fluoride_like,F-Mn,variable_sodium_literature_formula,4,B_try_second,Google Scholar,NaxMnF3 sodium ion battery cathode,https://scholar.google.com/scholar?q=NaxMnF3+sodium+ion+battery+cathode,Variable-sodium literature formula. Useful when papers report Nax phases instead of a fully sodiated formula.,True,search_if_needed,naxmnf3 sodium ion battery cathode,False,not_checked,not_checked,,,,,,,,,,,,,not_checked,,,,,,True,"Prefer primary experimental sodium-ion cathode papers. If none, accept exact/near-exact computed papers. Use reviews only as background. Never claim this validates the MP record.",Only mark no_relevant_literature_found for this exact query after checking it. Do not conclude the whole candidate has no literature unless several A/B/C queries fail.
Q0033,Na_candidate_05,5,Na0-1MnF3,NaMnF3,MnF3,halide_or_fluoride_like,F-Mn,_framework_formula,5,B_try_second,Google Scholar,MnF3 sodium ion battery cathode,https://scholar.google.com/scholar?q=MnF3+sodium+ion+battery+cathode,"Framework-level search-friendly formula. This is analogue evidence, not exact formula validation.",True,search_if_needed,mnf3 sodium ion battery cathode,False,not_checked,not_checked,,,,,,,,,,,,,not_checked,,,,,,True,"Prefer primary experimental sodium-ion cathode papers. If none, accept exact/near-exact computed papers. Use reviews only as background. Never claim this validates the MP record.",Only mark no_relevant_literature_found for this exact query after checking it. Do not conclude the whole candidate has no literature unless several A/B/C queries fail.
Q0034,Na_candidate_05,5,Na0-1MnF3,NaMnF3,MnF3,halide_or_fluoride_like,F-Mn,material_phrase_fluoride,6,C_broad_fallback,Google Scholar,manganese fluoride sodium ion battery cathode,https://scholar.google.com/scholar?q=manganese+fluoride+sodium+ion+battery+cathode,Material-name or family-name query. Use to find papers that do not write the exact formula in the title/abstract.,True,search_if_needed,manganese fluoride sodium ion battery cathode,False,not_checked,not_checked,,,,,,,,,,,,,not_checked,,,,,,True,"Prefer primary experimental sodium-ion cathode papers. If none, accept exact/near-exact computed papers. Use reviews only as background. Never claim this validates the MP record.",Only mark no_relevant_literature_found for this exact query after checking it. Do not conclude the whole candidate has no literature unless several A/B/C queries fail.
Q0035,Na_candidate_05,5,Na0-1MnF3,NaMnF3,MnF3,halide_or_fluoride_like,F-Mn,broad_family_fluoride,7,C_broad_fallback,Google Scholar,transition metal fluoride sodium ion battery cathode,https://scholar.google.com/scholar?q=transition+metal+fluoride+sodium+ion+battery+cathode,Material-name or family-name query. Use to find papers that do not write the exact formula in the title/abstract.,True,search_if_needed,transition metal fluoride sodium ion battery cathode,False,not_checked,not_checked,,,,,,,,,,,,,not_checked,,,,,,True,"Prefer primary experimental sodium-ion cathode papers. If none, accept exact/near-exact computed papers. Use reviews only as background. Never claim this validates the MP record.",Only mark no_relevant_literature_found for this exact query after checking it. Do not conclude the whole candidate has no literature unless several A/B/C queries fail.
Q0036,Na_candidate_06,6,Na1-3CoPCO7,Na3CoPCO7,CoPCO7,polyanion_phosphate_like,C-Co-O-P,_exact_formula_sodium_ion,1,A_try_first,Google Scholar,Na3CoPO4CO3 sodium ion battery cathode,https://scholar.google.com/scholar?q=Na3CoPO4CO3+sodium+ion+battery+cathode,Search-friendly discharged formula. Uses grouped/expanded anion notation when needed; no strict quotes to tolerate formatting differences.,True,search_this_first,na3copo4co3 sodium ion battery cathode,False,not_checked,not_checked,,,,,,,,,,,,,not_checked,,,,,,True,"Prefer primary experimental sodium-ion cathode papers. If none, accept exact/near-exact computed papers. Use reviews only as background. Never claim this validates the MP record.",Only mark no_relevant_literature_found for this exact query after checking it. Do not conclude the whole candidate has no literature unless several A/B/C queries fail.
Q0037,Na_candidate_06,6,Na1-3CoPCO7,Na3CoPCO7,CoPCO7,polyanion_phosphate_like,C-Co-O-P,_exact_formula_electrode,2,A_try_first,Google Scholar,Na3CoPO4CO3 electrode cathode,https://scholar.google.com/scholar?q=Na3CoPO4CO3+electrode+cathode,Search-friendly discharged formula with electrode/cathode words.,True,search_this_first,na3copo4co3 electrode cathode,False,not_checked,not_checked,,,,,,,,,,,,,not_checked,,,,,,True,"Prefer primary experimental sodium-ion cathode papers. If none, accept exact/near-exact computed papers. Use reviews only as background. Never claim this validates the MP record.",Only mark no_relevant_literature_found for this exact query after checking it. Do not conclude the whole candidate has no literature unless several A/B/C queries fail.
Q0038,Na_candidate_06,6,Na1-3CoPCO7,Na3CoPCO7,CoPCO7,polyanion_phosphate_like,C-Co-O-P,_exact_formula_sodium_ion,3,A_try_first,Google Scholar,Na3Co(CO3)(PO4) sodium ion battery cathode,https://scholar.google.com/scholar?q=Na3Co%28CO3%29%28PO4%29+sodium+ion+battery+cathode,Search-friendly discharged formula. Uses grouped/expanded anion notation when needed; no strict quotes to tolerate formatting differences.,True,search_this_first,na3co(co3)(po4) sodium ion battery cathode,False,not_checked,not_checked,,,,,,,,,,,,,not_checked,,,,,,True,"Prefer primary experimental sodium-ion cathode papers. If none, accept exact/near-exact computed papers. Use reviews only as background. Never claim this validates the MP record.",Only mark no_relevant_literature_found for this exact query after checking it. Do not conclude the whole candidate has no literature unless several A/B/C queries fail.
Q0039,Na_candidate_06,6,Na1-3CoPCO7,Na3CoPCO7,CoPCO7,polyanion_phosphate_like,C-Co-O-P,_exact_formula_electrode,4,A_try_first,Google Scholar,Na3Co(CO3)(PO4) electrode cathode,https://scholar.google.com/scholar?q=Na3Co%28CO3%29%28PO4%29+electrode+cathode,Search-friendly discharged formula with electrode/cathode words.,True,search_this_first,na3co(co3)(po4) electrode cathode,False,not_checked,not_checked,,,,,,,,,,,,,not_checked,,,,,,True,"Prefer primary experimental sodium-ion cathode papers. If none, accept exact/near-exact computed papers. Use reviews only as background. Never claim this validates the MP record.",Only mark no_relevant_literature_found for this exact query after checking it. Do not conclude the whole candidate has no literature unless several A/B/C queries fail.
Q0040,Na_candidate_06,6,Na1-3CoPCO7,Na3CoPCO7,CoPCO7,polyanion_phosphate_like,C-Co-O-P,_exact_formula_sodium_ion,5,A_try_first,Google Scholar,Na3Co(PO4)(CO3) sodium ion battery cathode,https://scholar.google.com/scholar?q=Na3Co%28PO4%29%28CO3%29+sodium+ion+battery+cathode,Search-friendly discharged formula. Uses grouped/expanded anion notation when needed; no strict quotes to tolerate formatting differences.,True,search_this_first,na3co(po4)(co3) sodium ion battery cathode,False,not_checked,not_checked,,,,,,,,,,,,,not_checked,,,,,,True,"Prefer primary experimental sodium-ion cathode papers. If none, accept exact/near-exact computed papers. Use reviews only as background. Never claim this validates the MP record.",Only mark no_relevant_literature_found for this exact query after checking it. Do not conclude the whole candidate has no literature unless several A/B/C queries fail.
Q0041,Na_candidate_06,6,Na1-3CoPCO7,Na3CoPCO7,CoPCO7,polyanion_phosphate_like,C-Co-O-P,_exact_formula_electrode,6,A_try_first,Google Scholar,Na3Co(PO4)(CO3) electrode cathode,https://scholar.google.com/scholar?q=Na3Co%28PO4%29%28CO3%29+electrode+cathode,Search-friendly discharged formula with electrode/cathode words.,True,search_this_first,na3co(po4)(co3) electrode cathode,False,not_checked,not_checked,,,,,,,,,,,,,not_checked,,,,,,True,"Prefer primary experimental sodium-ion cathode papers. If none, accept exact/near-exact computed papers. Use reviews only as background. Never claim this validates the MP record.",Only mark no_relevant_literature_found for this exact query after checking it. Do not conclude the whole candidate has no literature unless several A/B/C queries fail.
Q0042,Na_candidate_06,6,Na1-3CoPCO7,Na3CoPCO7,CoPCO7,polyanion_phosphate_like,C-Co-O-P,quoted_literature_formula,7,B_try_second,Google Scholar,"""Na3CoPO4CO3"" sodium ion battery cathode",https://scholar.google.com/scholar?q=%22Na3CoPO4CO3%22+sodium+ion+battery+cathode,Quoted formula query. Use after the unquoted query; quotes can miss papers using subscripts/spaces.,True,search_if_needed,"""na3copo4co3"" sodium ion battery cathode",False,not_checked,not_checked,,,,,,,,,,,,,not_checked,,,,,,True,"Prefer primary experimental sodium-ion cathode papers. If none, accept exact/near-exact computed papers. Use reviews only as background. Never claim this validates the MP record.",Only mark no_relevant_literature_found for this exact query after checking it. Do not conclude the whole candidate has no literature unless several A/B/C queries fail.
Q0043,Na_candidate_06,6,Na1-3CoPCO7,Na3CoPCO7,CoPCO7,polyanion_phosphate_like,C-Co-O-P,quoted_literature_formula,8,B_try_second,Google Scholar,"""Na3Co(CO3)(PO4)"" sodium ion battery cathode",https://scholar.google.com/scholar?q=%22Na3Co%28CO3%29%28PO4%29%22+sodium+ion+battery+cathode,Quoted formula query. Use after the unquoted query; quotes can miss papers using subscripts/spaces.,True,search_if_needed,"""na3co(co3)(po4)"" sodium ion battery cathode",False,not_checked,not_checked,,,,,,,,,,,,,not_checked,,,,,,True,"Prefer primary experimental sodium-ion cathode papers. If none, accept exact/near-exact computed papers. Use reviews only as background. Never claim this validates the MP record.",Only mark no_relevant_literature_found for this exact query after checking it. Do not conclude the whole candidate has no literature unless several A/B/C queries fail.
Q0044,Na_candidate_06,6,Na1-3CoPCO7,Na3CoPCO7,CoPCO7,polyanion_phosphate_like,C-Co-O-P,variable_sodium_literature_formula,9,B_try_second,Google Scholar,NaxCoPO4CO3 sodium ion battery cathode,https://scholar.google.com/scholar?q=NaxCoPO4CO3+sodium+ion+battery+cathode,Variable-sodium literature formula. Useful when papers report Nax phases instead of a fully sodiated formula.,True,search_if_needed,naxcopo4co3 sodium ion battery cathode,False,not_checked,not_checked,,,,,,,,,,,,,not_checked,,,,,,True,"Prefer primary experimental sodium-ion cathode papers. If none, accept exact/near-exact computed papers. Use reviews only as background. Never claim this validates the MP record.",Only mark no_relevant_literature_found for this exact query after checking it. Do not conclude the whole candidate has no literature unless several A/B/C queries fail.
Q0045,Na_candidate_06,6,Na1-3CoPCO7,Na3CoPCO7,CoPCO7,polyanion_phosphate_like,C-Co-O-P,variable_sodium_literature_formula,10,B_try_second,Google Scholar,NaxCo(CO3)(PO4) sodium ion battery cathode,https://scholar.google.com/scholar?q=NaxCo%28CO3%29%28PO4%29+sodium+ion+battery+cathode,Variable-sodium literature formula. Useful when papers report Nax phases instead of a fully sodiated formula.,True,search_if_needed,naxco(co3)(po4) sodium ion battery cathode,False,not_checked,not_checked,,,,,,,,,,,,,not_checked,,,,,,True,"Prefer primary experimental sodium-ion cathode papers. If none, accept exact/near-exact computed papers. Use reviews only as background. Never claim this validates the MP record.",Only mark no_relevant_literature_found for this exact query after checking it. Do not conclude the whole candidate has no literature unless several A/B/C queries fail.
Q0046,Na_candidate_07,7,Na0-2CoP2O7,Na2CoP2O7,CoP2O7,polyanion_phosphate_like,Co-O-P,_exact_formula_sodium_ion,1,A_try_first,Google Scholar,Na2CoP2O7 sodium ion battery cathode,https://scholar.google.com/scholar?q=Na2CoP2O7+sodium+ion+battery+cathode,Search-friendly discharged formula. Uses grouped/expanded anion notation when needed; no strict quotes to tolerate formatting differences.,True,search_this_first,na2cop2o7 sodium ion battery cathode,False,not_checked,not_checked,,,,,,,,,,,,,not_checked,,,,,,True,"Prefer primary experimental sodium-ion cathode papers. If none, accept exact/near-exact computed papers. Use reviews only as background. Never claim this validates the MP record.",Only mark no_relevant_literature_found for this exact query after checking it. Do not conclude the whole candidate has no literature unless several A/B/C queries fail.
Q0047,Na_candidate_07,7,Na0-2CoP2O7,Na2CoP2O7,CoP2O7,polyanion_phosphate_like,Co-O-P,_exact_formula_electrode,2,A_try_first,Google Scholar,Na2CoP2O7 electrode cathode,https://scholar.google.com/scholar?q=Na2CoP2O7+electrode+cathode,Search-friendly discharged formula with electrode/cathode words.,True,search_this_first,na2cop2o7 electrode cathode,False,not_checked,not_checked,,,,,,,,,,,,,not_checked,,,,,,True,"Prefer primary experimental sodium-ion cathode papers. If none, accept exact/near-exact computed papers. Use reviews only as background. Never claim this validates the MP record.",Only mark no_relevant_literature_found for this exact query after checking it. Do not conclude the whole candidate has no literature unless several A/B/C queries fail.
Q0048,Na_candidate_07,7,Na0-2CoP2O7,Na2CoP2O7,CoP2O7,polyanion_phosphate_like,Co-O-P,quoted_literature_formula,3,B_try_second,Google Scholar,"""Na2CoP2O7"" sodium ion battery cathode",https://scholar.google.com/scholar?q=%22Na2CoP2O7%22+sodium+ion+battery+cathode,Quoted formula query. Use after the unquoted query; quotes can miss papers using subscripts/spaces.,True,search_if_needed,"""na2cop2o7"" sodium ion battery cathode",False,not_checked,not_checked,,,,,,,,,,,,,not_checked,,,,,,True,"Prefer primary experimental sodium-ion cathode papers. If none, accept exact/near-exact computed papers. Use reviews only as background. Never claim this validates the MP record.",Only mark no_relevant_literature_found for this exact query after checking it. Do not conclude the whole candidate has no literature unless several A/B/C queries fail.
Q0049,Na_candidate_07,7,Na0-2CoP2O7,Na2CoP2O7,CoP2O7,polyanion_phosphate_like,Co-O-P,variable_sodium_literature_formula,4,B_try_second,Google Scholar,NaxCoP2O7 sodium ion battery cathode,https://scholar.google.com/scholar?q=NaxCoP2O7+sodium+ion+battery+cathode,Variable-sodium literature formula. Useful when papers report Nax phases instead of a fully sodiated formula.,True,search_if_needed,naxcop2o7 sodium ion battery cathode,False,not_checked,not_checked,,,,,,,,,,,,,not_checked,,,,,,True,"Prefer primary experimental sodium-ion cathode papers. If none, accept exact/near-exact computed papers. Use reviews only as background. Never claim this validates the MP record.",Only mark no_relevant_literature_found for this exact query after checking it. Do not conclude the whole candidate has no literature unless several A/B/C queries fail.
Q0050,Na_candidate_07,7,Na0-2CoP2O7,Na2CoP2O7,CoP2O7,polyanion_phosphate_like,Co-O-P,_framework_formula,5,B_try_second,Google Scholar,CoP2O7 sodium ion battery cathode,https://scholar.google.com/scholar?q=CoP2O7+sodium+ion+battery+cathode,"Framework-level search-friendly formula. This is analogue evidence, not exact formula validation.",True,search_if_needed,cop2o7 sodium ion battery cathode,False,not_checked,not_checked,,,,,,,,,,,,,not_checked,,,,,,True,"Prefer primary experimental sodium-ion cathode papers. If none, accept exact/near-exact computed papers. Use reviews only as background. Never claim this validates the MP record.",Only mark no_relevant_literature_found for this exact query after checking it. Do not conclude the whole candidate has no literature unless several A/B/C queries fail.
Q0051,Na_candidate_07,7,Na0-2CoP2O7,Na2CoP2O7,CoP2O7,polyanion_phosphate_like,Co-O-P,material_phrase_pyrophosphate,6,C_broad_fallback,Google Scholar,sodium cobalt pyrophosphate cathode,https://scholar.google.com/scholar?q=sodium+cobalt+pyrophosphate+cathode,Material-name or family-name query. Use to find papers that do not write the exact formula in the title/abstract.,True,search_if_needed,sodium cobalt pyrophosphate cathode,False,not_checked,not_checked,,,,,,,,,,,,,not_checked,,,,,,True,"Prefer primary experimental sodium-ion cathode papers. If none, accept exact/near-exact computed papers. Use reviews only as background. Never claim this validates the MP record.",Only mark no_relevant_literature_found for this exact query after checking it. Do not conclude the whole candidate has no literature unless several A/B/C queries fail.
Q0052,Na_candidate_07,7,Na0-2CoP2O7,Na2CoP2O7,CoP2O7,polyanion_phosphate_like,Co-O-P,material_phrase_phosphate,7,C_broad_fallback,Google Scholar,sodium cobalt phosphate cathode,https://scholar.google.com/scholar?q=sodium+cobalt+phosphate+cathode,Material-name or family-name query. Use to find papers that do not write the exact formula in the title/abstract.,True,search_if_needed,sodium cobalt phosphate cathode,False,not_checked,not_checked,,,,,,,,,,,,,not_checked,,,,,,True,"Prefer primary experimental sodium-ion cathode papers. If none, accept exact/near-exact computed papers. Use reviews only as background. Never claim this validates the MP record.",Only mark no_relevant_literature_found for this exact query after checking it. Do not conclude the whole candidate has no literature unless several A/B/C queries fail.
Q0053,Na_candidate_07,7,Na0-2CoP2O7,Na2CoP2O7,CoP2O7,polyanion_phosphate_like,Co-O-P,broad_family_polyanion,8,C_broad_fallback,Google Scholar,polyanion phosphate sodium ion battery cathode,https://scholar.google.com/scholar?q=polyanion+phosphate+sodium+ion+battery+cathode,Material-name or family-name query. Use to find papers that do not write the exact formula in the title/abstract.,True,search_if_needed,polyanion phosphate sodium ion battery cathode,False,not_checked,not_checked,,,,,,,,,,,,,not_checked,,,,,,True,"Prefer primary experimental sodium-ion cathode papers. If none, accept exact/near-exact computed papers. Use reviews only as background. Never claim this validates the MP record.",Only mark no_relevant_literature_found for this exact query after checking it. Do not conclude the whole candidate has no literature unless several A/B/C queries fail.
Q0054,Na_candidate_08,8,Na0-2MnPO4F,Na2MnPO4F,MnPO4F,polyanion_phosphate_like,F-Mn-O-P,_exact_formula_sodium_ion,1,A_try_first,Google Scholar,Na2MnPO4F sodium ion battery cathode,https://scholar.google.com/scholar?q=Na2MnPO4F+sodium+ion+battery+cathode,Search-friendly discharged formula. Uses grouped/expanded anion notation when needed; no strict quotes to tolerate formatting differences.,True,search_this_first,na2mnpo4f sodium ion battery cathode,False,not_checked,not_checked,,,,,,,,,,,,,not_checked,,,,,,True,"Prefer primary experimental sodium-ion cathode papers. If none, accept exact/near-exact computed papers. Use reviews only as background. Never claim this validates the MP record.",Only mark no_relevant_literature_found for this exact query after checking it. Do not conclude the whole candidate has no literature unless several A/B/C queries fail.
Q0055,Na_candidate_08,8,Na0-2MnPO4F,Na2MnPO4F,MnPO4F,polyanion_phosphate_like,F-Mn-O-P,_exact_formula_electrode,2,A_try_first,Google Scholar,Na2MnPO4F electrode cathode,https://scholar.google.com/scholar?q=Na2MnPO4F+electrode+cathode,Search-friendly discharged formula with electrode/cathode words.,True,search_this_first,na2mnpo4f electrode cathode,False,not_checked,not_checked,,,,,,,,,,,,,not_checked,,,,,,True,"Prefer primary experimental sodium-ion cathode papers. If none, accept exact/near-exact computed papers. Use reviews only as background. Never claim this validates the MP record.",Only mark no_relevant_literature_found for this exact query after checking it. Do not conclude the whole candidate has no literature unless several A/B/C queries fail.
Q0056,Na_candidate_08,8,Na0-2MnPO4F,Na2MnPO4F,MnPO4F,polyanion_phosphate_like,F-Mn-O-P,quoted_literature_formula,3,B_try_second,Google Scholar,"""Na2MnPO4F"" sodium ion battery cathode",https://scholar.google.com/scholar?q=%22Na2MnPO4F%22+sodium+ion+battery+cathode,Quoted formula query. Use after the unquoted query; quotes can miss papers using subscripts/spaces.,True,search_if_needed,"""na2mnpo4f"" sodium ion battery cathode",False,not_checked,not_checked,,,,,,,,,,,,,not_checked,,,,,,True,"Prefer primary experimental sodium-ion cathode papers. If none, accept exact/near-exact computed papers. Use reviews only as background. Never claim this validates the MP record.",Only mark no_relevant_literature_found for this exact query after checking it. Do not conclude the whole candidate has no literature unless several A/B/C queries fail.
Q0057,Na_candidate_08,8,Na0-2MnPO4F,Na2MnPO4F,MnPO4F,polyanion_phosphate_like,F-Mn-O-P,variable_sodium_literature_formula,4,B_try_second,Google Scholar,NaxMnPO4F sodium ion battery cathode,https://scholar.google.com/scholar?q=NaxMnPO4F+sodium+ion+battery+cathode,Variable-sodium literature formula. Useful when papers report Nax phases instead of a fully sodiated formula.,True,search_if_needed,naxmnpo4f sodium ion battery cathode,False,not_checked,not_checked,,,,,,,,,,,,,not_checked,,,,,,True,"Prefer primary experimental sodium-ion cathode papers. If none, accept exact/near-exact computed papers. Use reviews only as background. Never claim this validates the MP record.",Only mark no_relevant_literature_found for this exact query after checking it. Do not conclude the whole candidate has no literature unless several A/B/C queries fail.
Q0058,Na_candidate_08,8,Na0-2MnPO4F,Na2MnPO4F,MnPO4F,polyanion_phosphate_like,F-Mn-O-P,_framework_formula,5,B_try_second,Google Scholar,MnPO4F sodium ion battery cathode,https://scholar.google.com/scholar?q=MnPO4F+sodium+ion+battery+cathode,"Framework-level search-friendly formula. This is analogue evidence, not exact formula validation.",True,search_if_needed,mnpo4f sodium ion battery cathode,False,not_checked,not_checked,,,,,,,,,,,,,not_checked,,,,,,True,"Prefer primary experimental sodium-ion cathode papers. If none, accept exact/near-exact computed papers. Use reviews only as background. Never claim this validates the MP record.",Only mark no_relevant_literature_found for this exact query after checking it. Do not conclude the whole candidate has no literature unless several A/B/C queries fail.
Q0059,Na_candidate_08,8,Na0-2MnPO4F,Na2MnPO4F,MnPO4F,polyanion_phosphate_like,F-Mn-O-P,material_phrase_fluorophosphate,6,C_broad_fallback,Google Scholar,sodium manganese fluorophosphate cathode,https://scholar.google.com/scholar?q=sodium+manganese+fluorophosphate+cathode,Material-name or family-name query. Use to find papers that do not write the exact formula in the title/abstract.,True,search_if_needed,sodium manganese fluorophosphate cathode,False,not_checked,not_checked,,,,,,,,,,,,,not_checked,,,,,,True,"Prefer primary experimental sodium-ion cathode papers. If none, accept exact/near-exact computed papers. Use reviews only as background. Never claim this validates the MP record.",Only mark no_relevant_literature_found for this exact query after checking it. Do not conclude the whole candidate has no literature unless several A/B/C queries fail.
Q0060,Na_candidate_08,8,Na0-2MnPO4F,Na2MnPO4F,MnPO4F,polyanion_phosphate_like,F-Mn-O-P,material_phrase_phosphate,7,C_broad_fallback,Google Scholar,sodium manganese phosphate cathode,https://scholar.google.com/scholar?q=sodium+manganese+phosphate+cathode,Material-name or family-name query. Use to find papers that do not write the exact formula in the title/abstract.,True,search_if_needed,sodium manganese phosphate cathode,False,not_checked,not_checked,,,,,,,,,,,,,not_checked,,,,,,True,"Prefer primary experimental sodium-ion cathode papers. If none, accept exact/near-exact computed papers. Use reviews only as background. Never claim this validates the MP record.",Only mark no_relevant_literature_found for this exact query after checking it. Do not conclude the whole candidate has no literature unless several A/B/C queries fail.
Q0061,Na_candidate_08,8,Na0-2MnPO4F,Na2MnPO4F,MnPO4F,polyanion_phosphate_like,F-Mn-O-P,broad_family_polyanion,8,C_broad_fallback,Google Scholar,polyanion phosphate sodium ion battery cathode,https://scholar.google.com/scholar?q=polyanion+phosphate+sodium+ion+battery+cathode,Material-name or family-name query. Use to find papers that do not write the exact formula in the title/abstract.,True,search_if_needed,polyanion phosphate sodium ion battery cathode,False,not_checked,not_checked,,,,,,,,,,,,,not_checked,,,,,,True,"Prefer primary experimental sodium-ion cathode papers. If none, accept exact/near-exact computed papers. Use reviews only as background. Never claim this validates the MP record.",Only mark no_relevant_literature_found for this exact query after checking it. Do not conclude the whole candidate has no literature unless several A/B/C queries fail.
Q0062,Na_candidate_09,9,Na0-2FeCSO7,Na2FeCSO7,FeCSO7,sulfate_or_sulfur_oxoanion_like,C-Fe-O-S,_exact_formula_sodium_ion,1,A_try_first,Google Scholar,Na2FeCO3SO4 sodium ion battery cathode,https://scholar.google.com/scholar?q=Na2FeCO3SO4+sodium+ion+battery+cathode,Search-friendly discharged formula. Uses grouped/expanded anion notation when needed; no strict quotes to tolerate formatting differences.,True,search_this_first,na2feco3so4 sodium ion battery cathode,False,not_checked,not_checked,,,,,,,,,,,,,not_checked,,,,,,True,"Prefer primary experimental sodium-ion cathode papers. If none, accept exact/near-exact computed papers. Use reviews only as background. Never claim this validates the MP record.",Only mark no_relevant_literature_found for this exact query after checking it. Do not conclude the whole candidate has no literature unless several A/B/C queries fail.
Q0063,Na_candidate_09,9,Na0-2FeCSO7,Na2FeCSO7,FeCSO7,sulfate_or_sulfur_oxoanion_like,C-Fe-O-S,_exact_formula_electrode,2,A_try_first,Google Scholar,Na2FeCO3SO4 electrode cathode,https://scholar.google.com/scholar?q=Na2FeCO3SO4+electrode+cathode,Search-friendly discharged formula with electrode/cathode words.,True,search_this_first,na2feco3so4 electrode cathode,False,not_checked,not_checked,,,,,,,,,,,,,not_checked,,,,,,True,"Prefer primary experimental sodium-ion cathode papers. If none, accept exact/near-exact computed papers. Use reviews only as background. Never claim this validates the MP record.",Only mark no_relevant_literature_found for this exact query after checking it. Do not conclude the whole candidate has no literature unless several A/B/C queries fail.
Q0064,Na_candidate_09,9,Na0-2FeCSO7,Na2FeCSO7,FeCSO7,sulfate_or_sulfur_oxoanion_like,C-Fe-O-S,_exact_formula_sodium_ion,3,A_try_first,Google Scholar,Na2Fe(CO3)(SO4) sodium ion battery cathode,https://scholar.google.com/scholar?q=Na2Fe%28CO3%29%28SO4%29+sodium+ion+battery+cathode,Search-friendly discharged formula. Uses grouped/expanded anion notation when needed; no strict quotes to tolerate formatting differences.,True,search_this_first,na2fe(co3)(so4) sodium ion battery cathode,False,not_checked,not_checked,,,,,,,,,,,,,not_checked,,,,,,True,"Prefer primary experimental sodium-ion cathode papers. If none, accept exact/near-exact computed papers. Use reviews only as background. Never claim this validates the MP record.",Only mark no_relevant_literature_found for this exact query after checking it. Do not conclude the whole candidate has no literature unless several A/B/C queries fail.
Q0065,Na_candidate_09,9,Na0-2FeCSO7,Na2FeCSO7,FeCSO7,sulfate_or_sulfur_oxoanion_like,C-Fe-O-S,_exact_formula_electrode,4,A_try_first,Google Scholar,Na2Fe(CO3)(SO4) electrode cathode,https://scholar.google.com/scholar?q=Na2Fe%28CO3%29%28SO4%29+electrode+cathode,Search-friendly discharged formula with electrode/cathode words.,True,search_this_first,na2fe(co3)(so4) electrode cathode,False,not_checked,not_checked,,,,,,,,,,,,,not_checked,,,,,,True,"Prefer primary experimental sodium-ion cathode papers. If none, accept exact/near-exact computed papers. Use reviews only as background. Never claim this validates the MP record.",Only mark no_relevant_literature_found for this exact query after checking it. Do not conclude the whole candidate has no literature unless several A/B/C queries fail.
Q0066,Na_candidate_09,9,Na0-2FeCSO7,Na2FeCSO7,FeCSO7,sulfate_or_sulfur_oxoanion_like,C-Fe-O-S,_exact_formula_sodium_ion,5,A_try_first,Google Scholar,Na2Fe(SO4)(CO3) sodium ion battery cathode,https://scholar.google.com/scholar?q=Na2Fe%28SO4%29%28CO3%29+sodium+ion+battery+cathode,Search-friendly discharged formula. Uses grouped/expanded anion notation when needed; no strict quotes to tolerate formatting differences.,True,search_this_first,na2fe(so4)(co3) sodium ion battery cathode,False,not_checked,not_checked,,,,,,,,,,,,,not_checked,,,,,,True,"Prefer primary experimental sodium-ion cathode papers. If none, accept exact/near-exact computed papers. Use reviews only as background. Never claim this validates the MP record.",Only mark no_relevant_literature_found for this exact query after checking it. Do not conclude the whole candidate has no literature unless several A/B/C queries fail.
Q0067,Na_candidate_09,9,Na0-2FeCSO7,Na2FeCSO7,FeCSO7,sulfate_or_sulfur_oxoanion_like,C-Fe-O-S,_exact_formula_electrode,6,A_try_first,Google Scholar,Na2Fe(SO4)(CO3) electrode cathode,https://scholar.google.com/scholar?q=Na2Fe%28SO4%29%28CO3%29+electrode+cathode,Search-friendly discharged formula with electrode/cathode words.,True,search_this_first,na2fe(so4)(co3) electrode cathode,False,not_checked,not_checked,,,,,,,,,,,,,not_checked,,,,,,True,"Prefer primary experimental sodium-ion cathode papers. If none, accept exact/near-exact computed papers. Use reviews only as background. Never claim this validates the MP record.",Only mark no_relevant_literature_found for this exact query after checking it. Do not conclude the whole candidate has no literature unless several A/B/C queries fail.
Q0068,Na_candidate_09,9,Na0-2FeCSO7,Na2FeCSO7,FeCSO7,sulfate_or_sulfur_oxoanion_like,C-Fe-O-S,quoted_literature_formula,7,B_try_second,Google Scholar,"""Na2FeCO3SO4"" sodium ion battery cathode",https://scholar.google.com/scholar?q=%22Na2FeCO3SO4%22+sodium+ion+battery+cathode,Quoted formula query. Use after the unquoted query; quotes can miss papers using subscripts/spaces.,True,search_if_needed,"""na2feco3so4"" sodium ion battery cathode",False,not_checked,not_checked,,,,,,,,,,,,,not_checked,,,,,,True,"Prefer primary experimental sodium-ion cathode papers. If none, accept exact/near-exact computed papers. Use reviews only as background. Never claim this validates the MP record.",Only mark no_relevant_literature_found for this exact query after checking it. Do not conclude the whole candidate has no literature unless several A/B/C queries fail.
Q0069,Na_candidate_09,9,Na0-2FeCSO7,Na2FeCSO7,FeCSO7,sulfate_or_sulfur_oxoanion_like,C-Fe-O-S,quoted_literature_formula,8,B_try_second,Google Scholar,"""Na2Fe(CO3)(SO4)"" sodium ion battery cathode",https://scholar.google.com/scholar?q=%22Na2Fe%28CO3%29%28SO4%29%22+sodium+ion+battery+cathode,Quoted formula query. Use after the unquoted query; quotes can miss papers using subscripts/spaces.,True,search_if_needed,"""na2fe(co3)(so4)"" sodium ion battery cathode",False,not_checked,not_checked,,,,,,,,,,,,,not_checked,,,,,,True,"Prefer primary experimental sodium-ion cathode papers. If none, accept exact/near-exact computed papers. Use reviews only as background. Never claim this validates the MP record.",Only mark no_relevant_literature_found for this exact query after checking it. Do not conclude the whole candidate has no literature unless several A/B/C queries fail.
Q0070,Na_candidate_09,9,Na0-2FeCSO7,Na2FeCSO7,FeCSO7,sulfate_or_sulfur_oxoanion_like,C-Fe-O-S,variable_sodium_literature_formula,9,B_try_second,Google Scholar,NaxFeCO3SO4 sodium ion battery cathode,https://scholar.google.com/scholar?q=NaxFeCO3SO4+sodium+ion+battery+cathode,Variable-sodium literature formula. Useful when papers report Nax phases instead of a fully sodiated formula.,True,search_if_needed,naxfeco3so4 sodium ion battery cathode,False,not_checked,not_checked,,,,,,,,,,,,,not_checked,,,,,,True,"Prefer primary experimental sodium-ion cathode papers. If none, accept exact/near-exact computed papers. Use reviews only as background. Never claim this validates the MP record.",Only mark no_relevant_literature_found for this exact query after checking it. Do not conclude the whole candidate has no literature unless several A/B/C queries fail.
Q0071,Na_candidate_09,9,Na0-2FeCSO7,Na2FeCSO7,FeCSO7,sulfate_or_sulfur_oxoanion_like,C-Fe-O-S,variable_sodium_literature_formula,10,B_try_second,Google Scholar,NaxFe(CO3)(SO4) sodium ion battery cathode,https://scholar.google.com/scholar?q=NaxFe%28CO3%29%28SO4%29+sodium+ion+battery+cathode,Variable-sodium literature formula. Useful when papers report Nax phases instead of a fully sodiated formula.,True,search_if_needed,naxfe(co3)(so4) sodium ion battery cathode,False,not_checked,not_checked,,,,,,,,,,,,,not_checked,,,,,,True,"Prefer primary experimental sodium-ion cathode papers. If none, accept exact/near-exact computed papers. Use reviews only as background. Never claim this validates the MP record.",Only mark no_relevant_literature_found for this exact query after checking it. Do not conclude the whole candidate has no literature unless several A/B/C queries fail.
Q0072,Na_candidate_10,10,Na1-3FePCO7,Na3FePCO7,FePCO7,polyanion_phosphate_like,C-Fe-O-P,_exact_formula_sodium_ion,1,A_try_first,Google Scholar,Na3FePO4CO3 sodium ion battery cathode,https://scholar.google.com/scholar?q=Na3FePO4CO3+sodium+ion+battery+cathode,Search-friendly discharged formula. Uses grouped/expanded anion notation when needed; no strict quotes to tolerate formatting differences.,True,search_this_first,na3fepo4co3 sodium ion battery cathode,False,not_checked,not_checked,,,,,,,,,,,,,not_checked,,,,,,True,"Prefer primary experimental sodium-ion cathode papers. If none, accept exact/near-exact computed papers. Use reviews only as background. Never claim this validates the MP record.",Only mark no_relevant_literature_found for this exact query after checking it. Do not conclude the whole candidate has no literature unless several A/B/C queries fail.
Q0073,Na_candidate_10,10,Na1-3FePCO7,Na3FePCO7,FePCO7,polyanion_phosphate_like,C-Fe-O-P,_exact_formula_electrode,2,A_try_first,Google Scholar,Na3FePO4CO3 electrode cathode,https://scholar.google.com/scholar?q=Na3FePO4CO3+electrode+cathode,Search-friendly discharged formula with electrode/cathode words.,True,search_this_first,na3fepo4co3 electrode cathode,False,not_checked,not_checked,,,,,,,,,,,,,not_checked,,,,,,True,"Prefer primary experimental sodium-ion cathode papers. If none, accept exact/near-exact computed papers. Use reviews only as background. Never claim this validates the MP record.",Only mark no_relevant_literature_found for this exact query after checking it. Do not conclude the whole candidate has no literature unless several A/B/C queries fail.
Q0074,Na_candidate_10,10,Na1-3FePCO7,Na3FePCO7,FePCO7,polyanion_phosphate_like,C-Fe-O-P,_exact_formula_sodium_ion,3,A_try_first,Google Scholar,Na3Fe(CO3)(PO4) sodium ion battery cathode,https://scholar.google.com/scholar?q=Na3Fe%28CO3%29%28PO4%29+sodium+ion+battery+cathode,Search-friendly discharged formula. Uses grouped/expanded anion notation when needed; no strict quotes to tolerate formatting differences.,True,search_this_first,na3fe(co3)(po4) sodium ion battery cathode,False,not_checked,not_checked,,,,,,,,,,,,,not_checked,,,,,,True,"Prefer primary experimental sodium-ion cathode papers. If none, accept exact/near-exact computed papers. Use reviews only as background. Never claim this validates the MP record.",Only mark no_relevant_literature_found for this exact query after checking it. Do not conclude the whole candidate has no literature unless several A/B/C queries fail.
Q0075,Na_candidate_10,10,Na1-3FePCO7,Na3FePCO7,FePCO7,polyanion_phosphate_like,C-Fe-O-P,_exact_formula_electrode,4,A_try_first,Google Scholar,Na3Fe(CO3)(PO4) electrode cathode,https://scholar.google.com/scholar?q=Na3Fe%28CO3%29%28PO4%29+electrode+cathode,Search-friendly discharged formula with electrode/cathode words.,True,search_this_first,na3fe(co3)(po4) electrode cathode,False,not_checked,not_checked,,,,,,,,,,,,,not_checked,,,,,,True,"Prefer primary experimental sodium-ion cathode papers. If none, accept exact/near-exact computed papers. Use reviews only as background. Never claim this validates the MP record.",Only mark no_relevant_literature_found for this exact query after checking it. Do not conclude the whole candidate has no literature unless several A/B/C queries fail.
Q0076,Na_candidate_10,10,Na1-3FePCO7,Na3FePCO7,FePCO7,polyanion_phosphate_like,C-Fe-O-P,_exact_formula_sodium_ion,5,A_try_first,Google Scholar,Na3Fe(PO4)(CO3) sodium ion battery cathode,https://scholar.google.com/scholar?q=Na3Fe%28PO4%29%28CO3%29+sodium+ion+battery+cathode,Search-friendly discharged formula. Uses grouped/expanded anion notation when needed; no strict quotes to tolerate formatting differences.,True,search_this_first,na3fe(po4)(co3) sodium ion battery cathode,False,not_checked,not_checked,,,,,,,,,,,,,not_checked,,,,,,True,"Prefer primary experimental sodium-ion cathode papers. If none, accept exact/near-exact computed papers. Use reviews only as background. Never claim this validates the MP record.",Only mark no_relevant_literature_found for this exact query after checking it. Do not conclude the whole candidate has no literature unless several A/B/C queries fail.
Q0077,Na_candidate_10,10,Na1-3FePCO7,Na3FePCO7,FePCO7,polyanion_phosphate_like,C-Fe-O-P,_exact_formula_electrode,6,A_try_first,Google Scholar,Na3Fe(PO4)(CO3) electrode cathode,https://scholar.google.com/scholar?q=Na3Fe%28PO4%29%28CO3%29+electrode+cathode,Search-friendly discharged formula with electrode/cathode words.,True,search_this_first,na3fe(po4)(co3) electrode cathode,False,not_checked,not_checked,,,,,,,,,,,,,not_checked,,,,,,True,"Prefer primary experimental sodium-ion cathode papers. If none, accept exact/near-exact computed papers. Use reviews only as background. Never claim this validates the MP record.",Only mark no_relevant_literature_found for this exact query after checking it. Do not conclude the whole candidate has no literature unless several A/B/C queries fail.
Q0078,Na_candidate_10,10,Na1-3FePCO7,Na3FePCO7,FePCO7,polyanion_phosphate_like,C-Fe-O-P,quoted_literature_formula,7,B_try_second,Google Scholar,"""Na3FePO4CO3"" sodium ion battery cathode",https://scholar.google.com/scholar?q=%22Na3FePO4CO3%22+sodium+ion+battery+cathode,Quoted formula query. Use after the unquoted query; quotes can miss papers using subscripts/spaces.,True,search_if_needed,"""na3fepo4co3"" sodium ion battery cathode",False,not_checked,not_checked,,,,,,,,,,,,,not_checked,,,,,,True,"Prefer primary experimental sodium-ion cathode papers. If none, accept exact/near-exact computed papers. Use reviews only as background. Never claim this validates the MP record.",Only mark no_relevant_literature_found for this exact query after checking it. Do not conclude the whole candidate has no literature unless several A/B/C queries fail.
Q0079,Na_candidate_10,10,Na1-3FePCO7,Na3FePCO7,FePCO7,polyanion_phosphate_like,C-Fe-O-P,quoted_literature_formula,8,B_try_second,Google Scholar,"""Na3Fe(CO3)(PO4)"" sodium ion battery cathode",https://scholar.google.com/scholar?q=%22Na3Fe%28CO3%29%28PO4%29%22+sodium+ion+battery+cathode,Quoted formula query. Use after the unquoted query; quotes can miss papers using subscripts/spaces.,True,search_if_needed,"""na3fe(co3)(po4)"" sodium ion battery cathode",False,not_checked,not_checked,,,,,,,,,,,,,not_checked,,,,,,True,"Prefer primary experimental sodium-ion cathode papers. If none, accept exact/near-exact computed papers. Use reviews only as background. Never claim this validates the MP record.",Only mark no_relevant_literature_found for this exact query after checking it. Do not conclude the whole candidate has no literature unless several A/B/C queries fail.
Q0080,Na_candidate_10,10,Na1-3FePCO7,Na3FePCO7,FePCO7,polyanion_phosphate_like,C-Fe-O-P,variable_sodium_literature_formula,9,B_try_second,Google Scholar,NaxFePO4CO3 sodium ion battery cathode,https://scholar.google.com/scholar?q=NaxFePO4CO3+sodium+ion+battery+cathode,Variable-sodium literature formula. Useful when papers report Nax phases instead of a fully sodiated formula.,True,search_if_needed,naxfepo4co3 sodium ion battery cathode,False,not_checked,not_checked,,,,,,,,,,,,,not_checked,,,,,,True,"Prefer primary experimental sodium-ion cathode papers. If none, accept exact/near-exact computed papers. Use reviews only as background. Never claim this validates the MP record.",Only mark no_relevant_literature_found for this exact query after checking it. Do not conclude the whole candidate has no literature unless several A/B/C queries fail.
Q0081,Na_candidate_10,10,Na1-3FePCO7,Na3FePCO7,FePCO7,polyanion_phosphate_like,C-Fe-O-P,variable_sodium_literature_formula,10,B_try_second,Google Scholar,NaxFe(CO3)(PO4) sodium ion battery cathode,https://scholar.google.com/scholar?q=NaxFe%28CO3%29%28PO4%29+sodium+ion+battery+cathode,Variable-sodium literature formula. Useful when papers report Nax phases instead of a fully sodiated formula.,True,search_if_needed,naxfe(co3)(po4) sodium ion battery cathode,False,not_checked,not_checked,,,,,,,,,,,,,not_checked,,,,,,True,"Prefer primary experimental sodium-ion cathode papers. If none, accept exact/near-exact computed papers. Use reviews only as background. Never claim this validates the MP record.",Only mark no_relevant_literature_found for this exact query after checking it. Do not conclude the whole candidate has no literature unless several A/B/C queries fail.
Q0082,Na_candidate_11,11,Na1-3MnPCO7,Na3MnPCO7,MnPCO7,polyanion_phosphate_like,C-Mn-O-P,_exact_formula_sodium_ion,1,A_try_first,Google Scholar,Na3MnPO4CO3 sodium ion battery cathode,https://scholar.google.com/scholar?q=Na3MnPO4CO3+sodium+ion+battery+cathode,Search-friendly discharged formula. Uses grouped/expanded anion notation when needed; no strict quotes to tolerate formatting differences.,True,search_this_first,na3mnpo4co3 sodium ion battery cathode,False,not_checked,not_checked,,,,,,,,,,,,,not_checked,,,,,,True,"Prefer primary experimental sodium-ion cathode papers. If none, accept exact/near-exact computed papers. Use reviews only as background. Never claim this validates the MP record.",Only mark no_relevant_literature_found for this exact query after checking it. Do not conclude the whole candidate has no literature unless several A/B/C queries fail.
Q0083,Na_candidate_11,11,Na1-3MnPCO7,Na3MnPCO7,MnPCO7,polyanion_phosphate_like,C-Mn-O-P,_exact_formula_electrode,2,A_try_first,Google Scholar,Na3MnPO4CO3 electrode cathode,https://scholar.google.com/scholar?q=Na3MnPO4CO3+electrode+cathode,Search-friendly discharged formula with electrode/cathode words.,True,search_this_first,na3mnpo4co3 electrode cathode,False,not_checked,not_checked,,,,,,,,,,,,,not_checked,,,,,,True,"Prefer primary experimental sodium-ion cathode papers. If none, accept exact/near-exact computed papers. Use reviews only as background. Never claim this validates the MP record.",Only mark no_relevant_literature_found for this exact query after checking it. Do not conclude the whole candidate has no literature unless several A/B/C queries fail.
Q0084,Na_candidate_11,11,Na1-3MnPCO7,Na3MnPCO7,MnPCO7,polyanion_phosphate_like,C-Mn-O-P,_exact_formula_sodium_ion,3,A_try_first,Google Scholar,Na3Mn(CO3)(PO4) sodium ion battery cathode,https://scholar.google.com/scholar?q=Na3Mn%28CO3%29%28PO4%29+sodium+ion+battery+cathode,Search-friendly discharged formula. Uses grouped/expanded anion notation when needed; no strict quotes to tolerate formatting differences.,True,search_this_first,na3mn(co3)(po4) sodium ion battery cathode,False,not_checked,not_checked,,,,,,,,,,,,,not_checked,,,,,,True,"Prefer primary experimental sodium-ion cathode papers. If none, accept exact/near-exact computed papers. Use reviews only as background. Never claim this validates the MP record.",Only mark no_relevant_literature_found for this exact query after checking it. Do not conclude the whole candidate has no literature unless several A/B/C queries fail.
Q0085,Na_candidate_11,11,Na1-3MnPCO7,Na3MnPCO7,MnPCO7,polyanion_phosphate_like,C-Mn-O-P,_exact_formula_electrode,4,A_try_first,Google Scholar,Na3Mn(CO3)(PO4) electrode cathode,https://scholar.google.com/scholar?q=Na3Mn%28CO3%29%28PO4%29+electrode+cathode,Search-friendly discharged formula with electrode/cathode words.,True,search_this_first,na3mn(co3)(po4) electrode cathode,False,not_checked,not_checked,,,,,,,,,,,,,not_checked,,,,,,True,"Prefer primary experimental sodium-ion cathode papers. If none, accept exact/near-exact computed papers. Use reviews only as background. Never claim this validates the MP record.",Only mark no_relevant_literature_found for this exact query after checking it. Do not conclude the whole candidate has no literature unless several A/B/C queries fail.
Q0086,Na_candidate_11,11,Na1-3MnPCO7,Na3MnPCO7,MnPCO7,polyanion_phosphate_like,C-Mn-O-P,_exact_formula_sodium_ion,5,A_try_first,Google Scholar,Na3Mn(PO4)(CO3) sodium ion battery cathode,https://scholar.google.com/scholar?q=Na3Mn%28PO4%29%28CO3%29+sodium+ion+battery+cathode,Search-friendly discharged formula. Uses grouped/expanded anion notation when needed; no strict quotes to tolerate formatting differences.,True,search_this_first,na3mn(po4)(co3) sodium ion battery cathode,False,not_checked,not_checked,,,,,,,,,,,,,not_checked,,,,,,True,"Prefer primary experimental sodium-ion cathode papers. If none, accept exact/near-exact computed papers. Use reviews only as background. Never claim this validates the MP record.",Only mark no_relevant_literature_found for this exact query after checking it. Do not conclude the whole candidate has no literature unless several A/B/C queries fail.
Q0087,Na_candidate_11,11,Na1-3MnPCO7,Na3MnPCO7,MnPCO7,polyanion_phosphate_like,C-Mn-O-P,_exact_formula_electrode,6,A_try_first,Google Scholar,Na3Mn(PO4)(CO3) electrode cathode,https://scholar.google.com/scholar?q=Na3Mn%28PO4%29%28CO3%29+electrode+cathode,Search-friendly discharged formula with electrode/cathode words.,True,search_this_first,na3mn(po4)(co3) electrode cathode,False,not_checked,not_checked,,,,,,,,,,,,,not_checked,,,,,,True,"Prefer primary experimental sodium-ion cathode papers. If none, accept exact/near-exact computed papers. Use reviews only as background. Never claim this validates the MP record.",Only mark no_relevant_literature_found for this exact query after checking it. Do not conclude the whole candidate has no literature unless several A/B/C queries fail.
Q0088,Na_candidate_11,11,Na1-3MnPCO7,Na3MnPCO7,MnPCO7,polyanion_phosphate_like,C-Mn-O-P,quoted_literature_formula,7,B_try_second,Google Scholar,"""Na3MnPO4CO3"" sodium ion battery cathode",https://scholar.google.com/scholar?q=%22Na3MnPO4CO3%22+sodium+ion+battery+cathode,Quoted formula query. Use after the unquoted query; quotes can miss papers using subscripts/spaces.,True,search_if_needed,"""na3mnpo4co3"" sodium ion battery cathode",False,not_checked,not_checked,,,,,,,,,,,,,not_checked,,,,,,True,"Prefer primary experimental sodium-ion cathode papers. If none, accept exact/near-exact computed papers. Use reviews only as background. Never claim this validates the MP record.",Only mark no_relevant_literature_found for this exact query after checking it. Do not conclude the whole candidate has no literature unless several A/B/C queries fail.
Q0089,Na_candidate_11,11,Na1-3MnPCO7,Na3MnPCO7,MnPCO7,polyanion_phosphate_like,C-Mn-O-P,quoted_literature_formula,8,B_try_second,Google Scholar,"""Na3Mn(CO3)(PO4)"" sodium ion battery cathode",https://scholar.google.com/scholar?q=%22Na3Mn%28CO3%29%28PO4%29%22+sodium+ion+battery+cathode,Quoted formula query. Use after the unquoted query; quotes can miss papers using subscripts/spaces.,True,search_if_needed,"""na3mn(co3)(po4)"" sodium ion battery cathode",False,not_checked,not_checked,,,,,,,,,,,,,not_checked,,,,,,True,"Prefer primary experimental sodium-ion cathode papers. If none, accept exact/near-exact computed papers. Use reviews only as background. Never claim this validates the MP record.",Only mark no_relevant_literature_found for this exact query after checking it. Do not conclude the whole candidate has no literature unless several A/B/C queries fail.
Q0090,Na_candidate_11,11,Na1-3MnPCO7,Na3MnPCO7,MnPCO7,polyanion_phosphate_like,C-Mn-O-P,variable_sodium_literature_formula,9,B_try_second,Google Scholar,NaxMnPO4CO3 sodium ion battery cathode,https://scholar.google.com/scholar?q=NaxMnPO4CO3+sodium+ion+battery+cathode,Variable-sodium literature formula. Useful when papers report Nax phases instead of a fully sodiated formula.,True,search_if_needed,naxmnpo4co3 sodium ion battery cathode,False,not_checked,not_checked,,,,,,,,,,,,,not_checked,,,,,,True,"Prefer primary experimental sodium-ion cathode papers. If none, accept exact/near-exact computed papers. Use reviews only as background. Never claim this validates the MP record.",Only mark no_relevant_literature_found for this exact query after checking it. Do not conclude the whole candidate has no literature unless several A/B/C queries fail.
Q0091,Na_candidate_11,11,Na1-3MnPCO7,Na3MnPCO7,MnPCO7,polyanion_phosphate_like,C-Mn-O-P,variable_sodium_literature_formula,10,B_try_second,Google Scholar,NaxMn(CO3)(PO4) sodium ion battery cathode,https://scholar.google.com/scholar?q=NaxMn%28CO3%29%28PO4%29+sodium+ion+battery+cathode,Variable-sodium literature formula. Useful when papers report Nax phases instead of a fully sodiated formula.,True,search_if_needed,naxmn(co3)(po4) sodium ion battery cathode,False,not_checked,not_checked,,,,,,,,,,,,,not_checked,,,,,,True,"Prefer primary experimental sodium-ion cathode papers. If none, accept exact/near-exact computed papers. Use reviews only as background. Never claim this validates the MP record.",Only mark no_relevant_literature_found for this exact query after checking it. Do not conclude the whole candidate has no literature unless several A/B/C queries fail.
Q0092,Na_candidate_12,12,Na0-2MnH4(SO5)2,Na2MnH4(SO5)2,MnH4(SO5)2,sulfate_or_sulfur_oxoanion_like,H-Mn-O-S,_exact_formula_sodium_ion,1,A_try_first,Google Scholar,Na2MnH4(SO5)2 sodium ion battery cathode,https://scholar.google.com/scholar?q=Na2MnH4%28SO5%292+sodium+ion+battery+cathode,Search-friendly discharged formula. Uses grouped/expanded anion notation when needed; no strict quotes to tolerate formatting differences.,True,search_this_first,na2mnh4(so5)2 sodium ion battery cathode,False,not_checked,not_checked,,,,,,,,,,,,,not_checked,,,,,,True,"Prefer primary experimental sodium-ion cathode papers. If none, accept exact/near-exact computed papers. Use reviews only as background. Never claim this validates the MP record.",Only mark no_relevant_literature_found for this exact query after checking it. Do not conclude the whole candidate has no literature unless several A/B/C queries fail.
Q0093,Na_candidate_12,12,Na0-2MnH4(SO5)2,Na2MnH4(SO5)2,MnH4(SO5)2,sulfate_or_sulfur_oxoanion_like,H-Mn-O-S,_exact_formula_electrode,2,A_try_first,Google Scholar,Na2MnH4(SO5)2 electrode cathode,https://scholar.google.com/scholar?q=Na2MnH4%28SO5%292+electrode+cathode,Search-friendly discharged formula with electrode/cathode words.,True,search_this_first,na2mnh4(so5)2 electrode cathode,False,not_checked,not_checked,,,,,,,,,,,,,not_checked,,,,,,True,"Prefer primary experimental sodium-ion cathode papers. If none, accept exact/near-exact computed papers. Use reviews only as background. Never claim this validates the MP record.",Only mark no_relevant_literature_found for this exact query after checking it. Do not conclude the whole candidate has no literature unless several A/B/C queries fail.
Q0094,Na_candidate_12,12,Na0-2MnH4(SO5)2,Na2MnH4(SO5)2,MnH4(SO5)2,sulfate_or_sulfur_oxoanion_like,H-Mn-O-S,quoted_literature_formula,3,B_try_second,Google Scholar,"""Na2MnH4(SO5)2"" sodium ion battery cathode",https://scholar.google.com/scholar?q=%22Na2MnH4%28SO5%292%22+sodium+ion+battery+cathode,Quoted formula query. Use after the unquoted query; quotes can miss papers using subscripts/spaces.,True,search_if_needed,"""na2mnh4(so5)2"" sodium ion battery cathode",False,not_checked,not_checked,,,,,,,,,,,,,not_checked,,,,,,True,"Prefer primary experimental sodium-ion cathode papers. If none, accept exact/near-exact computed papers. Use reviews only as background. Never claim this validates the MP record.",Only mark no_relevant_literature_found for this exact query after checking it. Do not conclude the whole candidate has no literature unless several A/B/C queries fail.
Q0095,Na_candidate_12,12,Na0-2MnH4(SO5)2,Na2MnH4(SO5)2,MnH4(SO5)2,sulfate_or_sulfur_oxoanion_like,H-Mn-O-S,variable_sodium_literature_formula,4,B_try_second,Google Scholar,NaxMnH4(SO5)2 sodium ion battery cathode,https://scholar.google.com/scholar?q=NaxMnH4%28SO5%292+sodium+ion+battery+cathode,Variable-sodium literature formula. Useful when papers report Nax phases instead of a fully sodiated formula.,True,search_if_needed,naxmnh4(so5)2 sodium ion battery cathode,False,not_checked,not_checked,,,,,,,,,,,,,not_checked,,,,,,True,"Prefer primary experimental sodium-ion cathode papers. If none, accept exact/near-exact computed papers. Use reviews only as background. Never claim this validates the MP record.",Only mark no_relevant_literature_found for this exact query after checking it. Do not conclude the whole candidate has no literature unless several A/B/C queries fail.
Q0096,Na_candidate_12,12,Na0-2MnH4(SO5)2,Na2MnH4(SO5)2,MnH4(SO5)2,sulfate_or_sulfur_oxoanion_like,H-Mn-O-S,_framework_formula,5,B_try_second,Google Scholar,MnH4(SO5)2 sodium ion battery cathode,https://scholar.google.com/scholar?q=MnH4%28SO5%292+sodium+ion+battery+cathode,"Framework-level search-friendly formula. This is analogue evidence, not exact formula validation.",True,search_if_needed,mnh4(so5)2 sodium ion battery cathode,False,not_checked,not_checked,,,,,,,,,,,,,not_checked,,,,,,True,"Prefer primary experimental sodium-ion cathode papers. If none, accept exact/near-exact computed papers. Use reviews only as background. Never claim this validates the MP record.",Only mark no_relevant_literature_found for this exact query after checking it. Do not conclude the whole candidate has no literature unless several A/B/C queries fail.
Q0097,Na_candidate_12,12,Na0-2MnH4(SO5)2,Na2MnH4(SO5)2,MnH4(SO5)2,sulfate_or_sulfur_oxoanion_like,H-Mn-O-S,material_phrase_sulfate,6,C_broad_fallback,Google Scholar,sodium manganese sulfate cathode,https://scholar.google.com/scholar?q=sodium+manganese+sulfate+cathode,Material-name or family-name query. Use to find papers that do not write the exact formula in the title/abstract.,True,search_if_needed,sodium manganese sulfate cathode,False,not_checked,not_checked,,,,,,,,,,,,,not_checked,,,,,,True,"Prefer primary experimental sodium-ion cathode papers. If none, accept exact/near-exact computed papers. Use reviews only as background. Never claim this validates the MP record.",Only mark no_relevant_literature_found for this exact query after checking it. Do not conclude the whole candidate has no literature unless several A/B/C queries fail.
Q0098,Na_candidate_12,12,Na0-2MnH4(SO5)2,Na2MnH4(SO5)2,MnH4(SO5)2,sulfate_or_sulfur_oxoanion_like,H-Mn-O-S,broad_family_sulfate,7,C_broad_fallback,Google Scholar,sulfate polyanion sodium ion battery cathode,https://scholar.google.com/scholar?q=sulfate+polyanion+sodium+ion+battery+cathode,Material-name or family-name query. Use to find papers that do not write the exact formula in the title/abstract.,True,search_if_needed,sulfate polyanion sodium ion battery cathode,False,not_checked,not_checked,,,,,,,,,,,,,not_checked,,,,,,True,"Prefer primary experimental sodium-ion cathode papers. If none, accept exact/near-exact computed papers. Use reviews only as background. Never claim this validates the MP record.",Only mark no_relevant_literature_found for this exact query after checking it. Do not conclude the whole candidate has no literature unless several A/B/C queries fail.
Q0099,Na_candidate_13,13,Na0-1CoPO4,NaCoPO4,CoPO4,polyanion_phosphate_like,Co-O-P,_exact_formula_sodium_ion,1,A_try_first,Google Scholar,NaCoPO4 sodium ion battery cathode,https://scholar.google.com/scholar?q=NaCoPO4+sodium+ion+battery+cathode,Search-friendly discharged formula. Uses grouped/expanded anion notation when needed; no strict quotes to tolerate formatting differences.,True,search_this_first,nacopo4 sodium ion battery cathode,False,not_checked,not_checked,,,,,,,,,,,,,not_checked,,,,,,True,"Prefer primary experimental sodium-ion cathode papers. If none, accept exact/near-exact computed papers. Use reviews only as background. Never claim this validates the MP record.",Only mark no_relevant_literature_found for this exact query after checking it. Do not conclude the whole candidate has no literature unless several A/B/C queries fail.
Q0100,Na_candidate_13,13,Na0-1CoPO4,NaCoPO4,CoPO4,polyanion_phosphate_like,Co-O-P,_exact_formula_electrode,2,A_try_first,Google Scholar,NaCoPO4 electrode cathode,https://scholar.google.com/scholar?q=NaCoPO4+electrode+cathode,Search-friendly discharged formula with electrode/cathode words.,True,search_this_first,nacopo4 electrode cathode,False,not_checked,not_checked,,,,,,,,,,,,,not_checked,,,,,,True,"Prefer primary experimental sodium-ion cathode papers. If none, accept exact/near-exact computed papers. Use reviews only as background. Never claim this validates the MP record.",Only mark no_relevant_literature_found for this exact query after checking it. Do not conclude the whole candidate has no literature unless several A/B/C queries fail.
Q0101,Na_candidate_13,13,Na0-1CoPO4,NaCoPO4,CoPO4,polyanion_phosphate_like,Co-O-P,quoted_literature_formula,3,B_try_second,Google Scholar,"""NaCoPO4"" sodium ion battery cathode",https://scholar.google.com/scholar?q=%22NaCoPO4%22+sodium+ion+battery+cathode,Quoted formula query. Use after the unquoted query; quotes can miss papers using subscripts/spaces.,True,search_if_needed,"""nacopo4"" sodium ion battery cathode",False,not_checked,not_checked,,,,,,,,,,,,,not_checked,,,,,,True,"Prefer primary experimental sodium-ion cathode papers. If none, accept exact/near-exact computed papers. Use reviews only as background. Never claim this validates the MP record.",Only mark no_relevant_literature_found for this exact query after checking it. Do not conclude the whole candidate has no literature unless several A/B/C queries fail.
Q0102,Na_candidate_13,13,Na0-1CoPO4,NaCoPO4,CoPO4,polyanion_phosphate_like,Co-O-P,variable_sodium_literature_formula,4,B_try_second,Google Scholar,NaxCoPO4 sodium ion battery cathode,https://scholar.google.com/scholar?q=NaxCoPO4+sodium+ion+battery+cathode,Variable-sodium literature formula. Useful when papers report Nax phases instead of a fully sodiated formula.,True,search_if_needed,naxcopo4 sodium ion battery cathode,False,not_checked,not_checked,,,,,,,,,,,,,not_checked,,,,,,True,"Prefer primary experimental sodium-ion cathode papers. If none, accept exact/near-exact computed papers. Use reviews only as background. Never claim this validates the MP record.",Only mark no_relevant_literature_found for this exact query after checking it. Do not conclude the whole candidate has no literature unless several A/B/C queries fail.
Q0103,Na_candidate_13,13,Na0-1CoPO4,NaCoPO4,CoPO4,polyanion_phosphate_like,Co-O-P,_framework_formula,5,B_try_second,Google Scholar,CoPO4 sodium ion battery cathode,https://scholar.google.com/scholar?q=CoPO4+sodium+ion+battery+cathode,"Framework-level search-friendly formula. This is analogue evidence, not exact formula validation.",True,search_if_needed,copo4 sodium ion battery cathode,False,not_checked,not_checked,,,,,,,,,,,,,not_checked,,,,,,True,"Prefer primary experimental sodium-ion cathode papers. If none, accept exact/near-exact computed papers. Use reviews only as background. Never claim this validates the MP record.",Only mark no_relevant_literature_found for this exact query after checking it. Do not conclude the whole candidate has no literature unless several A/B/C queries fail.
Q0104,Na_candidate_13,13,Na0-1CoPO4,NaCoPO4,CoPO4,polyanion_phosphate_like,Co-O-P,material_phrase_phosphate,6,C_broad_fallback,Google Scholar,sodium cobalt phosphate cathode,https://scholar.google.com/scholar?q=sodium+cobalt+phosphate+cathode,Material-name or family-name query. Use to find papers that do not write the exact formula in the title/abstract.,True,search_if_needed,sodium cobalt phosphate cathode,False,not_checked,not_checked,,,,,,,,,,,,,not_checked,,,,,,True,"Prefer primary experimental sodium-ion cathode papers. If none, accept exact/near-exact computed papers. Use reviews only as background. Never claim this validates the MP record.",Only mark no_relevant_literature_found for this exact query after checking it. Do not conclude the whole candidate has no literature unless several A/B/C queries fail.
Q0105,Na_candidate_13,13,Na0-1CoPO4,NaCoPO4,CoPO4,polyanion_phosphate_like,Co-O-P,broad_family_polyanion,7,C_broad_fallback,Google Scholar,polyanion phosphate sodium ion battery cathode,https://scholar.google.com/scholar?q=polyanion+phosphate+sodium+ion+battery+cathode,Material-name or family-name query. Use to find papers that do not write the exact formula in the title/abstract.,True,search_if_needed,polyanion phosphate sodium ion battery cathode,False,not_checked,not_checked,,,,,,,,,,,,,not_checked,,,,,,True,"Prefer primary experimental sodium-ion cathode papers. If none, accept exact/near-exact computed papers. Use reviews only as background. Never claim this validates the MP record.",Only mark no_relevant_literature_found for this exact query after checking it. Do not conclude the whole candidate has no literature unless several A/B/C queries fail.
Q0106,Na_candidate_14,14,Na1.5-3NiPCO7,Na3NiPCO7,NiPCO7,polyanion_phosphate_like,C-Ni-O-P,_exact_formula_sodium_ion,1,A_try_first,Google Scholar,Na3NiPO4CO3 sodium ion battery cathode,https://scholar.google.com/scholar?q=Na3NiPO4CO3+sodium+ion+battery+cathode,Search-friendly discharged formula. Uses grouped/expanded anion notation when needed; no strict quotes to tolerate formatting differences.,True,search_this_first,na3nipo4co3 sodium ion battery cathode,False,not_checked,not_checked,,,,,,,,,,,,,not_checked,,,,,,True,"Prefer primary experimental sodium-ion cathode papers. If none, accept exact/near-exact computed papers. Use reviews only as background. Never claim this validates the MP record.",Only mark no_relevant_literature_found for this exact query after checking it. Do not conclude the whole candidate has no literature unless several A/B/C queries fail.
Q0107,Na_candidate_14,14,Na1.5-3NiPCO7,Na3NiPCO7,NiPCO7,polyanion_phosphate_like,C-Ni-O-P,_exact_formula_electrode,2,A_try_first,Google Scholar,Na3NiPO4CO3 electrode cathode,https://scholar.google.com/scholar?q=Na3NiPO4CO3+electrode+cathode,Search-friendly discharged formula with electrode/cathode words.,True,search_this_first,na3nipo4co3 electrode cathode,False,not_checked,not_checked,,,,,,,,,,,,,not_checked,,,,,,True,"Prefer primary experimental sodium-ion cathode papers. If none, accept exact/near-exact computed papers. Use reviews only as background. Never claim this validates the MP record.",Only mark no_relevant_literature_found for this exact query after checking it. Do not conclude the whole candidate has no literature unless several A/B/C queries fail.
Q0108,Na_candidate_14,14,Na1.5-3NiPCO7,Na3NiPCO7,NiPCO7,polyanion_phosphate_like,C-Ni-O-P,_exact_formula_sodium_ion,3,A_try_first,Google Scholar,Na3Ni(CO3)(PO4) sodium ion battery cathode,https://scholar.google.com/scholar?q=Na3Ni%28CO3%29%28PO4%29+sodium+ion+battery+cathode,Search-friendly discharged formula. Uses grouped/expanded anion notation when needed; no strict quotes to tolerate formatting differences.,True,search_this_first,na3ni(co3)(po4) sodium ion battery cathode,False,not_checked,not_checked,,,,,,,,,,,,,not_checked,,,,,,True,"Prefer primary experimental sodium-ion cathode papers. If none, accept exact/near-exact computed papers. Use reviews only as background. Never claim this validates the MP record.",Only mark no_relevant_literature_found for this exact query after checking it. Do not conclude the whole candidate has no literature unless several A/B/C queries fail.
Q0109,Na_candidate_14,14,Na1.5-3NiPCO7,Na3NiPCO7,NiPCO7,polyanion_phosphate_like,C-Ni-O-P,_exact_formula_electrode,4,A_try_first,Google Scholar,Na3Ni(CO3)(PO4) electrode cathode,https://scholar.google.com/scholar?q=Na3Ni%28CO3%29%28PO4%29+electrode+cathode,Search-friendly discharged formula with electrode/cathode words.,True,search_this_first,na3ni(co3)(po4) electrode cathode,False,not_checked,not_checked,,,,,,,,,,,,,not_checked,,,,,,True,"Prefer primary experimental sodium-ion cathode papers. If none, accept exact/near-exact computed papers. Use reviews only as background. Never claim this validates the MP record.",Only mark no_relevant_literature_found for this exact query after checking it. Do not conclude the whole candidate has no literature unless several A/B/C queries fail.
Q0110,Na_candidate_14,14,Na1.5-3NiPCO7,Na3NiPCO7,NiPCO7,polyanion_phosphate_like,C-Ni-O-P,_exact_formula_sodium_ion,5,A_try_first,Google Scholar,Na3Ni(PO4)(CO3) sodium ion battery cathode,https://scholar.google.com/scholar?q=Na3Ni%28PO4%29%28CO3%29+sodium+ion+battery+cathode,Search-friendly discharged formula. Uses grouped/expanded anion notation when needed; no strict quotes to tolerate formatting differences.,True,search_this_first,na3ni(po4)(co3) sodium ion battery cathode,False,not_checked,not_checked,,,,,,,,,,,,,not_checked,,,,,,True,"Prefer primary experimental sodium-ion cathode papers. If none, accept exact/near-exact computed papers. Use reviews only as background. Never claim this validates the MP record.",Only mark no_relevant_literature_found for this exact query after checking it. Do not conclude the whole candidate has no literature unless several A/B/C queries fail.
Q0111,Na_candidate_14,14,Na1.5-3NiPCO7,Na3NiPCO7,NiPCO7,polyanion_phosphate_like,C-Ni-O-P,_exact_formula_electrode,6,A_try_first,Google Scholar,Na3Ni(PO4)(CO3) electrode cathode,https://scholar.google.com/scholar?q=Na3Ni%28PO4%29%28CO3%29+electrode+cathode,Search-friendly discharged formula with electrode/cathode words.,True,search_this_first,na3ni(po4)(co3) electrode cathode,False,not_checked,not_checked,,,,,,,,,,,,,not_checked,,,,,,True,"Prefer primary experimental sodium-ion cathode papers. If none, accept exact/near-exact computed papers. Use reviews only as background. Never claim this validates the MP record.",Only mark no_relevant_literature_found for this exact query after checking it. Do not conclude the whole candidate has no literature unless several A/B/C queries fail.
Q0112,Na_candidate_14,14,Na1.5-3NiPCO7,Na3NiPCO7,NiPCO7,polyanion_phosphate_like,C-Ni-O-P,quoted_literature_formula,7,B_try_second,Google Scholar,"""Na3NiPO4CO3"" sodium ion battery cathode",https://scholar.google.com/scholar?q=%22Na3NiPO4CO3%22+sodium+ion+battery+cathode,Quoted formula query. Use after the unquoted query; quotes can miss papers using subscripts/spaces.,True,search_if_needed,"""na3nipo4co3"" sodium ion battery cathode",False,not_checked,not_checked,,,,,,,,,,,,,not_checked,,,,,,True,"Prefer primary experimental sodium-ion cathode papers. If none, accept exact/near-exact computed papers. Use reviews only as background. Never claim this validates the MP record.",Only mark no_relevant_literature_found for this exact query after checking it. Do not conclude the whole candidate has no literature unless several A/B/C queries fail.
Q0113,Na_candidate_14,14,Na1.5-3NiPCO7,Na3NiPCO7,NiPCO7,polyanion_phosphate_like,C-Ni-O-P,quoted_literature_formula,8,B_try_second,Google Scholar,"""Na3Ni(CO3)(PO4)"" sodium ion battery cathode",https://scholar.google.com/scholar?q=%22Na3Ni%28CO3%29%28PO4%29%22+sodium+ion+battery+cathode,Quoted formula query. Use after the unquoted query; quotes can miss papers using subscripts/spaces.,True,search_if_needed,"""na3ni(co3)(po4)"" sodium ion battery cathode",False,not_checked,not_checked,,,,,,,,,,,,,not_checked,,,,,,True,"Prefer primary experimental sodium-ion cathode papers. If none, accept exact/near-exact computed papers. Use reviews only as background. Never claim this validates the MP record.",Only mark no_relevant_literature_found for this exact query after checking it. Do not conclude the whole candidate has no literature unless several A/B/C queries fail.
Q0114,Na_candidate_14,14,Na1.5-3NiPCO7,Na3NiPCO7,NiPCO7,polyanion_phosphate_like,C-Ni-O-P,variable_sodium_literature_formula,9,B_try_second,Google Scholar,NaxNiPO4CO3 sodium ion battery cathode,https://scholar.google.com/scholar?q=NaxNiPO4CO3+sodium+ion+battery+cathode,Variable-sodium literature formula. Useful when papers report Nax phases instead of a fully sodiated formula.,True,search_if_needed,naxnipo4co3 sodium ion battery cathode,False,not_checked,not_checked,,,,,,,,,,,,,not_checked,,,,,,True,"Prefer primary experimental sodium-ion cathode papers. If none, accept exact/near-exact computed papers. Use reviews only as background. Never claim this validates the MP record.",Only mark no_relevant_literature_found for this exact query after checking it. Do not conclude the whole candidate has no literature unless several A/B/C queries fail.
Q0115,Na_candidate_14,14,Na1.5-3NiPCO7,Na3NiPCO7,NiPCO7,polyanion_phosphate_like,C-Ni-O-P,variable_sodium_literature_formula,10,B_try_second,Google Scholar,NaxNi(CO3)(PO4) sodium ion battery cathode,https://scholar.google.com/scholar?q=NaxNi%28CO3%29%28PO4%29+sodium+ion+battery+cathode,Variable-sodium literature formula. Useful when papers report Nax phases instead of a fully sodiated formula.,True,search_if_needed,naxni(co3)(po4) sodium ion battery cathode,False,not_checked,not_checked,,,,,,,,,,,,,not_checked,,,,,,True,"Prefer primary experimental sodium-ion cathode papers. If none, accept exact/near-exact computed papers. Use reviews only as background. Never claim this validates the MP record.",Only mark no_relevant_literature_found for this exact query after checking it. Do not conclude the whole candidate has no literature unless several A/B/C queries fail.
Q0116,Na_candidate_15,15,Na0-3Cr2(PO4)3,Na3Cr2(PO4)3,Cr2(PO4)3,polyanion_phosphate_like,Cr-O-P,_exact_formula_sodium_ion,1,A_try_first,Google Scholar,Na3Cr2(PO4)3 sodium ion battery cathode,https://scholar.google.com/scholar?q=Na3Cr2%28PO4%293+sodium+ion+battery+cathode,Search-friendly discharged formula. Uses grouped/expanded anion notation when needed; no strict quotes to tolerate formatting differences.,True,search_this_first,na3cr2(po4)3 sodium ion battery cathode,False,not_checked,not_checked,,,,,,,,,,,,,not_checked,,,,,,True,"Prefer primary experimental sodium-ion cathode papers. If none, accept exact/near-exact computed papers. Use reviews only as background. Never claim this validates the MP record.",Only mark no_relevant_literature_found for this exact query after checking it. Do not conclude the whole candidate has no literature unless several A/B/C queries fail.
Q0117,Na_candidate_15,15,Na0-3Cr2(PO4)3,Na3Cr2(PO4)3,Cr2(PO4)3,polyanion_phosphate_like,Cr-O-P,_exact_formula_electrode,2,A_try_first,Google Scholar,Na3Cr2(PO4)3 electrode cathode,https://scholar.google.com/scholar?q=Na3Cr2%28PO4%293+electrode+cathode,Search-friendly discharged formula with electrode/cathode words.,True,search_this_first,na3cr2(po4)3 electrode cathode,False,not_checked,not_checked,,,,,,,,,,,,,not_checked,,,,,,True,"Prefer primary experimental sodium-ion cathode papers. If none, accept exact/near-exact computed papers. Use reviews only as background. Never claim this validates the MP record.",Only mark no_relevant_literature_found for this exact query after checking it. Do not conclude the whole candidate has no literature unless several A/B/C queries fail.
Q0118,Na_candidate_15,15,Na0-3Cr2(PO4)3,Na3Cr2(PO4)3,Cr2(PO4)3,polyanion_phosphate_like,Cr-O-P,quoted_literature_formula,3,B_try_second,Google Scholar,"""Na3Cr2(PO4)3"" sodium ion battery cathode",https://scholar.google.com/scholar?q=%22Na3Cr2%28PO4%293%22+sodium+ion+battery+cathode,Quoted formula query. Use after the unquoted query; quotes can miss papers using subscripts/spaces.,True,search_if_needed,"""na3cr2(po4)3"" sodium ion battery cathode",False,not_checked,not_checked,,,,,,,,,,,,,not_checked,,,,,,True,"Prefer primary experimental sodium-ion cathode papers. If none, accept exact/near-exact computed papers. Use reviews only as background. Never claim this validates the MP record.",Only mark no_relevant_literature_found for this exact query after checking it. Do not conclude the whole candidate has no literature unless several A/B/C queries fail.
Q0119,Na_candidate_15,15,Na0-3Cr2(PO4)3,Na3Cr2(PO4)3,Cr2(PO4)3,polyanion_phosphate_like,Cr-O-P,variable_sodium_literature_formula,4,B_try_second,Google Scholar,NaxCr2(PO4)3 sodium ion battery cathode,https://scholar.google.com/scholar?q=NaxCr2%28PO4%293+sodium+ion+battery+cathode,Variable-sodium literature formula. Useful when papers report Nax phases instead of a fully sodiated formula.,True,search_if_needed,naxcr2(po4)3 sodium ion battery cathode,False,not_checked,not_checked,,,,,,,,,,,,,not_checked,,,,,,True,"Prefer primary experimental sodium-ion cathode papers. If none, accept exact/near-exact computed papers. Use reviews only as background. Never claim this validates the MP record.",Only mark no_relevant_literature_found for this exact query after checking it. Do not conclude the whole candidate has no literature unless several A/B/C queries fail.
Q0120,Na_candidate_15,15,Na0-3Cr2(PO4)3,Na3Cr2(PO4)3,Cr2(PO4)3,polyanion_phosphate_like,Cr-O-P,_framework_formula,5,B_try_second,Google Scholar,Cr2(PO4)3 sodium ion battery cathode,https://scholar.google.com/scholar?q=Cr2%28PO4%293+sodium+ion+battery+cathode,"Framework-level search-friendly formula. This is analogue evidence, not exact formula validation.",True,search_if_needed,cr2(po4)3 sodium ion battery cathode,False,not_checked,not_checked,,,,,,,,,,,,,not_checked,,,,,,True,"Prefer primary experimental sodium-ion cathode papers. If none, accept exact/near-exact computed papers. Use reviews only as background. Never claim this validates the MP record.",Only mark no_relevant_literature_found for this exact query after checking it. Do not conclude the whole candidate has no literature unless several A/B/C queries fail.
Q0121,Na_candidate_15,15,Na0-3Cr2(PO4)3,Na3Cr2(PO4)3,Cr2(PO4)3,polyanion_phosphate_like,Cr-O-P,material_phrase_phosphate,6,C_broad_fallback,Google Scholar,sodium chromium phosphate cathode,https://scholar.google.com/scholar?q=sodium+chromium+phosphate+cathode,Material-name or family-name query. Use to find papers that do not write the exact formula in the title/abstract.,True,search_if_needed,sodium chromium phosphate cathode,False,not_checked,not_checked,,,,,,,,,,,,,not_checked,,,,,,True,"Prefer primary experimental sodium-ion cathode papers. If none, accept exact/near-exact computed papers. Use reviews only as background. Never claim this validates the MP record.",Only mark no_relevant_literature_found for this exact query after checking it. Do not conclude the whole candidate has no literature unless several A/B/C queries fail.
Q0122,Na_candidate_15,15,Na0-3Cr2(PO4)3,Na3Cr2(PO4)3,Cr2(PO4)3,polyanion_phosphate_like,Cr-O-P,broad_family_polyanion,7,C_broad_fallback,Google Scholar,polyanion phosphate sodium ion battery cathode,https://scholar.google.com/scholar?q=polyanion+phosphate+sodium+ion+battery+cathode,Material-name or family-name query. Use to find papers that do not write the exact formula in the title/abstract.,True,search_if_needed,polyanion phosphate sodium ion battery cathode,False,not_checked,not_checked,,,,,,,,,,,,,not_checked,,,,,,True,"Prefer primary experimental sodium-ion cathode papers. If none, accept exact/near-exact computed papers. Use reviews only as background. Never claim this validates the MP record.",Only mark no_relevant_literature_found for this exact query after checking it. Do not conclude the whole candidate has no literature unless several A/B/C queries fail.
Q0123,Na_candidate_16,16,Na0-2MnP2O7,Na2MnP2O7,MnP2O7,polyanion_phosphate_like,Mn-O-P,_exact_formula_sodium_ion,1,A_try_first,Google Scholar,Na2MnP2O7 sodium ion battery cathode,https://scholar.google.com/scholar?q=Na2MnP2O7+sodium+ion+battery+cathode,Search-friendly discharged formula. Uses grouped/expanded anion notation when needed; no strict quotes to tolerate formatting differences.,True,search_this_first,na2mnp2o7 sodium ion battery cathode,False,not_checked,not_checked,,,,,,,,,,,,,not_checked,,,,,,True,"Prefer primary experimental sodium-ion cathode papers. If none, accept exact/near-exact computed papers. Use reviews only as background. Never claim this validates the MP record.",Only mark no_relevant_literature_found for this exact query after checking it. Do not conclude the whole candidate has no literature unless several A/B/C queries fail.
Q0124,Na_candidate_16,16,Na0-2MnP2O7,Na2MnP2O7,MnP2O7,polyanion_phosphate_like,Mn-O-P,_exact_formula_electrode,2,A_try_first,Google Scholar,Na2MnP2O7 electrode cathode,https://scholar.google.com/scholar?q=Na2MnP2O7+electrode+cathode,Search-friendly discharged formula with electrode/cathode words.,True,search_this_first,na2mnp2o7 electrode cathode,False,not_checked,not_checked,,,,,,,,,,,,,not_checked,,,,,,True,"Prefer primary experimental sodium-ion cathode papers. If none, accept exact/near-exact computed papers. Use reviews only as background. Never claim this validates the MP record.",Only mark no_relevant_literature_found for this exact query after checking it. Do not conclude the whole candidate has no literature unless several A/B/C queries fail.
Q0125,Na_candidate_16,16,Na0-2MnP2O7,Na2MnP2O7,MnP2O7,polyanion_phosphate_like,Mn-O-P,quoted_literature_formula,3,B_try_second,Google Scholar,"""Na2MnP2O7"" sodium ion battery cathode",https://scholar.google.com/scholar?q=%22Na2MnP2O7%22+sodium+ion+battery+cathode,Quoted formula query. Use after the unquoted query; quotes can miss papers using subscripts/spaces.,True,search_if_needed,"""na2mnp2o7"" sodium ion battery cathode",False,not_checked,not_checked,,,,,,,,,,,,,not_checked,,,,,,True,"Prefer primary experimental sodium-ion cathode papers. If none, accept exact/near-exact computed papers. Use reviews only as background. Never claim this validates the MP record.",Only mark no_relevant_literature_found for this exact query after checking it. Do not conclude the whole candidate has no literature unless several A/B/C queries fail.
Q0126,Na_candidate_16,16,Na0-2MnP2O7,Na2MnP2O7,MnP2O7,polyanion_phosphate_like,Mn-O-P,variable_sodium_literature_formula,4,B_try_second,Google Scholar,NaxMnP2O7 sodium ion battery cathode,https://scholar.google.com/scholar?q=NaxMnP2O7+sodium+ion+battery+cathode,Variable-sodium literature formula. Useful when papers report Nax phases instead of a fully sodiated formula.,True,search_if_needed,naxmnp2o7 sodium ion battery cathode,False,not_checked,not_checked,,,,,,,,,,,,,not_checked,,,,,,True,"Prefer primary experimental sodium-ion cathode papers. If none, accept exact/near-exact computed papers. Use reviews only as background. Never claim this validates the MP record.",Only mark no_relevant_literature_found for this exact query after checking it. Do not conclude the whole candidate has no literature unless several A/B/C queries fail.
Q0127,Na_candidate_16,16,Na0-2MnP2O7,Na2MnP2O7,MnP2O7,polyanion_phosphate_like,Mn-O-P,_framework_formula,5,B_try_second,Google Scholar,MnP2O7 sodium ion battery cathode,https://scholar.google.com/scholar?q=MnP2O7+sodium+ion+battery+cathode,"Framework-level search-friendly formula. This is analogue evidence, not exact formula validation.",True,search_if_needed,mnp2o7 sodium ion battery cathode,False,not_checked,not_checked,,,,,,,,,,,,,not_checked,,,,,,True,"Prefer primary experimental sodium-ion cathode papers. If none, accept exact/near-exact computed papers. Use reviews only as background. Never claim this validates the MP record.",Only mark no_relevant_literature_found for this exact query after checking it. Do not conclude the whole candidate has no literature unless several A/B/C queries fail.
Q0128,Na_candidate_16,16,Na0-2MnP2O7,Na2MnP2O7,MnP2O7,polyanion_phosphate_like,Mn-O-P,material_phrase_pyrophosphate,6,C_broad_fallback,Google Scholar,sodium manganese pyrophosphate cathode,https://scholar.google.com/scholar?q=sodium+manganese+pyrophosphate+cathode,Material-name or family-name query. Use to find papers that do not write the exact formula in the title/abstract.,True,search_if_needed,sodium manganese pyrophosphate cathode,False,not_checked,not_checked,,,,,,,,,,,,,not_checked,,,,,,True,"Prefer primary experimental sodium-ion cathode papers. If none, accept exact/near-exact computed papers. Use reviews only as background. Never claim this validates the MP record.",Only mark no_relevant_literature_found for this exact query after checking it. Do not conclude the whole candidate has no literature unless several A/B/C queries fail.
Q0129,Na_candidate_16,16,Na0-2MnP2O7,Na2MnP2O7,MnP2O7,polyanion_phosphate_like,Mn-O-P,material_phrase_phosphate,7,C_broad_fallback,Google Scholar,sodium manganese phosphate cathode,https://scholar.google.com/scholar?q=sodium+manganese+phosphate+cathode,Material-name or family-name query. Use to find papers that do not write the exact formula in the title/abstract.,True,search_if_needed,sodium manganese phosphate cathode,False,not_checked,not_checked,,,,,,,,,,,,,not_checked,,,,,,True,"Prefer primary experimental sodium-ion cathode papers. If none, accept exact/near-exact computed papers. Use reviews only as background. Never claim this validates the MP record.",Only mark no_relevant_literature_found for this exact query after checking it. Do not conclude the whole candidate has no literature unless several A/B/C queries fail.
Q0130,Na_candidate_16,16,Na0-2MnP2O7,Na2MnP2O7,MnP2O7,polyanion_phosphate_like,Mn-O-P,broad_family_polyanion,8,C_broad_fallback,Google Scholar,polyanion phosphate sodium ion battery cathode,https://scholar.google.com/scholar?q=polyanion+phosphate+sodium+ion+battery+cathode,Material-name or family-name query. Use to find papers that do not write the exact formula in the title/abstract.,True,search_if_needed,polyanion phosphate sodium ion battery cathode,False,not_checked,not_checked,,,,,,,,,,,,,not_checked,,,,,,True,"Prefer primary experimental sodium-ion cathode papers. If none, accept exact/near-exact computed papers. Use reviews only as background. Never claim this validates the MP record.",Only mark no_relevant_literature_found for this exact query after checking it. Do not conclude the whole candidate has no literature unless several A/B/C queries fail.
Q0131,Na_candidate_17,17,Na1-3CoAsCO7,Na3CoAsCO7,CoAsCO7,transition_metal_oxide_like,As-C-Co-O,_exact_formula_sodium_ion,1,A_try_first,Google Scholar,Na3CoAsO4CO3 sodium ion battery cathode,https://scholar.google.com/scholar?q=Na3CoAsO4CO3+sodium+ion+battery+cathode,Search-friendly discharged formula. Uses grouped/expanded anion notation when needed; no strict quotes to tolerate formatting differences.,True,search_this_first,na3coaso4co3 sodium ion battery cathode,False,not_checked,not_checked,,,,,,,,,,,,,not_checked,,,,,,True,"Prefer primary experimental sodium-ion cathode papers. If none, accept exact/near-exact computed papers. Use reviews only as background. Never claim this validates the MP record.",Only mark no_relevant_literature_found for this exact query after checking it. Do not conclude the whole candidate has no literature unless several A/B/C queries fail.
Q0132,Na_candidate_17,17,Na1-3CoAsCO7,Na3CoAsCO7,CoAsCO7,transition_metal_oxide_like,As-C-Co-O,_exact_formula_electrode,2,A_try_first,Google Scholar,Na3CoAsO4CO3 electrode cathode,https://scholar.google.com/scholar?q=Na3CoAsO4CO3+electrode+cathode,Search-friendly discharged formula with electrode/cathode words.,True,search_this_first,na3coaso4co3 electrode cathode,False,not_checked,not_checked,,,,,,,,,,,,,not_checked,,,,,,True,"Prefer primary experimental sodium-ion cathode papers. If none, accept exact/near-exact computed papers. Use reviews only as background. Never claim this validates the MP record.",Only mark no_relevant_literature_found for this exact query after checking it. Do not conclude the whole candidate has no literature unless several A/B/C queries fail.
Q0133,Na_candidate_17,17,Na1-3CoAsCO7,Na3CoAsCO7,CoAsCO7,transition_metal_oxide_like,As-C-Co-O,_exact_formula_sodium_ion,3,A_try_first,Google Scholar,Na3Co(CO3)(AsO4) sodium ion battery cathode,https://scholar.google.com/scholar?q=Na3Co%28CO3%29%28AsO4%29+sodium+ion+battery+cathode,Search-friendly discharged formula. Uses grouped/expanded anion notation when needed; no strict quotes to tolerate formatting differences.,True,search_this_first,na3co(co3)(aso4) sodium ion battery cathode,False,not_checked,not_checked,,,,,,,,,,,,,not_checked,,,,,,True,"Prefer primary experimental sodium-ion cathode papers. If none, accept exact/near-exact computed papers. Use reviews only as background. Never claim this validates the MP record.",Only mark no_relevant_literature_found for this exact query after checking it. Do not conclude the whole candidate has no literature unless several A/B/C queries fail.
Q0134,Na_candidate_17,17,Na1-3CoAsCO7,Na3CoAsCO7,CoAsCO7,transition_metal_oxide_like,As-C-Co-O,_exact_formula_electrode,4,A_try_first,Google Scholar,Na3Co(CO3)(AsO4) electrode cathode,https://scholar.google.com/scholar?q=Na3Co%28CO3%29%28AsO4%29+electrode+cathode,Search-friendly discharged formula with electrode/cathode words.,True,search_this_first,na3co(co3)(aso4) electrode cathode,False,not_checked,not_checked,,,,,,,,,,,,,not_checked,,,,,,True,"Prefer primary experimental sodium-ion cathode papers. If none, accept exact/near-exact computed papers. Use reviews only as background. Never claim this validates the MP record.",Only mark no_relevant_literature_found for this exact query after checking it. Do not conclude the whole candidate has no literature unless several A/B/C queries fail.
Q0135,Na_candidate_17,17,Na1-3CoAsCO7,Na3CoAsCO7,CoAsCO7,transition_metal_oxide_like,As-C-Co-O,_exact_formula_sodium_ion,5,A_try_first,Google Scholar,Na3Co(AsO4)(CO3) sodium ion battery cathode,https://scholar.google.com/scholar?q=Na3Co%28AsO4%29%28CO3%29+sodium+ion+battery+cathode,Search-friendly discharged formula. Uses grouped/expanded anion notation when needed; no strict quotes to tolerate formatting differences.,True,search_this_first,na3co(aso4)(co3) sodium ion battery cathode,False,not_checked,not_checked,,,,,,,,,,,,,not_checked,,,,,,True,"Prefer primary experimental sodium-ion cathode papers. If none, accept exact/near-exact computed papers. Use reviews only as background. Never claim this validates the MP record.",Only mark no_relevant_literature_found for this exact query after checking it. Do not conclude the whole candidate has no literature unless several A/B/C queries fail.
Q0136,Na_candidate_17,17,Na1-3CoAsCO7,Na3CoAsCO7,CoAsCO7,transition_metal_oxide_like,As-C-Co-O,_exact_formula_electrode,6,A_try_first,Google Scholar,Na3Co(AsO4)(CO3) electrode cathode,https://scholar.google.com/scholar?q=Na3Co%28AsO4%29%28CO3%29+electrode+cathode,Search-friendly discharged formula with electrode/cathode words.,True,search_this_first,na3co(aso4)(co3) electrode cathode,False,not_checked,not_checked,,,,,,,,,,,,,not_checked,,,,,,True,"Prefer primary experimental sodium-ion cathode papers. If none, accept exact/near-exact computed papers. Use reviews only as background. Never claim this validates the MP record.",Only mark no_relevant_literature_found for this exact query after checking it. Do not conclude the whole candidate has no literature unless several A/B/C queries fail.
Q0137,Na_candidate_17,17,Na1-3CoAsCO7,Na3CoAsCO7,CoAsCO7,transition_metal_oxide_like,As-C-Co-O,quoted_literature_formula,7,B_try_second,Google Scholar,"""Na3CoAsO4CO3"" sodium ion battery cathode",https://scholar.google.com/scholar?q=%22Na3CoAsO4CO3%22+sodium+ion+battery+cathode,Quoted formula query. Use after the unquoted query; quotes can miss papers using subscripts/spaces.,True,search_if_needed,"""na3coaso4co3"" sodium ion battery cathode",False,not_checked,not_checked,,,,,,,,,,,,,not_checked,,,,,,True,"Prefer primary experimental sodium-ion cathode papers. If none, accept exact/near-exact computed papers. Use reviews only as background. Never claim this validates the MP record.",Only mark no_relevant_literature_found for this exact query after checking it. Do not conclude the whole candidate has no literature unless several A/B/C queries fail.
Q0138,Na_candidate_17,17,Na1-3CoAsCO7,Na3CoAsCO7,CoAsCO7,transition_metal_oxide_like,As-C-Co-O,quoted_literature_formula,8,B_try_second,Google Scholar,"""Na3Co(CO3)(AsO4)"" sodium ion battery cathode",https://scholar.google.com/scholar?q=%22Na3Co%28CO3%29%28AsO4%29%22+sodium+ion+battery+cathode,Quoted formula query. Use after the unquoted query; quotes can miss papers using subscripts/spaces.,True,search_if_needed,"""na3co(co3)(aso4)"" sodium ion battery cathode",False,not_checked,not_checked,,,,,,,,,,,,,not_checked,,,,,,True,"Prefer primary experimental sodium-ion cathode papers. If none, accept exact/near-exact computed papers. Use reviews only as background. Never claim this validates the MP record.",Only mark no_relevant_literature_found for this exact query after checking it. Do not conclude the whole candidate has no literature unless several A/B/C queries fail.
Q0139,Na_candidate_17,17,Na1-3CoAsCO7,Na3CoAsCO7,CoAsCO7,transition_metal_oxide_like,As-C-Co-O,variable_sodium_literature_formula,9,B_try_second,Google Scholar,NaxCoAsO4CO3 sodium ion battery cathode,https://scholar.google.com/scholar?q=NaxCoAsO4CO3+sodium+ion+battery+cathode,Variable-sodium literature formula. Useful when papers report Nax phases instead of a fully sodiated formula.,True,search_if_needed,naxcoaso4co3 sodium ion battery cathode,False,not_checked,not_checked,,,,,,,,,,,,,not_checked,,,,,,True,"Prefer primary experimental sodium-ion cathode papers. If none, accept exact/near-exact computed papers. Use reviews only as background. Never claim this validates the MP record.",Only mark no_relevant_literature_found for this exact query after checking it. Do not conclude the whole candidate has no literature unless several A/B/C queries fail.
Q0140,Na_candidate_17,17,Na1-3CoAsCO7,Na3CoAsCO7,CoAsCO7,transition_metal_oxide_like,As-C-Co-O,variable_sodium_literature_formula,10,B_try_second,Google Scholar,NaxCo(CO3)(AsO4) sodium ion battery cathode,https://scholar.google.com/scholar?q=NaxCo%28CO3%29%28AsO4%29+sodium+ion+battery+cathode,Variable-sodium literature formula. Useful when papers report Nax phases instead of a fully sodiated formula.,True,search_if_needed,naxco(co3)(aso4) sodium ion battery cathode,False,not_checked,not_checked,,,,,,,,,,,,,not_checked,,,,,,True,"Prefer primary experimental sodium-ion cathode papers. If none, accept exact/near-exact computed papers. Use reviews only as background. Never claim this validates the MP record.",Only mark no_relevant_literature_found for this exact query after checking it. Do not conclude the whole candidate has no literature unless several A/B/C queries fail.
Q0141,Na_candidate_18,18,Na2-6Fe2C4SO16,Na6Fe2C4SO16,Fe2C4SO16,sulfate_or_sulfur_oxoanion_like,C-Fe-O-S,_exact_formula_sodium_ion,1,A_try_first,Google Scholar,Na6Fe2(CO3)4SO4 sodium ion battery cathode,https://scholar.google.com/scholar?q=Na6Fe2%28CO3%294SO4+sodium+ion+battery+cathode,Search-friendly discharged formula. Uses grouped/expanded anion notation when needed; no strict quotes to tolerate formatting differences.,True,search_this_first,na6fe2(co3)4so4 sodium ion battery cathode,False,not_checked,not_checked,,,,,,,,,,,,,not_checked,,,,,,True,"Prefer primary experimental sodium-ion cathode papers. If none, accept exact/near-exact computed papers. Use reviews only as background. Never claim this validates the MP record.",Only mark no_relevant_literature_found for this exact query after checking it. Do not conclude the whole candidate has no literature unless several A/B/C queries fail.
Q0142,Na_candidate_18,18,Na2-6Fe2C4SO16,Na6Fe2C4SO16,Fe2C4SO16,sulfate_or_sulfur_oxoanion_like,C-Fe-O-S,_exact_formula_electrode,2,A_try_first,Google Scholar,Na6Fe2(CO3)4SO4 electrode cathode,https://scholar.google.com/scholar?q=Na6Fe2%28CO3%294SO4+electrode+cathode,Search-friendly discharged formula with electrode/cathode words.,True,search_this_first,na6fe2(co3)4so4 electrode cathode,False,not_checked,not_checked,,,,,,,,,,,,,not_checked,,,,,,True,"Prefer primary experimental sodium-ion cathode papers. If none, accept exact/near-exact computed papers. Use reviews only as background. Never claim this validates the MP record.",Only mark no_relevant_literature_found for this exact query after checking it. Do not conclude the whole candidate has no literature unless several A/B/C queries fail.
Q0143,Na_candidate_18,18,Na2-6Fe2C4SO16,Na6Fe2C4SO16,Fe2C4SO16,sulfate_or_sulfur_oxoanion_like,C-Fe-O-S,_exact_formula_sodium_ion,3,A_try_first,Google Scholar,Na6Fe2(CO3)4(SO4) sodium ion battery cathode,https://scholar.google.com/scholar?q=Na6Fe2%28CO3%294%28SO4%29+sodium+ion+battery+cathode,Search-friendly discharged formula. Uses grouped/expanded anion notation when needed; no strict quotes to tolerate formatting differences.,True,search_this_first,na6fe2(co3)4(so4) sodium ion battery cathode,False,not_checked,not_checked,,,,,,,,,,,,,not_checked,,,,,,True,"Prefer primary experimental sodium-ion cathode papers. If none, accept exact/near-exact computed papers. Use reviews only as background. Never claim this validates the MP record.",Only mark no_relevant_literature_found for this exact query after checking it. Do not conclude the whole candidate has no literature unless several A/B/C queries fail.
Q0144,Na_candidate_18,18,Na2-6Fe2C4SO16,Na6Fe2C4SO16,Fe2C4SO16,sulfate_or_sulfur_oxoanion_like,C-Fe-O-S,_exact_formula_electrode,4,A_try_first,Google Scholar,Na6Fe2(CO3)4(SO4) electrode cathode,https://scholar.google.com/scholar?q=Na6Fe2%28CO3%294%28SO4%29+electrode+cathode,Search-friendly discharged formula with electrode/cathode words.,True,search_this_first,na6fe2(co3)4(so4) electrode cathode,False,not_checked,not_checked,,,,,,,,,,,,,not_checked,,,,,,True,"Prefer primary experimental sodium-ion cathode papers. If none, accept exact/near-exact computed papers. Use reviews only as background. Never claim this validates the MP record.",Only mark no_relevant_literature_found for this exact query after checking it. Do not conclude the whole candidate has no literature unless several A/B/C queries fail.
Q0145,Na_candidate_18,18,Na2-6Fe2C4SO16,Na6Fe2C4SO16,Fe2C4SO16,sulfate_or_sulfur_oxoanion_like,C-Fe-O-S,_exact_formula_sodium_ion,5,A_try_first,Google Scholar,Na6Fe2(SO4)(CO3)4 sodium ion battery cathode,https://scholar.google.com/scholar?q=Na6Fe2%28SO4%29%28CO3%294+sodium+ion+battery+cathode,Search-friendly discharged formula. Uses grouped/expanded anion notation when needed; no strict quotes to tolerate formatting differences.,True,search_this_first,na6fe2(so4)(co3)4 sodium ion battery cathode,False,not_checked,not_checked,,,,,,,,,,,,,not_checked,,,,,,True,"Prefer primary experimental sodium-ion cathode papers. If none, accept exact/near-exact computed papers. Use reviews only as background. Never claim this validates the MP record.",Only mark no_relevant_literature_found for this exact query after checking it. Do not conclude the whole candidate has no literature unless several A/B/C queries fail.
Q0146,Na_candidate_18,18,Na2-6Fe2C4SO16,Na6Fe2C4SO16,Fe2C4SO16,sulfate_or_sulfur_oxoanion_like,C-Fe-O-S,_exact_formula_electrode,6,A_try_first,Google Scholar,Na6Fe2(SO4)(CO3)4 electrode cathode,https://scholar.google.com/scholar?q=Na6Fe2%28SO4%29%28CO3%294+electrode+cathode,Search-friendly discharged formula with electrode/cathode words.,True,search_this_first,na6fe2(so4)(co3)4 electrode cathode,False,not_checked,not_checked,,,,,,,,,,,,,not_checked,,,,,,True,"Prefer primary experimental sodium-ion cathode papers. If none, accept exact/near-exact computed papers. Use reviews only as background. Never claim this validates the MP record.",Only mark no_relevant_literature_found for this exact query after checking it. Do not conclude the whole candidate has no literature unless several A/B/C queries fail.
Q0147,Na_candidate_18,18,Na2-6Fe2C4SO16,Na6Fe2C4SO16,Fe2C4SO16,sulfate_or_sulfur_oxoanion_like,C-Fe-O-S,_exact_formula_sodium_ion,7,A_try_first,Google Scholar,Na6Fe2C4SO16 sodium ion battery cathode,https://scholar.google.com/scholar?q=Na6Fe2C4SO16+sodium+ion+battery+cathode,Search-friendly discharged formula. Uses grouped/expanded anion notation when needed; no strict quotes to tolerate formatting differences.,True,search_this_first,na6fe2c4so16 sodium ion battery cathode,False,not_checked,not_checked,,,,,,,,,,,,,not_checked,,,,,,True,"Prefer primary experimental sodium-ion cathode papers. If none, accept exact/near-exact computed papers. Use reviews only as background. Never claim this validates the MP record.",Only mark no_relevant_literature_found for this exact query after checking it. Do not conclude the whole candidate has no literature unless several A/B/C queries fail.
Q0148,Na_candidate_18,18,Na2-6Fe2C4SO16,Na6Fe2C4SO16,Fe2C4SO16,sulfate_or_sulfur_oxoanion_like,C-Fe-O-S,_exact_formula_electrode,8,A_try_first,Google Scholar,Na6Fe2C4SO16 electrode cathode,https://scholar.google.com/scholar?q=Na6Fe2C4SO16+electrode+cathode,Search-friendly discharged formula with electrode/cathode words.,True,search_this_first,na6fe2c4so16 electrode cathode,False,not_checked,not_checked,,,,,,,,,,,,,not_checked,,,,,,True,"Prefer primary experimental sodium-ion cathode papers. If none, accept exact/near-exact computed papers. Use reviews only as background. Never claim this validates the MP record.",Only mark no_relevant_literature_found for this exact query after checking it. Do not conclude the whole candidate has no literature unless several A/B/C queries fail.
Q0149,Na_candidate_18,18,Na2-6Fe2C4SO16,Na6Fe2C4SO16,Fe2C4SO16,sulfate_or_sulfur_oxoanion_like,C-Fe-O-S,quoted_literature_formula,9,B_try_second,Google Scholar,"""Na6Fe2(CO3)4SO4"" sodium ion battery cathode",https://scholar.google.com/scholar?q=%22Na6Fe2%28CO3%294SO4%22+sodium+ion+battery+cathode,Quoted formula query. Use after the unquoted query; quotes can miss papers using subscripts/spaces.,True,search_if_needed,"""na6fe2(co3)4so4"" sodium ion battery cathode",False,not_checked,not_checked,,,,,,,,,,,,,not_checked,,,,,,True,"Prefer primary experimental sodium-ion cathode papers. If none, accept exact/near-exact computed papers. Use reviews only as background. Never claim this validates the MP record.",Only mark no_relevant_literature_found for this exact query after checking it. Do not conclude the whole candidate has no literature unless several A/B/C queries fail.
Q0150,Na_candidate_18,18,Na2-6Fe2C4SO16,Na6Fe2C4SO16,Fe2C4SO16,sulfate_or_sulfur_oxoanion_like,C-Fe-O-S,quoted_literature_formula,10,B_try_second,Google Scholar,"""Na6Fe2(CO3)4(SO4)"" sodium ion battery cathode",https://scholar.google.com/scholar?q=%22Na6Fe2%28CO3%294%28SO4%29%22+sodium+ion+battery+cathode,Quoted formula query. Use after the unquoted query; quotes can miss papers using subscripts/spaces.,True,search_if_needed,"""na6fe2(co3)4(so4)"" sodium ion battery cathode",False,not_checked,not_checked,,,,,,,,,,,,,not_checked,,,,,,True,"Prefer primary experimental sodium-ion cathode papers. If none, accept exact/near-exact computed papers. Use reviews only as background. Never claim this validates the MP record.",Only mark no_relevant_literature_found for this exact query after checking it. Do not conclude the whole candidate has no literature unless several A/B/C queries fail.
Q0151,Na_candidate_19,19,Na1-3FeAsCO7,Na3FeAsCO7,FeAsCO7,transition_metal_oxide_like,As-C-Fe-O,_exact_formula_sodium_ion,1,A_try_first,Google Scholar,Na3FeAsO4CO3 sodium ion battery cathode,https://scholar.google.com/scholar?q=Na3FeAsO4CO3+sodium+ion+battery+cathode,Search-friendly discharged formula. Uses grouped/expanded anion notation when needed; no strict quotes to tolerate formatting differences.,True,search_this_first,na3feaso4co3 sodium ion battery cathode,False,not_checked,not_checked,,,,,,,,,,,,,not_checked,,,,,,True,"Prefer primary experimental sodium-ion cathode papers. If none, accept exact/near-exact computed papers. Use reviews only as background. Never claim this validates the MP record.",Only mark no_relevant_literature_found for this exact query after checking it. Do not conclude the whole candidate has no literature unless several A/B/C queries fail.
Q0152,Na_candidate_19,19,Na1-3FeAsCO7,Na3FeAsCO7,FeAsCO7,transition_metal_oxide_like,As-C-Fe-O,_exact_formula_electrode,2,A_try_first,Google Scholar,Na3FeAsO4CO3 electrode cathode,https://scholar.google.com/scholar?q=Na3FeAsO4CO3+electrode+cathode,Search-friendly discharged formula with electrode/cathode words.,True,search_this_first,na3feaso4co3 electrode cathode,False,not_checked,not_checked,,,,,,,,,,,,,not_checked,,,,,,True,"Prefer primary experimental sodium-ion cathode papers. If none, accept exact/near-exact computed papers. Use reviews only as background. Never claim this validates the MP record.",Only mark no_relevant_literature_found for this exact query after checking it. Do not conclude the whole candidate has no literature unless several A/B/C queries fail.
Q0153,Na_candidate_19,19,Na1-3FeAsCO7,Na3FeAsCO7,FeAsCO7,transition_metal_oxide_like,As-C-Fe-O,_exact_formula_sodium_ion,3,A_try_first,Google Scholar,Na3Fe(CO3)(AsO4) sodium ion battery cathode,https://scholar.google.com/scholar?q=Na3Fe%28CO3%29%28AsO4%29+sodium+ion+battery+cathode,Search-friendly discharged formula. Uses grouped/expanded anion notation when needed; no strict quotes to tolerate formatting differences.,True,search_this_first,na3fe(co3)(aso4) sodium ion battery cathode,False,not_checked,not_checked,,,,,,,,,,,,,not_checked,,,,,,True,"Prefer primary experimental sodium-ion cathode papers. If none, accept exact/near-exact computed papers. Use reviews only as background. Never claim this validates the MP record.",Only mark no_relevant_literature_found for this exact query after checking it. Do not conclude the whole candidate has no literature unless several A/B/C queries fail.
Q0154,Na_candidate_19,19,Na1-3FeAsCO7,Na3FeAsCO7,FeAsCO7,transition_metal_oxide_like,As-C-Fe-O,_exact_formula_electrode,4,A_try_first,Google Scholar,Na3Fe(CO3)(AsO4) electrode cathode,https://scholar.google.com/scholar?q=Na3Fe%28CO3%29%28AsO4%29+electrode+cathode,Search-friendly discharged formula with electrode/cathode words.,True,search_this_first,na3fe(co3)(aso4) electrode cathode,False,not_checked,not_checked,,,,,,,,,,,,,not_checked,,,,,,True,"Prefer primary experimental sodium-ion cathode papers. If none, accept exact/near-exact computed papers. Use reviews only as background. Never claim this validates the MP record.",Only mark no_relevant_literature_found for this exact query after checking it. Do not conclude the whole candidate has no literature unless several A/B/C queries fail.
Q0155,Na_candidate_19,19,Na1-3FeAsCO7,Na3FeAsCO7,FeAsCO7,transition_metal_oxide_like,As-C-Fe-O,_exact_formula_sodium_ion,5,A_try_first,Google Scholar,Na3Fe(AsO4)(CO3) sodium ion battery cathode,https://scholar.google.com/scholar?q=Na3Fe%28AsO4%29%28CO3%29+sodium+ion+battery+cathode,Search-friendly discharged formula. Uses grouped/expanded anion notation when needed; no strict quotes to tolerate formatting differences.,True,search_this_first,na3fe(aso4)(co3) sodium ion battery cathode,False,not_checked,not_checked,,,,,,,,,,,,,not_checked,,,,,,True,"Prefer primary experimental sodium-ion cathode papers. If none, accept exact/near-exact computed papers. Use reviews only as background. Never claim this validates the MP record.",Only mark no_relevant_literature_found for this exact query after checking it. Do not conclude the whole candidate has no literature unless several A/B/C queries fail.
Q0156,Na_candidate_19,19,Na1-3FeAsCO7,Na3FeAsCO7,FeAsCO7,transition_metal_oxide_like,As-C-Fe-O,_exact_formula_electrode,6,A_try_first,Google Scholar,Na3Fe(AsO4)(CO3) electrode cathode,https://scholar.google.com/scholar?q=Na3Fe%28AsO4%29%28CO3%29+electrode+cathode,Search-friendly discharged formula with electrode/cathode words.,True,search_this_first,na3fe(aso4)(co3) electrode cathode,False,not_checked,not_checked,,,,,,,,,,,,,not_checked,,,,,,True,"Prefer primary experimental sodium-ion cathode papers. If none, accept exact/near-exact computed papers. Use reviews only as background. Never claim this validates the MP record.",Only mark no_relevant_literature_found for this exact query after checking it. Do not conclude the whole candidate has no literature unless several A/B/C queries fail.
Q0157,Na_candidate_19,19,Na1-3FeAsCO7,Na3FeAsCO7,FeAsCO7,transition_metal_oxide_like,As-C-Fe-O,quoted_literature_formula,7,B_try_second,Google Scholar,"""Na3FeAsO4CO3"" sodium ion battery cathode",https://scholar.google.com/scholar?q=%22Na3FeAsO4CO3%22+sodium+ion+battery+cathode,Quoted formula query. Use after the unquoted query; quotes can miss papers using subscripts/spaces.,True,search_if_needed,"""na3feaso4co3"" sodium ion battery cathode",False,not_checked,not_checked,,,,,,,,,,,,,not_checked,,,,,,True,"Prefer primary experimental sodium-ion cathode papers. If none, accept exact/near-exact computed papers. Use reviews only as background. Never claim this validates the MP record.",Only mark no_relevant_literature_found for this exact query after checking it. Do not conclude the whole candidate has no literature unless several A/B/C queries fail.
Q0158,Na_candidate_19,19,Na1-3FeAsCO7,Na3FeAsCO7,FeAsCO7,transition_metal_oxide_like,As-C-Fe-O,quoted_literature_formula,8,B_try_second,Google Scholar,"""Na3Fe(CO3)(AsO4)"" sodium ion battery cathode",https://scholar.google.com/scholar?q=%22Na3Fe%28CO3%29%28AsO4%29%22+sodium+ion+battery+cathode,Quoted formula query. Use after the unquoted query; quotes can miss papers using subscripts/spaces.,True,search_if_needed,"""na3fe(co3)(aso4)"" sodium ion battery cathode",False,not_checked,not_checked,,,,,,,,,,,,,not_checked,,,,,,True,"Prefer primary experimental sodium-ion cathode papers. If none, accept exact/near-exact computed papers. Use reviews only as background. Never claim this validates the MP record.",Only mark no_relevant_literature_found for this exact query after checking it. Do not conclude the whole candidate has no literature unless several A/B/C queries fail.
Q0159,Na_candidate_19,19,Na1-3FeAsCO7,Na3FeAsCO7,FeAsCO7,transition_metal_oxide_like,As-C-Fe-O,variable_sodium_literature_formula,9,B_try_second,Google Scholar,NaxFeAsO4CO3 sodium ion battery cathode,https://scholar.google.com/scholar?q=NaxFeAsO4CO3+sodium+ion+battery+cathode,Variable-sodium literature formula. Useful when papers report Nax phases instead of a fully sodiated formula.,True,search_if_needed,naxfeaso4co3 sodium ion battery cathode,False,not_checked,not_checked,,,,,,,,,,,,,not_checked,,,,,,True,"Prefer primary experimental sodium-ion cathode papers. If none, accept exact/near-exact computed papers. Use reviews only as background. Never claim this validates the MP record.",Only mark no_relevant_literature_found for this exact query after checking it. Do not conclude the whole candidate has no literature unless several A/B/C queries fail.
Q0160,Na_candidate_19,19,Na1-3FeAsCO7,Na3FeAsCO7,FeAsCO7,transition_metal_oxide_like,As-C-Fe-O,variable_sodium_literature_formula,10,B_try_second,Google Scholar,NaxFe(CO3)(AsO4) sodium ion battery cathode,https://scholar.google.com/scholar?q=NaxFe%28CO3%29%28AsO4%29+sodium+ion+battery+cathode,Variable-sodium literature formula. Useful when papers report Nax phases instead of a fully sodiated formula.,True,search_if_needed,naxfe(co3)(aso4) sodium ion battery cathode,False,not_checked,not_checked,,,,,,,,,,,,,not_checked,,,,,,True,"Prefer primary experimental sodium-ion cathode papers. If none, accept exact/near-exact computed papers. Use reviews only as background. Never claim this validates the MP record.",Only mark no_relevant_literature_found for this exact query after checking it. Do not conclude the whole candidate has no literature unless several A/B/C queries fail.
Q0161,Na_candidate_20,20,Na1-3CrPCO7,Na3CrPCO7,CrPCO7,polyanion_phosphate_like,C-Cr-O-P,_exact_formula_sodium_ion,1,A_try_first,Google Scholar,Na3CrPO4CO3 sodium ion battery cathode,https://scholar.google.com/scholar?q=Na3CrPO4CO3+sodium+ion+battery+cathode,Search-friendly discharged formula. Uses grouped/expanded anion notation when needed; no strict quotes to tolerate formatting differences.,True,search_this_first,na3crpo4co3 sodium ion battery cathode,False,not_checked,not_checked,,,,,,,,,,,,,not_checked,,,,,,True,"Prefer primary experimental sodium-ion cathode papers. If none, accept exact/near-exact computed papers. Use reviews only as background. Never claim this validates the MP record.",Only mark no_relevant_literature_found for this exact query after checking it. Do not conclude the whole candidate has no literature unless several A/B/C queries fail.
Q0162,Na_candidate_20,20,Na1-3CrPCO7,Na3CrPCO7,CrPCO7,polyanion_phosphate_like,C-Cr-O-P,_exact_formula_electrode,2,A_try_first,Google Scholar,Na3CrPO4CO3 electrode cathode,https://scholar.google.com/scholar?q=Na3CrPO4CO3+electrode+cathode,Search-friendly discharged formula with electrode/cathode words.,True,search_this_first,na3crpo4co3 electrode cathode,False,not_checked,not_checked,,,,,,,,,,,,,not_checked,,,,,,True,"Prefer primary experimental sodium-ion cathode papers. If none, accept exact/near-exact computed papers. Use reviews only as background. Never claim this validates the MP record.",Only mark no_relevant_literature_found for this exact query after checking it. Do not conclude the whole candidate has no literature unless several A/B/C queries fail.
Q0163,Na_candidate_20,20,Na1-3CrPCO7,Na3CrPCO7,CrPCO7,polyanion_phosphate_like,C-Cr-O-P,_exact_formula_sodium_ion,3,A_try_first,Google Scholar,Na3Cr(CO3)(PO4) sodium ion battery cathode,https://scholar.google.com/scholar?q=Na3Cr%28CO3%29%28PO4%29+sodium+ion+battery+cathode,Search-friendly discharged formula. Uses grouped/expanded anion notation when needed; no strict quotes to tolerate formatting differences.,True,search_this_first,na3cr(co3)(po4) sodium ion battery cathode,False,not_checked,not_checked,,,,,,,,,,,,,not_checked,,,,,,True,"Prefer primary experimental sodium-ion cathode papers. If none, accept exact/near-exact computed papers. Use reviews only as background. Never claim this validates the MP record.",Only mark no_relevant_literature_found for this exact query after checking it. Do not conclude the whole candidate has no literature unless several A/B/C queries fail.
Q0164,Na_candidate_20,20,Na1-3CrPCO7,Na3CrPCO7,CrPCO7,polyanion_phosphate_like,C-Cr-O-P,_exact_formula_electrode,4,A_try_first,Google Scholar,Na3Cr(CO3)(PO4) electrode cathode,https://scholar.google.com/scholar?q=Na3Cr%28CO3%29%28PO4%29+electrode+cathode,Search-friendly discharged formula with electrode/cathode words.,True,search_this_first,na3cr(co3)(po4) electrode cathode,False,not_checked,not_checked,,,,,,,,,,,,,not_checked,,,,,,True,"Prefer primary experimental sodium-ion cathode papers. If none, accept exact/near-exact computed papers. Use reviews only as background. Never claim this validates the MP record.",Only mark no_relevant_literature_found for this exact query after checking it. Do not conclude the whole candidate has no literature unless several A/B/C queries fail.
Q0165,Na_candidate_20,20,Na1-3CrPCO7,Na3CrPCO7,CrPCO7,polyanion_phosphate_like,C-Cr-O-P,_exact_formula_sodium_ion,5,A_try_first,Google Scholar,Na3Cr(PO4)(CO3) sodium ion battery cathode,https://scholar.google.com/scholar?q=Na3Cr%28PO4%29%28CO3%29+sodium+ion+battery+cathode,Search-friendly discharged formula. Uses grouped/expanded anion notation when needed; no strict quotes to tolerate formatting differences.,True,search_this_first,na3cr(po4)(co3) sodium ion battery cathode,False,not_checked,not_checked,,,,,,,,,,,,,not_checked,,,,,,True,"Prefer primary experimental sodium-ion cathode papers. If none, accept exact/near-exact computed papers. Use reviews only as background. Never claim this validates the MP record.",Only mark no_relevant_literature_found for this exact query after checking it. Do not conclude the whole candidate has no literature unless several A/B/C queries fail.
Q0166,Na_candidate_20,20,Na1-3CrPCO7,Na3CrPCO7,CrPCO7,polyanion_phosphate_like,C-Cr-O-P,_exact_formula_electrode,6,A_try_first,Google Scholar,Na3Cr(PO4)(CO3) electrode cathode,https://scholar.google.com/scholar?q=Na3Cr%28PO4%29%28CO3%29+electrode+cathode,Search-friendly discharged formula with electrode/cathode words.,True,search_this_first,na3cr(po4)(co3) electrode cathode,False,not_checked,not_checked,,,,,,,,,,,,,not_checked,,,,,,True,"Prefer primary experimental sodium-ion cathode papers. If none, accept exact/near-exact computed papers. Use reviews only as background. Never claim this validates the MP record.",Only mark no_relevant_literature_found for this exact query after checking it. Do not conclude the whole candidate has no literature unless several A/B/C queries fail.
Q0167,Na_candidate_20,20,Na1-3CrPCO7,Na3CrPCO7,CrPCO7,polyanion_phosphate_like,C-Cr-O-P,quoted_literature_formula,7,B_try_second,Google Scholar,"""Na3CrPO4CO3"" sodium ion battery cathode",https://scholar.google.com/scholar?q=%22Na3CrPO4CO3%22+sodium+ion+battery+cathode,Quoted formula query. Use after the unquoted query; quotes can miss papers using subscripts/spaces.,True,search_if_needed,"""na3crpo4co3"" sodium ion battery cathode",False,not_checked,not_checked,,,,,,,,,,,,,not_checked,,,,,,True,"Prefer primary experimental sodium-ion cathode papers. If none, accept exact/near-exact computed papers. Use reviews only as background. Never claim this validates the MP record.",Only mark no_relevant_literature_found for this exact query after checking it. Do not conclude the whole candidate has no literature unless several A/B/C queries fail.
Q0168,Na_candidate_20,20,Na1-3CrPCO7,Na3CrPCO7,CrPCO7,polyanion_phosphate_like,C-Cr-O-P,quoted_literature_formula,8,B_try_second,Google Scholar,"""Na3Cr(CO3)(PO4)"" sodium ion battery cathode",https://scholar.google.com/scholar?q=%22Na3Cr%28CO3%29%28PO4%29%22+sodium+ion+battery+cathode,Quoted formula query. Use after the unquoted query; quotes can miss papers using subscripts/spaces.,True,search_if_needed,"""na3cr(co3)(po4)"" sodium ion battery cathode",False,not_checked,not_checked,,,,,,,,,,,,,not_checked,,,,,,True,"Prefer primary experimental sodium-ion cathode papers. If none, accept exact/near-exact computed papers. Use reviews only as background. Never claim this validates the MP record.",Only mark no_relevant_literature_found for this exact query after checking it. Do not conclude the whole candidate has no literature unless several A/B/C queries fail.
Q0169,Na_candidate_20,20,Na1-3CrPCO7,Na3CrPCO7,CrPCO7,polyanion_phosphate_like,C-Cr-O-P,variable_sodium_literature_formula,9,B_try_second,Google Scholar,NaxCrPO4CO3 sodium ion battery cathode,https://scholar.google.com/scholar?q=NaxCrPO4CO3+sodium+ion+battery+cathode,Variable-sodium literature formula. Useful when papers report Nax phases instead of a fully sodiated formula.,True,search_if_needed,naxcrpo4co3 sodium ion battery cathode,False,not_checked,not_checked,,,,,,,,,,,,,not_checked,,,,,,True,"Prefer primary experimental sodium-ion cathode papers. If none, accept exact/near-exact computed papers. Use reviews only as background. Never claim this validates the MP record.",Only mark no_relevant_literature_found for this exact query after checking it. Do not conclude the whole candidate has no literature unless several A/B/C queries fail.
Q0170,Na_candidate_20,20,Na1-3CrPCO7,Na3CrPCO7,CrPCO7,polyanion_phosphate_like,C-Cr-O-P,variable_sodium_literature_formula,10,B_try_second,Google Scholar,NaxCr(CO3)(PO4) sodium ion battery cathode,https://scholar.google.com/scholar?q=NaxCr%28CO3%29%28PO4%29+sodium+ion+battery+cathode,Variable-sodium literature formula. Useful when papers report Nax phases instead of a fully sodiated formula.,True,search_if_needed,naxcr(co3)(po4) sodium ion battery cathode,False,not_checked,not_checked,,,,,,,,,,,,,not_checked,,,,,,True,"Prefer primary experimental sodium-ion cathode papers. If none, accept exact/near-exact computed papers. Use reviews only as background. Never claim this validates the MP record.",Only mark no_relevant_literature_found for this exact query after checking it. Do not conclude the whole candidate has no literature unless several A/B/C queries fail.
Q0171,Na_candidate_21,21,Na0-6Mn3(PO4)4,Na6Mn3(PO4)4,Mn3(PO4)4,polyanion_phosphate_like,Mn-O-P,_exact_formula_sodium_ion,1,A_try_first,Google Scholar,Na6Mn3(PO4)4 sodium ion battery cathode,https://scholar.google.com/scholar?q=Na6Mn3%28PO4%294+sodium+ion+battery+cathode,Search-friendly discharged formula. Uses grouped/expanded anion notation when needed; no strict quotes to tolerate formatting differences.,True,search_this_first,na6mn3(po4)4 sodium ion battery cathode,False,not_checked,not_checked,,,,,,,,,,,,,not_checked,,,,,,True,"Prefer primary experimental sodium-ion cathode papers. If none, accept exact/near-exact computed papers. Use reviews only as background. Never claim this validates the MP record.",Only mark no_relevant_literature_found for this exact query after checking it. Do not conclude the whole candidate has no literature unless several A/B/C queries fail.
Q0172,Na_candidate_21,21,Na0-6Mn3(PO4)4,Na6Mn3(PO4)4,Mn3(PO4)4,polyanion_phosphate_like,Mn-O-P,_exact_formula_electrode,2,A_try_first,Google Scholar,Na6Mn3(PO4)4 electrode cathode,https://scholar.google.com/scholar?q=Na6Mn3%28PO4%294+electrode+cathode,Search-friendly discharged formula with electrode/cathode words.,True,search_this_first,na6mn3(po4)4 electrode cathode,False,not_checked,not_checked,,,,,,,,,,,,,not_checked,,,,,,True,"Prefer primary experimental sodium-ion cathode papers. If none, accept exact/near-exact computed papers. Use reviews only as background. Never claim this validates the MP record.",Only mark no_relevant_literature_found for this exact query after checking it. Do not conclude the whole candidate has no literature unless several A/B/C queries fail.
Q0173,Na_candidate_21,21,Na0-6Mn3(PO4)4,Na6Mn3(PO4)4,Mn3(PO4)4,polyanion_phosphate_like,Mn-O-P,quoted_literature_formula,3,B_try_second,Google Scholar,"""Na6Mn3(PO4)4"" sodium ion battery cathode",https://scholar.google.com/scholar?q=%22Na6Mn3%28PO4%294%22+sodium+ion+battery+cathode,Quoted formula query. Use after the unquoted query; quotes can miss papers using subscripts/spaces.,True,search_if_needed,"""na6mn3(po4)4"" sodium ion battery cathode",False,not_checked,not_checked,,,,,,,,,,,,,not_checked,,,,,,True,"Prefer primary experimental sodium-ion cathode papers. If none, accept exact/near-exact computed papers. Use reviews only as background. Never claim this validates the MP record.",Only mark no_relevant_literature_found for this exact query after checking it. Do not conclude the whole candidate has no literature unless several A/B/C queries fail.
Q0174,Na_candidate_21,21,Na0-6Mn3(PO4)4,Na6Mn3(PO4)4,Mn3(PO4)4,polyanion_phosphate_like,Mn-O-P,variable_sodium_literature_formula,4,B_try_second,Google Scholar,NaxMn3(PO4)4 sodium ion battery cathode,https://scholar.google.com/scholar?q=NaxMn3%28PO4%294+sodium+ion+battery+cathode,Variable-sodium literature formula. Useful when papers report Nax phases instead of a fully sodiated formula.,True,search_if_needed,naxmn3(po4)4 sodium ion battery cathode,False,not_checked,not_checked,,,,,,,,,,,,,not_checked,,,,,,True,"Prefer primary experimental sodium-ion cathode papers. If none, accept exact/near-exact computed papers. Use reviews only as background. Never claim this validates the MP record.",Only mark no_relevant_literature_found for this exact query after checking it. Do not conclude the whole candidate has no literature unless several A/B/C queries fail.
Q0175,Na_candidate_21,21,Na0-6Mn3(PO4)4,Na6Mn3(PO4)4,Mn3(PO4)4,polyanion_phosphate_like,Mn-O-P,_framework_formula,5,B_try_second,Google Scholar,Mn3(PO4)4 sodium ion battery cathode,https://scholar.google.com/scholar?q=Mn3%28PO4%294+sodium+ion+battery+cathode,"Framework-level search-friendly formula. This is analogue evidence, not exact formula validation.",True,search_if_needed,mn3(po4)4 sodium ion battery cathode,False,not_checked,not_checked,,,,,,,,,,,,,not_checked,,,,,,True,"Prefer primary experimental sodium-ion cathode papers. If none, accept exact/near-exact computed papers. Use reviews only as background. Never claim this validates the MP record.",Only mark no_relevant_literature_found for this exact query after checking it. Do not conclude the whole candidate has no literature unless several A/B/C queries fail.
Q0176,Na_candidate_21,21,Na0-6Mn3(PO4)4,Na6Mn3(PO4)4,Mn3(PO4)4,polyanion_phosphate_like,Mn-O-P,material_phrase_phosphate,6,C_broad_fallback,Google Scholar,sodium manganese phosphate cathode,https://scholar.google.com/scholar?q=sodium+manganese+phosphate+cathode,Material-name or family-name query. Use to find papers that do not write the exact formula in the title/abstract.,True,search_if_needed,sodium manganese phosphate cathode,False,not_checked,not_checked,,,,,,,,,,,,,not_checked,,,,,,True,"Prefer primary experimental sodium-ion cathode papers. If none, accept exact/near-exact computed papers. Use reviews only as background. Never claim this validates the MP record.",Only mark no_relevant_literature_found for this exact query after checking it. Do not conclude the whole candidate has no literature unless several A/B/C queries fail.
Q0177,Na_candidate_21,21,Na0-6Mn3(PO4)4,Na6Mn3(PO4)4,Mn3(PO4)4,polyanion_phosphate_like,Mn-O-P,broad_family_polyanion,7,C_broad_fallback,Google Scholar,polyanion phosphate sodium ion battery cathode,https://scholar.google.com/scholar?q=polyanion+phosphate+sodium+ion+battery+cathode,Material-name or family-name query. Use to find papers that do not write the exact formula in the title/abstract.,True,search_if_needed,polyanion phosphate sodium ion battery cathode,False,not_checked,not_checked,,,,,,,,,,,,,not_checked,,,,,,True,"Prefer primary experimental sodium-ion cathode papers. If none, accept exact/near-exact computed papers. Use reviews only as background. Never claim this validates the MP record.",Only mark no_relevant_literature_found for this exact query after checking it. Do not conclude the whole candidate has no literature unless several A/B/C queries fail.
Q0178,Na_candidate_22,22,Na0-1MnO2,NaMnO2,MnO2,transition_metal_oxide_like,Mn-O,_exact_formula_sodium_ion,1,A_try_first,Google Scholar,NaMnO2 sodium ion battery cathode,https://scholar.google.com/scholar?q=NaMnO2+sodium+ion+battery+cathode,Search-friendly discharged formula. Uses grouped/expanded anion notation when needed; no strict quotes to tolerate formatting differences.,True,search_this_first,namno2 sodium ion battery cathode,False,not_checked,not_checked,,,,,,,,,,,,,not_checked,,,,,,True,"Prefer primary experimental sodium-ion cathode papers. If none, accept exact/near-exact computed papers. Use reviews only as background. Never claim this validates the MP record.",Only mark no_relevant_literature_found for this exact query after checking it. Do not conclude the whole candidate has no literature unless several A/B/C queries fail.
Q0179,Na_candidate_22,22,Na0-1MnO2,NaMnO2,MnO2,transition_metal_oxide_like,Mn-O,_exact_formula_electrode,2,A_try_first,Google Scholar,NaMnO2 electrode cathode,https://scholar.google.com/scholar?q=NaMnO2+electrode+cathode,Search-friendly discharged formula with electrode/cathode words.,True,search_this_first,namno2 electrode cathode,False,not_checked,not_checked,,,,,,,,,,,,,not_checked,,,,,,True,"Prefer primary experimental sodium-ion cathode papers. If none, accept exact/near-exact computed papers. Use reviews only as background. Never claim this validates the MP record.",Only mark no_relevant_literature_found for this exact query after checking it. Do not conclude the whole candidate has no literature unless several A/B/C queries fail.
Q0180,Na_candidate_22,22,Na0-1MnO2,NaMnO2,MnO2,transition_metal_oxide_like,Mn-O,quoted_literature_formula,3,B_try_second,Google Scholar,"""NaMnO2"" sodium ion battery cathode",https://scholar.google.com/scholar?q=%22NaMnO2%22+sodium+ion+battery+cathode,Quoted formula query. Use after the unquoted query; quotes can miss papers using subscripts/spaces.,True,search_if_needed,"""namno2"" sodium ion battery cathode",False,not_checked,not_checked,,,,,,,,,,,,,not_checked,,,,,,True,"Prefer primary experimental sodium-ion cathode papers. If none, accept exact/near-exact computed papers. Use reviews only as background. Never claim this validates the MP record.",Only mark no_relevant_literature_found for this exact query after checking it. Do not conclude the whole candidate has no literature unless several A/B/C queries fail.
Q0181,Na_candidate_22,22,Na0-1MnO2,NaMnO2,MnO2,transition_metal_oxide_like,Mn-O,variable_sodium_literature_formula,4,B_try_second,Google Scholar,NaxMnO2 sodium ion battery cathode,https://scholar.google.com/scholar?q=NaxMnO2+sodium+ion+battery+cathode,Variable-sodium literature formula. Useful when papers report Nax phases instead of a fully sodiated formula.,True,search_if_needed,naxmno2 sodium ion battery cathode,False,not_checked,not_checked,,,,,,,,,,,,,not_checked,,,,,,True,"Prefer primary experimental sodium-ion cathode papers. If none, accept exact/near-exact computed papers. Use reviews only as background. Never claim this validates the MP record.",Only mark no_relevant_literature_found for this exact query after checking it. Do not conclude the whole candidate has no literature unless several A/B/C queries fail.
Q0182,Na_candidate_22,22,Na0-1MnO2,NaMnO2,MnO2,transition_metal_oxide_like,Mn-O,_framework_formula,5,B_try_second,Google Scholar,MnO2 sodium ion battery cathode,https://scholar.google.com/scholar?q=MnO2+sodium+ion+battery+cathode,"Framework-level search-friendly formula. This is analogue evidence, not exact formula validation.",True,search_if_needed,mno2 sodium ion battery cathode,False,not_checked,not_checked,,,,,,,,,,,,,not_checked,,,,,,True,"Prefer primary experimental sodium-ion cathode papers. If none, accept exact/near-exact computed papers. Use reviews only as background. Never claim this validates the MP record.",Only mark no_relevant_literature_found for this exact query after checking it. Do not conclude the whole candidate has no literature unless several A/B/C queries fail.
Q0183,Na_candidate_22,22,Na0-1MnO2,NaMnO2,MnO2,transition_metal_oxide_like,Mn-O,material_phrase_oxide,6,C_broad_fallback,Google Scholar,sodium manganese oxide cathode,https://scholar.google.com/scholar?q=sodium+manganese+oxide+cathode,Material-name or family-name query. Use to find papers that do not write the exact formula in the title/abstract.,True,search_if_needed,sodium manganese oxide cathode,False,not_checked,not_checked,,,,,,,,,,,,,not_checked,,,,,,True,"Prefer primary experimental sodium-ion cathode papers. If none, accept exact/near-exact computed papers. Use reviews only as background. Never claim this validates the MP record.",Only mark no_relevant_literature_found for this exact query after checking it. Do not conclude the whole candidate has no literature unless several A/B/C queries fail.
Q0184,Na_candidate_22,22,Na0-1MnO2,NaMnO2,MnO2,transition_metal_oxide_like,Mn-O,broad_family_oxide,8,C_broad_fallback,Google Scholar,layered transition metal oxide sodium ion battery cathode,https://scholar.google.com/scholar?q=layered+transition+metal+oxide+sodium+ion+battery+cathode,Material-name or family-name query. Use to find papers that do not write the exact formula in the title/abstract.,True,search_if_needed,layered transition metal oxide sodium ion battery cathode,False,not_checked,not_checked,,,,,,,,,,,,,not_checked,,,,,,True,"Prefer primary experimental sodium-ion cathode papers. If none, accept exact/near-exact computed papers. Use reviews only as background. Never claim this validates the MP record.",Only mark no_relevant_literature_found for this exact query after checking it. Do not conclude the whole candidate has no literature unless several A/B/C queries fail.
Q0185,Na_candidate_23,23,Na0-1VPO5,NaVPO5,VPO5,polyanion_phosphate_like,O-P-V,_exact_formula_sodium_ion,1,A_try_first,Google Scholar,NaVPO5 sodium ion battery cathode,https://scholar.google.com/scholar?q=NaVPO5+sodium+ion+battery+cathode,Search-friendly discharged formula. Uses grouped/expanded anion notation when needed; no strict quotes to tolerate formatting differences.,True,search_this_first,navpo5 sodium ion battery cathode,False,not_checked,not_checked,,,,,,,,,,,,,not_checked,,,,,,True,"Prefer primary experimental sodium-ion cathode papers. If none, accept exact/near-exact computed papers. Use reviews only as background. Never claim this validates the MP record.",Only mark no_relevant_literature_found for this exact query after checking it. Do not conclude the whole candidate has no literature unless several A/B/C queries fail.
Q0186,Na_candidate_23,23,Na0-1VPO5,NaVPO5,VPO5,polyanion_phosphate_like,O-P-V,_exact_formula_electrode,2,A_try_first,Google Scholar,NaVPO5 electrode cathode,https://scholar.google.com/scholar?q=NaVPO5+electrode+cathode,Search-friendly discharged formula with electrode/cathode words.,True,search_this_first,navpo5 electrode cathode,False,not_checked,not_checked,,,,,,,,,,,,,not_checked,,,,,,True,"Prefer primary experimental sodium-ion cathode papers. If none, accept exact/near-exact computed papers. Use reviews only as background. Never claim this validates the MP record.",Only mark no_relevant_literature_found for this exact query after checking it. Do not conclude the whole candidate has no literature unless several A/B/C queries fail.
Q0187,Na_candidate_23,23,Na0-1VPO5,NaVPO5,VPO5,polyanion_phosphate_like,O-P-V,quoted_literature_formula,3,B_try_second,Google Scholar,"""NaVPO5"" sodium ion battery cathode",https://scholar.google.com/scholar?q=%22NaVPO5%22+sodium+ion+battery+cathode,Quoted formula query. Use after the unquoted query; quotes can miss papers using subscripts/spaces.,True,search_if_needed,"""navpo5"" sodium ion battery cathode",False,not_checked,not_checked,,,,,,,,,,,,,not_checked,,,,,,True,"Prefer primary experimental sodium-ion cathode papers. If none, accept exact/near-exact computed papers. Use reviews only as background. Never claim this validates the MP record.",Only mark no_relevant_literature_found for this exact query after checking it. Do not conclude the whole candidate has no literature unless several A/B/C queries fail.
Q0188,Na_candidate_23,23,Na0-1VPO5,NaVPO5,VPO5,polyanion_phosphate_like,O-P-V,variable_sodium_literature_formula,4,B_try_second,Google Scholar,NaxVPO5 sodium ion battery cathode,https://scholar.google.com/scholar?q=NaxVPO5+sodium+ion+battery+cathode,Variable-sodium literature formula. Useful when papers report Nax phases instead of a fully sodiated formula.,True,search_if_needed,naxvpo5 sodium ion battery cathode,False,not_checked,not_checked,,,,,,,,,,,,,not_checked,,,,,,True,"Prefer primary experimental sodium-ion cathode papers. If none, accept exact/near-exact computed papers. Use reviews only as background. Never claim this validates the MP record.",Only mark no_relevant_literature_found for this exact query after checking it. Do not conclude the whole candidate has no literature unless several A/B/C queries fail.
Q0189,Na_candidate_23,23,Na0-1VPO5,NaVPO5,VPO5,polyanion_phosphate_like,O-P-V,_framework_formula,5,B_try_second,Google Scholar,VPO5 sodium ion battery cathode,https://scholar.google.com/scholar?q=VPO5+sodium+ion+battery+cathode,"Framework-level search-friendly formula. This is analogue evidence, not exact formula validation.",True,search_if_needed,vpo5 sodium ion battery cathode,False,not_checked,not_checked,,,,,,,,,,,,,not_checked,,,,,,True,"Prefer primary experimental sodium-ion cathode papers. If none, accept exact/near-exact computed papers. Use reviews only as background. Never claim this validates the MP record.",Only mark no_relevant_literature_found for this exact query after checking it. Do not conclude the whole candidate has no literature unless several A/B/C queries fail.
Q0190,Na_candidate_23,23,Na0-1VPO5,NaVPO5,VPO5,polyanion_phosphate_like,O-P-V,material_phrase_phosphate,6,C_broad_fallback,Google Scholar,sodium vanadium phosphate cathode,https://scholar.google.com/scholar?q=sodium+vanadium+phosphate+cathode,Material-name or family-name query. Use to find papers that do not write the exact formula in the title/abstract.,True,search_if_needed,sodium vanadium phosphate cathode,False,not_checked,not_checked,,,,,,,,,,,,,not_checked,,,,,,True,"Prefer primary experimental sodium-ion cathode papers. If none, accept exact/near-exact computed papers. Use reviews only as background. Never claim this validates the MP record.",Only mark no_relevant_literature_found for this exact query after checking it. Do not conclude the whole candidate has no literature unless several A/B/C queries fail.
Q0191,Na_candidate_23,23,Na0-1VPO5,NaVPO5,VPO5,polyanion_phosphate_like,O-P-V,broad_family_polyanion,7,C_broad_fallback,Google Scholar,polyanion phosphate sodium ion battery cathode,https://scholar.google.com/scholar?q=polyanion+phosphate+sodium+ion+battery+cathode,Material-name or family-name query. Use to find papers that do not write the exact formula in the title/abstract.,True,search_if_needed,polyanion phosphate sodium ion battery cathode,False,not_checked,not_checked,,,,,,,,,,,,,not_checked,,,,,,True,"Prefer primary experimental sodium-ion cathode papers. If none, accept exact/near-exact computed papers. Use reviews only as background. Never claim this validates the MP record.",Only mark no_relevant_literature_found for this exact query after checking it. Do not conclude the whole candidate has no literature unless several A/B/C queries fail.
Q0192,Na_candidate_24,24,Na0-1VF4,NaVF4,VF4,halide_or_fluoride_like,F-V,_exact_formula_sodium_ion,1,A_try_first,Google Scholar,NaVF4 sodium ion battery cathode,https://scholar.google.com/scholar?q=NaVF4+sodium+ion+battery+cathode,Search-friendly discharged formula. Uses grouped/expanded anion notation when needed; no strict quotes to tolerate formatting differences.,True,search_this_first,navf4 sodium ion battery cathode,False,not_checked,not_checked,,,,,,,,,,,,,not_checked,,,,,,True,"Prefer primary experimental sodium-ion cathode papers. If none, accept exact/near-exact computed papers. Use reviews only as background. Never claim this validates the MP record.",Only mark no_relevant_literature_found for this exact query after checking it. Do not conclude the whole candidate has no literature unless several A/B/C queries fail.
Q0193,Na_candidate_24,24,Na0-1VF4,NaVF4,VF4,halide_or_fluoride_like,F-V,_exact_formula_electrode,2,A_try_first,Google Scholar,NaVF4 electrode cathode,https://scholar.google.com/scholar?q=NaVF4+electrode+cathode,Search-friendly discharged formula with electrode/cathode words.,True,search_this_first,navf4 electrode cathode,False,not_checked,not_checked,,,,,,,,,,,,,not_checked,,,,,,True,"Prefer primary experimental sodium-ion cathode papers. If none, accept exact/near-exact computed papers. Use reviews only as background. Never claim this validates the MP record.",Only mark no_relevant_literature_found for this exact query after checking it. Do not conclude the whole candidate has no literature unless several A/B/C queries fail.
Q0194,Na_candidate_24,24,Na0-1VF4,NaVF4,VF4,halide_or_fluoride_like,F-V,quoted_literature_formula,3,B_try_second,Google Scholar,"""NaVF4"" sodium ion battery cathode",https://scholar.google.com/scholar?q=%22NaVF4%22+sodium+ion+battery+cathode,Quoted formula query. Use after the unquoted query; quotes can miss papers using subscripts/spaces.,True,search_if_needed,"""navf4"" sodium ion battery cathode",False,not_checked,not_checked,,,,,,,,,,,,,not_checked,,,,,,True,"Prefer primary experimental sodium-ion cathode papers. If none, accept exact/near-exact computed papers. Use reviews only as background. Never claim this validates the MP record.",Only mark no_relevant_literature_found for this exact query after checking it. Do not conclude the whole candidate has no literature unless several A/B/C queries fail.
Q0195,Na_candidate_24,24,Na0-1VF4,NaVF4,VF4,halide_or_fluoride_like,F-V,variable_sodium_literature_formula,4,B_try_second,Google Scholar,NaxVF4 sodium ion battery cathode,https://scholar.google.com/scholar?q=NaxVF4+sodium+ion+battery+cathode,Variable-sodium literature formula. Useful when papers report Nax phases instead of a fully sodiated formula.,True,search_if_needed,naxvf4 sodium ion battery cathode,False,not_checked,not_checked,,,,,,,,,,,,,not_checked,,,,,,True,"Prefer primary experimental sodium-ion cathode papers. If none, accept exact/near-exact computed papers. Use reviews only as background. Never claim this validates the MP record.",Only mark no_relevant_literature_found for this exact query after checking it. Do not conclude the whole candidate has no literature unless several A/B/C queries fail.
Q0196,Na_candidate_24,24,Na0-1VF4,NaVF4,VF4,halide_or_fluoride_like,F-V,_framework_formula,5,B_try_second,Google Scholar,VF4 sodium ion battery cathode,https://scholar.google.com/scholar?q=VF4+sodium+ion+battery+cathode,"Framework-level search-friendly formula. This is analogue evidence, not exact formula validation.",True,search_if_needed,vf4 sodium ion battery cathode,False,not_checked,not_checked,,,,,,,,,,,,,not_checked,,,,,,True,"Prefer primary experimental sodium-ion cathode papers. If none, accept exact/near-exact computed papers. Use reviews only as background. Never claim this validates the MP record.",Only mark no_relevant_literature_found for this exact query after checking it. Do not conclude the whole candidate has no literature unless several A/B/C queries fail.
Q0197,Na_candidate_24,24,Na0-1VF4,NaVF4,VF4,halide_or_fluoride_like,F-V,material_phrase_fluoride,6,C_broad_fallback,Google Scholar,vanadium fluoride sodium ion battery cathode,https://scholar.google.com/scholar?q=vanadium+fluoride+sodium+ion+battery+cathode,Material-name or family-name query. Use to find papers that do not write the exact formula in the title/abstract.,True,search_if_needed,vanadium fluoride sodium ion battery cathode,False,not_checked,not_checked,,,,,,,,,,,,,not_checked,,,,,,True,"Prefer primary experimental sodium-ion cathode papers. If none, accept exact/near-exact computed papers. Use reviews only as background. Never claim this validates the MP record.",Only mark no_relevant_literature_found for this exact query after checking it. Do not conclude the whole candidate has no literature unless several A/B/C queries fail.
Q0198,Na_candidate_24,24,Na0-1VF4,NaVF4,VF4,halide_or_fluoride_like,F-V,broad_family_fluoride,7,C_broad_fallback,Google Scholar,transition metal fluoride sodium ion battery cathode,https://scholar.google.com/scholar?q=transition+metal+fluoride+sodium+ion+battery+cathode,Material-name or family-name query. Use to find papers that do not write the exact formula in the title/abstract.,True,search_if_needed,transition metal fluoride sodium ion battery cathode,False,not_checked,not_checked,,,,,,,,,,,,,not_checked,,,,,,True,"Prefer primary experimental sodium-ion cathode papers. If none, accept exact/near-exact computed papers. Use reviews only as background. Never claim this validates the MP record.",Only mark no_relevant_literature_found for this exact query after checking it. Do not conclude the whole candidate has no literature unless several A/B/C queries fail.
Q0199,Na_candidate_25,25,Na1-3MnAsCO7,Na3MnAsCO7,MnAsCO7,transition_metal_oxide_like,As-C-Mn-O,_exact_formula_sodium_ion,1,A_try_first,Google Scholar,Na3MnAsO4CO3 sodium ion battery cathode,https://scholar.google.com/scholar?q=Na3MnAsO4CO3+sodium+ion+battery+cathode,Search-friendly discharged formula. Uses grouped/expanded anion notation when needed; no strict quotes to tolerate formatting differences.,True,search_this_first,na3mnaso4co3 sodium ion battery cathode,False,not_checked,not_checked,,,,,,,,,,,,,not_checked,,,,,,True,"Prefer primary experimental sodium-ion cathode papers. If none, accept exact/near-exact computed papers. Use reviews only as background. Never claim this validates the MP record.",Only mark no_relevant_literature_found for this exact query after checking it. Do not conclude the whole candidate has no literature unless several A/B/C queries fail.
Q0200,Na_candidate_25,25,Na1-3MnAsCO7,Na3MnAsCO7,MnAsCO7,transition_metal_oxide_like,As-C-Mn-O,_exact_formula_electrode,2,A_try_first,Google Scholar,Na3MnAsO4CO3 electrode cathode,https://scholar.google.com/scholar?q=Na3MnAsO4CO3+electrode+cathode,Search-friendly discharged formula with electrode/cathode words.,True,search_this_first,na3mnaso4co3 electrode cathode,False,not_checked,not_checked,,,,,,,,,,,,,not_checked,,,,,,True,"Prefer primary experimental sodium-ion cathode papers. If none, accept exact/near-exact computed papers. Use reviews only as background. Never claim this validates the MP record.",Only mark no_relevant_literature_found for this exact query after checking it. Do not conclude the whole candidate has no literature unless several A/B/C queries fail.
Q0201,Na_candidate_25,25,Na1-3MnAsCO7,Na3MnAsCO7,MnAsCO7,transition_metal_oxide_like,As-C-Mn-O,_exact_formula_sodium_ion,3,A_try_first,Google Scholar,Na3Mn(CO3)(AsO4) sodium ion battery cathode,https://scholar.google.com/scholar?q=Na3Mn%28CO3%29%28AsO4%29+sodium+ion+battery+cathode,Search-friendly discharged formula. Uses grouped/expanded anion notation when needed; no strict quotes to tolerate formatting differences.,True,search_this_first,na3mn(co3)(aso4) sodium ion battery cathode,False,not_checked,not_checked,,,,,,,,,,,,,not_checked,,,,,,True,"Prefer primary experimental sodium-ion cathode papers. If none, accept exact/near-exact computed papers. Use reviews only as background. Never claim this validates the MP record.",Only mark no_relevant_literature_found for this exact query after checking it. Do not conclude the whole candidate has no literature unless several A/B/C queries fail.
Q0202,Na_candidate_25,25,Na1-3MnAsCO7,Na3MnAsCO7,MnAsCO7,transition_metal_oxide_like,As-C-Mn-O,_exact_formula_electrode,4,A_try_first,Google Scholar,Na3Mn(CO3)(AsO4) electrode cathode,https://scholar.google.com/scholar?q=Na3Mn%28CO3%29%28AsO4%29+electrode+cathode,Search-friendly discharged formula with electrode/cathode words.,True,search_this_first,na3mn(co3)(aso4) electrode cathode,False,not_checked,not_checked,,,,,,,,,,,,,not_checked,,,,,,True,"Prefer primary experimental sodium-ion cathode papers. If none, accept exact/near-exact computed papers. Use reviews only as background. Never claim this validates the MP record.",Only mark no_relevant_literature_found for this exact query after checking it. Do not conclude the whole candidate has no literature unless several A/B/C queries fail.
Q0203,Na_candidate_25,25,Na1-3MnAsCO7,Na3MnAsCO7,MnAsCO7,transition_metal_oxide_like,As-C-Mn-O,_exact_formula_sodium_ion,5,A_try_first,Google Scholar,Na3Mn(AsO4)(CO3) sodium ion battery cathode,https://scholar.google.com/scholar?q=Na3Mn%28AsO4%29%28CO3%29+sodium+ion+battery+cathode,Search-friendly discharged formula. Uses grouped/expanded anion notation when needed; no strict quotes to tolerate formatting differences.,True,search_this_first,na3mn(aso4)(co3) sodium ion battery cathode,False,not_checked,not_checked,,,,,,,,,,,,,not_checked,,,,,,True,"Prefer primary experimental sodium-ion cathode papers. If none, accept exact/near-exact computed papers. Use reviews only as background. Never claim this validates the MP record.",Only mark no_relevant_literature_found for this exact query after checking it. Do not conclude the whole candidate has no literature unless several A/B/C queries fail.
Q0204,Na_candidate_25,25,Na1-3MnAsCO7,Na3MnAsCO7,MnAsCO7,transition_metal_oxide_like,As-C-Mn-O,_exact_formula_electrode,6,A_try_first,Google Scholar,Na3Mn(AsO4)(CO3) electrode cathode,https://scholar.google.com/scholar?q=Na3Mn%28AsO4%29%28CO3%29+electrode+cathode,Search-friendly discharged formula with electrode/cathode words.,True,search_this_first,na3mn(aso4)(co3) electrode cathode,False,not_checked,not_checked,,,,,,,,,,,,,not_checked,,,,,,True,"Prefer primary experimental sodium-ion cathode papers. If none, accept exact/near-exact computed papers. Use reviews only as background. Never claim this validates the MP record.",Only mark no_relevant_literature_found for this exact query after checking it. Do not conclude the whole candidate has no literature unless several A/B/C queries fail.
Q0205,Na_candidate_25,25,Na1-3MnAsCO7,Na3MnAsCO7,MnAsCO7,transition_metal_oxide_like,As-C-Mn-O,quoted_literature_formula,7,B_try_second,Google Scholar,"""Na3MnAsO4CO3"" sodium ion battery cathode",https://scholar.google.com/scholar?q=%22Na3MnAsO4CO3%22+sodium+ion+battery+cathode,Quoted formula query. Use after the unquoted query; quotes can miss papers using subscripts/spaces.,True,search_if_needed,"""na3mnaso4co3"" sodium ion battery cathode",False,not_checked,not_checked,,,,,,,,,,,,,not_checked,,,,,,True,"Prefer primary experimental sodium-ion cathode papers. If none, accept exact/near-exact computed papers. Use reviews only as background. Never claim this validates the MP record.",Only mark no_relevant_literature_found for this exact query after checking it. Do not conclude the whole candidate has no literature unless several A/B/C queries fail.
Q0206,Na_candidate_25,25,Na1-3MnAsCO7,Na3MnAsCO7,MnAsCO7,transition_metal_oxide_like,As-C-Mn-O,quoted_literature_formula,8,B_try_second,Google Scholar,"""Na3Mn(CO3)(AsO4)"" sodium ion battery cathode",https://scholar.google.com/scholar?q=%22Na3Mn%28CO3%29%28AsO4%29%22+sodium+ion+battery+cathode,Quoted formula query. Use after the unquoted query; quotes can miss papers using subscripts/spaces.,True,search_if_needed,"""na3mn(co3)(aso4)"" sodium ion battery cathode",False,not_checked,not_checked,,,,,,,,,,,,,not_checked,,,,,,True,"Prefer primary experimental sodium-ion cathode papers. If none, accept exact/near-exact computed papers. Use reviews only as background. Never claim this validates the MP record.",Only mark no_relevant_literature_found for this exact query after checking it. Do not conclude the whole candidate has no literature unless several A/B/C queries fail.
Q0207,Na_candidate_25,25,Na1-3MnAsCO7,Na3MnAsCO7,MnAsCO7,transition_metal_oxide_like,As-C-Mn-O,variable_sodium_literature_formula,9,B_try_second,Google Scholar,NaxMnAsO4CO3 sodium ion battery cathode,https://scholar.google.com/scholar?q=NaxMnAsO4CO3+sodium+ion+battery+cathode,Variable-sodium literature formula. Useful when papers report Nax phases instead of a fully sodiated formula.,True,search_if_needed,naxmnaso4co3 sodium ion battery cathode,False,not_checked,not_checked,,,,,,,,,,,,,not_checked,,,,,,True,"Prefer primary experimental sodium-ion cathode papers. If none, accept exact/near-exact computed papers. Use reviews only as background. Never claim this validates the MP record.",Only mark no_relevant_literature_found for this exact query after checking it. Do not conclude the whole candidate has no literature unless several A/B/C queries fail.
Q0208,Na_candidate_25,25,Na1-3MnAsCO7,Na3MnAsCO7,MnAsCO7,transition_metal_oxide_like,As-C-Mn-O,variable_sodium_literature_formula,10,B_try_second,Google Scholar,NaxMn(CO3)(AsO4) sodium ion battery cathode,https://scholar.google.com/scholar?q=NaxMn%28CO3%29%28AsO4%29+sodium+ion+battery+cathode,Variable-sodium literature formula. Useful when papers report Nax phases instead of a fully sodiated formula.,True,search_if_needed,naxmn(co3)(aso4) sodium ion battery cathode,False,not_checked,not_checked,,,,,,,,,,,,,not_checked,,,,,,True,"Prefer primary experimental sodium-ion cathode papers. If none, accept exact/near-exact computed papers. Use reviews only as background. Never claim this validates the MP record.",Only mark no_relevant_literature_found for this exact query after checking it. Do not conclude the whole candidate has no literature unless several A/B/C queries fail.
Q0209,Na_candidate_26,26,Na1-2.5MnPCO7,Na5Mn2P2(CO7)2,MnPCO7,polyanion_phosphate_like,C-Mn-O-P,_exact_formula_sodium_ion,1,A_try_first,Google Scholar,Na5Mn2(PO4)2(CO3)2 sodium ion battery cathode,https://scholar.google.com/scholar?q=Na5Mn2%28PO4%292%28CO3%292+sodium+ion+battery+cathode,Search-friendly discharged formula. Uses grouped/expanded anion notation when needed; no strict quotes to tolerate formatting differences.,True,search_this_first,na5mn2(po4)2(co3)2 sodium ion battery cathode,False,not_checked,not_checked,,,,,,,,,,,,,not_checked,,,,,,True,"Prefer primary experimental sodium-ion cathode papers. If none, accept exact/near-exact computed papers. Use reviews only as background. Never claim this validates the MP record.",Only mark no_relevant_literature_found for this exact query after checking it. Do not conclude the whole candidate has no literature unless several A/B/C queries fail.
Q0210,Na_candidate_26,26,Na1-2.5MnPCO7,Na5Mn2P2(CO7)2,MnPCO7,polyanion_phosphate_like,C-Mn-O-P,_exact_formula_electrode,2,A_try_first,Google Scholar,Na5Mn2(PO4)2(CO3)2 electrode cathode,https://scholar.google.com/scholar?q=Na5Mn2%28PO4%292%28CO3%292+electrode+cathode,Search-friendly discharged formula with electrode/cathode words.,True,search_this_first,na5mn2(po4)2(co3)2 electrode cathode,False,not_checked,not_checked,,,,,,,,,,,,,not_checked,,,,,,True,"Prefer primary experimental sodium-ion cathode papers. If none, accept exact/near-exact computed papers. Use reviews only as background. Never claim this validates the MP record.",Only mark no_relevant_literature_found for this exact query after checking it. Do not conclude the whole candidate has no literature unless several A/B/C queries fail.
Q0211,Na_candidate_26,26,Na1-2.5MnPCO7,Na5Mn2P2(CO7)2,MnPCO7,polyanion_phosphate_like,C-Mn-O-P,_exact_formula_sodium_ion,3,A_try_first,Google Scholar,Na5Mn2(CO3)2(PO4)2 sodium ion battery cathode,https://scholar.google.com/scholar?q=Na5Mn2%28CO3%292%28PO4%292+sodium+ion+battery+cathode,Search-friendly discharged formula. Uses grouped/expanded anion notation when needed; no strict quotes to tolerate formatting differences.,True,search_this_first,na5mn2(co3)2(po4)2 sodium ion battery cathode,False,not_checked,not_checked,,,,,,,,,,,,,not_checked,,,,,,True,"Prefer primary experimental sodium-ion cathode papers. If none, accept exact/near-exact computed papers. Use reviews only as background. Never claim this validates the MP record.",Only mark no_relevant_literature_found for this exact query after checking it. Do not conclude the whole candidate has no literature unless several A/B/C queries fail.
Q0212,Na_candidate_26,26,Na1-2.5MnPCO7,Na5Mn2P2(CO7)2,MnPCO7,polyanion_phosphate_like,C-Mn-O-P,_exact_formula_electrode,4,A_try_first,Google Scholar,Na5Mn2(CO3)2(PO4)2 electrode cathode,https://scholar.google.com/scholar?q=Na5Mn2%28CO3%292%28PO4%292+electrode+cathode,Search-friendly discharged formula with electrode/cathode words.,True,search_this_first,na5mn2(co3)2(po4)2 electrode cathode,False,not_checked,not_checked,,,,,,,,,,,,,not_checked,,,,,,True,"Prefer primary experimental sodium-ion cathode papers. If none, accept exact/near-exact computed papers. Use reviews only as background. Never claim this validates the MP record.",Only mark no_relevant_literature_found for this exact query after checking it. Do not conclude the whole candidate has no literature unless several A/B/C queries fail.
Q0213,Na_candidate_26,26,Na1-2.5MnPCO7,Na5Mn2P2(CO7)2,MnPCO7,polyanion_phosphate_like,C-Mn-O-P,quoted_literature_formula,5,B_try_second,Google Scholar,"""Na5Mn2(PO4)2(CO3)2"" sodium ion battery cathode",https://scholar.google.com/scholar?q=%22Na5Mn2%28PO4%292%28CO3%292%22+sodium+ion+battery+cathode,Quoted formula query. Use after the unquoted query; quotes can miss papers using subscripts/spaces.,True,search_if_needed,"""na5mn2(po4)2(co3)2"" sodium ion battery cathode",False,not_checked,not_checked,,,,,,,,,,,,,not_checked,,,,,,True,"Prefer primary experimental sodium-ion cathode papers. If none, accept exact/near-exact computed papers. Use reviews only as background. Never claim this validates the MP record.",Only mark no_relevant_literature_found for this exact query after checking it. Do not conclude the whole candidate has no literature unless several A/B/C queries fail.
Q0214,Na_candidate_26,26,Na1-2.5MnPCO7,Na5Mn2P2(CO7)2,MnPCO7,polyanion_phosphate_like,C-Mn-O-P,quoted_literature_formula,6,B_try_second,Google Scholar,"""Na5Mn2(CO3)2(PO4)2"" sodium ion battery cathode",https://scholar.google.com/scholar?q=%22Na5Mn2%28CO3%292%28PO4%292%22+sodium+ion+battery+cathode,Quoted formula query. Use after the unquoted query; quotes can miss papers using subscripts/spaces.,True,search_if_needed,"""na5mn2(co3)2(po4)2"" sodium ion battery cathode",False,not_checked,not_checked,,,,,,,,,,,,,not_checked,,,,,,True,"Prefer primary experimental sodium-ion cathode papers. If none, accept exact/near-exact computed papers. Use reviews only as background. Never claim this validates the MP record.",Only mark no_relevant_literature_found for this exact query after checking it. Do not conclude the whole candidate has no literature unless several A/B/C queries fail.
Q0215,Na_candidate_26,26,Na1-2.5MnPCO7,Na5Mn2P2(CO7)2,MnPCO7,polyanion_phosphate_like,C-Mn-O-P,variable_sodium_literature_formula,7,B_try_second,Google Scholar,NaxMn2(PO4)2(CO3)2 sodium ion battery cathode,https://scholar.google.com/scholar?q=NaxMn2%28PO4%292%28CO3%292+sodium+ion+battery+cathode,Variable-sodium literature formula. Useful when papers report Nax phases instead of a fully sodiated formula.,True,search_if_needed,naxmn2(po4)2(co3)2 sodium ion battery cathode,False,not_checked,not_checked,,,,,,,,,,,,,not_checked,,,,,,True,"Prefer primary experimental sodium-ion cathode papers. If none, accept exact/near-exact computed papers. Use reviews only as background. Never claim this validates the MP record.",Only mark no_relevant_literature_found for this exact query after checking it. Do not conclude the whole candidate has no literature unless several A/B/C queries fail.
Q0216,Na_candidate_26,26,Na1-2.5MnPCO7,Na5Mn2P2(CO7)2,MnPCO7,polyanion_phosphate_like,C-Mn-O-P,variable_sodium_literature_formula,8,B_try_second,Google Scholar,NaxMn2(CO3)2(PO4)2 sodium ion battery cathode,https://scholar.google.com/scholar?q=NaxMn2%28CO3%292%28PO4%292+sodium+ion+battery+cathode,Variable-sodium literature formula. Useful when papers report Nax phases instead of a fully sodiated formula.,True,search_if_needed,naxmn2(co3)2(po4)2 sodium ion battery cathode,False,not_checked,not_checked,,,,,,,,,,,,,not_checked,,,,,,True,"Prefer primary experimental sodium-ion cathode papers. If none, accept exact/near-exact computed papers. Use reviews only as background. Never claim this validates the MP record.",Only mark no_relevant_literature_found for this exact query after checking it. Do not conclude the whole candidate has no literature unless several A/B/C queries fail.
Q0217,Na_candidate_26,26,Na1-2.5MnPCO7,Na5Mn2P2(CO7)2,MnPCO7,polyanion_phosphate_like,C-Mn-O-P,_framework_formula,9,B_try_second,Google Scholar,MnPO4CO3 sodium ion battery cathode,https://scholar.google.com/scholar?q=MnPO4CO3+sodium+ion+battery+cathode,"Framework-level search-friendly formula. This is analogue evidence, not exact formula validation.",True,search_if_needed,mnpo4co3 sodium ion battery cathode,False,not_checked,not_checked,,,,,,,,,,,,,not_checked,,,,,,True,"Prefer primary experimental sodium-ion cathode papers. If none, accept exact/near-exact computed papers. Use reviews only as background. Never claim this validates the MP record.",Only mark no_relevant_literature_found for this exact query after checking it. Do not conclude the whole candidate has no literature unless several A/B/C queries fail.
Q0218,Na_candidate_26,26,Na1-2.5MnPCO7,Na5Mn2P2(CO7)2,MnPCO7,polyanion_phosphate_like,C-Mn-O-P,_framework_formula,10,B_try_second,Google Scholar,Mn(CO3)(PO4) sodium ion battery cathode,https://scholar.google.com/scholar?q=Mn%28CO3%29%28PO4%29+sodium+ion+battery+cathode,"Framework-level search-friendly formula. This is analogue evidence, not exact formula validation.",True,search_if_needed,mn(co3)(po4) sodium ion battery cathode,False,not_checked,not_checked,,,,,,,,,,,,,not_checked,,,,,,True,"Prefer primary experimental sodium-ion cathode papers. If none, accept exact/near-exact computed papers. Use reviews only as background. Never claim this validates the MP record.",Only mark no_relevant_literature_found for this exact query after checking it. Do not conclude the whole candidate has no literature unless several A/B/C queries fail.
Q0219,Na_candidate_27,27,Na0-2MnCSO7,Na2MnCSO7,MnCSO7,sulfate_or_sulfur_oxoanion_like,C-Mn-O-S,_exact_formula_sodium_ion,1,A_try_first,Google Scholar,Na2MnCO3SO4 sodium ion battery cathode,https://scholar.google.com/scholar?q=Na2MnCO3SO4+sodium+ion+battery+cathode,Search-friendly discharged formula. Uses grouped/expanded anion notation when needed; no strict quotes to tolerate formatting differences.,True,search_this_first,na2mnco3so4 sodium ion battery cathode,False,not_checked,not_checked,,,,,,,,,,,,,not_checked,,,,,,True,"Prefer primary experimental sodium-ion cathode papers. If none, accept exact/near-exact computed papers. Use reviews only as background. Never claim this validates the MP record.",Only mark no_relevant_literature_found for this exact query after checking it. Do not conclude the whole candidate has no literature unless several A/B/C queries fail.
Q0220,Na_candidate_27,27,Na0-2MnCSO7,Na2MnCSO7,MnCSO7,sulfate_or_sulfur_oxoanion_like,C-Mn-O-S,_exact_formula_electrode,2,A_try_first,Google Scholar,Na2MnCO3SO4 electrode cathode,https://scholar.google.com/scholar?q=Na2MnCO3SO4+electrode+cathode,Search-friendly discharged formula with electrode/cathode words.,True,search_this_first,na2mnco3so4 electrode cathode,False,not_checked,not_checked,,,,,,,,,,,,,not_checked,,,,,,True,"Prefer primary experimental sodium-ion cathode papers. If none, accept exact/near-exact computed papers. Use reviews only as background. Never claim this validates the MP record.",Only mark no_relevant_literature_found for this exact query after checking it. Do not conclude the whole candidate has no literature unless several A/B/C queries fail.
Q0221,Na_candidate_27,27,Na0-2MnCSO7,Na2MnCSO7,MnCSO7,sulfate_or_sulfur_oxoanion_like,C-Mn-O-S,_exact_formula_sodium_ion,3,A_try_first,Google Scholar,Na2Mn(CO3)(SO4) sodium ion battery cathode,https://scholar.google.com/scholar?q=Na2Mn%28CO3%29%28SO4%29+sodium+ion+battery+cathode,Search-friendly discharged formula. Uses grouped/expanded anion notation when needed; no strict quotes to tolerate formatting differences.,True,search_this_first,na2mn(co3)(so4) sodium ion battery cathode,False,not_checked,not_checked,,,,,,,,,,,,,not_checked,,,,,,True,"Prefer primary experimental sodium-ion cathode papers. If none, accept exact/near-exact computed papers. Use reviews only as background. Never claim this validates the MP record.",Only mark no_relevant_literature_found for this exact query after checking it. Do not conclude the whole candidate has no literature unless several A/B/C queries fail.
Q0222,Na_candidate_27,27,Na0-2MnCSO7,Na2MnCSO7,MnCSO7,sulfate_or_sulfur_oxoanion_like,C-Mn-O-S,_exact_formula_electrode,4,A_try_first,Google Scholar,Na2Mn(CO3)(SO4) electrode cathode,https://scholar.google.com/scholar?q=Na2Mn%28CO3%29%28SO4%29+electrode+cathode,Search-friendly discharged formula with electrode/cathode words.,True,search_this_first,na2mn(co3)(so4) electrode cathode,False,not_checked,not_checked,,,,,,,,,,,,,not_checked,,,,,,True,"Prefer primary experimental sodium-ion cathode papers. If none, accept exact/near-exact computed papers. Use reviews only as background. Never claim this validates the MP record.",Only mark no_relevant_literature_found for this exact query after checking it. Do not conclude the whole candidate has no literature unless several A/B/C queries fail.
Q0223,Na_candidate_27,27,Na0-2MnCSO7,Na2MnCSO7,MnCSO7,sulfate_or_sulfur_oxoanion_like,C-Mn-O-S,_exact_formula_sodium_ion,5,A_try_first,Google Scholar,Na2Mn(SO4)(CO3) sodium ion battery cathode,https://scholar.google.com/scholar?q=Na2Mn%28SO4%29%28CO3%29+sodium+ion+battery+cathode,Search-friendly discharged formula. Uses grouped/expanded anion notation when needed; no strict quotes to tolerate formatting differences.,True,search_this_first,na2mn(so4)(co3) sodium ion battery cathode,False,not_checked,not_checked,,,,,,,,,,,,,not_checked,,,,,,True,"Prefer primary experimental sodium-ion cathode papers. If none, accept exact/near-exact computed papers. Use reviews only as background. Never claim this validates the MP record.",Only mark no_relevant_literature_found for this exact query after checking it. Do not conclude the whole candidate has no literature unless several A/B/C queries fail.
Q0224,Na_candidate_27,27,Na0-2MnCSO7,Na2MnCSO7,MnCSO7,sulfate_or_sulfur_oxoanion_like,C-Mn-O-S,_exact_formula_electrode,6,A_try_first,Google Scholar,Na2Mn(SO4)(CO3) electrode cathode,https://scholar.google.com/scholar?q=Na2Mn%28SO4%29%28CO3%29+electrode+cathode,Search-friendly discharged formula with electrode/cathode words.,True,search_this_first,na2mn(so4)(co3) electrode cathode,False,not_checked,not_checked,,,,,,,,,,,,,not_checked,,,,,,True,"Prefer primary experimental sodium-ion cathode papers. If none, accept exact/near-exact computed papers. Use reviews only as background. Never claim this validates the MP record.",Only mark no_relevant_literature_found for this exact query after checking it. Do not conclude the whole candidate has no literature unless several A/B/C queries fail.
Q0225,Na_candidate_27,27,Na0-2MnCSO7,Na2MnCSO7,MnCSO7,sulfate_or_sulfur_oxoanion_like,C-Mn-O-S,quoted_literature_formula,7,B_try_second,Google Scholar,"""Na2MnCO3SO4"" sodium ion battery cathode",https://scholar.google.com/scholar?q=%22Na2MnCO3SO4%22+sodium+ion+battery+cathode,Quoted formula query. Use after the unquoted query; quotes can miss papers using subscripts/spaces.,True,search_if_needed,"""na2mnco3so4"" sodium ion battery cathode",False,not_checked,not_checked,,,,,,,,,,,,,not_checked,,,,,,True,"Prefer primary experimental sodium-ion cathode papers. If none, accept exact/near-exact computed papers. Use reviews only as background. Never claim this validates the MP record.",Only mark no_relevant_literature_found for this exact query after checking it. Do not conclude the whole candidate has no literature unless several A/B/C queries fail.
Q0226,Na_candidate_27,27,Na0-2MnCSO7,Na2MnCSO7,MnCSO7,sulfate_or_sulfur_oxoanion_like,C-Mn-O-S,quoted_literature_formula,8,B_try_second,Google Scholar,"""Na2Mn(CO3)(SO4)"" sodium ion battery cathode",https://scholar.google.com/scholar?q=%22Na2Mn%28CO3%29%28SO4%29%22+sodium+ion+battery+cathode,Quoted formula query. Use after the unquoted query; quotes can miss papers using subscripts/spaces.,True,search_if_needed,"""na2mn(co3)(so4)"" sodium ion battery cathode",False,not_checked,not_checked,,,,,,,,,,,,,not_checked,,,,,,True,"Prefer primary experimental sodium-ion cathode papers. If none, accept exact/near-exact computed papers. Use reviews only as background. Never claim this validates the MP record.",Only mark no_relevant_literature_found for this exact query after checking it. Do not conclude the whole candidate has no literature unless several A/B/C queries fail.
Q0227,Na_candidate_27,27,Na0-2MnCSO7,Na2MnCSO7,MnCSO7,sulfate_or_sulfur_oxoanion_like,C-Mn-O-S,variable_sodium_literature_formula,9,B_try_second,Google Scholar,NaxMnCO3SO4 sodium ion battery cathode,https://scholar.google.com/scholar?q=NaxMnCO3SO4+sodium+ion+battery+cathode,Variable-sodium literature formula. Useful when papers report Nax phases instead of a fully sodiated formula.,True,search_if_needed,naxmnco3so4 sodium ion battery cathode,False,not_checked,not_checked,,,,,,,,,,,,,not_checked,,,,,,True,"Prefer primary experimental sodium-ion cathode papers. If none, accept exact/near-exact computed papers. Use reviews only as background. Never claim this validates the MP record.",Only mark no_relevant_literature_found for this exact query after checking it. Do not conclude the whole candidate has no literature unless several A/B/C queries fail.
Q0228,Na_candidate_27,27,Na0-2MnCSO7,Na2MnCSO7,MnCSO7,sulfate_or_sulfur_oxoanion_like,C-Mn-O-S,variable_sodium_literature_formula,10,B_try_second,Google Scholar,NaxMn(CO3)(SO4) sodium ion battery cathode,https://scholar.google.com/scholar?q=NaxMn%28CO3%29%28SO4%29+sodium+ion+battery+cathode,Variable-sodium literature formula. Useful when papers report Nax phases instead of a fully sodiated formula.,True,search_if_needed,naxmn(co3)(so4) sodium ion battery cathode,False,not_checked,not_checked,,,,,,,,,,,,,not_checked,,,,,,True,"Prefer primary experimental sodium-ion cathode papers. If none, accept exact/near-exact computed papers. Use reviews only as background. Never claim this validates the MP record.",Only mark no_relevant_literature_found for this exact query after checking it. Do not conclude the whole candidate has no literature unless several A/B/C queries fail.
Q0229,Na_candidate_28,28,Na1-3VSiCO7,Na3VSiCO7,VSiCO7,silicate_like,C-O-Si-V,_exact_formula_sodium_ion,1,A_try_first,Google Scholar,Na3VSiO4CO3 sodium ion battery cathode,https://scholar.google.com/scholar?q=Na3VSiO4CO3+sodium+ion+battery+cathode,Search-friendly discharged formula. Uses grouped/expanded anion notation when needed; no strict quotes to tolerate formatting differences.,True,search_this_first,na3vsio4co3 sodium ion battery cathode,False,not_checked,not_checked,,,,,,,,,,,,,not_checked,,,,,,True,"Prefer primary experimental sodium-ion cathode papers. If none, accept exact/near-exact computed papers. Use reviews only as background. Never claim this validates the MP record.",Only mark no_relevant_literature_found for this exact query after checking it. Do not conclude the whole candidate has no literature unless several A/B/C queries fail.
Q0230,Na_candidate_28,28,Na1-3VSiCO7,Na3VSiCO7,VSiCO7,silicate_like,C-O-Si-V,_exact_formula_electrode,2,A_try_first,Google Scholar,Na3VSiO4CO3 electrode cathode,https://scholar.google.com/scholar?q=Na3VSiO4CO3+electrode+cathode,Search-friendly discharged formula with electrode/cathode words.,True,search_this_first,na3vsio4co3 electrode cathode,False,not_checked,not_checked,,,,,,,,,,,,,not_checked,,,,,,True,"Prefer primary experimental sodium-ion cathode papers. If none, accept exact/near-exact computed papers. Use reviews only as background. Never claim this validates the MP record.",Only mark no_relevant_literature_found for this exact query after checking it. Do not conclude the whole candidate has no literature unless several A/B/C queries fail.
Q0231,Na_candidate_28,28,Na1-3VSiCO7,Na3VSiCO7,VSiCO7,silicate_like,C-O-Si-V,_exact_formula_sodium_ion,3,A_try_first,Google Scholar,Na3V(CO3)(SiO4) sodium ion battery cathode,https://scholar.google.com/scholar?q=Na3V%28CO3%29%28SiO4%29+sodium+ion+battery+cathode,Search-friendly discharged formula. Uses grouped/expanded anion notation when needed; no strict quotes to tolerate formatting differences.,True,search_this_first,na3v(co3)(sio4) sodium ion battery cathode,False,not_checked,not_checked,,,,,,,,,,,,,not_checked,,,,,,True,"Prefer primary experimental sodium-ion cathode papers. If none, accept exact/near-exact computed papers. Use reviews only as background. Never claim this validates the MP record.",Only mark no_relevant_literature_found for this exact query after checking it. Do not conclude the whole candidate has no literature unless several A/B/C queries fail.
Q0232,Na_candidate_28,28,Na1-3VSiCO7,Na3VSiCO7,VSiCO7,silicate_like,C-O-Si-V,_exact_formula_electrode,4,A_try_first,Google Scholar,Na3V(CO3)(SiO4) electrode cathode,https://scholar.google.com/scholar?q=Na3V%28CO3%29%28SiO4%29+electrode+cathode,Search-friendly discharged formula with electrode/cathode words.,True,search_this_first,na3v(co3)(sio4) electrode cathode,False,not_checked,not_checked,,,,,,,,,,,,,not_checked,,,,,,True,"Prefer primary experimental sodium-ion cathode papers. If none, accept exact/near-exact computed papers. Use reviews only as background. Never claim this validates the MP record.",Only mark no_relevant_literature_found for this exact query after checking it. Do not conclude the whole candidate has no literature unless several A/B/C queries fail.
Q0233,Na_candidate_28,28,Na1-3VSiCO7,Na3VSiCO7,VSiCO7,silicate_like,C-O-Si-V,_exact_formula_sodium_ion,5,A_try_first,Google Scholar,Na3V(SiO4)(CO3) sodium ion battery cathode,https://scholar.google.com/scholar?q=Na3V%28SiO4%29%28CO3%29+sodium+ion+battery+cathode,Search-friendly discharged formula. Uses grouped/expanded anion notation when needed; no strict quotes to tolerate formatting differences.,True,search_this_first,na3v(sio4)(co3) sodium ion battery cathode,False,not_checked,not_checked,,,,,,,,,,,,,not_checked,,,,,,True,"Prefer primary experimental sodium-ion cathode papers. If none, accept exact/near-exact computed papers. Use reviews only as background. Never claim this validates the MP record.",Only mark no_relevant_literature_found for this exact query after checking it. Do not conclude the whole candidate has no literature unless several A/B/C queries fail.
Q0234,Na_candidate_28,28,Na1-3VSiCO7,Na3VSiCO7,VSiCO7,silicate_like,C-O-Si-V,_exact_formula_electrode,6,A_try_first,Google Scholar,Na3V(SiO4)(CO3) electrode cathode,https://scholar.google.com/scholar?q=Na3V%28SiO4%29%28CO3%29+electrode+cathode,Search-friendly discharged formula with electrode/cathode words.,True,search_this_first,na3v(sio4)(co3) electrode cathode,False,not_checked,not_checked,,,,,,,,,,,,,not_checked,,,,,,True,"Prefer primary experimental sodium-ion cathode papers. If none, accept exact/near-exact computed papers. Use reviews only as background. Never claim this validates the MP record.",Only mark no_relevant_literature_found for this exact query after checking it. Do not conclude the whole candidate has no literature unless several A/B/C queries fail.
Q0235,Na_candidate_28,28,Na1-3VSiCO7,Na3VSiCO7,VSiCO7,silicate_like,C-O-Si-V,quoted_literature_formula,7,B_try_second,Google Scholar,"""Na3VSiO4CO3"" sodium ion battery cathode",https://scholar.google.com/scholar?q=%22Na3VSiO4CO3%22+sodium+ion+battery+cathode,Quoted formula query. Use after the unquoted query; quotes can miss papers using subscripts/spaces.,True,search_if_needed,"""na3vsio4co3"" sodium ion battery cathode",False,not_checked,not_checked,,,,,,,,,,,,,not_checked,,,,,,True,"Prefer primary experimental sodium-ion cathode papers. If none, accept exact/near-exact computed papers. Use reviews only as background. Never claim this validates the MP record.",Only mark no_relevant_literature_found for this exact query after checking it. Do not conclude the whole candidate has no literature unless several A/B/C queries fail.
Q0236,Na_candidate_28,28,Na1-3VSiCO7,Na3VSiCO7,VSiCO7,silicate_like,C-O-Si-V,quoted_literature_formula,8,B_try_second,Google Scholar,"""Na3V(CO3)(SiO4)"" sodium ion battery cathode",https://scholar.google.com/scholar?q=%22Na3V%28CO3%29%28SiO4%29%22+sodium+ion+battery+cathode,Quoted formula query. Use after the unquoted query; quotes can miss papers using subscripts/spaces.,True,search_if_needed,"""na3v(co3)(sio4)"" sodium ion battery cathode",False,not_checked,not_checked,,,,,,,,,,,,,not_checked,,,,,,True,"Prefer primary experimental sodium-ion cathode papers. If none, accept exact/near-exact computed papers. Use reviews only as background. Never claim this validates the MP record.",Only mark no_relevant_literature_found for this exact query after checking it. Do not conclude the whole candidate has no literature unless several A/B/C queries fail.
Q0237,Na_candidate_28,28,Na1-3VSiCO7,Na3VSiCO7,VSiCO7,silicate_like,C-O-Si-V,variable_sodium_literature_formula,9,B_try_second,Google Scholar,NaxVSiO4CO3 sodium ion battery cathode,https://scholar.google.com/scholar?q=NaxVSiO4CO3+sodium+ion+battery+cathode,Variable-sodium literature formula. Useful when papers report Nax phases instead of a fully sodiated formula.,True,search_if_needed,naxvsio4co3 sodium ion battery cathode,False,not_checked,not_checked,,,,,,,,,,,,,not_checked,,,,,,True,"Prefer primary experimental sodium-ion cathode papers. If none, accept exact/near-exact computed papers. Use reviews only as background. Never claim this validates the MP record.",Only mark no_relevant_literature_found for this exact query after checking it. Do not conclude the whole candidate has no literature unless several A/B/C queries fail.
Q0238,Na_candidate_28,28,Na1-3VSiCO7,Na3VSiCO7,VSiCO7,silicate_like,C-O-Si-V,variable_sodium_literature_formula,10,B_try_second,Google Scholar,NaxV(CO3)(SiO4) sodium ion battery cathode,https://scholar.google.com/scholar?q=NaxV%28CO3%29%28SiO4%29+sodium+ion+battery+cathode,Variable-sodium literature formula. Useful when papers report Nax phases instead of a fully sodiated formula.,True,search_if_needed,naxv(co3)(sio4) sodium ion battery cathode,False,not_checked,not_checked,,,,,,,,,,,,,not_checked,,,,,,True,"Prefer primary experimental sodium-ion cathode papers. If none, accept exact/near-exact computed papers. Use reviews only as background. Never claim this validates the MP record.",Only mark no_relevant_literature_found for this exact query after checking it. Do not conclude the whole candidate has no literature unless several A/B/C queries fail.
Q0239,Na_candidate_29,29,Na0-1MnO2,NaMnO2,MnO2,transition_metal_oxide_like,Mn-O,_exact_formula_sodium_ion,1,A_try_first,Google Scholar,NaMnO2 sodium ion battery cathode,https://scholar.google.com/scholar?q=NaMnO2+sodium+ion+battery+cathode,Search-friendly discharged formula. Uses grouped/expanded anion notation when needed; no strict quotes to tolerate formatting differences.,True,search_this_first,namno2 sodium ion battery cathode,False,not_checked,not_checked,,,,,,,,,,,,,not_checked,,,,,,True,"Prefer primary experimental sodium-ion cathode papers. If none, accept exact/near-exact computed papers. Use reviews only as background. Never claim this validates the MP record.",Only mark no_relevant_literature_found for this exact query after checking it. Do not conclude the whole candidate has no literature unless several A/B/C queries fail.
Q0240,Na_candidate_29,29,Na0-1MnO2,NaMnO2,MnO2,transition_metal_oxide_like,Mn-O,_exact_formula_electrode,2,A_try_first,Google Scholar,NaMnO2 electrode cathode,https://scholar.google.com/scholar?q=NaMnO2+electrode+cathode,Search-friendly discharged formula with electrode/cathode words.,True,search_this_first,namno2 electrode cathode,False,not_checked,not_checked,,,,,,,,,,,,,not_checked,,,,,,True,"Prefer primary experimental sodium-ion cathode papers. If none, accept exact/near-exact computed papers. Use reviews only as background. Never claim this validates the MP record.",Only mark no_relevant_literature_found for this exact query after checking it. Do not conclude the whole candidate has no literature unless several A/B/C queries fail.
Q0241,Na_candidate_29,29,Na0-1MnO2,NaMnO2,MnO2,transition_metal_oxide_like,Mn-O,quoted_literature_formula,3,B_try_second,Google Scholar,"""NaMnO2"" sodium ion battery cathode",https://scholar.google.com/scholar?q=%22NaMnO2%22+sodium+ion+battery+cathode,Quoted formula query. Use after the unquoted query; quotes can miss papers using subscripts/spaces.,True,search_if_needed,"""namno2"" sodium ion battery cathode",False,not_checked,not_checked,,,,,,,,,,,,,not_checked,,,,,,True,"Prefer primary experimental sodium-ion cathode papers. If none, accept exact/near-exact computed papers. Use reviews only as background. Never claim this validates the MP record.",Only mark no_relevant_literature_found for this exact query after checking it. Do not conclude the whole candidate has no literature unless several A/B/C queries fail.
Q0242,Na_candidate_29,29,Na0-1MnO2,NaMnO2,MnO2,transition_metal_oxide_like,Mn-O,variable_sodium_literature_formula,4,B_try_second,Google Scholar,NaxMnO2 sodium ion battery cathode,https://scholar.google.com/scholar?q=NaxMnO2+sodium+ion+battery+cathode,Variable-sodium literature formula. Useful when papers report Nax phases instead of a fully sodiated formula.,True,search_if_needed,naxmno2 sodium ion battery cathode,False,not_checked,not_checked,,,,,,,,,,,,,not_checked,,,,,,True,"Prefer primary experimental sodium-ion cathode papers. If none, accept exact/near-exact computed papers. Use reviews only as background. Never claim this validates the MP record.",Only mark no_relevant_literature_found for this exact query after checking it. Do not conclude the whole candidate has no literature unless several A/B/C queries fail.
Q0243,Na_candidate_29,29,Na0-1MnO2,NaMnO2,MnO2,transition_metal_oxide_like,Mn-O,_framework_formula,5,B_try_second,Google Scholar,MnO2 sodium ion battery cathode,https://scholar.google.com/scholar?q=MnO2+sodium+ion+battery+cathode,"Framework-level search-friendly formula. This is analogue evidence, not exact formula validation.",True,search_if_needed,mno2 sodium ion battery cathode,False,not_checked,not_checked,,,,,,,,,,,,,not_checked,,,,,,True,"Prefer primary experimental sodium-ion cathode papers. If none, accept exact/near-exact computed papers. Use reviews only as background. Never claim this validates the MP record.",Only mark no_relevant_literature_found for this exact query after checking it. Do not conclude the whole candidate has no literature unless several A/B/C queries fail.
Q0244,Na_candidate_29,29,Na0-1MnO2,NaMnO2,MnO2,transition_metal_oxide_like,Mn-O,material_phrase_oxide,6,C_broad_fallback,Google Scholar,sodium manganese oxide cathode,https://scholar.google.com/scholar?q=sodium+manganese+oxide+cathode,Material-name or family-name query. Use to find papers that do not write the exact formula in the title/abstract.,True,search_if_needed,sodium manganese oxide cathode,False,not_checked,not_checked,,,,,,,,,,,,,not_checked,,,,,,True,"Prefer primary experimental sodium-ion cathode papers. If none, accept exact/near-exact computed papers. Use reviews only as background. Never claim this validates the MP record.",Only mark no_relevant_literature_found for this exact query after checking it. Do not conclude the whole candidate has no literature unless several A/B/C queries fail.
Q0245,Na_candidate_29,29,Na0-1MnO2,NaMnO2,MnO2,transition_metal_oxide_like,Mn-O,broad_family_oxide,8,C_broad_fallback,Google Scholar,layered transition metal oxide sodium ion battery cathode,https://scholar.google.com/scholar?q=layered+transition+metal+oxide+sodium+ion+battery+cathode,Material-name or family-name query. Use to find papers that do not write the exact formula in the title/abstract.,True,search_if_needed,layered transition metal oxide sodium ion battery cathode,False,not_checked,not_checked,,,,,,,,,,,,,not_checked,,,,,,True,"Prefer primary experimental sodium-ion cathode papers. If none, accept exact/near-exact computed papers. Use reviews only as background. Never claim this validates the MP record.",Only mark no_relevant_literature_found for this exact query after checking it. Do not conclude the whole candidate has no literature unless several A/B/C queries fail.
Q0246,Na_candidate_30,30,Na0-3.5Cr2(PO4)3,Na7Cr4(PO4)6,Cr2(PO4)3,polyanion_phosphate_like,Cr-O-P,_exact_formula_sodium_ion,1,A_try_first,Google Scholar,Na7Cr4(PO4)6 sodium ion battery cathode,https://scholar.google.com/scholar?q=Na7Cr4%28PO4%296+sodium+ion+battery+cathode,Search-friendly discharged formula. Uses grouped/expanded anion notation when needed; no strict quotes to tolerate formatting differences.,True,search_this_first,na7cr4(po4)6 sodium ion battery cathode,False,not_checked,not_checked,,,,,,,,,,,,,not_checked,,,,,,True,"Prefer primary experimental sodium-ion cathode papers. If none, accept exact/near-exact computed papers. Use reviews only as background. Never claim this validates the MP record.",Only mark no_relevant_literature_found for this exact query after checking it. Do not conclude the whole candidate has no literature unless several A/B/C queries fail.
Q0247,Na_candidate_30,30,Na0-3.5Cr2(PO4)3,Na7Cr4(PO4)6,Cr2(PO4)3,polyanion_phosphate_like,Cr-O-P,_exact_formula_electrode,2,A_try_first,Google Scholar,Na7Cr4(PO4)6 electrode cathode,https://scholar.google.com/scholar?q=Na7Cr4%28PO4%296+electrode+cathode,Search-friendly discharged formula with electrode/cathode words.,True,search_this_first,na7cr4(po4)6 electrode cathode,False,not_checked,not_checked,,,,,,,,,,,,,not_checked,,,,,,True,"Prefer primary experimental sodium-ion cathode papers. If none, accept exact/near-exact computed papers. Use reviews only as background. Never claim this validates the MP record.",Only mark no_relevant_literature_found for this exact query after checking it. Do not conclude the whole candidate has no literature unless several A/B/C queries fail.
Q0248,Na_candidate_30,30,Na0-3.5Cr2(PO4)3,Na7Cr4(PO4)6,Cr2(PO4)3,polyanion_phosphate_like,Cr-O-P,quoted_literature_formula,3,B_try_second,Google Scholar,"""Na7Cr4(PO4)6"" sodium ion battery cathode",https://scholar.google.com/scholar?q=%22Na7Cr4%28PO4%296%22+sodium+ion+battery+cathode,Quoted formula query. Use after the unquoted query; quotes can miss papers using subscripts/spaces.,True,search_if_needed,"""na7cr4(po4)6"" sodium ion battery cathode",False,not_checked,not_checked,,,,,,,,,,,,,not_checked,,,,,,True,"Prefer primary experimental sodium-ion cathode papers. If none, accept exact/near-exact computed papers. Use reviews only as background. Never claim this validates the MP record.",Only mark no_relevant_literature_found for this exact query after checking it. Do not conclude the whole candidate has no literature unless several A/B/C queries fail.
Q0249,Na_candidate_30,30,Na0-3.5Cr2(PO4)3,Na7Cr4(PO4)6,Cr2(PO4)3,polyanion_phosphate_like,Cr-O-P,variable_sodium_literature_formula,4,B_try_second,Google Scholar,NaxCr4(PO4)6 sodium ion battery cathode,https://scholar.google.com/scholar?q=NaxCr4%28PO4%296+sodium+ion+battery+cathode,Variable-sodium literature formula. Useful when papers report Nax phases instead of a fully sodiated formula.,True,search_if_needed,naxcr4(po4)6 sodium ion battery cathode,False,not_checked,not_checked,,,,,,,,,,,,,not_checked,,,,,,True,"Prefer primary experimental sodium-ion cathode papers. If none, accept exact/near-exact computed papers. Use reviews only as background. Never claim this validates the MP record.",Only mark no_relevant_literature_found for this exact query after checking it. Do not conclude the whole candidate has no literature unless several A/B/C queries fail.
Q0250,Na_candidate_30,30,Na0-3.5Cr2(PO4)3,Na7Cr4(PO4)6,Cr2(PO4)3,polyanion_phosphate_like,Cr-O-P,_framework_formula,5,B_try_second,Google Scholar,Cr2(PO4)3 sodium ion battery cathode,https://scholar.google.com/scholar?q=Cr2%28PO4%293+sodium+ion+battery+cathode,"Framework-level search-friendly formula. This is analogue evidence, not exact formula validation.",True,search_if_needed,cr2(po4)3 sodium ion battery cathode,False,not_checked,not_checked,,,,,,,,,,,,,not_checked,,,,,,True,"Prefer primary experimental sodium-ion cathode papers. If none, accept exact/near-exact computed papers. Use reviews only as background. Never claim this validates the MP record.",Only mark no_relevant_literature_found for this exact query after checking it. Do not conclude the whole candidate has no literature unless several A/B/C queries fail.
Q0251,Na_candidate_30,30,Na0-3.5Cr2(PO4)3,Na7Cr4(PO4)6,Cr2(PO4)3,polyanion_phosphate_like,Cr-O-P,material_phrase_phosphate,6,C_broad_fallback,Google Scholar,sodium chromium phosphate cathode,https://scholar.google.com/scholar?q=sodium+chromium+phosphate+cathode,Material-name or family-name query. Use to find papers that do not write the exact formula in the title/abstract.,True,search_if_needed,sodium chromium phosphate cathode,False,not_checked,not_checked,,,,,,,,,,,,,not_checked,,,,,,True,"Prefer primary experimental sodium-ion cathode papers. If none, accept exact/near-exact computed papers. Use reviews only as background. Never claim this validates the MP record.",Only mark no_relevant_literature_found for this exact query after checking it. Do not conclude the whole candidate has no literature unless several A/B/C queries fail.
Q0252,Na_candidate_30,30,Na0-3.5Cr2(PO4)3,Na7Cr4(PO4)6,Cr2(PO4)3,polyanion_phosphate_like,Cr-O-P,broad_family_polyanion,7,C_broad_fallback,Google Scholar,polyanion phosphate sodium ion battery cathode,https://scholar.google.com/scholar?q=polyanion+phosphate+sodium+ion+battery+cathode,Material-name or family-name query. Use to find papers that do not write the exact formula in the title/abstract.,True,search_if_needed,polyanion phosphate sodium ion battery cathode,False,not_checked,not_checked,,,,,,,,,,,,,not_checked,,,,,,True,"Prefer primary experimental sodium-ion cathode papers. If none, accept exact/near-exact computed papers. Use reviews only as background. Never claim this validates the MP record.",Only mark no_relevant_literature_found for this exact query after checking it. Do not conclude the whole candidate has no literature unless several A/B/C queries fail.
