target,feature,feature_origin,workflow_stage,leakage_level,rule_id,dependency_path
average_voltage,average_voltage,stored_electrode_target,stored_electrode_record,L1,RULE_DIRECT_TARGET,feature::average_voltage -> target::average_voltage
average_voltage,capacity_grav,stored_electrode_target,stored_electrode_record,L4,RULE_OTHER_STORED_TARGET,feature::capacity_grav -> concept::stored_electrode_record -> target::average_voltage
average_voltage,capacity_vol,stored_electrode_target,stored_electrode_record,L4,RULE_OTHER_STORED_TARGET,feature::capacity_vol -> concept::stored_electrode_record -> target::average_voltage
average_voltage,charge_formula_X_max,stoichiometric_window,electrode_state_stoichiometry,L0,RULE_SAFE_DEFAULT,feature::charge_formula_X_max -> target::average_voltage
average_voltage,charge_formula_X_mean,stoichiometric_window,electrode_state_stoichiometry,L0,RULE_SAFE_DEFAULT,feature::charge_formula_X_mean -> target::average_voltage
average_voltage,charge_formula_X_min,stoichiometric_window,electrode_state_stoichiometry,L0,RULE_SAFE_DEFAULT,feature::charge_formula_X_min -> target::average_voltage
average_voltage,charge_formula_X_range,stoichiometric_window,electrode_state_stoichiometry,L0,RULE_SAFE_DEFAULT,feature::charge_formula_X_range -> target::average_voltage
average_voltage,charge_formula_X_std,stoichiometric_window,electrode_state_stoichiometry,L0,RULE_SAFE_DEFAULT,feature::charge_formula_X_std -> target::average_voltage
average_voltage,charge_formula_Z_max,stoichiometric_window,electrode_state_stoichiometry,L0,RULE_SAFE_DEFAULT,feature::charge_formula_Z_max -> target::average_voltage
average_voltage,charge_formula_Z_mean,stoichiometric_window,electrode_state_stoichiometry,L0,RULE_SAFE_DEFAULT,feature::charge_formula_Z_mean -> target::average_voltage
average_voltage,charge_formula_Z_min,stoichiometric_window,electrode_state_stoichiometry,L0,RULE_SAFE_DEFAULT,feature::charge_formula_Z_min -> target::average_voltage
average_voltage,charge_formula_Z_range,stoichiometric_window,electrode_state_stoichiometry,L0,RULE_SAFE_DEFAULT,feature::charge_formula_Z_range -> target::average_voltage
average_voltage,charge_formula_Z_std,stoichiometric_window,electrode_state_stoichiometry,L0,RULE_SAFE_DEFAULT,feature::charge_formula_Z_std -> target::average_voltage
average_voltage,charge_formula_atomic_mass_max,stoichiometric_window,electrode_state_stoichiometry,L0,RULE_SAFE_DEFAULT,feature::charge_formula_atomic_mass_max -> target::average_voltage
average_voltage,charge_formula_atomic_mass_mean,stoichiometric_window,electrode_state_stoichiometry,L0,RULE_SAFE_DEFAULT,feature::charge_formula_atomic_mass_mean -> target::average_voltage
average_voltage,charge_formula_atomic_mass_min,stoichiometric_window,electrode_state_stoichiometry,L0,RULE_SAFE_DEFAULT,feature::charge_formula_atomic_mass_min -> target::average_voltage
average_voltage,charge_formula_atomic_mass_range,stoichiometric_window,electrode_state_stoichiometry,L0,RULE_SAFE_DEFAULT,feature::charge_formula_atomic_mass_range -> target::average_voltage
average_voltage,charge_formula_atomic_mass_std,stoichiometric_window,electrode_state_stoichiometry,L0,RULE_SAFE_DEFAULT,feature::charge_formula_atomic_mass_std -> target::average_voltage
average_voltage,charge_formula_frac_Ag,stoichiometric_window,electrode_state_stoichiometry,L0,RULE_SAFE_DEFAULT,feature::charge_formula_frac_Ag -> target::average_voltage
average_voltage,charge_formula_frac_Al,stoichiometric_window,electrode_state_stoichiometry,L0,RULE_SAFE_DEFAULT,feature::charge_formula_frac_Al -> target::average_voltage
average_voltage,charge_formula_frac_As,stoichiometric_window,electrode_state_stoichiometry,L0,RULE_SAFE_DEFAULT,feature::charge_formula_frac_As -> target::average_voltage
average_voltage,charge_formula_frac_B,stoichiometric_window,electrode_state_stoichiometry,L0,RULE_SAFE_DEFAULT,feature::charge_formula_frac_B -> target::average_voltage
average_voltage,charge_formula_frac_Br,stoichiometric_window,electrode_state_stoichiometry,L0,RULE_SAFE_DEFAULT,feature::charge_formula_frac_Br -> target::average_voltage
average_voltage,charge_formula_frac_C,stoichiometric_window,electrode_state_stoichiometry,L0,RULE_SAFE_DEFAULT,feature::charge_formula_frac_C -> target::average_voltage
average_voltage,charge_formula_frac_Ca,stoichiometric_window,electrode_state_stoichiometry,L0,RULE_SAFE_DEFAULT,feature::charge_formula_frac_Ca -> target::average_voltage
average_voltage,charge_formula_frac_Cl,stoichiometric_window,electrode_state_stoichiometry,L0,RULE_SAFE_DEFAULT,feature::charge_formula_frac_Cl -> target::average_voltage
average_voltage,charge_formula_frac_Co,stoichiometric_window,electrode_state_stoichiometry,L0,RULE_SAFE_DEFAULT,feature::charge_formula_frac_Co -> target::average_voltage
average_voltage,charge_formula_frac_Cr,stoichiometric_window,electrode_state_stoichiometry,L0,RULE_SAFE_DEFAULT,feature::charge_formula_frac_Cr -> target::average_voltage
average_voltage,charge_formula_frac_Cu,stoichiometric_window,electrode_state_stoichiometry,L0,RULE_SAFE_DEFAULT,feature::charge_formula_frac_Cu -> target::average_voltage
average_voltage,charge_formula_frac_F,stoichiometric_window,electrode_state_stoichiometry,L0,RULE_SAFE_DEFAULT,feature::charge_formula_frac_F -> target::average_voltage
average_voltage,charge_formula_frac_Fe,stoichiometric_window,electrode_state_stoichiometry,L0,RULE_SAFE_DEFAULT,feature::charge_formula_frac_Fe -> target::average_voltage
average_voltage,charge_formula_frac_I,stoichiometric_window,electrode_state_stoichiometry,L0,RULE_SAFE_DEFAULT,feature::charge_formula_frac_I -> target::average_voltage
average_voltage,charge_formula_frac_K,stoichiometric_window,electrode_state_stoichiometry,L0,RULE_SAFE_DEFAULT,feature::charge_formula_frac_K -> target::average_voltage
average_voltage,charge_formula_frac_Li,stoichiometric_window,electrode_state_stoichiometry,L0,RULE_SAFE_DEFAULT,feature::charge_formula_frac_Li -> target::average_voltage
average_voltage,charge_formula_frac_Mg,stoichiometric_window,electrode_state_stoichiometry,L0,RULE_SAFE_DEFAULT,feature::charge_formula_frac_Mg -> target::average_voltage
average_voltage,charge_formula_frac_Mn,stoichiometric_window,electrode_state_stoichiometry,L0,RULE_SAFE_DEFAULT,feature::charge_formula_frac_Mn -> target::average_voltage
average_voltage,charge_formula_frac_N,stoichiometric_window,electrode_state_stoichiometry,L0,RULE_SAFE_DEFAULT,feature::charge_formula_frac_N -> target::average_voltage
average_voltage,charge_formula_frac_Na,stoichiometric_window,electrode_state_stoichiometry,L0,RULE_SAFE_DEFAULT,feature::charge_formula_frac_Na -> target::average_voltage
average_voltage,charge_formula_frac_Ni,stoichiometric_window,electrode_state_stoichiometry,L0,RULE_SAFE_DEFAULT,feature::charge_formula_frac_Ni -> target::average_voltage
average_voltage,charge_formula_frac_O,stoichiometric_window,electrode_state_stoichiometry,L0,RULE_SAFE_DEFAULT,feature::charge_formula_frac_O -> target::average_voltage
average_voltage,charge_formula_frac_P,stoichiometric_window,electrode_state_stoichiometry,L0,RULE_SAFE_DEFAULT,feature::charge_formula_frac_P -> target::average_voltage
average_voltage,charge_formula_frac_S,stoichiometric_window,electrode_state_stoichiometry,L0,RULE_SAFE_DEFAULT,feature::charge_formula_frac_S -> target::average_voltage
average_voltage,charge_formula_frac_Si,stoichiometric_window,electrode_state_stoichiometry,L0,RULE_SAFE_DEFAULT,feature::charge_formula_frac_Si -> target::average_voltage
average_voltage,charge_formula_frac_Ti,stoichiometric_window,electrode_state_stoichiometry,L0,RULE_SAFE_DEFAULT,feature::charge_formula_frac_Ti -> target::average_voltage
average_voltage,charge_formula_frac_V,stoichiometric_window,electrode_state_stoichiometry,L0,RULE_SAFE_DEFAULT,feature::charge_formula_frac_V -> target::average_voltage
average_voltage,charge_formula_frac_Zn,stoichiometric_window,electrode_state_stoichiometry,L0,RULE_SAFE_DEFAULT,feature::charge_formula_frac_Zn -> target::average_voltage
average_voltage,charge_formula_frac_transition_metals,stoichiometric_window,electrode_state_stoichiometry,L0,RULE_SAFE_DEFAULT,feature::charge_formula_frac_transition_metals -> target::average_voltage
average_voltage,charge_formula_group_max,stoichiometric_window,electrode_state_stoichiometry,L0,RULE_SAFE_DEFAULT,feature::charge_formula_group_max -> target::average_voltage
average_voltage,charge_formula_group_mean,stoichiometric_window,electrode_state_stoichiometry,L0,RULE_SAFE_DEFAULT,feature::charge_formula_group_mean -> target::average_voltage
average_voltage,charge_formula_group_min,stoichiometric_window,electrode_state_stoichiometry,L0,RULE_SAFE_DEFAULT,feature::charge_formula_group_min -> target::average_voltage
average_voltage,charge_formula_group_range,stoichiometric_window,electrode_state_stoichiometry,L0,RULE_SAFE_DEFAULT,feature::charge_formula_group_range -> target::average_voltage
average_voltage,charge_formula_group_std,stoichiometric_window,electrode_state_stoichiometry,L0,RULE_SAFE_DEFAULT,feature::charge_formula_group_std -> target::average_voltage
average_voltage,charge_formula_has_Br,stoichiometric_window,electrode_state_stoichiometry,L0,RULE_SAFE_DEFAULT,feature::charge_formula_has_Br -> target::average_voltage
average_voltage,charge_formula_has_C,stoichiometric_window,electrode_state_stoichiometry,L0,RULE_SAFE_DEFAULT,feature::charge_formula_has_C -> target::average_voltage
average_voltage,charge_formula_has_Cl,stoichiometric_window,electrode_state_stoichiometry,L0,RULE_SAFE_DEFAULT,feature::charge_formula_has_Cl -> target::average_voltage
average_voltage,charge_formula_has_F,stoichiometric_window,electrode_state_stoichiometry,L0,RULE_SAFE_DEFAULT,feature::charge_formula_has_F -> target::average_voltage
average_voltage,charge_formula_has_I,stoichiometric_window,electrode_state_stoichiometry,L0,RULE_SAFE_DEFAULT,feature::charge_formula_has_I -> target::average_voltage
average_voltage,charge_formula_has_N,stoichiometric_window,electrode_state_stoichiometry,L0,RULE_SAFE_DEFAULT,feature::charge_formula_has_N -> target::average_voltage
average_voltage,charge_formula_has_O,stoichiometric_window,electrode_state_stoichiometry,L0,RULE_SAFE_DEFAULT,feature::charge_formula_has_O -> target::average_voltage
average_voltage,charge_formula_has_P,stoichiometric_window,electrode_state_stoichiometry,L0,RULE_SAFE_DEFAULT,feature::charge_formula_has_P -> target::average_voltage
average_voltage,charge_formula_has_S,stoichiometric_window,electrode_state_stoichiometry,L0,RULE_SAFE_DEFAULT,feature::charge_formula_has_S -> target::average_voltage
average_voltage,charge_formula_has_Si,stoichiometric_window,electrode_state_stoichiometry,L0,RULE_SAFE_DEFAULT,feature::charge_formula_has_Si -> target::average_voltage
average_voltage,charge_formula_n_atoms,stoichiometric_window,electrode_state_stoichiometry,L0,RULE_SAFE_DEFAULT,feature::charge_formula_n_atoms -> target::average_voltage
average_voltage,charge_formula_n_elements,stoichiometric_window,electrode_state_stoichiometry,L0,RULE_SAFE_DEFAULT,feature::charge_formula_n_elements -> target::average_voltage
average_voltage,charge_formula_n_transition_metals,stoichiometric_window,electrode_state_stoichiometry,L0,RULE_SAFE_DEFAULT,feature::charge_formula_n_transition_metals -> target::average_voltage
average_voltage,charge_formula_parse_ok,stoichiometric_window,electrode_state_stoichiometry,L0,RULE_SAFE_DEFAULT,feature::charge_formula_parse_ok -> target::average_voltage
average_voltage,charge_formula_row_max,stoichiometric_window,electrode_state_stoichiometry,L0,RULE_SAFE_DEFAULT,feature::charge_formula_row_max -> target::average_voltage
average_voltage,charge_formula_row_mean,stoichiometric_window,electrode_state_stoichiometry,L0,RULE_SAFE_DEFAULT,feature::charge_formula_row_mean -> target::average_voltage
average_voltage,charge_formula_row_min,stoichiometric_window,electrode_state_stoichiometry,L0,RULE_SAFE_DEFAULT,feature::charge_formula_row_min -> target::average_voltage
average_voltage,charge_formula_row_range,stoichiometric_window,electrode_state_stoichiometry,L0,RULE_SAFE_DEFAULT,feature::charge_formula_row_range -> target::average_voltage
average_voltage,charge_formula_row_std,stoichiometric_window,electrode_state_stoichiometry,L0,RULE_SAFE_DEFAULT,feature::charge_formula_row_std -> target::average_voltage
average_voltage,charge_summary_band_gap,post_dft_electronic_summary,post_dft_electronic,L4,RULE_POST_DFT_ELECTRONIC,feature::charge_summary_band_gap -> concept::post_dft_record -> target::average_voltage
average_voltage,charge_summary_density,relaxed_structure_summary,relaxed_structure,L0,RULE_SAFE_STRUCTURE,feature::charge_summary_density -> target::average_voltage
average_voltage,charge_summary_density_atomic,relaxed_structure_summary,relaxed_structure,L0,RULE_SAFE_STRUCTURE,feature::charge_summary_density_atomic -> target::average_voltage
average_voltage,charge_summary_energy_above_hull,post_dft_energy_stability_summary,post_dft_thermodynamics,L4,RULE_HULL_OTHER,feature::charge_summary_energy_above_hull -> concept::post_dft_thermodynamics -> target::average_voltage
average_voltage,charge_summary_formation_energy_per_atom,post_dft_energy_stability_summary,post_dft_thermodynamics,L2,RULE_FORMATION_ENERGY_VOLTAGE,feature::charge_summary_formation_energy_per_atom -> concept::insertion_energy_difference -> target::average_voltage
average_voltage,charge_summary_is_metal,post_dft_electronic_summary,post_dft_electronic,L4,RULE_POST_DFT_ELECTRONIC,feature::charge_summary_is_metal -> concept::post_dft_record -> target::average_voltage
average_voltage,charge_summary_is_stable,post_dft_energy_stability_summary,post_dft_thermodynamics,L4,RULE_HULL_OTHER,feature::charge_summary_is_stable -> concept::post_dft_thermodynamics -> target::average_voltage
average_voltage,charge_summary_nsites,relaxed_structure_summary,relaxed_structure,L0,RULE_SAFE_STRUCTURE,feature::charge_summary_nsites -> target::average_voltage
average_voltage,charge_summary_symmetry_number,relaxed_structure_summary,relaxed_structure,L0,RULE_SAFE_STRUCTURE,feature::charge_summary_symmetry_number -> target::average_voltage
average_voltage,charge_summary_theoretical,post_dft_provenance_flag,post_dft_provenance,L4,RULE_POST_DFT_PROVENANCE,feature::charge_summary_theoretical -> concept::post_dft_record -> target::average_voltage
average_voltage,charge_summary_volume,relaxed_structure_summary,relaxed_structure,L0,RULE_SAFE_STRUCTURE,feature::charge_summary_volume -> target::average_voltage
average_voltage,charge_summary_volume_per_site,relaxed_structure_summary,relaxed_structure,L0,RULE_SAFE_STRUCTURE,feature::charge_summary_volume_per_site -> target::average_voltage
average_voltage,discharge_formula_X_max,stoichiometric_window,electrode_state_stoichiometry,L0,RULE_SAFE_DEFAULT,feature::discharge_formula_X_max -> target::average_voltage
average_voltage,discharge_formula_X_mean,stoichiometric_window,electrode_state_stoichiometry,L0,RULE_SAFE_DEFAULT,feature::discharge_formula_X_mean -> target::average_voltage
average_voltage,discharge_formula_X_min,stoichiometric_window,electrode_state_stoichiometry,L0,RULE_SAFE_DEFAULT,feature::discharge_formula_X_min -> target::average_voltage
average_voltage,discharge_formula_X_range,stoichiometric_window,electrode_state_stoichiometry,L0,RULE_SAFE_DEFAULT,feature::discharge_formula_X_range -> target::average_voltage
average_voltage,discharge_formula_X_std,stoichiometric_window,electrode_state_stoichiometry,L0,RULE_SAFE_DEFAULT,feature::discharge_formula_X_std -> target::average_voltage
average_voltage,discharge_formula_Z_max,stoichiometric_window,electrode_state_stoichiometry,L0,RULE_SAFE_DEFAULT,feature::discharge_formula_Z_max -> target::average_voltage
average_voltage,discharge_formula_Z_mean,stoichiometric_window,electrode_state_stoichiometry,L0,RULE_SAFE_DEFAULT,feature::discharge_formula_Z_mean -> target::average_voltage
average_voltage,discharge_formula_Z_min,stoichiometric_window,electrode_state_stoichiometry,L0,RULE_SAFE_DEFAULT,feature::discharge_formula_Z_min -> target::average_voltage
average_voltage,discharge_formula_Z_range,stoichiometric_window,electrode_state_stoichiometry,L0,RULE_SAFE_DEFAULT,feature::discharge_formula_Z_range -> target::average_voltage
average_voltage,discharge_formula_Z_std,stoichiometric_window,electrode_state_stoichiometry,L0,RULE_SAFE_DEFAULT,feature::discharge_formula_Z_std -> target::average_voltage
average_voltage,discharge_formula_atomic_mass_max,stoichiometric_window,electrode_state_stoichiometry,L0,RULE_SAFE_DEFAULT,feature::discharge_formula_atomic_mass_max -> target::average_voltage
average_voltage,discharge_formula_atomic_mass_mean,stoichiometric_window,electrode_state_stoichiometry,L0,RULE_SAFE_DEFAULT,feature::discharge_formula_atomic_mass_mean -> target::average_voltage
average_voltage,discharge_formula_atomic_mass_min,stoichiometric_window,electrode_state_stoichiometry,L0,RULE_SAFE_DEFAULT,feature::discharge_formula_atomic_mass_min -> target::average_voltage
average_voltage,discharge_formula_atomic_mass_range,stoichiometric_window,electrode_state_stoichiometry,L0,RULE_SAFE_DEFAULT,feature::discharge_formula_atomic_mass_range -> target::average_voltage
average_voltage,discharge_formula_atomic_mass_std,stoichiometric_window,electrode_state_stoichiometry,L0,RULE_SAFE_DEFAULT,feature::discharge_formula_atomic_mass_std -> target::average_voltage
average_voltage,discharge_formula_frac_Ag,stoichiometric_window,electrode_state_stoichiometry,L0,RULE_SAFE_DEFAULT,feature::discharge_formula_frac_Ag -> target::average_voltage
average_voltage,discharge_formula_frac_Al,stoichiometric_window,electrode_state_stoichiometry,L0,RULE_SAFE_DEFAULT,feature::discharge_formula_frac_Al -> target::average_voltage
average_voltage,discharge_formula_frac_As,stoichiometric_window,electrode_state_stoichiometry,L0,RULE_SAFE_DEFAULT,feature::discharge_formula_frac_As -> target::average_voltage
average_voltage,discharge_formula_frac_B,stoichiometric_window,electrode_state_stoichiometry,L0,RULE_SAFE_DEFAULT,feature::discharge_formula_frac_B -> target::average_voltage
average_voltage,discharge_formula_frac_Br,stoichiometric_window,electrode_state_stoichiometry,L0,RULE_SAFE_DEFAULT,feature::discharge_formula_frac_Br -> target::average_voltage
average_voltage,discharge_formula_frac_C,stoichiometric_window,electrode_state_stoichiometry,L0,RULE_SAFE_DEFAULT,feature::discharge_formula_frac_C -> target::average_voltage
average_voltage,discharge_formula_frac_Ca,stoichiometric_window,electrode_state_stoichiometry,L0,RULE_SAFE_DEFAULT,feature::discharge_formula_frac_Ca -> target::average_voltage
average_voltage,discharge_formula_frac_Cl,stoichiometric_window,electrode_state_stoichiometry,L0,RULE_SAFE_DEFAULT,feature::discharge_formula_frac_Cl -> target::average_voltage
average_voltage,discharge_formula_frac_Co,stoichiometric_window,electrode_state_stoichiometry,L0,RULE_SAFE_DEFAULT,feature::discharge_formula_frac_Co -> target::average_voltage
average_voltage,discharge_formula_frac_Cr,stoichiometric_window,electrode_state_stoichiometry,L0,RULE_SAFE_DEFAULT,feature::discharge_formula_frac_Cr -> target::average_voltage
average_voltage,discharge_formula_frac_Cu,stoichiometric_window,electrode_state_stoichiometry,L0,RULE_SAFE_DEFAULT,feature::discharge_formula_frac_Cu -> target::average_voltage
average_voltage,discharge_formula_frac_F,stoichiometric_window,electrode_state_stoichiometry,L0,RULE_SAFE_DEFAULT,feature::discharge_formula_frac_F -> target::average_voltage
average_voltage,discharge_formula_frac_Fe,stoichiometric_window,electrode_state_stoichiometry,L0,RULE_SAFE_DEFAULT,feature::discharge_formula_frac_Fe -> target::average_voltage
average_voltage,discharge_formula_frac_I,stoichiometric_window,electrode_state_stoichiometry,L0,RULE_SAFE_DEFAULT,feature::discharge_formula_frac_I -> target::average_voltage
average_voltage,discharge_formula_frac_K,stoichiometric_window,electrode_state_stoichiometry,L0,RULE_SAFE_DEFAULT,feature::discharge_formula_frac_K -> target::average_voltage
average_voltage,discharge_formula_frac_Li,stoichiometric_window,electrode_state_stoichiometry,L0,RULE_SAFE_DEFAULT,feature::discharge_formula_frac_Li -> target::average_voltage
average_voltage,discharge_formula_frac_Mg,stoichiometric_window,electrode_state_stoichiometry,L0,RULE_SAFE_DEFAULT,feature::discharge_formula_frac_Mg -> target::average_voltage
average_voltage,discharge_formula_frac_Mn,stoichiometric_window,electrode_state_stoichiometry,L0,RULE_SAFE_DEFAULT,feature::discharge_formula_frac_Mn -> target::average_voltage
average_voltage,discharge_formula_frac_N,stoichiometric_window,electrode_state_stoichiometry,L0,RULE_SAFE_DEFAULT,feature::discharge_formula_frac_N -> target::average_voltage
average_voltage,discharge_formula_frac_Na,stoichiometric_window,electrode_state_stoichiometry,L0,RULE_SAFE_DEFAULT,feature::discharge_formula_frac_Na -> target::average_voltage
average_voltage,discharge_formula_frac_Ni,stoichiometric_window,electrode_state_stoichiometry,L0,RULE_SAFE_DEFAULT,feature::discharge_formula_frac_Ni -> target::average_voltage
average_voltage,discharge_formula_frac_O,stoichiometric_window,electrode_state_stoichiometry,L0,RULE_SAFE_DEFAULT,feature::discharge_formula_frac_O -> target::average_voltage
average_voltage,discharge_formula_frac_P,stoichiometric_window,electrode_state_stoichiometry,L0,RULE_SAFE_DEFAULT,feature::discharge_formula_frac_P -> target::average_voltage
average_voltage,discharge_formula_frac_S,stoichiometric_window,electrode_state_stoichiometry,L0,RULE_SAFE_DEFAULT,feature::discharge_formula_frac_S -> target::average_voltage
average_voltage,discharge_formula_frac_Si,stoichiometric_window,electrode_state_stoichiometry,L0,RULE_SAFE_DEFAULT,feature::discharge_formula_frac_Si -> target::average_voltage
average_voltage,discharge_formula_frac_Ti,stoichiometric_window,electrode_state_stoichiometry,L0,RULE_SAFE_DEFAULT,feature::discharge_formula_frac_Ti -> target::average_voltage
average_voltage,discharge_formula_frac_V,stoichiometric_window,electrode_state_stoichiometry,L0,RULE_SAFE_DEFAULT,feature::discharge_formula_frac_V -> target::average_voltage
average_voltage,discharge_formula_frac_Zn,stoichiometric_window,electrode_state_stoichiometry,L0,RULE_SAFE_DEFAULT,feature::discharge_formula_frac_Zn -> target::average_voltage
average_voltage,discharge_formula_frac_transition_metals,stoichiometric_window,electrode_state_stoichiometry,L0,RULE_SAFE_DEFAULT,feature::discharge_formula_frac_transition_metals -> target::average_voltage
average_voltage,discharge_formula_group_max,stoichiometric_window,electrode_state_stoichiometry,L0,RULE_SAFE_DEFAULT,feature::discharge_formula_group_max -> target::average_voltage
average_voltage,discharge_formula_group_mean,stoichiometric_window,electrode_state_stoichiometry,L0,RULE_SAFE_DEFAULT,feature::discharge_formula_group_mean -> target::average_voltage
average_voltage,discharge_formula_group_min,stoichiometric_window,electrode_state_stoichiometry,L0,RULE_SAFE_DEFAULT,feature::discharge_formula_group_min -> target::average_voltage
average_voltage,discharge_formula_group_range,stoichiometric_window,electrode_state_stoichiometry,L0,RULE_SAFE_DEFAULT,feature::discharge_formula_group_range -> target::average_voltage
average_voltage,discharge_formula_group_std,stoichiometric_window,electrode_state_stoichiometry,L0,RULE_SAFE_DEFAULT,feature::discharge_formula_group_std -> target::average_voltage
average_voltage,discharge_formula_has_Br,stoichiometric_window,electrode_state_stoichiometry,L0,RULE_SAFE_DEFAULT,feature::discharge_formula_has_Br -> target::average_voltage
average_voltage,discharge_formula_has_C,stoichiometric_window,electrode_state_stoichiometry,L0,RULE_SAFE_DEFAULT,feature::discharge_formula_has_C -> target::average_voltage
average_voltage,discharge_formula_has_Cl,stoichiometric_window,electrode_state_stoichiometry,L0,RULE_SAFE_DEFAULT,feature::discharge_formula_has_Cl -> target::average_voltage
average_voltage,discharge_formula_has_F,stoichiometric_window,electrode_state_stoichiometry,L0,RULE_SAFE_DEFAULT,feature::discharge_formula_has_F -> target::average_voltage
average_voltage,discharge_formula_has_I,stoichiometric_window,electrode_state_stoichiometry,L0,RULE_SAFE_DEFAULT,feature::discharge_formula_has_I -> target::average_voltage
average_voltage,discharge_formula_has_N,stoichiometric_window,electrode_state_stoichiometry,L0,RULE_SAFE_DEFAULT,feature::discharge_formula_has_N -> target::average_voltage
average_voltage,discharge_formula_has_O,stoichiometric_window,electrode_state_stoichiometry,L0,RULE_SAFE_DEFAULT,feature::discharge_formula_has_O -> target::average_voltage
average_voltage,discharge_formula_has_P,stoichiometric_window,electrode_state_stoichiometry,L0,RULE_SAFE_DEFAULT,feature::discharge_formula_has_P -> target::average_voltage
average_voltage,discharge_formula_has_S,stoichiometric_window,electrode_state_stoichiometry,L0,RULE_SAFE_DEFAULT,feature::discharge_formula_has_S -> target::average_voltage
average_voltage,discharge_formula_has_Si,stoichiometric_window,electrode_state_stoichiometry,L0,RULE_SAFE_DEFAULT,feature::discharge_formula_has_Si -> target::average_voltage
average_voltage,discharge_formula_n_atoms,stoichiometric_window,electrode_state_stoichiometry,L0,RULE_SAFE_DEFAULT,feature::discharge_formula_n_atoms -> target::average_voltage
average_voltage,discharge_formula_n_elements,stoichiometric_window,electrode_state_stoichiometry,L0,RULE_SAFE_DEFAULT,feature::discharge_formula_n_elements -> target::average_voltage
average_voltage,discharge_formula_n_transition_metals,stoichiometric_window,electrode_state_stoichiometry,L0,RULE_SAFE_DEFAULT,feature::discharge_formula_n_transition_metals -> target::average_voltage
average_voltage,discharge_formula_parse_ok,stoichiometric_window,electrode_state_stoichiometry,L0,RULE_SAFE_DEFAULT,feature::discharge_formula_parse_ok -> target::average_voltage
average_voltage,discharge_formula_row_max,stoichiometric_window,electrode_state_stoichiometry,L0,RULE_SAFE_DEFAULT,feature::discharge_formula_row_max -> target::average_voltage
average_voltage,discharge_formula_row_mean,stoichiometric_window,electrode_state_stoichiometry,L0,RULE_SAFE_DEFAULT,feature::discharge_formula_row_mean -> target::average_voltage
average_voltage,discharge_formula_row_min,stoichiometric_window,electrode_state_stoichiometry,L0,RULE_SAFE_DEFAULT,feature::discharge_formula_row_min -> target::average_voltage
average_voltage,discharge_formula_row_range,stoichiometric_window,electrode_state_stoichiometry,L0,RULE_SAFE_DEFAULT,feature::discharge_formula_row_range -> target::average_voltage
average_voltage,discharge_formula_row_std,stoichiometric_window,electrode_state_stoichiometry,L0,RULE_SAFE_DEFAULT,feature::discharge_formula_row_std -> target::average_voltage
average_voltage,discharge_summary_band_gap,post_dft_electronic_summary,post_dft_electronic,L4,RULE_POST_DFT_ELECTRONIC,feature::discharge_summary_band_gap -> concept::post_dft_record -> target::average_voltage
average_voltage,discharge_summary_density,relaxed_structure_summary,relaxed_structure,L0,RULE_SAFE_STRUCTURE,feature::discharge_summary_density -> target::average_voltage
average_voltage,discharge_summary_density_atomic,relaxed_structure_summary,relaxed_structure,L0,RULE_SAFE_STRUCTURE,feature::discharge_summary_density_atomic -> target::average_voltage
average_voltage,discharge_summary_energy_above_hull,post_dft_energy_stability_summary,post_dft_thermodynamics,L4,RULE_HULL_OTHER,feature::discharge_summary_energy_above_hull -> concept::post_dft_thermodynamics -> target::average_voltage
average_voltage,discharge_summary_formation_energy_per_atom,post_dft_energy_stability_summary,post_dft_thermodynamics,L2,RULE_FORMATION_ENERGY_VOLTAGE,feature::discharge_summary_formation_energy_per_atom -> concept::insertion_energy_difference -> target::average_voltage
average_voltage,discharge_summary_is_metal,post_dft_electronic_summary,post_dft_electronic,L4,RULE_POST_DFT_ELECTRONIC,feature::discharge_summary_is_metal -> concept::post_dft_record -> target::average_voltage
average_voltage,discharge_summary_is_stable,post_dft_energy_stability_summary,post_dft_thermodynamics,L4,RULE_HULL_OTHER,feature::discharge_summary_is_stable -> concept::post_dft_thermodynamics -> target::average_voltage
average_voltage,discharge_summary_nsites,relaxed_structure_summary,relaxed_structure,L0,RULE_SAFE_STRUCTURE,feature::discharge_summary_nsites -> target::average_voltage
average_voltage,discharge_summary_symmetry_number,relaxed_structure_summary,relaxed_structure,L0,RULE_SAFE_STRUCTURE,feature::discharge_summary_symmetry_number -> target::average_voltage
average_voltage,discharge_summary_theoretical,post_dft_provenance_flag,post_dft_provenance,L4,RULE_POST_DFT_PROVENANCE,feature::discharge_summary_theoretical -> concept::post_dft_record -> target::average_voltage
average_voltage,discharge_summary_volume,relaxed_structure_summary,relaxed_structure,L0,RULE_SAFE_STRUCTURE,feature::discharge_summary_volume -> target::average_voltage
average_voltage,discharge_summary_volume_per_site,relaxed_structure_summary,relaxed_structure,L0,RULE_SAFE_STRUCTURE,feature::discharge_summary_volume_per_site -> target::average_voltage
average_voltage,energy_grav,stored_electrode_target,stored_electrode_record,L2,RULE_ENERGY_VOLTAGE_RELATION,feature::energy_grav -> concept::energy_definition -> target::average_voltage
average_voltage,energy_vol,stored_electrode_target,stored_electrode_record,L2,RULE_ENERGY_VOLTAGE_RELATION,feature::energy_vol -> concept::energy_definition -> target::average_voltage
average_voltage,fracA_charge,stoichiometric_window,electrode_state_stoichiometry,L0,RULE_SAFE_DEFAULT,feature::fracA_charge -> target::average_voltage
average_voltage,fracA_discharge,stoichiometric_window,electrode_state_stoichiometry,L0,RULE_SAFE_DEFAULT,feature::fracA_discharge -> target::average_voltage
average_voltage,fw_X_max,composition_known_framework,pre_dft_composition,L0,RULE_SAFE_DEFAULT,feature::fw_X_max -> target::average_voltage
average_voltage,fw_X_mean,composition_known_framework,pre_dft_composition,L0,RULE_SAFE_DEFAULT,feature::fw_X_mean -> target::average_voltage
average_voltage,fw_X_min,composition_known_framework,pre_dft_composition,L0,RULE_SAFE_DEFAULT,feature::fw_X_min -> target::average_voltage
average_voltage,fw_X_range,composition_known_framework,pre_dft_composition,L0,RULE_SAFE_DEFAULT,feature::fw_X_range -> target::average_voltage
average_voltage,fw_X_std,composition_known_framework,pre_dft_composition,L0,RULE_SAFE_DEFAULT,feature::fw_X_std -> target::average_voltage
average_voltage,fw_Z_max,composition_known_framework,pre_dft_composition,L0,RULE_SAFE_DEFAULT,feature::fw_Z_max -> target::average_voltage
average_voltage,fw_Z_mean,composition_known_framework,pre_dft_composition,L0,RULE_SAFE_DEFAULT,feature::fw_Z_mean -> target::average_voltage
average_voltage,fw_Z_min,composition_known_framework,pre_dft_composition,L0,RULE_SAFE_DEFAULT,feature::fw_Z_min -> target::average_voltage
average_voltage,fw_Z_range,composition_known_framework,pre_dft_composition,L0,RULE_SAFE_DEFAULT,feature::fw_Z_range -> target::average_voltage
average_voltage,fw_Z_std,composition_known_framework,pre_dft_composition,L0,RULE_SAFE_DEFAULT,feature::fw_Z_std -> target::average_voltage
average_voltage,fw_atomic_mass_max,composition_known_framework,pre_dft_composition,L0,RULE_SAFE_DEFAULT,feature::fw_atomic_mass_max -> target::average_voltage
average_voltage,fw_atomic_mass_mean,composition_known_framework,pre_dft_composition,L0,RULE_SAFE_DEFAULT,feature::fw_atomic_mass_mean -> target::average_voltage
average_voltage,fw_atomic_mass_min,composition_known_framework,pre_dft_composition,L0,RULE_SAFE_DEFAULT,feature::fw_atomic_mass_min -> target::average_voltage
average_voltage,fw_atomic_mass_range,composition_known_framework,pre_dft_composition,L0,RULE_SAFE_DEFAULT,feature::fw_atomic_mass_range -> target::average_voltage
average_voltage,fw_atomic_mass_std,composition_known_framework,pre_dft_composition,L0,RULE_SAFE_DEFAULT,feature::fw_atomic_mass_std -> target::average_voltage
average_voltage,fw_frac_Ag,composition_known_framework,pre_dft_composition,L0,RULE_SAFE_DEFAULT,feature::fw_frac_Ag -> target::average_voltage
average_voltage,fw_frac_Al,composition_known_framework,pre_dft_composition,L0,RULE_SAFE_DEFAULT,feature::fw_frac_Al -> target::average_voltage
average_voltage,fw_frac_As,composition_known_framework,pre_dft_composition,L0,RULE_SAFE_DEFAULT,feature::fw_frac_As -> target::average_voltage
average_voltage,fw_frac_B,composition_known_framework,pre_dft_composition,L0,RULE_SAFE_DEFAULT,feature::fw_frac_B -> target::average_voltage
average_voltage,fw_frac_Br,composition_known_framework,pre_dft_composition,L0,RULE_SAFE_DEFAULT,feature::fw_frac_Br -> target::average_voltage
average_voltage,fw_frac_C,composition_known_framework,pre_dft_composition,L0,RULE_SAFE_DEFAULT,feature::fw_frac_C -> target::average_voltage
average_voltage,fw_frac_Ca,composition_known_framework,pre_dft_composition,L0,RULE_SAFE_DEFAULT,feature::fw_frac_Ca -> target::average_voltage
average_voltage,fw_frac_Cl,composition_known_framework,pre_dft_composition,L0,RULE_SAFE_DEFAULT,feature::fw_frac_Cl -> target::average_voltage
average_voltage,fw_frac_Co,composition_known_framework,pre_dft_composition,L0,RULE_SAFE_DEFAULT,feature::fw_frac_Co -> target::average_voltage
average_voltage,fw_frac_Cr,composition_known_framework,pre_dft_composition,L0,RULE_SAFE_DEFAULT,feature::fw_frac_Cr -> target::average_voltage
average_voltage,fw_frac_Cu,composition_known_framework,pre_dft_composition,L0,RULE_SAFE_DEFAULT,feature::fw_frac_Cu -> target::average_voltage
average_voltage,fw_frac_F,composition_known_framework,pre_dft_composition,L0,RULE_SAFE_DEFAULT,feature::fw_frac_F -> target::average_voltage
average_voltage,fw_frac_Fe,composition_known_framework,pre_dft_composition,L0,RULE_SAFE_DEFAULT,feature::fw_frac_Fe -> target::average_voltage
average_voltage,fw_frac_I,composition_known_framework,pre_dft_composition,L0,RULE_SAFE_DEFAULT,feature::fw_frac_I -> target::average_voltage
average_voltage,fw_frac_K,composition_known_framework,pre_dft_composition,L0,RULE_SAFE_DEFAULT,feature::fw_frac_K -> target::average_voltage
average_voltage,fw_frac_Li,composition_known_framework,pre_dft_composition,L0,RULE_SAFE_DEFAULT,feature::fw_frac_Li -> target::average_voltage
average_voltage,fw_frac_Mg,composition_known_framework,pre_dft_composition,L0,RULE_SAFE_DEFAULT,feature::fw_frac_Mg -> target::average_voltage
average_voltage,fw_frac_Mn,composition_known_framework,pre_dft_composition,L0,RULE_SAFE_DEFAULT,feature::fw_frac_Mn -> target::average_voltage
average_voltage,fw_frac_N,composition_known_framework,pre_dft_composition,L0,RULE_SAFE_DEFAULT,feature::fw_frac_N -> target::average_voltage
average_voltage,fw_frac_Na,composition_known_framework,pre_dft_composition,L0,RULE_SAFE_DEFAULT,feature::fw_frac_Na -> target::average_voltage
average_voltage,fw_frac_Ni,composition_known_framework,pre_dft_composition,L0,RULE_SAFE_DEFAULT,feature::fw_frac_Ni -> target::average_voltage
average_voltage,fw_frac_O,composition_known_framework,pre_dft_composition,L0,RULE_SAFE_DEFAULT,feature::fw_frac_O -> target::average_voltage
average_voltage,fw_frac_P,composition_known_framework,pre_dft_composition,L0,RULE_SAFE_DEFAULT,feature::fw_frac_P -> target::average_voltage
average_voltage,fw_frac_S,composition_known_framework,pre_dft_composition,L0,RULE_SAFE_DEFAULT,feature::fw_frac_S -> target::average_voltage
average_voltage,fw_frac_Si,composition_known_framework,pre_dft_composition,L0,RULE_SAFE_DEFAULT,feature::fw_frac_Si -> target::average_voltage
average_voltage,fw_frac_Ti,composition_known_framework,pre_dft_composition,L0,RULE_SAFE_DEFAULT,feature::fw_frac_Ti -> target::average_voltage
average_voltage,fw_frac_V,composition_known_framework,pre_dft_composition,L0,RULE_SAFE_DEFAULT,feature::fw_frac_V -> target::average_voltage
average_voltage,fw_frac_Zn,composition_known_framework,pre_dft_composition,L0,RULE_SAFE_DEFAULT,feature::fw_frac_Zn -> target::average_voltage
average_voltage,fw_frac_transition_metals,composition_known_framework,pre_dft_composition,L0,RULE_SAFE_DEFAULT,feature::fw_frac_transition_metals -> target::average_voltage
average_voltage,fw_group_max,composition_known_framework,pre_dft_composition,L0,RULE_SAFE_DEFAULT,feature::fw_group_max -> target::average_voltage
average_voltage,fw_group_mean,composition_known_framework,pre_dft_composition,L0,RULE_SAFE_DEFAULT,feature::fw_group_mean -> target::average_voltage
average_voltage,fw_group_min,composition_known_framework,pre_dft_composition,L0,RULE_SAFE_DEFAULT,feature::fw_group_min -> target::average_voltage
average_voltage,fw_group_range,composition_known_framework,pre_dft_composition,L0,RULE_SAFE_DEFAULT,feature::fw_group_range -> target::average_voltage
average_voltage,fw_group_std,composition_known_framework,pre_dft_composition,L0,RULE_SAFE_DEFAULT,feature::fw_group_std -> target::average_voltage
average_voltage,fw_has_Br,composition_known_framework,pre_dft_composition,L0,RULE_SAFE_DEFAULT,feature::fw_has_Br -> target::average_voltage
average_voltage,fw_has_C,composition_known_framework,pre_dft_composition,L0,RULE_SAFE_DEFAULT,feature::fw_has_C -> target::average_voltage
average_voltage,fw_has_Cl,composition_known_framework,pre_dft_composition,L0,RULE_SAFE_DEFAULT,feature::fw_has_Cl -> target::average_voltage
average_voltage,fw_has_F,composition_known_framework,pre_dft_composition,L0,RULE_SAFE_DEFAULT,feature::fw_has_F -> target::average_voltage
average_voltage,fw_has_I,composition_known_framework,pre_dft_composition,L0,RULE_SAFE_DEFAULT,feature::fw_has_I -> target::average_voltage
average_voltage,fw_has_N,composition_known_framework,pre_dft_composition,L0,RULE_SAFE_DEFAULT,feature::fw_has_N -> target::average_voltage
average_voltage,fw_has_O,composition_known_framework,pre_dft_composition,L0,RULE_SAFE_DEFAULT,feature::fw_has_O -> target::average_voltage
average_voltage,fw_has_P,composition_known_framework,pre_dft_composition,L0,RULE_SAFE_DEFAULT,feature::fw_has_P -> target::average_voltage
average_voltage,fw_has_S,composition_known_framework,pre_dft_composition,L0,RULE_SAFE_DEFAULT,feature::fw_has_S -> target::average_voltage
average_voltage,fw_has_Si,composition_known_framework,pre_dft_composition,L0,RULE_SAFE_DEFAULT,feature::fw_has_Si -> target::average_voltage
average_voltage,fw_n_atoms,composition_known_framework,pre_dft_composition,L0,RULE_SAFE_DEFAULT,feature::fw_n_atoms -> target::average_voltage
average_voltage,fw_n_elements,composition_known_framework,pre_dft_composition,L0,RULE_SAFE_DEFAULT,feature::fw_n_elements -> target::average_voltage
average_voltage,fw_n_transition_metals,composition_known_framework,pre_dft_composition,L0,RULE_SAFE_DEFAULT,feature::fw_n_transition_metals -> target::average_voltage
average_voltage,fw_parse_ok,composition_known_framework,pre_dft_composition,L0,RULE_SAFE_DEFAULT,feature::fw_parse_ok -> target::average_voltage
average_voltage,fw_row_max,composition_known_framework,pre_dft_composition,L0,RULE_SAFE_DEFAULT,feature::fw_row_max -> target::average_voltage
average_voltage,fw_row_mean,composition_known_framework,pre_dft_composition,L0,RULE_SAFE_DEFAULT,feature::fw_row_mean -> target::average_voltage
average_voltage,fw_row_min,composition_known_framework,pre_dft_composition,L0,RULE_SAFE_DEFAULT,feature::fw_row_min -> target::average_voltage
average_voltage,fw_row_range,composition_known_framework,pre_dft_composition,L0,RULE_SAFE_DEFAULT,feature::fw_row_range -> target::average_voltage
average_voltage,fw_row_std,composition_known_framework,pre_dft_composition,L0,RULE_SAFE_DEFAULT,feature::fw_row_std -> target::average_voltage
average_voltage,max_delta_volume,stored_electrode_target,stored_electrode_record,L4,RULE_OTHER_STORED_TARGET,feature::max_delta_volume -> concept::stored_electrode_record -> target::average_voltage
average_voltage,max_voltage_step,stored_electrode_process_descriptor,stored_electrode_record,L4,RULE_VOLTAGE_WINDOW,feature::max_voltage_step -> concept::voltage_window -> target::average_voltage
average_voltage,num_steps,stored_electrode_process_descriptor,stored_electrode_record,L0,RULE_SAFE_DEFAULT,feature::num_steps -> target::average_voltage
average_voltage,stability_charge,stored_electrode_target,stored_electrode_record,L4,RULE_OTHER_STORED_TARGET,feature::stability_charge -> concept::stored_electrode_record -> target::average_voltage
average_voltage,stability_discharge,stored_electrode_target,stored_electrode_record,L4,RULE_OTHER_STORED_TARGET,feature::stability_discharge -> concept::stored_electrode_record -> target::average_voltage
average_voltage,stability_worst,stored_electrode_target,stored_electrode_record,L4,RULE_OTHER_STORED_TARGET,feature::stability_worst -> concept::stored_electrode_record -> target::average_voltage
average_voltage,stoich_abs_wi_amount_delta,stoichiometric_window,electrode_state_stoichiometry,L0,RULE_SAFE_DEFAULT,feature::stoich_abs_wi_amount_delta -> target::average_voltage
average_voltage,stoich_wi_amount_charge,stoichiometric_window,electrode_state_stoichiometry,L0,RULE_SAFE_DEFAULT,feature::stoich_wi_amount_charge -> target::average_voltage
average_voltage,stoich_wi_amount_delta,stoichiometric_window,electrode_state_stoichiometry,L0,RULE_SAFE_DEFAULT,feature::stoich_wi_amount_delta -> target::average_voltage
average_voltage,stoich_wi_amount_discharge,stoichiometric_window,electrode_state_stoichiometry,L0,RULE_SAFE_DEFAULT,feature::stoich_wi_amount_discharge -> target::average_voltage
average_voltage,stored_abs_fracA_delta,other_numeric,derived_miscellaneous,L0,RULE_SAFE_DEFAULT,feature::stored_abs_fracA_delta -> target::average_voltage
average_voltage,stored_fracA_delta,stoichiometric_window,electrode_state_stoichiometry,L0,RULE_SAFE_DEFAULT,feature::stored_fracA_delta -> target::average_voltage
average_voltage,summary_abs_delta_band_gap,post_dft_electronic_summary,post_dft_electronic,L4,RULE_POST_DFT_ELECTRONIC,feature::summary_abs_delta_band_gap -> concept::post_dft_record -> target::average_voltage
average_voltage,summary_abs_delta_density,relaxed_structure_summary,relaxed_structure,L0,RULE_SAFE_STRUCTURE,feature::summary_abs_delta_density -> target::average_voltage
average_voltage,summary_abs_delta_density_atomic,relaxed_structure_summary,relaxed_structure,L0,RULE_SAFE_STRUCTURE,feature::summary_abs_delta_density_atomic -> target::average_voltage
average_voltage,summary_abs_delta_energy_above_hull,post_dft_energy_stability_summary,post_dft_thermodynamics,L4,RULE_HULL_OTHER,feature::summary_abs_delta_energy_above_hull -> concept::post_dft_thermodynamics -> target::average_voltage
average_voltage,summary_abs_delta_formation_energy_per_atom,post_dft_energy_stability_summary,post_dft_thermodynamics,L2,RULE_FORMATION_ENERGY_VOLTAGE,feature::summary_abs_delta_formation_energy_per_atom -> concept::insertion_energy_difference -> target::average_voltage
average_voltage,summary_abs_delta_volume_fraction,relaxed_structure_summary,relaxed_structure,L0,RULE_SAFE_STRUCTURE,feature::summary_abs_delta_volume_fraction -> target::average_voltage
average_voltage,summary_abs_delta_volume_per_site,relaxed_structure_summary,relaxed_structure,L0,RULE_SAFE_STRUCTURE,feature::summary_abs_delta_volume_per_site -> target::average_voltage
average_voltage,summary_delta_band_gap,post_dft_electronic_summary,post_dft_electronic,L4,RULE_POST_DFT_ELECTRONIC,feature::summary_delta_band_gap -> concept::post_dft_record -> target::average_voltage
average_voltage,summary_delta_density,relaxed_structure_summary,relaxed_structure,L0,RULE_SAFE_STRUCTURE,feature::summary_delta_density -> target::average_voltage
average_voltage,summary_delta_density_atomic,relaxed_structure_summary,relaxed_structure,L0,RULE_SAFE_STRUCTURE,feature::summary_delta_density_atomic -> target::average_voltage
average_voltage,summary_delta_energy_above_hull,post_dft_energy_stability_summary,post_dft_thermodynamics,L4,RULE_HULL_OTHER,feature::summary_delta_energy_above_hull -> concept::post_dft_thermodynamics -> target::average_voltage
average_voltage,summary_delta_formation_energy_per_atom,post_dft_energy_stability_summary,post_dft_thermodynamics,L2,RULE_FORMATION_ENERGY_VOLTAGE,feature::summary_delta_formation_energy_per_atom -> concept::insertion_energy_difference -> target::average_voltage
average_voltage,summary_delta_volume_fraction,relaxed_structure_summary,relaxed_structure,L0,RULE_SAFE_STRUCTURE,feature::summary_delta_volume_fraction -> target::average_voltage
average_voltage,summary_delta_volume_per_site,relaxed_structure_summary,relaxed_structure,L0,RULE_SAFE_STRUCTURE,feature::summary_delta_volume_per_site -> target::average_voltage
average_voltage,summary_worst_energy_above_hull,post_dft_energy_stability_summary,post_dft_thermodynamics,L4,RULE_HULL_OTHER,feature::summary_worst_energy_above_hull -> concept::post_dft_thermodynamics -> target::average_voltage
average_voltage,wi_X,composition_known_working_ion,pre_dft_composition,L0,RULE_SAFE_DEFAULT,feature::wi_X -> target::average_voltage
average_voltage,wi_Z,composition_known_working_ion,pre_dft_composition,L0,RULE_SAFE_DEFAULT,feature::wi_Z -> target::average_voltage
average_voltage,wi_atomic_mass,composition_known_working_ion,pre_dft_composition,L0,RULE_SAFE_DEFAULT,feature::wi_atomic_mass -> target::average_voltage
average_voltage,wi_group,composition_known_working_ion,pre_dft_composition,L0,RULE_SAFE_DEFAULT,feature::wi_group -> target::average_voltage
average_voltage,wi_is_K,domain_label_onehot,validation_only,L5,RULE_DOMAIN_LABEL,feature::wi_is_K -> concept::validation_domain -> target::average_voltage
average_voltage,wi_is_Li,domain_label_onehot,validation_only,L5,RULE_DOMAIN_LABEL,feature::wi_is_Li -> concept::validation_domain -> target::average_voltage
average_voltage,wi_is_Na,domain_label_onehot,validation_only,L5,RULE_DOMAIN_LABEL,feature::wi_is_Na -> concept::validation_domain -> target::average_voltage
average_voltage,wi_row,composition_known_working_ion,pre_dft_composition,L0,RULE_SAFE_DEFAULT,feature::wi_row -> target::average_voltage
capacity_grav,average_voltage,stored_electrode_target,stored_electrode_record,L4,RULE_OTHER_STORED_TARGET,feature::average_voltage -> concept::stored_electrode_record -> target::capacity_grav
capacity_grav,capacity_grav,stored_electrode_target,stored_electrode_record,L1,RULE_DIRECT_TARGET,feature::capacity_grav -> target::capacity_grav
capacity_grav,capacity_vol,stored_electrode_target,stored_electrode_record,L2,RULE_CAPACITY_ENERGY_RELATION,feature::capacity_vol -> concept::capacity_energy_relation -> target::capacity_grav
capacity_grav,charge_formula_X_max,stoichiometric_window,electrode_state_stoichiometry,L3,RULE_STOICHIOMETRIC_WINDOW,feature::charge_formula_X_max -> concept::working_ion_transfer -> target::capacity_grav
capacity_grav,charge_formula_X_mean,stoichiometric_window,electrode_state_stoichiometry,L3,RULE_STOICHIOMETRIC_WINDOW,feature::charge_formula_X_mean -> concept::working_ion_transfer -> target::capacity_grav
capacity_grav,charge_formula_X_min,stoichiometric_window,electrode_state_stoichiometry,L3,RULE_STOICHIOMETRIC_WINDOW,feature::charge_formula_X_min -> concept::working_ion_transfer -> target::capacity_grav
capacity_grav,charge_formula_X_range,stoichiometric_window,electrode_state_stoichiometry,L3,RULE_STOICHIOMETRIC_WINDOW,feature::charge_formula_X_range -> concept::working_ion_transfer -> target::capacity_grav
capacity_grav,charge_formula_X_std,stoichiometric_window,electrode_state_stoichiometry,L3,RULE_STOICHIOMETRIC_WINDOW,feature::charge_formula_X_std -> concept::working_ion_transfer -> target::capacity_grav
capacity_grav,charge_formula_Z_max,stoichiometric_window,electrode_state_stoichiometry,L3,RULE_STOICHIOMETRIC_WINDOW,feature::charge_formula_Z_max -> concept::working_ion_transfer -> target::capacity_grav
capacity_grav,charge_formula_Z_mean,stoichiometric_window,electrode_state_stoichiometry,L3,RULE_STOICHIOMETRIC_WINDOW,feature::charge_formula_Z_mean -> concept::working_ion_transfer -> target::capacity_grav
capacity_grav,charge_formula_Z_min,stoichiometric_window,electrode_state_stoichiometry,L3,RULE_STOICHIOMETRIC_WINDOW,feature::charge_formula_Z_min -> concept::working_ion_transfer -> target::capacity_grav
capacity_grav,charge_formula_Z_range,stoichiometric_window,electrode_state_stoichiometry,L3,RULE_STOICHIOMETRIC_WINDOW,feature::charge_formula_Z_range -> concept::working_ion_transfer -> target::capacity_grav
capacity_grav,charge_formula_Z_std,stoichiometric_window,electrode_state_stoichiometry,L3,RULE_STOICHIOMETRIC_WINDOW,feature::charge_formula_Z_std -> concept::working_ion_transfer -> target::capacity_grav
capacity_grav,charge_formula_atomic_mass_max,stoichiometric_window,electrode_state_stoichiometry,L3,RULE_STOICHIOMETRIC_WINDOW,feature::charge_formula_atomic_mass_max -> concept::working_ion_transfer -> target::capacity_grav
capacity_grav,charge_formula_atomic_mass_mean,stoichiometric_window,electrode_state_stoichiometry,L3,RULE_STOICHIOMETRIC_WINDOW,feature::charge_formula_atomic_mass_mean -> concept::working_ion_transfer -> target::capacity_grav
capacity_grav,charge_formula_atomic_mass_min,stoichiometric_window,electrode_state_stoichiometry,L3,RULE_STOICHIOMETRIC_WINDOW,feature::charge_formula_atomic_mass_min -> concept::working_ion_transfer -> target::capacity_grav
capacity_grav,charge_formula_atomic_mass_range,stoichiometric_window,electrode_state_stoichiometry,L3,RULE_STOICHIOMETRIC_WINDOW,feature::charge_formula_atomic_mass_range -> concept::working_ion_transfer -> target::capacity_grav
capacity_grav,charge_formula_atomic_mass_std,stoichiometric_window,electrode_state_stoichiometry,L3,RULE_STOICHIOMETRIC_WINDOW,feature::charge_formula_atomic_mass_std -> concept::working_ion_transfer -> target::capacity_grav
capacity_grav,charge_formula_frac_Ag,stoichiometric_window,electrode_state_stoichiometry,L3,RULE_STOICHIOMETRIC_WINDOW,feature::charge_formula_frac_Ag -> concept::working_ion_transfer -> target::capacity_grav
capacity_grav,charge_formula_frac_Al,stoichiometric_window,electrode_state_stoichiometry,L3,RULE_STOICHIOMETRIC_WINDOW,feature::charge_formula_frac_Al -> concept::working_ion_transfer -> target::capacity_grav
capacity_grav,charge_formula_frac_As,stoichiometric_window,electrode_state_stoichiometry,L3,RULE_STOICHIOMETRIC_WINDOW,feature::charge_formula_frac_As -> concept::working_ion_transfer -> target::capacity_grav
capacity_grav,charge_formula_frac_B,stoichiometric_window,electrode_state_stoichiometry,L3,RULE_STOICHIOMETRIC_WINDOW,feature::charge_formula_frac_B -> concept::working_ion_transfer -> target::capacity_grav
capacity_grav,charge_formula_frac_Br,stoichiometric_window,electrode_state_stoichiometry,L3,RULE_STOICHIOMETRIC_WINDOW,feature::charge_formula_frac_Br -> concept::working_ion_transfer -> target::capacity_grav
capacity_grav,charge_formula_frac_C,stoichiometric_window,electrode_state_stoichiometry,L3,RULE_STOICHIOMETRIC_WINDOW,feature::charge_formula_frac_C -> concept::working_ion_transfer -> target::capacity_grav
capacity_grav,charge_formula_frac_Ca,stoichiometric_window,electrode_state_stoichiometry,L3,RULE_STOICHIOMETRIC_WINDOW,feature::charge_formula_frac_Ca -> concept::working_ion_transfer -> target::capacity_grav
capacity_grav,charge_formula_frac_Cl,stoichiometric_window,electrode_state_stoichiometry,L3,RULE_STOICHIOMETRIC_WINDOW,feature::charge_formula_frac_Cl -> concept::working_ion_transfer -> target::capacity_grav
capacity_grav,charge_formula_frac_Co,stoichiometric_window,electrode_state_stoichiometry,L3,RULE_STOICHIOMETRIC_WINDOW,feature::charge_formula_frac_Co -> concept::working_ion_transfer -> target::capacity_grav
capacity_grav,charge_formula_frac_Cr,stoichiometric_window,electrode_state_stoichiometry,L3,RULE_STOICHIOMETRIC_WINDOW,feature::charge_formula_frac_Cr -> concept::working_ion_transfer -> target::capacity_grav
capacity_grav,charge_formula_frac_Cu,stoichiometric_window,electrode_state_stoichiometry,L3,RULE_STOICHIOMETRIC_WINDOW,feature::charge_formula_frac_Cu -> concept::working_ion_transfer -> target::capacity_grav
capacity_grav,charge_formula_frac_F,stoichiometric_window,electrode_state_stoichiometry,L3,RULE_STOICHIOMETRIC_WINDOW,feature::charge_formula_frac_F -> concept::working_ion_transfer -> target::capacity_grav
capacity_grav,charge_formula_frac_Fe,stoichiometric_window,electrode_state_stoichiometry,L3,RULE_STOICHIOMETRIC_WINDOW,feature::charge_formula_frac_Fe -> concept::working_ion_transfer -> target::capacity_grav
capacity_grav,charge_formula_frac_I,stoichiometric_window,electrode_state_stoichiometry,L3,RULE_STOICHIOMETRIC_WINDOW,feature::charge_formula_frac_I -> concept::working_ion_transfer -> target::capacity_grav
capacity_grav,charge_formula_frac_K,stoichiometric_window,electrode_state_stoichiometry,L3,RULE_STOICHIOMETRIC_WINDOW,feature::charge_formula_frac_K -> concept::working_ion_transfer -> target::capacity_grav
capacity_grav,charge_formula_frac_Li,stoichiometric_window,electrode_state_stoichiometry,L3,RULE_STOICHIOMETRIC_WINDOW,feature::charge_formula_frac_Li -> concept::working_ion_transfer -> target::capacity_grav
capacity_grav,charge_formula_frac_Mg,stoichiometric_window,electrode_state_stoichiometry,L3,RULE_STOICHIOMETRIC_WINDOW,feature::charge_formula_frac_Mg -> concept::working_ion_transfer -> target::capacity_grav
capacity_grav,charge_formula_frac_Mn,stoichiometric_window,electrode_state_stoichiometry,L3,RULE_STOICHIOMETRIC_WINDOW,feature::charge_formula_frac_Mn -> concept::working_ion_transfer -> target::capacity_grav
capacity_grav,charge_formula_frac_N,stoichiometric_window,electrode_state_stoichiometry,L3,RULE_STOICHIOMETRIC_WINDOW,feature::charge_formula_frac_N -> concept::working_ion_transfer -> target::capacity_grav
capacity_grav,charge_formula_frac_Na,stoichiometric_window,electrode_state_stoichiometry,L3,RULE_STOICHIOMETRIC_WINDOW,feature::charge_formula_frac_Na -> concept::working_ion_transfer -> target::capacity_grav
capacity_grav,charge_formula_frac_Ni,stoichiometric_window,electrode_state_stoichiometry,L3,RULE_STOICHIOMETRIC_WINDOW,feature::charge_formula_frac_Ni -> concept::working_ion_transfer -> target::capacity_grav
capacity_grav,charge_formula_frac_O,stoichiometric_window,electrode_state_stoichiometry,L3,RULE_STOICHIOMETRIC_WINDOW,feature::charge_formula_frac_O -> concept::working_ion_transfer -> target::capacity_grav
capacity_grav,charge_formula_frac_P,stoichiometric_window,electrode_state_stoichiometry,L3,RULE_STOICHIOMETRIC_WINDOW,feature::charge_formula_frac_P -> concept::working_ion_transfer -> target::capacity_grav
capacity_grav,charge_formula_frac_S,stoichiometric_window,electrode_state_stoichiometry,L3,RULE_STOICHIOMETRIC_WINDOW,feature::charge_formula_frac_S -> concept::working_ion_transfer -> target::capacity_grav
capacity_grav,charge_formula_frac_Si,stoichiometric_window,electrode_state_stoichiometry,L3,RULE_STOICHIOMETRIC_WINDOW,feature::charge_formula_frac_Si -> concept::working_ion_transfer -> target::capacity_grav
capacity_grav,charge_formula_frac_Ti,stoichiometric_window,electrode_state_stoichiometry,L3,RULE_STOICHIOMETRIC_WINDOW,feature::charge_formula_frac_Ti -> concept::working_ion_transfer -> target::capacity_grav
capacity_grav,charge_formula_frac_V,stoichiometric_window,electrode_state_stoichiometry,L3,RULE_STOICHIOMETRIC_WINDOW,feature::charge_formula_frac_V -> concept::working_ion_transfer -> target::capacity_grav
capacity_grav,charge_formula_frac_Zn,stoichiometric_window,electrode_state_stoichiometry,L3,RULE_STOICHIOMETRIC_WINDOW,feature::charge_formula_frac_Zn -> concept::working_ion_transfer -> target::capacity_grav
capacity_grav,charge_formula_frac_transition_metals,stoichiometric_window,electrode_state_stoichiometry,L3,RULE_STOICHIOMETRIC_WINDOW,feature::charge_formula_frac_transition_metals -> concept::working_ion_transfer -> target::capacity_grav
capacity_grav,charge_formula_group_max,stoichiometric_window,electrode_state_stoichiometry,L3,RULE_STOICHIOMETRIC_WINDOW,feature::charge_formula_group_max -> concept::working_ion_transfer -> target::capacity_grav
capacity_grav,charge_formula_group_mean,stoichiometric_window,electrode_state_stoichiometry,L3,RULE_STOICHIOMETRIC_WINDOW,feature::charge_formula_group_mean -> concept::working_ion_transfer -> target::capacity_grav
capacity_grav,charge_formula_group_min,stoichiometric_window,electrode_state_stoichiometry,L3,RULE_STOICHIOMETRIC_WINDOW,feature::charge_formula_group_min -> concept::working_ion_transfer -> target::capacity_grav
capacity_grav,charge_formula_group_range,stoichiometric_window,electrode_state_stoichiometry,L3,RULE_STOICHIOMETRIC_WINDOW,feature::charge_formula_group_range -> concept::working_ion_transfer -> target::capacity_grav
capacity_grav,charge_formula_group_std,stoichiometric_window,electrode_state_stoichiometry,L3,RULE_STOICHIOMETRIC_WINDOW,feature::charge_formula_group_std -> concept::working_ion_transfer -> target::capacity_grav
capacity_grav,charge_formula_has_Br,stoichiometric_window,electrode_state_stoichiometry,L3,RULE_STOICHIOMETRIC_WINDOW,feature::charge_formula_has_Br -> concept::working_ion_transfer -> target::capacity_grav
capacity_grav,charge_formula_has_C,stoichiometric_window,electrode_state_stoichiometry,L3,RULE_STOICHIOMETRIC_WINDOW,feature::charge_formula_has_C -> concept::working_ion_transfer -> target::capacity_grav
capacity_grav,charge_formula_has_Cl,stoichiometric_window,electrode_state_stoichiometry,L3,RULE_STOICHIOMETRIC_WINDOW,feature::charge_formula_has_Cl -> concept::working_ion_transfer -> target::capacity_grav
capacity_grav,charge_formula_has_F,stoichiometric_window,electrode_state_stoichiometry,L3,RULE_STOICHIOMETRIC_WINDOW,feature::charge_formula_has_F -> concept::working_ion_transfer -> target::capacity_grav
capacity_grav,charge_formula_has_I,stoichiometric_window,electrode_state_stoichiometry,L3,RULE_STOICHIOMETRIC_WINDOW,feature::charge_formula_has_I -> concept::working_ion_transfer -> target::capacity_grav
capacity_grav,charge_formula_has_N,stoichiometric_window,electrode_state_stoichiometry,L3,RULE_STOICHIOMETRIC_WINDOW,feature::charge_formula_has_N -> concept::working_ion_transfer -> target::capacity_grav
capacity_grav,charge_formula_has_O,stoichiometric_window,electrode_state_stoichiometry,L3,RULE_STOICHIOMETRIC_WINDOW,feature::charge_formula_has_O -> concept::working_ion_transfer -> target::capacity_grav
capacity_grav,charge_formula_has_P,stoichiometric_window,electrode_state_stoichiometry,L3,RULE_STOICHIOMETRIC_WINDOW,feature::charge_formula_has_P -> concept::working_ion_transfer -> target::capacity_grav
capacity_grav,charge_formula_has_S,stoichiometric_window,electrode_state_stoichiometry,L3,RULE_STOICHIOMETRIC_WINDOW,feature::charge_formula_has_S -> concept::working_ion_transfer -> target::capacity_grav
capacity_grav,charge_formula_has_Si,stoichiometric_window,electrode_state_stoichiometry,L3,RULE_STOICHIOMETRIC_WINDOW,feature::charge_formula_has_Si -> concept::working_ion_transfer -> target::capacity_grav
capacity_grav,charge_formula_n_atoms,stoichiometric_window,electrode_state_stoichiometry,L3,RULE_STOICHIOMETRIC_WINDOW,feature::charge_formula_n_atoms -> concept::working_ion_transfer -> target::capacity_grav
capacity_grav,charge_formula_n_elements,stoichiometric_window,electrode_state_stoichiometry,L3,RULE_STOICHIOMETRIC_WINDOW,feature::charge_formula_n_elements -> concept::working_ion_transfer -> target::capacity_grav
capacity_grav,charge_formula_n_transition_metals,stoichiometric_window,electrode_state_stoichiometry,L3,RULE_STOICHIOMETRIC_WINDOW,feature::charge_formula_n_transition_metals -> concept::working_ion_transfer -> target::capacity_grav
capacity_grav,charge_formula_parse_ok,stoichiometric_window,electrode_state_stoichiometry,L3,RULE_STOICHIOMETRIC_WINDOW,feature::charge_formula_parse_ok -> concept::working_ion_transfer -> target::capacity_grav
capacity_grav,charge_formula_row_max,stoichiometric_window,electrode_state_stoichiometry,L3,RULE_STOICHIOMETRIC_WINDOW,feature::charge_formula_row_max -> concept::working_ion_transfer -> target::capacity_grav
capacity_grav,charge_formula_row_mean,stoichiometric_window,electrode_state_stoichiometry,L3,RULE_STOICHIOMETRIC_WINDOW,feature::charge_formula_row_mean -> concept::working_ion_transfer -> target::capacity_grav
capacity_grav,charge_formula_row_min,stoichiometric_window,electrode_state_stoichiometry,L3,RULE_STOICHIOMETRIC_WINDOW,feature::charge_formula_row_min -> concept::working_ion_transfer -> target::capacity_grav
capacity_grav,charge_formula_row_range,stoichiometric_window,electrode_state_stoichiometry,L3,RULE_STOICHIOMETRIC_WINDOW,feature::charge_formula_row_range -> concept::working_ion_transfer -> target::capacity_grav
capacity_grav,charge_formula_row_std,stoichiometric_window,electrode_state_stoichiometry,L3,RULE_STOICHIOMETRIC_WINDOW,feature::charge_formula_row_std -> concept::working_ion_transfer -> target::capacity_grav
capacity_grav,charge_summary_band_gap,post_dft_electronic_summary,post_dft_electronic,L4,RULE_POST_DFT_ELECTRONIC,feature::charge_summary_band_gap -> concept::post_dft_record -> target::capacity_grav
capacity_grav,charge_summary_density,relaxed_structure_summary,relaxed_structure,L0,RULE_SAFE_STRUCTURE,feature::charge_summary_density -> target::capacity_grav
capacity_grav,charge_summary_density_atomic,relaxed_structure_summary,relaxed_structure,L0,RULE_SAFE_STRUCTURE,feature::charge_summary_density_atomic -> target::capacity_grav
capacity_grav,charge_summary_energy_above_hull,post_dft_energy_stability_summary,post_dft_thermodynamics,L4,RULE_HULL_OTHER,feature::charge_summary_energy_above_hull -> concept::post_dft_thermodynamics -> target::capacity_grav
capacity_grav,charge_summary_formation_energy_per_atom,post_dft_energy_stability_summary,post_dft_thermodynamics,L4,RULE_POST_DFT_ENERGY_DEFAULT,feature::charge_summary_formation_energy_per_atom -> concept::post_dft_thermodynamics -> target::capacity_grav
capacity_grav,charge_summary_is_metal,post_dft_electronic_summary,post_dft_electronic,L4,RULE_POST_DFT_ELECTRONIC,feature::charge_summary_is_metal -> concept::post_dft_record -> target::capacity_grav
capacity_grav,charge_summary_is_stable,post_dft_energy_stability_summary,post_dft_thermodynamics,L4,RULE_HULL_OTHER,feature::charge_summary_is_stable -> concept::post_dft_thermodynamics -> target::capacity_grav
capacity_grav,charge_summary_nsites,relaxed_structure_summary,relaxed_structure,L0,RULE_SAFE_STRUCTURE,feature::charge_summary_nsites -> target::capacity_grav
capacity_grav,charge_summary_symmetry_number,relaxed_structure_summary,relaxed_structure,L0,RULE_SAFE_STRUCTURE,feature::charge_summary_symmetry_number -> target::capacity_grav
capacity_grav,charge_summary_theoretical,post_dft_provenance_flag,post_dft_provenance,L4,RULE_POST_DFT_PROVENANCE,feature::charge_summary_theoretical -> concept::post_dft_record -> target::capacity_grav
capacity_grav,charge_summary_volume,relaxed_structure_summary,relaxed_structure,L0,RULE_SAFE_STRUCTURE,feature::charge_summary_volume -> target::capacity_grav
capacity_grav,charge_summary_volume_per_site,relaxed_structure_summary,relaxed_structure,L0,RULE_SAFE_STRUCTURE,feature::charge_summary_volume_per_site -> target::capacity_grav
capacity_grav,discharge_formula_X_max,stoichiometric_window,electrode_state_stoichiometry,L3,RULE_STOICHIOMETRIC_WINDOW,feature::discharge_formula_X_max -> concept::working_ion_transfer -> target::capacity_grav
capacity_grav,discharge_formula_X_mean,stoichiometric_window,electrode_state_stoichiometry,L3,RULE_STOICHIOMETRIC_WINDOW,feature::discharge_formula_X_mean -> concept::working_ion_transfer -> target::capacity_grav
capacity_grav,discharge_formula_X_min,stoichiometric_window,electrode_state_stoichiometry,L3,RULE_STOICHIOMETRIC_WINDOW,feature::discharge_formula_X_min -> concept::working_ion_transfer -> target::capacity_grav
capacity_grav,discharge_formula_X_range,stoichiometric_window,electrode_state_stoichiometry,L3,RULE_STOICHIOMETRIC_WINDOW,feature::discharge_formula_X_range -> concept::working_ion_transfer -> target::capacity_grav
capacity_grav,discharge_formula_X_std,stoichiometric_window,electrode_state_stoichiometry,L3,RULE_STOICHIOMETRIC_WINDOW,feature::discharge_formula_X_std -> concept::working_ion_transfer -> target::capacity_grav
capacity_grav,discharge_formula_Z_max,stoichiometric_window,electrode_state_stoichiometry,L3,RULE_STOICHIOMETRIC_WINDOW,feature::discharge_formula_Z_max -> concept::working_ion_transfer -> target::capacity_grav
capacity_grav,discharge_formula_Z_mean,stoichiometric_window,electrode_state_stoichiometry,L3,RULE_STOICHIOMETRIC_WINDOW,feature::discharge_formula_Z_mean -> concept::working_ion_transfer -> target::capacity_grav
capacity_grav,discharge_formula_Z_min,stoichiometric_window,electrode_state_stoichiometry,L3,RULE_STOICHIOMETRIC_WINDOW,feature::discharge_formula_Z_min -> concept::working_ion_transfer -> target::capacity_grav
capacity_grav,discharge_formula_Z_range,stoichiometric_window,electrode_state_stoichiometry,L3,RULE_STOICHIOMETRIC_WINDOW,feature::discharge_formula_Z_range -> concept::working_ion_transfer -> target::capacity_grav
capacity_grav,discharge_formula_Z_std,stoichiometric_window,electrode_state_stoichiometry,L3,RULE_STOICHIOMETRIC_WINDOW,feature::discharge_formula_Z_std -> concept::working_ion_transfer -> target::capacity_grav
capacity_grav,discharge_formula_atomic_mass_max,stoichiometric_window,electrode_state_stoichiometry,L3,RULE_STOICHIOMETRIC_WINDOW,feature::discharge_formula_atomic_mass_max -> concept::working_ion_transfer -> target::capacity_grav
capacity_grav,discharge_formula_atomic_mass_mean,stoichiometric_window,electrode_state_stoichiometry,L3,RULE_STOICHIOMETRIC_WINDOW,feature::discharge_formula_atomic_mass_mean -> concept::working_ion_transfer -> target::capacity_grav
capacity_grav,discharge_formula_atomic_mass_min,stoichiometric_window,electrode_state_stoichiometry,L3,RULE_STOICHIOMETRIC_WINDOW,feature::discharge_formula_atomic_mass_min -> concept::working_ion_transfer -> target::capacity_grav
capacity_grav,discharge_formula_atomic_mass_range,stoichiometric_window,electrode_state_stoichiometry,L3,RULE_STOICHIOMETRIC_WINDOW,feature::discharge_formula_atomic_mass_range -> concept::working_ion_transfer -> target::capacity_grav
capacity_grav,discharge_formula_atomic_mass_std,stoichiometric_window,electrode_state_stoichiometry,L3,RULE_STOICHIOMETRIC_WINDOW,feature::discharge_formula_atomic_mass_std -> concept::working_ion_transfer -> target::capacity_grav
capacity_grav,discharge_formula_frac_Ag,stoichiometric_window,electrode_state_stoichiometry,L3,RULE_STOICHIOMETRIC_WINDOW,feature::discharge_formula_frac_Ag -> concept::working_ion_transfer -> target::capacity_grav
capacity_grav,discharge_formula_frac_Al,stoichiometric_window,electrode_state_stoichiometry,L3,RULE_STOICHIOMETRIC_WINDOW,feature::discharge_formula_frac_Al -> concept::working_ion_transfer -> target::capacity_grav
capacity_grav,discharge_formula_frac_As,stoichiometric_window,electrode_state_stoichiometry,L3,RULE_STOICHIOMETRIC_WINDOW,feature::discharge_formula_frac_As -> concept::working_ion_transfer -> target::capacity_grav
capacity_grav,discharge_formula_frac_B,stoichiometric_window,electrode_state_stoichiometry,L3,RULE_STOICHIOMETRIC_WINDOW,feature::discharge_formula_frac_B -> concept::working_ion_transfer -> target::capacity_grav
capacity_grav,discharge_formula_frac_Br,stoichiometric_window,electrode_state_stoichiometry,L3,RULE_STOICHIOMETRIC_WINDOW,feature::discharge_formula_frac_Br -> concept::working_ion_transfer -> target::capacity_grav
capacity_grav,discharge_formula_frac_C,stoichiometric_window,electrode_state_stoichiometry,L3,RULE_STOICHIOMETRIC_WINDOW,feature::discharge_formula_frac_C -> concept::working_ion_transfer -> target::capacity_grav
capacity_grav,discharge_formula_frac_Ca,stoichiometric_window,electrode_state_stoichiometry,L3,RULE_STOICHIOMETRIC_WINDOW,feature::discharge_formula_frac_Ca -> concept::working_ion_transfer -> target::capacity_grav
capacity_grav,discharge_formula_frac_Cl,stoichiometric_window,electrode_state_stoichiometry,L3,RULE_STOICHIOMETRIC_WINDOW,feature::discharge_formula_frac_Cl -> concept::working_ion_transfer -> target::capacity_grav
capacity_grav,discharge_formula_frac_Co,stoichiometric_window,electrode_state_stoichiometry,L3,RULE_STOICHIOMETRIC_WINDOW,feature::discharge_formula_frac_Co -> concept::working_ion_transfer -> target::capacity_grav
capacity_grav,discharge_formula_frac_Cr,stoichiometric_window,electrode_state_stoichiometry,L3,RULE_STOICHIOMETRIC_WINDOW,feature::discharge_formula_frac_Cr -> concept::working_ion_transfer -> target::capacity_grav
capacity_grav,discharge_formula_frac_Cu,stoichiometric_window,electrode_state_stoichiometry,L3,RULE_STOICHIOMETRIC_WINDOW,feature::discharge_formula_frac_Cu -> concept::working_ion_transfer -> target::capacity_grav
capacity_grav,discharge_formula_frac_F,stoichiometric_window,electrode_state_stoichiometry,L3,RULE_STOICHIOMETRIC_WINDOW,feature::discharge_formula_frac_F -> concept::working_ion_transfer -> target::capacity_grav
capacity_grav,discharge_formula_frac_Fe,stoichiometric_window,electrode_state_stoichiometry,L3,RULE_STOICHIOMETRIC_WINDOW,feature::discharge_formula_frac_Fe -> concept::working_ion_transfer -> target::capacity_grav
capacity_grav,discharge_formula_frac_I,stoichiometric_window,electrode_state_stoichiometry,L3,RULE_STOICHIOMETRIC_WINDOW,feature::discharge_formula_frac_I -> concept::working_ion_transfer -> target::capacity_grav
capacity_grav,discharge_formula_frac_K,stoichiometric_window,electrode_state_stoichiometry,L3,RULE_STOICHIOMETRIC_WINDOW,feature::discharge_formula_frac_K -> concept::working_ion_transfer -> target::capacity_grav
capacity_grav,discharge_formula_frac_Li,stoichiometric_window,electrode_state_stoichiometry,L3,RULE_STOICHIOMETRIC_WINDOW,feature::discharge_formula_frac_Li -> concept::working_ion_transfer -> target::capacity_grav
capacity_grav,discharge_formula_frac_Mg,stoichiometric_window,electrode_state_stoichiometry,L3,RULE_STOICHIOMETRIC_WINDOW,feature::discharge_formula_frac_Mg -> concept::working_ion_transfer -> target::capacity_grav
capacity_grav,discharge_formula_frac_Mn,stoichiometric_window,electrode_state_stoichiometry,L3,RULE_STOICHIOMETRIC_WINDOW,feature::discharge_formula_frac_Mn -> concept::working_ion_transfer -> target::capacity_grav
capacity_grav,discharge_formula_frac_N,stoichiometric_window,electrode_state_stoichiometry,L3,RULE_STOICHIOMETRIC_WINDOW,feature::discharge_formula_frac_N -> concept::working_ion_transfer -> target::capacity_grav
capacity_grav,discharge_formula_frac_Na,stoichiometric_window,electrode_state_stoichiometry,L3,RULE_STOICHIOMETRIC_WINDOW,feature::discharge_formula_frac_Na -> concept::working_ion_transfer -> target::capacity_grav
capacity_grav,discharge_formula_frac_Ni,stoichiometric_window,electrode_state_stoichiometry,L3,RULE_STOICHIOMETRIC_WINDOW,feature::discharge_formula_frac_Ni -> concept::working_ion_transfer -> target::capacity_grav
capacity_grav,discharge_formula_frac_O,stoichiometric_window,electrode_state_stoichiometry,L3,RULE_STOICHIOMETRIC_WINDOW,feature::discharge_formula_frac_O -> concept::working_ion_transfer -> target::capacity_grav
capacity_grav,discharge_formula_frac_P,stoichiometric_window,electrode_state_stoichiometry,L3,RULE_STOICHIOMETRIC_WINDOW,feature::discharge_formula_frac_P -> concept::working_ion_transfer -> target::capacity_grav
capacity_grav,discharge_formula_frac_S,stoichiometric_window,electrode_state_stoichiometry,L3,RULE_STOICHIOMETRIC_WINDOW,feature::discharge_formula_frac_S -> concept::working_ion_transfer -> target::capacity_grav
capacity_grav,discharge_formula_frac_Si,stoichiometric_window,electrode_state_stoichiometry,L3,RULE_STOICHIOMETRIC_WINDOW,feature::discharge_formula_frac_Si -> concept::working_ion_transfer -> target::capacity_grav
capacity_grav,discharge_formula_frac_Ti,stoichiometric_window,electrode_state_stoichiometry,L3,RULE_STOICHIOMETRIC_WINDOW,feature::discharge_formula_frac_Ti -> concept::working_ion_transfer -> target::capacity_grav
capacity_grav,discharge_formula_frac_V,stoichiometric_window,electrode_state_stoichiometry,L3,RULE_STOICHIOMETRIC_WINDOW,feature::discharge_formula_frac_V -> concept::working_ion_transfer -> target::capacity_grav
capacity_grav,discharge_formula_frac_Zn,stoichiometric_window,electrode_state_stoichiometry,L3,RULE_STOICHIOMETRIC_WINDOW,feature::discharge_formula_frac_Zn -> concept::working_ion_transfer -> target::capacity_grav
capacity_grav,discharge_formula_frac_transition_metals,stoichiometric_window,electrode_state_stoichiometry,L3,RULE_STOICHIOMETRIC_WINDOW,feature::discharge_formula_frac_transition_metals -> concept::working_ion_transfer -> target::capacity_grav
capacity_grav,discharge_formula_group_max,stoichiometric_window,electrode_state_stoichiometry,L3,RULE_STOICHIOMETRIC_WINDOW,feature::discharge_formula_group_max -> concept::working_ion_transfer -> target::capacity_grav
capacity_grav,discharge_formula_group_mean,stoichiometric_window,electrode_state_stoichiometry,L3,RULE_STOICHIOMETRIC_WINDOW,feature::discharge_formula_group_mean -> concept::working_ion_transfer -> target::capacity_grav
capacity_grav,discharge_formula_group_min,stoichiometric_window,electrode_state_stoichiometry,L3,RULE_STOICHIOMETRIC_WINDOW,feature::discharge_formula_group_min -> concept::working_ion_transfer -> target::capacity_grav
capacity_grav,discharge_formula_group_range,stoichiometric_window,electrode_state_stoichiometry,L3,RULE_STOICHIOMETRIC_WINDOW,feature::discharge_formula_group_range -> concept::working_ion_transfer -> target::capacity_grav
capacity_grav,discharge_formula_group_std,stoichiometric_window,electrode_state_stoichiometry,L3,RULE_STOICHIOMETRIC_WINDOW,feature::discharge_formula_group_std -> concept::working_ion_transfer -> target::capacity_grav
capacity_grav,discharge_formula_has_Br,stoichiometric_window,electrode_state_stoichiometry,L3,RULE_STOICHIOMETRIC_WINDOW,feature::discharge_formula_has_Br -> concept::working_ion_transfer -> target::capacity_grav
capacity_grav,discharge_formula_has_C,stoichiometric_window,electrode_state_stoichiometry,L3,RULE_STOICHIOMETRIC_WINDOW,feature::discharge_formula_has_C -> concept::working_ion_transfer -> target::capacity_grav
capacity_grav,discharge_formula_has_Cl,stoichiometric_window,electrode_state_stoichiometry,L3,RULE_STOICHIOMETRIC_WINDOW,feature::discharge_formula_has_Cl -> concept::working_ion_transfer -> target::capacity_grav
capacity_grav,discharge_formula_has_F,stoichiometric_window,electrode_state_stoichiometry,L3,RULE_STOICHIOMETRIC_WINDOW,feature::discharge_formula_has_F -> concept::working_ion_transfer -> target::capacity_grav
capacity_grav,discharge_formula_has_I,stoichiometric_window,electrode_state_stoichiometry,L3,RULE_STOICHIOMETRIC_WINDOW,feature::discharge_formula_has_I -> concept::working_ion_transfer -> target::capacity_grav
capacity_grav,discharge_formula_has_N,stoichiometric_window,electrode_state_stoichiometry,L3,RULE_STOICHIOMETRIC_WINDOW,feature::discharge_formula_has_N -> concept::working_ion_transfer -> target::capacity_grav
capacity_grav,discharge_formula_has_O,stoichiometric_window,electrode_state_stoichiometry,L3,RULE_STOICHIOMETRIC_WINDOW,feature::discharge_formula_has_O -> concept::working_ion_transfer -> target::capacity_grav
capacity_grav,discharge_formula_has_P,stoichiometric_window,electrode_state_stoichiometry,L3,RULE_STOICHIOMETRIC_WINDOW,feature::discharge_formula_has_P -> concept::working_ion_transfer -> target::capacity_grav
capacity_grav,discharge_formula_has_S,stoichiometric_window,electrode_state_stoichiometry,L3,RULE_STOICHIOMETRIC_WINDOW,feature::discharge_formula_has_S -> concept::working_ion_transfer -> target::capacity_grav
capacity_grav,discharge_formula_has_Si,stoichiometric_window,electrode_state_stoichiometry,L3,RULE_STOICHIOMETRIC_WINDOW,feature::discharge_formula_has_Si -> concept::working_ion_transfer -> target::capacity_grav
capacity_grav,discharge_formula_n_atoms,stoichiometric_window,electrode_state_stoichiometry,L3,RULE_STOICHIOMETRIC_WINDOW,feature::discharge_formula_n_atoms -> concept::working_ion_transfer -> target::capacity_grav
capacity_grav,discharge_formula_n_elements,stoichiometric_window,electrode_state_stoichiometry,L3,RULE_STOICHIOMETRIC_WINDOW,feature::discharge_formula_n_elements -> concept::working_ion_transfer -> target::capacity_grav
capacity_grav,discharge_formula_n_transition_metals,stoichiometric_window,electrode_state_stoichiometry,L3,RULE_STOICHIOMETRIC_WINDOW,feature::discharge_formula_n_transition_metals -> concept::working_ion_transfer -> target::capacity_grav
capacity_grav,discharge_formula_parse_ok,stoichiometric_window,electrode_state_stoichiometry,L3,RULE_STOICHIOMETRIC_WINDOW,feature::discharge_formula_parse_ok -> concept::working_ion_transfer -> target::capacity_grav
capacity_grav,discharge_formula_row_max,stoichiometric_window,electrode_state_stoichiometry,L3,RULE_STOICHIOMETRIC_WINDOW,feature::discharge_formula_row_max -> concept::working_ion_transfer -> target::capacity_grav
capacity_grav,discharge_formula_row_mean,stoichiometric_window,electrode_state_stoichiometry,L3,RULE_STOICHIOMETRIC_WINDOW,feature::discharge_formula_row_mean -> concept::working_ion_transfer -> target::capacity_grav
capacity_grav,discharge_formula_row_min,stoichiometric_window,electrode_state_stoichiometry,L3,RULE_STOICHIOMETRIC_WINDOW,feature::discharge_formula_row_min -> concept::working_ion_transfer -> target::capacity_grav
capacity_grav,discharge_formula_row_range,stoichiometric_window,electrode_state_stoichiometry,L3,RULE_STOICHIOMETRIC_WINDOW,feature::discharge_formula_row_range -> concept::working_ion_transfer -> target::capacity_grav
capacity_grav,discharge_formula_row_std,stoichiometric_window,electrode_state_stoichiometry,L3,RULE_STOICHIOMETRIC_WINDOW,feature::discharge_formula_row_std -> concept::working_ion_transfer -> target::capacity_grav
capacity_grav,discharge_summary_band_gap,post_dft_electronic_summary,post_dft_electronic,L4,RULE_POST_DFT_ELECTRONIC,feature::discharge_summary_band_gap -> concept::post_dft_record -> target::capacity_grav
capacity_grav,discharge_summary_density,relaxed_structure_summary,relaxed_structure,L0,RULE_SAFE_STRUCTURE,feature::discharge_summary_density -> target::capacity_grav
capacity_grav,discharge_summary_density_atomic,relaxed_structure_summary,relaxed_structure,L0,RULE_SAFE_STRUCTURE,feature::discharge_summary_density_atomic -> target::capacity_grav
capacity_grav,discharge_summary_energy_above_hull,post_dft_energy_stability_summary,post_dft_thermodynamics,L4,RULE_HULL_OTHER,feature::discharge_summary_energy_above_hull -> concept::post_dft_thermodynamics -> target::capacity_grav
capacity_grav,discharge_summary_formation_energy_per_atom,post_dft_energy_stability_summary,post_dft_thermodynamics,L4,RULE_POST_DFT_ENERGY_DEFAULT,feature::discharge_summary_formation_energy_per_atom -> concept::post_dft_thermodynamics -> target::capacity_grav
capacity_grav,discharge_summary_is_metal,post_dft_electronic_summary,post_dft_electronic,L4,RULE_POST_DFT_ELECTRONIC,feature::discharge_summary_is_metal -> concept::post_dft_record -> target::capacity_grav
capacity_grav,discharge_summary_is_stable,post_dft_energy_stability_summary,post_dft_thermodynamics,L4,RULE_HULL_OTHER,feature::discharge_summary_is_stable -> concept::post_dft_thermodynamics -> target::capacity_grav
capacity_grav,discharge_summary_nsites,relaxed_structure_summary,relaxed_structure,L0,RULE_SAFE_STRUCTURE,feature::discharge_summary_nsites -> target::capacity_grav
capacity_grav,discharge_summary_symmetry_number,relaxed_structure_summary,relaxed_structure,L0,RULE_SAFE_STRUCTURE,feature::discharge_summary_symmetry_number -> target::capacity_grav
capacity_grav,discharge_summary_theoretical,post_dft_provenance_flag,post_dft_provenance,L4,RULE_POST_DFT_PROVENANCE,feature::discharge_summary_theoretical -> concept::post_dft_record -> target::capacity_grav
capacity_grav,discharge_summary_volume,relaxed_structure_summary,relaxed_structure,L0,RULE_SAFE_STRUCTURE,feature::discharge_summary_volume -> target::capacity_grav
capacity_grav,discharge_summary_volume_per_site,relaxed_structure_summary,relaxed_structure,L0,RULE_SAFE_STRUCTURE,feature::discharge_summary_volume_per_site -> target::capacity_grav
capacity_grav,energy_grav,stored_electrode_target,stored_electrode_record,L2,RULE_CAPACITY_ENERGY_RELATION,feature::energy_grav -> concept::capacity_energy_relation -> target::capacity_grav
capacity_grav,energy_vol,stored_electrode_target,stored_electrode_record,L2,RULE_CAPACITY_ENERGY_RELATION,feature::energy_vol -> concept::capacity_energy_relation -> target::capacity_grav
capacity_grav,fracA_charge,stoichiometric_window,electrode_state_stoichiometry,L3,RULE_STOICHIOMETRIC_WINDOW,feature::fracA_charge -> concept::working_ion_transfer -> target::capacity_grav
capacity_grav,fracA_discharge,stoichiometric_window,electrode_state_stoichiometry,L3,RULE_STOICHIOMETRIC_WINDOW,feature::fracA_discharge -> concept::working_ion_transfer -> target::capacity_grav
capacity_grav,fw_X_max,composition_known_framework,pre_dft_composition,L0,RULE_SAFE_DEFAULT,feature::fw_X_max -> target::capacity_grav
capacity_grav,fw_X_mean,composition_known_framework,pre_dft_composition,L0,RULE_SAFE_DEFAULT,feature::fw_X_mean -> target::capacity_grav
capacity_grav,fw_X_min,composition_known_framework,pre_dft_composition,L0,RULE_SAFE_DEFAULT,feature::fw_X_min -> target::capacity_grav
capacity_grav,fw_X_range,composition_known_framework,pre_dft_composition,L0,RULE_SAFE_DEFAULT,feature::fw_X_range -> target::capacity_grav
capacity_grav,fw_X_std,composition_known_framework,pre_dft_composition,L0,RULE_SAFE_DEFAULT,feature::fw_X_std -> target::capacity_grav
capacity_grav,fw_Z_max,composition_known_framework,pre_dft_composition,L0,RULE_SAFE_DEFAULT,feature::fw_Z_max -> target::capacity_grav
capacity_grav,fw_Z_mean,composition_known_framework,pre_dft_composition,L0,RULE_SAFE_DEFAULT,feature::fw_Z_mean -> target::capacity_grav
capacity_grav,fw_Z_min,composition_known_framework,pre_dft_composition,L0,RULE_SAFE_DEFAULT,feature::fw_Z_min -> target::capacity_grav
capacity_grav,fw_Z_range,composition_known_framework,pre_dft_composition,L0,RULE_SAFE_DEFAULT,feature::fw_Z_range -> target::capacity_grav
capacity_grav,fw_Z_std,composition_known_framework,pre_dft_composition,L0,RULE_SAFE_DEFAULT,feature::fw_Z_std -> target::capacity_grav
capacity_grav,fw_atomic_mass_max,composition_known_framework,pre_dft_composition,L0,RULE_SAFE_DEFAULT,feature::fw_atomic_mass_max -> target::capacity_grav
capacity_grav,fw_atomic_mass_mean,composition_known_framework,pre_dft_composition,L0,RULE_SAFE_DEFAULT,feature::fw_atomic_mass_mean -> target::capacity_grav
capacity_grav,fw_atomic_mass_min,composition_known_framework,pre_dft_composition,L0,RULE_SAFE_DEFAULT,feature::fw_atomic_mass_min -> target::capacity_grav
capacity_grav,fw_atomic_mass_range,composition_known_framework,pre_dft_composition,L0,RULE_SAFE_DEFAULT,feature::fw_atomic_mass_range -> target::capacity_grav
capacity_grav,fw_atomic_mass_std,composition_known_framework,pre_dft_composition,L0,RULE_SAFE_DEFAULT,feature::fw_atomic_mass_std -> target::capacity_grav
capacity_grav,fw_frac_Ag,composition_known_framework,pre_dft_composition,L0,RULE_SAFE_DEFAULT,feature::fw_frac_Ag -> target::capacity_grav
capacity_grav,fw_frac_Al,composition_known_framework,pre_dft_composition,L0,RULE_SAFE_DEFAULT,feature::fw_frac_Al -> target::capacity_grav
capacity_grav,fw_frac_As,composition_known_framework,pre_dft_composition,L0,RULE_SAFE_DEFAULT,feature::fw_frac_As -> target::capacity_grav
capacity_grav,fw_frac_B,composition_known_framework,pre_dft_composition,L0,RULE_SAFE_DEFAULT,feature::fw_frac_B -> target::capacity_grav
capacity_grav,fw_frac_Br,composition_known_framework,pre_dft_composition,L0,RULE_SAFE_DEFAULT,feature::fw_frac_Br -> target::capacity_grav
capacity_grav,fw_frac_C,composition_known_framework,pre_dft_composition,L0,RULE_SAFE_DEFAULT,feature::fw_frac_C -> target::capacity_grav
capacity_grav,fw_frac_Ca,composition_known_framework,pre_dft_composition,L0,RULE_SAFE_DEFAULT,feature::fw_frac_Ca -> target::capacity_grav
capacity_grav,fw_frac_Cl,composition_known_framework,pre_dft_composition,L0,RULE_SAFE_DEFAULT,feature::fw_frac_Cl -> target::capacity_grav
capacity_grav,fw_frac_Co,composition_known_framework,pre_dft_composition,L0,RULE_SAFE_DEFAULT,feature::fw_frac_Co -> target::capacity_grav
capacity_grav,fw_frac_Cr,composition_known_framework,pre_dft_composition,L0,RULE_SAFE_DEFAULT,feature::fw_frac_Cr -> target::capacity_grav
capacity_grav,fw_frac_Cu,composition_known_framework,pre_dft_composition,L0,RULE_SAFE_DEFAULT,feature::fw_frac_Cu -> target::capacity_grav
capacity_grav,fw_frac_F,composition_known_framework,pre_dft_composition,L0,RULE_SAFE_DEFAULT,feature::fw_frac_F -> target::capacity_grav
capacity_grav,fw_frac_Fe,composition_known_framework,pre_dft_composition,L0,RULE_SAFE_DEFAULT,feature::fw_frac_Fe -> target::capacity_grav
capacity_grav,fw_frac_I,composition_known_framework,pre_dft_composition,L0,RULE_SAFE_DEFAULT,feature::fw_frac_I -> target::capacity_grav
capacity_grav,fw_frac_K,composition_known_framework,pre_dft_composition,L0,RULE_SAFE_DEFAULT,feature::fw_frac_K -> target::capacity_grav
capacity_grav,fw_frac_Li,composition_known_framework,pre_dft_composition,L0,RULE_SAFE_DEFAULT,feature::fw_frac_Li -> target::capacity_grav
capacity_grav,fw_frac_Mg,composition_known_framework,pre_dft_composition,L0,RULE_SAFE_DEFAULT,feature::fw_frac_Mg -> target::capacity_grav
capacity_grav,fw_frac_Mn,composition_known_framework,pre_dft_composition,L0,RULE_SAFE_DEFAULT,feature::fw_frac_Mn -> target::capacity_grav
capacity_grav,fw_frac_N,composition_known_framework,pre_dft_composition,L0,RULE_SAFE_DEFAULT,feature::fw_frac_N -> target::capacity_grav
capacity_grav,fw_frac_Na,composition_known_framework,pre_dft_composition,L0,RULE_SAFE_DEFAULT,feature::fw_frac_Na -> target::capacity_grav
capacity_grav,fw_frac_Ni,composition_known_framework,pre_dft_composition,L0,RULE_SAFE_DEFAULT,feature::fw_frac_Ni -> target::capacity_grav
capacity_grav,fw_frac_O,composition_known_framework,pre_dft_composition,L0,RULE_SAFE_DEFAULT,feature::fw_frac_O -> target::capacity_grav
capacity_grav,fw_frac_P,composition_known_framework,pre_dft_composition,L0,RULE_SAFE_DEFAULT,feature::fw_frac_P -> target::capacity_grav
capacity_grav,fw_frac_S,composition_known_framework,pre_dft_composition,L0,RULE_SAFE_DEFAULT,feature::fw_frac_S -> target::capacity_grav
capacity_grav,fw_frac_Si,composition_known_framework,pre_dft_composition,L0,RULE_SAFE_DEFAULT,feature::fw_frac_Si -> target::capacity_grav
capacity_grav,fw_frac_Ti,composition_known_framework,pre_dft_composition,L0,RULE_SAFE_DEFAULT,feature::fw_frac_Ti -> target::capacity_grav
capacity_grav,fw_frac_V,composition_known_framework,pre_dft_composition,L0,RULE_SAFE_DEFAULT,feature::fw_frac_V -> target::capacity_grav
capacity_grav,fw_frac_Zn,composition_known_framework,pre_dft_composition,L0,RULE_SAFE_DEFAULT,feature::fw_frac_Zn -> target::capacity_grav
capacity_grav,fw_frac_transition_metals,composition_known_framework,pre_dft_composition,L0,RULE_SAFE_DEFAULT,feature::fw_frac_transition_metals -> target::capacity_grav
capacity_grav,fw_group_max,composition_known_framework,pre_dft_composition,L0,RULE_SAFE_DEFAULT,feature::fw_group_max -> target::capacity_grav
capacity_grav,fw_group_mean,composition_known_framework,pre_dft_composition,L0,RULE_SAFE_DEFAULT,feature::fw_group_mean -> target::capacity_grav
capacity_grav,fw_group_min,composition_known_framework,pre_dft_composition,L0,RULE_SAFE_DEFAULT,feature::fw_group_min -> target::capacity_grav
capacity_grav,fw_group_range,composition_known_framework,pre_dft_composition,L0,RULE_SAFE_DEFAULT,feature::fw_group_range -> target::capacity_grav
capacity_grav,fw_group_std,composition_known_framework,pre_dft_composition,L0,RULE_SAFE_DEFAULT,feature::fw_group_std -> target::capacity_grav
capacity_grav,fw_has_Br,composition_known_framework,pre_dft_composition,L0,RULE_SAFE_DEFAULT,feature::fw_has_Br -> target::capacity_grav
capacity_grav,fw_has_C,composition_known_framework,pre_dft_composition,L0,RULE_SAFE_DEFAULT,feature::fw_has_C -> target::capacity_grav
capacity_grav,fw_has_Cl,composition_known_framework,pre_dft_composition,L0,RULE_SAFE_DEFAULT,feature::fw_has_Cl -> target::capacity_grav
capacity_grav,fw_has_F,composition_known_framework,pre_dft_composition,L0,RULE_SAFE_DEFAULT,feature::fw_has_F -> target::capacity_grav
capacity_grav,fw_has_I,composition_known_framework,pre_dft_composition,L0,RULE_SAFE_DEFAULT,feature::fw_has_I -> target::capacity_grav
capacity_grav,fw_has_N,composition_known_framework,pre_dft_composition,L0,RULE_SAFE_DEFAULT,feature::fw_has_N -> target::capacity_grav
capacity_grav,fw_has_O,composition_known_framework,pre_dft_composition,L0,RULE_SAFE_DEFAULT,feature::fw_has_O -> target::capacity_grav
capacity_grav,fw_has_P,composition_known_framework,pre_dft_composition,L0,RULE_SAFE_DEFAULT,feature::fw_has_P -> target::capacity_grav
capacity_grav,fw_has_S,composition_known_framework,pre_dft_composition,L0,RULE_SAFE_DEFAULT,feature::fw_has_S -> target::capacity_grav
capacity_grav,fw_has_Si,composition_known_framework,pre_dft_composition,L0,RULE_SAFE_DEFAULT,feature::fw_has_Si -> target::capacity_grav
capacity_grav,fw_n_atoms,composition_known_framework,pre_dft_composition,L0,RULE_SAFE_DEFAULT,feature::fw_n_atoms -> target::capacity_grav
capacity_grav,fw_n_elements,composition_known_framework,pre_dft_composition,L0,RULE_SAFE_DEFAULT,feature::fw_n_elements -> target::capacity_grav
capacity_grav,fw_n_transition_metals,composition_known_framework,pre_dft_composition,L0,RULE_SAFE_DEFAULT,feature::fw_n_transition_metals -> target::capacity_grav
capacity_grav,fw_parse_ok,composition_known_framework,pre_dft_composition,L0,RULE_SAFE_DEFAULT,feature::fw_parse_ok -> target::capacity_grav
capacity_grav,fw_row_max,composition_known_framework,pre_dft_composition,L0,RULE_SAFE_DEFAULT,feature::fw_row_max -> target::capacity_grav
capacity_grav,fw_row_mean,composition_known_framework,pre_dft_composition,L0,RULE_SAFE_DEFAULT,feature::fw_row_mean -> target::capacity_grav
capacity_grav,fw_row_min,composition_known_framework,pre_dft_composition,L0,RULE_SAFE_DEFAULT,feature::fw_row_min -> target::capacity_grav
capacity_grav,fw_row_range,composition_known_framework,pre_dft_composition,L0,RULE_SAFE_DEFAULT,feature::fw_row_range -> target::capacity_grav
capacity_grav,fw_row_std,composition_known_framework,pre_dft_composition,L0,RULE_SAFE_DEFAULT,feature::fw_row_std -> target::capacity_grav
capacity_grav,max_delta_volume,stored_electrode_target,stored_electrode_record,L4,RULE_OTHER_STORED_TARGET,feature::max_delta_volume -> concept::stored_electrode_record -> target::capacity_grav
capacity_grav,max_voltage_step,stored_electrode_process_descriptor,stored_electrode_record,L0,RULE_SAFE_DEFAULT,feature::max_voltage_step -> target::capacity_grav
capacity_grav,num_steps,stored_electrode_process_descriptor,stored_electrode_record,L0,RULE_SAFE_DEFAULT,feature::num_steps -> target::capacity_grav
capacity_grav,stability_charge,stored_electrode_target,stored_electrode_record,L4,RULE_OTHER_STORED_TARGET,feature::stability_charge -> concept::stored_electrode_record -> target::capacity_grav
capacity_grav,stability_discharge,stored_electrode_target,stored_electrode_record,L4,RULE_OTHER_STORED_TARGET,feature::stability_discharge -> concept::stored_electrode_record -> target::capacity_grav
capacity_grav,stability_worst,stored_electrode_target,stored_electrode_record,L4,RULE_OTHER_STORED_TARGET,feature::stability_worst -> concept::stored_electrode_record -> target::capacity_grav
capacity_grav,stoich_abs_wi_amount_delta,stoichiometric_window,electrode_state_stoichiometry,L3,RULE_STOICHIOMETRIC_WINDOW,feature::stoich_abs_wi_amount_delta -> concept::working_ion_transfer -> target::capacity_grav
capacity_grav,stoich_wi_amount_charge,stoichiometric_window,electrode_state_stoichiometry,L3,RULE_STOICHIOMETRIC_WINDOW,feature::stoich_wi_amount_charge -> concept::working_ion_transfer -> target::capacity_grav
capacity_grav,stoich_wi_amount_delta,stoichiometric_window,electrode_state_stoichiometry,L3,RULE_STOICHIOMETRIC_WINDOW,feature::stoich_wi_amount_delta -> concept::working_ion_transfer -> target::capacity_grav
capacity_grav,stoich_wi_amount_discharge,stoichiometric_window,electrode_state_stoichiometry,L3,RULE_STOICHIOMETRIC_WINDOW,feature::stoich_wi_amount_discharge -> concept::working_ion_transfer -> target::capacity_grav
capacity_grav,stored_abs_fracA_delta,other_numeric,derived_miscellaneous,L0,RULE_SAFE_DEFAULT,feature::stored_abs_fracA_delta -> target::capacity_grav
capacity_grav,stored_fracA_delta,stoichiometric_window,electrode_state_stoichiometry,L3,RULE_STOICHIOMETRIC_WINDOW,feature::stored_fracA_delta -> concept::working_ion_transfer -> target::capacity_grav
capacity_grav,summary_abs_delta_band_gap,post_dft_electronic_summary,post_dft_electronic,L4,RULE_POST_DFT_ELECTRONIC,feature::summary_abs_delta_band_gap -> concept::post_dft_record -> target::capacity_grav
capacity_grav,summary_abs_delta_density,relaxed_structure_summary,relaxed_structure,L0,RULE_SAFE_STRUCTURE,feature::summary_abs_delta_density -> target::capacity_grav
capacity_grav,summary_abs_delta_density_atomic,relaxed_structure_summary,relaxed_structure,L0,RULE_SAFE_STRUCTURE,feature::summary_abs_delta_density_atomic -> target::capacity_grav
capacity_grav,summary_abs_delta_energy_above_hull,post_dft_energy_stability_summary,post_dft_thermodynamics,L4,RULE_HULL_OTHER,feature::summary_abs_delta_energy_above_hull -> concept::post_dft_thermodynamics -> target::capacity_grav
capacity_grav,summary_abs_delta_formation_energy_per_atom,post_dft_energy_stability_summary,post_dft_thermodynamics,L4,RULE_POST_DFT_ENERGY_DEFAULT,feature::summary_abs_delta_formation_energy_per_atom -> concept::post_dft_thermodynamics -> target::capacity_grav
capacity_grav,summary_abs_delta_volume_fraction,relaxed_structure_summary,relaxed_structure,L0,RULE_SAFE_STRUCTURE,feature::summary_abs_delta_volume_fraction -> target::capacity_grav
capacity_grav,summary_abs_delta_volume_per_site,relaxed_structure_summary,relaxed_structure,L0,RULE_SAFE_STRUCTURE,feature::summary_abs_delta_volume_per_site -> target::capacity_grav
capacity_grav,summary_delta_band_gap,post_dft_electronic_summary,post_dft_electronic,L4,RULE_POST_DFT_ELECTRONIC,feature::summary_delta_band_gap -> concept::post_dft_record -> target::capacity_grav
capacity_grav,summary_delta_density,relaxed_structure_summary,relaxed_structure,L0,RULE_SAFE_STRUCTURE,feature::summary_delta_density -> target::capacity_grav
capacity_grav,summary_delta_density_atomic,relaxed_structure_summary,relaxed_structure,L0,RULE_SAFE_STRUCTURE,feature::summary_delta_density_atomic -> target::capacity_grav
capacity_grav,summary_delta_energy_above_hull,post_dft_energy_stability_summary,post_dft_thermodynamics,L4,RULE_HULL_OTHER,feature::summary_delta_energy_above_hull -> concept::post_dft_thermodynamics -> target::capacity_grav
capacity_grav,summary_delta_formation_energy_per_atom,post_dft_energy_stability_summary,post_dft_thermodynamics,L4,RULE_POST_DFT_ENERGY_DEFAULT,feature::summary_delta_formation_energy_per_atom -> concept::post_dft_thermodynamics -> target::capacity_grav
capacity_grav,summary_delta_volume_fraction,relaxed_structure_summary,relaxed_structure,L0,RULE_SAFE_STRUCTURE,feature::summary_delta_volume_fraction -> target::capacity_grav
capacity_grav,summary_delta_volume_per_site,relaxed_structure_summary,relaxed_structure,L0,RULE_SAFE_STRUCTURE,feature::summary_delta_volume_per_site -> target::capacity_grav
capacity_grav,summary_worst_energy_above_hull,post_dft_energy_stability_summary,post_dft_thermodynamics,L4,RULE_HULL_OTHER,feature::summary_worst_energy_above_hull -> concept::post_dft_thermodynamics -> target::capacity_grav
capacity_grav,wi_X,composition_known_working_ion,pre_dft_composition,L0,RULE_SAFE_DEFAULT,feature::wi_X -> target::capacity_grav
capacity_grav,wi_Z,composition_known_working_ion,pre_dft_composition,L0,RULE_SAFE_DEFAULT,feature::wi_Z -> target::capacity_grav
capacity_grav,wi_atomic_mass,composition_known_working_ion,pre_dft_composition,L0,RULE_SAFE_DEFAULT,feature::wi_atomic_mass -> target::capacity_grav
capacity_grav,wi_group,composition_known_working_ion,pre_dft_composition,L0,RULE_SAFE_DEFAULT,feature::wi_group -> target::capacity_grav
capacity_grav,wi_is_K,domain_label_onehot,validation_only,L5,RULE_DOMAIN_LABEL,feature::wi_is_K -> concept::validation_domain -> target::capacity_grav
capacity_grav,wi_is_Li,domain_label_onehot,validation_only,L5,RULE_DOMAIN_LABEL,feature::wi_is_Li -> concept::validation_domain -> target::capacity_grav
capacity_grav,wi_is_Na,domain_label_onehot,validation_only,L5,RULE_DOMAIN_LABEL,feature::wi_is_Na -> concept::validation_domain -> target::capacity_grav
capacity_grav,wi_row,composition_known_working_ion,pre_dft_composition,L0,RULE_SAFE_DEFAULT,feature::wi_row -> target::capacity_grav
capacity_vol,average_voltage,stored_electrode_target,stored_electrode_record,L4,RULE_OTHER_STORED_TARGET,feature::average_voltage -> concept::stored_electrode_record -> target::capacity_vol
capacity_vol,capacity_grav,stored_electrode_target,stored_electrode_record,L2,RULE_CAPACITY_ENERGY_RELATION,feature::capacity_grav -> concept::capacity_energy_relation -> target::capacity_vol
capacity_vol,capacity_vol,stored_electrode_target,stored_electrode_record,L1,RULE_DIRECT_TARGET,feature::capacity_vol -> target::capacity_vol
capacity_vol,charge_formula_X_max,stoichiometric_window,electrode_state_stoichiometry,L3,RULE_STOICHIOMETRIC_WINDOW,feature::charge_formula_X_max -> concept::working_ion_transfer -> target::capacity_vol
capacity_vol,charge_formula_X_mean,stoichiometric_window,electrode_state_stoichiometry,L3,RULE_STOICHIOMETRIC_WINDOW,feature::charge_formula_X_mean -> concept::working_ion_transfer -> target::capacity_vol
capacity_vol,charge_formula_X_min,stoichiometric_window,electrode_state_stoichiometry,L3,RULE_STOICHIOMETRIC_WINDOW,feature::charge_formula_X_min -> concept::working_ion_transfer -> target::capacity_vol
capacity_vol,charge_formula_X_range,stoichiometric_window,electrode_state_stoichiometry,L3,RULE_STOICHIOMETRIC_WINDOW,feature::charge_formula_X_range -> concept::working_ion_transfer -> target::capacity_vol
capacity_vol,charge_formula_X_std,stoichiometric_window,electrode_state_stoichiometry,L3,RULE_STOICHIOMETRIC_WINDOW,feature::charge_formula_X_std -> concept::working_ion_transfer -> target::capacity_vol
capacity_vol,charge_formula_Z_max,stoichiometric_window,electrode_state_stoichiometry,L3,RULE_STOICHIOMETRIC_WINDOW,feature::charge_formula_Z_max -> concept::working_ion_transfer -> target::capacity_vol
capacity_vol,charge_formula_Z_mean,stoichiometric_window,electrode_state_stoichiometry,L3,RULE_STOICHIOMETRIC_WINDOW,feature::charge_formula_Z_mean -> concept::working_ion_transfer -> target::capacity_vol
capacity_vol,charge_formula_Z_min,stoichiometric_window,electrode_state_stoichiometry,L3,RULE_STOICHIOMETRIC_WINDOW,feature::charge_formula_Z_min -> concept::working_ion_transfer -> target::capacity_vol
capacity_vol,charge_formula_Z_range,stoichiometric_window,electrode_state_stoichiometry,L3,RULE_STOICHIOMETRIC_WINDOW,feature::charge_formula_Z_range -> concept::working_ion_transfer -> target::capacity_vol
capacity_vol,charge_formula_Z_std,stoichiometric_window,electrode_state_stoichiometry,L3,RULE_STOICHIOMETRIC_WINDOW,feature::charge_formula_Z_std -> concept::working_ion_transfer -> target::capacity_vol
capacity_vol,charge_formula_atomic_mass_max,stoichiometric_window,electrode_state_stoichiometry,L3,RULE_STOICHIOMETRIC_WINDOW,feature::charge_formula_atomic_mass_max -> concept::working_ion_transfer -> target::capacity_vol
capacity_vol,charge_formula_atomic_mass_mean,stoichiometric_window,electrode_state_stoichiometry,L3,RULE_STOICHIOMETRIC_WINDOW,feature::charge_formula_atomic_mass_mean -> concept::working_ion_transfer -> target::capacity_vol
capacity_vol,charge_formula_atomic_mass_min,stoichiometric_window,electrode_state_stoichiometry,L3,RULE_STOICHIOMETRIC_WINDOW,feature::charge_formula_atomic_mass_min -> concept::working_ion_transfer -> target::capacity_vol
capacity_vol,charge_formula_atomic_mass_range,stoichiometric_window,electrode_state_stoichiometry,L3,RULE_STOICHIOMETRIC_WINDOW,feature::charge_formula_atomic_mass_range -> concept::working_ion_transfer -> target::capacity_vol
capacity_vol,charge_formula_atomic_mass_std,stoichiometric_window,electrode_state_stoichiometry,L3,RULE_STOICHIOMETRIC_WINDOW,feature::charge_formula_atomic_mass_std -> concept::working_ion_transfer -> target::capacity_vol
capacity_vol,charge_formula_frac_Ag,stoichiometric_window,electrode_state_stoichiometry,L3,RULE_STOICHIOMETRIC_WINDOW,feature::charge_formula_frac_Ag -> concept::working_ion_transfer -> target::capacity_vol
capacity_vol,charge_formula_frac_Al,stoichiometric_window,electrode_state_stoichiometry,L3,RULE_STOICHIOMETRIC_WINDOW,feature::charge_formula_frac_Al -> concept::working_ion_transfer -> target::capacity_vol
capacity_vol,charge_formula_frac_As,stoichiometric_window,electrode_state_stoichiometry,L3,RULE_STOICHIOMETRIC_WINDOW,feature::charge_formula_frac_As -> concept::working_ion_transfer -> target::capacity_vol
capacity_vol,charge_formula_frac_B,stoichiometric_window,electrode_state_stoichiometry,L3,RULE_STOICHIOMETRIC_WINDOW,feature::charge_formula_frac_B -> concept::working_ion_transfer -> target::capacity_vol
capacity_vol,charge_formula_frac_Br,stoichiometric_window,electrode_state_stoichiometry,L3,RULE_STOICHIOMETRIC_WINDOW,feature::charge_formula_frac_Br -> concept::working_ion_transfer -> target::capacity_vol
capacity_vol,charge_formula_frac_C,stoichiometric_window,electrode_state_stoichiometry,L3,RULE_STOICHIOMETRIC_WINDOW,feature::charge_formula_frac_C -> concept::working_ion_transfer -> target::capacity_vol
capacity_vol,charge_formula_frac_Ca,stoichiometric_window,electrode_state_stoichiometry,L3,RULE_STOICHIOMETRIC_WINDOW,feature::charge_formula_frac_Ca -> concept::working_ion_transfer -> target::capacity_vol
capacity_vol,charge_formula_frac_Cl,stoichiometric_window,electrode_state_stoichiometry,L3,RULE_STOICHIOMETRIC_WINDOW,feature::charge_formula_frac_Cl -> concept::working_ion_transfer -> target::capacity_vol
capacity_vol,charge_formula_frac_Co,stoichiometric_window,electrode_state_stoichiometry,L3,RULE_STOICHIOMETRIC_WINDOW,feature::charge_formula_frac_Co -> concept::working_ion_transfer -> target::capacity_vol
capacity_vol,charge_formula_frac_Cr,stoichiometric_window,electrode_state_stoichiometry,L3,RULE_STOICHIOMETRIC_WINDOW,feature::charge_formula_frac_Cr -> concept::working_ion_transfer -> target::capacity_vol
capacity_vol,charge_formula_frac_Cu,stoichiometric_window,electrode_state_stoichiometry,L3,RULE_STOICHIOMETRIC_WINDOW,feature::charge_formula_frac_Cu -> concept::working_ion_transfer -> target::capacity_vol
capacity_vol,charge_formula_frac_F,stoichiometric_window,electrode_state_stoichiometry,L3,RULE_STOICHIOMETRIC_WINDOW,feature::charge_formula_frac_F -> concept::working_ion_transfer -> target::capacity_vol
capacity_vol,charge_formula_frac_Fe,stoichiometric_window,electrode_state_stoichiometry,L3,RULE_STOICHIOMETRIC_WINDOW,feature::charge_formula_frac_Fe -> concept::working_ion_transfer -> target::capacity_vol
capacity_vol,charge_formula_frac_I,stoichiometric_window,electrode_state_stoichiometry,L3,RULE_STOICHIOMETRIC_WINDOW,feature::charge_formula_frac_I -> concept::working_ion_transfer -> target::capacity_vol
capacity_vol,charge_formula_frac_K,stoichiometric_window,electrode_state_stoichiometry,L3,RULE_STOICHIOMETRIC_WINDOW,feature::charge_formula_frac_K -> concept::working_ion_transfer -> target::capacity_vol
capacity_vol,charge_formula_frac_Li,stoichiometric_window,electrode_state_stoichiometry,L3,RULE_STOICHIOMETRIC_WINDOW,feature::charge_formula_frac_Li -> concept::working_ion_transfer -> target::capacity_vol
capacity_vol,charge_formula_frac_Mg,stoichiometric_window,electrode_state_stoichiometry,L3,RULE_STOICHIOMETRIC_WINDOW,feature::charge_formula_frac_Mg -> concept::working_ion_transfer -> target::capacity_vol
capacity_vol,charge_formula_frac_Mn,stoichiometric_window,electrode_state_stoichiometry,L3,RULE_STOICHIOMETRIC_WINDOW,feature::charge_formula_frac_Mn -> concept::working_ion_transfer -> target::capacity_vol
capacity_vol,charge_formula_frac_N,stoichiometric_window,electrode_state_stoichiometry,L3,RULE_STOICHIOMETRIC_WINDOW,feature::charge_formula_frac_N -> concept::working_ion_transfer -> target::capacity_vol
capacity_vol,charge_formula_frac_Na,stoichiometric_window,electrode_state_stoichiometry,L3,RULE_STOICHIOMETRIC_WINDOW,feature::charge_formula_frac_Na -> concept::working_ion_transfer -> target::capacity_vol
capacity_vol,charge_formula_frac_Ni,stoichiometric_window,electrode_state_stoichiometry,L3,RULE_STOICHIOMETRIC_WINDOW,feature::charge_formula_frac_Ni -> concept::working_ion_transfer -> target::capacity_vol
capacity_vol,charge_formula_frac_O,stoichiometric_window,electrode_state_stoichiometry,L3,RULE_STOICHIOMETRIC_WINDOW,feature::charge_formula_frac_O -> concept::working_ion_transfer -> target::capacity_vol
capacity_vol,charge_formula_frac_P,stoichiometric_window,electrode_state_stoichiometry,L3,RULE_STOICHIOMETRIC_WINDOW,feature::charge_formula_frac_P -> concept::working_ion_transfer -> target::capacity_vol
capacity_vol,charge_formula_frac_S,stoichiometric_window,electrode_state_stoichiometry,L3,RULE_STOICHIOMETRIC_WINDOW,feature::charge_formula_frac_S -> concept::working_ion_transfer -> target::capacity_vol
capacity_vol,charge_formula_frac_Si,stoichiometric_window,electrode_state_stoichiometry,L3,RULE_STOICHIOMETRIC_WINDOW,feature::charge_formula_frac_Si -> concept::working_ion_transfer -> target::capacity_vol
capacity_vol,charge_formula_frac_Ti,stoichiometric_window,electrode_state_stoichiometry,L3,RULE_STOICHIOMETRIC_WINDOW,feature::charge_formula_frac_Ti -> concept::working_ion_transfer -> target::capacity_vol
capacity_vol,charge_formula_frac_V,stoichiometric_window,electrode_state_stoichiometry,L3,RULE_STOICHIOMETRIC_WINDOW,feature::charge_formula_frac_V -> concept::working_ion_transfer -> target::capacity_vol
capacity_vol,charge_formula_frac_Zn,stoichiometric_window,electrode_state_stoichiometry,L3,RULE_STOICHIOMETRIC_WINDOW,feature::charge_formula_frac_Zn -> concept::working_ion_transfer -> target::capacity_vol
capacity_vol,charge_formula_frac_transition_metals,stoichiometric_window,electrode_state_stoichiometry,L3,RULE_STOICHIOMETRIC_WINDOW,feature::charge_formula_frac_transition_metals -> concept::working_ion_transfer -> target::capacity_vol
capacity_vol,charge_formula_group_max,stoichiometric_window,electrode_state_stoichiometry,L3,RULE_STOICHIOMETRIC_WINDOW,feature::charge_formula_group_max -> concept::working_ion_transfer -> target::capacity_vol
capacity_vol,charge_formula_group_mean,stoichiometric_window,electrode_state_stoichiometry,L3,RULE_STOICHIOMETRIC_WINDOW,feature::charge_formula_group_mean -> concept::working_ion_transfer -> target::capacity_vol
capacity_vol,charge_formula_group_min,stoichiometric_window,electrode_state_stoichiometry,L3,RULE_STOICHIOMETRIC_WINDOW,feature::charge_formula_group_min -> concept::working_ion_transfer -> target::capacity_vol
capacity_vol,charge_formula_group_range,stoichiometric_window,electrode_state_stoichiometry,L3,RULE_STOICHIOMETRIC_WINDOW,feature::charge_formula_group_range -> concept::working_ion_transfer -> target::capacity_vol
capacity_vol,charge_formula_group_std,stoichiometric_window,electrode_state_stoichiometry,L3,RULE_STOICHIOMETRIC_WINDOW,feature::charge_formula_group_std -> concept::working_ion_transfer -> target::capacity_vol
capacity_vol,charge_formula_has_Br,stoichiometric_window,electrode_state_stoichiometry,L3,RULE_STOICHIOMETRIC_WINDOW,feature::charge_formula_has_Br -> concept::working_ion_transfer -> target::capacity_vol
capacity_vol,charge_formula_has_C,stoichiometric_window,electrode_state_stoichiometry,L3,RULE_STOICHIOMETRIC_WINDOW,feature::charge_formula_has_C -> concept::working_ion_transfer -> target::capacity_vol
capacity_vol,charge_formula_has_Cl,stoichiometric_window,electrode_state_stoichiometry,L3,RULE_STOICHIOMETRIC_WINDOW,feature::charge_formula_has_Cl -> concept::working_ion_transfer -> target::capacity_vol
capacity_vol,charge_formula_has_F,stoichiometric_window,electrode_state_stoichiometry,L3,RULE_STOICHIOMETRIC_WINDOW,feature::charge_formula_has_F -> concept::working_ion_transfer -> target::capacity_vol
capacity_vol,charge_formula_has_I,stoichiometric_window,electrode_state_stoichiometry,L3,RULE_STOICHIOMETRIC_WINDOW,feature::charge_formula_has_I -> concept::working_ion_transfer -> target::capacity_vol
capacity_vol,charge_formula_has_N,stoichiometric_window,electrode_state_stoichiometry,L3,RULE_STOICHIOMETRIC_WINDOW,feature::charge_formula_has_N -> concept::working_ion_transfer -> target::capacity_vol
capacity_vol,charge_formula_has_O,stoichiometric_window,electrode_state_stoichiometry,L3,RULE_STOICHIOMETRIC_WINDOW,feature::charge_formula_has_O -> concept::working_ion_transfer -> target::capacity_vol
capacity_vol,charge_formula_has_P,stoichiometric_window,electrode_state_stoichiometry,L3,RULE_STOICHIOMETRIC_WINDOW,feature::charge_formula_has_P -> concept::working_ion_transfer -> target::capacity_vol
capacity_vol,charge_formula_has_S,stoichiometric_window,electrode_state_stoichiometry,L3,RULE_STOICHIOMETRIC_WINDOW,feature::charge_formula_has_S -> concept::working_ion_transfer -> target::capacity_vol
capacity_vol,charge_formula_has_Si,stoichiometric_window,electrode_state_stoichiometry,L3,RULE_STOICHIOMETRIC_WINDOW,feature::charge_formula_has_Si -> concept::working_ion_transfer -> target::capacity_vol
capacity_vol,charge_formula_n_atoms,stoichiometric_window,electrode_state_stoichiometry,L3,RULE_STOICHIOMETRIC_WINDOW,feature::charge_formula_n_atoms -> concept::working_ion_transfer -> target::capacity_vol
capacity_vol,charge_formula_n_elements,stoichiometric_window,electrode_state_stoichiometry,L3,RULE_STOICHIOMETRIC_WINDOW,feature::charge_formula_n_elements -> concept::working_ion_transfer -> target::capacity_vol
capacity_vol,charge_formula_n_transition_metals,stoichiometric_window,electrode_state_stoichiometry,L3,RULE_STOICHIOMETRIC_WINDOW,feature::charge_formula_n_transition_metals -> concept::working_ion_transfer -> target::capacity_vol
capacity_vol,charge_formula_parse_ok,stoichiometric_window,electrode_state_stoichiometry,L3,RULE_STOICHIOMETRIC_WINDOW,feature::charge_formula_parse_ok -> concept::working_ion_transfer -> target::capacity_vol
capacity_vol,charge_formula_row_max,stoichiometric_window,electrode_state_stoichiometry,L3,RULE_STOICHIOMETRIC_WINDOW,feature::charge_formula_row_max -> concept::working_ion_transfer -> target::capacity_vol
capacity_vol,charge_formula_row_mean,stoichiometric_window,electrode_state_stoichiometry,L3,RULE_STOICHIOMETRIC_WINDOW,feature::charge_formula_row_mean -> concept::working_ion_transfer -> target::capacity_vol
capacity_vol,charge_formula_row_min,stoichiometric_window,electrode_state_stoichiometry,L3,RULE_STOICHIOMETRIC_WINDOW,feature::charge_formula_row_min -> concept::working_ion_transfer -> target::capacity_vol
capacity_vol,charge_formula_row_range,stoichiometric_window,electrode_state_stoichiometry,L3,RULE_STOICHIOMETRIC_WINDOW,feature::charge_formula_row_range -> concept::working_ion_transfer -> target::capacity_vol
capacity_vol,charge_formula_row_std,stoichiometric_window,electrode_state_stoichiometry,L3,RULE_STOICHIOMETRIC_WINDOW,feature::charge_formula_row_std -> concept::working_ion_transfer -> target::capacity_vol
capacity_vol,charge_summary_band_gap,post_dft_electronic_summary,post_dft_electronic,L4,RULE_POST_DFT_ELECTRONIC,feature::charge_summary_band_gap -> concept::post_dft_record -> target::capacity_vol
capacity_vol,charge_summary_density,relaxed_structure_summary,relaxed_structure,L0,RULE_SAFE_STRUCTURE,feature::charge_summary_density -> target::capacity_vol
capacity_vol,charge_summary_density_atomic,relaxed_structure_summary,relaxed_structure,L0,RULE_SAFE_STRUCTURE,feature::charge_summary_density_atomic -> target::capacity_vol
capacity_vol,charge_summary_energy_above_hull,post_dft_energy_stability_summary,post_dft_thermodynamics,L4,RULE_HULL_OTHER,feature::charge_summary_energy_above_hull -> concept::post_dft_thermodynamics -> target::capacity_vol
capacity_vol,charge_summary_formation_energy_per_atom,post_dft_energy_stability_summary,post_dft_thermodynamics,L4,RULE_POST_DFT_ENERGY_DEFAULT,feature::charge_summary_formation_energy_per_atom -> concept::post_dft_thermodynamics -> target::capacity_vol
capacity_vol,charge_summary_is_metal,post_dft_electronic_summary,post_dft_electronic,L4,RULE_POST_DFT_ELECTRONIC,feature::charge_summary_is_metal -> concept::post_dft_record -> target::capacity_vol
capacity_vol,charge_summary_is_stable,post_dft_energy_stability_summary,post_dft_thermodynamics,L4,RULE_HULL_OTHER,feature::charge_summary_is_stable -> concept::post_dft_thermodynamics -> target::capacity_vol
capacity_vol,charge_summary_nsites,relaxed_structure_summary,relaxed_structure,L0,RULE_SAFE_STRUCTURE,feature::charge_summary_nsites -> target::capacity_vol
capacity_vol,charge_summary_symmetry_number,relaxed_structure_summary,relaxed_structure,L0,RULE_SAFE_STRUCTURE,feature::charge_summary_symmetry_number -> target::capacity_vol
capacity_vol,charge_summary_theoretical,post_dft_provenance_flag,post_dft_provenance,L4,RULE_POST_DFT_PROVENANCE,feature::charge_summary_theoretical -> concept::post_dft_record -> target::capacity_vol
capacity_vol,charge_summary_volume,relaxed_structure_summary,relaxed_structure,L0,RULE_SAFE_STRUCTURE,feature::charge_summary_volume -> target::capacity_vol
capacity_vol,charge_summary_volume_per_site,relaxed_structure_summary,relaxed_structure,L0,RULE_SAFE_STRUCTURE,feature::charge_summary_volume_per_site -> target::capacity_vol
capacity_vol,discharge_formula_X_max,stoichiometric_window,electrode_state_stoichiometry,L3,RULE_STOICHIOMETRIC_WINDOW,feature::discharge_formula_X_max -> concept::working_ion_transfer -> target::capacity_vol
capacity_vol,discharge_formula_X_mean,stoichiometric_window,electrode_state_stoichiometry,L3,RULE_STOICHIOMETRIC_WINDOW,feature::discharge_formula_X_mean -> concept::working_ion_transfer -> target::capacity_vol
capacity_vol,discharge_formula_X_min,stoichiometric_window,electrode_state_stoichiometry,L3,RULE_STOICHIOMETRIC_WINDOW,feature::discharge_formula_X_min -> concept::working_ion_transfer -> target::capacity_vol
capacity_vol,discharge_formula_X_range,stoichiometric_window,electrode_state_stoichiometry,L3,RULE_STOICHIOMETRIC_WINDOW,feature::discharge_formula_X_range -> concept::working_ion_transfer -> target::capacity_vol
capacity_vol,discharge_formula_X_std,stoichiometric_window,electrode_state_stoichiometry,L3,RULE_STOICHIOMETRIC_WINDOW,feature::discharge_formula_X_std -> concept::working_ion_transfer -> target::capacity_vol
capacity_vol,discharge_formula_Z_max,stoichiometric_window,electrode_state_stoichiometry,L3,RULE_STOICHIOMETRIC_WINDOW,feature::discharge_formula_Z_max -> concept::working_ion_transfer -> target::capacity_vol
capacity_vol,discharge_formula_Z_mean,stoichiometric_window,electrode_state_stoichiometry,L3,RULE_STOICHIOMETRIC_WINDOW,feature::discharge_formula_Z_mean -> concept::working_ion_transfer -> target::capacity_vol
capacity_vol,discharge_formula_Z_min,stoichiometric_window,electrode_state_stoichiometry,L3,RULE_STOICHIOMETRIC_WINDOW,feature::discharge_formula_Z_min -> concept::working_ion_transfer -> target::capacity_vol
capacity_vol,discharge_formula_Z_range,stoichiometric_window,electrode_state_stoichiometry,L3,RULE_STOICHIOMETRIC_WINDOW,feature::discharge_formula_Z_range -> concept::working_ion_transfer -> target::capacity_vol
capacity_vol,discharge_formula_Z_std,stoichiometric_window,electrode_state_stoichiometry,L3,RULE_STOICHIOMETRIC_WINDOW,feature::discharge_formula_Z_std -> concept::working_ion_transfer -> target::capacity_vol
capacity_vol,discharge_formula_atomic_mass_max,stoichiometric_window,electrode_state_stoichiometry,L3,RULE_STOICHIOMETRIC_WINDOW,feature::discharge_formula_atomic_mass_max -> concept::working_ion_transfer -> target::capacity_vol
capacity_vol,discharge_formula_atomic_mass_mean,stoichiometric_window,electrode_state_stoichiometry,L3,RULE_STOICHIOMETRIC_WINDOW,feature::discharge_formula_atomic_mass_mean -> concept::working_ion_transfer -> target::capacity_vol
capacity_vol,discharge_formula_atomic_mass_min,stoichiometric_window,electrode_state_stoichiometry,L3,RULE_STOICHIOMETRIC_WINDOW,feature::discharge_formula_atomic_mass_min -> concept::working_ion_transfer -> target::capacity_vol
capacity_vol,discharge_formula_atomic_mass_range,stoichiometric_window,electrode_state_stoichiometry,L3,RULE_STOICHIOMETRIC_WINDOW,feature::discharge_formula_atomic_mass_range -> concept::working_ion_transfer -> target::capacity_vol
capacity_vol,discharge_formula_atomic_mass_std,stoichiometric_window,electrode_state_stoichiometry,L3,RULE_STOICHIOMETRIC_WINDOW,feature::discharge_formula_atomic_mass_std -> concept::working_ion_transfer -> target::capacity_vol
capacity_vol,discharge_formula_frac_Ag,stoichiometric_window,electrode_state_stoichiometry,L3,RULE_STOICHIOMETRIC_WINDOW,feature::discharge_formula_frac_Ag -> concept::working_ion_transfer -> target::capacity_vol
capacity_vol,discharge_formula_frac_Al,stoichiometric_window,electrode_state_stoichiometry,L3,RULE_STOICHIOMETRIC_WINDOW,feature::discharge_formula_frac_Al -> concept::working_ion_transfer -> target::capacity_vol
capacity_vol,discharge_formula_frac_As,stoichiometric_window,electrode_state_stoichiometry,L3,RULE_STOICHIOMETRIC_WINDOW,feature::discharge_formula_frac_As -> concept::working_ion_transfer -> target::capacity_vol
capacity_vol,discharge_formula_frac_B,stoichiometric_window,electrode_state_stoichiometry,L3,RULE_STOICHIOMETRIC_WINDOW,feature::discharge_formula_frac_B -> concept::working_ion_transfer -> target::capacity_vol
capacity_vol,discharge_formula_frac_Br,stoichiometric_window,electrode_state_stoichiometry,L3,RULE_STOICHIOMETRIC_WINDOW,feature::discharge_formula_frac_Br -> concept::working_ion_transfer -> target::capacity_vol
capacity_vol,discharge_formula_frac_C,stoichiometric_window,electrode_state_stoichiometry,L3,RULE_STOICHIOMETRIC_WINDOW,feature::discharge_formula_frac_C -> concept::working_ion_transfer -> target::capacity_vol
capacity_vol,discharge_formula_frac_Ca,stoichiometric_window,electrode_state_stoichiometry,L3,RULE_STOICHIOMETRIC_WINDOW,feature::discharge_formula_frac_Ca -> concept::working_ion_transfer -> target::capacity_vol
capacity_vol,discharge_formula_frac_Cl,stoichiometric_window,electrode_state_stoichiometry,L3,RULE_STOICHIOMETRIC_WINDOW,feature::discharge_formula_frac_Cl -> concept::working_ion_transfer -> target::capacity_vol
capacity_vol,discharge_formula_frac_Co,stoichiometric_window,electrode_state_stoichiometry,L3,RULE_STOICHIOMETRIC_WINDOW,feature::discharge_formula_frac_Co -> concept::working_ion_transfer -> target::capacity_vol
capacity_vol,discharge_formula_frac_Cr,stoichiometric_window,electrode_state_stoichiometry,L3,RULE_STOICHIOMETRIC_WINDOW,feature::discharge_formula_frac_Cr -> concept::working_ion_transfer -> target::capacity_vol
capacity_vol,discharge_formula_frac_Cu,stoichiometric_window,electrode_state_stoichiometry,L3,RULE_STOICHIOMETRIC_WINDOW,feature::discharge_formula_frac_Cu -> concept::working_ion_transfer -> target::capacity_vol
capacity_vol,discharge_formula_frac_F,stoichiometric_window,electrode_state_stoichiometry,L3,RULE_STOICHIOMETRIC_WINDOW,feature::discharge_formula_frac_F -> concept::working_ion_transfer -> target::capacity_vol
capacity_vol,discharge_formula_frac_Fe,stoichiometric_window,electrode_state_stoichiometry,L3,RULE_STOICHIOMETRIC_WINDOW,feature::discharge_formula_frac_Fe -> concept::working_ion_transfer -> target::capacity_vol
capacity_vol,discharge_formula_frac_I,stoichiometric_window,electrode_state_stoichiometry,L3,RULE_STOICHIOMETRIC_WINDOW,feature::discharge_formula_frac_I -> concept::working_ion_transfer -> target::capacity_vol
capacity_vol,discharge_formula_frac_K,stoichiometric_window,electrode_state_stoichiometry,L3,RULE_STOICHIOMETRIC_WINDOW,feature::discharge_formula_frac_K -> concept::working_ion_transfer -> target::capacity_vol
capacity_vol,discharge_formula_frac_Li,stoichiometric_window,electrode_state_stoichiometry,L3,RULE_STOICHIOMETRIC_WINDOW,feature::discharge_formula_frac_Li -> concept::working_ion_transfer -> target::capacity_vol
capacity_vol,discharge_formula_frac_Mg,stoichiometric_window,electrode_state_stoichiometry,L3,RULE_STOICHIOMETRIC_WINDOW,feature::discharge_formula_frac_Mg -> concept::working_ion_transfer -> target::capacity_vol
capacity_vol,discharge_formula_frac_Mn,stoichiometric_window,electrode_state_stoichiometry,L3,RULE_STOICHIOMETRIC_WINDOW,feature::discharge_formula_frac_Mn -> concept::working_ion_transfer -> target::capacity_vol
capacity_vol,discharge_formula_frac_N,stoichiometric_window,electrode_state_stoichiometry,L3,RULE_STOICHIOMETRIC_WINDOW,feature::discharge_formula_frac_N -> concept::working_ion_transfer -> target::capacity_vol
capacity_vol,discharge_formula_frac_Na,stoichiometric_window,electrode_state_stoichiometry,L3,RULE_STOICHIOMETRIC_WINDOW,feature::discharge_formula_frac_Na -> concept::working_ion_transfer -> target::capacity_vol
capacity_vol,discharge_formula_frac_Ni,stoichiometric_window,electrode_state_stoichiometry,L3,RULE_STOICHIOMETRIC_WINDOW,feature::discharge_formula_frac_Ni -> concept::working_ion_transfer -> target::capacity_vol
capacity_vol,discharge_formula_frac_O,stoichiometric_window,electrode_state_stoichiometry,L3,RULE_STOICHIOMETRIC_WINDOW,feature::discharge_formula_frac_O -> concept::working_ion_transfer -> target::capacity_vol
capacity_vol,discharge_formula_frac_P,stoichiometric_window,electrode_state_stoichiometry,L3,RULE_STOICHIOMETRIC_WINDOW,feature::discharge_formula_frac_P -> concept::working_ion_transfer -> target::capacity_vol
capacity_vol,discharge_formula_frac_S,stoichiometric_window,electrode_state_stoichiometry,L3,RULE_STOICHIOMETRIC_WINDOW,feature::discharge_formula_frac_S -> concept::working_ion_transfer -> target::capacity_vol
capacity_vol,discharge_formula_frac_Si,stoichiometric_window,electrode_state_stoichiometry,L3,RULE_STOICHIOMETRIC_WINDOW,feature::discharge_formula_frac_Si -> concept::working_ion_transfer -> target::capacity_vol
capacity_vol,discharge_formula_frac_Ti,stoichiometric_window,electrode_state_stoichiometry,L3,RULE_STOICHIOMETRIC_WINDOW,feature::discharge_formula_frac_Ti -> concept::working_ion_transfer -> target::capacity_vol
capacity_vol,discharge_formula_frac_V,stoichiometric_window,electrode_state_stoichiometry,L3,RULE_STOICHIOMETRIC_WINDOW,feature::discharge_formula_frac_V -> concept::working_ion_transfer -> target::capacity_vol
capacity_vol,discharge_formula_frac_Zn,stoichiometric_window,electrode_state_stoichiometry,L3,RULE_STOICHIOMETRIC_WINDOW,feature::discharge_formula_frac_Zn -> concept::working_ion_transfer -> target::capacity_vol
capacity_vol,discharge_formula_frac_transition_metals,stoichiometric_window,electrode_state_stoichiometry,L3,RULE_STOICHIOMETRIC_WINDOW,feature::discharge_formula_frac_transition_metals -> concept::working_ion_transfer -> target::capacity_vol
capacity_vol,discharge_formula_group_max,stoichiometric_window,electrode_state_stoichiometry,L3,RULE_STOICHIOMETRIC_WINDOW,feature::discharge_formula_group_max -> concept::working_ion_transfer -> target::capacity_vol
capacity_vol,discharge_formula_group_mean,stoichiometric_window,electrode_state_stoichiometry,L3,RULE_STOICHIOMETRIC_WINDOW,feature::discharge_formula_group_mean -> concept::working_ion_transfer -> target::capacity_vol
capacity_vol,discharge_formula_group_min,stoichiometric_window,electrode_state_stoichiometry,L3,RULE_STOICHIOMETRIC_WINDOW,feature::discharge_formula_group_min -> concept::working_ion_transfer -> target::capacity_vol
capacity_vol,discharge_formula_group_range,stoichiometric_window,electrode_state_stoichiometry,L3,RULE_STOICHIOMETRIC_WINDOW,feature::discharge_formula_group_range -> concept::working_ion_transfer -> target::capacity_vol
capacity_vol,discharge_formula_group_std,stoichiometric_window,electrode_state_stoichiometry,L3,RULE_STOICHIOMETRIC_WINDOW,feature::discharge_formula_group_std -> concept::working_ion_transfer -> target::capacity_vol
capacity_vol,discharge_formula_has_Br,stoichiometric_window,electrode_state_stoichiometry,L3,RULE_STOICHIOMETRIC_WINDOW,feature::discharge_formula_has_Br -> concept::working_ion_transfer -> target::capacity_vol
capacity_vol,discharge_formula_has_C,stoichiometric_window,electrode_state_stoichiometry,L3,RULE_STOICHIOMETRIC_WINDOW,feature::discharge_formula_has_C -> concept::working_ion_transfer -> target::capacity_vol
capacity_vol,discharge_formula_has_Cl,stoichiometric_window,electrode_state_stoichiometry,L3,RULE_STOICHIOMETRIC_WINDOW,feature::discharge_formula_has_Cl -> concept::working_ion_transfer -> target::capacity_vol
capacity_vol,discharge_formula_has_F,stoichiometric_window,electrode_state_stoichiometry,L3,RULE_STOICHIOMETRIC_WINDOW,feature::discharge_formula_has_F -> concept::working_ion_transfer -> target::capacity_vol
capacity_vol,discharge_formula_has_I,stoichiometric_window,electrode_state_stoichiometry,L3,RULE_STOICHIOMETRIC_WINDOW,feature::discharge_formula_has_I -> concept::working_ion_transfer -> target::capacity_vol
capacity_vol,discharge_formula_has_N,stoichiometric_window,electrode_state_stoichiometry,L3,RULE_STOICHIOMETRIC_WINDOW,feature::discharge_formula_has_N -> concept::working_ion_transfer -> target::capacity_vol
capacity_vol,discharge_formula_has_O,stoichiometric_window,electrode_state_stoichiometry,L3,RULE_STOICHIOMETRIC_WINDOW,feature::discharge_formula_has_O -> concept::working_ion_transfer -> target::capacity_vol
capacity_vol,discharge_formula_has_P,stoichiometric_window,electrode_state_stoichiometry,L3,RULE_STOICHIOMETRIC_WINDOW,feature::discharge_formula_has_P -> concept::working_ion_transfer -> target::capacity_vol
capacity_vol,discharge_formula_has_S,stoichiometric_window,electrode_state_stoichiometry,L3,RULE_STOICHIOMETRIC_WINDOW,feature::discharge_formula_has_S -> concept::working_ion_transfer -> target::capacity_vol
capacity_vol,discharge_formula_has_Si,stoichiometric_window,electrode_state_stoichiometry,L3,RULE_STOICHIOMETRIC_WINDOW,feature::discharge_formula_has_Si -> concept::working_ion_transfer -> target::capacity_vol
capacity_vol,discharge_formula_n_atoms,stoichiometric_window,electrode_state_stoichiometry,L3,RULE_STOICHIOMETRIC_WINDOW,feature::discharge_formula_n_atoms -> concept::working_ion_transfer -> target::capacity_vol
capacity_vol,discharge_formula_n_elements,stoichiometric_window,electrode_state_stoichiometry,L3,RULE_STOICHIOMETRIC_WINDOW,feature::discharge_formula_n_elements -> concept::working_ion_transfer -> target::capacity_vol
capacity_vol,discharge_formula_n_transition_metals,stoichiometric_window,electrode_state_stoichiometry,L3,RULE_STOICHIOMETRIC_WINDOW,feature::discharge_formula_n_transition_metals -> concept::working_ion_transfer -> target::capacity_vol
capacity_vol,discharge_formula_parse_ok,stoichiometric_window,electrode_state_stoichiometry,L3,RULE_STOICHIOMETRIC_WINDOW,feature::discharge_formula_parse_ok -> concept::working_ion_transfer -> target::capacity_vol
capacity_vol,discharge_formula_row_max,stoichiometric_window,electrode_state_stoichiometry,L3,RULE_STOICHIOMETRIC_WINDOW,feature::discharge_formula_row_max -> concept::working_ion_transfer -> target::capacity_vol
capacity_vol,discharge_formula_row_mean,stoichiometric_window,electrode_state_stoichiometry,L3,RULE_STOICHIOMETRIC_WINDOW,feature::discharge_formula_row_mean -> concept::working_ion_transfer -> target::capacity_vol
capacity_vol,discharge_formula_row_min,stoichiometric_window,electrode_state_stoichiometry,L3,RULE_STOICHIOMETRIC_WINDOW,feature::discharge_formula_row_min -> concept::working_ion_transfer -> target::capacity_vol
capacity_vol,discharge_formula_row_range,stoichiometric_window,electrode_state_stoichiometry,L3,RULE_STOICHIOMETRIC_WINDOW,feature::discharge_formula_row_range -> concept::working_ion_transfer -> target::capacity_vol
capacity_vol,discharge_formula_row_std,stoichiometric_window,electrode_state_stoichiometry,L3,RULE_STOICHIOMETRIC_WINDOW,feature::discharge_formula_row_std -> concept::working_ion_transfer -> target::capacity_vol
capacity_vol,discharge_summary_band_gap,post_dft_electronic_summary,post_dft_electronic,L4,RULE_POST_DFT_ELECTRONIC,feature::discharge_summary_band_gap -> concept::post_dft_record -> target::capacity_vol
capacity_vol,discharge_summary_density,relaxed_structure_summary,relaxed_structure,L0,RULE_SAFE_STRUCTURE,feature::discharge_summary_density -> target::capacity_vol
capacity_vol,discharge_summary_density_atomic,relaxed_structure_summary,relaxed_structure,L0,RULE_SAFE_STRUCTURE,feature::discharge_summary_density_atomic -> target::capacity_vol
capacity_vol,discharge_summary_energy_above_hull,post_dft_energy_stability_summary,post_dft_thermodynamics,L4,RULE_HULL_OTHER,feature::discharge_summary_energy_above_hull -> concept::post_dft_thermodynamics -> target::capacity_vol
capacity_vol,discharge_summary_formation_energy_per_atom,post_dft_energy_stability_summary,post_dft_thermodynamics,L4,RULE_POST_DFT_ENERGY_DEFAULT,feature::discharge_summary_formation_energy_per_atom -> concept::post_dft_thermodynamics -> target::capacity_vol
capacity_vol,discharge_summary_is_metal,post_dft_electronic_summary,post_dft_electronic,L4,RULE_POST_DFT_ELECTRONIC,feature::discharge_summary_is_metal -> concept::post_dft_record -> target::capacity_vol
capacity_vol,discharge_summary_is_stable,post_dft_energy_stability_summary,post_dft_thermodynamics,L4,RULE_HULL_OTHER,feature::discharge_summary_is_stable -> concept::post_dft_thermodynamics -> target::capacity_vol
capacity_vol,discharge_summary_nsites,relaxed_structure_summary,relaxed_structure,L0,RULE_SAFE_STRUCTURE,feature::discharge_summary_nsites -> target::capacity_vol
capacity_vol,discharge_summary_symmetry_number,relaxed_structure_summary,relaxed_structure,L0,RULE_SAFE_STRUCTURE,feature::discharge_summary_symmetry_number -> target::capacity_vol
capacity_vol,discharge_summary_theoretical,post_dft_provenance_flag,post_dft_provenance,L4,RULE_POST_DFT_PROVENANCE,feature::discharge_summary_theoretical -> concept::post_dft_record -> target::capacity_vol
capacity_vol,discharge_summary_volume,relaxed_structure_summary,relaxed_structure,L0,RULE_SAFE_STRUCTURE,feature::discharge_summary_volume -> target::capacity_vol
capacity_vol,discharge_summary_volume_per_site,relaxed_structure_summary,relaxed_structure,L0,RULE_SAFE_STRUCTURE,feature::discharge_summary_volume_per_site -> target::capacity_vol
capacity_vol,energy_grav,stored_electrode_target,stored_electrode_record,L2,RULE_CAPACITY_ENERGY_RELATION,feature::energy_grav -> concept::capacity_energy_relation -> target::capacity_vol
capacity_vol,energy_vol,stored_electrode_target,stored_electrode_record,L2,RULE_CAPACITY_ENERGY_RELATION,feature::energy_vol -> concept::capacity_energy_relation -> target::capacity_vol
capacity_vol,fracA_charge,stoichiometric_window,electrode_state_stoichiometry,L3,RULE_STOICHIOMETRIC_WINDOW,feature::fracA_charge -> concept::working_ion_transfer -> target::capacity_vol
capacity_vol,fracA_discharge,stoichiometric_window,electrode_state_stoichiometry,L3,RULE_STOICHIOMETRIC_WINDOW,feature::fracA_discharge -> concept::working_ion_transfer -> target::capacity_vol
capacity_vol,fw_X_max,composition_known_framework,pre_dft_composition,L0,RULE_SAFE_DEFAULT,feature::fw_X_max -> target::capacity_vol
capacity_vol,fw_X_mean,composition_known_framework,pre_dft_composition,L0,RULE_SAFE_DEFAULT,feature::fw_X_mean -> target::capacity_vol
capacity_vol,fw_X_min,composition_known_framework,pre_dft_composition,L0,RULE_SAFE_DEFAULT,feature::fw_X_min -> target::capacity_vol
capacity_vol,fw_X_range,composition_known_framework,pre_dft_composition,L0,RULE_SAFE_DEFAULT,feature::fw_X_range -> target::capacity_vol
capacity_vol,fw_X_std,composition_known_framework,pre_dft_composition,L0,RULE_SAFE_DEFAULT,feature::fw_X_std -> target::capacity_vol
capacity_vol,fw_Z_max,composition_known_framework,pre_dft_composition,L0,RULE_SAFE_DEFAULT,feature::fw_Z_max -> target::capacity_vol
capacity_vol,fw_Z_mean,composition_known_framework,pre_dft_composition,L0,RULE_SAFE_DEFAULT,feature::fw_Z_mean -> target::capacity_vol
capacity_vol,fw_Z_min,composition_known_framework,pre_dft_composition,L0,RULE_SAFE_DEFAULT,feature::fw_Z_min -> target::capacity_vol
capacity_vol,fw_Z_range,composition_known_framework,pre_dft_composition,L0,RULE_SAFE_DEFAULT,feature::fw_Z_range -> target::capacity_vol
capacity_vol,fw_Z_std,composition_known_framework,pre_dft_composition,L0,RULE_SAFE_DEFAULT,feature::fw_Z_std -> target::capacity_vol
capacity_vol,fw_atomic_mass_max,composition_known_framework,pre_dft_composition,L0,RULE_SAFE_DEFAULT,feature::fw_atomic_mass_max -> target::capacity_vol
capacity_vol,fw_atomic_mass_mean,composition_known_framework,pre_dft_composition,L0,RULE_SAFE_DEFAULT,feature::fw_atomic_mass_mean -> target::capacity_vol
capacity_vol,fw_atomic_mass_min,composition_known_framework,pre_dft_composition,L0,RULE_SAFE_DEFAULT,feature::fw_atomic_mass_min -> target::capacity_vol
capacity_vol,fw_atomic_mass_range,composition_known_framework,pre_dft_composition,L0,RULE_SAFE_DEFAULT,feature::fw_atomic_mass_range -> target::capacity_vol
capacity_vol,fw_atomic_mass_std,composition_known_framework,pre_dft_composition,L0,RULE_SAFE_DEFAULT,feature::fw_atomic_mass_std -> target::capacity_vol
capacity_vol,fw_frac_Ag,composition_known_framework,pre_dft_composition,L0,RULE_SAFE_DEFAULT,feature::fw_frac_Ag -> target::capacity_vol
capacity_vol,fw_frac_Al,composition_known_framework,pre_dft_composition,L0,RULE_SAFE_DEFAULT,feature::fw_frac_Al -> target::capacity_vol
capacity_vol,fw_frac_As,composition_known_framework,pre_dft_composition,L0,RULE_SAFE_DEFAULT,feature::fw_frac_As -> target::capacity_vol
capacity_vol,fw_frac_B,composition_known_framework,pre_dft_composition,L0,RULE_SAFE_DEFAULT,feature::fw_frac_B -> target::capacity_vol
capacity_vol,fw_frac_Br,composition_known_framework,pre_dft_composition,L0,RULE_SAFE_DEFAULT,feature::fw_frac_Br -> target::capacity_vol
capacity_vol,fw_frac_C,composition_known_framework,pre_dft_composition,L0,RULE_SAFE_DEFAULT,feature::fw_frac_C -> target::capacity_vol
capacity_vol,fw_frac_Ca,composition_known_framework,pre_dft_composition,L0,RULE_SAFE_DEFAULT,feature::fw_frac_Ca -> target::capacity_vol
capacity_vol,fw_frac_Cl,composition_known_framework,pre_dft_composition,L0,RULE_SAFE_DEFAULT,feature::fw_frac_Cl -> target::capacity_vol
capacity_vol,fw_frac_Co,composition_known_framework,pre_dft_composition,L0,RULE_SAFE_DEFAULT,feature::fw_frac_Co -> target::capacity_vol
capacity_vol,fw_frac_Cr,composition_known_framework,pre_dft_composition,L0,RULE_SAFE_DEFAULT,feature::fw_frac_Cr -> target::capacity_vol
capacity_vol,fw_frac_Cu,composition_known_framework,pre_dft_composition,L0,RULE_SAFE_DEFAULT,feature::fw_frac_Cu -> target::capacity_vol
capacity_vol,fw_frac_F,composition_known_framework,pre_dft_composition,L0,RULE_SAFE_DEFAULT,feature::fw_frac_F -> target::capacity_vol
capacity_vol,fw_frac_Fe,composition_known_framework,pre_dft_composition,L0,RULE_SAFE_DEFAULT,feature::fw_frac_Fe -> target::capacity_vol
capacity_vol,fw_frac_I,composition_known_framework,pre_dft_composition,L0,RULE_SAFE_DEFAULT,feature::fw_frac_I -> target::capacity_vol
capacity_vol,fw_frac_K,composition_known_framework,pre_dft_composition,L0,RULE_SAFE_DEFAULT,feature::fw_frac_K -> target::capacity_vol
capacity_vol,fw_frac_Li,composition_known_framework,pre_dft_composition,L0,RULE_SAFE_DEFAULT,feature::fw_frac_Li -> target::capacity_vol
capacity_vol,fw_frac_Mg,composition_known_framework,pre_dft_composition,L0,RULE_SAFE_DEFAULT,feature::fw_frac_Mg -> target::capacity_vol
capacity_vol,fw_frac_Mn,composition_known_framework,pre_dft_composition,L0,RULE_SAFE_DEFAULT,feature::fw_frac_Mn -> target::capacity_vol
capacity_vol,fw_frac_N,composition_known_framework,pre_dft_composition,L0,RULE_SAFE_DEFAULT,feature::fw_frac_N -> target::capacity_vol
capacity_vol,fw_frac_Na,composition_known_framework,pre_dft_composition,L0,RULE_SAFE_DEFAULT,feature::fw_frac_Na -> target::capacity_vol
capacity_vol,fw_frac_Ni,composition_known_framework,pre_dft_composition,L0,RULE_SAFE_DEFAULT,feature::fw_frac_Ni -> target::capacity_vol
capacity_vol,fw_frac_O,composition_known_framework,pre_dft_composition,L0,RULE_SAFE_DEFAULT,feature::fw_frac_O -> target::capacity_vol
capacity_vol,fw_frac_P,composition_known_framework,pre_dft_composition,L0,RULE_SAFE_DEFAULT,feature::fw_frac_P -> target::capacity_vol
capacity_vol,fw_frac_S,composition_known_framework,pre_dft_composition,L0,RULE_SAFE_DEFAULT,feature::fw_frac_S -> target::capacity_vol
capacity_vol,fw_frac_Si,composition_known_framework,pre_dft_composition,L0,RULE_SAFE_DEFAULT,feature::fw_frac_Si -> target::capacity_vol
capacity_vol,fw_frac_Ti,composition_known_framework,pre_dft_composition,L0,RULE_SAFE_DEFAULT,feature::fw_frac_Ti -> target::capacity_vol
capacity_vol,fw_frac_V,composition_known_framework,pre_dft_composition,L0,RULE_SAFE_DEFAULT,feature::fw_frac_V -> target::capacity_vol
capacity_vol,fw_frac_Zn,composition_known_framework,pre_dft_composition,L0,RULE_SAFE_DEFAULT,feature::fw_frac_Zn -> target::capacity_vol
capacity_vol,fw_frac_transition_metals,composition_known_framework,pre_dft_composition,L0,RULE_SAFE_DEFAULT,feature::fw_frac_transition_metals -> target::capacity_vol
capacity_vol,fw_group_max,composition_known_framework,pre_dft_composition,L0,RULE_SAFE_DEFAULT,feature::fw_group_max -> target::capacity_vol
capacity_vol,fw_group_mean,composition_known_framework,pre_dft_composition,L0,RULE_SAFE_DEFAULT,feature::fw_group_mean -> target::capacity_vol
capacity_vol,fw_group_min,composition_known_framework,pre_dft_composition,L0,RULE_SAFE_DEFAULT,feature::fw_group_min -> target::capacity_vol
capacity_vol,fw_group_range,composition_known_framework,pre_dft_composition,L0,RULE_SAFE_DEFAULT,feature::fw_group_range -> target::capacity_vol
capacity_vol,fw_group_std,composition_known_framework,pre_dft_composition,L0,RULE_SAFE_DEFAULT,feature::fw_group_std -> target::capacity_vol
capacity_vol,fw_has_Br,composition_known_framework,pre_dft_composition,L0,RULE_SAFE_DEFAULT,feature::fw_has_Br -> target::capacity_vol
capacity_vol,fw_has_C,composition_known_framework,pre_dft_composition,L0,RULE_SAFE_DEFAULT,feature::fw_has_C -> target::capacity_vol
capacity_vol,fw_has_Cl,composition_known_framework,pre_dft_composition,L0,RULE_SAFE_DEFAULT,feature::fw_has_Cl -> target::capacity_vol
capacity_vol,fw_has_F,composition_known_framework,pre_dft_composition,L0,RULE_SAFE_DEFAULT,feature::fw_has_F -> target::capacity_vol
capacity_vol,fw_has_I,composition_known_framework,pre_dft_composition,L0,RULE_SAFE_DEFAULT,feature::fw_has_I -> target::capacity_vol
capacity_vol,fw_has_N,composition_known_framework,pre_dft_composition,L0,RULE_SAFE_DEFAULT,feature::fw_has_N -> target::capacity_vol
capacity_vol,fw_has_O,composition_known_framework,pre_dft_composition,L0,RULE_SAFE_DEFAULT,feature::fw_has_O -> target::capacity_vol
capacity_vol,fw_has_P,composition_known_framework,pre_dft_composition,L0,RULE_SAFE_DEFAULT,feature::fw_has_P -> target::capacity_vol
capacity_vol,fw_has_S,composition_known_framework,pre_dft_composition,L0,RULE_SAFE_DEFAULT,feature::fw_has_S -> target::capacity_vol
capacity_vol,fw_has_Si,composition_known_framework,pre_dft_composition,L0,RULE_SAFE_DEFAULT,feature::fw_has_Si -> target::capacity_vol
capacity_vol,fw_n_atoms,composition_known_framework,pre_dft_composition,L0,RULE_SAFE_DEFAULT,feature::fw_n_atoms -> target::capacity_vol
capacity_vol,fw_n_elements,composition_known_framework,pre_dft_composition,L0,RULE_SAFE_DEFAULT,feature::fw_n_elements -> target::capacity_vol
capacity_vol,fw_n_transition_metals,composition_known_framework,pre_dft_composition,L0,RULE_SAFE_DEFAULT,feature::fw_n_transition_metals -> target::capacity_vol
capacity_vol,fw_parse_ok,composition_known_framework,pre_dft_composition,L0,RULE_SAFE_DEFAULT,feature::fw_parse_ok -> target::capacity_vol
capacity_vol,fw_row_max,composition_known_framework,pre_dft_composition,L0,RULE_SAFE_DEFAULT,feature::fw_row_max -> target::capacity_vol
capacity_vol,fw_row_mean,composition_known_framework,pre_dft_composition,L0,RULE_SAFE_DEFAULT,feature::fw_row_mean -> target::capacity_vol
capacity_vol,fw_row_min,composition_known_framework,pre_dft_composition,L0,RULE_SAFE_DEFAULT,feature::fw_row_min -> target::capacity_vol
capacity_vol,fw_row_range,composition_known_framework,pre_dft_composition,L0,RULE_SAFE_DEFAULT,feature::fw_row_range -> target::capacity_vol
capacity_vol,fw_row_std,composition_known_framework,pre_dft_composition,L0,RULE_SAFE_DEFAULT,feature::fw_row_std -> target::capacity_vol
capacity_vol,max_delta_volume,stored_electrode_target,stored_electrode_record,L4,RULE_OTHER_STORED_TARGET,feature::max_delta_volume -> concept::stored_electrode_record -> target::capacity_vol
capacity_vol,max_voltage_step,stored_electrode_process_descriptor,stored_electrode_record,L0,RULE_SAFE_DEFAULT,feature::max_voltage_step -> target::capacity_vol
capacity_vol,num_steps,stored_electrode_process_descriptor,stored_electrode_record,L0,RULE_SAFE_DEFAULT,feature::num_steps -> target::capacity_vol
capacity_vol,stability_charge,stored_electrode_target,stored_electrode_record,L4,RULE_OTHER_STORED_TARGET,feature::stability_charge -> concept::stored_electrode_record -> target::capacity_vol
capacity_vol,stability_discharge,stored_electrode_target,stored_electrode_record,L4,RULE_OTHER_STORED_TARGET,feature::stability_discharge -> concept::stored_electrode_record -> target::capacity_vol
capacity_vol,stability_worst,stored_electrode_target,stored_electrode_record,L4,RULE_OTHER_STORED_TARGET,feature::stability_worst -> concept::stored_electrode_record -> target::capacity_vol
capacity_vol,stoich_abs_wi_amount_delta,stoichiometric_window,electrode_state_stoichiometry,L3,RULE_STOICHIOMETRIC_WINDOW,feature::stoich_abs_wi_amount_delta -> concept::working_ion_transfer -> target::capacity_vol
capacity_vol,stoich_wi_amount_charge,stoichiometric_window,electrode_state_stoichiometry,L3,RULE_STOICHIOMETRIC_WINDOW,feature::stoich_wi_amount_charge -> concept::working_ion_transfer -> target::capacity_vol
capacity_vol,stoich_wi_amount_delta,stoichiometric_window,electrode_state_stoichiometry,L3,RULE_STOICHIOMETRIC_WINDOW,feature::stoich_wi_amount_delta -> concept::working_ion_transfer -> target::capacity_vol
capacity_vol,stoich_wi_amount_discharge,stoichiometric_window,electrode_state_stoichiometry,L3,RULE_STOICHIOMETRIC_WINDOW,feature::stoich_wi_amount_discharge -> concept::working_ion_transfer -> target::capacity_vol
capacity_vol,stored_abs_fracA_delta,other_numeric,derived_miscellaneous,L0,RULE_SAFE_DEFAULT,feature::stored_abs_fracA_delta -> target::capacity_vol
capacity_vol,stored_fracA_delta,stoichiometric_window,electrode_state_stoichiometry,L3,RULE_STOICHIOMETRIC_WINDOW,feature::stored_fracA_delta -> concept::working_ion_transfer -> target::capacity_vol
capacity_vol,summary_abs_delta_band_gap,post_dft_electronic_summary,post_dft_electronic,L4,RULE_POST_DFT_ELECTRONIC,feature::summary_abs_delta_band_gap -> concept::post_dft_record -> target::capacity_vol
capacity_vol,summary_abs_delta_density,relaxed_structure_summary,relaxed_structure,L0,RULE_SAFE_STRUCTURE,feature::summary_abs_delta_density -> target::capacity_vol
capacity_vol,summary_abs_delta_density_atomic,relaxed_structure_summary,relaxed_structure,L0,RULE_SAFE_STRUCTURE,feature::summary_abs_delta_density_atomic -> target::capacity_vol
capacity_vol,summary_abs_delta_energy_above_hull,post_dft_energy_stability_summary,post_dft_thermodynamics,L4,RULE_HULL_OTHER,feature::summary_abs_delta_energy_above_hull -> concept::post_dft_thermodynamics -> target::capacity_vol
capacity_vol,summary_abs_delta_formation_energy_per_atom,post_dft_energy_stability_summary,post_dft_thermodynamics,L4,RULE_POST_DFT_ENERGY_DEFAULT,feature::summary_abs_delta_formation_energy_per_atom -> concept::post_dft_thermodynamics -> target::capacity_vol
capacity_vol,summary_abs_delta_volume_fraction,relaxed_structure_summary,relaxed_structure,L0,RULE_SAFE_STRUCTURE,feature::summary_abs_delta_volume_fraction -> target::capacity_vol
capacity_vol,summary_abs_delta_volume_per_site,relaxed_structure_summary,relaxed_structure,L0,RULE_SAFE_STRUCTURE,feature::summary_abs_delta_volume_per_site -> target::capacity_vol
capacity_vol,summary_delta_band_gap,post_dft_electronic_summary,post_dft_electronic,L4,RULE_POST_DFT_ELECTRONIC,feature::summary_delta_band_gap -> concept::post_dft_record -> target::capacity_vol
capacity_vol,summary_delta_density,relaxed_structure_summary,relaxed_structure,L0,RULE_SAFE_STRUCTURE,feature::summary_delta_density -> target::capacity_vol
capacity_vol,summary_delta_density_atomic,relaxed_structure_summary,relaxed_structure,L0,RULE_SAFE_STRUCTURE,feature::summary_delta_density_atomic -> target::capacity_vol
capacity_vol,summary_delta_energy_above_hull,post_dft_energy_stability_summary,post_dft_thermodynamics,L4,RULE_HULL_OTHER,feature::summary_delta_energy_above_hull -> concept::post_dft_thermodynamics -> target::capacity_vol
capacity_vol,summary_delta_formation_energy_per_atom,post_dft_energy_stability_summary,post_dft_thermodynamics,L4,RULE_POST_DFT_ENERGY_DEFAULT,feature::summary_delta_formation_energy_per_atom -> concept::post_dft_thermodynamics -> target::capacity_vol
capacity_vol,summary_delta_volume_fraction,relaxed_structure_summary,relaxed_structure,L0,RULE_SAFE_STRUCTURE,feature::summary_delta_volume_fraction -> target::capacity_vol
capacity_vol,summary_delta_volume_per_site,relaxed_structure_summary,relaxed_structure,L0,RULE_SAFE_STRUCTURE,feature::summary_delta_volume_per_site -> target::capacity_vol
capacity_vol,summary_worst_energy_above_hull,post_dft_energy_stability_summary,post_dft_thermodynamics,L4,RULE_HULL_OTHER,feature::summary_worst_energy_above_hull -> concept::post_dft_thermodynamics -> target::capacity_vol
capacity_vol,wi_X,composition_known_working_ion,pre_dft_composition,L0,RULE_SAFE_DEFAULT,feature::wi_X -> target::capacity_vol
capacity_vol,wi_Z,composition_known_working_ion,pre_dft_composition,L0,RULE_SAFE_DEFAULT,feature::wi_Z -> target::capacity_vol
capacity_vol,wi_atomic_mass,composition_known_working_ion,pre_dft_composition,L0,RULE_SAFE_DEFAULT,feature::wi_atomic_mass -> target::capacity_vol
capacity_vol,wi_group,composition_known_working_ion,pre_dft_composition,L0,RULE_SAFE_DEFAULT,feature::wi_group -> target::capacity_vol
capacity_vol,wi_is_K,domain_label_onehot,validation_only,L5,RULE_DOMAIN_LABEL,feature::wi_is_K -> concept::validation_domain -> target::capacity_vol
capacity_vol,wi_is_Li,domain_label_onehot,validation_only,L5,RULE_DOMAIN_LABEL,feature::wi_is_Li -> concept::validation_domain -> target::capacity_vol
capacity_vol,wi_is_Na,domain_label_onehot,validation_only,L5,RULE_DOMAIN_LABEL,feature::wi_is_Na -> concept::validation_domain -> target::capacity_vol
capacity_vol,wi_row,composition_known_working_ion,pre_dft_composition,L0,RULE_SAFE_DEFAULT,feature::wi_row -> target::capacity_vol
energy_grav,average_voltage,stored_electrode_target,stored_electrode_record,L2,RULE_ENERGY_DEFINITION,feature::average_voltage -> concept::energy_definition -> target::energy_grav
energy_grav,capacity_grav,stored_electrode_target,stored_electrode_record,L2,RULE_ENERGY_DEFINITION,feature::capacity_grav -> concept::energy_definition -> target::energy_grav
energy_grav,capacity_vol,stored_electrode_target,stored_electrode_record,L2,RULE_ENERGY_DEFINITION,feature::capacity_vol -> concept::energy_definition -> target::energy_grav
energy_grav,charge_formula_X_max,stoichiometric_window,electrode_state_stoichiometry,L3,RULE_STOICHIOMETRIC_WINDOW,feature::charge_formula_X_max -> concept::working_ion_transfer -> target::energy_grav
energy_grav,charge_formula_X_mean,stoichiometric_window,electrode_state_stoichiometry,L3,RULE_STOICHIOMETRIC_WINDOW,feature::charge_formula_X_mean -> concept::working_ion_transfer -> target::energy_grav
energy_grav,charge_formula_X_min,stoichiometric_window,electrode_state_stoichiometry,L3,RULE_STOICHIOMETRIC_WINDOW,feature::charge_formula_X_min -> concept::working_ion_transfer -> target::energy_grav
energy_grav,charge_formula_X_range,stoichiometric_window,electrode_state_stoichiometry,L3,RULE_STOICHIOMETRIC_WINDOW,feature::charge_formula_X_range -> concept::working_ion_transfer -> target::energy_grav
energy_grav,charge_formula_X_std,stoichiometric_window,electrode_state_stoichiometry,L3,RULE_STOICHIOMETRIC_WINDOW,feature::charge_formula_X_std -> concept::working_ion_transfer -> target::energy_grav
energy_grav,charge_formula_Z_max,stoichiometric_window,electrode_state_stoichiometry,L3,RULE_STOICHIOMETRIC_WINDOW,feature::charge_formula_Z_max -> concept::working_ion_transfer -> target::energy_grav
energy_grav,charge_formula_Z_mean,stoichiometric_window,electrode_state_stoichiometry,L3,RULE_STOICHIOMETRIC_WINDOW,feature::charge_formula_Z_mean -> concept::working_ion_transfer -> target::energy_grav
energy_grav,charge_formula_Z_min,stoichiometric_window,electrode_state_stoichiometry,L3,RULE_STOICHIOMETRIC_WINDOW,feature::charge_formula_Z_min -> concept::working_ion_transfer -> target::energy_grav
energy_grav,charge_formula_Z_range,stoichiometric_window,electrode_state_stoichiometry,L3,RULE_STOICHIOMETRIC_WINDOW,feature::charge_formula_Z_range -> concept::working_ion_transfer -> target::energy_grav
energy_grav,charge_formula_Z_std,stoichiometric_window,electrode_state_stoichiometry,L3,RULE_STOICHIOMETRIC_WINDOW,feature::charge_formula_Z_std -> concept::working_ion_transfer -> target::energy_grav
energy_grav,charge_formula_atomic_mass_max,stoichiometric_window,electrode_state_stoichiometry,L3,RULE_STOICHIOMETRIC_WINDOW,feature::charge_formula_atomic_mass_max -> concept::working_ion_transfer -> target::energy_grav
energy_grav,charge_formula_atomic_mass_mean,stoichiometric_window,electrode_state_stoichiometry,L3,RULE_STOICHIOMETRIC_WINDOW,feature::charge_formula_atomic_mass_mean -> concept::working_ion_transfer -> target::energy_grav
energy_grav,charge_formula_atomic_mass_min,stoichiometric_window,electrode_state_stoichiometry,L3,RULE_STOICHIOMETRIC_WINDOW,feature::charge_formula_atomic_mass_min -> concept::working_ion_transfer -> target::energy_grav
energy_grav,charge_formula_atomic_mass_range,stoichiometric_window,electrode_state_stoichiometry,L3,RULE_STOICHIOMETRIC_WINDOW,feature::charge_formula_atomic_mass_range -> concept::working_ion_transfer -> target::energy_grav
energy_grav,charge_formula_atomic_mass_std,stoichiometric_window,electrode_state_stoichiometry,L3,RULE_STOICHIOMETRIC_WINDOW,feature::charge_formula_atomic_mass_std -> concept::working_ion_transfer -> target::energy_grav
energy_grav,charge_formula_frac_Ag,stoichiometric_window,electrode_state_stoichiometry,L3,RULE_STOICHIOMETRIC_WINDOW,feature::charge_formula_frac_Ag -> concept::working_ion_transfer -> target::energy_grav
energy_grav,charge_formula_frac_Al,stoichiometric_window,electrode_state_stoichiometry,L3,RULE_STOICHIOMETRIC_WINDOW,feature::charge_formula_frac_Al -> concept::working_ion_transfer -> target::energy_grav
energy_grav,charge_formula_frac_As,stoichiometric_window,electrode_state_stoichiometry,L3,RULE_STOICHIOMETRIC_WINDOW,feature::charge_formula_frac_As -> concept::working_ion_transfer -> target::energy_grav
energy_grav,charge_formula_frac_B,stoichiometric_window,electrode_state_stoichiometry,L3,RULE_STOICHIOMETRIC_WINDOW,feature::charge_formula_frac_B -> concept::working_ion_transfer -> target::energy_grav
energy_grav,charge_formula_frac_Br,stoichiometric_window,electrode_state_stoichiometry,L3,RULE_STOICHIOMETRIC_WINDOW,feature::charge_formula_frac_Br -> concept::working_ion_transfer -> target::energy_grav
energy_grav,charge_formula_frac_C,stoichiometric_window,electrode_state_stoichiometry,L3,RULE_STOICHIOMETRIC_WINDOW,feature::charge_formula_frac_C -> concept::working_ion_transfer -> target::energy_grav
energy_grav,charge_formula_frac_Ca,stoichiometric_window,electrode_state_stoichiometry,L3,RULE_STOICHIOMETRIC_WINDOW,feature::charge_formula_frac_Ca -> concept::working_ion_transfer -> target::energy_grav
energy_grav,charge_formula_frac_Cl,stoichiometric_window,electrode_state_stoichiometry,L3,RULE_STOICHIOMETRIC_WINDOW,feature::charge_formula_frac_Cl -> concept::working_ion_transfer -> target::energy_grav
energy_grav,charge_formula_frac_Co,stoichiometric_window,electrode_state_stoichiometry,L3,RULE_STOICHIOMETRIC_WINDOW,feature::charge_formula_frac_Co -> concept::working_ion_transfer -> target::energy_grav
energy_grav,charge_formula_frac_Cr,stoichiometric_window,electrode_state_stoichiometry,L3,RULE_STOICHIOMETRIC_WINDOW,feature::charge_formula_frac_Cr -> concept::working_ion_transfer -> target::energy_grav
energy_grav,charge_formula_frac_Cu,stoichiometric_window,electrode_state_stoichiometry,L3,RULE_STOICHIOMETRIC_WINDOW,feature::charge_formula_frac_Cu -> concept::working_ion_transfer -> target::energy_grav
energy_grav,charge_formula_frac_F,stoichiometric_window,electrode_state_stoichiometry,L3,RULE_STOICHIOMETRIC_WINDOW,feature::charge_formula_frac_F -> concept::working_ion_transfer -> target::energy_grav
energy_grav,charge_formula_frac_Fe,stoichiometric_window,electrode_state_stoichiometry,L3,RULE_STOICHIOMETRIC_WINDOW,feature::charge_formula_frac_Fe -> concept::working_ion_transfer -> target::energy_grav
energy_grav,charge_formula_frac_I,stoichiometric_window,electrode_state_stoichiometry,L3,RULE_STOICHIOMETRIC_WINDOW,feature::charge_formula_frac_I -> concept::working_ion_transfer -> target::energy_grav
energy_grav,charge_formula_frac_K,stoichiometric_window,electrode_state_stoichiometry,L3,RULE_STOICHIOMETRIC_WINDOW,feature::charge_formula_frac_K -> concept::working_ion_transfer -> target::energy_grav
energy_grav,charge_formula_frac_Li,stoichiometric_window,electrode_state_stoichiometry,L3,RULE_STOICHIOMETRIC_WINDOW,feature::charge_formula_frac_Li -> concept::working_ion_transfer -> target::energy_grav
energy_grav,charge_formula_frac_Mg,stoichiometric_window,electrode_state_stoichiometry,L3,RULE_STOICHIOMETRIC_WINDOW,feature::charge_formula_frac_Mg -> concept::working_ion_transfer -> target::energy_grav
energy_grav,charge_formula_frac_Mn,stoichiometric_window,electrode_state_stoichiometry,L3,RULE_STOICHIOMETRIC_WINDOW,feature::charge_formula_frac_Mn -> concept::working_ion_transfer -> target::energy_grav
energy_grav,charge_formula_frac_N,stoichiometric_window,electrode_state_stoichiometry,L3,RULE_STOICHIOMETRIC_WINDOW,feature::charge_formula_frac_N -> concept::working_ion_transfer -> target::energy_grav
energy_grav,charge_formula_frac_Na,stoichiometric_window,electrode_state_stoichiometry,L3,RULE_STOICHIOMETRIC_WINDOW,feature::charge_formula_frac_Na -> concept::working_ion_transfer -> target::energy_grav
energy_grav,charge_formula_frac_Ni,stoichiometric_window,electrode_state_stoichiometry,L3,RULE_STOICHIOMETRIC_WINDOW,feature::charge_formula_frac_Ni -> concept::working_ion_transfer -> target::energy_grav
energy_grav,charge_formula_frac_O,stoichiometric_window,electrode_state_stoichiometry,L3,RULE_STOICHIOMETRIC_WINDOW,feature::charge_formula_frac_O -> concept::working_ion_transfer -> target::energy_grav
energy_grav,charge_formula_frac_P,stoichiometric_window,electrode_state_stoichiometry,L3,RULE_STOICHIOMETRIC_WINDOW,feature::charge_formula_frac_P -> concept::working_ion_transfer -> target::energy_grav
energy_grav,charge_formula_frac_S,stoichiometric_window,electrode_state_stoichiometry,L3,RULE_STOICHIOMETRIC_WINDOW,feature::charge_formula_frac_S -> concept::working_ion_transfer -> target::energy_grav
energy_grav,charge_formula_frac_Si,stoichiometric_window,electrode_state_stoichiometry,L3,RULE_STOICHIOMETRIC_WINDOW,feature::charge_formula_frac_Si -> concept::working_ion_transfer -> target::energy_grav
energy_grav,charge_formula_frac_Ti,stoichiometric_window,electrode_state_stoichiometry,L3,RULE_STOICHIOMETRIC_WINDOW,feature::charge_formula_frac_Ti -> concept::working_ion_transfer -> target::energy_grav
energy_grav,charge_formula_frac_V,stoichiometric_window,electrode_state_stoichiometry,L3,RULE_STOICHIOMETRIC_WINDOW,feature::charge_formula_frac_V -> concept::working_ion_transfer -> target::energy_grav
energy_grav,charge_formula_frac_Zn,stoichiometric_window,electrode_state_stoichiometry,L3,RULE_STOICHIOMETRIC_WINDOW,feature::charge_formula_frac_Zn -> concept::working_ion_transfer -> target::energy_grav
energy_grav,charge_formula_frac_transition_metals,stoichiometric_window,electrode_state_stoichiometry,L3,RULE_STOICHIOMETRIC_WINDOW,feature::charge_formula_frac_transition_metals -> concept::working_ion_transfer -> target::energy_grav
energy_grav,charge_formula_group_max,stoichiometric_window,electrode_state_stoichiometry,L3,RULE_STOICHIOMETRIC_WINDOW,feature::charge_formula_group_max -> concept::working_ion_transfer -> target::energy_grav
energy_grav,charge_formula_group_mean,stoichiometric_window,electrode_state_stoichiometry,L3,RULE_STOICHIOMETRIC_WINDOW,feature::charge_formula_group_mean -> concept::working_ion_transfer -> target::energy_grav
energy_grav,charge_formula_group_min,stoichiometric_window,electrode_state_stoichiometry,L3,RULE_STOICHIOMETRIC_WINDOW,feature::charge_formula_group_min -> concept::working_ion_transfer -> target::energy_grav
energy_grav,charge_formula_group_range,stoichiometric_window,electrode_state_stoichiometry,L3,RULE_STOICHIOMETRIC_WINDOW,feature::charge_formula_group_range -> concept::working_ion_transfer -> target::energy_grav
energy_grav,charge_formula_group_std,stoichiometric_window,electrode_state_stoichiometry,L3,RULE_STOICHIOMETRIC_WINDOW,feature::charge_formula_group_std -> concept::working_ion_transfer -> target::energy_grav
energy_grav,charge_formula_has_Br,stoichiometric_window,electrode_state_stoichiometry,L3,RULE_STOICHIOMETRIC_WINDOW,feature::charge_formula_has_Br -> concept::working_ion_transfer -> target::energy_grav
energy_grav,charge_formula_has_C,stoichiometric_window,electrode_state_stoichiometry,L3,RULE_STOICHIOMETRIC_WINDOW,feature::charge_formula_has_C -> concept::working_ion_transfer -> target::energy_grav
energy_grav,charge_formula_has_Cl,stoichiometric_window,electrode_state_stoichiometry,L3,RULE_STOICHIOMETRIC_WINDOW,feature::charge_formula_has_Cl -> concept::working_ion_transfer -> target::energy_grav
energy_grav,charge_formula_has_F,stoichiometric_window,electrode_state_stoichiometry,L3,RULE_STOICHIOMETRIC_WINDOW,feature::charge_formula_has_F -> concept::working_ion_transfer -> target::energy_grav
energy_grav,charge_formula_has_I,stoichiometric_window,electrode_state_stoichiometry,L3,RULE_STOICHIOMETRIC_WINDOW,feature::charge_formula_has_I -> concept::working_ion_transfer -> target::energy_grav
energy_grav,charge_formula_has_N,stoichiometric_window,electrode_state_stoichiometry,L3,RULE_STOICHIOMETRIC_WINDOW,feature::charge_formula_has_N -> concept::working_ion_transfer -> target::energy_grav
energy_grav,charge_formula_has_O,stoichiometric_window,electrode_state_stoichiometry,L3,RULE_STOICHIOMETRIC_WINDOW,feature::charge_formula_has_O -> concept::working_ion_transfer -> target::energy_grav
energy_grav,charge_formula_has_P,stoichiometric_window,electrode_state_stoichiometry,L3,RULE_STOICHIOMETRIC_WINDOW,feature::charge_formula_has_P -> concept::working_ion_transfer -> target::energy_grav
energy_grav,charge_formula_has_S,stoichiometric_window,electrode_state_stoichiometry,L3,RULE_STOICHIOMETRIC_WINDOW,feature::charge_formula_has_S -> concept::working_ion_transfer -> target::energy_grav
energy_grav,charge_formula_has_Si,stoichiometric_window,electrode_state_stoichiometry,L3,RULE_STOICHIOMETRIC_WINDOW,feature::charge_formula_has_Si -> concept::working_ion_transfer -> target::energy_grav
energy_grav,charge_formula_n_atoms,stoichiometric_window,electrode_state_stoichiometry,L3,RULE_STOICHIOMETRIC_WINDOW,feature::charge_formula_n_atoms -> concept::working_ion_transfer -> target::energy_grav
energy_grav,charge_formula_n_elements,stoichiometric_window,electrode_state_stoichiometry,L3,RULE_STOICHIOMETRIC_WINDOW,feature::charge_formula_n_elements -> concept::working_ion_transfer -> target::energy_grav
energy_grav,charge_formula_n_transition_metals,stoichiometric_window,electrode_state_stoichiometry,L3,RULE_STOICHIOMETRIC_WINDOW,feature::charge_formula_n_transition_metals -> concept::working_ion_transfer -> target::energy_grav
energy_grav,charge_formula_parse_ok,stoichiometric_window,electrode_state_stoichiometry,L3,RULE_STOICHIOMETRIC_WINDOW,feature::charge_formula_parse_ok -> concept::working_ion_transfer -> target::energy_grav
energy_grav,charge_formula_row_max,stoichiometric_window,electrode_state_stoichiometry,L3,RULE_STOICHIOMETRIC_WINDOW,feature::charge_formula_row_max -> concept::working_ion_transfer -> target::energy_grav
energy_grav,charge_formula_row_mean,stoichiometric_window,electrode_state_stoichiometry,L3,RULE_STOICHIOMETRIC_WINDOW,feature::charge_formula_row_mean -> concept::working_ion_transfer -> target::energy_grav
energy_grav,charge_formula_row_min,stoichiometric_window,electrode_state_stoichiometry,L3,RULE_STOICHIOMETRIC_WINDOW,feature::charge_formula_row_min -> concept::working_ion_transfer -> target::energy_grav
energy_grav,charge_formula_row_range,stoichiometric_window,electrode_state_stoichiometry,L3,RULE_STOICHIOMETRIC_WINDOW,feature::charge_formula_row_range -> concept::working_ion_transfer -> target::energy_grav
energy_grav,charge_formula_row_std,stoichiometric_window,electrode_state_stoichiometry,L3,RULE_STOICHIOMETRIC_WINDOW,feature::charge_formula_row_std -> concept::working_ion_transfer -> target::energy_grav
energy_grav,charge_summary_band_gap,post_dft_electronic_summary,post_dft_electronic,L4,RULE_POST_DFT_ELECTRONIC,feature::charge_summary_band_gap -> concept::post_dft_record -> target::energy_grav
energy_grav,charge_summary_density,relaxed_structure_summary,relaxed_structure,L0,RULE_SAFE_STRUCTURE,feature::charge_summary_density -> target::energy_grav
energy_grav,charge_summary_density_atomic,relaxed_structure_summary,relaxed_structure,L0,RULE_SAFE_STRUCTURE,feature::charge_summary_density_atomic -> target::energy_grav
energy_grav,charge_summary_energy_above_hull,post_dft_energy_stability_summary,post_dft_thermodynamics,L4,RULE_HULL_OTHER,feature::charge_summary_energy_above_hull -> concept::post_dft_thermodynamics -> target::energy_grav
energy_grav,charge_summary_formation_energy_per_atom,post_dft_energy_stability_summary,post_dft_thermodynamics,L2,RULE_FORMATION_ENERGY_ENERGY,feature::charge_summary_formation_energy_per_atom -> concept::insertion_energy_difference -> target::energy_grav
energy_grav,charge_summary_is_metal,post_dft_electronic_summary,post_dft_electronic,L4,RULE_POST_DFT_ELECTRONIC,feature::charge_summary_is_metal -> concept::post_dft_record -> target::energy_grav
energy_grav,charge_summary_is_stable,post_dft_energy_stability_summary,post_dft_thermodynamics,L4,RULE_HULL_OTHER,feature::charge_summary_is_stable -> concept::post_dft_thermodynamics -> target::energy_grav
energy_grav,charge_summary_nsites,relaxed_structure_summary,relaxed_structure,L0,RULE_SAFE_STRUCTURE,feature::charge_summary_nsites -> target::energy_grav
energy_grav,charge_summary_symmetry_number,relaxed_structure_summary,relaxed_structure,L0,RULE_SAFE_STRUCTURE,feature::charge_summary_symmetry_number -> target::energy_grav
energy_grav,charge_summary_theoretical,post_dft_provenance_flag,post_dft_provenance,L4,RULE_POST_DFT_PROVENANCE,feature::charge_summary_theoretical -> concept::post_dft_record -> target::energy_grav
energy_grav,charge_summary_volume,relaxed_structure_summary,relaxed_structure,L0,RULE_SAFE_STRUCTURE,feature::charge_summary_volume -> target::energy_grav
energy_grav,charge_summary_volume_per_site,relaxed_structure_summary,relaxed_structure,L0,RULE_SAFE_STRUCTURE,feature::charge_summary_volume_per_site -> target::energy_grav
energy_grav,discharge_formula_X_max,stoichiometric_window,electrode_state_stoichiometry,L3,RULE_STOICHIOMETRIC_WINDOW,feature::discharge_formula_X_max -> concept::working_ion_transfer -> target::energy_grav
energy_grav,discharge_formula_X_mean,stoichiometric_window,electrode_state_stoichiometry,L3,RULE_STOICHIOMETRIC_WINDOW,feature::discharge_formula_X_mean -> concept::working_ion_transfer -> target::energy_grav
energy_grav,discharge_formula_X_min,stoichiometric_window,electrode_state_stoichiometry,L3,RULE_STOICHIOMETRIC_WINDOW,feature::discharge_formula_X_min -> concept::working_ion_transfer -> target::energy_grav
energy_grav,discharge_formula_X_range,stoichiometric_window,electrode_state_stoichiometry,L3,RULE_STOICHIOMETRIC_WINDOW,feature::discharge_formula_X_range -> concept::working_ion_transfer -> target::energy_grav
energy_grav,discharge_formula_X_std,stoichiometric_window,electrode_state_stoichiometry,L3,RULE_STOICHIOMETRIC_WINDOW,feature::discharge_formula_X_std -> concept::working_ion_transfer -> target::energy_grav
energy_grav,discharge_formula_Z_max,stoichiometric_window,electrode_state_stoichiometry,L3,RULE_STOICHIOMETRIC_WINDOW,feature::discharge_formula_Z_max -> concept::working_ion_transfer -> target::energy_grav
energy_grav,discharge_formula_Z_mean,stoichiometric_window,electrode_state_stoichiometry,L3,RULE_STOICHIOMETRIC_WINDOW,feature::discharge_formula_Z_mean -> concept::working_ion_transfer -> target::energy_grav
energy_grav,discharge_formula_Z_min,stoichiometric_window,electrode_state_stoichiometry,L3,RULE_STOICHIOMETRIC_WINDOW,feature::discharge_formula_Z_min -> concept::working_ion_transfer -> target::energy_grav
energy_grav,discharge_formula_Z_range,stoichiometric_window,electrode_state_stoichiometry,L3,RULE_STOICHIOMETRIC_WINDOW,feature::discharge_formula_Z_range -> concept::working_ion_transfer -> target::energy_grav
energy_grav,discharge_formula_Z_std,stoichiometric_window,electrode_state_stoichiometry,L3,RULE_STOICHIOMETRIC_WINDOW,feature::discharge_formula_Z_std -> concept::working_ion_transfer -> target::energy_grav
energy_grav,discharge_formula_atomic_mass_max,stoichiometric_window,electrode_state_stoichiometry,L3,RULE_STOICHIOMETRIC_WINDOW,feature::discharge_formula_atomic_mass_max -> concept::working_ion_transfer -> target::energy_grav
energy_grav,discharge_formula_atomic_mass_mean,stoichiometric_window,electrode_state_stoichiometry,L3,RULE_STOICHIOMETRIC_WINDOW,feature::discharge_formula_atomic_mass_mean -> concept::working_ion_transfer -> target::energy_grav
energy_grav,discharge_formula_atomic_mass_min,stoichiometric_window,electrode_state_stoichiometry,L3,RULE_STOICHIOMETRIC_WINDOW,feature::discharge_formula_atomic_mass_min -> concept::working_ion_transfer -> target::energy_grav
energy_grav,discharge_formula_atomic_mass_range,stoichiometric_window,electrode_state_stoichiometry,L3,RULE_STOICHIOMETRIC_WINDOW,feature::discharge_formula_atomic_mass_range -> concept::working_ion_transfer -> target::energy_grav
energy_grav,discharge_formula_atomic_mass_std,stoichiometric_window,electrode_state_stoichiometry,L3,RULE_STOICHIOMETRIC_WINDOW,feature::discharge_formula_atomic_mass_std -> concept::working_ion_transfer -> target::energy_grav
energy_grav,discharge_formula_frac_Ag,stoichiometric_window,electrode_state_stoichiometry,L3,RULE_STOICHIOMETRIC_WINDOW,feature::discharge_formula_frac_Ag -> concept::working_ion_transfer -> target::energy_grav
energy_grav,discharge_formula_frac_Al,stoichiometric_window,electrode_state_stoichiometry,L3,RULE_STOICHIOMETRIC_WINDOW,feature::discharge_formula_frac_Al -> concept::working_ion_transfer -> target::energy_grav
energy_grav,discharge_formula_frac_As,stoichiometric_window,electrode_state_stoichiometry,L3,RULE_STOICHIOMETRIC_WINDOW,feature::discharge_formula_frac_As -> concept::working_ion_transfer -> target::energy_grav
energy_grav,discharge_formula_frac_B,stoichiometric_window,electrode_state_stoichiometry,L3,RULE_STOICHIOMETRIC_WINDOW,feature::discharge_formula_frac_B -> concept::working_ion_transfer -> target::energy_grav
energy_grav,discharge_formula_frac_Br,stoichiometric_window,electrode_state_stoichiometry,L3,RULE_STOICHIOMETRIC_WINDOW,feature::discharge_formula_frac_Br -> concept::working_ion_transfer -> target::energy_grav
energy_grav,discharge_formula_frac_C,stoichiometric_window,electrode_state_stoichiometry,L3,RULE_STOICHIOMETRIC_WINDOW,feature::discharge_formula_frac_C -> concept::working_ion_transfer -> target::energy_grav
energy_grav,discharge_formula_frac_Ca,stoichiometric_window,electrode_state_stoichiometry,L3,RULE_STOICHIOMETRIC_WINDOW,feature::discharge_formula_frac_Ca -> concept::working_ion_transfer -> target::energy_grav
energy_grav,discharge_formula_frac_Cl,stoichiometric_window,electrode_state_stoichiometry,L3,RULE_STOICHIOMETRIC_WINDOW,feature::discharge_formula_frac_Cl -> concept::working_ion_transfer -> target::energy_grav
energy_grav,discharge_formula_frac_Co,stoichiometric_window,electrode_state_stoichiometry,L3,RULE_STOICHIOMETRIC_WINDOW,feature::discharge_formula_frac_Co -> concept::working_ion_transfer -> target::energy_grav
energy_grav,discharge_formula_frac_Cr,stoichiometric_window,electrode_state_stoichiometry,L3,RULE_STOICHIOMETRIC_WINDOW,feature::discharge_formula_frac_Cr -> concept::working_ion_transfer -> target::energy_grav
energy_grav,discharge_formula_frac_Cu,stoichiometric_window,electrode_state_stoichiometry,L3,RULE_STOICHIOMETRIC_WINDOW,feature::discharge_formula_frac_Cu -> concept::working_ion_transfer -> target::energy_grav
energy_grav,discharge_formula_frac_F,stoichiometric_window,electrode_state_stoichiometry,L3,RULE_STOICHIOMETRIC_WINDOW,feature::discharge_formula_frac_F -> concept::working_ion_transfer -> target::energy_grav
energy_grav,discharge_formula_frac_Fe,stoichiometric_window,electrode_state_stoichiometry,L3,RULE_STOICHIOMETRIC_WINDOW,feature::discharge_formula_frac_Fe -> concept::working_ion_transfer -> target::energy_grav
energy_grav,discharge_formula_frac_I,stoichiometric_window,electrode_state_stoichiometry,L3,RULE_STOICHIOMETRIC_WINDOW,feature::discharge_formula_frac_I -> concept::working_ion_transfer -> target::energy_grav
energy_grav,discharge_formula_frac_K,stoichiometric_window,electrode_state_stoichiometry,L3,RULE_STOICHIOMETRIC_WINDOW,feature::discharge_formula_frac_K -> concept::working_ion_transfer -> target::energy_grav
energy_grav,discharge_formula_frac_Li,stoichiometric_window,electrode_state_stoichiometry,L3,RULE_STOICHIOMETRIC_WINDOW,feature::discharge_formula_frac_Li -> concept::working_ion_transfer -> target::energy_grav
energy_grav,discharge_formula_frac_Mg,stoichiometric_window,electrode_state_stoichiometry,L3,RULE_STOICHIOMETRIC_WINDOW,feature::discharge_formula_frac_Mg -> concept::working_ion_transfer -> target::energy_grav
energy_grav,discharge_formula_frac_Mn,stoichiometric_window,electrode_state_stoichiometry,L3,RULE_STOICHIOMETRIC_WINDOW,feature::discharge_formula_frac_Mn -> concept::working_ion_transfer -> target::energy_grav
energy_grav,discharge_formula_frac_N,stoichiometric_window,electrode_state_stoichiometry,L3,RULE_STOICHIOMETRIC_WINDOW,feature::discharge_formula_frac_N -> concept::working_ion_transfer -> target::energy_grav
energy_grav,discharge_formula_frac_Na,stoichiometric_window,electrode_state_stoichiometry,L3,RULE_STOICHIOMETRIC_WINDOW,feature::discharge_formula_frac_Na -> concept::working_ion_transfer -> target::energy_grav
energy_grav,discharge_formula_frac_Ni,stoichiometric_window,electrode_state_stoichiometry,L3,RULE_STOICHIOMETRIC_WINDOW,feature::discharge_formula_frac_Ni -> concept::working_ion_transfer -> target::energy_grav
energy_grav,discharge_formula_frac_O,stoichiometric_window,electrode_state_stoichiometry,L3,RULE_STOICHIOMETRIC_WINDOW,feature::discharge_formula_frac_O -> concept::working_ion_transfer -> target::energy_grav
energy_grav,discharge_formula_frac_P,stoichiometric_window,electrode_state_stoichiometry,L3,RULE_STOICHIOMETRIC_WINDOW,feature::discharge_formula_frac_P -> concept::working_ion_transfer -> target::energy_grav
energy_grav,discharge_formula_frac_S,stoichiometric_window,electrode_state_stoichiometry,L3,RULE_STOICHIOMETRIC_WINDOW,feature::discharge_formula_frac_S -> concept::working_ion_transfer -> target::energy_grav
energy_grav,discharge_formula_frac_Si,stoichiometric_window,electrode_state_stoichiometry,L3,RULE_STOICHIOMETRIC_WINDOW,feature::discharge_formula_frac_Si -> concept::working_ion_transfer -> target::energy_grav
energy_grav,discharge_formula_frac_Ti,stoichiometric_window,electrode_state_stoichiometry,L3,RULE_STOICHIOMETRIC_WINDOW,feature::discharge_formula_frac_Ti -> concept::working_ion_transfer -> target::energy_grav
energy_grav,discharge_formula_frac_V,stoichiometric_window,electrode_state_stoichiometry,L3,RULE_STOICHIOMETRIC_WINDOW,feature::discharge_formula_frac_V -> concept::working_ion_transfer -> target::energy_grav
energy_grav,discharge_formula_frac_Zn,stoichiometric_window,electrode_state_stoichiometry,L3,RULE_STOICHIOMETRIC_WINDOW,feature::discharge_formula_frac_Zn -> concept::working_ion_transfer -> target::energy_grav
energy_grav,discharge_formula_frac_transition_metals,stoichiometric_window,electrode_state_stoichiometry,L3,RULE_STOICHIOMETRIC_WINDOW,feature::discharge_formula_frac_transition_metals -> concept::working_ion_transfer -> target::energy_grav
energy_grav,discharge_formula_group_max,stoichiometric_window,electrode_state_stoichiometry,L3,RULE_STOICHIOMETRIC_WINDOW,feature::discharge_formula_group_max -> concept::working_ion_transfer -> target::energy_grav
energy_grav,discharge_formula_group_mean,stoichiometric_window,electrode_state_stoichiometry,L3,RULE_STOICHIOMETRIC_WINDOW,feature::discharge_formula_group_mean -> concept::working_ion_transfer -> target::energy_grav
energy_grav,discharge_formula_group_min,stoichiometric_window,electrode_state_stoichiometry,L3,RULE_STOICHIOMETRIC_WINDOW,feature::discharge_formula_group_min -> concept::working_ion_transfer -> target::energy_grav
energy_grav,discharge_formula_group_range,stoichiometric_window,electrode_state_stoichiometry,L3,RULE_STOICHIOMETRIC_WINDOW,feature::discharge_formula_group_range -> concept::working_ion_transfer -> target::energy_grav
energy_grav,discharge_formula_group_std,stoichiometric_window,electrode_state_stoichiometry,L3,RULE_STOICHIOMETRIC_WINDOW,feature::discharge_formula_group_std -> concept::working_ion_transfer -> target::energy_grav
energy_grav,discharge_formula_has_Br,stoichiometric_window,electrode_state_stoichiometry,L3,RULE_STOICHIOMETRIC_WINDOW,feature::discharge_formula_has_Br -> concept::working_ion_transfer -> target::energy_grav
energy_grav,discharge_formula_has_C,stoichiometric_window,electrode_state_stoichiometry,L3,RULE_STOICHIOMETRIC_WINDOW,feature::discharge_formula_has_C -> concept::working_ion_transfer -> target::energy_grav
energy_grav,discharge_formula_has_Cl,stoichiometric_window,electrode_state_stoichiometry,L3,RULE_STOICHIOMETRIC_WINDOW,feature::discharge_formula_has_Cl -> concept::working_ion_transfer -> target::energy_grav
energy_grav,discharge_formula_has_F,stoichiometric_window,electrode_state_stoichiometry,L3,RULE_STOICHIOMETRIC_WINDOW,feature::discharge_formula_has_F -> concept::working_ion_transfer -> target::energy_grav
energy_grav,discharge_formula_has_I,stoichiometric_window,electrode_state_stoichiometry,L3,RULE_STOICHIOMETRIC_WINDOW,feature::discharge_formula_has_I -> concept::working_ion_transfer -> target::energy_grav
energy_grav,discharge_formula_has_N,stoichiometric_window,electrode_state_stoichiometry,L3,RULE_STOICHIOMETRIC_WINDOW,feature::discharge_formula_has_N -> concept::working_ion_transfer -> target::energy_grav
energy_grav,discharge_formula_has_O,stoichiometric_window,electrode_state_stoichiometry,L3,RULE_STOICHIOMETRIC_WINDOW,feature::discharge_formula_has_O -> concept::working_ion_transfer -> target::energy_grav
energy_grav,discharge_formula_has_P,stoichiometric_window,electrode_state_stoichiometry,L3,RULE_STOICHIOMETRIC_WINDOW,feature::discharge_formula_has_P -> concept::working_ion_transfer -> target::energy_grav
energy_grav,discharge_formula_has_S,stoichiometric_window,electrode_state_stoichiometry,L3,RULE_STOICHIOMETRIC_WINDOW,feature::discharge_formula_has_S -> concept::working_ion_transfer -> target::energy_grav
energy_grav,discharge_formula_has_Si,stoichiometric_window,electrode_state_stoichiometry,L3,RULE_STOICHIOMETRIC_WINDOW,feature::discharge_formula_has_Si -> concept::working_ion_transfer -> target::energy_grav
energy_grav,discharge_formula_n_atoms,stoichiometric_window,electrode_state_stoichiometry,L3,RULE_STOICHIOMETRIC_WINDOW,feature::discharge_formula_n_atoms -> concept::working_ion_transfer -> target::energy_grav
energy_grav,discharge_formula_n_elements,stoichiometric_window,electrode_state_stoichiometry,L3,RULE_STOICHIOMETRIC_WINDOW,feature::discharge_formula_n_elements -> concept::working_ion_transfer -> target::energy_grav
energy_grav,discharge_formula_n_transition_metals,stoichiometric_window,electrode_state_stoichiometry,L3,RULE_STOICHIOMETRIC_WINDOW,feature::discharge_formula_n_transition_metals -> concept::working_ion_transfer -> target::energy_grav
energy_grav,discharge_formula_parse_ok,stoichiometric_window,electrode_state_stoichiometry,L3,RULE_STOICHIOMETRIC_WINDOW,feature::discharge_formula_parse_ok -> concept::working_ion_transfer -> target::energy_grav
energy_grav,discharge_formula_row_max,stoichiometric_window,electrode_state_stoichiometry,L3,RULE_STOICHIOMETRIC_WINDOW,feature::discharge_formula_row_max -> concept::working_ion_transfer -> target::energy_grav
energy_grav,discharge_formula_row_mean,stoichiometric_window,electrode_state_stoichiometry,L3,RULE_STOICHIOMETRIC_WINDOW,feature::discharge_formula_row_mean -> concept::working_ion_transfer -> target::energy_grav
energy_grav,discharge_formula_row_min,stoichiometric_window,electrode_state_stoichiometry,L3,RULE_STOICHIOMETRIC_WINDOW,feature::discharge_formula_row_min -> concept::working_ion_transfer -> target::energy_grav
energy_grav,discharge_formula_row_range,stoichiometric_window,electrode_state_stoichiometry,L3,RULE_STOICHIOMETRIC_WINDOW,feature::discharge_formula_row_range -> concept::working_ion_transfer -> target::energy_grav
energy_grav,discharge_formula_row_std,stoichiometric_window,electrode_state_stoichiometry,L3,RULE_STOICHIOMETRIC_WINDOW,feature::discharge_formula_row_std -> concept::working_ion_transfer -> target::energy_grav
energy_grav,discharge_summary_band_gap,post_dft_electronic_summary,post_dft_electronic,L4,RULE_POST_DFT_ELECTRONIC,feature::discharge_summary_band_gap -> concept::post_dft_record -> target::energy_grav
energy_grav,discharge_summary_density,relaxed_structure_summary,relaxed_structure,L0,RULE_SAFE_STRUCTURE,feature::discharge_summary_density -> target::energy_grav
energy_grav,discharge_summary_density_atomic,relaxed_structure_summary,relaxed_structure,L0,RULE_SAFE_STRUCTURE,feature::discharge_summary_density_atomic -> target::energy_grav
energy_grav,discharge_summary_energy_above_hull,post_dft_energy_stability_summary,post_dft_thermodynamics,L4,RULE_HULL_OTHER,feature::discharge_summary_energy_above_hull -> concept::post_dft_thermodynamics -> target::energy_grav
energy_grav,discharge_summary_formation_energy_per_atom,post_dft_energy_stability_summary,post_dft_thermodynamics,L2,RULE_FORMATION_ENERGY_ENERGY,feature::discharge_summary_formation_energy_per_atom -> concept::insertion_energy_difference -> target::energy_grav
energy_grav,discharge_summary_is_metal,post_dft_electronic_summary,post_dft_electronic,L4,RULE_POST_DFT_ELECTRONIC,feature::discharge_summary_is_metal -> concept::post_dft_record -> target::energy_grav
energy_grav,discharge_summary_is_stable,post_dft_energy_stability_summary,post_dft_thermodynamics,L4,RULE_HULL_OTHER,feature::discharge_summary_is_stable -> concept::post_dft_thermodynamics -> target::energy_grav
energy_grav,discharge_summary_nsites,relaxed_structure_summary,relaxed_structure,L0,RULE_SAFE_STRUCTURE,feature::discharge_summary_nsites -> target::energy_grav
energy_grav,discharge_summary_symmetry_number,relaxed_structure_summary,relaxed_structure,L0,RULE_SAFE_STRUCTURE,feature::discharge_summary_symmetry_number -> target::energy_grav
energy_grav,discharge_summary_theoretical,post_dft_provenance_flag,post_dft_provenance,L4,RULE_POST_DFT_PROVENANCE,feature::discharge_summary_theoretical -> concept::post_dft_record -> target::energy_grav
energy_grav,discharge_summary_volume,relaxed_structure_summary,relaxed_structure,L0,RULE_SAFE_STRUCTURE,feature::discharge_summary_volume -> target::energy_grav
energy_grav,discharge_summary_volume_per_site,relaxed_structure_summary,relaxed_structure,L0,RULE_SAFE_STRUCTURE,feature::discharge_summary_volume_per_site -> target::energy_grav
energy_grav,energy_grav,stored_electrode_target,stored_electrode_record,L1,RULE_DIRECT_TARGET,feature::energy_grav -> target::energy_grav
energy_grav,energy_vol,stored_electrode_target,stored_electrode_record,L2,RULE_ENERGY_DEFINITION,feature::energy_vol -> concept::energy_definition -> target::energy_grav
energy_grav,fracA_charge,stoichiometric_window,electrode_state_stoichiometry,L3,RULE_STOICHIOMETRIC_WINDOW,feature::fracA_charge -> concept::working_ion_transfer -> target::energy_grav
energy_grav,fracA_discharge,stoichiometric_window,electrode_state_stoichiometry,L3,RULE_STOICHIOMETRIC_WINDOW,feature::fracA_discharge -> concept::working_ion_transfer -> target::energy_grav
energy_grav,fw_X_max,composition_known_framework,pre_dft_composition,L0,RULE_SAFE_DEFAULT,feature::fw_X_max -> target::energy_grav
energy_grav,fw_X_mean,composition_known_framework,pre_dft_composition,L0,RULE_SAFE_DEFAULT,feature::fw_X_mean -> target::energy_grav
energy_grav,fw_X_min,composition_known_framework,pre_dft_composition,L0,RULE_SAFE_DEFAULT,feature::fw_X_min -> target::energy_grav
energy_grav,fw_X_range,composition_known_framework,pre_dft_composition,L0,RULE_SAFE_DEFAULT,feature::fw_X_range -> target::energy_grav
energy_grav,fw_X_std,composition_known_framework,pre_dft_composition,L0,RULE_SAFE_DEFAULT,feature::fw_X_std -> target::energy_grav
energy_grav,fw_Z_max,composition_known_framework,pre_dft_composition,L0,RULE_SAFE_DEFAULT,feature::fw_Z_max -> target::energy_grav
energy_grav,fw_Z_mean,composition_known_framework,pre_dft_composition,L0,RULE_SAFE_DEFAULT,feature::fw_Z_mean -> target::energy_grav
energy_grav,fw_Z_min,composition_known_framework,pre_dft_composition,L0,RULE_SAFE_DEFAULT,feature::fw_Z_min -> target::energy_grav
energy_grav,fw_Z_range,composition_known_framework,pre_dft_composition,L0,RULE_SAFE_DEFAULT,feature::fw_Z_range -> target::energy_grav
energy_grav,fw_Z_std,composition_known_framework,pre_dft_composition,L0,RULE_SAFE_DEFAULT,feature::fw_Z_std -> target::energy_grav
energy_grav,fw_atomic_mass_max,composition_known_framework,pre_dft_composition,L0,RULE_SAFE_DEFAULT,feature::fw_atomic_mass_max -> target::energy_grav
energy_grav,fw_atomic_mass_mean,composition_known_framework,pre_dft_composition,L0,RULE_SAFE_DEFAULT,feature::fw_atomic_mass_mean -> target::energy_grav
energy_grav,fw_atomic_mass_min,composition_known_framework,pre_dft_composition,L0,RULE_SAFE_DEFAULT,feature::fw_atomic_mass_min -> target::energy_grav
energy_grav,fw_atomic_mass_range,composition_known_framework,pre_dft_composition,L0,RULE_SAFE_DEFAULT,feature::fw_atomic_mass_range -> target::energy_grav
energy_grav,fw_atomic_mass_std,composition_known_framework,pre_dft_composition,L0,RULE_SAFE_DEFAULT,feature::fw_atomic_mass_std -> target::energy_grav
energy_grav,fw_frac_Ag,composition_known_framework,pre_dft_composition,L0,RULE_SAFE_DEFAULT,feature::fw_frac_Ag -> target::energy_grav
energy_grav,fw_frac_Al,composition_known_framework,pre_dft_composition,L0,RULE_SAFE_DEFAULT,feature::fw_frac_Al -> target::energy_grav
energy_grav,fw_frac_As,composition_known_framework,pre_dft_composition,L0,RULE_SAFE_DEFAULT,feature::fw_frac_As -> target::energy_grav
energy_grav,fw_frac_B,composition_known_framework,pre_dft_composition,L0,RULE_SAFE_DEFAULT,feature::fw_frac_B -> target::energy_grav
energy_grav,fw_frac_Br,composition_known_framework,pre_dft_composition,L0,RULE_SAFE_DEFAULT,feature::fw_frac_Br -> target::energy_grav
energy_grav,fw_frac_C,composition_known_framework,pre_dft_composition,L0,RULE_SAFE_DEFAULT,feature::fw_frac_C -> target::energy_grav
energy_grav,fw_frac_Ca,composition_known_framework,pre_dft_composition,L0,RULE_SAFE_DEFAULT,feature::fw_frac_Ca -> target::energy_grav
energy_grav,fw_frac_Cl,composition_known_framework,pre_dft_composition,L0,RULE_SAFE_DEFAULT,feature::fw_frac_Cl -> target::energy_grav
energy_grav,fw_frac_Co,composition_known_framework,pre_dft_composition,L0,RULE_SAFE_DEFAULT,feature::fw_frac_Co -> target::energy_grav
energy_grav,fw_frac_Cr,composition_known_framework,pre_dft_composition,L0,RULE_SAFE_DEFAULT,feature::fw_frac_Cr -> target::energy_grav
energy_grav,fw_frac_Cu,composition_known_framework,pre_dft_composition,L0,RULE_SAFE_DEFAULT,feature::fw_frac_Cu -> target::energy_grav
energy_grav,fw_frac_F,composition_known_framework,pre_dft_composition,L0,RULE_SAFE_DEFAULT,feature::fw_frac_F -> target::energy_grav
energy_grav,fw_frac_Fe,composition_known_framework,pre_dft_composition,L0,RULE_SAFE_DEFAULT,feature::fw_frac_Fe -> target::energy_grav
energy_grav,fw_frac_I,composition_known_framework,pre_dft_composition,L0,RULE_SAFE_DEFAULT,feature::fw_frac_I -> target::energy_grav
energy_grav,fw_frac_K,composition_known_framework,pre_dft_composition,L0,RULE_SAFE_DEFAULT,feature::fw_frac_K -> target::energy_grav
energy_grav,fw_frac_Li,composition_known_framework,pre_dft_composition,L0,RULE_SAFE_DEFAULT,feature::fw_frac_Li -> target::energy_grav
energy_grav,fw_frac_Mg,composition_known_framework,pre_dft_composition,L0,RULE_SAFE_DEFAULT,feature::fw_frac_Mg -> target::energy_grav
energy_grav,fw_frac_Mn,composition_known_framework,pre_dft_composition,L0,RULE_SAFE_DEFAULT,feature::fw_frac_Mn -> target::energy_grav
energy_grav,fw_frac_N,composition_known_framework,pre_dft_composition,L0,RULE_SAFE_DEFAULT,feature::fw_frac_N -> target::energy_grav
energy_grav,fw_frac_Na,composition_known_framework,pre_dft_composition,L0,RULE_SAFE_DEFAULT,feature::fw_frac_Na -> target::energy_grav
energy_grav,fw_frac_Ni,composition_known_framework,pre_dft_composition,L0,RULE_SAFE_DEFAULT,feature::fw_frac_Ni -> target::energy_grav
energy_grav,fw_frac_O,composition_known_framework,pre_dft_composition,L0,RULE_SAFE_DEFAULT,feature::fw_frac_O -> target::energy_grav
energy_grav,fw_frac_P,composition_known_framework,pre_dft_composition,L0,RULE_SAFE_DEFAULT,feature::fw_frac_P -> target::energy_grav
energy_grav,fw_frac_S,composition_known_framework,pre_dft_composition,L0,RULE_SAFE_DEFAULT,feature::fw_frac_S -> target::energy_grav
energy_grav,fw_frac_Si,composition_known_framework,pre_dft_composition,L0,RULE_SAFE_DEFAULT,feature::fw_frac_Si -> target::energy_grav
energy_grav,fw_frac_Ti,composition_known_framework,pre_dft_composition,L0,RULE_SAFE_DEFAULT,feature::fw_frac_Ti -> target::energy_grav
energy_grav,fw_frac_V,composition_known_framework,pre_dft_composition,L0,RULE_SAFE_DEFAULT,feature::fw_frac_V -> target::energy_grav
energy_grav,fw_frac_Zn,composition_known_framework,pre_dft_composition,L0,RULE_SAFE_DEFAULT,feature::fw_frac_Zn -> target::energy_grav
energy_grav,fw_frac_transition_metals,composition_known_framework,pre_dft_composition,L0,RULE_SAFE_DEFAULT,feature::fw_frac_transition_metals -> target::energy_grav
energy_grav,fw_group_max,composition_known_framework,pre_dft_composition,L0,RULE_SAFE_DEFAULT,feature::fw_group_max -> target::energy_grav
energy_grav,fw_group_mean,composition_known_framework,pre_dft_composition,L0,RULE_SAFE_DEFAULT,feature::fw_group_mean -> target::energy_grav
energy_grav,fw_group_min,composition_known_framework,pre_dft_composition,L0,RULE_SAFE_DEFAULT,feature::fw_group_min -> target::energy_grav
energy_grav,fw_group_range,composition_known_framework,pre_dft_composition,L0,RULE_SAFE_DEFAULT,feature::fw_group_range -> target::energy_grav
energy_grav,fw_group_std,composition_known_framework,pre_dft_composition,L0,RULE_SAFE_DEFAULT,feature::fw_group_std -> target::energy_grav
energy_grav,fw_has_Br,composition_known_framework,pre_dft_composition,L0,RULE_SAFE_DEFAULT,feature::fw_has_Br -> target::energy_grav
energy_grav,fw_has_C,composition_known_framework,pre_dft_composition,L0,RULE_SAFE_DEFAULT,feature::fw_has_C -> target::energy_grav
energy_grav,fw_has_Cl,composition_known_framework,pre_dft_composition,L0,RULE_SAFE_DEFAULT,feature::fw_has_Cl -> target::energy_grav
energy_grav,fw_has_F,composition_known_framework,pre_dft_composition,L0,RULE_SAFE_DEFAULT,feature::fw_has_F -> target::energy_grav
energy_grav,fw_has_I,composition_known_framework,pre_dft_composition,L0,RULE_SAFE_DEFAULT,feature::fw_has_I -> target::energy_grav
energy_grav,fw_has_N,composition_known_framework,pre_dft_composition,L0,RULE_SAFE_DEFAULT,feature::fw_has_N -> target::energy_grav
energy_grav,fw_has_O,composition_known_framework,pre_dft_composition,L0,RULE_SAFE_DEFAULT,feature::fw_has_O -> target::energy_grav
energy_grav,fw_has_P,composition_known_framework,pre_dft_composition,L0,RULE_SAFE_DEFAULT,feature::fw_has_P -> target::energy_grav
energy_grav,fw_has_S,composition_known_framework,pre_dft_composition,L0,RULE_SAFE_DEFAULT,feature::fw_has_S -> target::energy_grav
energy_grav,fw_has_Si,composition_known_framework,pre_dft_composition,L0,RULE_SAFE_DEFAULT,feature::fw_has_Si -> target::energy_grav
energy_grav,fw_n_atoms,composition_known_framework,pre_dft_composition,L0,RULE_SAFE_DEFAULT,feature::fw_n_atoms -> target::energy_grav
energy_grav,fw_n_elements,composition_known_framework,pre_dft_composition,L0,RULE_SAFE_DEFAULT,feature::fw_n_elements -> target::energy_grav
energy_grav,fw_n_transition_metals,composition_known_framework,pre_dft_composition,L0,RULE_SAFE_DEFAULT,feature::fw_n_transition_metals -> target::energy_grav
energy_grav,fw_parse_ok,composition_known_framework,pre_dft_composition,L0,RULE_SAFE_DEFAULT,feature::fw_parse_ok -> target::energy_grav
energy_grav,fw_row_max,composition_known_framework,pre_dft_composition,L0,RULE_SAFE_DEFAULT,feature::fw_row_max -> target::energy_grav
energy_grav,fw_row_mean,composition_known_framework,pre_dft_composition,L0,RULE_SAFE_DEFAULT,feature::fw_row_mean -> target::energy_grav
energy_grav,fw_row_min,composition_known_framework,pre_dft_composition,L0,RULE_SAFE_DEFAULT,feature::fw_row_min -> target::energy_grav
energy_grav,fw_row_range,composition_known_framework,pre_dft_composition,L0,RULE_SAFE_DEFAULT,feature::fw_row_range -> target::energy_grav
energy_grav,fw_row_std,composition_known_framework,pre_dft_composition,L0,RULE_SAFE_DEFAULT,feature::fw_row_std -> target::energy_grav
energy_grav,max_delta_volume,stored_electrode_target,stored_electrode_record,L4,RULE_OTHER_STORED_TARGET,feature::max_delta_volume -> concept::stored_electrode_record -> target::energy_grav
energy_grav,max_voltage_step,stored_electrode_process_descriptor,stored_electrode_record,L0,RULE_SAFE_DEFAULT,feature::max_voltage_step -> target::energy_grav
energy_grav,num_steps,stored_electrode_process_descriptor,stored_electrode_record,L0,RULE_SAFE_DEFAULT,feature::num_steps -> target::energy_grav
energy_grav,stability_charge,stored_electrode_target,stored_electrode_record,L4,RULE_OTHER_STORED_TARGET,feature::stability_charge -> concept::stored_electrode_record -> target::energy_grav
energy_grav,stability_discharge,stored_electrode_target,stored_electrode_record,L4,RULE_OTHER_STORED_TARGET,feature::stability_discharge -> concept::stored_electrode_record -> target::energy_grav
energy_grav,stability_worst,stored_electrode_target,stored_electrode_record,L4,RULE_OTHER_STORED_TARGET,feature::stability_worst -> concept::stored_electrode_record -> target::energy_grav
energy_grav,stoich_abs_wi_amount_delta,stoichiometric_window,electrode_state_stoichiometry,L3,RULE_STOICHIOMETRIC_WINDOW,feature::stoich_abs_wi_amount_delta -> concept::working_ion_transfer -> target::energy_grav
energy_grav,stoich_wi_amount_charge,stoichiometric_window,electrode_state_stoichiometry,L3,RULE_STOICHIOMETRIC_WINDOW,feature::stoich_wi_amount_charge -> concept::working_ion_transfer -> target::energy_grav
energy_grav,stoich_wi_amount_delta,stoichiometric_window,electrode_state_stoichiometry,L3,RULE_STOICHIOMETRIC_WINDOW,feature::stoich_wi_amount_delta -> concept::working_ion_transfer -> target::energy_grav
energy_grav,stoich_wi_amount_discharge,stoichiometric_window,electrode_state_stoichiometry,L3,RULE_STOICHIOMETRIC_WINDOW,feature::stoich_wi_amount_discharge -> concept::working_ion_transfer -> target::energy_grav
energy_grav,stored_abs_fracA_delta,other_numeric,derived_miscellaneous,L0,RULE_SAFE_DEFAULT,feature::stored_abs_fracA_delta -> target::energy_grav
energy_grav,stored_fracA_delta,stoichiometric_window,electrode_state_stoichiometry,L3,RULE_STOICHIOMETRIC_WINDOW,feature::stored_fracA_delta -> concept::working_ion_transfer -> target::energy_grav
energy_grav,summary_abs_delta_band_gap,post_dft_electronic_summary,post_dft_electronic,L4,RULE_POST_DFT_ELECTRONIC,feature::summary_abs_delta_band_gap -> concept::post_dft_record -> target::energy_grav
energy_grav,summary_abs_delta_density,relaxed_structure_summary,relaxed_structure,L0,RULE_SAFE_STRUCTURE,feature::summary_abs_delta_density -> target::energy_grav
energy_grav,summary_abs_delta_density_atomic,relaxed_structure_summary,relaxed_structure,L0,RULE_SAFE_STRUCTURE,feature::summary_abs_delta_density_atomic -> target::energy_grav
energy_grav,summary_abs_delta_energy_above_hull,post_dft_energy_stability_summary,post_dft_thermodynamics,L4,RULE_HULL_OTHER,feature::summary_abs_delta_energy_above_hull -> concept::post_dft_thermodynamics -> target::energy_grav
energy_grav,summary_abs_delta_formation_energy_per_atom,post_dft_energy_stability_summary,post_dft_thermodynamics,L2,RULE_FORMATION_ENERGY_ENERGY,feature::summary_abs_delta_formation_energy_per_atom -> concept::insertion_energy_difference -> target::energy_grav
energy_grav,summary_abs_delta_volume_fraction,relaxed_structure_summary,relaxed_structure,L0,RULE_SAFE_STRUCTURE,feature::summary_abs_delta_volume_fraction -> target::energy_grav
energy_grav,summary_abs_delta_volume_per_site,relaxed_structure_summary,relaxed_structure,L0,RULE_SAFE_STRUCTURE,feature::summary_abs_delta_volume_per_site -> target::energy_grav
energy_grav,summary_delta_band_gap,post_dft_electronic_summary,post_dft_electronic,L4,RULE_POST_DFT_ELECTRONIC,feature::summary_delta_band_gap -> concept::post_dft_record -> target::energy_grav
energy_grav,summary_delta_density,relaxed_structure_summary,relaxed_structure,L0,RULE_SAFE_STRUCTURE,feature::summary_delta_density -> target::energy_grav
energy_grav,summary_delta_density_atomic,relaxed_structure_summary,relaxed_structure,L0,RULE_SAFE_STRUCTURE,feature::summary_delta_density_atomic -> target::energy_grav
energy_grav,summary_delta_energy_above_hull,post_dft_energy_stability_summary,post_dft_thermodynamics,L4,RULE_HULL_OTHER,feature::summary_delta_energy_above_hull -> concept::post_dft_thermodynamics -> target::energy_grav
energy_grav,summary_delta_formation_energy_per_atom,post_dft_energy_stability_summary,post_dft_thermodynamics,L2,RULE_FORMATION_ENERGY_ENERGY,feature::summary_delta_formation_energy_per_atom -> concept::insertion_energy_difference -> target::energy_grav
energy_grav,summary_delta_volume_fraction,relaxed_structure_summary,relaxed_structure,L0,RULE_SAFE_STRUCTURE,feature::summary_delta_volume_fraction -> target::energy_grav
energy_grav,summary_delta_volume_per_site,relaxed_structure_summary,relaxed_structure,L0,RULE_SAFE_STRUCTURE,feature::summary_delta_volume_per_site -> target::energy_grav
energy_grav,summary_worst_energy_above_hull,post_dft_energy_stability_summary,post_dft_thermodynamics,L4,RULE_HULL_OTHER,feature::summary_worst_energy_above_hull -> concept::post_dft_thermodynamics -> target::energy_grav
energy_grav,wi_X,composition_known_working_ion,pre_dft_composition,L0,RULE_SAFE_DEFAULT,feature::wi_X -> target::energy_grav
energy_grav,wi_Z,composition_known_working_ion,pre_dft_composition,L0,RULE_SAFE_DEFAULT,feature::wi_Z -> target::energy_grav
energy_grav,wi_atomic_mass,composition_known_working_ion,pre_dft_composition,L0,RULE_SAFE_DEFAULT,feature::wi_atomic_mass -> target::energy_grav
energy_grav,wi_group,composition_known_working_ion,pre_dft_composition,L0,RULE_SAFE_DEFAULT,feature::wi_group -> target::energy_grav
energy_grav,wi_is_K,domain_label_onehot,validation_only,L5,RULE_DOMAIN_LABEL,feature::wi_is_K -> concept::validation_domain -> target::energy_grav
energy_grav,wi_is_Li,domain_label_onehot,validation_only,L5,RULE_DOMAIN_LABEL,feature::wi_is_Li -> concept::validation_domain -> target::energy_grav
energy_grav,wi_is_Na,domain_label_onehot,validation_only,L5,RULE_DOMAIN_LABEL,feature::wi_is_Na -> concept::validation_domain -> target::energy_grav
energy_grav,wi_row,composition_known_working_ion,pre_dft_composition,L0,RULE_SAFE_DEFAULT,feature::wi_row -> target::energy_grav
energy_vol,average_voltage,stored_electrode_target,stored_electrode_record,L2,RULE_ENERGY_DEFINITION,feature::average_voltage -> concept::energy_definition -> target::energy_vol
energy_vol,capacity_grav,stored_electrode_target,stored_electrode_record,L2,RULE_ENERGY_DEFINITION,feature::capacity_grav -> concept::energy_definition -> target::energy_vol
energy_vol,capacity_vol,stored_electrode_target,stored_electrode_record,L2,RULE_ENERGY_DEFINITION,feature::capacity_vol -> concept::energy_definition -> target::energy_vol
energy_vol,charge_formula_X_max,stoichiometric_window,electrode_state_stoichiometry,L3,RULE_STOICHIOMETRIC_WINDOW,feature::charge_formula_X_max -> concept::working_ion_transfer -> target::energy_vol
energy_vol,charge_formula_X_mean,stoichiometric_window,electrode_state_stoichiometry,L3,RULE_STOICHIOMETRIC_WINDOW,feature::charge_formula_X_mean -> concept::working_ion_transfer -> target::energy_vol
energy_vol,charge_formula_X_min,stoichiometric_window,electrode_state_stoichiometry,L3,RULE_STOICHIOMETRIC_WINDOW,feature::charge_formula_X_min -> concept::working_ion_transfer -> target::energy_vol
energy_vol,charge_formula_X_range,stoichiometric_window,electrode_state_stoichiometry,L3,RULE_STOICHIOMETRIC_WINDOW,feature::charge_formula_X_range -> concept::working_ion_transfer -> target::energy_vol
energy_vol,charge_formula_X_std,stoichiometric_window,electrode_state_stoichiometry,L3,RULE_STOICHIOMETRIC_WINDOW,feature::charge_formula_X_std -> concept::working_ion_transfer -> target::energy_vol
energy_vol,charge_formula_Z_max,stoichiometric_window,electrode_state_stoichiometry,L3,RULE_STOICHIOMETRIC_WINDOW,feature::charge_formula_Z_max -> concept::working_ion_transfer -> target::energy_vol
energy_vol,charge_formula_Z_mean,stoichiometric_window,electrode_state_stoichiometry,L3,RULE_STOICHIOMETRIC_WINDOW,feature::charge_formula_Z_mean -> concept::working_ion_transfer -> target::energy_vol
energy_vol,charge_formula_Z_min,stoichiometric_window,electrode_state_stoichiometry,L3,RULE_STOICHIOMETRIC_WINDOW,feature::charge_formula_Z_min -> concept::working_ion_transfer -> target::energy_vol
energy_vol,charge_formula_Z_range,stoichiometric_window,electrode_state_stoichiometry,L3,RULE_STOICHIOMETRIC_WINDOW,feature::charge_formula_Z_range -> concept::working_ion_transfer -> target::energy_vol
energy_vol,charge_formula_Z_std,stoichiometric_window,electrode_state_stoichiometry,L3,RULE_STOICHIOMETRIC_WINDOW,feature::charge_formula_Z_std -> concept::working_ion_transfer -> target::energy_vol
energy_vol,charge_formula_atomic_mass_max,stoichiometric_window,electrode_state_stoichiometry,L3,RULE_STOICHIOMETRIC_WINDOW,feature::charge_formula_atomic_mass_max -> concept::working_ion_transfer -> target::energy_vol
energy_vol,charge_formula_atomic_mass_mean,stoichiometric_window,electrode_state_stoichiometry,L3,RULE_STOICHIOMETRIC_WINDOW,feature::charge_formula_atomic_mass_mean -> concept::working_ion_transfer -> target::energy_vol
energy_vol,charge_formula_atomic_mass_min,stoichiometric_window,electrode_state_stoichiometry,L3,RULE_STOICHIOMETRIC_WINDOW,feature::charge_formula_atomic_mass_min -> concept::working_ion_transfer -> target::energy_vol
energy_vol,charge_formula_atomic_mass_range,stoichiometric_window,electrode_state_stoichiometry,L3,RULE_STOICHIOMETRIC_WINDOW,feature::charge_formula_atomic_mass_range -> concept::working_ion_transfer -> target::energy_vol
energy_vol,charge_formula_atomic_mass_std,stoichiometric_window,electrode_state_stoichiometry,L3,RULE_STOICHIOMETRIC_WINDOW,feature::charge_formula_atomic_mass_std -> concept::working_ion_transfer -> target::energy_vol
energy_vol,charge_formula_frac_Ag,stoichiometric_window,electrode_state_stoichiometry,L3,RULE_STOICHIOMETRIC_WINDOW,feature::charge_formula_frac_Ag -> concept::working_ion_transfer -> target::energy_vol
energy_vol,charge_formula_frac_Al,stoichiometric_window,electrode_state_stoichiometry,L3,RULE_STOICHIOMETRIC_WINDOW,feature::charge_formula_frac_Al -> concept::working_ion_transfer -> target::energy_vol
energy_vol,charge_formula_frac_As,stoichiometric_window,electrode_state_stoichiometry,L3,RULE_STOICHIOMETRIC_WINDOW,feature::charge_formula_frac_As -> concept::working_ion_transfer -> target::energy_vol
energy_vol,charge_formula_frac_B,stoichiometric_window,electrode_state_stoichiometry,L3,RULE_STOICHIOMETRIC_WINDOW,feature::charge_formula_frac_B -> concept::working_ion_transfer -> target::energy_vol
energy_vol,charge_formula_frac_Br,stoichiometric_window,electrode_state_stoichiometry,L3,RULE_STOICHIOMETRIC_WINDOW,feature::charge_formula_frac_Br -> concept::working_ion_transfer -> target::energy_vol
energy_vol,charge_formula_frac_C,stoichiometric_window,electrode_state_stoichiometry,L3,RULE_STOICHIOMETRIC_WINDOW,feature::charge_formula_frac_C -> concept::working_ion_transfer -> target::energy_vol
energy_vol,charge_formula_frac_Ca,stoichiometric_window,electrode_state_stoichiometry,L3,RULE_STOICHIOMETRIC_WINDOW,feature::charge_formula_frac_Ca -> concept::working_ion_transfer -> target::energy_vol
energy_vol,charge_formula_frac_Cl,stoichiometric_window,electrode_state_stoichiometry,L3,RULE_STOICHIOMETRIC_WINDOW,feature::charge_formula_frac_Cl -> concept::working_ion_transfer -> target::energy_vol
energy_vol,charge_formula_frac_Co,stoichiometric_window,electrode_state_stoichiometry,L3,RULE_STOICHIOMETRIC_WINDOW,feature::charge_formula_frac_Co -> concept::working_ion_transfer -> target::energy_vol
energy_vol,charge_formula_frac_Cr,stoichiometric_window,electrode_state_stoichiometry,L3,RULE_STOICHIOMETRIC_WINDOW,feature::charge_formula_frac_Cr -> concept::working_ion_transfer -> target::energy_vol
energy_vol,charge_formula_frac_Cu,stoichiometric_window,electrode_state_stoichiometry,L3,RULE_STOICHIOMETRIC_WINDOW,feature::charge_formula_frac_Cu -> concept::working_ion_transfer -> target::energy_vol
energy_vol,charge_formula_frac_F,stoichiometric_window,electrode_state_stoichiometry,L3,RULE_STOICHIOMETRIC_WINDOW,feature::charge_formula_frac_F -> concept::working_ion_transfer -> target::energy_vol
energy_vol,charge_formula_frac_Fe,stoichiometric_window,electrode_state_stoichiometry,L3,RULE_STOICHIOMETRIC_WINDOW,feature::charge_formula_frac_Fe -> concept::working_ion_transfer -> target::energy_vol
energy_vol,charge_formula_frac_I,stoichiometric_window,electrode_state_stoichiometry,L3,RULE_STOICHIOMETRIC_WINDOW,feature::charge_formula_frac_I -> concept::working_ion_transfer -> target::energy_vol
energy_vol,charge_formula_frac_K,stoichiometric_window,electrode_state_stoichiometry,L3,RULE_STOICHIOMETRIC_WINDOW,feature::charge_formula_frac_K -> concept::working_ion_transfer -> target::energy_vol
energy_vol,charge_formula_frac_Li,stoichiometric_window,electrode_state_stoichiometry,L3,RULE_STOICHIOMETRIC_WINDOW,feature::charge_formula_frac_Li -> concept::working_ion_transfer -> target::energy_vol
energy_vol,charge_formula_frac_Mg,stoichiometric_window,electrode_state_stoichiometry,L3,RULE_STOICHIOMETRIC_WINDOW,feature::charge_formula_frac_Mg -> concept::working_ion_transfer -> target::energy_vol
energy_vol,charge_formula_frac_Mn,stoichiometric_window,electrode_state_stoichiometry,L3,RULE_STOICHIOMETRIC_WINDOW,feature::charge_formula_frac_Mn -> concept::working_ion_transfer -> target::energy_vol
energy_vol,charge_formula_frac_N,stoichiometric_window,electrode_state_stoichiometry,L3,RULE_STOICHIOMETRIC_WINDOW,feature::charge_formula_frac_N -> concept::working_ion_transfer -> target::energy_vol
energy_vol,charge_formula_frac_Na,stoichiometric_window,electrode_state_stoichiometry,L3,RULE_STOICHIOMETRIC_WINDOW,feature::charge_formula_frac_Na -> concept::working_ion_transfer -> target::energy_vol
energy_vol,charge_formula_frac_Ni,stoichiometric_window,electrode_state_stoichiometry,L3,RULE_STOICHIOMETRIC_WINDOW,feature::charge_formula_frac_Ni -> concept::working_ion_transfer -> target::energy_vol
energy_vol,charge_formula_frac_O,stoichiometric_window,electrode_state_stoichiometry,L3,RULE_STOICHIOMETRIC_WINDOW,feature::charge_formula_frac_O -> concept::working_ion_transfer -> target::energy_vol
energy_vol,charge_formula_frac_P,stoichiometric_window,electrode_state_stoichiometry,L3,RULE_STOICHIOMETRIC_WINDOW,feature::charge_formula_frac_P -> concept::working_ion_transfer -> target::energy_vol
energy_vol,charge_formula_frac_S,stoichiometric_window,electrode_state_stoichiometry,L3,RULE_STOICHIOMETRIC_WINDOW,feature::charge_formula_frac_S -> concept::working_ion_transfer -> target::energy_vol
energy_vol,charge_formula_frac_Si,stoichiometric_window,electrode_state_stoichiometry,L3,RULE_STOICHIOMETRIC_WINDOW,feature::charge_formula_frac_Si -> concept::working_ion_transfer -> target::energy_vol
energy_vol,charge_formula_frac_Ti,stoichiometric_window,electrode_state_stoichiometry,L3,RULE_STOICHIOMETRIC_WINDOW,feature::charge_formula_frac_Ti -> concept::working_ion_transfer -> target::energy_vol
energy_vol,charge_formula_frac_V,stoichiometric_window,electrode_state_stoichiometry,L3,RULE_STOICHIOMETRIC_WINDOW,feature::charge_formula_frac_V -> concept::working_ion_transfer -> target::energy_vol
energy_vol,charge_formula_frac_Zn,stoichiometric_window,electrode_state_stoichiometry,L3,RULE_STOICHIOMETRIC_WINDOW,feature::charge_formula_frac_Zn -> concept::working_ion_transfer -> target::energy_vol
energy_vol,charge_formula_frac_transition_metals,stoichiometric_window,electrode_state_stoichiometry,L3,RULE_STOICHIOMETRIC_WINDOW,feature::charge_formula_frac_transition_metals -> concept::working_ion_transfer -> target::energy_vol
energy_vol,charge_formula_group_max,stoichiometric_window,electrode_state_stoichiometry,L3,RULE_STOICHIOMETRIC_WINDOW,feature::charge_formula_group_max -> concept::working_ion_transfer -> target::energy_vol
energy_vol,charge_formula_group_mean,stoichiometric_window,electrode_state_stoichiometry,L3,RULE_STOICHIOMETRIC_WINDOW,feature::charge_formula_group_mean -> concept::working_ion_transfer -> target::energy_vol
energy_vol,charge_formula_group_min,stoichiometric_window,electrode_state_stoichiometry,L3,RULE_STOICHIOMETRIC_WINDOW,feature::charge_formula_group_min -> concept::working_ion_transfer -> target::energy_vol
energy_vol,charge_formula_group_range,stoichiometric_window,electrode_state_stoichiometry,L3,RULE_STOICHIOMETRIC_WINDOW,feature::charge_formula_group_range -> concept::working_ion_transfer -> target::energy_vol
energy_vol,charge_formula_group_std,stoichiometric_window,electrode_state_stoichiometry,L3,RULE_STOICHIOMETRIC_WINDOW,feature::charge_formula_group_std -> concept::working_ion_transfer -> target::energy_vol
energy_vol,charge_formula_has_Br,stoichiometric_window,electrode_state_stoichiometry,L3,RULE_STOICHIOMETRIC_WINDOW,feature::charge_formula_has_Br -> concept::working_ion_transfer -> target::energy_vol
energy_vol,charge_formula_has_C,stoichiometric_window,electrode_state_stoichiometry,L3,RULE_STOICHIOMETRIC_WINDOW,feature::charge_formula_has_C -> concept::working_ion_transfer -> target::energy_vol
energy_vol,charge_formula_has_Cl,stoichiometric_window,electrode_state_stoichiometry,L3,RULE_STOICHIOMETRIC_WINDOW,feature::charge_formula_has_Cl -> concept::working_ion_transfer -> target::energy_vol
energy_vol,charge_formula_has_F,stoichiometric_window,electrode_state_stoichiometry,L3,RULE_STOICHIOMETRIC_WINDOW,feature::charge_formula_has_F -> concept::working_ion_transfer -> target::energy_vol
energy_vol,charge_formula_has_I,stoichiometric_window,electrode_state_stoichiometry,L3,RULE_STOICHIOMETRIC_WINDOW,feature::charge_formula_has_I -> concept::working_ion_transfer -> target::energy_vol
energy_vol,charge_formula_has_N,stoichiometric_window,electrode_state_stoichiometry,L3,RULE_STOICHIOMETRIC_WINDOW,feature::charge_formula_has_N -> concept::working_ion_transfer -> target::energy_vol
energy_vol,charge_formula_has_O,stoichiometric_window,electrode_state_stoichiometry,L3,RULE_STOICHIOMETRIC_WINDOW,feature::charge_formula_has_O -> concept::working_ion_transfer -> target::energy_vol
energy_vol,charge_formula_has_P,stoichiometric_window,electrode_state_stoichiometry,L3,RULE_STOICHIOMETRIC_WINDOW,feature::charge_formula_has_P -> concept::working_ion_transfer -> target::energy_vol
energy_vol,charge_formula_has_S,stoichiometric_window,electrode_state_stoichiometry,L3,RULE_STOICHIOMETRIC_WINDOW,feature::charge_formula_has_S -> concept::working_ion_transfer -> target::energy_vol
energy_vol,charge_formula_has_Si,stoichiometric_window,electrode_state_stoichiometry,L3,RULE_STOICHIOMETRIC_WINDOW,feature::charge_formula_has_Si -> concept::working_ion_transfer -> target::energy_vol
energy_vol,charge_formula_n_atoms,stoichiometric_window,electrode_state_stoichiometry,L3,RULE_STOICHIOMETRIC_WINDOW,feature::charge_formula_n_atoms -> concept::working_ion_transfer -> target::energy_vol
energy_vol,charge_formula_n_elements,stoichiometric_window,electrode_state_stoichiometry,L3,RULE_STOICHIOMETRIC_WINDOW,feature::charge_formula_n_elements -> concept::working_ion_transfer -> target::energy_vol
energy_vol,charge_formula_n_transition_metals,stoichiometric_window,electrode_state_stoichiometry,L3,RULE_STOICHIOMETRIC_WINDOW,feature::charge_formula_n_transition_metals -> concept::working_ion_transfer -> target::energy_vol
energy_vol,charge_formula_parse_ok,stoichiometric_window,electrode_state_stoichiometry,L3,RULE_STOICHIOMETRIC_WINDOW,feature::charge_formula_parse_ok -> concept::working_ion_transfer -> target::energy_vol
energy_vol,charge_formula_row_max,stoichiometric_window,electrode_state_stoichiometry,L3,RULE_STOICHIOMETRIC_WINDOW,feature::charge_formula_row_max -> concept::working_ion_transfer -> target::energy_vol
energy_vol,charge_formula_row_mean,stoichiometric_window,electrode_state_stoichiometry,L3,RULE_STOICHIOMETRIC_WINDOW,feature::charge_formula_row_mean -> concept::working_ion_transfer -> target::energy_vol
energy_vol,charge_formula_row_min,stoichiometric_window,electrode_state_stoichiometry,L3,RULE_STOICHIOMETRIC_WINDOW,feature::charge_formula_row_min -> concept::working_ion_transfer -> target::energy_vol
energy_vol,charge_formula_row_range,stoichiometric_window,electrode_state_stoichiometry,L3,RULE_STOICHIOMETRIC_WINDOW,feature::charge_formula_row_range -> concept::working_ion_transfer -> target::energy_vol
energy_vol,charge_formula_row_std,stoichiometric_window,electrode_state_stoichiometry,L3,RULE_STOICHIOMETRIC_WINDOW,feature::charge_formula_row_std -> concept::working_ion_transfer -> target::energy_vol
energy_vol,charge_summary_band_gap,post_dft_electronic_summary,post_dft_electronic,L4,RULE_POST_DFT_ELECTRONIC,feature::charge_summary_band_gap -> concept::post_dft_record -> target::energy_vol
energy_vol,charge_summary_density,relaxed_structure_summary,relaxed_structure,L0,RULE_SAFE_STRUCTURE,feature::charge_summary_density -> target::energy_vol
energy_vol,charge_summary_density_atomic,relaxed_structure_summary,relaxed_structure,L0,RULE_SAFE_STRUCTURE,feature::charge_summary_density_atomic -> target::energy_vol
energy_vol,charge_summary_energy_above_hull,post_dft_energy_stability_summary,post_dft_thermodynamics,L4,RULE_HULL_OTHER,feature::charge_summary_energy_above_hull -> concept::post_dft_thermodynamics -> target::energy_vol
energy_vol,charge_summary_formation_energy_per_atom,post_dft_energy_stability_summary,post_dft_thermodynamics,L2,RULE_FORMATION_ENERGY_ENERGY,feature::charge_summary_formation_energy_per_atom -> concept::insertion_energy_difference -> target::energy_vol
energy_vol,charge_summary_is_metal,post_dft_electronic_summary,post_dft_electronic,L4,RULE_POST_DFT_ELECTRONIC,feature::charge_summary_is_metal -> concept::post_dft_record -> target::energy_vol
energy_vol,charge_summary_is_stable,post_dft_energy_stability_summary,post_dft_thermodynamics,L4,RULE_HULL_OTHER,feature::charge_summary_is_stable -> concept::post_dft_thermodynamics -> target::energy_vol
energy_vol,charge_summary_nsites,relaxed_structure_summary,relaxed_structure,L0,RULE_SAFE_STRUCTURE,feature::charge_summary_nsites -> target::energy_vol
energy_vol,charge_summary_symmetry_number,relaxed_structure_summary,relaxed_structure,L0,RULE_SAFE_STRUCTURE,feature::charge_summary_symmetry_number -> target::energy_vol
energy_vol,charge_summary_theoretical,post_dft_provenance_flag,post_dft_provenance,L4,RULE_POST_DFT_PROVENANCE,feature::charge_summary_theoretical -> concept::post_dft_record -> target::energy_vol
energy_vol,charge_summary_volume,relaxed_structure_summary,relaxed_structure,L0,RULE_SAFE_STRUCTURE,feature::charge_summary_volume -> target::energy_vol
energy_vol,charge_summary_volume_per_site,relaxed_structure_summary,relaxed_structure,L0,RULE_SAFE_STRUCTURE,feature::charge_summary_volume_per_site -> target::energy_vol
energy_vol,discharge_formula_X_max,stoichiometric_window,electrode_state_stoichiometry,L3,RULE_STOICHIOMETRIC_WINDOW,feature::discharge_formula_X_max -> concept::working_ion_transfer -> target::energy_vol
energy_vol,discharge_formula_X_mean,stoichiometric_window,electrode_state_stoichiometry,L3,RULE_STOICHIOMETRIC_WINDOW,feature::discharge_formula_X_mean -> concept::working_ion_transfer -> target::energy_vol
energy_vol,discharge_formula_X_min,stoichiometric_window,electrode_state_stoichiometry,L3,RULE_STOICHIOMETRIC_WINDOW,feature::discharge_formula_X_min -> concept::working_ion_transfer -> target::energy_vol
energy_vol,discharge_formula_X_range,stoichiometric_window,electrode_state_stoichiometry,L3,RULE_STOICHIOMETRIC_WINDOW,feature::discharge_formula_X_range -> concept::working_ion_transfer -> target::energy_vol
energy_vol,discharge_formula_X_std,stoichiometric_window,electrode_state_stoichiometry,L3,RULE_STOICHIOMETRIC_WINDOW,feature::discharge_formula_X_std -> concept::working_ion_transfer -> target::energy_vol
energy_vol,discharge_formula_Z_max,stoichiometric_window,electrode_state_stoichiometry,L3,RULE_STOICHIOMETRIC_WINDOW,feature::discharge_formula_Z_max -> concept::working_ion_transfer -> target::energy_vol
energy_vol,discharge_formula_Z_mean,stoichiometric_window,electrode_state_stoichiometry,L3,RULE_STOICHIOMETRIC_WINDOW,feature::discharge_formula_Z_mean -> concept::working_ion_transfer -> target::energy_vol
energy_vol,discharge_formula_Z_min,stoichiometric_window,electrode_state_stoichiometry,L3,RULE_STOICHIOMETRIC_WINDOW,feature::discharge_formula_Z_min -> concept::working_ion_transfer -> target::energy_vol
energy_vol,discharge_formula_Z_range,stoichiometric_window,electrode_state_stoichiometry,L3,RULE_STOICHIOMETRIC_WINDOW,feature::discharge_formula_Z_range -> concept::working_ion_transfer -> target::energy_vol
energy_vol,discharge_formula_Z_std,stoichiometric_window,electrode_state_stoichiometry,L3,RULE_STOICHIOMETRIC_WINDOW,feature::discharge_formula_Z_std -> concept::working_ion_transfer -> target::energy_vol
energy_vol,discharge_formula_atomic_mass_max,stoichiometric_window,electrode_state_stoichiometry,L3,RULE_STOICHIOMETRIC_WINDOW,feature::discharge_formula_atomic_mass_max -> concept::working_ion_transfer -> target::energy_vol
energy_vol,discharge_formula_atomic_mass_mean,stoichiometric_window,electrode_state_stoichiometry,L3,RULE_STOICHIOMETRIC_WINDOW,feature::discharge_formula_atomic_mass_mean -> concept::working_ion_transfer -> target::energy_vol
energy_vol,discharge_formula_atomic_mass_min,stoichiometric_window,electrode_state_stoichiometry,L3,RULE_STOICHIOMETRIC_WINDOW,feature::discharge_formula_atomic_mass_min -> concept::working_ion_transfer -> target::energy_vol
energy_vol,discharge_formula_atomic_mass_range,stoichiometric_window,electrode_state_stoichiometry,L3,RULE_STOICHIOMETRIC_WINDOW,feature::discharge_formula_atomic_mass_range -> concept::working_ion_transfer -> target::energy_vol
energy_vol,discharge_formula_atomic_mass_std,stoichiometric_window,electrode_state_stoichiometry,L3,RULE_STOICHIOMETRIC_WINDOW,feature::discharge_formula_atomic_mass_std -> concept::working_ion_transfer -> target::energy_vol
energy_vol,discharge_formula_frac_Ag,stoichiometric_window,electrode_state_stoichiometry,L3,RULE_STOICHIOMETRIC_WINDOW,feature::discharge_formula_frac_Ag -> concept::working_ion_transfer -> target::energy_vol
energy_vol,discharge_formula_frac_Al,stoichiometric_window,electrode_state_stoichiometry,L3,RULE_STOICHIOMETRIC_WINDOW,feature::discharge_formula_frac_Al -> concept::working_ion_transfer -> target::energy_vol
energy_vol,discharge_formula_frac_As,stoichiometric_window,electrode_state_stoichiometry,L3,RULE_STOICHIOMETRIC_WINDOW,feature::discharge_formula_frac_As -> concept::working_ion_transfer -> target::energy_vol
energy_vol,discharge_formula_frac_B,stoichiometric_window,electrode_state_stoichiometry,L3,RULE_STOICHIOMETRIC_WINDOW,feature::discharge_formula_frac_B -> concept::working_ion_transfer -> target::energy_vol
energy_vol,discharge_formula_frac_Br,stoichiometric_window,electrode_state_stoichiometry,L3,RULE_STOICHIOMETRIC_WINDOW,feature::discharge_formula_frac_Br -> concept::working_ion_transfer -> target::energy_vol
energy_vol,discharge_formula_frac_C,stoichiometric_window,electrode_state_stoichiometry,L3,RULE_STOICHIOMETRIC_WINDOW,feature::discharge_formula_frac_C -> concept::working_ion_transfer -> target::energy_vol
energy_vol,discharge_formula_frac_Ca,stoichiometric_window,electrode_state_stoichiometry,L3,RULE_STOICHIOMETRIC_WINDOW,feature::discharge_formula_frac_Ca -> concept::working_ion_transfer -> target::energy_vol
energy_vol,discharge_formula_frac_Cl,stoichiometric_window,electrode_state_stoichiometry,L3,RULE_STOICHIOMETRIC_WINDOW,feature::discharge_formula_frac_Cl -> concept::working_ion_transfer -> target::energy_vol
energy_vol,discharge_formula_frac_Co,stoichiometric_window,electrode_state_stoichiometry,L3,RULE_STOICHIOMETRIC_WINDOW,feature::discharge_formula_frac_Co -> concept::working_ion_transfer -> target::energy_vol
energy_vol,discharge_formula_frac_Cr,stoichiometric_window,electrode_state_stoichiometry,L3,RULE_STOICHIOMETRIC_WINDOW,feature::discharge_formula_frac_Cr -> concept::working_ion_transfer -> target::energy_vol
energy_vol,discharge_formula_frac_Cu,stoichiometric_window,electrode_state_stoichiometry,L3,RULE_STOICHIOMETRIC_WINDOW,feature::discharge_formula_frac_Cu -> concept::working_ion_transfer -> target::energy_vol
energy_vol,discharge_formula_frac_F,stoichiometric_window,electrode_state_stoichiometry,L3,RULE_STOICHIOMETRIC_WINDOW,feature::discharge_formula_frac_F -> concept::working_ion_transfer -> target::energy_vol
energy_vol,discharge_formula_frac_Fe,stoichiometric_window,electrode_state_stoichiometry,L3,RULE_STOICHIOMETRIC_WINDOW,feature::discharge_formula_frac_Fe -> concept::working_ion_transfer -> target::energy_vol
energy_vol,discharge_formula_frac_I,stoichiometric_window,electrode_state_stoichiometry,L3,RULE_STOICHIOMETRIC_WINDOW,feature::discharge_formula_frac_I -> concept::working_ion_transfer -> target::energy_vol
energy_vol,discharge_formula_frac_K,stoichiometric_window,electrode_state_stoichiometry,L3,RULE_STOICHIOMETRIC_WINDOW,feature::discharge_formula_frac_K -> concept::working_ion_transfer -> target::energy_vol
energy_vol,discharge_formula_frac_Li,stoichiometric_window,electrode_state_stoichiometry,L3,RULE_STOICHIOMETRIC_WINDOW,feature::discharge_formula_frac_Li -> concept::working_ion_transfer -> target::energy_vol
energy_vol,discharge_formula_frac_Mg,stoichiometric_window,electrode_state_stoichiometry,L3,RULE_STOICHIOMETRIC_WINDOW,feature::discharge_formula_frac_Mg -> concept::working_ion_transfer -> target::energy_vol
energy_vol,discharge_formula_frac_Mn,stoichiometric_window,electrode_state_stoichiometry,L3,RULE_STOICHIOMETRIC_WINDOW,feature::discharge_formula_frac_Mn -> concept::working_ion_transfer -> target::energy_vol
energy_vol,discharge_formula_frac_N,stoichiometric_window,electrode_state_stoichiometry,L3,RULE_STOICHIOMETRIC_WINDOW,feature::discharge_formula_frac_N -> concept::working_ion_transfer -> target::energy_vol
energy_vol,discharge_formula_frac_Na,stoichiometric_window,electrode_state_stoichiometry,L3,RULE_STOICHIOMETRIC_WINDOW,feature::discharge_formula_frac_Na -> concept::working_ion_transfer -> target::energy_vol
energy_vol,discharge_formula_frac_Ni,stoichiometric_window,electrode_state_stoichiometry,L3,RULE_STOICHIOMETRIC_WINDOW,feature::discharge_formula_frac_Ni -> concept::working_ion_transfer -> target::energy_vol
energy_vol,discharge_formula_frac_O,stoichiometric_window,electrode_state_stoichiometry,L3,RULE_STOICHIOMETRIC_WINDOW,feature::discharge_formula_frac_O -> concept::working_ion_transfer -> target::energy_vol
energy_vol,discharge_formula_frac_P,stoichiometric_window,electrode_state_stoichiometry,L3,RULE_STOICHIOMETRIC_WINDOW,feature::discharge_formula_frac_P -> concept::working_ion_transfer -> target::energy_vol
energy_vol,discharge_formula_frac_S,stoichiometric_window,electrode_state_stoichiometry,L3,RULE_STOICHIOMETRIC_WINDOW,feature::discharge_formula_frac_S -> concept::working_ion_transfer -> target::energy_vol
energy_vol,discharge_formula_frac_Si,stoichiometric_window,electrode_state_stoichiometry,L3,RULE_STOICHIOMETRIC_WINDOW,feature::discharge_formula_frac_Si -> concept::working_ion_transfer -> target::energy_vol
energy_vol,discharge_formula_frac_Ti,stoichiometric_window,electrode_state_stoichiometry,L3,RULE_STOICHIOMETRIC_WINDOW,feature::discharge_formula_frac_Ti -> concept::working_ion_transfer -> target::energy_vol
energy_vol,discharge_formula_frac_V,stoichiometric_window,electrode_state_stoichiometry,L3,RULE_STOICHIOMETRIC_WINDOW,feature::discharge_formula_frac_V -> concept::working_ion_transfer -> target::energy_vol
energy_vol,discharge_formula_frac_Zn,stoichiometric_window,electrode_state_stoichiometry,L3,RULE_STOICHIOMETRIC_WINDOW,feature::discharge_formula_frac_Zn -> concept::working_ion_transfer -> target::energy_vol
energy_vol,discharge_formula_frac_transition_metals,stoichiometric_window,electrode_state_stoichiometry,L3,RULE_STOICHIOMETRIC_WINDOW,feature::discharge_formula_frac_transition_metals -> concept::working_ion_transfer -> target::energy_vol
energy_vol,discharge_formula_group_max,stoichiometric_window,electrode_state_stoichiometry,L3,RULE_STOICHIOMETRIC_WINDOW,feature::discharge_formula_group_max -> concept::working_ion_transfer -> target::energy_vol
energy_vol,discharge_formula_group_mean,stoichiometric_window,electrode_state_stoichiometry,L3,RULE_STOICHIOMETRIC_WINDOW,feature::discharge_formula_group_mean -> concept::working_ion_transfer -> target::energy_vol
energy_vol,discharge_formula_group_min,stoichiometric_window,electrode_state_stoichiometry,L3,RULE_STOICHIOMETRIC_WINDOW,feature::discharge_formula_group_min -> concept::working_ion_transfer -> target::energy_vol
energy_vol,discharge_formula_group_range,stoichiometric_window,electrode_state_stoichiometry,L3,RULE_STOICHIOMETRIC_WINDOW,feature::discharge_formula_group_range -> concept::working_ion_transfer -> target::energy_vol
energy_vol,discharge_formula_group_std,stoichiometric_window,electrode_state_stoichiometry,L3,RULE_STOICHIOMETRIC_WINDOW,feature::discharge_formula_group_std -> concept::working_ion_transfer -> target::energy_vol
energy_vol,discharge_formula_has_Br,stoichiometric_window,electrode_state_stoichiometry,L3,RULE_STOICHIOMETRIC_WINDOW,feature::discharge_formula_has_Br -> concept::working_ion_transfer -> target::energy_vol
energy_vol,discharge_formula_has_C,stoichiometric_window,electrode_state_stoichiometry,L3,RULE_STOICHIOMETRIC_WINDOW,feature::discharge_formula_has_C -> concept::working_ion_transfer -> target::energy_vol
energy_vol,discharge_formula_has_Cl,stoichiometric_window,electrode_state_stoichiometry,L3,RULE_STOICHIOMETRIC_WINDOW,feature::discharge_formula_has_Cl -> concept::working_ion_transfer -> target::energy_vol
energy_vol,discharge_formula_has_F,stoichiometric_window,electrode_state_stoichiometry,L3,RULE_STOICHIOMETRIC_WINDOW,feature::discharge_formula_has_F -> concept::working_ion_transfer -> target::energy_vol
energy_vol,discharge_formula_has_I,stoichiometric_window,electrode_state_stoichiometry,L3,RULE_STOICHIOMETRIC_WINDOW,feature::discharge_formula_has_I -> concept::working_ion_transfer -> target::energy_vol
energy_vol,discharge_formula_has_N,stoichiometric_window,electrode_state_stoichiometry,L3,RULE_STOICHIOMETRIC_WINDOW,feature::discharge_formula_has_N -> concept::working_ion_transfer -> target::energy_vol
energy_vol,discharge_formula_has_O,stoichiometric_window,electrode_state_stoichiometry,L3,RULE_STOICHIOMETRIC_WINDOW,feature::discharge_formula_has_O -> concept::working_ion_transfer -> target::energy_vol
energy_vol,discharge_formula_has_P,stoichiometric_window,electrode_state_stoichiometry,L3,RULE_STOICHIOMETRIC_WINDOW,feature::discharge_formula_has_P -> concept::working_ion_transfer -> target::energy_vol
energy_vol,discharge_formula_has_S,stoichiometric_window,electrode_state_stoichiometry,L3,RULE_STOICHIOMETRIC_WINDOW,feature::discharge_formula_has_S -> concept::working_ion_transfer -> target::energy_vol
energy_vol,discharge_formula_has_Si,stoichiometric_window,electrode_state_stoichiometry,L3,RULE_STOICHIOMETRIC_WINDOW,feature::discharge_formula_has_Si -> concept::working_ion_transfer -> target::energy_vol
energy_vol,discharge_formula_n_atoms,stoichiometric_window,electrode_state_stoichiometry,L3,RULE_STOICHIOMETRIC_WINDOW,feature::discharge_formula_n_atoms -> concept::working_ion_transfer -> target::energy_vol
energy_vol,discharge_formula_n_elements,stoichiometric_window,electrode_state_stoichiometry,L3,RULE_STOICHIOMETRIC_WINDOW,feature::discharge_formula_n_elements -> concept::working_ion_transfer -> target::energy_vol
energy_vol,discharge_formula_n_transition_metals,stoichiometric_window,electrode_state_stoichiometry,L3,RULE_STOICHIOMETRIC_WINDOW,feature::discharge_formula_n_transition_metals -> concept::working_ion_transfer -> target::energy_vol
energy_vol,discharge_formula_parse_ok,stoichiometric_window,electrode_state_stoichiometry,L3,RULE_STOICHIOMETRIC_WINDOW,feature::discharge_formula_parse_ok -> concept::working_ion_transfer -> target::energy_vol
energy_vol,discharge_formula_row_max,stoichiometric_window,electrode_state_stoichiometry,L3,RULE_STOICHIOMETRIC_WINDOW,feature::discharge_formula_row_max -> concept::working_ion_transfer -> target::energy_vol
energy_vol,discharge_formula_row_mean,stoichiometric_window,electrode_state_stoichiometry,L3,RULE_STOICHIOMETRIC_WINDOW,feature::discharge_formula_row_mean -> concept::working_ion_transfer -> target::energy_vol
energy_vol,discharge_formula_row_min,stoichiometric_window,electrode_state_stoichiometry,L3,RULE_STOICHIOMETRIC_WINDOW,feature::discharge_formula_row_min -> concept::working_ion_transfer -> target::energy_vol
energy_vol,discharge_formula_row_range,stoichiometric_window,electrode_state_stoichiometry,L3,RULE_STOICHIOMETRIC_WINDOW,feature::discharge_formula_row_range -> concept::working_ion_transfer -> target::energy_vol
energy_vol,discharge_formula_row_std,stoichiometric_window,electrode_state_stoichiometry,L3,RULE_STOICHIOMETRIC_WINDOW,feature::discharge_formula_row_std -> concept::working_ion_transfer -> target::energy_vol
energy_vol,discharge_summary_band_gap,post_dft_electronic_summary,post_dft_electronic,L4,RULE_POST_DFT_ELECTRONIC,feature::discharge_summary_band_gap -> concept::post_dft_record -> target::energy_vol
energy_vol,discharge_summary_density,relaxed_structure_summary,relaxed_structure,L0,RULE_SAFE_STRUCTURE,feature::discharge_summary_density -> target::energy_vol
energy_vol,discharge_summary_density_atomic,relaxed_structure_summary,relaxed_structure,L0,RULE_SAFE_STRUCTURE,feature::discharge_summary_density_atomic -> target::energy_vol
energy_vol,discharge_summary_energy_above_hull,post_dft_energy_stability_summary,post_dft_thermodynamics,L4,RULE_HULL_OTHER,feature::discharge_summary_energy_above_hull -> concept::post_dft_thermodynamics -> target::energy_vol
energy_vol,discharge_summary_formation_energy_per_atom,post_dft_energy_stability_summary,post_dft_thermodynamics,L2,RULE_FORMATION_ENERGY_ENERGY,feature::discharge_summary_formation_energy_per_atom -> concept::insertion_energy_difference -> target::energy_vol
energy_vol,discharge_summary_is_metal,post_dft_electronic_summary,post_dft_electronic,L4,RULE_POST_DFT_ELECTRONIC,feature::discharge_summary_is_metal -> concept::post_dft_record -> target::energy_vol
energy_vol,discharge_summary_is_stable,post_dft_energy_stability_summary,post_dft_thermodynamics,L4,RULE_HULL_OTHER,feature::discharge_summary_is_stable -> concept::post_dft_thermodynamics -> target::energy_vol
energy_vol,discharge_summary_nsites,relaxed_structure_summary,relaxed_structure,L0,RULE_SAFE_STRUCTURE,feature::discharge_summary_nsites -> target::energy_vol
energy_vol,discharge_summary_symmetry_number,relaxed_structure_summary,relaxed_structure,L0,RULE_SAFE_STRUCTURE,feature::discharge_summary_symmetry_number -> target::energy_vol
energy_vol,discharge_summary_theoretical,post_dft_provenance_flag,post_dft_provenance,L4,RULE_POST_DFT_PROVENANCE,feature::discharge_summary_theoretical -> concept::post_dft_record -> target::energy_vol
energy_vol,discharge_summary_volume,relaxed_structure_summary,relaxed_structure,L0,RULE_SAFE_STRUCTURE,feature::discharge_summary_volume -> target::energy_vol
energy_vol,discharge_summary_volume_per_site,relaxed_structure_summary,relaxed_structure,L0,RULE_SAFE_STRUCTURE,feature::discharge_summary_volume_per_site -> target::energy_vol
energy_vol,energy_grav,stored_electrode_target,stored_electrode_record,L2,RULE_ENERGY_DEFINITION,feature::energy_grav -> concept::energy_definition -> target::energy_vol
energy_vol,energy_vol,stored_electrode_target,stored_electrode_record,L1,RULE_DIRECT_TARGET,feature::energy_vol -> target::energy_vol
energy_vol,fracA_charge,stoichiometric_window,electrode_state_stoichiometry,L3,RULE_STOICHIOMETRIC_WINDOW,feature::fracA_charge -> concept::working_ion_transfer -> target::energy_vol
energy_vol,fracA_discharge,stoichiometric_window,electrode_state_stoichiometry,L3,RULE_STOICHIOMETRIC_WINDOW,feature::fracA_discharge -> concept::working_ion_transfer -> target::energy_vol
energy_vol,fw_X_max,composition_known_framework,pre_dft_composition,L0,RULE_SAFE_DEFAULT,feature::fw_X_max -> target::energy_vol
energy_vol,fw_X_mean,composition_known_framework,pre_dft_composition,L0,RULE_SAFE_DEFAULT,feature::fw_X_mean -> target::energy_vol
energy_vol,fw_X_min,composition_known_framework,pre_dft_composition,L0,RULE_SAFE_DEFAULT,feature::fw_X_min -> target::energy_vol
energy_vol,fw_X_range,composition_known_framework,pre_dft_composition,L0,RULE_SAFE_DEFAULT,feature::fw_X_range -> target::energy_vol
energy_vol,fw_X_std,composition_known_framework,pre_dft_composition,L0,RULE_SAFE_DEFAULT,feature::fw_X_std -> target::energy_vol
energy_vol,fw_Z_max,composition_known_framework,pre_dft_composition,L0,RULE_SAFE_DEFAULT,feature::fw_Z_max -> target::energy_vol
energy_vol,fw_Z_mean,composition_known_framework,pre_dft_composition,L0,RULE_SAFE_DEFAULT,feature::fw_Z_mean -> target::energy_vol
energy_vol,fw_Z_min,composition_known_framework,pre_dft_composition,L0,RULE_SAFE_DEFAULT,feature::fw_Z_min -> target::energy_vol
energy_vol,fw_Z_range,composition_known_framework,pre_dft_composition,L0,RULE_SAFE_DEFAULT,feature::fw_Z_range -> target::energy_vol
energy_vol,fw_Z_std,composition_known_framework,pre_dft_composition,L0,RULE_SAFE_DEFAULT,feature::fw_Z_std -> target::energy_vol
energy_vol,fw_atomic_mass_max,composition_known_framework,pre_dft_composition,L0,RULE_SAFE_DEFAULT,feature::fw_atomic_mass_max -> target::energy_vol
energy_vol,fw_atomic_mass_mean,composition_known_framework,pre_dft_composition,L0,RULE_SAFE_DEFAULT,feature::fw_atomic_mass_mean -> target::energy_vol
energy_vol,fw_atomic_mass_min,composition_known_framework,pre_dft_composition,L0,RULE_SAFE_DEFAULT,feature::fw_atomic_mass_min -> target::energy_vol
energy_vol,fw_atomic_mass_range,composition_known_framework,pre_dft_composition,L0,RULE_SAFE_DEFAULT,feature::fw_atomic_mass_range -> target::energy_vol
energy_vol,fw_atomic_mass_std,composition_known_framework,pre_dft_composition,L0,RULE_SAFE_DEFAULT,feature::fw_atomic_mass_std -> target::energy_vol
energy_vol,fw_frac_Ag,composition_known_framework,pre_dft_composition,L0,RULE_SAFE_DEFAULT,feature::fw_frac_Ag -> target::energy_vol
energy_vol,fw_frac_Al,composition_known_framework,pre_dft_composition,L0,RULE_SAFE_DEFAULT,feature::fw_frac_Al -> target::energy_vol
energy_vol,fw_frac_As,composition_known_framework,pre_dft_composition,L0,RULE_SAFE_DEFAULT,feature::fw_frac_As -> target::energy_vol
energy_vol,fw_frac_B,composition_known_framework,pre_dft_composition,L0,RULE_SAFE_DEFAULT,feature::fw_frac_B -> target::energy_vol
energy_vol,fw_frac_Br,composition_known_framework,pre_dft_composition,L0,RULE_SAFE_DEFAULT,feature::fw_frac_Br -> target::energy_vol
energy_vol,fw_frac_C,composition_known_framework,pre_dft_composition,L0,RULE_SAFE_DEFAULT,feature::fw_frac_C -> target::energy_vol
energy_vol,fw_frac_Ca,composition_known_framework,pre_dft_composition,L0,RULE_SAFE_DEFAULT,feature::fw_frac_Ca -> target::energy_vol
energy_vol,fw_frac_Cl,composition_known_framework,pre_dft_composition,L0,RULE_SAFE_DEFAULT,feature::fw_frac_Cl -> target::energy_vol
energy_vol,fw_frac_Co,composition_known_framework,pre_dft_composition,L0,RULE_SAFE_DEFAULT,feature::fw_frac_Co -> target::energy_vol
energy_vol,fw_frac_Cr,composition_known_framework,pre_dft_composition,L0,RULE_SAFE_DEFAULT,feature::fw_frac_Cr -> target::energy_vol
energy_vol,fw_frac_Cu,composition_known_framework,pre_dft_composition,L0,RULE_SAFE_DEFAULT,feature::fw_frac_Cu -> target::energy_vol
energy_vol,fw_frac_F,composition_known_framework,pre_dft_composition,L0,RULE_SAFE_DEFAULT,feature::fw_frac_F -> target::energy_vol
energy_vol,fw_frac_Fe,composition_known_framework,pre_dft_composition,L0,RULE_SAFE_DEFAULT,feature::fw_frac_Fe -> target::energy_vol
energy_vol,fw_frac_I,composition_known_framework,pre_dft_composition,L0,RULE_SAFE_DEFAULT,feature::fw_frac_I -> target::energy_vol
energy_vol,fw_frac_K,composition_known_framework,pre_dft_composition,L0,RULE_SAFE_DEFAULT,feature::fw_frac_K -> target::energy_vol
energy_vol,fw_frac_Li,composition_known_framework,pre_dft_composition,L0,RULE_SAFE_DEFAULT,feature::fw_frac_Li -> target::energy_vol
energy_vol,fw_frac_Mg,composition_known_framework,pre_dft_composition,L0,RULE_SAFE_DEFAULT,feature::fw_frac_Mg -> target::energy_vol
energy_vol,fw_frac_Mn,composition_known_framework,pre_dft_composition,L0,RULE_SAFE_DEFAULT,feature::fw_frac_Mn -> target::energy_vol
energy_vol,fw_frac_N,composition_known_framework,pre_dft_composition,L0,RULE_SAFE_DEFAULT,feature::fw_frac_N -> target::energy_vol
energy_vol,fw_frac_Na,composition_known_framework,pre_dft_composition,L0,RULE_SAFE_DEFAULT,feature::fw_frac_Na -> target::energy_vol
energy_vol,fw_frac_Ni,composition_known_framework,pre_dft_composition,L0,RULE_SAFE_DEFAULT,feature::fw_frac_Ni -> target::energy_vol
energy_vol,fw_frac_O,composition_known_framework,pre_dft_composition,L0,RULE_SAFE_DEFAULT,feature::fw_frac_O -> target::energy_vol
energy_vol,fw_frac_P,composition_known_framework,pre_dft_composition,L0,RULE_SAFE_DEFAULT,feature::fw_frac_P -> target::energy_vol
energy_vol,fw_frac_S,composition_known_framework,pre_dft_composition,L0,RULE_SAFE_DEFAULT,feature::fw_frac_S -> target::energy_vol
energy_vol,fw_frac_Si,composition_known_framework,pre_dft_composition,L0,RULE_SAFE_DEFAULT,feature::fw_frac_Si -> target::energy_vol
energy_vol,fw_frac_Ti,composition_known_framework,pre_dft_composition,L0,RULE_SAFE_DEFAULT,feature::fw_frac_Ti -> target::energy_vol
energy_vol,fw_frac_V,composition_known_framework,pre_dft_composition,L0,RULE_SAFE_DEFAULT,feature::fw_frac_V -> target::energy_vol
energy_vol,fw_frac_Zn,composition_known_framework,pre_dft_composition,L0,RULE_SAFE_DEFAULT,feature::fw_frac_Zn -> target::energy_vol
energy_vol,fw_frac_transition_metals,composition_known_framework,pre_dft_composition,L0,RULE_SAFE_DEFAULT,feature::fw_frac_transition_metals -> target::energy_vol
energy_vol,fw_group_max,composition_known_framework,pre_dft_composition,L0,RULE_SAFE_DEFAULT,feature::fw_group_max -> target::energy_vol
energy_vol,fw_group_mean,composition_known_framework,pre_dft_composition,L0,RULE_SAFE_DEFAULT,feature::fw_group_mean -> target::energy_vol
energy_vol,fw_group_min,composition_known_framework,pre_dft_composition,L0,RULE_SAFE_DEFAULT,feature::fw_group_min -> target::energy_vol
energy_vol,fw_group_range,composition_known_framework,pre_dft_composition,L0,RULE_SAFE_DEFAULT,feature::fw_group_range -> target::energy_vol
energy_vol,fw_group_std,composition_known_framework,pre_dft_composition,L0,RULE_SAFE_DEFAULT,feature::fw_group_std -> target::energy_vol
energy_vol,fw_has_Br,composition_known_framework,pre_dft_composition,L0,RULE_SAFE_DEFAULT,feature::fw_has_Br -> target::energy_vol
energy_vol,fw_has_C,composition_known_framework,pre_dft_composition,L0,RULE_SAFE_DEFAULT,feature::fw_has_C -> target::energy_vol
energy_vol,fw_has_Cl,composition_known_framework,pre_dft_composition,L0,RULE_SAFE_DEFAULT,feature::fw_has_Cl -> target::energy_vol
energy_vol,fw_has_F,composition_known_framework,pre_dft_composition,L0,RULE_SAFE_DEFAULT,feature::fw_has_F -> target::energy_vol
energy_vol,fw_has_I,composition_known_framework,pre_dft_composition,L0,RULE_SAFE_DEFAULT,feature::fw_has_I -> target::energy_vol
energy_vol,fw_has_N,composition_known_framework,pre_dft_composition,L0,RULE_SAFE_DEFAULT,feature::fw_has_N -> target::energy_vol
energy_vol,fw_has_O,composition_known_framework,pre_dft_composition,L0,RULE_SAFE_DEFAULT,feature::fw_has_O -> target::energy_vol
energy_vol,fw_has_P,composition_known_framework,pre_dft_composition,L0,RULE_SAFE_DEFAULT,feature::fw_has_P -> target::energy_vol
energy_vol,fw_has_S,composition_known_framework,pre_dft_composition,L0,RULE_SAFE_DEFAULT,feature::fw_has_S -> target::energy_vol
energy_vol,fw_has_Si,composition_known_framework,pre_dft_composition,L0,RULE_SAFE_DEFAULT,feature::fw_has_Si -> target::energy_vol
energy_vol,fw_n_atoms,composition_known_framework,pre_dft_composition,L0,RULE_SAFE_DEFAULT,feature::fw_n_atoms -> target::energy_vol
energy_vol,fw_n_elements,composition_known_framework,pre_dft_composition,L0,RULE_SAFE_DEFAULT,feature::fw_n_elements -> target::energy_vol
energy_vol,fw_n_transition_metals,composition_known_framework,pre_dft_composition,L0,RULE_SAFE_DEFAULT,feature::fw_n_transition_metals -> target::energy_vol
energy_vol,fw_parse_ok,composition_known_framework,pre_dft_composition,L0,RULE_SAFE_DEFAULT,feature::fw_parse_ok -> target::energy_vol
energy_vol,fw_row_max,composition_known_framework,pre_dft_composition,L0,RULE_SAFE_DEFAULT,feature::fw_row_max -> target::energy_vol
energy_vol,fw_row_mean,composition_known_framework,pre_dft_composition,L0,RULE_SAFE_DEFAULT,feature::fw_row_mean -> target::energy_vol
energy_vol,fw_row_min,composition_known_framework,pre_dft_composition,L0,RULE_SAFE_DEFAULT,feature::fw_row_min -> target::energy_vol
energy_vol,fw_row_range,composition_known_framework,pre_dft_composition,L0,RULE_SAFE_DEFAULT,feature::fw_row_range -> target::energy_vol
energy_vol,fw_row_std,composition_known_framework,pre_dft_composition,L0,RULE_SAFE_DEFAULT,feature::fw_row_std -> target::energy_vol
energy_vol,max_delta_volume,stored_electrode_target,stored_electrode_record,L4,RULE_OTHER_STORED_TARGET,feature::max_delta_volume -> concept::stored_electrode_record -> target::energy_vol
energy_vol,max_voltage_step,stored_electrode_process_descriptor,stored_electrode_record,L0,RULE_SAFE_DEFAULT,feature::max_voltage_step -> target::energy_vol
energy_vol,num_steps,stored_electrode_process_descriptor,stored_electrode_record,L0,RULE_SAFE_DEFAULT,feature::num_steps -> target::energy_vol
energy_vol,stability_charge,stored_electrode_target,stored_electrode_record,L4,RULE_OTHER_STORED_TARGET,feature::stability_charge -> concept::stored_electrode_record -> target::energy_vol
energy_vol,stability_discharge,stored_electrode_target,stored_electrode_record,L4,RULE_OTHER_STORED_TARGET,feature::stability_discharge -> concept::stored_electrode_record -> target::energy_vol
energy_vol,stability_worst,stored_electrode_target,stored_electrode_record,L4,RULE_OTHER_STORED_TARGET,feature::stability_worst -> concept::stored_electrode_record -> target::energy_vol
energy_vol,stoich_abs_wi_amount_delta,stoichiometric_window,electrode_state_stoichiometry,L3,RULE_STOICHIOMETRIC_WINDOW,feature::stoich_abs_wi_amount_delta -> concept::working_ion_transfer -> target::energy_vol
energy_vol,stoich_wi_amount_charge,stoichiometric_window,electrode_state_stoichiometry,L3,RULE_STOICHIOMETRIC_WINDOW,feature::stoich_wi_amount_charge -> concept::working_ion_transfer -> target::energy_vol
energy_vol,stoich_wi_amount_delta,stoichiometric_window,electrode_state_stoichiometry,L3,RULE_STOICHIOMETRIC_WINDOW,feature::stoich_wi_amount_delta -> concept::working_ion_transfer -> target::energy_vol
energy_vol,stoich_wi_amount_discharge,stoichiometric_window,electrode_state_stoichiometry,L3,RULE_STOICHIOMETRIC_WINDOW,feature::stoich_wi_amount_discharge -> concept::working_ion_transfer -> target::energy_vol
energy_vol,stored_abs_fracA_delta,other_numeric,derived_miscellaneous,L0,RULE_SAFE_DEFAULT,feature::stored_abs_fracA_delta -> target::energy_vol
energy_vol,stored_fracA_delta,stoichiometric_window,electrode_state_stoichiometry,L3,RULE_STOICHIOMETRIC_WINDOW,feature::stored_fracA_delta -> concept::working_ion_transfer -> target::energy_vol
energy_vol,summary_abs_delta_band_gap,post_dft_electronic_summary,post_dft_electronic,L4,RULE_POST_DFT_ELECTRONIC,feature::summary_abs_delta_band_gap -> concept::post_dft_record -> target::energy_vol
energy_vol,summary_abs_delta_density,relaxed_structure_summary,relaxed_structure,L0,RULE_SAFE_STRUCTURE,feature::summary_abs_delta_density -> target::energy_vol
energy_vol,summary_abs_delta_density_atomic,relaxed_structure_summary,relaxed_structure,L0,RULE_SAFE_STRUCTURE,feature::summary_abs_delta_density_atomic -> target::energy_vol
energy_vol,summary_abs_delta_energy_above_hull,post_dft_energy_stability_summary,post_dft_thermodynamics,L4,RULE_HULL_OTHER,feature::summary_abs_delta_energy_above_hull -> concept::post_dft_thermodynamics -> target::energy_vol
energy_vol,summary_abs_delta_formation_energy_per_atom,post_dft_energy_stability_summary,post_dft_thermodynamics,L2,RULE_FORMATION_ENERGY_ENERGY,feature::summary_abs_delta_formation_energy_per_atom -> concept::insertion_energy_difference -> target::energy_vol
energy_vol,summary_abs_delta_volume_fraction,relaxed_structure_summary,relaxed_structure,L0,RULE_SAFE_STRUCTURE,feature::summary_abs_delta_volume_fraction -> target::energy_vol
energy_vol,summary_abs_delta_volume_per_site,relaxed_structure_summary,relaxed_structure,L0,RULE_SAFE_STRUCTURE,feature::summary_abs_delta_volume_per_site -> target::energy_vol
energy_vol,summary_delta_band_gap,post_dft_electronic_summary,post_dft_electronic,L4,RULE_POST_DFT_ELECTRONIC,feature::summary_delta_band_gap -> concept::post_dft_record -> target::energy_vol
energy_vol,summary_delta_density,relaxed_structure_summary,relaxed_structure,L0,RULE_SAFE_STRUCTURE,feature::summary_delta_density -> target::energy_vol
energy_vol,summary_delta_density_atomic,relaxed_structure_summary,relaxed_structure,L0,RULE_SAFE_STRUCTURE,feature::summary_delta_density_atomic -> target::energy_vol
energy_vol,summary_delta_energy_above_hull,post_dft_energy_stability_summary,post_dft_thermodynamics,L4,RULE_HULL_OTHER,feature::summary_delta_energy_above_hull -> concept::post_dft_thermodynamics -> target::energy_vol
energy_vol,summary_delta_formation_energy_per_atom,post_dft_energy_stability_summary,post_dft_thermodynamics,L2,RULE_FORMATION_ENERGY_ENERGY,feature::summary_delta_formation_energy_per_atom -> concept::insertion_energy_difference -> target::energy_vol
energy_vol,summary_delta_volume_fraction,relaxed_structure_summary,relaxed_structure,L0,RULE_SAFE_STRUCTURE,feature::summary_delta_volume_fraction -> target::energy_vol
energy_vol,summary_delta_volume_per_site,relaxed_structure_summary,relaxed_structure,L0,RULE_SAFE_STRUCTURE,feature::summary_delta_volume_per_site -> target::energy_vol
energy_vol,summary_worst_energy_above_hull,post_dft_energy_stability_summary,post_dft_thermodynamics,L4,RULE_HULL_OTHER,feature::summary_worst_energy_above_hull -> concept::post_dft_thermodynamics -> target::energy_vol
energy_vol,wi_X,composition_known_working_ion,pre_dft_composition,L0,RULE_SAFE_DEFAULT,feature::wi_X -> target::energy_vol
energy_vol,wi_Z,composition_known_working_ion,pre_dft_composition,L0,RULE_SAFE_DEFAULT,feature::wi_Z -> target::energy_vol
energy_vol,wi_atomic_mass,composition_known_working_ion,pre_dft_composition,L0,RULE_SAFE_DEFAULT,feature::wi_atomic_mass -> target::energy_vol
energy_vol,wi_group,composition_known_working_ion,pre_dft_composition,L0,RULE_SAFE_DEFAULT,feature::wi_group -> target::energy_vol
energy_vol,wi_is_K,domain_label_onehot,validation_only,L5,RULE_DOMAIN_LABEL,feature::wi_is_K -> concept::validation_domain -> target::energy_vol
energy_vol,wi_is_Li,domain_label_onehot,validation_only,L5,RULE_DOMAIN_LABEL,feature::wi_is_Li -> concept::validation_domain -> target::energy_vol
energy_vol,wi_is_Na,domain_label_onehot,validation_only,L5,RULE_DOMAIN_LABEL,feature::wi_is_Na -> concept::validation_domain -> target::energy_vol
energy_vol,wi_row,composition_known_working_ion,pre_dft_composition,L0,RULE_SAFE_DEFAULT,feature::wi_row -> target::energy_vol
max_delta_volume,average_voltage,stored_electrode_target,stored_electrode_record,L4,RULE_OTHER_STORED_TARGET,feature::average_voltage -> concept::stored_electrode_record -> target::max_delta_volume
max_delta_volume,capacity_grav,stored_electrode_target,stored_electrode_record,L4,RULE_OTHER_STORED_TARGET,feature::capacity_grav -> concept::stored_electrode_record -> target::max_delta_volume
max_delta_volume,capacity_vol,stored_electrode_target,stored_electrode_record,L4,RULE_OTHER_STORED_TARGET,feature::capacity_vol -> concept::stored_electrode_record -> target::max_delta_volume
max_delta_volume,charge_formula_X_max,stoichiometric_window,electrode_state_stoichiometry,L0,RULE_SAFE_DEFAULT,feature::charge_formula_X_max -> target::max_delta_volume
max_delta_volume,charge_formula_X_mean,stoichiometric_window,electrode_state_stoichiometry,L0,RULE_SAFE_DEFAULT,feature::charge_formula_X_mean -> target::max_delta_volume
max_delta_volume,charge_formula_X_min,stoichiometric_window,electrode_state_stoichiometry,L0,RULE_SAFE_DEFAULT,feature::charge_formula_X_min -> target::max_delta_volume
max_delta_volume,charge_formula_X_range,stoichiometric_window,electrode_state_stoichiometry,L0,RULE_SAFE_DEFAULT,feature::charge_formula_X_range -> target::max_delta_volume
max_delta_volume,charge_formula_X_std,stoichiometric_window,electrode_state_stoichiometry,L0,RULE_SAFE_DEFAULT,feature::charge_formula_X_std -> target::max_delta_volume
max_delta_volume,charge_formula_Z_max,stoichiometric_window,electrode_state_stoichiometry,L0,RULE_SAFE_DEFAULT,feature::charge_formula_Z_max -> target::max_delta_volume
max_delta_volume,charge_formula_Z_mean,stoichiometric_window,electrode_state_stoichiometry,L0,RULE_SAFE_DEFAULT,feature::charge_formula_Z_mean -> target::max_delta_volume
max_delta_volume,charge_formula_Z_min,stoichiometric_window,electrode_state_stoichiometry,L0,RULE_SAFE_DEFAULT,feature::charge_formula_Z_min -> target::max_delta_volume
max_delta_volume,charge_formula_Z_range,stoichiometric_window,electrode_state_stoichiometry,L0,RULE_SAFE_DEFAULT,feature::charge_formula_Z_range -> target::max_delta_volume
max_delta_volume,charge_formula_Z_std,stoichiometric_window,electrode_state_stoichiometry,L0,RULE_SAFE_DEFAULT,feature::charge_formula_Z_std -> target::max_delta_volume
max_delta_volume,charge_formula_atomic_mass_max,stoichiometric_window,electrode_state_stoichiometry,L0,RULE_SAFE_DEFAULT,feature::charge_formula_atomic_mass_max -> target::max_delta_volume
max_delta_volume,charge_formula_atomic_mass_mean,stoichiometric_window,electrode_state_stoichiometry,L0,RULE_SAFE_DEFAULT,feature::charge_formula_atomic_mass_mean -> target::max_delta_volume
max_delta_volume,charge_formula_atomic_mass_min,stoichiometric_window,electrode_state_stoichiometry,L0,RULE_SAFE_DEFAULT,feature::charge_formula_atomic_mass_min -> target::max_delta_volume
max_delta_volume,charge_formula_atomic_mass_range,stoichiometric_window,electrode_state_stoichiometry,L0,RULE_SAFE_DEFAULT,feature::charge_formula_atomic_mass_range -> target::max_delta_volume
max_delta_volume,charge_formula_atomic_mass_std,stoichiometric_window,electrode_state_stoichiometry,L0,RULE_SAFE_DEFAULT,feature::charge_formula_atomic_mass_std -> target::max_delta_volume
max_delta_volume,charge_formula_frac_Ag,stoichiometric_window,electrode_state_stoichiometry,L0,RULE_SAFE_DEFAULT,feature::charge_formula_frac_Ag -> target::max_delta_volume
max_delta_volume,charge_formula_frac_Al,stoichiometric_window,electrode_state_stoichiometry,L0,RULE_SAFE_DEFAULT,feature::charge_formula_frac_Al -> target::max_delta_volume
max_delta_volume,charge_formula_frac_As,stoichiometric_window,electrode_state_stoichiometry,L0,RULE_SAFE_DEFAULT,feature::charge_formula_frac_As -> target::max_delta_volume
max_delta_volume,charge_formula_frac_B,stoichiometric_window,electrode_state_stoichiometry,L0,RULE_SAFE_DEFAULT,feature::charge_formula_frac_B -> target::max_delta_volume
max_delta_volume,charge_formula_frac_Br,stoichiometric_window,electrode_state_stoichiometry,L0,RULE_SAFE_DEFAULT,feature::charge_formula_frac_Br -> target::max_delta_volume
max_delta_volume,charge_formula_frac_C,stoichiometric_window,electrode_state_stoichiometry,L0,RULE_SAFE_DEFAULT,feature::charge_formula_frac_C -> target::max_delta_volume
max_delta_volume,charge_formula_frac_Ca,stoichiometric_window,electrode_state_stoichiometry,L0,RULE_SAFE_DEFAULT,feature::charge_formula_frac_Ca -> target::max_delta_volume
max_delta_volume,charge_formula_frac_Cl,stoichiometric_window,electrode_state_stoichiometry,L0,RULE_SAFE_DEFAULT,feature::charge_formula_frac_Cl -> target::max_delta_volume
max_delta_volume,charge_formula_frac_Co,stoichiometric_window,electrode_state_stoichiometry,L0,RULE_SAFE_DEFAULT,feature::charge_formula_frac_Co -> target::max_delta_volume
max_delta_volume,charge_formula_frac_Cr,stoichiometric_window,electrode_state_stoichiometry,L0,RULE_SAFE_DEFAULT,feature::charge_formula_frac_Cr -> target::max_delta_volume
max_delta_volume,charge_formula_frac_Cu,stoichiometric_window,electrode_state_stoichiometry,L0,RULE_SAFE_DEFAULT,feature::charge_formula_frac_Cu -> target::max_delta_volume
max_delta_volume,charge_formula_frac_F,stoichiometric_window,electrode_state_stoichiometry,L0,RULE_SAFE_DEFAULT,feature::charge_formula_frac_F -> target::max_delta_volume
max_delta_volume,charge_formula_frac_Fe,stoichiometric_window,electrode_state_stoichiometry,L0,RULE_SAFE_DEFAULT,feature::charge_formula_frac_Fe -> target::max_delta_volume
max_delta_volume,charge_formula_frac_I,stoichiometric_window,electrode_state_stoichiometry,L0,RULE_SAFE_DEFAULT,feature::charge_formula_frac_I -> target::max_delta_volume
max_delta_volume,charge_formula_frac_K,stoichiometric_window,electrode_state_stoichiometry,L0,RULE_SAFE_DEFAULT,feature::charge_formula_frac_K -> target::max_delta_volume
max_delta_volume,charge_formula_frac_Li,stoichiometric_window,electrode_state_stoichiometry,L0,RULE_SAFE_DEFAULT,feature::charge_formula_frac_Li -> target::max_delta_volume
max_delta_volume,charge_formula_frac_Mg,stoichiometric_window,electrode_state_stoichiometry,L0,RULE_SAFE_DEFAULT,feature::charge_formula_frac_Mg -> target::max_delta_volume
max_delta_volume,charge_formula_frac_Mn,stoichiometric_window,electrode_state_stoichiometry,L0,RULE_SAFE_DEFAULT,feature::charge_formula_frac_Mn -> target::max_delta_volume
max_delta_volume,charge_formula_frac_N,stoichiometric_window,electrode_state_stoichiometry,L0,RULE_SAFE_DEFAULT,feature::charge_formula_frac_N -> target::max_delta_volume
max_delta_volume,charge_formula_frac_Na,stoichiometric_window,electrode_state_stoichiometry,L0,RULE_SAFE_DEFAULT,feature::charge_formula_frac_Na -> target::max_delta_volume
max_delta_volume,charge_formula_frac_Ni,stoichiometric_window,electrode_state_stoichiometry,L0,RULE_SAFE_DEFAULT,feature::charge_formula_frac_Ni -> target::max_delta_volume
max_delta_volume,charge_formula_frac_O,stoichiometric_window,electrode_state_stoichiometry,L0,RULE_SAFE_DEFAULT,feature::charge_formula_frac_O -> target::max_delta_volume
max_delta_volume,charge_formula_frac_P,stoichiometric_window,electrode_state_stoichiometry,L0,RULE_SAFE_DEFAULT,feature::charge_formula_frac_P -> target::max_delta_volume
max_delta_volume,charge_formula_frac_S,stoichiometric_window,electrode_state_stoichiometry,L0,RULE_SAFE_DEFAULT,feature::charge_formula_frac_S -> target::max_delta_volume
max_delta_volume,charge_formula_frac_Si,stoichiometric_window,electrode_state_stoichiometry,L0,RULE_SAFE_DEFAULT,feature::charge_formula_frac_Si -> target::max_delta_volume
max_delta_volume,charge_formula_frac_Ti,stoichiometric_window,electrode_state_stoichiometry,L0,RULE_SAFE_DEFAULT,feature::charge_formula_frac_Ti -> target::max_delta_volume
max_delta_volume,charge_formula_frac_V,stoichiometric_window,electrode_state_stoichiometry,L0,RULE_SAFE_DEFAULT,feature::charge_formula_frac_V -> target::max_delta_volume
max_delta_volume,charge_formula_frac_Zn,stoichiometric_window,electrode_state_stoichiometry,L0,RULE_SAFE_DEFAULT,feature::charge_formula_frac_Zn -> target::max_delta_volume
max_delta_volume,charge_formula_frac_transition_metals,stoichiometric_window,electrode_state_stoichiometry,L0,RULE_SAFE_DEFAULT,feature::charge_formula_frac_transition_metals -> target::max_delta_volume
max_delta_volume,charge_formula_group_max,stoichiometric_window,electrode_state_stoichiometry,L0,RULE_SAFE_DEFAULT,feature::charge_formula_group_max -> target::max_delta_volume
max_delta_volume,charge_formula_group_mean,stoichiometric_window,electrode_state_stoichiometry,L0,RULE_SAFE_DEFAULT,feature::charge_formula_group_mean -> target::max_delta_volume
max_delta_volume,charge_formula_group_min,stoichiometric_window,electrode_state_stoichiometry,L0,RULE_SAFE_DEFAULT,feature::charge_formula_group_min -> target::max_delta_volume
max_delta_volume,charge_formula_group_range,stoichiometric_window,electrode_state_stoichiometry,L0,RULE_SAFE_DEFAULT,feature::charge_formula_group_range -> target::max_delta_volume
max_delta_volume,charge_formula_group_std,stoichiometric_window,electrode_state_stoichiometry,L0,RULE_SAFE_DEFAULT,feature::charge_formula_group_std -> target::max_delta_volume
max_delta_volume,charge_formula_has_Br,stoichiometric_window,electrode_state_stoichiometry,L0,RULE_SAFE_DEFAULT,feature::charge_formula_has_Br -> target::max_delta_volume
max_delta_volume,charge_formula_has_C,stoichiometric_window,electrode_state_stoichiometry,L0,RULE_SAFE_DEFAULT,feature::charge_formula_has_C -> target::max_delta_volume
max_delta_volume,charge_formula_has_Cl,stoichiometric_window,electrode_state_stoichiometry,L0,RULE_SAFE_DEFAULT,feature::charge_formula_has_Cl -> target::max_delta_volume
max_delta_volume,charge_formula_has_F,stoichiometric_window,electrode_state_stoichiometry,L0,RULE_SAFE_DEFAULT,feature::charge_formula_has_F -> target::max_delta_volume
max_delta_volume,charge_formula_has_I,stoichiometric_window,electrode_state_stoichiometry,L0,RULE_SAFE_DEFAULT,feature::charge_formula_has_I -> target::max_delta_volume
max_delta_volume,charge_formula_has_N,stoichiometric_window,electrode_state_stoichiometry,L0,RULE_SAFE_DEFAULT,feature::charge_formula_has_N -> target::max_delta_volume
max_delta_volume,charge_formula_has_O,stoichiometric_window,electrode_state_stoichiometry,L0,RULE_SAFE_DEFAULT,feature::charge_formula_has_O -> target::max_delta_volume
max_delta_volume,charge_formula_has_P,stoichiometric_window,electrode_state_stoichiometry,L0,RULE_SAFE_DEFAULT,feature::charge_formula_has_P -> target::max_delta_volume
max_delta_volume,charge_formula_has_S,stoichiometric_window,electrode_state_stoichiometry,L0,RULE_SAFE_DEFAULT,feature::charge_formula_has_S -> target::max_delta_volume
max_delta_volume,charge_formula_has_Si,stoichiometric_window,electrode_state_stoichiometry,L0,RULE_SAFE_DEFAULT,feature::charge_formula_has_Si -> target::max_delta_volume
max_delta_volume,charge_formula_n_atoms,stoichiometric_window,electrode_state_stoichiometry,L0,RULE_SAFE_DEFAULT,feature::charge_formula_n_atoms -> target::max_delta_volume
max_delta_volume,charge_formula_n_elements,stoichiometric_window,electrode_state_stoichiometry,L0,RULE_SAFE_DEFAULT,feature::charge_formula_n_elements -> target::max_delta_volume
max_delta_volume,charge_formula_n_transition_metals,stoichiometric_window,electrode_state_stoichiometry,L0,RULE_SAFE_DEFAULT,feature::charge_formula_n_transition_metals -> target::max_delta_volume
max_delta_volume,charge_formula_parse_ok,stoichiometric_window,electrode_state_stoichiometry,L0,RULE_SAFE_DEFAULT,feature::charge_formula_parse_ok -> target::max_delta_volume
max_delta_volume,charge_formula_row_max,stoichiometric_window,electrode_state_stoichiometry,L0,RULE_SAFE_DEFAULT,feature::charge_formula_row_max -> target::max_delta_volume
max_delta_volume,charge_formula_row_mean,stoichiometric_window,electrode_state_stoichiometry,L0,RULE_SAFE_DEFAULT,feature::charge_formula_row_mean -> target::max_delta_volume
max_delta_volume,charge_formula_row_min,stoichiometric_window,electrode_state_stoichiometry,L0,RULE_SAFE_DEFAULT,feature::charge_formula_row_min -> target::max_delta_volume
max_delta_volume,charge_formula_row_range,stoichiometric_window,electrode_state_stoichiometry,L0,RULE_SAFE_DEFAULT,feature::charge_formula_row_range -> target::max_delta_volume
max_delta_volume,charge_formula_row_std,stoichiometric_window,electrode_state_stoichiometry,L0,RULE_SAFE_DEFAULT,feature::charge_formula_row_std -> target::max_delta_volume
max_delta_volume,charge_summary_band_gap,post_dft_electronic_summary,post_dft_electronic,L4,RULE_POST_DFT_ELECTRONIC,feature::charge_summary_band_gap -> concept::post_dft_record -> target::max_delta_volume
max_delta_volume,charge_summary_density,relaxed_structure_summary,relaxed_structure,L2,RULE_VOLUME_CHANGE,feature::charge_summary_density -> concept::volume_change_definition -> target::max_delta_volume
max_delta_volume,charge_summary_density_atomic,relaxed_structure_summary,relaxed_structure,L2,RULE_VOLUME_CHANGE,feature::charge_summary_density_atomic -> concept::volume_change_definition -> target::max_delta_volume
max_delta_volume,charge_summary_energy_above_hull,post_dft_energy_stability_summary,post_dft_thermodynamics,L4,RULE_HULL_OTHER,feature::charge_summary_energy_above_hull -> concept::post_dft_thermodynamics -> target::max_delta_volume
max_delta_volume,charge_summary_formation_energy_per_atom,post_dft_energy_stability_summary,post_dft_thermodynamics,L4,RULE_POST_DFT_ENERGY_DEFAULT,feature::charge_summary_formation_energy_per_atom -> concept::post_dft_thermodynamics -> target::max_delta_volume
max_delta_volume,charge_summary_is_metal,post_dft_electronic_summary,post_dft_electronic,L4,RULE_POST_DFT_ELECTRONIC,feature::charge_summary_is_metal -> concept::post_dft_record -> target::max_delta_volume
max_delta_volume,charge_summary_is_stable,post_dft_energy_stability_summary,post_dft_thermodynamics,L4,RULE_HULL_OTHER,feature::charge_summary_is_stable -> concept::post_dft_thermodynamics -> target::max_delta_volume
max_delta_volume,charge_summary_nsites,relaxed_structure_summary,relaxed_structure,L0,RULE_SAFE_STRUCTURE,feature::charge_summary_nsites -> target::max_delta_volume
max_delta_volume,charge_summary_symmetry_number,relaxed_structure_summary,relaxed_structure,L0,RULE_SAFE_STRUCTURE,feature::charge_summary_symmetry_number -> target::max_delta_volume
max_delta_volume,charge_summary_theoretical,post_dft_provenance_flag,post_dft_provenance,L4,RULE_POST_DFT_PROVENANCE,feature::charge_summary_theoretical -> concept::post_dft_record -> target::max_delta_volume
max_delta_volume,charge_summary_volume,relaxed_structure_summary,relaxed_structure,L2,RULE_VOLUME_CHANGE,feature::charge_summary_volume -> concept::volume_change_definition -> target::max_delta_volume
max_delta_volume,charge_summary_volume_per_site,relaxed_structure_summary,relaxed_structure,L2,RULE_VOLUME_CHANGE,feature::charge_summary_volume_per_site -> concept::volume_change_definition -> target::max_delta_volume
max_delta_volume,discharge_formula_X_max,stoichiometric_window,electrode_state_stoichiometry,L0,RULE_SAFE_DEFAULT,feature::discharge_formula_X_max -> target::max_delta_volume
max_delta_volume,discharge_formula_X_mean,stoichiometric_window,electrode_state_stoichiometry,L0,RULE_SAFE_DEFAULT,feature::discharge_formula_X_mean -> target::max_delta_volume
max_delta_volume,discharge_formula_X_min,stoichiometric_window,electrode_state_stoichiometry,L0,RULE_SAFE_DEFAULT,feature::discharge_formula_X_min -> target::max_delta_volume
max_delta_volume,discharge_formula_X_range,stoichiometric_window,electrode_state_stoichiometry,L0,RULE_SAFE_DEFAULT,feature::discharge_formula_X_range -> target::max_delta_volume
max_delta_volume,discharge_formula_X_std,stoichiometric_window,electrode_state_stoichiometry,L0,RULE_SAFE_DEFAULT,feature::discharge_formula_X_std -> target::max_delta_volume
max_delta_volume,discharge_formula_Z_max,stoichiometric_window,electrode_state_stoichiometry,L0,RULE_SAFE_DEFAULT,feature::discharge_formula_Z_max -> target::max_delta_volume
max_delta_volume,discharge_formula_Z_mean,stoichiometric_window,electrode_state_stoichiometry,L0,RULE_SAFE_DEFAULT,feature::discharge_formula_Z_mean -> target::max_delta_volume
max_delta_volume,discharge_formula_Z_min,stoichiometric_window,electrode_state_stoichiometry,L0,RULE_SAFE_DEFAULT,feature::discharge_formula_Z_min -> target::max_delta_volume
max_delta_volume,discharge_formula_Z_range,stoichiometric_window,electrode_state_stoichiometry,L0,RULE_SAFE_DEFAULT,feature::discharge_formula_Z_range -> target::max_delta_volume
max_delta_volume,discharge_formula_Z_std,stoichiometric_window,electrode_state_stoichiometry,L0,RULE_SAFE_DEFAULT,feature::discharge_formula_Z_std -> target::max_delta_volume
max_delta_volume,discharge_formula_atomic_mass_max,stoichiometric_window,electrode_state_stoichiometry,L0,RULE_SAFE_DEFAULT,feature::discharge_formula_atomic_mass_max -> target::max_delta_volume
max_delta_volume,discharge_formula_atomic_mass_mean,stoichiometric_window,electrode_state_stoichiometry,L0,RULE_SAFE_DEFAULT,feature::discharge_formula_atomic_mass_mean -> target::max_delta_volume
max_delta_volume,discharge_formula_atomic_mass_min,stoichiometric_window,electrode_state_stoichiometry,L0,RULE_SAFE_DEFAULT,feature::discharge_formula_atomic_mass_min -> target::max_delta_volume
max_delta_volume,discharge_formula_atomic_mass_range,stoichiometric_window,electrode_state_stoichiometry,L0,RULE_SAFE_DEFAULT,feature::discharge_formula_atomic_mass_range -> target::max_delta_volume
max_delta_volume,discharge_formula_atomic_mass_std,stoichiometric_window,electrode_state_stoichiometry,L0,RULE_SAFE_DEFAULT,feature::discharge_formula_atomic_mass_std -> target::max_delta_volume
max_delta_volume,discharge_formula_frac_Ag,stoichiometric_window,electrode_state_stoichiometry,L0,RULE_SAFE_DEFAULT,feature::discharge_formula_frac_Ag -> target::max_delta_volume
max_delta_volume,discharge_formula_frac_Al,stoichiometric_window,electrode_state_stoichiometry,L0,RULE_SAFE_DEFAULT,feature::discharge_formula_frac_Al -> target::max_delta_volume
max_delta_volume,discharge_formula_frac_As,stoichiometric_window,electrode_state_stoichiometry,L0,RULE_SAFE_DEFAULT,feature::discharge_formula_frac_As -> target::max_delta_volume
max_delta_volume,discharge_formula_frac_B,stoichiometric_window,electrode_state_stoichiometry,L0,RULE_SAFE_DEFAULT,feature::discharge_formula_frac_B -> target::max_delta_volume
max_delta_volume,discharge_formula_frac_Br,stoichiometric_window,electrode_state_stoichiometry,L0,RULE_SAFE_DEFAULT,feature::discharge_formula_frac_Br -> target::max_delta_volume
max_delta_volume,discharge_formula_frac_C,stoichiometric_window,electrode_state_stoichiometry,L0,RULE_SAFE_DEFAULT,feature::discharge_formula_frac_C -> target::max_delta_volume
max_delta_volume,discharge_formula_frac_Ca,stoichiometric_window,electrode_state_stoichiometry,L0,RULE_SAFE_DEFAULT,feature::discharge_formula_frac_Ca -> target::max_delta_volume
max_delta_volume,discharge_formula_frac_Cl,stoichiometric_window,electrode_state_stoichiometry,L0,RULE_SAFE_DEFAULT,feature::discharge_formula_frac_Cl -> target::max_delta_volume
max_delta_volume,discharge_formula_frac_Co,stoichiometric_window,electrode_state_stoichiometry,L0,RULE_SAFE_DEFAULT,feature::discharge_formula_frac_Co -> target::max_delta_volume
max_delta_volume,discharge_formula_frac_Cr,stoichiometric_window,electrode_state_stoichiometry,L0,RULE_SAFE_DEFAULT,feature::discharge_formula_frac_Cr -> target::max_delta_volume
max_delta_volume,discharge_formula_frac_Cu,stoichiometric_window,electrode_state_stoichiometry,L0,RULE_SAFE_DEFAULT,feature::discharge_formula_frac_Cu -> target::max_delta_volume
max_delta_volume,discharge_formula_frac_F,stoichiometric_window,electrode_state_stoichiometry,L0,RULE_SAFE_DEFAULT,feature::discharge_formula_frac_F -> target::max_delta_volume
max_delta_volume,discharge_formula_frac_Fe,stoichiometric_window,electrode_state_stoichiometry,L0,RULE_SAFE_DEFAULT,feature::discharge_formula_frac_Fe -> target::max_delta_volume
max_delta_volume,discharge_formula_frac_I,stoichiometric_window,electrode_state_stoichiometry,L0,RULE_SAFE_DEFAULT,feature::discharge_formula_frac_I -> target::max_delta_volume
max_delta_volume,discharge_formula_frac_K,stoichiometric_window,electrode_state_stoichiometry,L0,RULE_SAFE_DEFAULT,feature::discharge_formula_frac_K -> target::max_delta_volume
max_delta_volume,discharge_formula_frac_Li,stoichiometric_window,electrode_state_stoichiometry,L0,RULE_SAFE_DEFAULT,feature::discharge_formula_frac_Li -> target::max_delta_volume
max_delta_volume,discharge_formula_frac_Mg,stoichiometric_window,electrode_state_stoichiometry,L0,RULE_SAFE_DEFAULT,feature::discharge_formula_frac_Mg -> target::max_delta_volume
max_delta_volume,discharge_formula_frac_Mn,stoichiometric_window,electrode_state_stoichiometry,L0,RULE_SAFE_DEFAULT,feature::discharge_formula_frac_Mn -> target::max_delta_volume
max_delta_volume,discharge_formula_frac_N,stoichiometric_window,electrode_state_stoichiometry,L0,RULE_SAFE_DEFAULT,feature::discharge_formula_frac_N -> target::max_delta_volume
max_delta_volume,discharge_formula_frac_Na,stoichiometric_window,electrode_state_stoichiometry,L0,RULE_SAFE_DEFAULT,feature::discharge_formula_frac_Na -> target::max_delta_volume
max_delta_volume,discharge_formula_frac_Ni,stoichiometric_window,electrode_state_stoichiometry,L0,RULE_SAFE_DEFAULT,feature::discharge_formula_frac_Ni -> target::max_delta_volume
max_delta_volume,discharge_formula_frac_O,stoichiometric_window,electrode_state_stoichiometry,L0,RULE_SAFE_DEFAULT,feature::discharge_formula_frac_O -> target::max_delta_volume
max_delta_volume,discharge_formula_frac_P,stoichiometric_window,electrode_state_stoichiometry,L0,RULE_SAFE_DEFAULT,feature::discharge_formula_frac_P -> target::max_delta_volume
max_delta_volume,discharge_formula_frac_S,stoichiometric_window,electrode_state_stoichiometry,L0,RULE_SAFE_DEFAULT,feature::discharge_formula_frac_S -> target::max_delta_volume
max_delta_volume,discharge_formula_frac_Si,stoichiometric_window,electrode_state_stoichiometry,L0,RULE_SAFE_DEFAULT,feature::discharge_formula_frac_Si -> target::max_delta_volume
max_delta_volume,discharge_formula_frac_Ti,stoichiometric_window,electrode_state_stoichiometry,L0,RULE_SAFE_DEFAULT,feature::discharge_formula_frac_Ti -> target::max_delta_volume
max_delta_volume,discharge_formula_frac_V,stoichiometric_window,electrode_state_stoichiometry,L0,RULE_SAFE_DEFAULT,feature::discharge_formula_frac_V -> target::max_delta_volume
max_delta_volume,discharge_formula_frac_Zn,stoichiometric_window,electrode_state_stoichiometry,L0,RULE_SAFE_DEFAULT,feature::discharge_formula_frac_Zn -> target::max_delta_volume
max_delta_volume,discharge_formula_frac_transition_metals,stoichiometric_window,electrode_state_stoichiometry,L0,RULE_SAFE_DEFAULT,feature::discharge_formula_frac_transition_metals -> target::max_delta_volume
max_delta_volume,discharge_formula_group_max,stoichiometric_window,electrode_state_stoichiometry,L0,RULE_SAFE_DEFAULT,feature::discharge_formula_group_max -> target::max_delta_volume
max_delta_volume,discharge_formula_group_mean,stoichiometric_window,electrode_state_stoichiometry,L0,RULE_SAFE_DEFAULT,feature::discharge_formula_group_mean -> target::max_delta_volume
max_delta_volume,discharge_formula_group_min,stoichiometric_window,electrode_state_stoichiometry,L0,RULE_SAFE_DEFAULT,feature::discharge_formula_group_min -> target::max_delta_volume
max_delta_volume,discharge_formula_group_range,stoichiometric_window,electrode_state_stoichiometry,L0,RULE_SAFE_DEFAULT,feature::discharge_formula_group_range -> target::max_delta_volume
max_delta_volume,discharge_formula_group_std,stoichiometric_window,electrode_state_stoichiometry,L0,RULE_SAFE_DEFAULT,feature::discharge_formula_group_std -> target::max_delta_volume
max_delta_volume,discharge_formula_has_Br,stoichiometric_window,electrode_state_stoichiometry,L0,RULE_SAFE_DEFAULT,feature::discharge_formula_has_Br -> target::max_delta_volume
max_delta_volume,discharge_formula_has_C,stoichiometric_window,electrode_state_stoichiometry,L0,RULE_SAFE_DEFAULT,feature::discharge_formula_has_C -> target::max_delta_volume
max_delta_volume,discharge_formula_has_Cl,stoichiometric_window,electrode_state_stoichiometry,L0,RULE_SAFE_DEFAULT,feature::discharge_formula_has_Cl -> target::max_delta_volume
max_delta_volume,discharge_formula_has_F,stoichiometric_window,electrode_state_stoichiometry,L0,RULE_SAFE_DEFAULT,feature::discharge_formula_has_F -> target::max_delta_volume
max_delta_volume,discharge_formula_has_I,stoichiometric_window,electrode_state_stoichiometry,L0,RULE_SAFE_DEFAULT,feature::discharge_formula_has_I -> target::max_delta_volume
max_delta_volume,discharge_formula_has_N,stoichiometric_window,electrode_state_stoichiometry,L0,RULE_SAFE_DEFAULT,feature::discharge_formula_has_N -> target::max_delta_volume
max_delta_volume,discharge_formula_has_O,stoichiometric_window,electrode_state_stoichiometry,L0,RULE_SAFE_DEFAULT,feature::discharge_formula_has_O -> target::max_delta_volume
max_delta_volume,discharge_formula_has_P,stoichiometric_window,electrode_state_stoichiometry,L0,RULE_SAFE_DEFAULT,feature::discharge_formula_has_P -> target::max_delta_volume
max_delta_volume,discharge_formula_has_S,stoichiometric_window,electrode_state_stoichiometry,L0,RULE_SAFE_DEFAULT,feature::discharge_formula_has_S -> target::max_delta_volume
max_delta_volume,discharge_formula_has_Si,stoichiometric_window,electrode_state_stoichiometry,L0,RULE_SAFE_DEFAULT,feature::discharge_formula_has_Si -> target::max_delta_volume
max_delta_volume,discharge_formula_n_atoms,stoichiometric_window,electrode_state_stoichiometry,L0,RULE_SAFE_DEFAULT,feature::discharge_formula_n_atoms -> target::max_delta_volume
max_delta_volume,discharge_formula_n_elements,stoichiometric_window,electrode_state_stoichiometry,L0,RULE_SAFE_DEFAULT,feature::discharge_formula_n_elements -> target::max_delta_volume
max_delta_volume,discharge_formula_n_transition_metals,stoichiometric_window,electrode_state_stoichiometry,L0,RULE_SAFE_DEFAULT,feature::discharge_formula_n_transition_metals -> target::max_delta_volume
max_delta_volume,discharge_formula_parse_ok,stoichiometric_window,electrode_state_stoichiometry,L0,RULE_SAFE_DEFAULT,feature::discharge_formula_parse_ok -> target::max_delta_volume
max_delta_volume,discharge_formula_row_max,stoichiometric_window,electrode_state_stoichiometry,L0,RULE_SAFE_DEFAULT,feature::discharge_formula_row_max -> target::max_delta_volume
max_delta_volume,discharge_formula_row_mean,stoichiometric_window,electrode_state_stoichiometry,L0,RULE_SAFE_DEFAULT,feature::discharge_formula_row_mean -> target::max_delta_volume
max_delta_volume,discharge_formula_row_min,stoichiometric_window,electrode_state_stoichiometry,L0,RULE_SAFE_DEFAULT,feature::discharge_formula_row_min -> target::max_delta_volume
max_delta_volume,discharge_formula_row_range,stoichiometric_window,electrode_state_stoichiometry,L0,RULE_SAFE_DEFAULT,feature::discharge_formula_row_range -> target::max_delta_volume
max_delta_volume,discharge_formula_row_std,stoichiometric_window,electrode_state_stoichiometry,L0,RULE_SAFE_DEFAULT,feature::discharge_formula_row_std -> target::max_delta_volume
max_delta_volume,discharge_summary_band_gap,post_dft_electronic_summary,post_dft_electronic,L4,RULE_POST_DFT_ELECTRONIC,feature::discharge_summary_band_gap -> concept::post_dft_record -> target::max_delta_volume
max_delta_volume,discharge_summary_density,relaxed_structure_summary,relaxed_structure,L2,RULE_VOLUME_CHANGE,feature::discharge_summary_density -> concept::volume_change_definition -> target::max_delta_volume
max_delta_volume,discharge_summary_density_atomic,relaxed_structure_summary,relaxed_structure,L2,RULE_VOLUME_CHANGE,feature::discharge_summary_density_atomic -> concept::volume_change_definition -> target::max_delta_volume
max_delta_volume,discharge_summary_energy_above_hull,post_dft_energy_stability_summary,post_dft_thermodynamics,L4,RULE_HULL_OTHER,feature::discharge_summary_energy_above_hull -> concept::post_dft_thermodynamics -> target::max_delta_volume
max_delta_volume,discharge_summary_formation_energy_per_atom,post_dft_energy_stability_summary,post_dft_thermodynamics,L4,RULE_POST_DFT_ENERGY_DEFAULT,feature::discharge_summary_formation_energy_per_atom -> concept::post_dft_thermodynamics -> target::max_delta_volume
max_delta_volume,discharge_summary_is_metal,post_dft_electronic_summary,post_dft_electronic,L4,RULE_POST_DFT_ELECTRONIC,feature::discharge_summary_is_metal -> concept::post_dft_record -> target::max_delta_volume
max_delta_volume,discharge_summary_is_stable,post_dft_energy_stability_summary,post_dft_thermodynamics,L4,RULE_HULL_OTHER,feature::discharge_summary_is_stable -> concept::post_dft_thermodynamics -> target::max_delta_volume
max_delta_volume,discharge_summary_nsites,relaxed_structure_summary,relaxed_structure,L0,RULE_SAFE_STRUCTURE,feature::discharge_summary_nsites -> target::max_delta_volume
max_delta_volume,discharge_summary_symmetry_number,relaxed_structure_summary,relaxed_structure,L0,RULE_SAFE_STRUCTURE,feature::discharge_summary_symmetry_number -> target::max_delta_volume
max_delta_volume,discharge_summary_theoretical,post_dft_provenance_flag,post_dft_provenance,L4,RULE_POST_DFT_PROVENANCE,feature::discharge_summary_theoretical -> concept::post_dft_record -> target::max_delta_volume
max_delta_volume,discharge_summary_volume,relaxed_structure_summary,relaxed_structure,L2,RULE_VOLUME_CHANGE,feature::discharge_summary_volume -> concept::volume_change_definition -> target::max_delta_volume
max_delta_volume,discharge_summary_volume_per_site,relaxed_structure_summary,relaxed_structure,L2,RULE_VOLUME_CHANGE,feature::discharge_summary_volume_per_site -> concept::volume_change_definition -> target::max_delta_volume
max_delta_volume,energy_grav,stored_electrode_target,stored_electrode_record,L4,RULE_OTHER_STORED_TARGET,feature::energy_grav -> concept::stored_electrode_record -> target::max_delta_volume
max_delta_volume,energy_vol,stored_electrode_target,stored_electrode_record,L4,RULE_OTHER_STORED_TARGET,feature::energy_vol -> concept::stored_electrode_record -> target::max_delta_volume
max_delta_volume,fracA_charge,stoichiometric_window,electrode_state_stoichiometry,L0,RULE_SAFE_DEFAULT,feature::fracA_charge -> target::max_delta_volume
max_delta_volume,fracA_discharge,stoichiometric_window,electrode_state_stoichiometry,L0,RULE_SAFE_DEFAULT,feature::fracA_discharge -> target::max_delta_volume
max_delta_volume,fw_X_max,composition_known_framework,pre_dft_composition,L0,RULE_SAFE_DEFAULT,feature::fw_X_max -> target::max_delta_volume
max_delta_volume,fw_X_mean,composition_known_framework,pre_dft_composition,L0,RULE_SAFE_DEFAULT,feature::fw_X_mean -> target::max_delta_volume
max_delta_volume,fw_X_min,composition_known_framework,pre_dft_composition,L0,RULE_SAFE_DEFAULT,feature::fw_X_min -> target::max_delta_volume
max_delta_volume,fw_X_range,composition_known_framework,pre_dft_composition,L0,RULE_SAFE_DEFAULT,feature::fw_X_range -> target::max_delta_volume
max_delta_volume,fw_X_std,composition_known_framework,pre_dft_composition,L0,RULE_SAFE_DEFAULT,feature::fw_X_std -> target::max_delta_volume
max_delta_volume,fw_Z_max,composition_known_framework,pre_dft_composition,L0,RULE_SAFE_DEFAULT,feature::fw_Z_max -> target::max_delta_volume
max_delta_volume,fw_Z_mean,composition_known_framework,pre_dft_composition,L0,RULE_SAFE_DEFAULT,feature::fw_Z_mean -> target::max_delta_volume
max_delta_volume,fw_Z_min,composition_known_framework,pre_dft_composition,L0,RULE_SAFE_DEFAULT,feature::fw_Z_min -> target::max_delta_volume
max_delta_volume,fw_Z_range,composition_known_framework,pre_dft_composition,L0,RULE_SAFE_DEFAULT,feature::fw_Z_range -> target::max_delta_volume
max_delta_volume,fw_Z_std,composition_known_framework,pre_dft_composition,L0,RULE_SAFE_DEFAULT,feature::fw_Z_std -> target::max_delta_volume
max_delta_volume,fw_atomic_mass_max,composition_known_framework,pre_dft_composition,L0,RULE_SAFE_DEFAULT,feature::fw_atomic_mass_max -> target::max_delta_volume
max_delta_volume,fw_atomic_mass_mean,composition_known_framework,pre_dft_composition,L0,RULE_SAFE_DEFAULT,feature::fw_atomic_mass_mean -> target::max_delta_volume
max_delta_volume,fw_atomic_mass_min,composition_known_framework,pre_dft_composition,L0,RULE_SAFE_DEFAULT,feature::fw_atomic_mass_min -> target::max_delta_volume
max_delta_volume,fw_atomic_mass_range,composition_known_framework,pre_dft_composition,L0,RULE_SAFE_DEFAULT,feature::fw_atomic_mass_range -> target::max_delta_volume
max_delta_volume,fw_atomic_mass_std,composition_known_framework,pre_dft_composition,L0,RULE_SAFE_DEFAULT,feature::fw_atomic_mass_std -> target::max_delta_volume
max_delta_volume,fw_frac_Ag,composition_known_framework,pre_dft_composition,L0,RULE_SAFE_DEFAULT,feature::fw_frac_Ag -> target::max_delta_volume
max_delta_volume,fw_frac_Al,composition_known_framework,pre_dft_composition,L0,RULE_SAFE_DEFAULT,feature::fw_frac_Al -> target::max_delta_volume
max_delta_volume,fw_frac_As,composition_known_framework,pre_dft_composition,L0,RULE_SAFE_DEFAULT,feature::fw_frac_As -> target::max_delta_volume
max_delta_volume,fw_frac_B,composition_known_framework,pre_dft_composition,L0,RULE_SAFE_DEFAULT,feature::fw_frac_B -> target::max_delta_volume
max_delta_volume,fw_frac_Br,composition_known_framework,pre_dft_composition,L0,RULE_SAFE_DEFAULT,feature::fw_frac_Br -> target::max_delta_volume
max_delta_volume,fw_frac_C,composition_known_framework,pre_dft_composition,L0,RULE_SAFE_DEFAULT,feature::fw_frac_C -> target::max_delta_volume
max_delta_volume,fw_frac_Ca,composition_known_framework,pre_dft_composition,L0,RULE_SAFE_DEFAULT,feature::fw_frac_Ca -> target::max_delta_volume
max_delta_volume,fw_frac_Cl,composition_known_framework,pre_dft_composition,L0,RULE_SAFE_DEFAULT,feature::fw_frac_Cl -> target::max_delta_volume
max_delta_volume,fw_frac_Co,composition_known_framework,pre_dft_composition,L0,RULE_SAFE_DEFAULT,feature::fw_frac_Co -> target::max_delta_volume
max_delta_volume,fw_frac_Cr,composition_known_framework,pre_dft_composition,L0,RULE_SAFE_DEFAULT,feature::fw_frac_Cr -> target::max_delta_volume
max_delta_volume,fw_frac_Cu,composition_known_framework,pre_dft_composition,L0,RULE_SAFE_DEFAULT,feature::fw_frac_Cu -> target::max_delta_volume
max_delta_volume,fw_frac_F,composition_known_framework,pre_dft_composition,L0,RULE_SAFE_DEFAULT,feature::fw_frac_F -> target::max_delta_volume
max_delta_volume,fw_frac_Fe,composition_known_framework,pre_dft_composition,L0,RULE_SAFE_DEFAULT,feature::fw_frac_Fe -> target::max_delta_volume
max_delta_volume,fw_frac_I,composition_known_framework,pre_dft_composition,L0,RULE_SAFE_DEFAULT,feature::fw_frac_I -> target::max_delta_volume
max_delta_volume,fw_frac_K,composition_known_framework,pre_dft_composition,L0,RULE_SAFE_DEFAULT,feature::fw_frac_K -> target::max_delta_volume
max_delta_volume,fw_frac_Li,composition_known_framework,pre_dft_composition,L0,RULE_SAFE_DEFAULT,feature::fw_frac_Li -> target::max_delta_volume
max_delta_volume,fw_frac_Mg,composition_known_framework,pre_dft_composition,L0,RULE_SAFE_DEFAULT,feature::fw_frac_Mg -> target::max_delta_volume
max_delta_volume,fw_frac_Mn,composition_known_framework,pre_dft_composition,L0,RULE_SAFE_DEFAULT,feature::fw_frac_Mn -> target::max_delta_volume
max_delta_volume,fw_frac_N,composition_known_framework,pre_dft_composition,L0,RULE_SAFE_DEFAULT,feature::fw_frac_N -> target::max_delta_volume
max_delta_volume,fw_frac_Na,composition_known_framework,pre_dft_composition,L0,RULE_SAFE_DEFAULT,feature::fw_frac_Na -> target::max_delta_volume
max_delta_volume,fw_frac_Ni,composition_known_framework,pre_dft_composition,L0,RULE_SAFE_DEFAULT,feature::fw_frac_Ni -> target::max_delta_volume
max_delta_volume,fw_frac_O,composition_known_framework,pre_dft_composition,L0,RULE_SAFE_DEFAULT,feature::fw_frac_O -> target::max_delta_volume
max_delta_volume,fw_frac_P,composition_known_framework,pre_dft_composition,L0,RULE_SAFE_DEFAULT,feature::fw_frac_P -> target::max_delta_volume
max_delta_volume,fw_frac_S,composition_known_framework,pre_dft_composition,L0,RULE_SAFE_DEFAULT,feature::fw_frac_S -> target::max_delta_volume
max_delta_volume,fw_frac_Si,composition_known_framework,pre_dft_composition,L0,RULE_SAFE_DEFAULT,feature::fw_frac_Si -> target::max_delta_volume
max_delta_volume,fw_frac_Ti,composition_known_framework,pre_dft_composition,L0,RULE_SAFE_DEFAULT,feature::fw_frac_Ti -> target::max_delta_volume
max_delta_volume,fw_frac_V,composition_known_framework,pre_dft_composition,L0,RULE_SAFE_DEFAULT,feature::fw_frac_V -> target::max_delta_volume
max_delta_volume,fw_frac_Zn,composition_known_framework,pre_dft_composition,L0,RULE_SAFE_DEFAULT,feature::fw_frac_Zn -> target::max_delta_volume
max_delta_volume,fw_frac_transition_metals,composition_known_framework,pre_dft_composition,L0,RULE_SAFE_DEFAULT,feature::fw_frac_transition_metals -> target::max_delta_volume
max_delta_volume,fw_group_max,composition_known_framework,pre_dft_composition,L0,RULE_SAFE_DEFAULT,feature::fw_group_max -> target::max_delta_volume
max_delta_volume,fw_group_mean,composition_known_framework,pre_dft_composition,L0,RULE_SAFE_DEFAULT,feature::fw_group_mean -> target::max_delta_volume
max_delta_volume,fw_group_min,composition_known_framework,pre_dft_composition,L0,RULE_SAFE_DEFAULT,feature::fw_group_min -> target::max_delta_volume
max_delta_volume,fw_group_range,composition_known_framework,pre_dft_composition,L0,RULE_SAFE_DEFAULT,feature::fw_group_range -> target::max_delta_volume
max_delta_volume,fw_group_std,composition_known_framework,pre_dft_composition,L0,RULE_SAFE_DEFAULT,feature::fw_group_std -> target::max_delta_volume
max_delta_volume,fw_has_Br,composition_known_framework,pre_dft_composition,L0,RULE_SAFE_DEFAULT,feature::fw_has_Br -> target::max_delta_volume
max_delta_volume,fw_has_C,composition_known_framework,pre_dft_composition,L0,RULE_SAFE_DEFAULT,feature::fw_has_C -> target::max_delta_volume
max_delta_volume,fw_has_Cl,composition_known_framework,pre_dft_composition,L0,RULE_SAFE_DEFAULT,feature::fw_has_Cl -> target::max_delta_volume
max_delta_volume,fw_has_F,composition_known_framework,pre_dft_composition,L0,RULE_SAFE_DEFAULT,feature::fw_has_F -> target::max_delta_volume
max_delta_volume,fw_has_I,composition_known_framework,pre_dft_composition,L0,RULE_SAFE_DEFAULT,feature::fw_has_I -> target::max_delta_volume
max_delta_volume,fw_has_N,composition_known_framework,pre_dft_composition,L0,RULE_SAFE_DEFAULT,feature::fw_has_N -> target::max_delta_volume
max_delta_volume,fw_has_O,composition_known_framework,pre_dft_composition,L0,RULE_SAFE_DEFAULT,feature::fw_has_O -> target::max_delta_volume
max_delta_volume,fw_has_P,composition_known_framework,pre_dft_composition,L0,RULE_SAFE_DEFAULT,feature::fw_has_P -> target::max_delta_volume
max_delta_volume,fw_has_S,composition_known_framework,pre_dft_composition,L0,RULE_SAFE_DEFAULT,feature::fw_has_S -> target::max_delta_volume
max_delta_volume,fw_has_Si,composition_known_framework,pre_dft_composition,L0,RULE_SAFE_DEFAULT,feature::fw_has_Si -> target::max_delta_volume
max_delta_volume,fw_n_atoms,composition_known_framework,pre_dft_composition,L0,RULE_SAFE_DEFAULT,feature::fw_n_atoms -> target::max_delta_volume
max_delta_volume,fw_n_elements,composition_known_framework,pre_dft_composition,L0,RULE_SAFE_DEFAULT,feature::fw_n_elements -> target::max_delta_volume
max_delta_volume,fw_n_transition_metals,composition_known_framework,pre_dft_composition,L0,RULE_SAFE_DEFAULT,feature::fw_n_transition_metals -> target::max_delta_volume
max_delta_volume,fw_parse_ok,composition_known_framework,pre_dft_composition,L0,RULE_SAFE_DEFAULT,feature::fw_parse_ok -> target::max_delta_volume
max_delta_volume,fw_row_max,composition_known_framework,pre_dft_composition,L0,RULE_SAFE_DEFAULT,feature::fw_row_max -> target::max_delta_volume
max_delta_volume,fw_row_mean,composition_known_framework,pre_dft_composition,L0,RULE_SAFE_DEFAULT,feature::fw_row_mean -> target::max_delta_volume
max_delta_volume,fw_row_min,composition_known_framework,pre_dft_composition,L0,RULE_SAFE_DEFAULT,feature::fw_row_min -> target::max_delta_volume
max_delta_volume,fw_row_range,composition_known_framework,pre_dft_composition,L0,RULE_SAFE_DEFAULT,feature::fw_row_range -> target::max_delta_volume
max_delta_volume,fw_row_std,composition_known_framework,pre_dft_composition,L0,RULE_SAFE_DEFAULT,feature::fw_row_std -> target::max_delta_volume
max_delta_volume,max_delta_volume,stored_electrode_target,stored_electrode_record,L1,RULE_DIRECT_TARGET,feature::max_delta_volume -> target::max_delta_volume
max_delta_volume,max_voltage_step,stored_electrode_process_descriptor,stored_electrode_record,L0,RULE_SAFE_DEFAULT,feature::max_voltage_step -> target::max_delta_volume
max_delta_volume,num_steps,stored_electrode_process_descriptor,stored_electrode_record,L0,RULE_SAFE_DEFAULT,feature::num_steps -> target::max_delta_volume
max_delta_volume,stability_charge,stored_electrode_target,stored_electrode_record,L4,RULE_OTHER_STORED_TARGET,feature::stability_charge -> concept::stored_electrode_record -> target::max_delta_volume
max_delta_volume,stability_discharge,stored_electrode_target,stored_electrode_record,L4,RULE_OTHER_STORED_TARGET,feature::stability_discharge -> concept::stored_electrode_record -> target::max_delta_volume
max_delta_volume,stability_worst,stored_electrode_target,stored_electrode_record,L4,RULE_OTHER_STORED_TARGET,feature::stability_worst -> concept::stored_electrode_record -> target::max_delta_volume
max_delta_volume,stoich_abs_wi_amount_delta,stoichiometric_window,electrode_state_stoichiometry,L0,RULE_SAFE_DEFAULT,feature::stoich_abs_wi_amount_delta -> target::max_delta_volume
max_delta_volume,stoich_wi_amount_charge,stoichiometric_window,electrode_state_stoichiometry,L0,RULE_SAFE_DEFAULT,feature::stoich_wi_amount_charge -> target::max_delta_volume
max_delta_volume,stoich_wi_amount_delta,stoichiometric_window,electrode_state_stoichiometry,L0,RULE_SAFE_DEFAULT,feature::stoich_wi_amount_delta -> target::max_delta_volume
max_delta_volume,stoich_wi_amount_discharge,stoichiometric_window,electrode_state_stoichiometry,L0,RULE_SAFE_DEFAULT,feature::stoich_wi_amount_discharge -> target::max_delta_volume
max_delta_volume,stored_abs_fracA_delta,other_numeric,derived_miscellaneous,L0,RULE_SAFE_DEFAULT,feature::stored_abs_fracA_delta -> target::max_delta_volume
max_delta_volume,stored_fracA_delta,stoichiometric_window,electrode_state_stoichiometry,L0,RULE_SAFE_DEFAULT,feature::stored_fracA_delta -> target::max_delta_volume
max_delta_volume,summary_abs_delta_band_gap,post_dft_electronic_summary,post_dft_electronic,L4,RULE_POST_DFT_ELECTRONIC,feature::summary_abs_delta_band_gap -> concept::post_dft_record -> target::max_delta_volume
max_delta_volume,summary_abs_delta_density,relaxed_structure_summary,relaxed_structure,L2,RULE_VOLUME_CHANGE,feature::summary_abs_delta_density -> concept::volume_change_definition -> target::max_delta_volume
max_delta_volume,summary_abs_delta_density_atomic,relaxed_structure_summary,relaxed_structure,L2,RULE_VOLUME_CHANGE,feature::summary_abs_delta_density_atomic -> concept::volume_change_definition -> target::max_delta_volume
max_delta_volume,summary_abs_delta_energy_above_hull,post_dft_energy_stability_summary,post_dft_thermodynamics,L4,RULE_HULL_OTHER,feature::summary_abs_delta_energy_above_hull -> concept::post_dft_thermodynamics -> target::max_delta_volume
max_delta_volume,summary_abs_delta_formation_energy_per_atom,post_dft_energy_stability_summary,post_dft_thermodynamics,L4,RULE_POST_DFT_ENERGY_DEFAULT,feature::summary_abs_delta_formation_energy_per_atom -> concept::post_dft_thermodynamics -> target::max_delta_volume
max_delta_volume,summary_abs_delta_volume_fraction,relaxed_structure_summary,relaxed_structure,L2,RULE_VOLUME_CHANGE,feature::summary_abs_delta_volume_fraction -> concept::volume_change_definition -> target::max_delta_volume
max_delta_volume,summary_abs_delta_volume_per_site,relaxed_structure_summary,relaxed_structure,L2,RULE_VOLUME_CHANGE,feature::summary_abs_delta_volume_per_site -> concept::volume_change_definition -> target::max_delta_volume
max_delta_volume,summary_delta_band_gap,post_dft_electronic_summary,post_dft_electronic,L4,RULE_POST_DFT_ELECTRONIC,feature::summary_delta_band_gap -> concept::post_dft_record -> target::max_delta_volume
max_delta_volume,summary_delta_density,relaxed_structure_summary,relaxed_structure,L2,RULE_VOLUME_CHANGE,feature::summary_delta_density -> concept::volume_change_definition -> target::max_delta_volume
max_delta_volume,summary_delta_density_atomic,relaxed_structure_summary,relaxed_structure,L2,RULE_VOLUME_CHANGE,feature::summary_delta_density_atomic -> concept::volume_change_definition -> target::max_delta_volume
max_delta_volume,summary_delta_energy_above_hull,post_dft_energy_stability_summary,post_dft_thermodynamics,L4,RULE_HULL_OTHER,feature::summary_delta_energy_above_hull -> concept::post_dft_thermodynamics -> target::max_delta_volume
max_delta_volume,summary_delta_formation_energy_per_atom,post_dft_energy_stability_summary,post_dft_thermodynamics,L4,RULE_POST_DFT_ENERGY_DEFAULT,feature::summary_delta_formation_energy_per_atom -> concept::post_dft_thermodynamics -> target::max_delta_volume
max_delta_volume,summary_delta_volume_fraction,relaxed_structure_summary,relaxed_structure,L2,RULE_VOLUME_CHANGE,feature::summary_delta_volume_fraction -> concept::volume_change_definition -> target::max_delta_volume
max_delta_volume,summary_delta_volume_per_site,relaxed_structure_summary,relaxed_structure,L2,RULE_VOLUME_CHANGE,feature::summary_delta_volume_per_site -> concept::volume_change_definition -> target::max_delta_volume
max_delta_volume,summary_worst_energy_above_hull,post_dft_energy_stability_summary,post_dft_thermodynamics,L4,RULE_HULL_OTHER,feature::summary_worst_energy_above_hull -> concept::post_dft_thermodynamics -> target::max_delta_volume
max_delta_volume,wi_X,composition_known_working_ion,pre_dft_composition,L0,RULE_SAFE_DEFAULT,feature::wi_X -> target::max_delta_volume
max_delta_volume,wi_Z,composition_known_working_ion,pre_dft_composition,L0,RULE_SAFE_DEFAULT,feature::wi_Z -> target::max_delta_volume
max_delta_volume,wi_atomic_mass,composition_known_working_ion,pre_dft_composition,L0,RULE_SAFE_DEFAULT,feature::wi_atomic_mass -> target::max_delta_volume
max_delta_volume,wi_group,composition_known_working_ion,pre_dft_composition,L0,RULE_SAFE_DEFAULT,feature::wi_group -> target::max_delta_volume
max_delta_volume,wi_is_K,domain_label_onehot,validation_only,L5,RULE_DOMAIN_LABEL,feature::wi_is_K -> concept::validation_domain -> target::max_delta_volume
max_delta_volume,wi_is_Li,domain_label_onehot,validation_only,L5,RULE_DOMAIN_LABEL,feature::wi_is_Li -> concept::validation_domain -> target::max_delta_volume
max_delta_volume,wi_is_Na,domain_label_onehot,validation_only,L5,RULE_DOMAIN_LABEL,feature::wi_is_Na -> concept::validation_domain -> target::max_delta_volume
max_delta_volume,wi_row,composition_known_working_ion,pre_dft_composition,L0,RULE_SAFE_DEFAULT,feature::wi_row -> target::max_delta_volume
stability_charge,average_voltage,stored_electrode_target,stored_electrode_record,L4,RULE_OTHER_STORED_TARGET,feature::average_voltage -> concept::stored_electrode_record -> target::stability_charge
stability_charge,capacity_grav,stored_electrode_target,stored_electrode_record,L4,RULE_OTHER_STORED_TARGET,feature::capacity_grav -> concept::stored_electrode_record -> target::stability_charge
stability_charge,capacity_vol,stored_electrode_target,stored_electrode_record,L4,RULE_OTHER_STORED_TARGET,feature::capacity_vol -> concept::stored_electrode_record -> target::stability_charge
stability_charge,charge_formula_X_max,stoichiometric_window,electrode_state_stoichiometry,L0,RULE_SAFE_DEFAULT,feature::charge_formula_X_max -> target::stability_charge
stability_charge,charge_formula_X_mean,stoichiometric_window,electrode_state_stoichiometry,L0,RULE_SAFE_DEFAULT,feature::charge_formula_X_mean -> target::stability_charge
stability_charge,charge_formula_X_min,stoichiometric_window,electrode_state_stoichiometry,L0,RULE_SAFE_DEFAULT,feature::charge_formula_X_min -> target::stability_charge
stability_charge,charge_formula_X_range,stoichiometric_window,electrode_state_stoichiometry,L0,RULE_SAFE_DEFAULT,feature::charge_formula_X_range -> target::stability_charge
stability_charge,charge_formula_X_std,stoichiometric_window,electrode_state_stoichiometry,L0,RULE_SAFE_DEFAULT,feature::charge_formula_X_std -> target::stability_charge
stability_charge,charge_formula_Z_max,stoichiometric_window,electrode_state_stoichiometry,L0,RULE_SAFE_DEFAULT,feature::charge_formula_Z_max -> target::stability_charge
stability_charge,charge_formula_Z_mean,stoichiometric_window,electrode_state_stoichiometry,L0,RULE_SAFE_DEFAULT,feature::charge_formula_Z_mean -> target::stability_charge
stability_charge,charge_formula_Z_min,stoichiometric_window,electrode_state_stoichiometry,L0,RULE_SAFE_DEFAULT,feature::charge_formula_Z_min -> target::stability_charge
stability_charge,charge_formula_Z_range,stoichiometric_window,electrode_state_stoichiometry,L0,RULE_SAFE_DEFAULT,feature::charge_formula_Z_range -> target::stability_charge
stability_charge,charge_formula_Z_std,stoichiometric_window,electrode_state_stoichiometry,L0,RULE_SAFE_DEFAULT,feature::charge_formula_Z_std -> target::stability_charge
stability_charge,charge_formula_atomic_mass_max,stoichiometric_window,electrode_state_stoichiometry,L0,RULE_SAFE_DEFAULT,feature::charge_formula_atomic_mass_max -> target::stability_charge
stability_charge,charge_formula_atomic_mass_mean,stoichiometric_window,electrode_state_stoichiometry,L0,RULE_SAFE_DEFAULT,feature::charge_formula_atomic_mass_mean -> target::stability_charge
stability_charge,charge_formula_atomic_mass_min,stoichiometric_window,electrode_state_stoichiometry,L0,RULE_SAFE_DEFAULT,feature::charge_formula_atomic_mass_min -> target::stability_charge
stability_charge,charge_formula_atomic_mass_range,stoichiometric_window,electrode_state_stoichiometry,L0,RULE_SAFE_DEFAULT,feature::charge_formula_atomic_mass_range -> target::stability_charge
stability_charge,charge_formula_atomic_mass_std,stoichiometric_window,electrode_state_stoichiometry,L0,RULE_SAFE_DEFAULT,feature::charge_formula_atomic_mass_std -> target::stability_charge
stability_charge,charge_formula_frac_Ag,stoichiometric_window,electrode_state_stoichiometry,L0,RULE_SAFE_DEFAULT,feature::charge_formula_frac_Ag -> target::stability_charge
stability_charge,charge_formula_frac_Al,stoichiometric_window,electrode_state_stoichiometry,L0,RULE_SAFE_DEFAULT,feature::charge_formula_frac_Al -> target::stability_charge
stability_charge,charge_formula_frac_As,stoichiometric_window,electrode_state_stoichiometry,L0,RULE_SAFE_DEFAULT,feature::charge_formula_frac_As -> target::stability_charge
stability_charge,charge_formula_frac_B,stoichiometric_window,electrode_state_stoichiometry,L0,RULE_SAFE_DEFAULT,feature::charge_formula_frac_B -> target::stability_charge
stability_charge,charge_formula_frac_Br,stoichiometric_window,electrode_state_stoichiometry,L0,RULE_SAFE_DEFAULT,feature::charge_formula_frac_Br -> target::stability_charge
stability_charge,charge_formula_frac_C,stoichiometric_window,electrode_state_stoichiometry,L0,RULE_SAFE_DEFAULT,feature::charge_formula_frac_C -> target::stability_charge
stability_charge,charge_formula_frac_Ca,stoichiometric_window,electrode_state_stoichiometry,L0,RULE_SAFE_DEFAULT,feature::charge_formula_frac_Ca -> target::stability_charge
stability_charge,charge_formula_frac_Cl,stoichiometric_window,electrode_state_stoichiometry,L0,RULE_SAFE_DEFAULT,feature::charge_formula_frac_Cl -> target::stability_charge
stability_charge,charge_formula_frac_Co,stoichiometric_window,electrode_state_stoichiometry,L0,RULE_SAFE_DEFAULT,feature::charge_formula_frac_Co -> target::stability_charge
stability_charge,charge_formula_frac_Cr,stoichiometric_window,electrode_state_stoichiometry,L0,RULE_SAFE_DEFAULT,feature::charge_formula_frac_Cr -> target::stability_charge
stability_charge,charge_formula_frac_Cu,stoichiometric_window,electrode_state_stoichiometry,L0,RULE_SAFE_DEFAULT,feature::charge_formula_frac_Cu -> target::stability_charge
stability_charge,charge_formula_frac_F,stoichiometric_window,electrode_state_stoichiometry,L0,RULE_SAFE_DEFAULT,feature::charge_formula_frac_F -> target::stability_charge
stability_charge,charge_formula_frac_Fe,stoichiometric_window,electrode_state_stoichiometry,L0,RULE_SAFE_DEFAULT,feature::charge_formula_frac_Fe -> target::stability_charge
stability_charge,charge_formula_frac_I,stoichiometric_window,electrode_state_stoichiometry,L0,RULE_SAFE_DEFAULT,feature::charge_formula_frac_I -> target::stability_charge
stability_charge,charge_formula_frac_K,stoichiometric_window,electrode_state_stoichiometry,L0,RULE_SAFE_DEFAULT,feature::charge_formula_frac_K -> target::stability_charge
stability_charge,charge_formula_frac_Li,stoichiometric_window,electrode_state_stoichiometry,L0,RULE_SAFE_DEFAULT,feature::charge_formula_frac_Li -> target::stability_charge
stability_charge,charge_formula_frac_Mg,stoichiometric_window,electrode_state_stoichiometry,L0,RULE_SAFE_DEFAULT,feature::charge_formula_frac_Mg -> target::stability_charge
stability_charge,charge_formula_frac_Mn,stoichiometric_window,electrode_state_stoichiometry,L0,RULE_SAFE_DEFAULT,feature::charge_formula_frac_Mn -> target::stability_charge
stability_charge,charge_formula_frac_N,stoichiometric_window,electrode_state_stoichiometry,L0,RULE_SAFE_DEFAULT,feature::charge_formula_frac_N -> target::stability_charge
stability_charge,charge_formula_frac_Na,stoichiometric_window,electrode_state_stoichiometry,L0,RULE_SAFE_DEFAULT,feature::charge_formula_frac_Na -> target::stability_charge
stability_charge,charge_formula_frac_Ni,stoichiometric_window,electrode_state_stoichiometry,L0,RULE_SAFE_DEFAULT,feature::charge_formula_frac_Ni -> target::stability_charge
stability_charge,charge_formula_frac_O,stoichiometric_window,electrode_state_stoichiometry,L0,RULE_SAFE_DEFAULT,feature::charge_formula_frac_O -> target::stability_charge
stability_charge,charge_formula_frac_P,stoichiometric_window,electrode_state_stoichiometry,L0,RULE_SAFE_DEFAULT,feature::charge_formula_frac_P -> target::stability_charge
stability_charge,charge_formula_frac_S,stoichiometric_window,electrode_state_stoichiometry,L0,RULE_SAFE_DEFAULT,feature::charge_formula_frac_S -> target::stability_charge
stability_charge,charge_formula_frac_Si,stoichiometric_window,electrode_state_stoichiometry,L0,RULE_SAFE_DEFAULT,feature::charge_formula_frac_Si -> target::stability_charge
stability_charge,charge_formula_frac_Ti,stoichiometric_window,electrode_state_stoichiometry,L0,RULE_SAFE_DEFAULT,feature::charge_formula_frac_Ti -> target::stability_charge
stability_charge,charge_formula_frac_V,stoichiometric_window,electrode_state_stoichiometry,L0,RULE_SAFE_DEFAULT,feature::charge_formula_frac_V -> target::stability_charge
stability_charge,charge_formula_frac_Zn,stoichiometric_window,electrode_state_stoichiometry,L0,RULE_SAFE_DEFAULT,feature::charge_formula_frac_Zn -> target::stability_charge
stability_charge,charge_formula_frac_transition_metals,stoichiometric_window,electrode_state_stoichiometry,L0,RULE_SAFE_DEFAULT,feature::charge_formula_frac_transition_metals -> target::stability_charge
stability_charge,charge_formula_group_max,stoichiometric_window,electrode_state_stoichiometry,L0,RULE_SAFE_DEFAULT,feature::charge_formula_group_max -> target::stability_charge
stability_charge,charge_formula_group_mean,stoichiometric_window,electrode_state_stoichiometry,L0,RULE_SAFE_DEFAULT,feature::charge_formula_group_mean -> target::stability_charge
stability_charge,charge_formula_group_min,stoichiometric_window,electrode_state_stoichiometry,L0,RULE_SAFE_DEFAULT,feature::charge_formula_group_min -> target::stability_charge
stability_charge,charge_formula_group_range,stoichiometric_window,electrode_state_stoichiometry,L0,RULE_SAFE_DEFAULT,feature::charge_formula_group_range -> target::stability_charge
stability_charge,charge_formula_group_std,stoichiometric_window,electrode_state_stoichiometry,L0,RULE_SAFE_DEFAULT,feature::charge_formula_group_std -> target::stability_charge
stability_charge,charge_formula_has_Br,stoichiometric_window,electrode_state_stoichiometry,L0,RULE_SAFE_DEFAULT,feature::charge_formula_has_Br -> target::stability_charge
stability_charge,charge_formula_has_C,stoichiometric_window,electrode_state_stoichiometry,L0,RULE_SAFE_DEFAULT,feature::charge_formula_has_C -> target::stability_charge
stability_charge,charge_formula_has_Cl,stoichiometric_window,electrode_state_stoichiometry,L0,RULE_SAFE_DEFAULT,feature::charge_formula_has_Cl -> target::stability_charge
stability_charge,charge_formula_has_F,stoichiometric_window,electrode_state_stoichiometry,L0,RULE_SAFE_DEFAULT,feature::charge_formula_has_F -> target::stability_charge
stability_charge,charge_formula_has_I,stoichiometric_window,electrode_state_stoichiometry,L0,RULE_SAFE_DEFAULT,feature::charge_formula_has_I -> target::stability_charge
stability_charge,charge_formula_has_N,stoichiometric_window,electrode_state_stoichiometry,L0,RULE_SAFE_DEFAULT,feature::charge_formula_has_N -> target::stability_charge
stability_charge,charge_formula_has_O,stoichiometric_window,electrode_state_stoichiometry,L0,RULE_SAFE_DEFAULT,feature::charge_formula_has_O -> target::stability_charge
stability_charge,charge_formula_has_P,stoichiometric_window,electrode_state_stoichiometry,L0,RULE_SAFE_DEFAULT,feature::charge_formula_has_P -> target::stability_charge
stability_charge,charge_formula_has_S,stoichiometric_window,electrode_state_stoichiometry,L0,RULE_SAFE_DEFAULT,feature::charge_formula_has_S -> target::stability_charge
stability_charge,charge_formula_has_Si,stoichiometric_window,electrode_state_stoichiometry,L0,RULE_SAFE_DEFAULT,feature::charge_formula_has_Si -> target::stability_charge
stability_charge,charge_formula_n_atoms,stoichiometric_window,electrode_state_stoichiometry,L0,RULE_SAFE_DEFAULT,feature::charge_formula_n_atoms -> target::stability_charge
stability_charge,charge_formula_n_elements,stoichiometric_window,electrode_state_stoichiometry,L0,RULE_SAFE_DEFAULT,feature::charge_formula_n_elements -> target::stability_charge
stability_charge,charge_formula_n_transition_metals,stoichiometric_window,electrode_state_stoichiometry,L0,RULE_SAFE_DEFAULT,feature::charge_formula_n_transition_metals -> target::stability_charge
stability_charge,charge_formula_parse_ok,stoichiometric_window,electrode_state_stoichiometry,L0,RULE_SAFE_DEFAULT,feature::charge_formula_parse_ok -> target::stability_charge
stability_charge,charge_formula_row_max,stoichiometric_window,electrode_state_stoichiometry,L0,RULE_SAFE_DEFAULT,feature::charge_formula_row_max -> target::stability_charge
stability_charge,charge_formula_row_mean,stoichiometric_window,electrode_state_stoichiometry,L0,RULE_SAFE_DEFAULT,feature::charge_formula_row_mean -> target::stability_charge
stability_charge,charge_formula_row_min,stoichiometric_window,electrode_state_stoichiometry,L0,RULE_SAFE_DEFAULT,feature::charge_formula_row_min -> target::stability_charge
stability_charge,charge_formula_row_range,stoichiometric_window,electrode_state_stoichiometry,L0,RULE_SAFE_DEFAULT,feature::charge_formula_row_range -> target::stability_charge
stability_charge,charge_formula_row_std,stoichiometric_window,electrode_state_stoichiometry,L0,RULE_SAFE_DEFAULT,feature::charge_formula_row_std -> target::stability_charge
stability_charge,charge_summary_band_gap,post_dft_electronic_summary,post_dft_electronic,L4,RULE_POST_DFT_ELECTRONIC,feature::charge_summary_band_gap -> concept::post_dft_record -> target::stability_charge
stability_charge,charge_summary_density,relaxed_structure_summary,relaxed_structure,L0,RULE_SAFE_STRUCTURE,feature::charge_summary_density -> target::stability_charge
stability_charge,charge_summary_density_atomic,relaxed_structure_summary,relaxed_structure,L0,RULE_SAFE_STRUCTURE,feature::charge_summary_density_atomic -> target::stability_charge
stability_charge,charge_summary_energy_above_hull,post_dft_energy_stability_summary,post_dft_thermodynamics,L2,RULE_HULL_STABILITY,feature::charge_summary_energy_above_hull -> concept::hull_stability -> target::stability_charge
stability_charge,charge_summary_formation_energy_per_atom,post_dft_energy_stability_summary,post_dft_thermodynamics,L4,RULE_FORMATION_ENERGY_STABILITY,feature::charge_summary_formation_energy_per_atom -> concept::post_dft_thermodynamics -> target::stability_charge
stability_charge,charge_summary_is_metal,post_dft_electronic_summary,post_dft_electronic,L4,RULE_POST_DFT_ELECTRONIC,feature::charge_summary_is_metal -> concept::post_dft_record -> target::stability_charge
stability_charge,charge_summary_is_stable,post_dft_energy_stability_summary,post_dft_thermodynamics,L2,RULE_HULL_STABILITY,feature::charge_summary_is_stable -> concept::hull_stability -> target::stability_charge
stability_charge,charge_summary_nsites,relaxed_structure_summary,relaxed_structure,L0,RULE_SAFE_STRUCTURE,feature::charge_summary_nsites -> target::stability_charge
stability_charge,charge_summary_symmetry_number,relaxed_structure_summary,relaxed_structure,L0,RULE_SAFE_STRUCTURE,feature::charge_summary_symmetry_number -> target::stability_charge
stability_charge,charge_summary_theoretical,post_dft_provenance_flag,post_dft_provenance,L4,RULE_POST_DFT_PROVENANCE,feature::charge_summary_theoretical -> concept::post_dft_record -> target::stability_charge
stability_charge,charge_summary_volume,relaxed_structure_summary,relaxed_structure,L0,RULE_SAFE_STRUCTURE,feature::charge_summary_volume -> target::stability_charge
stability_charge,charge_summary_volume_per_site,relaxed_structure_summary,relaxed_structure,L0,RULE_SAFE_STRUCTURE,feature::charge_summary_volume_per_site -> target::stability_charge
stability_charge,discharge_formula_X_max,stoichiometric_window,electrode_state_stoichiometry,L0,RULE_SAFE_DEFAULT,feature::discharge_formula_X_max -> target::stability_charge
stability_charge,discharge_formula_X_mean,stoichiometric_window,electrode_state_stoichiometry,L0,RULE_SAFE_DEFAULT,feature::discharge_formula_X_mean -> target::stability_charge
stability_charge,discharge_formula_X_min,stoichiometric_window,electrode_state_stoichiometry,L0,RULE_SAFE_DEFAULT,feature::discharge_formula_X_min -> target::stability_charge
stability_charge,discharge_formula_X_range,stoichiometric_window,electrode_state_stoichiometry,L0,RULE_SAFE_DEFAULT,feature::discharge_formula_X_range -> target::stability_charge
stability_charge,discharge_formula_X_std,stoichiometric_window,electrode_state_stoichiometry,L0,RULE_SAFE_DEFAULT,feature::discharge_formula_X_std -> target::stability_charge
stability_charge,discharge_formula_Z_max,stoichiometric_window,electrode_state_stoichiometry,L0,RULE_SAFE_DEFAULT,feature::discharge_formula_Z_max -> target::stability_charge
stability_charge,discharge_formula_Z_mean,stoichiometric_window,electrode_state_stoichiometry,L0,RULE_SAFE_DEFAULT,feature::discharge_formula_Z_mean -> target::stability_charge
stability_charge,discharge_formula_Z_min,stoichiometric_window,electrode_state_stoichiometry,L0,RULE_SAFE_DEFAULT,feature::discharge_formula_Z_min -> target::stability_charge
stability_charge,discharge_formula_Z_range,stoichiometric_window,electrode_state_stoichiometry,L0,RULE_SAFE_DEFAULT,feature::discharge_formula_Z_range -> target::stability_charge
stability_charge,discharge_formula_Z_std,stoichiometric_window,electrode_state_stoichiometry,L0,RULE_SAFE_DEFAULT,feature::discharge_formula_Z_std -> target::stability_charge
stability_charge,discharge_formula_atomic_mass_max,stoichiometric_window,electrode_state_stoichiometry,L0,RULE_SAFE_DEFAULT,feature::discharge_formula_atomic_mass_max -> target::stability_charge
stability_charge,discharge_formula_atomic_mass_mean,stoichiometric_window,electrode_state_stoichiometry,L0,RULE_SAFE_DEFAULT,feature::discharge_formula_atomic_mass_mean -> target::stability_charge
stability_charge,discharge_formula_atomic_mass_min,stoichiometric_window,electrode_state_stoichiometry,L0,RULE_SAFE_DEFAULT,feature::discharge_formula_atomic_mass_min -> target::stability_charge
stability_charge,discharge_formula_atomic_mass_range,stoichiometric_window,electrode_state_stoichiometry,L0,RULE_SAFE_DEFAULT,feature::discharge_formula_atomic_mass_range -> target::stability_charge
stability_charge,discharge_formula_atomic_mass_std,stoichiometric_window,electrode_state_stoichiometry,L0,RULE_SAFE_DEFAULT,feature::discharge_formula_atomic_mass_std -> target::stability_charge
stability_charge,discharge_formula_frac_Ag,stoichiometric_window,electrode_state_stoichiometry,L0,RULE_SAFE_DEFAULT,feature::discharge_formula_frac_Ag -> target::stability_charge
stability_charge,discharge_formula_frac_Al,stoichiometric_window,electrode_state_stoichiometry,L0,RULE_SAFE_DEFAULT,feature::discharge_formula_frac_Al -> target::stability_charge
stability_charge,discharge_formula_frac_As,stoichiometric_window,electrode_state_stoichiometry,L0,RULE_SAFE_DEFAULT,feature::discharge_formula_frac_As -> target::stability_charge
stability_charge,discharge_formula_frac_B,stoichiometric_window,electrode_state_stoichiometry,L0,RULE_SAFE_DEFAULT,feature::discharge_formula_frac_B -> target::stability_charge
stability_charge,discharge_formula_frac_Br,stoichiometric_window,electrode_state_stoichiometry,L0,RULE_SAFE_DEFAULT,feature::discharge_formula_frac_Br -> target::stability_charge
stability_charge,discharge_formula_frac_C,stoichiometric_window,electrode_state_stoichiometry,L0,RULE_SAFE_DEFAULT,feature::discharge_formula_frac_C -> target::stability_charge
stability_charge,discharge_formula_frac_Ca,stoichiometric_window,electrode_state_stoichiometry,L0,RULE_SAFE_DEFAULT,feature::discharge_formula_frac_Ca -> target::stability_charge
stability_charge,discharge_formula_frac_Cl,stoichiometric_window,electrode_state_stoichiometry,L0,RULE_SAFE_DEFAULT,feature::discharge_formula_frac_Cl -> target::stability_charge
stability_charge,discharge_formula_frac_Co,stoichiometric_window,electrode_state_stoichiometry,L0,RULE_SAFE_DEFAULT,feature::discharge_formula_frac_Co -> target::stability_charge
stability_charge,discharge_formula_frac_Cr,stoichiometric_window,electrode_state_stoichiometry,L0,RULE_SAFE_DEFAULT,feature::discharge_formula_frac_Cr -> target::stability_charge
stability_charge,discharge_formula_frac_Cu,stoichiometric_window,electrode_state_stoichiometry,L0,RULE_SAFE_DEFAULT,feature::discharge_formula_frac_Cu -> target::stability_charge
stability_charge,discharge_formula_frac_F,stoichiometric_window,electrode_state_stoichiometry,L0,RULE_SAFE_DEFAULT,feature::discharge_formula_frac_F -> target::stability_charge
stability_charge,discharge_formula_frac_Fe,stoichiometric_window,electrode_state_stoichiometry,L0,RULE_SAFE_DEFAULT,feature::discharge_formula_frac_Fe -> target::stability_charge
stability_charge,discharge_formula_frac_I,stoichiometric_window,electrode_state_stoichiometry,L0,RULE_SAFE_DEFAULT,feature::discharge_formula_frac_I -> target::stability_charge
stability_charge,discharge_formula_frac_K,stoichiometric_window,electrode_state_stoichiometry,L0,RULE_SAFE_DEFAULT,feature::discharge_formula_frac_K -> target::stability_charge
stability_charge,discharge_formula_frac_Li,stoichiometric_window,electrode_state_stoichiometry,L0,RULE_SAFE_DEFAULT,feature::discharge_formula_frac_Li -> target::stability_charge
stability_charge,discharge_formula_frac_Mg,stoichiometric_window,electrode_state_stoichiometry,L0,RULE_SAFE_DEFAULT,feature::discharge_formula_frac_Mg -> target::stability_charge
stability_charge,discharge_formula_frac_Mn,stoichiometric_window,electrode_state_stoichiometry,L0,RULE_SAFE_DEFAULT,feature::discharge_formula_frac_Mn -> target::stability_charge
stability_charge,discharge_formula_frac_N,stoichiometric_window,electrode_state_stoichiometry,L0,RULE_SAFE_DEFAULT,feature::discharge_formula_frac_N -> target::stability_charge
stability_charge,discharge_formula_frac_Na,stoichiometric_window,electrode_state_stoichiometry,L0,RULE_SAFE_DEFAULT,feature::discharge_formula_frac_Na -> target::stability_charge
stability_charge,discharge_formula_frac_Ni,stoichiometric_window,electrode_state_stoichiometry,L0,RULE_SAFE_DEFAULT,feature::discharge_formula_frac_Ni -> target::stability_charge
stability_charge,discharge_formula_frac_O,stoichiometric_window,electrode_state_stoichiometry,L0,RULE_SAFE_DEFAULT,feature::discharge_formula_frac_O -> target::stability_charge
stability_charge,discharge_formula_frac_P,stoichiometric_window,electrode_state_stoichiometry,L0,RULE_SAFE_DEFAULT,feature::discharge_formula_frac_P -> target::stability_charge
stability_charge,discharge_formula_frac_S,stoichiometric_window,electrode_state_stoichiometry,L0,RULE_SAFE_DEFAULT,feature::discharge_formula_frac_S -> target::stability_charge
stability_charge,discharge_formula_frac_Si,stoichiometric_window,electrode_state_stoichiometry,L0,RULE_SAFE_DEFAULT,feature::discharge_formula_frac_Si -> target::stability_charge
stability_charge,discharge_formula_frac_Ti,stoichiometric_window,electrode_state_stoichiometry,L0,RULE_SAFE_DEFAULT,feature::discharge_formula_frac_Ti -> target::stability_charge
stability_charge,discharge_formula_frac_V,stoichiometric_window,electrode_state_stoichiometry,L0,RULE_SAFE_DEFAULT,feature::discharge_formula_frac_V -> target::stability_charge
stability_charge,discharge_formula_frac_Zn,stoichiometric_window,electrode_state_stoichiometry,L0,RULE_SAFE_DEFAULT,feature::discharge_formula_frac_Zn -> target::stability_charge
stability_charge,discharge_formula_frac_transition_metals,stoichiometric_window,electrode_state_stoichiometry,L0,RULE_SAFE_DEFAULT,feature::discharge_formula_frac_transition_metals -> target::stability_charge
stability_charge,discharge_formula_group_max,stoichiometric_window,electrode_state_stoichiometry,L0,RULE_SAFE_DEFAULT,feature::discharge_formula_group_max -> target::stability_charge
stability_charge,discharge_formula_group_mean,stoichiometric_window,electrode_state_stoichiometry,L0,RULE_SAFE_DEFAULT,feature::discharge_formula_group_mean -> target::stability_charge
stability_charge,discharge_formula_group_min,stoichiometric_window,electrode_state_stoichiometry,L0,RULE_SAFE_DEFAULT,feature::discharge_formula_group_min -> target::stability_charge
stability_charge,discharge_formula_group_range,stoichiometric_window,electrode_state_stoichiometry,L0,RULE_SAFE_DEFAULT,feature::discharge_formula_group_range -> target::stability_charge
stability_charge,discharge_formula_group_std,stoichiometric_window,electrode_state_stoichiometry,L0,RULE_SAFE_DEFAULT,feature::discharge_formula_group_std -> target::stability_charge
stability_charge,discharge_formula_has_Br,stoichiometric_window,electrode_state_stoichiometry,L0,RULE_SAFE_DEFAULT,feature::discharge_formula_has_Br -> target::stability_charge
stability_charge,discharge_formula_has_C,stoichiometric_window,electrode_state_stoichiometry,L0,RULE_SAFE_DEFAULT,feature::discharge_formula_has_C -> target::stability_charge
stability_charge,discharge_formula_has_Cl,stoichiometric_window,electrode_state_stoichiometry,L0,RULE_SAFE_DEFAULT,feature::discharge_formula_has_Cl -> target::stability_charge
stability_charge,discharge_formula_has_F,stoichiometric_window,electrode_state_stoichiometry,L0,RULE_SAFE_DEFAULT,feature::discharge_formula_has_F -> target::stability_charge
stability_charge,discharge_formula_has_I,stoichiometric_window,electrode_state_stoichiometry,L0,RULE_SAFE_DEFAULT,feature::discharge_formula_has_I -> target::stability_charge
stability_charge,discharge_formula_has_N,stoichiometric_window,electrode_state_stoichiometry,L0,RULE_SAFE_DEFAULT,feature::discharge_formula_has_N -> target::stability_charge
stability_charge,discharge_formula_has_O,stoichiometric_window,electrode_state_stoichiometry,L0,RULE_SAFE_DEFAULT,feature::discharge_formula_has_O -> target::stability_charge
stability_charge,discharge_formula_has_P,stoichiometric_window,electrode_state_stoichiometry,L0,RULE_SAFE_DEFAULT,feature::discharge_formula_has_P -> target::stability_charge
stability_charge,discharge_formula_has_S,stoichiometric_window,electrode_state_stoichiometry,L0,RULE_SAFE_DEFAULT,feature::discharge_formula_has_S -> target::stability_charge
stability_charge,discharge_formula_has_Si,stoichiometric_window,electrode_state_stoichiometry,L0,RULE_SAFE_DEFAULT,feature::discharge_formula_has_Si -> target::stability_charge
stability_charge,discharge_formula_n_atoms,stoichiometric_window,electrode_state_stoichiometry,L0,RULE_SAFE_DEFAULT,feature::discharge_formula_n_atoms -> target::stability_charge
stability_charge,discharge_formula_n_elements,stoichiometric_window,electrode_state_stoichiometry,L0,RULE_SAFE_DEFAULT,feature::discharge_formula_n_elements -> target::stability_charge
stability_charge,discharge_formula_n_transition_metals,stoichiometric_window,electrode_state_stoichiometry,L0,RULE_SAFE_DEFAULT,feature::discharge_formula_n_transition_metals -> target::stability_charge
stability_charge,discharge_formula_parse_ok,stoichiometric_window,electrode_state_stoichiometry,L0,RULE_SAFE_DEFAULT,feature::discharge_formula_parse_ok -> target::stability_charge
stability_charge,discharge_formula_row_max,stoichiometric_window,electrode_state_stoichiometry,L0,RULE_SAFE_DEFAULT,feature::discharge_formula_row_max -> target::stability_charge
stability_charge,discharge_formula_row_mean,stoichiometric_window,electrode_state_stoichiometry,L0,RULE_SAFE_DEFAULT,feature::discharge_formula_row_mean -> target::stability_charge
stability_charge,discharge_formula_row_min,stoichiometric_window,electrode_state_stoichiometry,L0,RULE_SAFE_DEFAULT,feature::discharge_formula_row_min -> target::stability_charge
stability_charge,discharge_formula_row_range,stoichiometric_window,electrode_state_stoichiometry,L0,RULE_SAFE_DEFAULT,feature::discharge_formula_row_range -> target::stability_charge
stability_charge,discharge_formula_row_std,stoichiometric_window,electrode_state_stoichiometry,L0,RULE_SAFE_DEFAULT,feature::discharge_formula_row_std -> target::stability_charge
stability_charge,discharge_summary_band_gap,post_dft_electronic_summary,post_dft_electronic,L4,RULE_POST_DFT_ELECTRONIC,feature::discharge_summary_band_gap -> concept::post_dft_record -> target::stability_charge
stability_charge,discharge_summary_density,relaxed_structure_summary,relaxed_structure,L0,RULE_SAFE_STRUCTURE,feature::discharge_summary_density -> target::stability_charge
stability_charge,discharge_summary_density_atomic,relaxed_structure_summary,relaxed_structure,L0,RULE_SAFE_STRUCTURE,feature::discharge_summary_density_atomic -> target::stability_charge
stability_charge,discharge_summary_energy_above_hull,post_dft_energy_stability_summary,post_dft_thermodynamics,L2,RULE_HULL_STABILITY,feature::discharge_summary_energy_above_hull -> concept::hull_stability -> target::stability_charge
stability_charge,discharge_summary_formation_energy_per_atom,post_dft_energy_stability_summary,post_dft_thermodynamics,L4,RULE_FORMATION_ENERGY_STABILITY,feature::discharge_summary_formation_energy_per_atom -> concept::post_dft_thermodynamics -> target::stability_charge
stability_charge,discharge_summary_is_metal,post_dft_electronic_summary,post_dft_electronic,L4,RULE_POST_DFT_ELECTRONIC,feature::discharge_summary_is_metal -> concept::post_dft_record -> target::stability_charge
stability_charge,discharge_summary_is_stable,post_dft_energy_stability_summary,post_dft_thermodynamics,L2,RULE_HULL_STABILITY,feature::discharge_summary_is_stable -> concept::hull_stability -> target::stability_charge
stability_charge,discharge_summary_nsites,relaxed_structure_summary,relaxed_structure,L0,RULE_SAFE_STRUCTURE,feature::discharge_summary_nsites -> target::stability_charge
stability_charge,discharge_summary_symmetry_number,relaxed_structure_summary,relaxed_structure,L0,RULE_SAFE_STRUCTURE,feature::discharge_summary_symmetry_number -> target::stability_charge
stability_charge,discharge_summary_theoretical,post_dft_provenance_flag,post_dft_provenance,L4,RULE_POST_DFT_PROVENANCE,feature::discharge_summary_theoretical -> concept::post_dft_record -> target::stability_charge
stability_charge,discharge_summary_volume,relaxed_structure_summary,relaxed_structure,L0,RULE_SAFE_STRUCTURE,feature::discharge_summary_volume -> target::stability_charge
stability_charge,discharge_summary_volume_per_site,relaxed_structure_summary,relaxed_structure,L0,RULE_SAFE_STRUCTURE,feature::discharge_summary_volume_per_site -> target::stability_charge
stability_charge,energy_grav,stored_electrode_target,stored_electrode_record,L4,RULE_OTHER_STORED_TARGET,feature::energy_grav -> concept::stored_electrode_record -> target::stability_charge
stability_charge,energy_vol,stored_electrode_target,stored_electrode_record,L4,RULE_OTHER_STORED_TARGET,feature::energy_vol -> concept::stored_electrode_record -> target::stability_charge
stability_charge,fracA_charge,stoichiometric_window,electrode_state_stoichiometry,L0,RULE_SAFE_DEFAULT,feature::fracA_charge -> target::stability_charge
stability_charge,fracA_discharge,stoichiometric_window,electrode_state_stoichiometry,L0,RULE_SAFE_DEFAULT,feature::fracA_discharge -> target::stability_charge
stability_charge,fw_X_max,composition_known_framework,pre_dft_composition,L0,RULE_SAFE_DEFAULT,feature::fw_X_max -> target::stability_charge
stability_charge,fw_X_mean,composition_known_framework,pre_dft_composition,L0,RULE_SAFE_DEFAULT,feature::fw_X_mean -> target::stability_charge
stability_charge,fw_X_min,composition_known_framework,pre_dft_composition,L0,RULE_SAFE_DEFAULT,feature::fw_X_min -> target::stability_charge
stability_charge,fw_X_range,composition_known_framework,pre_dft_composition,L0,RULE_SAFE_DEFAULT,feature::fw_X_range -> target::stability_charge
stability_charge,fw_X_std,composition_known_framework,pre_dft_composition,L0,RULE_SAFE_DEFAULT,feature::fw_X_std -> target::stability_charge
stability_charge,fw_Z_max,composition_known_framework,pre_dft_composition,L0,RULE_SAFE_DEFAULT,feature::fw_Z_max -> target::stability_charge
stability_charge,fw_Z_mean,composition_known_framework,pre_dft_composition,L0,RULE_SAFE_DEFAULT,feature::fw_Z_mean -> target::stability_charge
stability_charge,fw_Z_min,composition_known_framework,pre_dft_composition,L0,RULE_SAFE_DEFAULT,feature::fw_Z_min -> target::stability_charge
stability_charge,fw_Z_range,composition_known_framework,pre_dft_composition,L0,RULE_SAFE_DEFAULT,feature::fw_Z_range -> target::stability_charge
stability_charge,fw_Z_std,composition_known_framework,pre_dft_composition,L0,RULE_SAFE_DEFAULT,feature::fw_Z_std -> target::stability_charge
stability_charge,fw_atomic_mass_max,composition_known_framework,pre_dft_composition,L0,RULE_SAFE_DEFAULT,feature::fw_atomic_mass_max -> target::stability_charge
stability_charge,fw_atomic_mass_mean,composition_known_framework,pre_dft_composition,L0,RULE_SAFE_DEFAULT,feature::fw_atomic_mass_mean -> target::stability_charge
stability_charge,fw_atomic_mass_min,composition_known_framework,pre_dft_composition,L0,RULE_SAFE_DEFAULT,feature::fw_atomic_mass_min -> target::stability_charge
stability_charge,fw_atomic_mass_range,composition_known_framework,pre_dft_composition,L0,RULE_SAFE_DEFAULT,feature::fw_atomic_mass_range -> target::stability_charge
stability_charge,fw_atomic_mass_std,composition_known_framework,pre_dft_composition,L0,RULE_SAFE_DEFAULT,feature::fw_atomic_mass_std -> target::stability_charge
stability_charge,fw_frac_Ag,composition_known_framework,pre_dft_composition,L0,RULE_SAFE_DEFAULT,feature::fw_frac_Ag -> target::stability_charge
stability_charge,fw_frac_Al,composition_known_framework,pre_dft_composition,L0,RULE_SAFE_DEFAULT,feature::fw_frac_Al -> target::stability_charge
stability_charge,fw_frac_As,composition_known_framework,pre_dft_composition,L0,RULE_SAFE_DEFAULT,feature::fw_frac_As -> target::stability_charge
stability_charge,fw_frac_B,composition_known_framework,pre_dft_composition,L0,RULE_SAFE_DEFAULT,feature::fw_frac_B -> target::stability_charge
stability_charge,fw_frac_Br,composition_known_framework,pre_dft_composition,L0,RULE_SAFE_DEFAULT,feature::fw_frac_Br -> target::stability_charge
stability_charge,fw_frac_C,composition_known_framework,pre_dft_composition,L0,RULE_SAFE_DEFAULT,feature::fw_frac_C -> target::stability_charge
stability_charge,fw_frac_Ca,composition_known_framework,pre_dft_composition,L0,RULE_SAFE_DEFAULT,feature::fw_frac_Ca -> target::stability_charge
stability_charge,fw_frac_Cl,composition_known_framework,pre_dft_composition,L0,RULE_SAFE_DEFAULT,feature::fw_frac_Cl -> target::stability_charge
stability_charge,fw_frac_Co,composition_known_framework,pre_dft_composition,L0,RULE_SAFE_DEFAULT,feature::fw_frac_Co -> target::stability_charge
stability_charge,fw_frac_Cr,composition_known_framework,pre_dft_composition,L0,RULE_SAFE_DEFAULT,feature::fw_frac_Cr -> target::stability_charge
stability_charge,fw_frac_Cu,composition_known_framework,pre_dft_composition,L0,RULE_SAFE_DEFAULT,feature::fw_frac_Cu -> target::stability_charge
stability_charge,fw_frac_F,composition_known_framework,pre_dft_composition,L0,RULE_SAFE_DEFAULT,feature::fw_frac_F -> target::stability_charge
stability_charge,fw_frac_Fe,composition_known_framework,pre_dft_composition,L0,RULE_SAFE_DEFAULT,feature::fw_frac_Fe -> target::stability_charge
stability_charge,fw_frac_I,composition_known_framework,pre_dft_composition,L0,RULE_SAFE_DEFAULT,feature::fw_frac_I -> target::stability_charge
stability_charge,fw_frac_K,composition_known_framework,pre_dft_composition,L0,RULE_SAFE_DEFAULT,feature::fw_frac_K -> target::stability_charge
stability_charge,fw_frac_Li,composition_known_framework,pre_dft_composition,L0,RULE_SAFE_DEFAULT,feature::fw_frac_Li -> target::stability_charge
stability_charge,fw_frac_Mg,composition_known_framework,pre_dft_composition,L0,RULE_SAFE_DEFAULT,feature::fw_frac_Mg -> target::stability_charge
stability_charge,fw_frac_Mn,composition_known_framework,pre_dft_composition,L0,RULE_SAFE_DEFAULT,feature::fw_frac_Mn -> target::stability_charge
stability_charge,fw_frac_N,composition_known_framework,pre_dft_composition,L0,RULE_SAFE_DEFAULT,feature::fw_frac_N -> target::stability_charge
stability_charge,fw_frac_Na,composition_known_framework,pre_dft_composition,L0,RULE_SAFE_DEFAULT,feature::fw_frac_Na -> target::stability_charge
stability_charge,fw_frac_Ni,composition_known_framework,pre_dft_composition,L0,RULE_SAFE_DEFAULT,feature::fw_frac_Ni -> target::stability_charge
stability_charge,fw_frac_O,composition_known_framework,pre_dft_composition,L0,RULE_SAFE_DEFAULT,feature::fw_frac_O -> target::stability_charge
stability_charge,fw_frac_P,composition_known_framework,pre_dft_composition,L0,RULE_SAFE_DEFAULT,feature::fw_frac_P -> target::stability_charge
stability_charge,fw_frac_S,composition_known_framework,pre_dft_composition,L0,RULE_SAFE_DEFAULT,feature::fw_frac_S -> target::stability_charge
stability_charge,fw_frac_Si,composition_known_framework,pre_dft_composition,L0,RULE_SAFE_DEFAULT,feature::fw_frac_Si -> target::stability_charge
stability_charge,fw_frac_Ti,composition_known_framework,pre_dft_composition,L0,RULE_SAFE_DEFAULT,feature::fw_frac_Ti -> target::stability_charge
stability_charge,fw_frac_V,composition_known_framework,pre_dft_composition,L0,RULE_SAFE_DEFAULT,feature::fw_frac_V -> target::stability_charge
stability_charge,fw_frac_Zn,composition_known_framework,pre_dft_composition,L0,RULE_SAFE_DEFAULT,feature::fw_frac_Zn -> target::stability_charge
stability_charge,fw_frac_transition_metals,composition_known_framework,pre_dft_composition,L0,RULE_SAFE_DEFAULT,feature::fw_frac_transition_metals -> target::stability_charge
stability_charge,fw_group_max,composition_known_framework,pre_dft_composition,L0,RULE_SAFE_DEFAULT,feature::fw_group_max -> target::stability_charge
stability_charge,fw_group_mean,composition_known_framework,pre_dft_composition,L0,RULE_SAFE_DEFAULT,feature::fw_group_mean -> target::stability_charge
stability_charge,fw_group_min,composition_known_framework,pre_dft_composition,L0,RULE_SAFE_DEFAULT,feature::fw_group_min -> target::stability_charge
stability_charge,fw_group_range,composition_known_framework,pre_dft_composition,L0,RULE_SAFE_DEFAULT,feature::fw_group_range -> target::stability_charge
stability_charge,fw_group_std,composition_known_framework,pre_dft_composition,L0,RULE_SAFE_DEFAULT,feature::fw_group_std -> target::stability_charge
stability_charge,fw_has_Br,composition_known_framework,pre_dft_composition,L0,RULE_SAFE_DEFAULT,feature::fw_has_Br -> target::stability_charge
stability_charge,fw_has_C,composition_known_framework,pre_dft_composition,L0,RULE_SAFE_DEFAULT,feature::fw_has_C -> target::stability_charge
stability_charge,fw_has_Cl,composition_known_framework,pre_dft_composition,L0,RULE_SAFE_DEFAULT,feature::fw_has_Cl -> target::stability_charge
stability_charge,fw_has_F,composition_known_framework,pre_dft_composition,L0,RULE_SAFE_DEFAULT,feature::fw_has_F -> target::stability_charge
stability_charge,fw_has_I,composition_known_framework,pre_dft_composition,L0,RULE_SAFE_DEFAULT,feature::fw_has_I -> target::stability_charge
stability_charge,fw_has_N,composition_known_framework,pre_dft_composition,L0,RULE_SAFE_DEFAULT,feature::fw_has_N -> target::stability_charge
stability_charge,fw_has_O,composition_known_framework,pre_dft_composition,L0,RULE_SAFE_DEFAULT,feature::fw_has_O -> target::stability_charge
stability_charge,fw_has_P,composition_known_framework,pre_dft_composition,L0,RULE_SAFE_DEFAULT,feature::fw_has_P -> target::stability_charge
stability_charge,fw_has_S,composition_known_framework,pre_dft_composition,L0,RULE_SAFE_DEFAULT,feature::fw_has_S -> target::stability_charge
stability_charge,fw_has_Si,composition_known_framework,pre_dft_composition,L0,RULE_SAFE_DEFAULT,feature::fw_has_Si -> target::stability_charge
stability_charge,fw_n_atoms,composition_known_framework,pre_dft_composition,L0,RULE_SAFE_DEFAULT,feature::fw_n_atoms -> target::stability_charge
stability_charge,fw_n_elements,composition_known_framework,pre_dft_composition,L0,RULE_SAFE_DEFAULT,feature::fw_n_elements -> target::stability_charge
stability_charge,fw_n_transition_metals,composition_known_framework,pre_dft_composition,L0,RULE_SAFE_DEFAULT,feature::fw_n_transition_metals -> target::stability_charge
stability_charge,fw_parse_ok,composition_known_framework,pre_dft_composition,L0,RULE_SAFE_DEFAULT,feature::fw_parse_ok -> target::stability_charge
stability_charge,fw_row_max,composition_known_framework,pre_dft_composition,L0,RULE_SAFE_DEFAULT,feature::fw_row_max -> target::stability_charge
stability_charge,fw_row_mean,composition_known_framework,pre_dft_composition,L0,RULE_SAFE_DEFAULT,feature::fw_row_mean -> target::stability_charge
stability_charge,fw_row_min,composition_known_framework,pre_dft_composition,L0,RULE_SAFE_DEFAULT,feature::fw_row_min -> target::stability_charge
stability_charge,fw_row_range,composition_known_framework,pre_dft_composition,L0,RULE_SAFE_DEFAULT,feature::fw_row_range -> target::stability_charge
stability_charge,fw_row_std,composition_known_framework,pre_dft_composition,L0,RULE_SAFE_DEFAULT,feature::fw_row_std -> target::stability_charge
stability_charge,max_delta_volume,stored_electrode_target,stored_electrode_record,L4,RULE_OTHER_STORED_TARGET,feature::max_delta_volume -> concept::stored_electrode_record -> target::stability_charge
stability_charge,max_voltage_step,stored_electrode_process_descriptor,stored_electrode_record,L0,RULE_SAFE_DEFAULT,feature::max_voltage_step -> target::stability_charge
stability_charge,num_steps,stored_electrode_process_descriptor,stored_electrode_record,L0,RULE_SAFE_DEFAULT,feature::num_steps -> target::stability_charge
stability_charge,stability_charge,stored_electrode_target,stored_electrode_record,L1,RULE_DIRECT_TARGET,feature::stability_charge -> target::stability_charge
stability_charge,stability_discharge,stored_electrode_target,stored_electrode_record,L2,RULE_STABILITY_AGGREGATION,feature::stability_discharge -> concept::stability_aggregation -> target::stability_charge
stability_charge,stability_worst,stored_electrode_target,stored_electrode_record,L2,RULE_STABILITY_AGGREGATION,feature::stability_worst -> concept::stability_aggregation -> target::stability_charge
stability_charge,stoich_abs_wi_amount_delta,stoichiometric_window,electrode_state_stoichiometry,L0,RULE_SAFE_DEFAULT,feature::stoich_abs_wi_amount_delta -> target::stability_charge
stability_charge,stoich_wi_amount_charge,stoichiometric_window,electrode_state_stoichiometry,L0,RULE_SAFE_DEFAULT,feature::stoich_wi_amount_charge -> target::stability_charge
stability_charge,stoich_wi_amount_delta,stoichiometric_window,electrode_state_stoichiometry,L0,RULE_SAFE_DEFAULT,feature::stoich_wi_amount_delta -> target::stability_charge
stability_charge,stoich_wi_amount_discharge,stoichiometric_window,electrode_state_stoichiometry,L0,RULE_SAFE_DEFAULT,feature::stoich_wi_amount_discharge -> target::stability_charge
stability_charge,stored_abs_fracA_delta,other_numeric,derived_miscellaneous,L0,RULE_SAFE_DEFAULT,feature::stored_abs_fracA_delta -> target::stability_charge
stability_charge,stored_fracA_delta,stoichiometric_window,electrode_state_stoichiometry,L0,RULE_SAFE_DEFAULT,feature::stored_fracA_delta -> target::stability_charge
stability_charge,summary_abs_delta_band_gap,post_dft_electronic_summary,post_dft_electronic,L4,RULE_POST_DFT_ELECTRONIC,feature::summary_abs_delta_band_gap -> concept::post_dft_record -> target::stability_charge
stability_charge,summary_abs_delta_density,relaxed_structure_summary,relaxed_structure,L0,RULE_SAFE_STRUCTURE,feature::summary_abs_delta_density -> target::stability_charge
stability_charge,summary_abs_delta_density_atomic,relaxed_structure_summary,relaxed_structure,L0,RULE_SAFE_STRUCTURE,feature::summary_abs_delta_density_atomic -> target::stability_charge
stability_charge,summary_abs_delta_energy_above_hull,post_dft_energy_stability_summary,post_dft_thermodynamics,L2,RULE_HULL_STABILITY,feature::summary_abs_delta_energy_above_hull -> concept::hull_stability -> target::stability_charge
stability_charge,summary_abs_delta_formation_energy_per_atom,post_dft_energy_stability_summary,post_dft_thermodynamics,L4,RULE_FORMATION_ENERGY_STABILITY,feature::summary_abs_delta_formation_energy_per_atom -> concept::post_dft_thermodynamics -> target::stability_charge
stability_charge,summary_abs_delta_volume_fraction,relaxed_structure_summary,relaxed_structure,L0,RULE_SAFE_STRUCTURE,feature::summary_abs_delta_volume_fraction -> target::stability_charge
stability_charge,summary_abs_delta_volume_per_site,relaxed_structure_summary,relaxed_structure,L0,RULE_SAFE_STRUCTURE,feature::summary_abs_delta_volume_per_site -> target::stability_charge
stability_charge,summary_delta_band_gap,post_dft_electronic_summary,post_dft_electronic,L4,RULE_POST_DFT_ELECTRONIC,feature::summary_delta_band_gap -> concept::post_dft_record -> target::stability_charge
stability_charge,summary_delta_density,relaxed_structure_summary,relaxed_structure,L0,RULE_SAFE_STRUCTURE,feature::summary_delta_density -> target::stability_charge
stability_charge,summary_delta_density_atomic,relaxed_structure_summary,relaxed_structure,L0,RULE_SAFE_STRUCTURE,feature::summary_delta_density_atomic -> target::stability_charge
stability_charge,summary_delta_energy_above_hull,post_dft_energy_stability_summary,post_dft_thermodynamics,L2,RULE_HULL_STABILITY,feature::summary_delta_energy_above_hull -> concept::hull_stability -> target::stability_charge
stability_charge,summary_delta_formation_energy_per_atom,post_dft_energy_stability_summary,post_dft_thermodynamics,L4,RULE_FORMATION_ENERGY_STABILITY,feature::summary_delta_formation_energy_per_atom -> concept::post_dft_thermodynamics -> target::stability_charge
stability_charge,summary_delta_volume_fraction,relaxed_structure_summary,relaxed_structure,L0,RULE_SAFE_STRUCTURE,feature::summary_delta_volume_fraction -> target::stability_charge
stability_charge,summary_delta_volume_per_site,relaxed_structure_summary,relaxed_structure,L0,RULE_SAFE_STRUCTURE,feature::summary_delta_volume_per_site -> target::stability_charge
stability_charge,summary_worst_energy_above_hull,post_dft_energy_stability_summary,post_dft_thermodynamics,L2,RULE_HULL_STABILITY,feature::summary_worst_energy_above_hull -> concept::hull_stability -> target::stability_charge
stability_charge,wi_X,composition_known_working_ion,pre_dft_composition,L0,RULE_SAFE_DEFAULT,feature::wi_X -> target::stability_charge
stability_charge,wi_Z,composition_known_working_ion,pre_dft_composition,L0,RULE_SAFE_DEFAULT,feature::wi_Z -> target::stability_charge
stability_charge,wi_atomic_mass,composition_known_working_ion,pre_dft_composition,L0,RULE_SAFE_DEFAULT,feature::wi_atomic_mass -> target::stability_charge
stability_charge,wi_group,composition_known_working_ion,pre_dft_composition,L0,RULE_SAFE_DEFAULT,feature::wi_group -> target::stability_charge
stability_charge,wi_is_K,domain_label_onehot,validation_only,L5,RULE_DOMAIN_LABEL,feature::wi_is_K -> concept::validation_domain -> target::stability_charge
stability_charge,wi_is_Li,domain_label_onehot,validation_only,L5,RULE_DOMAIN_LABEL,feature::wi_is_Li -> concept::validation_domain -> target::stability_charge
stability_charge,wi_is_Na,domain_label_onehot,validation_only,L5,RULE_DOMAIN_LABEL,feature::wi_is_Na -> concept::validation_domain -> target::stability_charge
stability_charge,wi_row,composition_known_working_ion,pre_dft_composition,L0,RULE_SAFE_DEFAULT,feature::wi_row -> target::stability_charge
stability_discharge,average_voltage,stored_electrode_target,stored_electrode_record,L4,RULE_OTHER_STORED_TARGET,feature::average_voltage -> concept::stored_electrode_record -> target::stability_discharge
stability_discharge,capacity_grav,stored_electrode_target,stored_electrode_record,L4,RULE_OTHER_STORED_TARGET,feature::capacity_grav -> concept::stored_electrode_record -> target::stability_discharge
stability_discharge,capacity_vol,stored_electrode_target,stored_electrode_record,L4,RULE_OTHER_STORED_TARGET,feature::capacity_vol -> concept::stored_electrode_record -> target::stability_discharge
stability_discharge,charge_formula_X_max,stoichiometric_window,electrode_state_stoichiometry,L0,RULE_SAFE_DEFAULT,feature::charge_formula_X_max -> target::stability_discharge
stability_discharge,charge_formula_X_mean,stoichiometric_window,electrode_state_stoichiometry,L0,RULE_SAFE_DEFAULT,feature::charge_formula_X_mean -> target::stability_discharge
stability_discharge,charge_formula_X_min,stoichiometric_window,electrode_state_stoichiometry,L0,RULE_SAFE_DEFAULT,feature::charge_formula_X_min -> target::stability_discharge
stability_discharge,charge_formula_X_range,stoichiometric_window,electrode_state_stoichiometry,L0,RULE_SAFE_DEFAULT,feature::charge_formula_X_range -> target::stability_discharge
stability_discharge,charge_formula_X_std,stoichiometric_window,electrode_state_stoichiometry,L0,RULE_SAFE_DEFAULT,feature::charge_formula_X_std -> target::stability_discharge
stability_discharge,charge_formula_Z_max,stoichiometric_window,electrode_state_stoichiometry,L0,RULE_SAFE_DEFAULT,feature::charge_formula_Z_max -> target::stability_discharge
stability_discharge,charge_formula_Z_mean,stoichiometric_window,electrode_state_stoichiometry,L0,RULE_SAFE_DEFAULT,feature::charge_formula_Z_mean -> target::stability_discharge
stability_discharge,charge_formula_Z_min,stoichiometric_window,electrode_state_stoichiometry,L0,RULE_SAFE_DEFAULT,feature::charge_formula_Z_min -> target::stability_discharge
stability_discharge,charge_formula_Z_range,stoichiometric_window,electrode_state_stoichiometry,L0,RULE_SAFE_DEFAULT,feature::charge_formula_Z_range -> target::stability_discharge
stability_discharge,charge_formula_Z_std,stoichiometric_window,electrode_state_stoichiometry,L0,RULE_SAFE_DEFAULT,feature::charge_formula_Z_std -> target::stability_discharge
stability_discharge,charge_formula_atomic_mass_max,stoichiometric_window,electrode_state_stoichiometry,L0,RULE_SAFE_DEFAULT,feature::charge_formula_atomic_mass_max -> target::stability_discharge
stability_discharge,charge_formula_atomic_mass_mean,stoichiometric_window,electrode_state_stoichiometry,L0,RULE_SAFE_DEFAULT,feature::charge_formula_atomic_mass_mean -> target::stability_discharge
stability_discharge,charge_formula_atomic_mass_min,stoichiometric_window,electrode_state_stoichiometry,L0,RULE_SAFE_DEFAULT,feature::charge_formula_atomic_mass_min -> target::stability_discharge
stability_discharge,charge_formula_atomic_mass_range,stoichiometric_window,electrode_state_stoichiometry,L0,RULE_SAFE_DEFAULT,feature::charge_formula_atomic_mass_range -> target::stability_discharge
stability_discharge,charge_formula_atomic_mass_std,stoichiometric_window,electrode_state_stoichiometry,L0,RULE_SAFE_DEFAULT,feature::charge_formula_atomic_mass_std -> target::stability_discharge
stability_discharge,charge_formula_frac_Ag,stoichiometric_window,electrode_state_stoichiometry,L0,RULE_SAFE_DEFAULT,feature::charge_formula_frac_Ag -> target::stability_discharge
stability_discharge,charge_formula_frac_Al,stoichiometric_window,electrode_state_stoichiometry,L0,RULE_SAFE_DEFAULT,feature::charge_formula_frac_Al -> target::stability_discharge
stability_discharge,charge_formula_frac_As,stoichiometric_window,electrode_state_stoichiometry,L0,RULE_SAFE_DEFAULT,feature::charge_formula_frac_As -> target::stability_discharge
stability_discharge,charge_formula_frac_B,stoichiometric_window,electrode_state_stoichiometry,L0,RULE_SAFE_DEFAULT,feature::charge_formula_frac_B -> target::stability_discharge
stability_discharge,charge_formula_frac_Br,stoichiometric_window,electrode_state_stoichiometry,L0,RULE_SAFE_DEFAULT,feature::charge_formula_frac_Br -> target::stability_discharge
stability_discharge,charge_formula_frac_C,stoichiometric_window,electrode_state_stoichiometry,L0,RULE_SAFE_DEFAULT,feature::charge_formula_frac_C -> target::stability_discharge
stability_discharge,charge_formula_frac_Ca,stoichiometric_window,electrode_state_stoichiometry,L0,RULE_SAFE_DEFAULT,feature::charge_formula_frac_Ca -> target::stability_discharge
stability_discharge,charge_formula_frac_Cl,stoichiometric_window,electrode_state_stoichiometry,L0,RULE_SAFE_DEFAULT,feature::charge_formula_frac_Cl -> target::stability_discharge
stability_discharge,charge_formula_frac_Co,stoichiometric_window,electrode_state_stoichiometry,L0,RULE_SAFE_DEFAULT,feature::charge_formula_frac_Co -> target::stability_discharge
stability_discharge,charge_formula_frac_Cr,stoichiometric_window,electrode_state_stoichiometry,L0,RULE_SAFE_DEFAULT,feature::charge_formula_frac_Cr -> target::stability_discharge
stability_discharge,charge_formula_frac_Cu,stoichiometric_window,electrode_state_stoichiometry,L0,RULE_SAFE_DEFAULT,feature::charge_formula_frac_Cu -> target::stability_discharge
stability_discharge,charge_formula_frac_F,stoichiometric_window,electrode_state_stoichiometry,L0,RULE_SAFE_DEFAULT,feature::charge_formula_frac_F -> target::stability_discharge
stability_discharge,charge_formula_frac_Fe,stoichiometric_window,electrode_state_stoichiometry,L0,RULE_SAFE_DEFAULT,feature::charge_formula_frac_Fe -> target::stability_discharge
stability_discharge,charge_formula_frac_I,stoichiometric_window,electrode_state_stoichiometry,L0,RULE_SAFE_DEFAULT,feature::charge_formula_frac_I -> target::stability_discharge
stability_discharge,charge_formula_frac_K,stoichiometric_window,electrode_state_stoichiometry,L0,RULE_SAFE_DEFAULT,feature::charge_formula_frac_K -> target::stability_discharge
stability_discharge,charge_formula_frac_Li,stoichiometric_window,electrode_state_stoichiometry,L0,RULE_SAFE_DEFAULT,feature::charge_formula_frac_Li -> target::stability_discharge
stability_discharge,charge_formula_frac_Mg,stoichiometric_window,electrode_state_stoichiometry,L0,RULE_SAFE_DEFAULT,feature::charge_formula_frac_Mg -> target::stability_discharge
stability_discharge,charge_formula_frac_Mn,stoichiometric_window,electrode_state_stoichiometry,L0,RULE_SAFE_DEFAULT,feature::charge_formula_frac_Mn -> target::stability_discharge
stability_discharge,charge_formula_frac_N,stoichiometric_window,electrode_state_stoichiometry,L0,RULE_SAFE_DEFAULT,feature::charge_formula_frac_N -> target::stability_discharge
stability_discharge,charge_formula_frac_Na,stoichiometric_window,electrode_state_stoichiometry,L0,RULE_SAFE_DEFAULT,feature::charge_formula_frac_Na -> target::stability_discharge
stability_discharge,charge_formula_frac_Ni,stoichiometric_window,electrode_state_stoichiometry,L0,RULE_SAFE_DEFAULT,feature::charge_formula_frac_Ni -> target::stability_discharge
stability_discharge,charge_formula_frac_O,stoichiometric_window,electrode_state_stoichiometry,L0,RULE_SAFE_DEFAULT,feature::charge_formula_frac_O -> target::stability_discharge
stability_discharge,charge_formula_frac_P,stoichiometric_window,electrode_state_stoichiometry,L0,RULE_SAFE_DEFAULT,feature::charge_formula_frac_P -> target::stability_discharge
stability_discharge,charge_formula_frac_S,stoichiometric_window,electrode_state_stoichiometry,L0,RULE_SAFE_DEFAULT,feature::charge_formula_frac_S -> target::stability_discharge
stability_discharge,charge_formula_frac_Si,stoichiometric_window,electrode_state_stoichiometry,L0,RULE_SAFE_DEFAULT,feature::charge_formula_frac_Si -> target::stability_discharge
stability_discharge,charge_formula_frac_Ti,stoichiometric_window,electrode_state_stoichiometry,L0,RULE_SAFE_DEFAULT,feature::charge_formula_frac_Ti -> target::stability_discharge
stability_discharge,charge_formula_frac_V,stoichiometric_window,electrode_state_stoichiometry,L0,RULE_SAFE_DEFAULT,feature::charge_formula_frac_V -> target::stability_discharge
stability_discharge,charge_formula_frac_Zn,stoichiometric_window,electrode_state_stoichiometry,L0,RULE_SAFE_DEFAULT,feature::charge_formula_frac_Zn -> target::stability_discharge
stability_discharge,charge_formula_frac_transition_metals,stoichiometric_window,electrode_state_stoichiometry,L0,RULE_SAFE_DEFAULT,feature::charge_formula_frac_transition_metals -> target::stability_discharge
stability_discharge,charge_formula_group_max,stoichiometric_window,electrode_state_stoichiometry,L0,RULE_SAFE_DEFAULT,feature::charge_formula_group_max -> target::stability_discharge
stability_discharge,charge_formula_group_mean,stoichiometric_window,electrode_state_stoichiometry,L0,RULE_SAFE_DEFAULT,feature::charge_formula_group_mean -> target::stability_discharge
stability_discharge,charge_formula_group_min,stoichiometric_window,electrode_state_stoichiometry,L0,RULE_SAFE_DEFAULT,feature::charge_formula_group_min -> target::stability_discharge
stability_discharge,charge_formula_group_range,stoichiometric_window,electrode_state_stoichiometry,L0,RULE_SAFE_DEFAULT,feature::charge_formula_group_range -> target::stability_discharge
stability_discharge,charge_formula_group_std,stoichiometric_window,electrode_state_stoichiometry,L0,RULE_SAFE_DEFAULT,feature::charge_formula_group_std -> target::stability_discharge
stability_discharge,charge_formula_has_Br,stoichiometric_window,electrode_state_stoichiometry,L0,RULE_SAFE_DEFAULT,feature::charge_formula_has_Br -> target::stability_discharge
stability_discharge,charge_formula_has_C,stoichiometric_window,electrode_state_stoichiometry,L0,RULE_SAFE_DEFAULT,feature::charge_formula_has_C -> target::stability_discharge
stability_discharge,charge_formula_has_Cl,stoichiometric_window,electrode_state_stoichiometry,L0,RULE_SAFE_DEFAULT,feature::charge_formula_has_Cl -> target::stability_discharge
stability_discharge,charge_formula_has_F,stoichiometric_window,electrode_state_stoichiometry,L0,RULE_SAFE_DEFAULT,feature::charge_formula_has_F -> target::stability_discharge
stability_discharge,charge_formula_has_I,stoichiometric_window,electrode_state_stoichiometry,L0,RULE_SAFE_DEFAULT,feature::charge_formula_has_I -> target::stability_discharge
stability_discharge,charge_formula_has_N,stoichiometric_window,electrode_state_stoichiometry,L0,RULE_SAFE_DEFAULT,feature::charge_formula_has_N -> target::stability_discharge
stability_discharge,charge_formula_has_O,stoichiometric_window,electrode_state_stoichiometry,L0,RULE_SAFE_DEFAULT,feature::charge_formula_has_O -> target::stability_discharge
stability_discharge,charge_formula_has_P,stoichiometric_window,electrode_state_stoichiometry,L0,RULE_SAFE_DEFAULT,feature::charge_formula_has_P -> target::stability_discharge
stability_discharge,charge_formula_has_S,stoichiometric_window,electrode_state_stoichiometry,L0,RULE_SAFE_DEFAULT,feature::charge_formula_has_S -> target::stability_discharge
stability_discharge,charge_formula_has_Si,stoichiometric_window,electrode_state_stoichiometry,L0,RULE_SAFE_DEFAULT,feature::charge_formula_has_Si -> target::stability_discharge
stability_discharge,charge_formula_n_atoms,stoichiometric_window,electrode_state_stoichiometry,L0,RULE_SAFE_DEFAULT,feature::charge_formula_n_atoms -> target::stability_discharge
stability_discharge,charge_formula_n_elements,stoichiometric_window,electrode_state_stoichiometry,L0,RULE_SAFE_DEFAULT,feature::charge_formula_n_elements -> target::stability_discharge
stability_discharge,charge_formula_n_transition_metals,stoichiometric_window,electrode_state_stoichiometry,L0,RULE_SAFE_DEFAULT,feature::charge_formula_n_transition_metals -> target::stability_discharge
stability_discharge,charge_formula_parse_ok,stoichiometric_window,electrode_state_stoichiometry,L0,RULE_SAFE_DEFAULT,feature::charge_formula_parse_ok -> target::stability_discharge
stability_discharge,charge_formula_row_max,stoichiometric_window,electrode_state_stoichiometry,L0,RULE_SAFE_DEFAULT,feature::charge_formula_row_max -> target::stability_discharge
stability_discharge,charge_formula_row_mean,stoichiometric_window,electrode_state_stoichiometry,L0,RULE_SAFE_DEFAULT,feature::charge_formula_row_mean -> target::stability_discharge
stability_discharge,charge_formula_row_min,stoichiometric_window,electrode_state_stoichiometry,L0,RULE_SAFE_DEFAULT,feature::charge_formula_row_min -> target::stability_discharge
stability_discharge,charge_formula_row_range,stoichiometric_window,electrode_state_stoichiometry,L0,RULE_SAFE_DEFAULT,feature::charge_formula_row_range -> target::stability_discharge
stability_discharge,charge_formula_row_std,stoichiometric_window,electrode_state_stoichiometry,L0,RULE_SAFE_DEFAULT,feature::charge_formula_row_std -> target::stability_discharge
stability_discharge,charge_summary_band_gap,post_dft_electronic_summary,post_dft_electronic,L4,RULE_POST_DFT_ELECTRONIC,feature::charge_summary_band_gap -> concept::post_dft_record -> target::stability_discharge
stability_discharge,charge_summary_density,relaxed_structure_summary,relaxed_structure,L0,RULE_SAFE_STRUCTURE,feature::charge_summary_density -> target::stability_discharge
stability_discharge,charge_summary_density_atomic,relaxed_structure_summary,relaxed_structure,L0,RULE_SAFE_STRUCTURE,feature::charge_summary_density_atomic -> target::stability_discharge
stability_discharge,charge_summary_energy_above_hull,post_dft_energy_stability_summary,post_dft_thermodynamics,L2,RULE_HULL_STABILITY,feature::charge_summary_energy_above_hull -> concept::hull_stability -> target::stability_discharge
stability_discharge,charge_summary_formation_energy_per_atom,post_dft_energy_stability_summary,post_dft_thermodynamics,L4,RULE_FORMATION_ENERGY_STABILITY,feature::charge_summary_formation_energy_per_atom -> concept::post_dft_thermodynamics -> target::stability_discharge
stability_discharge,charge_summary_is_metal,post_dft_electronic_summary,post_dft_electronic,L4,RULE_POST_DFT_ELECTRONIC,feature::charge_summary_is_metal -> concept::post_dft_record -> target::stability_discharge
stability_discharge,charge_summary_is_stable,post_dft_energy_stability_summary,post_dft_thermodynamics,L2,RULE_HULL_STABILITY,feature::charge_summary_is_stable -> concept::hull_stability -> target::stability_discharge
stability_discharge,charge_summary_nsites,relaxed_structure_summary,relaxed_structure,L0,RULE_SAFE_STRUCTURE,feature::charge_summary_nsites -> target::stability_discharge
stability_discharge,charge_summary_symmetry_number,relaxed_structure_summary,relaxed_structure,L0,RULE_SAFE_STRUCTURE,feature::charge_summary_symmetry_number -> target::stability_discharge
stability_discharge,charge_summary_theoretical,post_dft_provenance_flag,post_dft_provenance,L4,RULE_POST_DFT_PROVENANCE,feature::charge_summary_theoretical -> concept::post_dft_record -> target::stability_discharge
stability_discharge,charge_summary_volume,relaxed_structure_summary,relaxed_structure,L0,RULE_SAFE_STRUCTURE,feature::charge_summary_volume -> target::stability_discharge
stability_discharge,charge_summary_volume_per_site,relaxed_structure_summary,relaxed_structure,L0,RULE_SAFE_STRUCTURE,feature::charge_summary_volume_per_site -> target::stability_discharge
stability_discharge,discharge_formula_X_max,stoichiometric_window,electrode_state_stoichiometry,L0,RULE_SAFE_DEFAULT,feature::discharge_formula_X_max -> target::stability_discharge
stability_discharge,discharge_formula_X_mean,stoichiometric_window,electrode_state_stoichiometry,L0,RULE_SAFE_DEFAULT,feature::discharge_formula_X_mean -> target::stability_discharge
stability_discharge,discharge_formula_X_min,stoichiometric_window,electrode_state_stoichiometry,L0,RULE_SAFE_DEFAULT,feature::discharge_formula_X_min -> target::stability_discharge
stability_discharge,discharge_formula_X_range,stoichiometric_window,electrode_state_stoichiometry,L0,RULE_SAFE_DEFAULT,feature::discharge_formula_X_range -> target::stability_discharge
stability_discharge,discharge_formula_X_std,stoichiometric_window,electrode_state_stoichiometry,L0,RULE_SAFE_DEFAULT,feature::discharge_formula_X_std -> target::stability_discharge
stability_discharge,discharge_formula_Z_max,stoichiometric_window,electrode_state_stoichiometry,L0,RULE_SAFE_DEFAULT,feature::discharge_formula_Z_max -> target::stability_discharge
stability_discharge,discharge_formula_Z_mean,stoichiometric_window,electrode_state_stoichiometry,L0,RULE_SAFE_DEFAULT,feature::discharge_formula_Z_mean -> target::stability_discharge
stability_discharge,discharge_formula_Z_min,stoichiometric_window,electrode_state_stoichiometry,L0,RULE_SAFE_DEFAULT,feature::discharge_formula_Z_min -> target::stability_discharge
stability_discharge,discharge_formula_Z_range,stoichiometric_window,electrode_state_stoichiometry,L0,RULE_SAFE_DEFAULT,feature::discharge_formula_Z_range -> target::stability_discharge
stability_discharge,discharge_formula_Z_std,stoichiometric_window,electrode_state_stoichiometry,L0,RULE_SAFE_DEFAULT,feature::discharge_formula_Z_std -> target::stability_discharge
stability_discharge,discharge_formula_atomic_mass_max,stoichiometric_window,electrode_state_stoichiometry,L0,RULE_SAFE_DEFAULT,feature::discharge_formula_atomic_mass_max -> target::stability_discharge
stability_discharge,discharge_formula_atomic_mass_mean,stoichiometric_window,electrode_state_stoichiometry,L0,RULE_SAFE_DEFAULT,feature::discharge_formula_atomic_mass_mean -> target::stability_discharge
stability_discharge,discharge_formula_atomic_mass_min,stoichiometric_window,electrode_state_stoichiometry,L0,RULE_SAFE_DEFAULT,feature::discharge_formula_atomic_mass_min -> target::stability_discharge
stability_discharge,discharge_formula_atomic_mass_range,stoichiometric_window,electrode_state_stoichiometry,L0,RULE_SAFE_DEFAULT,feature::discharge_formula_atomic_mass_range -> target::stability_discharge
stability_discharge,discharge_formula_atomic_mass_std,stoichiometric_window,electrode_state_stoichiometry,L0,RULE_SAFE_DEFAULT,feature::discharge_formula_atomic_mass_std -> target::stability_discharge
stability_discharge,discharge_formula_frac_Ag,stoichiometric_window,electrode_state_stoichiometry,L0,RULE_SAFE_DEFAULT,feature::discharge_formula_frac_Ag -> target::stability_discharge
stability_discharge,discharge_formula_frac_Al,stoichiometric_window,electrode_state_stoichiometry,L0,RULE_SAFE_DEFAULT,feature::discharge_formula_frac_Al -> target::stability_discharge
stability_discharge,discharge_formula_frac_As,stoichiometric_window,electrode_state_stoichiometry,L0,RULE_SAFE_DEFAULT,feature::discharge_formula_frac_As -> target::stability_discharge
stability_discharge,discharge_formula_frac_B,stoichiometric_window,electrode_state_stoichiometry,L0,RULE_SAFE_DEFAULT,feature::discharge_formula_frac_B -> target::stability_discharge
stability_discharge,discharge_formula_frac_Br,stoichiometric_window,electrode_state_stoichiometry,L0,RULE_SAFE_DEFAULT,feature::discharge_formula_frac_Br -> target::stability_discharge
stability_discharge,discharge_formula_frac_C,stoichiometric_window,electrode_state_stoichiometry,L0,RULE_SAFE_DEFAULT,feature::discharge_formula_frac_C -> target::stability_discharge
stability_discharge,discharge_formula_frac_Ca,stoichiometric_window,electrode_state_stoichiometry,L0,RULE_SAFE_DEFAULT,feature::discharge_formula_frac_Ca -> target::stability_discharge
stability_discharge,discharge_formula_frac_Cl,stoichiometric_window,electrode_state_stoichiometry,L0,RULE_SAFE_DEFAULT,feature::discharge_formula_frac_Cl -> target::stability_discharge
stability_discharge,discharge_formula_frac_Co,stoichiometric_window,electrode_state_stoichiometry,L0,RULE_SAFE_DEFAULT,feature::discharge_formula_frac_Co -> target::stability_discharge
stability_discharge,discharge_formula_frac_Cr,stoichiometric_window,electrode_state_stoichiometry,L0,RULE_SAFE_DEFAULT,feature::discharge_formula_frac_Cr -> target::stability_discharge
stability_discharge,discharge_formula_frac_Cu,stoichiometric_window,electrode_state_stoichiometry,L0,RULE_SAFE_DEFAULT,feature::discharge_formula_frac_Cu -> target::stability_discharge
stability_discharge,discharge_formula_frac_F,stoichiometric_window,electrode_state_stoichiometry,L0,RULE_SAFE_DEFAULT,feature::discharge_formula_frac_F -> target::stability_discharge
stability_discharge,discharge_formula_frac_Fe,stoichiometric_window,electrode_state_stoichiometry,L0,RULE_SAFE_DEFAULT,feature::discharge_formula_frac_Fe -> target::stability_discharge
stability_discharge,discharge_formula_frac_I,stoichiometric_window,electrode_state_stoichiometry,L0,RULE_SAFE_DEFAULT,feature::discharge_formula_frac_I -> target::stability_discharge
stability_discharge,discharge_formula_frac_K,stoichiometric_window,electrode_state_stoichiometry,L0,RULE_SAFE_DEFAULT,feature::discharge_formula_frac_K -> target::stability_discharge
stability_discharge,discharge_formula_frac_Li,stoichiometric_window,electrode_state_stoichiometry,L0,RULE_SAFE_DEFAULT,feature::discharge_formula_frac_Li -> target::stability_discharge
stability_discharge,discharge_formula_frac_Mg,stoichiometric_window,electrode_state_stoichiometry,L0,RULE_SAFE_DEFAULT,feature::discharge_formula_frac_Mg -> target::stability_discharge
stability_discharge,discharge_formula_frac_Mn,stoichiometric_window,electrode_state_stoichiometry,L0,RULE_SAFE_DEFAULT,feature::discharge_formula_frac_Mn -> target::stability_discharge
stability_discharge,discharge_formula_frac_N,stoichiometric_window,electrode_state_stoichiometry,L0,RULE_SAFE_DEFAULT,feature::discharge_formula_frac_N -> target::stability_discharge
stability_discharge,discharge_formula_frac_Na,stoichiometric_window,electrode_state_stoichiometry,L0,RULE_SAFE_DEFAULT,feature::discharge_formula_frac_Na -> target::stability_discharge
stability_discharge,discharge_formula_frac_Ni,stoichiometric_window,electrode_state_stoichiometry,L0,RULE_SAFE_DEFAULT,feature::discharge_formula_frac_Ni -> target::stability_discharge
stability_discharge,discharge_formula_frac_O,stoichiometric_window,electrode_state_stoichiometry,L0,RULE_SAFE_DEFAULT,feature::discharge_formula_frac_O -> target::stability_discharge
stability_discharge,discharge_formula_frac_P,stoichiometric_window,electrode_state_stoichiometry,L0,RULE_SAFE_DEFAULT,feature::discharge_formula_frac_P -> target::stability_discharge
stability_discharge,discharge_formula_frac_S,stoichiometric_window,electrode_state_stoichiometry,L0,RULE_SAFE_DEFAULT,feature::discharge_formula_frac_S -> target::stability_discharge
stability_discharge,discharge_formula_frac_Si,stoichiometric_window,electrode_state_stoichiometry,L0,RULE_SAFE_DEFAULT,feature::discharge_formula_frac_Si -> target::stability_discharge
stability_discharge,discharge_formula_frac_Ti,stoichiometric_window,electrode_state_stoichiometry,L0,RULE_SAFE_DEFAULT,feature::discharge_formula_frac_Ti -> target::stability_discharge
stability_discharge,discharge_formula_frac_V,stoichiometric_window,electrode_state_stoichiometry,L0,RULE_SAFE_DEFAULT,feature::discharge_formula_frac_V -> target::stability_discharge
stability_discharge,discharge_formula_frac_Zn,stoichiometric_window,electrode_state_stoichiometry,L0,RULE_SAFE_DEFAULT,feature::discharge_formula_frac_Zn -> target::stability_discharge
stability_discharge,discharge_formula_frac_transition_metals,stoichiometric_window,electrode_state_stoichiometry,L0,RULE_SAFE_DEFAULT,feature::discharge_formula_frac_transition_metals -> target::stability_discharge
stability_discharge,discharge_formula_group_max,stoichiometric_window,electrode_state_stoichiometry,L0,RULE_SAFE_DEFAULT,feature::discharge_formula_group_max -> target::stability_discharge
stability_discharge,discharge_formula_group_mean,stoichiometric_window,electrode_state_stoichiometry,L0,RULE_SAFE_DEFAULT,feature::discharge_formula_group_mean -> target::stability_discharge
stability_discharge,discharge_formula_group_min,stoichiometric_window,electrode_state_stoichiometry,L0,RULE_SAFE_DEFAULT,feature::discharge_formula_group_min -> target::stability_discharge
stability_discharge,discharge_formula_group_range,stoichiometric_window,electrode_state_stoichiometry,L0,RULE_SAFE_DEFAULT,feature::discharge_formula_group_range -> target::stability_discharge
stability_discharge,discharge_formula_group_std,stoichiometric_window,electrode_state_stoichiometry,L0,RULE_SAFE_DEFAULT,feature::discharge_formula_group_std -> target::stability_discharge
stability_discharge,discharge_formula_has_Br,stoichiometric_window,electrode_state_stoichiometry,L0,RULE_SAFE_DEFAULT,feature::discharge_formula_has_Br -> target::stability_discharge
stability_discharge,discharge_formula_has_C,stoichiometric_window,electrode_state_stoichiometry,L0,RULE_SAFE_DEFAULT,feature::discharge_formula_has_C -> target::stability_discharge
stability_discharge,discharge_formula_has_Cl,stoichiometric_window,electrode_state_stoichiometry,L0,RULE_SAFE_DEFAULT,feature::discharge_formula_has_Cl -> target::stability_discharge
stability_discharge,discharge_formula_has_F,stoichiometric_window,electrode_state_stoichiometry,L0,RULE_SAFE_DEFAULT,feature::discharge_formula_has_F -> target::stability_discharge
stability_discharge,discharge_formula_has_I,stoichiometric_window,electrode_state_stoichiometry,L0,RULE_SAFE_DEFAULT,feature::discharge_formula_has_I -> target::stability_discharge
stability_discharge,discharge_formula_has_N,stoichiometric_window,electrode_state_stoichiometry,L0,RULE_SAFE_DEFAULT,feature::discharge_formula_has_N -> target::stability_discharge
stability_discharge,discharge_formula_has_O,stoichiometric_window,electrode_state_stoichiometry,L0,RULE_SAFE_DEFAULT,feature::discharge_formula_has_O -> target::stability_discharge
stability_discharge,discharge_formula_has_P,stoichiometric_window,electrode_state_stoichiometry,L0,RULE_SAFE_DEFAULT,feature::discharge_formula_has_P -> target::stability_discharge
stability_discharge,discharge_formula_has_S,stoichiometric_window,electrode_state_stoichiometry,L0,RULE_SAFE_DEFAULT,feature::discharge_formula_has_S -> target::stability_discharge
stability_discharge,discharge_formula_has_Si,stoichiometric_window,electrode_state_stoichiometry,L0,RULE_SAFE_DEFAULT,feature::discharge_formula_has_Si -> target::stability_discharge
stability_discharge,discharge_formula_n_atoms,stoichiometric_window,electrode_state_stoichiometry,L0,RULE_SAFE_DEFAULT,feature::discharge_formula_n_atoms -> target::stability_discharge
stability_discharge,discharge_formula_n_elements,stoichiometric_window,electrode_state_stoichiometry,L0,RULE_SAFE_DEFAULT,feature::discharge_formula_n_elements -> target::stability_discharge
stability_discharge,discharge_formula_n_transition_metals,stoichiometric_window,electrode_state_stoichiometry,L0,RULE_SAFE_DEFAULT,feature::discharge_formula_n_transition_metals -> target::stability_discharge
stability_discharge,discharge_formula_parse_ok,stoichiometric_window,electrode_state_stoichiometry,L0,RULE_SAFE_DEFAULT,feature::discharge_formula_parse_ok -> target::stability_discharge
stability_discharge,discharge_formula_row_max,stoichiometric_window,electrode_state_stoichiometry,L0,RULE_SAFE_DEFAULT,feature::discharge_formula_row_max -> target::stability_discharge
stability_discharge,discharge_formula_row_mean,stoichiometric_window,electrode_state_stoichiometry,L0,RULE_SAFE_DEFAULT,feature::discharge_formula_row_mean -> target::stability_discharge
stability_discharge,discharge_formula_row_min,stoichiometric_window,electrode_state_stoichiometry,L0,RULE_SAFE_DEFAULT,feature::discharge_formula_row_min -> target::stability_discharge
stability_discharge,discharge_formula_row_range,stoichiometric_window,electrode_state_stoichiometry,L0,RULE_SAFE_DEFAULT,feature::discharge_formula_row_range -> target::stability_discharge
stability_discharge,discharge_formula_row_std,stoichiometric_window,electrode_state_stoichiometry,L0,RULE_SAFE_DEFAULT,feature::discharge_formula_row_std -> target::stability_discharge
stability_discharge,discharge_summary_band_gap,post_dft_electronic_summary,post_dft_electronic,L4,RULE_POST_DFT_ELECTRONIC,feature::discharge_summary_band_gap -> concept::post_dft_record -> target::stability_discharge
stability_discharge,discharge_summary_density,relaxed_structure_summary,relaxed_structure,L0,RULE_SAFE_STRUCTURE,feature::discharge_summary_density -> target::stability_discharge
stability_discharge,discharge_summary_density_atomic,relaxed_structure_summary,relaxed_structure,L0,RULE_SAFE_STRUCTURE,feature::discharge_summary_density_atomic -> target::stability_discharge
stability_discharge,discharge_summary_energy_above_hull,post_dft_energy_stability_summary,post_dft_thermodynamics,L2,RULE_HULL_STABILITY,feature::discharge_summary_energy_above_hull -> concept::hull_stability -> target::stability_discharge
stability_discharge,discharge_summary_formation_energy_per_atom,post_dft_energy_stability_summary,post_dft_thermodynamics,L4,RULE_FORMATION_ENERGY_STABILITY,feature::discharge_summary_formation_energy_per_atom -> concept::post_dft_thermodynamics -> target::stability_discharge
stability_discharge,discharge_summary_is_metal,post_dft_electronic_summary,post_dft_electronic,L4,RULE_POST_DFT_ELECTRONIC,feature::discharge_summary_is_metal -> concept::post_dft_record -> target::stability_discharge
stability_discharge,discharge_summary_is_stable,post_dft_energy_stability_summary,post_dft_thermodynamics,L2,RULE_HULL_STABILITY,feature::discharge_summary_is_stable -> concept::hull_stability -> target::stability_discharge
stability_discharge,discharge_summary_nsites,relaxed_structure_summary,relaxed_structure,L0,RULE_SAFE_STRUCTURE,feature::discharge_summary_nsites -> target::stability_discharge
stability_discharge,discharge_summary_symmetry_number,relaxed_structure_summary,relaxed_structure,L0,RULE_SAFE_STRUCTURE,feature::discharge_summary_symmetry_number -> target::stability_discharge
stability_discharge,discharge_summary_theoretical,post_dft_provenance_flag,post_dft_provenance,L4,RULE_POST_DFT_PROVENANCE,feature::discharge_summary_theoretical -> concept::post_dft_record -> target::stability_discharge
stability_discharge,discharge_summary_volume,relaxed_structure_summary,relaxed_structure,L0,RULE_SAFE_STRUCTURE,feature::discharge_summary_volume -> target::stability_discharge
stability_discharge,discharge_summary_volume_per_site,relaxed_structure_summary,relaxed_structure,L0,RULE_SAFE_STRUCTURE,feature::discharge_summary_volume_per_site -> target::stability_discharge
stability_discharge,energy_grav,stored_electrode_target,stored_electrode_record,L4,RULE_OTHER_STORED_TARGET,feature::energy_grav -> concept::stored_electrode_record -> target::stability_discharge
stability_discharge,energy_vol,stored_electrode_target,stored_electrode_record,L4,RULE_OTHER_STORED_TARGET,feature::energy_vol -> concept::stored_electrode_record -> target::stability_discharge
stability_discharge,fracA_charge,stoichiometric_window,electrode_state_stoichiometry,L0,RULE_SAFE_DEFAULT,feature::fracA_charge -> target::stability_discharge
stability_discharge,fracA_discharge,stoichiometric_window,electrode_state_stoichiometry,L0,RULE_SAFE_DEFAULT,feature::fracA_discharge -> target::stability_discharge
stability_discharge,fw_X_max,composition_known_framework,pre_dft_composition,L0,RULE_SAFE_DEFAULT,feature::fw_X_max -> target::stability_discharge
stability_discharge,fw_X_mean,composition_known_framework,pre_dft_composition,L0,RULE_SAFE_DEFAULT,feature::fw_X_mean -> target::stability_discharge
stability_discharge,fw_X_min,composition_known_framework,pre_dft_composition,L0,RULE_SAFE_DEFAULT,feature::fw_X_min -> target::stability_discharge
stability_discharge,fw_X_range,composition_known_framework,pre_dft_composition,L0,RULE_SAFE_DEFAULT,feature::fw_X_range -> target::stability_discharge
stability_discharge,fw_X_std,composition_known_framework,pre_dft_composition,L0,RULE_SAFE_DEFAULT,feature::fw_X_std -> target::stability_discharge
stability_discharge,fw_Z_max,composition_known_framework,pre_dft_composition,L0,RULE_SAFE_DEFAULT,feature::fw_Z_max -> target::stability_discharge
stability_discharge,fw_Z_mean,composition_known_framework,pre_dft_composition,L0,RULE_SAFE_DEFAULT,feature::fw_Z_mean -> target::stability_discharge
stability_discharge,fw_Z_min,composition_known_framework,pre_dft_composition,L0,RULE_SAFE_DEFAULT,feature::fw_Z_min -> target::stability_discharge
stability_discharge,fw_Z_range,composition_known_framework,pre_dft_composition,L0,RULE_SAFE_DEFAULT,feature::fw_Z_range -> target::stability_discharge
stability_discharge,fw_Z_std,composition_known_framework,pre_dft_composition,L0,RULE_SAFE_DEFAULT,feature::fw_Z_std -> target::stability_discharge
stability_discharge,fw_atomic_mass_max,composition_known_framework,pre_dft_composition,L0,RULE_SAFE_DEFAULT,feature::fw_atomic_mass_max -> target::stability_discharge
stability_discharge,fw_atomic_mass_mean,composition_known_framework,pre_dft_composition,L0,RULE_SAFE_DEFAULT,feature::fw_atomic_mass_mean -> target::stability_discharge
stability_discharge,fw_atomic_mass_min,composition_known_framework,pre_dft_composition,L0,RULE_SAFE_DEFAULT,feature::fw_atomic_mass_min -> target::stability_discharge
stability_discharge,fw_atomic_mass_range,composition_known_framework,pre_dft_composition,L0,RULE_SAFE_DEFAULT,feature::fw_atomic_mass_range -> target::stability_discharge
stability_discharge,fw_atomic_mass_std,composition_known_framework,pre_dft_composition,L0,RULE_SAFE_DEFAULT,feature::fw_atomic_mass_std -> target::stability_discharge
stability_discharge,fw_frac_Ag,composition_known_framework,pre_dft_composition,L0,RULE_SAFE_DEFAULT,feature::fw_frac_Ag -> target::stability_discharge
stability_discharge,fw_frac_Al,composition_known_framework,pre_dft_composition,L0,RULE_SAFE_DEFAULT,feature::fw_frac_Al -> target::stability_discharge
stability_discharge,fw_frac_As,composition_known_framework,pre_dft_composition,L0,RULE_SAFE_DEFAULT,feature::fw_frac_As -> target::stability_discharge
stability_discharge,fw_frac_B,composition_known_framework,pre_dft_composition,L0,RULE_SAFE_DEFAULT,feature::fw_frac_B -> target::stability_discharge
stability_discharge,fw_frac_Br,composition_known_framework,pre_dft_composition,L0,RULE_SAFE_DEFAULT,feature::fw_frac_Br -> target::stability_discharge
stability_discharge,fw_frac_C,composition_known_framework,pre_dft_composition,L0,RULE_SAFE_DEFAULT,feature::fw_frac_C -> target::stability_discharge
stability_discharge,fw_frac_Ca,composition_known_framework,pre_dft_composition,L0,RULE_SAFE_DEFAULT,feature::fw_frac_Ca -> target::stability_discharge
stability_discharge,fw_frac_Cl,composition_known_framework,pre_dft_composition,L0,RULE_SAFE_DEFAULT,feature::fw_frac_Cl -> target::stability_discharge
stability_discharge,fw_frac_Co,composition_known_framework,pre_dft_composition,L0,RULE_SAFE_DEFAULT,feature::fw_frac_Co -> target::stability_discharge
stability_discharge,fw_frac_Cr,composition_known_framework,pre_dft_composition,L0,RULE_SAFE_DEFAULT,feature::fw_frac_Cr -> target::stability_discharge
stability_discharge,fw_frac_Cu,composition_known_framework,pre_dft_composition,L0,RULE_SAFE_DEFAULT,feature::fw_frac_Cu -> target::stability_discharge
stability_discharge,fw_frac_F,composition_known_framework,pre_dft_composition,L0,RULE_SAFE_DEFAULT,feature::fw_frac_F -> target::stability_discharge
stability_discharge,fw_frac_Fe,composition_known_framework,pre_dft_composition,L0,RULE_SAFE_DEFAULT,feature::fw_frac_Fe -> target::stability_discharge
stability_discharge,fw_frac_I,composition_known_framework,pre_dft_composition,L0,RULE_SAFE_DEFAULT,feature::fw_frac_I -> target::stability_discharge
stability_discharge,fw_frac_K,composition_known_framework,pre_dft_composition,L0,RULE_SAFE_DEFAULT,feature::fw_frac_K -> target::stability_discharge
stability_discharge,fw_frac_Li,composition_known_framework,pre_dft_composition,L0,RULE_SAFE_DEFAULT,feature::fw_frac_Li -> target::stability_discharge
stability_discharge,fw_frac_Mg,composition_known_framework,pre_dft_composition,L0,RULE_SAFE_DEFAULT,feature::fw_frac_Mg -> target::stability_discharge
stability_discharge,fw_frac_Mn,composition_known_framework,pre_dft_composition,L0,RULE_SAFE_DEFAULT,feature::fw_frac_Mn -> target::stability_discharge
stability_discharge,fw_frac_N,composition_known_framework,pre_dft_composition,L0,RULE_SAFE_DEFAULT,feature::fw_frac_N -> target::stability_discharge
stability_discharge,fw_frac_Na,composition_known_framework,pre_dft_composition,L0,RULE_SAFE_DEFAULT,feature::fw_frac_Na -> target::stability_discharge
stability_discharge,fw_frac_Ni,composition_known_framework,pre_dft_composition,L0,RULE_SAFE_DEFAULT,feature::fw_frac_Ni -> target::stability_discharge
stability_discharge,fw_frac_O,composition_known_framework,pre_dft_composition,L0,RULE_SAFE_DEFAULT,feature::fw_frac_O -> target::stability_discharge
stability_discharge,fw_frac_P,composition_known_framework,pre_dft_composition,L0,RULE_SAFE_DEFAULT,feature::fw_frac_P -> target::stability_discharge
stability_discharge,fw_frac_S,composition_known_framework,pre_dft_composition,L0,RULE_SAFE_DEFAULT,feature::fw_frac_S -> target::stability_discharge
stability_discharge,fw_frac_Si,composition_known_framework,pre_dft_composition,L0,RULE_SAFE_DEFAULT,feature::fw_frac_Si -> target::stability_discharge
stability_discharge,fw_frac_Ti,composition_known_framework,pre_dft_composition,L0,RULE_SAFE_DEFAULT,feature::fw_frac_Ti -> target::stability_discharge
stability_discharge,fw_frac_V,composition_known_framework,pre_dft_composition,L0,RULE_SAFE_DEFAULT,feature::fw_frac_V -> target::stability_discharge
stability_discharge,fw_frac_Zn,composition_known_framework,pre_dft_composition,L0,RULE_SAFE_DEFAULT,feature::fw_frac_Zn -> target::stability_discharge
stability_discharge,fw_frac_transition_metals,composition_known_framework,pre_dft_composition,L0,RULE_SAFE_DEFAULT,feature::fw_frac_transition_metals -> target::stability_discharge
stability_discharge,fw_group_max,composition_known_framework,pre_dft_composition,L0,RULE_SAFE_DEFAULT,feature::fw_group_max -> target::stability_discharge
stability_discharge,fw_group_mean,composition_known_framework,pre_dft_composition,L0,RULE_SAFE_DEFAULT,feature::fw_group_mean -> target::stability_discharge
stability_discharge,fw_group_min,composition_known_framework,pre_dft_composition,L0,RULE_SAFE_DEFAULT,feature::fw_group_min -> target::stability_discharge
stability_discharge,fw_group_range,composition_known_framework,pre_dft_composition,L0,RULE_SAFE_DEFAULT,feature::fw_group_range -> target::stability_discharge
stability_discharge,fw_group_std,composition_known_framework,pre_dft_composition,L0,RULE_SAFE_DEFAULT,feature::fw_group_std -> target::stability_discharge
stability_discharge,fw_has_Br,composition_known_framework,pre_dft_composition,L0,RULE_SAFE_DEFAULT,feature::fw_has_Br -> target::stability_discharge
stability_discharge,fw_has_C,composition_known_framework,pre_dft_composition,L0,RULE_SAFE_DEFAULT,feature::fw_has_C -> target::stability_discharge
stability_discharge,fw_has_Cl,composition_known_framework,pre_dft_composition,L0,RULE_SAFE_DEFAULT,feature::fw_has_Cl -> target::stability_discharge
stability_discharge,fw_has_F,composition_known_framework,pre_dft_composition,L0,RULE_SAFE_DEFAULT,feature::fw_has_F -> target::stability_discharge
stability_discharge,fw_has_I,composition_known_framework,pre_dft_composition,L0,RULE_SAFE_DEFAULT,feature::fw_has_I -> target::stability_discharge
stability_discharge,fw_has_N,composition_known_framework,pre_dft_composition,L0,RULE_SAFE_DEFAULT,feature::fw_has_N -> target::stability_discharge
stability_discharge,fw_has_O,composition_known_framework,pre_dft_composition,L0,RULE_SAFE_DEFAULT,feature::fw_has_O -> target::stability_discharge
stability_discharge,fw_has_P,composition_known_framework,pre_dft_composition,L0,RULE_SAFE_DEFAULT,feature::fw_has_P -> target::stability_discharge
stability_discharge,fw_has_S,composition_known_framework,pre_dft_composition,L0,RULE_SAFE_DEFAULT,feature::fw_has_S -> target::stability_discharge
stability_discharge,fw_has_Si,composition_known_framework,pre_dft_composition,L0,RULE_SAFE_DEFAULT,feature::fw_has_Si -> target::stability_discharge
stability_discharge,fw_n_atoms,composition_known_framework,pre_dft_composition,L0,RULE_SAFE_DEFAULT,feature::fw_n_atoms -> target::stability_discharge
stability_discharge,fw_n_elements,composition_known_framework,pre_dft_composition,L0,RULE_SAFE_DEFAULT,feature::fw_n_elements -> target::stability_discharge
stability_discharge,fw_n_transition_metals,composition_known_framework,pre_dft_composition,L0,RULE_SAFE_DEFAULT,feature::fw_n_transition_metals -> target::stability_discharge
stability_discharge,fw_parse_ok,composition_known_framework,pre_dft_composition,L0,RULE_SAFE_DEFAULT,feature::fw_parse_ok -> target::stability_discharge
stability_discharge,fw_row_max,composition_known_framework,pre_dft_composition,L0,RULE_SAFE_DEFAULT,feature::fw_row_max -> target::stability_discharge
stability_discharge,fw_row_mean,composition_known_framework,pre_dft_composition,L0,RULE_SAFE_DEFAULT,feature::fw_row_mean -> target::stability_discharge
stability_discharge,fw_row_min,composition_known_framework,pre_dft_composition,L0,RULE_SAFE_DEFAULT,feature::fw_row_min -> target::stability_discharge
stability_discharge,fw_row_range,composition_known_framework,pre_dft_composition,L0,RULE_SAFE_DEFAULT,feature::fw_row_range -> target::stability_discharge
stability_discharge,fw_row_std,composition_known_framework,pre_dft_composition,L0,RULE_SAFE_DEFAULT,feature::fw_row_std -> target::stability_discharge
stability_discharge,max_delta_volume,stored_electrode_target,stored_electrode_record,L4,RULE_OTHER_STORED_TARGET,feature::max_delta_volume -> concept::stored_electrode_record -> target::stability_discharge
stability_discharge,max_voltage_step,stored_electrode_process_descriptor,stored_electrode_record,L0,RULE_SAFE_DEFAULT,feature::max_voltage_step -> target::stability_discharge
stability_discharge,num_steps,stored_electrode_process_descriptor,stored_electrode_record,L0,RULE_SAFE_DEFAULT,feature::num_steps -> target::stability_discharge
stability_discharge,stability_charge,stored_electrode_target,stored_electrode_record,L2,RULE_STABILITY_AGGREGATION,feature::stability_charge -> concept::stability_aggregation -> target::stability_discharge
stability_discharge,stability_discharge,stored_electrode_target,stored_electrode_record,L1,RULE_DIRECT_TARGET,feature::stability_discharge -> target::stability_discharge
stability_discharge,stability_worst,stored_electrode_target,stored_electrode_record,L2,RULE_STABILITY_AGGREGATION,feature::stability_worst -> concept::stability_aggregation -> target::stability_discharge
stability_discharge,stoich_abs_wi_amount_delta,stoichiometric_window,electrode_state_stoichiometry,L0,RULE_SAFE_DEFAULT,feature::stoich_abs_wi_amount_delta -> target::stability_discharge
stability_discharge,stoich_wi_amount_charge,stoichiometric_window,electrode_state_stoichiometry,L0,RULE_SAFE_DEFAULT,feature::stoich_wi_amount_charge -> target::stability_discharge
stability_discharge,stoich_wi_amount_delta,stoichiometric_window,electrode_state_stoichiometry,L0,RULE_SAFE_DEFAULT,feature::stoich_wi_amount_delta -> target::stability_discharge
stability_discharge,stoich_wi_amount_discharge,stoichiometric_window,electrode_state_stoichiometry,L0,RULE_SAFE_DEFAULT,feature::stoich_wi_amount_discharge -> target::stability_discharge
stability_discharge,stored_abs_fracA_delta,other_numeric,derived_miscellaneous,L0,RULE_SAFE_DEFAULT,feature::stored_abs_fracA_delta -> target::stability_discharge
stability_discharge,stored_fracA_delta,stoichiometric_window,electrode_state_stoichiometry,L0,RULE_SAFE_DEFAULT,feature::stored_fracA_delta -> target::stability_discharge
stability_discharge,summary_abs_delta_band_gap,post_dft_electronic_summary,post_dft_electronic,L4,RULE_POST_DFT_ELECTRONIC,feature::summary_abs_delta_band_gap -> concept::post_dft_record -> target::stability_discharge
stability_discharge,summary_abs_delta_density,relaxed_structure_summary,relaxed_structure,L0,RULE_SAFE_STRUCTURE,feature::summary_abs_delta_density -> target::stability_discharge
stability_discharge,summary_abs_delta_density_atomic,relaxed_structure_summary,relaxed_structure,L0,RULE_SAFE_STRUCTURE,feature::summary_abs_delta_density_atomic -> target::stability_discharge
stability_discharge,summary_abs_delta_energy_above_hull,post_dft_energy_stability_summary,post_dft_thermodynamics,L2,RULE_HULL_STABILITY,feature::summary_abs_delta_energy_above_hull -> concept::hull_stability -> target::stability_discharge
stability_discharge,summary_abs_delta_formation_energy_per_atom,post_dft_energy_stability_summary,post_dft_thermodynamics,L4,RULE_FORMATION_ENERGY_STABILITY,feature::summary_abs_delta_formation_energy_per_atom -> concept::post_dft_thermodynamics -> target::stability_discharge
stability_discharge,summary_abs_delta_volume_fraction,relaxed_structure_summary,relaxed_structure,L0,RULE_SAFE_STRUCTURE,feature::summary_abs_delta_volume_fraction -> target::stability_discharge
stability_discharge,summary_abs_delta_volume_per_site,relaxed_structure_summary,relaxed_structure,L0,RULE_SAFE_STRUCTURE,feature::summary_abs_delta_volume_per_site -> target::stability_discharge
stability_discharge,summary_delta_band_gap,post_dft_electronic_summary,post_dft_electronic,L4,RULE_POST_DFT_ELECTRONIC,feature::summary_delta_band_gap -> concept::post_dft_record -> target::stability_discharge
stability_discharge,summary_delta_density,relaxed_structure_summary,relaxed_structure,L0,RULE_SAFE_STRUCTURE,feature::summary_delta_density -> target::stability_discharge
stability_discharge,summary_delta_density_atomic,relaxed_structure_summary,relaxed_structure,L0,RULE_SAFE_STRUCTURE,feature::summary_delta_density_atomic -> target::stability_discharge
stability_discharge,summary_delta_energy_above_hull,post_dft_energy_stability_summary,post_dft_thermodynamics,L2,RULE_HULL_STABILITY,feature::summary_delta_energy_above_hull -> concept::hull_stability -> target::stability_discharge
stability_discharge,summary_delta_formation_energy_per_atom,post_dft_energy_stability_summary,post_dft_thermodynamics,L4,RULE_FORMATION_ENERGY_STABILITY,feature::summary_delta_formation_energy_per_atom -> concept::post_dft_thermodynamics -> target::stability_discharge
stability_discharge,summary_delta_volume_fraction,relaxed_structure_summary,relaxed_structure,L0,RULE_SAFE_STRUCTURE,feature::summary_delta_volume_fraction -> target::stability_discharge
stability_discharge,summary_delta_volume_per_site,relaxed_structure_summary,relaxed_structure,L0,RULE_SAFE_STRUCTURE,feature::summary_delta_volume_per_site -> target::stability_discharge
stability_discharge,summary_worst_energy_above_hull,post_dft_energy_stability_summary,post_dft_thermodynamics,L2,RULE_HULL_STABILITY,feature::summary_worst_energy_above_hull -> concept::hull_stability -> target::stability_discharge
stability_discharge,wi_X,composition_known_working_ion,pre_dft_composition,L0,RULE_SAFE_DEFAULT,feature::wi_X -> target::stability_discharge
stability_discharge,wi_Z,composition_known_working_ion,pre_dft_composition,L0,RULE_SAFE_DEFAULT,feature::wi_Z -> target::stability_discharge
stability_discharge,wi_atomic_mass,composition_known_working_ion,pre_dft_composition,L0,RULE_SAFE_DEFAULT,feature::wi_atomic_mass -> target::stability_discharge
stability_discharge,wi_group,composition_known_working_ion,pre_dft_composition,L0,RULE_SAFE_DEFAULT,feature::wi_group -> target::stability_discharge
stability_discharge,wi_is_K,domain_label_onehot,validation_only,L5,RULE_DOMAIN_LABEL,feature::wi_is_K -> concept::validation_domain -> target::stability_discharge
stability_discharge,wi_is_Li,domain_label_onehot,validation_only,L5,RULE_DOMAIN_LABEL,feature::wi_is_Li -> concept::validation_domain -> target::stability_discharge
stability_discharge,wi_is_Na,domain_label_onehot,validation_only,L5,RULE_DOMAIN_LABEL,feature::wi_is_Na -> concept::validation_domain -> target::stability_discharge
stability_discharge,wi_row,composition_known_working_ion,pre_dft_composition,L0,RULE_SAFE_DEFAULT,feature::wi_row -> target::stability_discharge
stability_worst,average_voltage,stored_electrode_target,stored_electrode_record,L4,RULE_OTHER_STORED_TARGET,feature::average_voltage -> concept::stored_electrode_record -> target::stability_worst
stability_worst,capacity_grav,stored_electrode_target,stored_electrode_record,L4,RULE_OTHER_STORED_TARGET,feature::capacity_grav -> concept::stored_electrode_record -> target::stability_worst
stability_worst,capacity_vol,stored_electrode_target,stored_electrode_record,L4,RULE_OTHER_STORED_TARGET,feature::capacity_vol -> concept::stored_electrode_record -> target::stability_worst
stability_worst,charge_formula_X_max,stoichiometric_window,electrode_state_stoichiometry,L0,RULE_SAFE_DEFAULT,feature::charge_formula_X_max -> target::stability_worst
stability_worst,charge_formula_X_mean,stoichiometric_window,electrode_state_stoichiometry,L0,RULE_SAFE_DEFAULT,feature::charge_formula_X_mean -> target::stability_worst
stability_worst,charge_formula_X_min,stoichiometric_window,electrode_state_stoichiometry,L0,RULE_SAFE_DEFAULT,feature::charge_formula_X_min -> target::stability_worst
stability_worst,charge_formula_X_range,stoichiometric_window,electrode_state_stoichiometry,L0,RULE_SAFE_DEFAULT,feature::charge_formula_X_range -> target::stability_worst
stability_worst,charge_formula_X_std,stoichiometric_window,electrode_state_stoichiometry,L0,RULE_SAFE_DEFAULT,feature::charge_formula_X_std -> target::stability_worst
stability_worst,charge_formula_Z_max,stoichiometric_window,electrode_state_stoichiometry,L0,RULE_SAFE_DEFAULT,feature::charge_formula_Z_max -> target::stability_worst
stability_worst,charge_formula_Z_mean,stoichiometric_window,electrode_state_stoichiometry,L0,RULE_SAFE_DEFAULT,feature::charge_formula_Z_mean -> target::stability_worst
stability_worst,charge_formula_Z_min,stoichiometric_window,electrode_state_stoichiometry,L0,RULE_SAFE_DEFAULT,feature::charge_formula_Z_min -> target::stability_worst
stability_worst,charge_formula_Z_range,stoichiometric_window,electrode_state_stoichiometry,L0,RULE_SAFE_DEFAULT,feature::charge_formula_Z_range -> target::stability_worst
stability_worst,charge_formula_Z_std,stoichiometric_window,electrode_state_stoichiometry,L0,RULE_SAFE_DEFAULT,feature::charge_formula_Z_std -> target::stability_worst
stability_worst,charge_formula_atomic_mass_max,stoichiometric_window,electrode_state_stoichiometry,L0,RULE_SAFE_DEFAULT,feature::charge_formula_atomic_mass_max -> target::stability_worst
stability_worst,charge_formula_atomic_mass_mean,stoichiometric_window,electrode_state_stoichiometry,L0,RULE_SAFE_DEFAULT,feature::charge_formula_atomic_mass_mean -> target::stability_worst
stability_worst,charge_formula_atomic_mass_min,stoichiometric_window,electrode_state_stoichiometry,L0,RULE_SAFE_DEFAULT,feature::charge_formula_atomic_mass_min -> target::stability_worst
stability_worst,charge_formula_atomic_mass_range,stoichiometric_window,electrode_state_stoichiometry,L0,RULE_SAFE_DEFAULT,feature::charge_formula_atomic_mass_range -> target::stability_worst
stability_worst,charge_formula_atomic_mass_std,stoichiometric_window,electrode_state_stoichiometry,L0,RULE_SAFE_DEFAULT,feature::charge_formula_atomic_mass_std -> target::stability_worst
stability_worst,charge_formula_frac_Ag,stoichiometric_window,electrode_state_stoichiometry,L0,RULE_SAFE_DEFAULT,feature::charge_formula_frac_Ag -> target::stability_worst
stability_worst,charge_formula_frac_Al,stoichiometric_window,electrode_state_stoichiometry,L0,RULE_SAFE_DEFAULT,feature::charge_formula_frac_Al -> target::stability_worst
stability_worst,charge_formula_frac_As,stoichiometric_window,electrode_state_stoichiometry,L0,RULE_SAFE_DEFAULT,feature::charge_formula_frac_As -> target::stability_worst
stability_worst,charge_formula_frac_B,stoichiometric_window,electrode_state_stoichiometry,L0,RULE_SAFE_DEFAULT,feature::charge_formula_frac_B -> target::stability_worst
stability_worst,charge_formula_frac_Br,stoichiometric_window,electrode_state_stoichiometry,L0,RULE_SAFE_DEFAULT,feature::charge_formula_frac_Br -> target::stability_worst
stability_worst,charge_formula_frac_C,stoichiometric_window,electrode_state_stoichiometry,L0,RULE_SAFE_DEFAULT,feature::charge_formula_frac_C -> target::stability_worst
stability_worst,charge_formula_frac_Ca,stoichiometric_window,electrode_state_stoichiometry,L0,RULE_SAFE_DEFAULT,feature::charge_formula_frac_Ca -> target::stability_worst
stability_worst,charge_formula_frac_Cl,stoichiometric_window,electrode_state_stoichiometry,L0,RULE_SAFE_DEFAULT,feature::charge_formula_frac_Cl -> target::stability_worst
stability_worst,charge_formula_frac_Co,stoichiometric_window,electrode_state_stoichiometry,L0,RULE_SAFE_DEFAULT,feature::charge_formula_frac_Co -> target::stability_worst
stability_worst,charge_formula_frac_Cr,stoichiometric_window,electrode_state_stoichiometry,L0,RULE_SAFE_DEFAULT,feature::charge_formula_frac_Cr -> target::stability_worst
stability_worst,charge_formula_frac_Cu,stoichiometric_window,electrode_state_stoichiometry,L0,RULE_SAFE_DEFAULT,feature::charge_formula_frac_Cu -> target::stability_worst
stability_worst,charge_formula_frac_F,stoichiometric_window,electrode_state_stoichiometry,L0,RULE_SAFE_DEFAULT,feature::charge_formula_frac_F -> target::stability_worst
stability_worst,charge_formula_frac_Fe,stoichiometric_window,electrode_state_stoichiometry,L0,RULE_SAFE_DEFAULT,feature::charge_formula_frac_Fe -> target::stability_worst
stability_worst,charge_formula_frac_I,stoichiometric_window,electrode_state_stoichiometry,L0,RULE_SAFE_DEFAULT,feature::charge_formula_frac_I -> target::stability_worst
stability_worst,charge_formula_frac_K,stoichiometric_window,electrode_state_stoichiometry,L0,RULE_SAFE_DEFAULT,feature::charge_formula_frac_K -> target::stability_worst
stability_worst,charge_formula_frac_Li,stoichiometric_window,electrode_state_stoichiometry,L0,RULE_SAFE_DEFAULT,feature::charge_formula_frac_Li -> target::stability_worst
stability_worst,charge_formula_frac_Mg,stoichiometric_window,electrode_state_stoichiometry,L0,RULE_SAFE_DEFAULT,feature::charge_formula_frac_Mg -> target::stability_worst
stability_worst,charge_formula_frac_Mn,stoichiometric_window,electrode_state_stoichiometry,L0,RULE_SAFE_DEFAULT,feature::charge_formula_frac_Mn -> target::stability_worst
stability_worst,charge_formula_frac_N,stoichiometric_window,electrode_state_stoichiometry,L0,RULE_SAFE_DEFAULT,feature::charge_formula_frac_N -> target::stability_worst
stability_worst,charge_formula_frac_Na,stoichiometric_window,electrode_state_stoichiometry,L0,RULE_SAFE_DEFAULT,feature::charge_formula_frac_Na -> target::stability_worst
stability_worst,charge_formula_frac_Ni,stoichiometric_window,electrode_state_stoichiometry,L0,RULE_SAFE_DEFAULT,feature::charge_formula_frac_Ni -> target::stability_worst
stability_worst,charge_formula_frac_O,stoichiometric_window,electrode_state_stoichiometry,L0,RULE_SAFE_DEFAULT,feature::charge_formula_frac_O -> target::stability_worst
stability_worst,charge_formula_frac_P,stoichiometric_window,electrode_state_stoichiometry,L0,RULE_SAFE_DEFAULT,feature::charge_formula_frac_P -> target::stability_worst
stability_worst,charge_formula_frac_S,stoichiometric_window,electrode_state_stoichiometry,L0,RULE_SAFE_DEFAULT,feature::charge_formula_frac_S -> target::stability_worst
stability_worst,charge_formula_frac_Si,stoichiometric_window,electrode_state_stoichiometry,L0,RULE_SAFE_DEFAULT,feature::charge_formula_frac_Si -> target::stability_worst
stability_worst,charge_formula_frac_Ti,stoichiometric_window,electrode_state_stoichiometry,L0,RULE_SAFE_DEFAULT,feature::charge_formula_frac_Ti -> target::stability_worst
stability_worst,charge_formula_frac_V,stoichiometric_window,electrode_state_stoichiometry,L0,RULE_SAFE_DEFAULT,feature::charge_formula_frac_V -> target::stability_worst
stability_worst,charge_formula_frac_Zn,stoichiometric_window,electrode_state_stoichiometry,L0,RULE_SAFE_DEFAULT,feature::charge_formula_frac_Zn -> target::stability_worst
stability_worst,charge_formula_frac_transition_metals,stoichiometric_window,electrode_state_stoichiometry,L0,RULE_SAFE_DEFAULT,feature::charge_formula_frac_transition_metals -> target::stability_worst
stability_worst,charge_formula_group_max,stoichiometric_window,electrode_state_stoichiometry,L0,RULE_SAFE_DEFAULT,feature::charge_formula_group_max -> target::stability_worst
stability_worst,charge_formula_group_mean,stoichiometric_window,electrode_state_stoichiometry,L0,RULE_SAFE_DEFAULT,feature::charge_formula_group_mean -> target::stability_worst
stability_worst,charge_formula_group_min,stoichiometric_window,electrode_state_stoichiometry,L0,RULE_SAFE_DEFAULT,feature::charge_formula_group_min -> target::stability_worst
stability_worst,charge_formula_group_range,stoichiometric_window,electrode_state_stoichiometry,L0,RULE_SAFE_DEFAULT,feature::charge_formula_group_range -> target::stability_worst
stability_worst,charge_formula_group_std,stoichiometric_window,electrode_state_stoichiometry,L0,RULE_SAFE_DEFAULT,feature::charge_formula_group_std -> target::stability_worst
stability_worst,charge_formula_has_Br,stoichiometric_window,electrode_state_stoichiometry,L0,RULE_SAFE_DEFAULT,feature::charge_formula_has_Br -> target::stability_worst
stability_worst,charge_formula_has_C,stoichiometric_window,electrode_state_stoichiometry,L0,RULE_SAFE_DEFAULT,feature::charge_formula_has_C -> target::stability_worst
stability_worst,charge_formula_has_Cl,stoichiometric_window,electrode_state_stoichiometry,L0,RULE_SAFE_DEFAULT,feature::charge_formula_has_Cl -> target::stability_worst
stability_worst,charge_formula_has_F,stoichiometric_window,electrode_state_stoichiometry,L0,RULE_SAFE_DEFAULT,feature::charge_formula_has_F -> target::stability_worst
stability_worst,charge_formula_has_I,stoichiometric_window,electrode_state_stoichiometry,L0,RULE_SAFE_DEFAULT,feature::charge_formula_has_I -> target::stability_worst
stability_worst,charge_formula_has_N,stoichiometric_window,electrode_state_stoichiometry,L0,RULE_SAFE_DEFAULT,feature::charge_formula_has_N -> target::stability_worst
stability_worst,charge_formula_has_O,stoichiometric_window,electrode_state_stoichiometry,L0,RULE_SAFE_DEFAULT,feature::charge_formula_has_O -> target::stability_worst
stability_worst,charge_formula_has_P,stoichiometric_window,electrode_state_stoichiometry,L0,RULE_SAFE_DEFAULT,feature::charge_formula_has_P -> target::stability_worst
stability_worst,charge_formula_has_S,stoichiometric_window,electrode_state_stoichiometry,L0,RULE_SAFE_DEFAULT,feature::charge_formula_has_S -> target::stability_worst
stability_worst,charge_formula_has_Si,stoichiometric_window,electrode_state_stoichiometry,L0,RULE_SAFE_DEFAULT,feature::charge_formula_has_Si -> target::stability_worst
stability_worst,charge_formula_n_atoms,stoichiometric_window,electrode_state_stoichiometry,L0,RULE_SAFE_DEFAULT,feature::charge_formula_n_atoms -> target::stability_worst
stability_worst,charge_formula_n_elements,stoichiometric_window,electrode_state_stoichiometry,L0,RULE_SAFE_DEFAULT,feature::charge_formula_n_elements -> target::stability_worst
stability_worst,charge_formula_n_transition_metals,stoichiometric_window,electrode_state_stoichiometry,L0,RULE_SAFE_DEFAULT,feature::charge_formula_n_transition_metals -> target::stability_worst
stability_worst,charge_formula_parse_ok,stoichiometric_window,electrode_state_stoichiometry,L0,RULE_SAFE_DEFAULT,feature::charge_formula_parse_ok -> target::stability_worst
stability_worst,charge_formula_row_max,stoichiometric_window,electrode_state_stoichiometry,L0,RULE_SAFE_DEFAULT,feature::charge_formula_row_max -> target::stability_worst
stability_worst,charge_formula_row_mean,stoichiometric_window,electrode_state_stoichiometry,L0,RULE_SAFE_DEFAULT,feature::charge_formula_row_mean -> target::stability_worst
stability_worst,charge_formula_row_min,stoichiometric_window,electrode_state_stoichiometry,L0,RULE_SAFE_DEFAULT,feature::charge_formula_row_min -> target::stability_worst
stability_worst,charge_formula_row_range,stoichiometric_window,electrode_state_stoichiometry,L0,RULE_SAFE_DEFAULT,feature::charge_formula_row_range -> target::stability_worst
stability_worst,charge_formula_row_std,stoichiometric_window,electrode_state_stoichiometry,L0,RULE_SAFE_DEFAULT,feature::charge_formula_row_std -> target::stability_worst
stability_worst,charge_summary_band_gap,post_dft_electronic_summary,post_dft_electronic,L4,RULE_POST_DFT_ELECTRONIC,feature::charge_summary_band_gap -> concept::post_dft_record -> target::stability_worst
stability_worst,charge_summary_density,relaxed_structure_summary,relaxed_structure,L0,RULE_SAFE_STRUCTURE,feature::charge_summary_density -> target::stability_worst
stability_worst,charge_summary_density_atomic,relaxed_structure_summary,relaxed_structure,L0,RULE_SAFE_STRUCTURE,feature::charge_summary_density_atomic -> target::stability_worst
stability_worst,charge_summary_energy_above_hull,post_dft_energy_stability_summary,post_dft_thermodynamics,L2,RULE_HULL_STABILITY,feature::charge_summary_energy_above_hull -> concept::hull_stability -> target::stability_worst
stability_worst,charge_summary_formation_energy_per_atom,post_dft_energy_stability_summary,post_dft_thermodynamics,L4,RULE_FORMATION_ENERGY_STABILITY,feature::charge_summary_formation_energy_per_atom -> concept::post_dft_thermodynamics -> target::stability_worst
stability_worst,charge_summary_is_metal,post_dft_electronic_summary,post_dft_electronic,L4,RULE_POST_DFT_ELECTRONIC,feature::charge_summary_is_metal -> concept::post_dft_record -> target::stability_worst
stability_worst,charge_summary_is_stable,post_dft_energy_stability_summary,post_dft_thermodynamics,L2,RULE_HULL_STABILITY,feature::charge_summary_is_stable -> concept::hull_stability -> target::stability_worst
stability_worst,charge_summary_nsites,relaxed_structure_summary,relaxed_structure,L0,RULE_SAFE_STRUCTURE,feature::charge_summary_nsites -> target::stability_worst
stability_worst,charge_summary_symmetry_number,relaxed_structure_summary,relaxed_structure,L0,RULE_SAFE_STRUCTURE,feature::charge_summary_symmetry_number -> target::stability_worst
stability_worst,charge_summary_theoretical,post_dft_provenance_flag,post_dft_provenance,L4,RULE_POST_DFT_PROVENANCE,feature::charge_summary_theoretical -> concept::post_dft_record -> target::stability_worst
stability_worst,charge_summary_volume,relaxed_structure_summary,relaxed_structure,L0,RULE_SAFE_STRUCTURE,feature::charge_summary_volume -> target::stability_worst
stability_worst,charge_summary_volume_per_site,relaxed_structure_summary,relaxed_structure,L0,RULE_SAFE_STRUCTURE,feature::charge_summary_volume_per_site -> target::stability_worst
stability_worst,discharge_formula_X_max,stoichiometric_window,electrode_state_stoichiometry,L0,RULE_SAFE_DEFAULT,feature::discharge_formula_X_max -> target::stability_worst
stability_worst,discharge_formula_X_mean,stoichiometric_window,electrode_state_stoichiometry,L0,RULE_SAFE_DEFAULT,feature::discharge_formula_X_mean -> target::stability_worst
stability_worst,discharge_formula_X_min,stoichiometric_window,electrode_state_stoichiometry,L0,RULE_SAFE_DEFAULT,feature::discharge_formula_X_min -> target::stability_worst
stability_worst,discharge_formula_X_range,stoichiometric_window,electrode_state_stoichiometry,L0,RULE_SAFE_DEFAULT,feature::discharge_formula_X_range -> target::stability_worst
stability_worst,discharge_formula_X_std,stoichiometric_window,electrode_state_stoichiometry,L0,RULE_SAFE_DEFAULT,feature::discharge_formula_X_std -> target::stability_worst
stability_worst,discharge_formula_Z_max,stoichiometric_window,electrode_state_stoichiometry,L0,RULE_SAFE_DEFAULT,feature::discharge_formula_Z_max -> target::stability_worst
stability_worst,discharge_formula_Z_mean,stoichiometric_window,electrode_state_stoichiometry,L0,RULE_SAFE_DEFAULT,feature::discharge_formula_Z_mean -> target::stability_worst
stability_worst,discharge_formula_Z_min,stoichiometric_window,electrode_state_stoichiometry,L0,RULE_SAFE_DEFAULT,feature::discharge_formula_Z_min -> target::stability_worst
stability_worst,discharge_formula_Z_range,stoichiometric_window,electrode_state_stoichiometry,L0,RULE_SAFE_DEFAULT,feature::discharge_formula_Z_range -> target::stability_worst
stability_worst,discharge_formula_Z_std,stoichiometric_window,electrode_state_stoichiometry,L0,RULE_SAFE_DEFAULT,feature::discharge_formula_Z_std -> target::stability_worst
stability_worst,discharge_formula_atomic_mass_max,stoichiometric_window,electrode_state_stoichiometry,L0,RULE_SAFE_DEFAULT,feature::discharge_formula_atomic_mass_max -> target::stability_worst
stability_worst,discharge_formula_atomic_mass_mean,stoichiometric_window,electrode_state_stoichiometry,L0,RULE_SAFE_DEFAULT,feature::discharge_formula_atomic_mass_mean -> target::stability_worst
stability_worst,discharge_formula_atomic_mass_min,stoichiometric_window,electrode_state_stoichiometry,L0,RULE_SAFE_DEFAULT,feature::discharge_formula_atomic_mass_min -> target::stability_worst
stability_worst,discharge_formula_atomic_mass_range,stoichiometric_window,electrode_state_stoichiometry,L0,RULE_SAFE_DEFAULT,feature::discharge_formula_atomic_mass_range -> target::stability_worst
stability_worst,discharge_formula_atomic_mass_std,stoichiometric_window,electrode_state_stoichiometry,L0,RULE_SAFE_DEFAULT,feature::discharge_formula_atomic_mass_std -> target::stability_worst
stability_worst,discharge_formula_frac_Ag,stoichiometric_window,electrode_state_stoichiometry,L0,RULE_SAFE_DEFAULT,feature::discharge_formula_frac_Ag -> target::stability_worst
stability_worst,discharge_formula_frac_Al,stoichiometric_window,electrode_state_stoichiometry,L0,RULE_SAFE_DEFAULT,feature::discharge_formula_frac_Al -> target::stability_worst
stability_worst,discharge_formula_frac_As,stoichiometric_window,electrode_state_stoichiometry,L0,RULE_SAFE_DEFAULT,feature::discharge_formula_frac_As -> target::stability_worst
stability_worst,discharge_formula_frac_B,stoichiometric_window,electrode_state_stoichiometry,L0,RULE_SAFE_DEFAULT,feature::discharge_formula_frac_B -> target::stability_worst
stability_worst,discharge_formula_frac_Br,stoichiometric_window,electrode_state_stoichiometry,L0,RULE_SAFE_DEFAULT,feature::discharge_formula_frac_Br -> target::stability_worst
stability_worst,discharge_formula_frac_C,stoichiometric_window,electrode_state_stoichiometry,L0,RULE_SAFE_DEFAULT,feature::discharge_formula_frac_C -> target::stability_worst
stability_worst,discharge_formula_frac_Ca,stoichiometric_window,electrode_state_stoichiometry,L0,RULE_SAFE_DEFAULT,feature::discharge_formula_frac_Ca -> target::stability_worst
stability_worst,discharge_formula_frac_Cl,stoichiometric_window,electrode_state_stoichiometry,L0,RULE_SAFE_DEFAULT,feature::discharge_formula_frac_Cl -> target::stability_worst
stability_worst,discharge_formula_frac_Co,stoichiometric_window,electrode_state_stoichiometry,L0,RULE_SAFE_DEFAULT,feature::discharge_formula_frac_Co -> target::stability_worst
stability_worst,discharge_formula_frac_Cr,stoichiometric_window,electrode_state_stoichiometry,L0,RULE_SAFE_DEFAULT,feature::discharge_formula_frac_Cr -> target::stability_worst
stability_worst,discharge_formula_frac_Cu,stoichiometric_window,electrode_state_stoichiometry,L0,RULE_SAFE_DEFAULT,feature::discharge_formula_frac_Cu -> target::stability_worst
stability_worst,discharge_formula_frac_F,stoichiometric_window,electrode_state_stoichiometry,L0,RULE_SAFE_DEFAULT,feature::discharge_formula_frac_F -> target::stability_worst
stability_worst,discharge_formula_frac_Fe,stoichiometric_window,electrode_state_stoichiometry,L0,RULE_SAFE_DEFAULT,feature::discharge_formula_frac_Fe -> target::stability_worst
stability_worst,discharge_formula_frac_I,stoichiometric_window,electrode_state_stoichiometry,L0,RULE_SAFE_DEFAULT,feature::discharge_formula_frac_I -> target::stability_worst
stability_worst,discharge_formula_frac_K,stoichiometric_window,electrode_state_stoichiometry,L0,RULE_SAFE_DEFAULT,feature::discharge_formula_frac_K -> target::stability_worst
stability_worst,discharge_formula_frac_Li,stoichiometric_window,electrode_state_stoichiometry,L0,RULE_SAFE_DEFAULT,feature::discharge_formula_frac_Li -> target::stability_worst
stability_worst,discharge_formula_frac_Mg,stoichiometric_window,electrode_state_stoichiometry,L0,RULE_SAFE_DEFAULT,feature::discharge_formula_frac_Mg -> target::stability_worst
stability_worst,discharge_formula_frac_Mn,stoichiometric_window,electrode_state_stoichiometry,L0,RULE_SAFE_DEFAULT,feature::discharge_formula_frac_Mn -> target::stability_worst
stability_worst,discharge_formula_frac_N,stoichiometric_window,electrode_state_stoichiometry,L0,RULE_SAFE_DEFAULT,feature::discharge_formula_frac_N -> target::stability_worst
stability_worst,discharge_formula_frac_Na,stoichiometric_window,electrode_state_stoichiometry,L0,RULE_SAFE_DEFAULT,feature::discharge_formula_frac_Na -> target::stability_worst
stability_worst,discharge_formula_frac_Ni,stoichiometric_window,electrode_state_stoichiometry,L0,RULE_SAFE_DEFAULT,feature::discharge_formula_frac_Ni -> target::stability_worst
stability_worst,discharge_formula_frac_O,stoichiometric_window,electrode_state_stoichiometry,L0,RULE_SAFE_DEFAULT,feature::discharge_formula_frac_O -> target::stability_worst
stability_worst,discharge_formula_frac_P,stoichiometric_window,electrode_state_stoichiometry,L0,RULE_SAFE_DEFAULT,feature::discharge_formula_frac_P -> target::stability_worst
stability_worst,discharge_formula_frac_S,stoichiometric_window,electrode_state_stoichiometry,L0,RULE_SAFE_DEFAULT,feature::discharge_formula_frac_S -> target::stability_worst
stability_worst,discharge_formula_frac_Si,stoichiometric_window,electrode_state_stoichiometry,L0,RULE_SAFE_DEFAULT,feature::discharge_formula_frac_Si -> target::stability_worst
stability_worst,discharge_formula_frac_Ti,stoichiometric_window,electrode_state_stoichiometry,L0,RULE_SAFE_DEFAULT,feature::discharge_formula_frac_Ti -> target::stability_worst
stability_worst,discharge_formula_frac_V,stoichiometric_window,electrode_state_stoichiometry,L0,RULE_SAFE_DEFAULT,feature::discharge_formula_frac_V -> target::stability_worst
stability_worst,discharge_formula_frac_Zn,stoichiometric_window,electrode_state_stoichiometry,L0,RULE_SAFE_DEFAULT,feature::discharge_formula_frac_Zn -> target::stability_worst
stability_worst,discharge_formula_frac_transition_metals,stoichiometric_window,electrode_state_stoichiometry,L0,RULE_SAFE_DEFAULT,feature::discharge_formula_frac_transition_metals -> target::stability_worst
stability_worst,discharge_formula_group_max,stoichiometric_window,electrode_state_stoichiometry,L0,RULE_SAFE_DEFAULT,feature::discharge_formula_group_max -> target::stability_worst
stability_worst,discharge_formula_group_mean,stoichiometric_window,electrode_state_stoichiometry,L0,RULE_SAFE_DEFAULT,feature::discharge_formula_group_mean -> target::stability_worst
stability_worst,discharge_formula_group_min,stoichiometric_window,electrode_state_stoichiometry,L0,RULE_SAFE_DEFAULT,feature::discharge_formula_group_min -> target::stability_worst
stability_worst,discharge_formula_group_range,stoichiometric_window,electrode_state_stoichiometry,L0,RULE_SAFE_DEFAULT,feature::discharge_formula_group_range -> target::stability_worst
stability_worst,discharge_formula_group_std,stoichiometric_window,electrode_state_stoichiometry,L0,RULE_SAFE_DEFAULT,feature::discharge_formula_group_std -> target::stability_worst
stability_worst,discharge_formula_has_Br,stoichiometric_window,electrode_state_stoichiometry,L0,RULE_SAFE_DEFAULT,feature::discharge_formula_has_Br -> target::stability_worst
stability_worst,discharge_formula_has_C,stoichiometric_window,electrode_state_stoichiometry,L0,RULE_SAFE_DEFAULT,feature::discharge_formula_has_C -> target::stability_worst
stability_worst,discharge_formula_has_Cl,stoichiometric_window,electrode_state_stoichiometry,L0,RULE_SAFE_DEFAULT,feature::discharge_formula_has_Cl -> target::stability_worst
stability_worst,discharge_formula_has_F,stoichiometric_window,electrode_state_stoichiometry,L0,RULE_SAFE_DEFAULT,feature::discharge_formula_has_F -> target::stability_worst
stability_worst,discharge_formula_has_I,stoichiometric_window,electrode_state_stoichiometry,L0,RULE_SAFE_DEFAULT,feature::discharge_formula_has_I -> target::stability_worst
stability_worst,discharge_formula_has_N,stoichiometric_window,electrode_state_stoichiometry,L0,RULE_SAFE_DEFAULT,feature::discharge_formula_has_N -> target::stability_worst
stability_worst,discharge_formula_has_O,stoichiometric_window,electrode_state_stoichiometry,L0,RULE_SAFE_DEFAULT,feature::discharge_formula_has_O -> target::stability_worst
stability_worst,discharge_formula_has_P,stoichiometric_window,electrode_state_stoichiometry,L0,RULE_SAFE_DEFAULT,feature::discharge_formula_has_P -> target::stability_worst
stability_worst,discharge_formula_has_S,stoichiometric_window,electrode_state_stoichiometry,L0,RULE_SAFE_DEFAULT,feature::discharge_formula_has_S -> target::stability_worst
stability_worst,discharge_formula_has_Si,stoichiometric_window,electrode_state_stoichiometry,L0,RULE_SAFE_DEFAULT,feature::discharge_formula_has_Si -> target::stability_worst
stability_worst,discharge_formula_n_atoms,stoichiometric_window,electrode_state_stoichiometry,L0,RULE_SAFE_DEFAULT,feature::discharge_formula_n_atoms -> target::stability_worst
stability_worst,discharge_formula_n_elements,stoichiometric_window,electrode_state_stoichiometry,L0,RULE_SAFE_DEFAULT,feature::discharge_formula_n_elements -> target::stability_worst
stability_worst,discharge_formula_n_transition_metals,stoichiometric_window,electrode_state_stoichiometry,L0,RULE_SAFE_DEFAULT,feature::discharge_formula_n_transition_metals -> target::stability_worst
stability_worst,discharge_formula_parse_ok,stoichiometric_window,electrode_state_stoichiometry,L0,RULE_SAFE_DEFAULT,feature::discharge_formula_parse_ok -> target::stability_worst
stability_worst,discharge_formula_row_max,stoichiometric_window,electrode_state_stoichiometry,L0,RULE_SAFE_DEFAULT,feature::discharge_formula_row_max -> target::stability_worst
stability_worst,discharge_formula_row_mean,stoichiometric_window,electrode_state_stoichiometry,L0,RULE_SAFE_DEFAULT,feature::discharge_formula_row_mean -> target::stability_worst
stability_worst,discharge_formula_row_min,stoichiometric_window,electrode_state_stoichiometry,L0,RULE_SAFE_DEFAULT,feature::discharge_formula_row_min -> target::stability_worst
stability_worst,discharge_formula_row_range,stoichiometric_window,electrode_state_stoichiometry,L0,RULE_SAFE_DEFAULT,feature::discharge_formula_row_range -> target::stability_worst
stability_worst,discharge_formula_row_std,stoichiometric_window,electrode_state_stoichiometry,L0,RULE_SAFE_DEFAULT,feature::discharge_formula_row_std -> target::stability_worst
stability_worst,discharge_summary_band_gap,post_dft_electronic_summary,post_dft_electronic,L4,RULE_POST_DFT_ELECTRONIC,feature::discharge_summary_band_gap -> concept::post_dft_record -> target::stability_worst
stability_worst,discharge_summary_density,relaxed_structure_summary,relaxed_structure,L0,RULE_SAFE_STRUCTURE,feature::discharge_summary_density -> target::stability_worst
stability_worst,discharge_summary_density_atomic,relaxed_structure_summary,relaxed_structure,L0,RULE_SAFE_STRUCTURE,feature::discharge_summary_density_atomic -> target::stability_worst
stability_worst,discharge_summary_energy_above_hull,post_dft_energy_stability_summary,post_dft_thermodynamics,L2,RULE_HULL_STABILITY,feature::discharge_summary_energy_above_hull -> concept::hull_stability -> target::stability_worst
stability_worst,discharge_summary_formation_energy_per_atom,post_dft_energy_stability_summary,post_dft_thermodynamics,L4,RULE_FORMATION_ENERGY_STABILITY,feature::discharge_summary_formation_energy_per_atom -> concept::post_dft_thermodynamics -> target::stability_worst
stability_worst,discharge_summary_is_metal,post_dft_electronic_summary,post_dft_electronic,L4,RULE_POST_DFT_ELECTRONIC,feature::discharge_summary_is_metal -> concept::post_dft_record -> target::stability_worst
stability_worst,discharge_summary_is_stable,post_dft_energy_stability_summary,post_dft_thermodynamics,L2,RULE_HULL_STABILITY,feature::discharge_summary_is_stable -> concept::hull_stability -> target::stability_worst
stability_worst,discharge_summary_nsites,relaxed_structure_summary,relaxed_structure,L0,RULE_SAFE_STRUCTURE,feature::discharge_summary_nsites -> target::stability_worst
stability_worst,discharge_summary_symmetry_number,relaxed_structure_summary,relaxed_structure,L0,RULE_SAFE_STRUCTURE,feature::discharge_summary_symmetry_number -> target::stability_worst
stability_worst,discharge_summary_theoretical,post_dft_provenance_flag,post_dft_provenance,L4,RULE_POST_DFT_PROVENANCE,feature::discharge_summary_theoretical -> concept::post_dft_record -> target::stability_worst
stability_worst,discharge_summary_volume,relaxed_structure_summary,relaxed_structure,L0,RULE_SAFE_STRUCTURE,feature::discharge_summary_volume -> target::stability_worst
stability_worst,discharge_summary_volume_per_site,relaxed_structure_summary,relaxed_structure,L0,RULE_SAFE_STRUCTURE,feature::discharge_summary_volume_per_site -> target::stability_worst
stability_worst,energy_grav,stored_electrode_target,stored_electrode_record,L4,RULE_OTHER_STORED_TARGET,feature::energy_grav -> concept::stored_electrode_record -> target::stability_worst
stability_worst,energy_vol,stored_electrode_target,stored_electrode_record,L4,RULE_OTHER_STORED_TARGET,feature::energy_vol -> concept::stored_electrode_record -> target::stability_worst
stability_worst,fracA_charge,stoichiometric_window,electrode_state_stoichiometry,L0,RULE_SAFE_DEFAULT,feature::fracA_charge -> target::stability_worst
stability_worst,fracA_discharge,stoichiometric_window,electrode_state_stoichiometry,L0,RULE_SAFE_DEFAULT,feature::fracA_discharge -> target::stability_worst
stability_worst,fw_X_max,composition_known_framework,pre_dft_composition,L0,RULE_SAFE_DEFAULT,feature::fw_X_max -> target::stability_worst
stability_worst,fw_X_mean,composition_known_framework,pre_dft_composition,L0,RULE_SAFE_DEFAULT,feature::fw_X_mean -> target::stability_worst
stability_worst,fw_X_min,composition_known_framework,pre_dft_composition,L0,RULE_SAFE_DEFAULT,feature::fw_X_min -> target::stability_worst
stability_worst,fw_X_range,composition_known_framework,pre_dft_composition,L0,RULE_SAFE_DEFAULT,feature::fw_X_range -> target::stability_worst
stability_worst,fw_X_std,composition_known_framework,pre_dft_composition,L0,RULE_SAFE_DEFAULT,feature::fw_X_std -> target::stability_worst
stability_worst,fw_Z_max,composition_known_framework,pre_dft_composition,L0,RULE_SAFE_DEFAULT,feature::fw_Z_max -> target::stability_worst
stability_worst,fw_Z_mean,composition_known_framework,pre_dft_composition,L0,RULE_SAFE_DEFAULT,feature::fw_Z_mean -> target::stability_worst
stability_worst,fw_Z_min,composition_known_framework,pre_dft_composition,L0,RULE_SAFE_DEFAULT,feature::fw_Z_min -> target::stability_worst
stability_worst,fw_Z_range,composition_known_framework,pre_dft_composition,L0,RULE_SAFE_DEFAULT,feature::fw_Z_range -> target::stability_worst
stability_worst,fw_Z_std,composition_known_framework,pre_dft_composition,L0,RULE_SAFE_DEFAULT,feature::fw_Z_std -> target::stability_worst
stability_worst,fw_atomic_mass_max,composition_known_framework,pre_dft_composition,L0,RULE_SAFE_DEFAULT,feature::fw_atomic_mass_max -> target::stability_worst
stability_worst,fw_atomic_mass_mean,composition_known_framework,pre_dft_composition,L0,RULE_SAFE_DEFAULT,feature::fw_atomic_mass_mean -> target::stability_worst
stability_worst,fw_atomic_mass_min,composition_known_framework,pre_dft_composition,L0,RULE_SAFE_DEFAULT,feature::fw_atomic_mass_min -> target::stability_worst
stability_worst,fw_atomic_mass_range,composition_known_framework,pre_dft_composition,L0,RULE_SAFE_DEFAULT,feature::fw_atomic_mass_range -> target::stability_worst
stability_worst,fw_atomic_mass_std,composition_known_framework,pre_dft_composition,L0,RULE_SAFE_DEFAULT,feature::fw_atomic_mass_std -> target::stability_worst
stability_worst,fw_frac_Ag,composition_known_framework,pre_dft_composition,L0,RULE_SAFE_DEFAULT,feature::fw_frac_Ag -> target::stability_worst
stability_worst,fw_frac_Al,composition_known_framework,pre_dft_composition,L0,RULE_SAFE_DEFAULT,feature::fw_frac_Al -> target::stability_worst
stability_worst,fw_frac_As,composition_known_framework,pre_dft_composition,L0,RULE_SAFE_DEFAULT,feature::fw_frac_As -> target::stability_worst
stability_worst,fw_frac_B,composition_known_framework,pre_dft_composition,L0,RULE_SAFE_DEFAULT,feature::fw_frac_B -> target::stability_worst
stability_worst,fw_frac_Br,composition_known_framework,pre_dft_composition,L0,RULE_SAFE_DEFAULT,feature::fw_frac_Br -> target::stability_worst
stability_worst,fw_frac_C,composition_known_framework,pre_dft_composition,L0,RULE_SAFE_DEFAULT,feature::fw_frac_C -> target::stability_worst
stability_worst,fw_frac_Ca,composition_known_framework,pre_dft_composition,L0,RULE_SAFE_DEFAULT,feature::fw_frac_Ca -> target::stability_worst
stability_worst,fw_frac_Cl,composition_known_framework,pre_dft_composition,L0,RULE_SAFE_DEFAULT,feature::fw_frac_Cl -> target::stability_worst
stability_worst,fw_frac_Co,composition_known_framework,pre_dft_composition,L0,RULE_SAFE_DEFAULT,feature::fw_frac_Co -> target::stability_worst
stability_worst,fw_frac_Cr,composition_known_framework,pre_dft_composition,L0,RULE_SAFE_DEFAULT,feature::fw_frac_Cr -> target::stability_worst
stability_worst,fw_frac_Cu,composition_known_framework,pre_dft_composition,L0,RULE_SAFE_DEFAULT,feature::fw_frac_Cu -> target::stability_worst
stability_worst,fw_frac_F,composition_known_framework,pre_dft_composition,L0,RULE_SAFE_DEFAULT,feature::fw_frac_F -> target::stability_worst
stability_worst,fw_frac_Fe,composition_known_framework,pre_dft_composition,L0,RULE_SAFE_DEFAULT,feature::fw_frac_Fe -> target::stability_worst
stability_worst,fw_frac_I,composition_known_framework,pre_dft_composition,L0,RULE_SAFE_DEFAULT,feature::fw_frac_I -> target::stability_worst
stability_worst,fw_frac_K,composition_known_framework,pre_dft_composition,L0,RULE_SAFE_DEFAULT,feature::fw_frac_K -> target::stability_worst
stability_worst,fw_frac_Li,composition_known_framework,pre_dft_composition,L0,RULE_SAFE_DEFAULT,feature::fw_frac_Li -> target::stability_worst
stability_worst,fw_frac_Mg,composition_known_framework,pre_dft_composition,L0,RULE_SAFE_DEFAULT,feature::fw_frac_Mg -> target::stability_worst
stability_worst,fw_frac_Mn,composition_known_framework,pre_dft_composition,L0,RULE_SAFE_DEFAULT,feature::fw_frac_Mn -> target::stability_worst
stability_worst,fw_frac_N,composition_known_framework,pre_dft_composition,L0,RULE_SAFE_DEFAULT,feature::fw_frac_N -> target::stability_worst
stability_worst,fw_frac_Na,composition_known_framework,pre_dft_composition,L0,RULE_SAFE_DEFAULT,feature::fw_frac_Na -> target::stability_worst
stability_worst,fw_frac_Ni,composition_known_framework,pre_dft_composition,L0,RULE_SAFE_DEFAULT,feature::fw_frac_Ni -> target::stability_worst
stability_worst,fw_frac_O,composition_known_framework,pre_dft_composition,L0,RULE_SAFE_DEFAULT,feature::fw_frac_O -> target::stability_worst
stability_worst,fw_frac_P,composition_known_framework,pre_dft_composition,L0,RULE_SAFE_DEFAULT,feature::fw_frac_P -> target::stability_worst
stability_worst,fw_frac_S,composition_known_framework,pre_dft_composition,L0,RULE_SAFE_DEFAULT,feature::fw_frac_S -> target::stability_worst
stability_worst,fw_frac_Si,composition_known_framework,pre_dft_composition,L0,RULE_SAFE_DEFAULT,feature::fw_frac_Si -> target::stability_worst
stability_worst,fw_frac_Ti,composition_known_framework,pre_dft_composition,L0,RULE_SAFE_DEFAULT,feature::fw_frac_Ti -> target::stability_worst
stability_worst,fw_frac_V,composition_known_framework,pre_dft_composition,L0,RULE_SAFE_DEFAULT,feature::fw_frac_V -> target::stability_worst
stability_worst,fw_frac_Zn,composition_known_framework,pre_dft_composition,L0,RULE_SAFE_DEFAULT,feature::fw_frac_Zn -> target::stability_worst
stability_worst,fw_frac_transition_metals,composition_known_framework,pre_dft_composition,L0,RULE_SAFE_DEFAULT,feature::fw_frac_transition_metals -> target::stability_worst
stability_worst,fw_group_max,composition_known_framework,pre_dft_composition,L0,RULE_SAFE_DEFAULT,feature::fw_group_max -> target::stability_worst
stability_worst,fw_group_mean,composition_known_framework,pre_dft_composition,L0,RULE_SAFE_DEFAULT,feature::fw_group_mean -> target::stability_worst
stability_worst,fw_group_min,composition_known_framework,pre_dft_composition,L0,RULE_SAFE_DEFAULT,feature::fw_group_min -> target::stability_worst
stability_worst,fw_group_range,composition_known_framework,pre_dft_composition,L0,RULE_SAFE_DEFAULT,feature::fw_group_range -> target::stability_worst
stability_worst,fw_group_std,composition_known_framework,pre_dft_composition,L0,RULE_SAFE_DEFAULT,feature::fw_group_std -> target::stability_worst
stability_worst,fw_has_Br,composition_known_framework,pre_dft_composition,L0,RULE_SAFE_DEFAULT,feature::fw_has_Br -> target::stability_worst
stability_worst,fw_has_C,composition_known_framework,pre_dft_composition,L0,RULE_SAFE_DEFAULT,feature::fw_has_C -> target::stability_worst
stability_worst,fw_has_Cl,composition_known_framework,pre_dft_composition,L0,RULE_SAFE_DEFAULT,feature::fw_has_Cl -> target::stability_worst
stability_worst,fw_has_F,composition_known_framework,pre_dft_composition,L0,RULE_SAFE_DEFAULT,feature::fw_has_F -> target::stability_worst
stability_worst,fw_has_I,composition_known_framework,pre_dft_composition,L0,RULE_SAFE_DEFAULT,feature::fw_has_I -> target::stability_worst
stability_worst,fw_has_N,composition_known_framework,pre_dft_composition,L0,RULE_SAFE_DEFAULT,feature::fw_has_N -> target::stability_worst
stability_worst,fw_has_O,composition_known_framework,pre_dft_composition,L0,RULE_SAFE_DEFAULT,feature::fw_has_O -> target::stability_worst
stability_worst,fw_has_P,composition_known_framework,pre_dft_composition,L0,RULE_SAFE_DEFAULT,feature::fw_has_P -> target::stability_worst
stability_worst,fw_has_S,composition_known_framework,pre_dft_composition,L0,RULE_SAFE_DEFAULT,feature::fw_has_S -> target::stability_worst
stability_worst,fw_has_Si,composition_known_framework,pre_dft_composition,L0,RULE_SAFE_DEFAULT,feature::fw_has_Si -> target::stability_worst
stability_worst,fw_n_atoms,composition_known_framework,pre_dft_composition,L0,RULE_SAFE_DEFAULT,feature::fw_n_atoms -> target::stability_worst
stability_worst,fw_n_elements,composition_known_framework,pre_dft_composition,L0,RULE_SAFE_DEFAULT,feature::fw_n_elements -> target::stability_worst
stability_worst,fw_n_transition_metals,composition_known_framework,pre_dft_composition,L0,RULE_SAFE_DEFAULT,feature::fw_n_transition_metals -> target::stability_worst
stability_worst,fw_parse_ok,composition_known_framework,pre_dft_composition,L0,RULE_SAFE_DEFAULT,feature::fw_parse_ok -> target::stability_worst
stability_worst,fw_row_max,composition_known_framework,pre_dft_composition,L0,RULE_SAFE_DEFAULT,feature::fw_row_max -> target::stability_worst
stability_worst,fw_row_mean,composition_known_framework,pre_dft_composition,L0,RULE_SAFE_DEFAULT,feature::fw_row_mean -> target::stability_worst
stability_worst,fw_row_min,composition_known_framework,pre_dft_composition,L0,RULE_SAFE_DEFAULT,feature::fw_row_min -> target::stability_worst
stability_worst,fw_row_range,composition_known_framework,pre_dft_composition,L0,RULE_SAFE_DEFAULT,feature::fw_row_range -> target::stability_worst
stability_worst,fw_row_std,composition_known_framework,pre_dft_composition,L0,RULE_SAFE_DEFAULT,feature::fw_row_std -> target::stability_worst
stability_worst,max_delta_volume,stored_electrode_target,stored_electrode_record,L4,RULE_OTHER_STORED_TARGET,feature::max_delta_volume -> concept::stored_electrode_record -> target::stability_worst
stability_worst,max_voltage_step,stored_electrode_process_descriptor,stored_electrode_record,L0,RULE_SAFE_DEFAULT,feature::max_voltage_step -> target::stability_worst
stability_worst,num_steps,stored_electrode_process_descriptor,stored_electrode_record,L0,RULE_SAFE_DEFAULT,feature::num_steps -> target::stability_worst
stability_worst,stability_charge,stored_electrode_target,stored_electrode_record,L2,RULE_STABILITY_AGGREGATION,feature::stability_charge -> concept::stability_aggregation -> target::stability_worst
stability_worst,stability_discharge,stored_electrode_target,stored_electrode_record,L2,RULE_STABILITY_AGGREGATION,feature::stability_discharge -> concept::stability_aggregation -> target::stability_worst
stability_worst,stability_worst,stored_electrode_target,stored_electrode_record,L1,RULE_DIRECT_TARGET,feature::stability_worst -> target::stability_worst
stability_worst,stoich_abs_wi_amount_delta,stoichiometric_window,electrode_state_stoichiometry,L0,RULE_SAFE_DEFAULT,feature::stoich_abs_wi_amount_delta -> target::stability_worst
stability_worst,stoich_wi_amount_charge,stoichiometric_window,electrode_state_stoichiometry,L0,RULE_SAFE_DEFAULT,feature::stoich_wi_amount_charge -> target::stability_worst
stability_worst,stoich_wi_amount_delta,stoichiometric_window,electrode_state_stoichiometry,L0,RULE_SAFE_DEFAULT,feature::stoich_wi_amount_delta -> target::stability_worst
stability_worst,stoich_wi_amount_discharge,stoichiometric_window,electrode_state_stoichiometry,L0,RULE_SAFE_DEFAULT,feature::stoich_wi_amount_discharge -> target::stability_worst
stability_worst,stored_abs_fracA_delta,other_numeric,derived_miscellaneous,L0,RULE_SAFE_DEFAULT,feature::stored_abs_fracA_delta -> target::stability_worst
stability_worst,stored_fracA_delta,stoichiometric_window,electrode_state_stoichiometry,L0,RULE_SAFE_DEFAULT,feature::stored_fracA_delta -> target::stability_worst
stability_worst,summary_abs_delta_band_gap,post_dft_electronic_summary,post_dft_electronic,L4,RULE_POST_DFT_ELECTRONIC,feature::summary_abs_delta_band_gap -> concept::post_dft_record -> target::stability_worst
stability_worst,summary_abs_delta_density,relaxed_structure_summary,relaxed_structure,L0,RULE_SAFE_STRUCTURE,feature::summary_abs_delta_density -> target::stability_worst
stability_worst,summary_abs_delta_density_atomic,relaxed_structure_summary,relaxed_structure,L0,RULE_SAFE_STRUCTURE,feature::summary_abs_delta_density_atomic -> target::stability_worst
stability_worst,summary_abs_delta_energy_above_hull,post_dft_energy_stability_summary,post_dft_thermodynamics,L2,RULE_HULL_STABILITY,feature::summary_abs_delta_energy_above_hull -> concept::hull_stability -> target::stability_worst
stability_worst,summary_abs_delta_formation_energy_per_atom,post_dft_energy_stability_summary,post_dft_thermodynamics,L4,RULE_FORMATION_ENERGY_STABILITY,feature::summary_abs_delta_formation_energy_per_atom -> concept::post_dft_thermodynamics -> target::stability_worst
stability_worst,summary_abs_delta_volume_fraction,relaxed_structure_summary,relaxed_structure,L0,RULE_SAFE_STRUCTURE,feature::summary_abs_delta_volume_fraction -> target::stability_worst
stability_worst,summary_abs_delta_volume_per_site,relaxed_structure_summary,relaxed_structure,L0,RULE_SAFE_STRUCTURE,feature::summary_abs_delta_volume_per_site -> target::stability_worst
stability_worst,summary_delta_band_gap,post_dft_electronic_summary,post_dft_electronic,L4,RULE_POST_DFT_ELECTRONIC,feature::summary_delta_band_gap -> concept::post_dft_record -> target::stability_worst
stability_worst,summary_delta_density,relaxed_structure_summary,relaxed_structure,L0,RULE_SAFE_STRUCTURE,feature::summary_delta_density -> target::stability_worst
stability_worst,summary_delta_density_atomic,relaxed_structure_summary,relaxed_structure,L0,RULE_SAFE_STRUCTURE,feature::summary_delta_density_atomic -> target::stability_worst
stability_worst,summary_delta_energy_above_hull,post_dft_energy_stability_summary,post_dft_thermodynamics,L2,RULE_HULL_STABILITY,feature::summary_delta_energy_above_hull -> concept::hull_stability -> target::stability_worst
stability_worst,summary_delta_formation_energy_per_atom,post_dft_energy_stability_summary,post_dft_thermodynamics,L4,RULE_FORMATION_ENERGY_STABILITY,feature::summary_delta_formation_energy_per_atom -> concept::post_dft_thermodynamics -> target::stability_worst
stability_worst,summary_delta_volume_fraction,relaxed_structure_summary,relaxed_structure,L0,RULE_SAFE_STRUCTURE,feature::summary_delta_volume_fraction -> target::stability_worst
stability_worst,summary_delta_volume_per_site,relaxed_structure_summary,relaxed_structure,L0,RULE_SAFE_STRUCTURE,feature::summary_delta_volume_per_site -> target::stability_worst
stability_worst,summary_worst_energy_above_hull,post_dft_energy_stability_summary,post_dft_thermodynamics,L2,RULE_HULL_STABILITY,feature::summary_worst_energy_above_hull -> concept::hull_stability -> target::stability_worst
stability_worst,wi_X,composition_known_working_ion,pre_dft_composition,L0,RULE_SAFE_DEFAULT,feature::wi_X -> target::stability_worst
stability_worst,wi_Z,composition_known_working_ion,pre_dft_composition,L0,RULE_SAFE_DEFAULT,feature::wi_Z -> target::stability_worst
stability_worst,wi_atomic_mass,composition_known_working_ion,pre_dft_composition,L0,RULE_SAFE_DEFAULT,feature::wi_atomic_mass -> target::stability_worst
stability_worst,wi_group,composition_known_working_ion,pre_dft_composition,L0,RULE_SAFE_DEFAULT,feature::wi_group -> target::stability_worst
stability_worst,wi_is_K,domain_label_onehot,validation_only,L5,RULE_DOMAIN_LABEL,feature::wi_is_K -> concept::validation_domain -> target::stability_worst
stability_worst,wi_is_Li,domain_label_onehot,validation_only,L5,RULE_DOMAIN_LABEL,feature::wi_is_Li -> concept::validation_domain -> target::stability_worst
stability_worst,wi_is_Na,domain_label_onehot,validation_only,L5,RULE_DOMAIN_LABEL,feature::wi_is_Na -> concept::validation_domain -> target::stability_worst
stability_worst,wi_row,composition_known_working_ion,pre_dft_composition,L0,RULE_SAFE_DEFAULT,feature::wi_row -> target::stability_worst
