target,target_unit,protocol,feature_order,feature,feature_origin,workflow_stage,compiler_leakage_level,compiler_rule_id
average_voltage,V,P0,1,capacity_grav,stored_electrode_target,stored_electrode_record,L4,RULE_OTHER_STORED_TARGET
average_voltage,V,P0,2,capacity_vol,stored_electrode_target,stored_electrode_record,L4,RULE_OTHER_STORED_TARGET
average_voltage,V,P0,3,charge_formula_X_max,stoichiometric_window,electrode_state_stoichiometry,L0,RULE_SAFE_DEFAULT
average_voltage,V,P0,4,charge_formula_X_mean,stoichiometric_window,electrode_state_stoichiometry,L0,RULE_SAFE_DEFAULT
average_voltage,V,P0,5,charge_formula_X_min,stoichiometric_window,electrode_state_stoichiometry,L0,RULE_SAFE_DEFAULT
average_voltage,V,P0,6,charge_formula_X_range,stoichiometric_window,electrode_state_stoichiometry,L0,RULE_SAFE_DEFAULT
average_voltage,V,P0,7,charge_formula_X_std,stoichiometric_window,electrode_state_stoichiometry,L0,RULE_SAFE_DEFAULT
average_voltage,V,P0,8,charge_formula_Z_max,stoichiometric_window,electrode_state_stoichiometry,L0,RULE_SAFE_DEFAULT
average_voltage,V,P0,9,charge_formula_Z_mean,stoichiometric_window,electrode_state_stoichiometry,L0,RULE_SAFE_DEFAULT
average_voltage,V,P0,10,charge_formula_Z_min,stoichiometric_window,electrode_state_stoichiometry,L0,RULE_SAFE_DEFAULT
average_voltage,V,P0,11,charge_formula_Z_range,stoichiometric_window,electrode_state_stoichiometry,L0,RULE_SAFE_DEFAULT
average_voltage,V,P0,12,charge_formula_Z_std,stoichiometric_window,electrode_state_stoichiometry,L0,RULE_SAFE_DEFAULT
average_voltage,V,P0,13,charge_formula_atomic_mass_max,stoichiometric_window,electrode_state_stoichiometry,L0,RULE_SAFE_DEFAULT
average_voltage,V,P0,14,charge_formula_atomic_mass_mean,stoichiometric_window,electrode_state_stoichiometry,L0,RULE_SAFE_DEFAULT
average_voltage,V,P0,15,charge_formula_atomic_mass_min,stoichiometric_window,electrode_state_stoichiometry,L0,RULE_SAFE_DEFAULT
average_voltage,V,P0,16,charge_formula_atomic_mass_range,stoichiometric_window,electrode_state_stoichiometry,L0,RULE_SAFE_DEFAULT
average_voltage,V,P0,17,charge_formula_atomic_mass_std,stoichiometric_window,electrode_state_stoichiometry,L0,RULE_SAFE_DEFAULT
average_voltage,V,P0,18,charge_formula_frac_Ag,stoichiometric_window,electrode_state_stoichiometry,L0,RULE_SAFE_DEFAULT
average_voltage,V,P0,19,charge_formula_frac_Al,stoichiometric_window,electrode_state_stoichiometry,L0,RULE_SAFE_DEFAULT
average_voltage,V,P0,20,charge_formula_frac_As,stoichiometric_window,electrode_state_stoichiometry,L0,RULE_SAFE_DEFAULT
average_voltage,V,P0,21,charge_formula_frac_B,stoichiometric_window,electrode_state_stoichiometry,L0,RULE_SAFE_DEFAULT
average_voltage,V,P0,22,charge_formula_frac_Br,stoichiometric_window,electrode_state_stoichiometry,L0,RULE_SAFE_DEFAULT
average_voltage,V,P0,23,charge_formula_frac_C,stoichiometric_window,electrode_state_stoichiometry,L0,RULE_SAFE_DEFAULT
average_voltage,V,P0,24,charge_formula_frac_Ca,stoichiometric_window,electrode_state_stoichiometry,L0,RULE_SAFE_DEFAULT
average_voltage,V,P0,25,charge_formula_frac_Cl,stoichiometric_window,electrode_state_stoichiometry,L0,RULE_SAFE_DEFAULT
average_voltage,V,P0,26,charge_formula_frac_Co,stoichiometric_window,electrode_state_stoichiometry,L0,RULE_SAFE_DEFAULT
average_voltage,V,P0,27,charge_formula_frac_Cr,stoichiometric_window,electrode_state_stoichiometry,L0,RULE_SAFE_DEFAULT
average_voltage,V,P0,28,charge_formula_frac_Cu,stoichiometric_window,electrode_state_stoichiometry,L0,RULE_SAFE_DEFAULT
average_voltage,V,P0,29,charge_formula_frac_F,stoichiometric_window,electrode_state_stoichiometry,L0,RULE_SAFE_DEFAULT
average_voltage,V,P0,30,charge_formula_frac_Fe,stoichiometric_window,electrode_state_stoichiometry,L0,RULE_SAFE_DEFAULT
average_voltage,V,P0,31,charge_formula_frac_I,stoichiometric_window,electrode_state_stoichiometry,L0,RULE_SAFE_DEFAULT
average_voltage,V,P0,32,charge_formula_frac_K,stoichiometric_window,electrode_state_stoichiometry,L0,RULE_SAFE_DEFAULT
average_voltage,V,P0,33,charge_formula_frac_Li,stoichiometric_window,electrode_state_stoichiometry,L0,RULE_SAFE_DEFAULT
average_voltage,V,P0,34,charge_formula_frac_Mg,stoichiometric_window,electrode_state_stoichiometry,L0,RULE_SAFE_DEFAULT
average_voltage,V,P0,35,charge_formula_frac_Mn,stoichiometric_window,electrode_state_stoichiometry,L0,RULE_SAFE_DEFAULT
average_voltage,V,P0,36,charge_formula_frac_N,stoichiometric_window,electrode_state_stoichiometry,L0,RULE_SAFE_DEFAULT
average_voltage,V,P0,37,charge_formula_frac_Na,stoichiometric_window,electrode_state_stoichiometry,L0,RULE_SAFE_DEFAULT
average_voltage,V,P0,38,charge_formula_frac_Ni,stoichiometric_window,electrode_state_stoichiometry,L0,RULE_SAFE_DEFAULT
average_voltage,V,P0,39,charge_formula_frac_O,stoichiometric_window,electrode_state_stoichiometry,L0,RULE_SAFE_DEFAULT
average_voltage,V,P0,40,charge_formula_frac_P,stoichiometric_window,electrode_state_stoichiometry,L0,RULE_SAFE_DEFAULT
average_voltage,V,P0,41,charge_formula_frac_S,stoichiometric_window,electrode_state_stoichiometry,L0,RULE_SAFE_DEFAULT
average_voltage,V,P0,42,charge_formula_frac_Si,stoichiometric_window,electrode_state_stoichiometry,L0,RULE_SAFE_DEFAULT
average_voltage,V,P0,43,charge_formula_frac_Ti,stoichiometric_window,electrode_state_stoichiometry,L0,RULE_SAFE_DEFAULT
average_voltage,V,P0,44,charge_formula_frac_V,stoichiometric_window,electrode_state_stoichiometry,L0,RULE_SAFE_DEFAULT
average_voltage,V,P0,45,charge_formula_frac_Zn,stoichiometric_window,electrode_state_stoichiometry,L0,RULE_SAFE_DEFAULT
average_voltage,V,P0,46,charge_formula_frac_transition_metals,stoichiometric_window,electrode_state_stoichiometry,L0,RULE_SAFE_DEFAULT
average_voltage,V,P0,47,charge_formula_group_max,stoichiometric_window,electrode_state_stoichiometry,L0,RULE_SAFE_DEFAULT
average_voltage,V,P0,48,charge_formula_group_mean,stoichiometric_window,electrode_state_stoichiometry,L0,RULE_SAFE_DEFAULT
average_voltage,V,P0,49,charge_formula_group_min,stoichiometric_window,electrode_state_stoichiometry,L0,RULE_SAFE_DEFAULT
average_voltage,V,P0,50,charge_formula_group_range,stoichiometric_window,electrode_state_stoichiometry,L0,RULE_SAFE_DEFAULT
average_voltage,V,P0,51,charge_formula_group_std,stoichiometric_window,electrode_state_stoichiometry,L0,RULE_SAFE_DEFAULT
average_voltage,V,P0,52,charge_formula_has_Br,stoichiometric_window,electrode_state_stoichiometry,L0,RULE_SAFE_DEFAULT
average_voltage,V,P0,53,charge_formula_has_C,stoichiometric_window,electrode_state_stoichiometry,L0,RULE_SAFE_DEFAULT
average_voltage,V,P0,54,charge_formula_has_Cl,stoichiometric_window,electrode_state_stoichiometry,L0,RULE_SAFE_DEFAULT
average_voltage,V,P0,55,charge_formula_has_F,stoichiometric_window,electrode_state_stoichiometry,L0,RULE_SAFE_DEFAULT
average_voltage,V,P0,56,charge_formula_has_I,stoichiometric_window,electrode_state_stoichiometry,L0,RULE_SAFE_DEFAULT
average_voltage,V,P0,57,charge_formula_has_N,stoichiometric_window,electrode_state_stoichiometry,L0,RULE_SAFE_DEFAULT
average_voltage,V,P0,58,charge_formula_has_O,stoichiometric_window,electrode_state_stoichiometry,L0,RULE_SAFE_DEFAULT
average_voltage,V,P0,59,charge_formula_has_P,stoichiometric_window,electrode_state_stoichiometry,L0,RULE_SAFE_DEFAULT
average_voltage,V,P0,60,charge_formula_has_S,stoichiometric_window,electrode_state_stoichiometry,L0,RULE_SAFE_DEFAULT
average_voltage,V,P0,61,charge_formula_has_Si,stoichiometric_window,electrode_state_stoichiometry,L0,RULE_SAFE_DEFAULT
average_voltage,V,P0,62,charge_formula_n_atoms,stoichiometric_window,electrode_state_stoichiometry,L0,RULE_SAFE_DEFAULT
average_voltage,V,P0,63,charge_formula_n_elements,stoichiometric_window,electrode_state_stoichiometry,L0,RULE_SAFE_DEFAULT
average_voltage,V,P0,64,charge_formula_n_transition_metals,stoichiometric_window,electrode_state_stoichiometry,L0,RULE_SAFE_DEFAULT
average_voltage,V,P0,65,charge_formula_parse_ok,stoichiometric_window,electrode_state_stoichiometry,L0,RULE_SAFE_DEFAULT
average_voltage,V,P0,66,charge_formula_row_max,stoichiometric_window,electrode_state_stoichiometry,L0,RULE_SAFE_DEFAULT
average_voltage,V,P0,67,charge_formula_row_mean,stoichiometric_window,electrode_state_stoichiometry,L0,RULE_SAFE_DEFAULT
average_voltage,V,P0,68,charge_formula_row_min,stoichiometric_window,electrode_state_stoichiometry,L0,RULE_SAFE_DEFAULT
average_voltage,V,P0,69,charge_formula_row_range,stoichiometric_window,electrode_state_stoichiometry,L0,RULE_SAFE_DEFAULT
average_voltage,V,P0,70,charge_formula_row_std,stoichiometric_window,electrode_state_stoichiometry,L0,RULE_SAFE_DEFAULT
average_voltage,V,P0,71,charge_summary_band_gap,post_dft_electronic_summary,post_dft_electronic,L4,RULE_POST_DFT_ELECTRONIC
average_voltage,V,P0,72,charge_summary_density,relaxed_structure_summary,relaxed_structure,L0,RULE_SAFE_STRUCTURE
average_voltage,V,P0,73,charge_summary_density_atomic,relaxed_structure_summary,relaxed_structure,L0,RULE_SAFE_STRUCTURE
average_voltage,V,P0,74,charge_summary_energy_above_hull,post_dft_energy_stability_summary,post_dft_thermodynamics,L4,RULE_HULL_OTHER
average_voltage,V,P0,75,charge_summary_formation_energy_per_atom,post_dft_energy_stability_summary,post_dft_thermodynamics,L2,RULE_FORMATION_ENERGY_VOLTAGE
average_voltage,V,P0,76,charge_summary_is_metal,post_dft_electronic_summary,post_dft_electronic,L4,RULE_POST_DFT_ELECTRONIC
average_voltage,V,P0,77,charge_summary_is_stable,post_dft_energy_stability_summary,post_dft_thermodynamics,L4,RULE_HULL_OTHER
average_voltage,V,P0,78,charge_summary_nsites,relaxed_structure_summary,relaxed_structure,L0,RULE_SAFE_STRUCTURE
average_voltage,V,P0,79,charge_summary_symmetry_number,relaxed_structure_summary,relaxed_structure,L0,RULE_SAFE_STRUCTURE
average_voltage,V,P0,80,charge_summary_theoretical,post_dft_provenance_flag,post_dft_provenance,L4,RULE_POST_DFT_PROVENANCE
average_voltage,V,P0,81,charge_summary_volume,relaxed_structure_summary,relaxed_structure,L0,RULE_SAFE_STRUCTURE
average_voltage,V,P0,82,charge_summary_volume_per_site,relaxed_structure_summary,relaxed_structure,L0,RULE_SAFE_STRUCTURE
average_voltage,V,P0,83,discharge_formula_X_max,stoichiometric_window,electrode_state_stoichiometry,L0,RULE_SAFE_DEFAULT
average_voltage,V,P0,84,discharge_formula_X_mean,stoichiometric_window,electrode_state_stoichiometry,L0,RULE_SAFE_DEFAULT
average_voltage,V,P0,85,discharge_formula_X_min,stoichiometric_window,electrode_state_stoichiometry,L0,RULE_SAFE_DEFAULT
average_voltage,V,P0,86,discharge_formula_X_range,stoichiometric_window,electrode_state_stoichiometry,L0,RULE_SAFE_DEFAULT
average_voltage,V,P0,87,discharge_formula_X_std,stoichiometric_window,electrode_state_stoichiometry,L0,RULE_SAFE_DEFAULT
average_voltage,V,P0,88,discharge_formula_Z_max,stoichiometric_window,electrode_state_stoichiometry,L0,RULE_SAFE_DEFAULT
average_voltage,V,P0,89,discharge_formula_Z_mean,stoichiometric_window,electrode_state_stoichiometry,L0,RULE_SAFE_DEFAULT
average_voltage,V,P0,90,discharge_formula_Z_min,stoichiometric_window,electrode_state_stoichiometry,L0,RULE_SAFE_DEFAULT
average_voltage,V,P0,91,discharge_formula_Z_range,stoichiometric_window,electrode_state_stoichiometry,L0,RULE_SAFE_DEFAULT
average_voltage,V,P0,92,discharge_formula_Z_std,stoichiometric_window,electrode_state_stoichiometry,L0,RULE_SAFE_DEFAULT
average_voltage,V,P0,93,discharge_formula_atomic_mass_max,stoichiometric_window,electrode_state_stoichiometry,L0,RULE_SAFE_DEFAULT
average_voltage,V,P0,94,discharge_formula_atomic_mass_mean,stoichiometric_window,electrode_state_stoichiometry,L0,RULE_SAFE_DEFAULT
average_voltage,V,P0,95,discharge_formula_atomic_mass_min,stoichiometric_window,electrode_state_stoichiometry,L0,RULE_SAFE_DEFAULT
average_voltage,V,P0,96,discharge_formula_atomic_mass_range,stoichiometric_window,electrode_state_stoichiometry,L0,RULE_SAFE_DEFAULT
average_voltage,V,P0,97,discharge_formula_atomic_mass_std,stoichiometric_window,electrode_state_stoichiometry,L0,RULE_SAFE_DEFAULT
average_voltage,V,P0,98,discharge_formula_frac_Ag,stoichiometric_window,electrode_state_stoichiometry,L0,RULE_SAFE_DEFAULT
average_voltage,V,P0,99,discharge_formula_frac_Al,stoichiometric_window,electrode_state_stoichiometry,L0,RULE_SAFE_DEFAULT
average_voltage,V,P0,100,discharge_formula_frac_As,stoichiometric_window,electrode_state_stoichiometry,L0,RULE_SAFE_DEFAULT
average_voltage,V,P0,101,discharge_formula_frac_B,stoichiometric_window,electrode_state_stoichiometry,L0,RULE_SAFE_DEFAULT
average_voltage,V,P0,102,discharge_formula_frac_Br,stoichiometric_window,electrode_state_stoichiometry,L0,RULE_SAFE_DEFAULT
average_voltage,V,P0,103,discharge_formula_frac_C,stoichiometric_window,electrode_state_stoichiometry,L0,RULE_SAFE_DEFAULT
average_voltage,V,P0,104,discharge_formula_frac_Ca,stoichiometric_window,electrode_state_stoichiometry,L0,RULE_SAFE_DEFAULT
average_voltage,V,P0,105,discharge_formula_frac_Cl,stoichiometric_window,electrode_state_stoichiometry,L0,RULE_SAFE_DEFAULT
average_voltage,V,P0,106,discharge_formula_frac_Co,stoichiometric_window,electrode_state_stoichiometry,L0,RULE_SAFE_DEFAULT
average_voltage,V,P0,107,discharge_formula_frac_Cr,stoichiometric_window,electrode_state_stoichiometry,L0,RULE_SAFE_DEFAULT
average_voltage,V,P0,108,discharge_formula_frac_Cu,stoichiometric_window,electrode_state_stoichiometry,L0,RULE_SAFE_DEFAULT
average_voltage,V,P0,109,discharge_formula_frac_F,stoichiometric_window,electrode_state_stoichiometry,L0,RULE_SAFE_DEFAULT
average_voltage,V,P0,110,discharge_formula_frac_Fe,stoichiometric_window,electrode_state_stoichiometry,L0,RULE_SAFE_DEFAULT
average_voltage,V,P0,111,discharge_formula_frac_I,stoichiometric_window,electrode_state_stoichiometry,L0,RULE_SAFE_DEFAULT
average_voltage,V,P0,112,discharge_formula_frac_K,stoichiometric_window,electrode_state_stoichiometry,L0,RULE_SAFE_DEFAULT
average_voltage,V,P0,113,discharge_formula_frac_Li,stoichiometric_window,electrode_state_stoichiometry,L0,RULE_SAFE_DEFAULT
average_voltage,V,P0,114,discharge_formula_frac_Mg,stoichiometric_window,electrode_state_stoichiometry,L0,RULE_SAFE_DEFAULT
average_voltage,V,P0,115,discharge_formula_frac_Mn,stoichiometric_window,electrode_state_stoichiometry,L0,RULE_SAFE_DEFAULT
average_voltage,V,P0,116,discharge_formula_frac_N,stoichiometric_window,electrode_state_stoichiometry,L0,RULE_SAFE_DEFAULT
average_voltage,V,P0,117,discharge_formula_frac_Na,stoichiometric_window,electrode_state_stoichiometry,L0,RULE_SAFE_DEFAULT
average_voltage,V,P0,118,discharge_formula_frac_Ni,stoichiometric_window,electrode_state_stoichiometry,L0,RULE_SAFE_DEFAULT
average_voltage,V,P0,119,discharge_formula_frac_O,stoichiometric_window,electrode_state_stoichiometry,L0,RULE_SAFE_DEFAULT
average_voltage,V,P0,120,discharge_formula_frac_P,stoichiometric_window,electrode_state_stoichiometry,L0,RULE_SAFE_DEFAULT
average_voltage,V,P0,121,discharge_formula_frac_S,stoichiometric_window,electrode_state_stoichiometry,L0,RULE_SAFE_DEFAULT
average_voltage,V,P0,122,discharge_formula_frac_Si,stoichiometric_window,electrode_state_stoichiometry,L0,RULE_SAFE_DEFAULT
average_voltage,V,P0,123,discharge_formula_frac_Ti,stoichiometric_window,electrode_state_stoichiometry,L0,RULE_SAFE_DEFAULT
average_voltage,V,P0,124,discharge_formula_frac_V,stoichiometric_window,electrode_state_stoichiometry,L0,RULE_SAFE_DEFAULT
average_voltage,V,P0,125,discharge_formula_frac_Zn,stoichiometric_window,electrode_state_stoichiometry,L0,RULE_SAFE_DEFAULT
average_voltage,V,P0,126,discharge_formula_frac_transition_metals,stoichiometric_window,electrode_state_stoichiometry,L0,RULE_SAFE_DEFAULT
average_voltage,V,P0,127,discharge_formula_group_max,stoichiometric_window,electrode_state_stoichiometry,L0,RULE_SAFE_DEFAULT
average_voltage,V,P0,128,discharge_formula_group_mean,stoichiometric_window,electrode_state_stoichiometry,L0,RULE_SAFE_DEFAULT
average_voltage,V,P0,129,discharge_formula_group_min,stoichiometric_window,electrode_state_stoichiometry,L0,RULE_SAFE_DEFAULT
average_voltage,V,P0,130,discharge_formula_group_range,stoichiometric_window,electrode_state_stoichiometry,L0,RULE_SAFE_DEFAULT
average_voltage,V,P0,131,discharge_formula_group_std,stoichiometric_window,electrode_state_stoichiometry,L0,RULE_SAFE_DEFAULT
average_voltage,V,P0,132,discharge_formula_has_Br,stoichiometric_window,electrode_state_stoichiometry,L0,RULE_SAFE_DEFAULT
average_voltage,V,P0,133,discharge_formula_has_C,stoichiometric_window,electrode_state_stoichiometry,L0,RULE_SAFE_DEFAULT
average_voltage,V,P0,134,discharge_formula_has_Cl,stoichiometric_window,electrode_state_stoichiometry,L0,RULE_SAFE_DEFAULT
average_voltage,V,P0,135,discharge_formula_has_F,stoichiometric_window,electrode_state_stoichiometry,L0,RULE_SAFE_DEFAULT
average_voltage,V,P0,136,discharge_formula_has_I,stoichiometric_window,electrode_state_stoichiometry,L0,RULE_SAFE_DEFAULT
average_voltage,V,P0,137,discharge_formula_has_N,stoichiometric_window,electrode_state_stoichiometry,L0,RULE_SAFE_DEFAULT
average_voltage,V,P0,138,discharge_formula_has_O,stoichiometric_window,electrode_state_stoichiometry,L0,RULE_SAFE_DEFAULT
average_voltage,V,P0,139,discharge_formula_has_P,stoichiometric_window,electrode_state_stoichiometry,L0,RULE_SAFE_DEFAULT
average_voltage,V,P0,140,discharge_formula_has_S,stoichiometric_window,electrode_state_stoichiometry,L0,RULE_SAFE_DEFAULT
average_voltage,V,P0,141,discharge_formula_has_Si,stoichiometric_window,electrode_state_stoichiometry,L0,RULE_SAFE_DEFAULT
average_voltage,V,P0,142,discharge_formula_n_atoms,stoichiometric_window,electrode_state_stoichiometry,L0,RULE_SAFE_DEFAULT
average_voltage,V,P0,143,discharge_formula_n_elements,stoichiometric_window,electrode_state_stoichiometry,L0,RULE_SAFE_DEFAULT
average_voltage,V,P0,144,discharge_formula_n_transition_metals,stoichiometric_window,electrode_state_stoichiometry,L0,RULE_SAFE_DEFAULT
average_voltage,V,P0,145,discharge_formula_parse_ok,stoichiometric_window,electrode_state_stoichiometry,L0,RULE_SAFE_DEFAULT
average_voltage,V,P0,146,discharge_formula_row_max,stoichiometric_window,electrode_state_stoichiometry,L0,RULE_SAFE_DEFAULT
average_voltage,V,P0,147,discharge_formula_row_mean,stoichiometric_window,electrode_state_stoichiometry,L0,RULE_SAFE_DEFAULT
average_voltage,V,P0,148,discharge_formula_row_min,stoichiometric_window,electrode_state_stoichiometry,L0,RULE_SAFE_DEFAULT
average_voltage,V,P0,149,discharge_formula_row_range,stoichiometric_window,electrode_state_stoichiometry,L0,RULE_SAFE_DEFAULT
average_voltage,V,P0,150,discharge_formula_row_std,stoichiometric_window,electrode_state_stoichiometry,L0,RULE_SAFE_DEFAULT
average_voltage,V,P0,151,discharge_summary_band_gap,post_dft_electronic_summary,post_dft_electronic,L4,RULE_POST_DFT_ELECTRONIC
average_voltage,V,P0,152,discharge_summary_density,relaxed_structure_summary,relaxed_structure,L0,RULE_SAFE_STRUCTURE
average_voltage,V,P0,153,discharge_summary_density_atomic,relaxed_structure_summary,relaxed_structure,L0,RULE_SAFE_STRUCTURE
average_voltage,V,P0,154,discharge_summary_energy_above_hull,post_dft_energy_stability_summary,post_dft_thermodynamics,L4,RULE_HULL_OTHER
average_voltage,V,P0,155,discharge_summary_formation_energy_per_atom,post_dft_energy_stability_summary,post_dft_thermodynamics,L2,RULE_FORMATION_ENERGY_VOLTAGE
average_voltage,V,P0,156,discharge_summary_is_metal,post_dft_electronic_summary,post_dft_electronic,L4,RULE_POST_DFT_ELECTRONIC
average_voltage,V,P0,157,discharge_summary_is_stable,post_dft_energy_stability_summary,post_dft_thermodynamics,L4,RULE_HULL_OTHER
average_voltage,V,P0,158,discharge_summary_nsites,relaxed_structure_summary,relaxed_structure,L0,RULE_SAFE_STRUCTURE
average_voltage,V,P0,159,discharge_summary_symmetry_number,relaxed_structure_summary,relaxed_structure,L0,RULE_SAFE_STRUCTURE
average_voltage,V,P0,160,discharge_summary_theoretical,post_dft_provenance_flag,post_dft_provenance,L4,RULE_POST_DFT_PROVENANCE
average_voltage,V,P0,161,discharge_summary_volume,relaxed_structure_summary,relaxed_structure,L0,RULE_SAFE_STRUCTURE
average_voltage,V,P0,162,discharge_summary_volume_per_site,relaxed_structure_summary,relaxed_structure,L0,RULE_SAFE_STRUCTURE
average_voltage,V,P0,163,energy_grav,stored_electrode_target,stored_electrode_record,L2,RULE_ENERGY_VOLTAGE_RELATION
average_voltage,V,P0,164,energy_vol,stored_electrode_target,stored_electrode_record,L2,RULE_ENERGY_VOLTAGE_RELATION
average_voltage,V,P0,165,fracA_charge,stoichiometric_window,electrode_state_stoichiometry,L0,RULE_SAFE_DEFAULT
average_voltage,V,P0,166,fracA_discharge,stoichiometric_window,electrode_state_stoichiometry,L0,RULE_SAFE_DEFAULT
average_voltage,V,P0,167,fw_X_max,composition_known_framework,pre_dft_composition,L0,RULE_SAFE_DEFAULT
average_voltage,V,P0,168,fw_X_mean,composition_known_framework,pre_dft_composition,L0,RULE_SAFE_DEFAULT
average_voltage,V,P0,169,fw_X_min,composition_known_framework,pre_dft_composition,L0,RULE_SAFE_DEFAULT
average_voltage,V,P0,170,fw_X_range,composition_known_framework,pre_dft_composition,L0,RULE_SAFE_DEFAULT
average_voltage,V,P0,171,fw_X_std,composition_known_framework,pre_dft_composition,L0,RULE_SAFE_DEFAULT
average_voltage,V,P0,172,fw_Z_max,composition_known_framework,pre_dft_composition,L0,RULE_SAFE_DEFAULT
average_voltage,V,P0,173,fw_Z_mean,composition_known_framework,pre_dft_composition,L0,RULE_SAFE_DEFAULT
average_voltage,V,P0,174,fw_Z_min,composition_known_framework,pre_dft_composition,L0,RULE_SAFE_DEFAULT
average_voltage,V,P0,175,fw_Z_range,composition_known_framework,pre_dft_composition,L0,RULE_SAFE_DEFAULT
average_voltage,V,P0,176,fw_Z_std,composition_known_framework,pre_dft_composition,L0,RULE_SAFE_DEFAULT
average_voltage,V,P0,177,fw_atomic_mass_max,composition_known_framework,pre_dft_composition,L0,RULE_SAFE_DEFAULT
average_voltage,V,P0,178,fw_atomic_mass_mean,composition_known_framework,pre_dft_composition,L0,RULE_SAFE_DEFAULT
average_voltage,V,P0,179,fw_atomic_mass_min,composition_known_framework,pre_dft_composition,L0,RULE_SAFE_DEFAULT
average_voltage,V,P0,180,fw_atomic_mass_range,composition_known_framework,pre_dft_composition,L0,RULE_SAFE_DEFAULT
average_voltage,V,P0,181,fw_atomic_mass_std,composition_known_framework,pre_dft_composition,L0,RULE_SAFE_DEFAULT
average_voltage,V,P0,182,fw_frac_Ag,composition_known_framework,pre_dft_composition,L0,RULE_SAFE_DEFAULT
average_voltage,V,P0,183,fw_frac_Al,composition_known_framework,pre_dft_composition,L0,RULE_SAFE_DEFAULT
average_voltage,V,P0,184,fw_frac_As,composition_known_framework,pre_dft_composition,L0,RULE_SAFE_DEFAULT
average_voltage,V,P0,185,fw_frac_B,composition_known_framework,pre_dft_composition,L0,RULE_SAFE_DEFAULT
average_voltage,V,P0,186,fw_frac_Br,composition_known_framework,pre_dft_composition,L0,RULE_SAFE_DEFAULT
average_voltage,V,P0,187,fw_frac_C,composition_known_framework,pre_dft_composition,L0,RULE_SAFE_DEFAULT
average_voltage,V,P0,188,fw_frac_Ca,composition_known_framework,pre_dft_composition,L0,RULE_SAFE_DEFAULT
average_voltage,V,P0,189,fw_frac_Cl,composition_known_framework,pre_dft_composition,L0,RULE_SAFE_DEFAULT
average_voltage,V,P0,190,fw_frac_Co,composition_known_framework,pre_dft_composition,L0,RULE_SAFE_DEFAULT
average_voltage,V,P0,191,fw_frac_Cr,composition_known_framework,pre_dft_composition,L0,RULE_SAFE_DEFAULT
average_voltage,V,P0,192,fw_frac_Cu,composition_known_framework,pre_dft_composition,L0,RULE_SAFE_DEFAULT
average_voltage,V,P0,193,fw_frac_F,composition_known_framework,pre_dft_composition,L0,RULE_SAFE_DEFAULT
average_voltage,V,P0,194,fw_frac_Fe,composition_known_framework,pre_dft_composition,L0,RULE_SAFE_DEFAULT
average_voltage,V,P0,195,fw_frac_I,composition_known_framework,pre_dft_composition,L0,RULE_SAFE_DEFAULT
average_voltage,V,P0,196,fw_frac_K,composition_known_framework,pre_dft_composition,L0,RULE_SAFE_DEFAULT
average_voltage,V,P0,197,fw_frac_Li,composition_known_framework,pre_dft_composition,L0,RULE_SAFE_DEFAULT
average_voltage,V,P0,198,fw_frac_Mg,composition_known_framework,pre_dft_composition,L0,RULE_SAFE_DEFAULT
average_voltage,V,P0,199,fw_frac_Mn,composition_known_framework,pre_dft_composition,L0,RULE_SAFE_DEFAULT
average_voltage,V,P0,200,fw_frac_N,composition_known_framework,pre_dft_composition,L0,RULE_SAFE_DEFAULT
average_voltage,V,P0,201,fw_frac_Na,composition_known_framework,pre_dft_composition,L0,RULE_SAFE_DEFAULT
average_voltage,V,P0,202,fw_frac_Ni,composition_known_framework,pre_dft_composition,L0,RULE_SAFE_DEFAULT
average_voltage,V,P0,203,fw_frac_O,composition_known_framework,pre_dft_composition,L0,RULE_SAFE_DEFAULT
average_voltage,V,P0,204,fw_frac_P,composition_known_framework,pre_dft_composition,L0,RULE_SAFE_DEFAULT
average_voltage,V,P0,205,fw_frac_S,composition_known_framework,pre_dft_composition,L0,RULE_SAFE_DEFAULT
average_voltage,V,P0,206,fw_frac_Si,composition_known_framework,pre_dft_composition,L0,RULE_SAFE_DEFAULT
average_voltage,V,P0,207,fw_frac_Ti,composition_known_framework,pre_dft_composition,L0,RULE_SAFE_DEFAULT
average_voltage,V,P0,208,fw_frac_V,composition_known_framework,pre_dft_composition,L0,RULE_SAFE_DEFAULT
average_voltage,V,P0,209,fw_frac_Zn,composition_known_framework,pre_dft_composition,L0,RULE_SAFE_DEFAULT
average_voltage,V,P0,210,fw_frac_transition_metals,composition_known_framework,pre_dft_composition,L0,RULE_SAFE_DEFAULT
average_voltage,V,P0,211,fw_group_max,composition_known_framework,pre_dft_composition,L0,RULE_SAFE_DEFAULT
average_voltage,V,P0,212,fw_group_mean,composition_known_framework,pre_dft_composition,L0,RULE_SAFE_DEFAULT
average_voltage,V,P0,213,fw_group_min,composition_known_framework,pre_dft_composition,L0,RULE_SAFE_DEFAULT
average_voltage,V,P0,214,fw_group_range,composition_known_framework,pre_dft_composition,L0,RULE_SAFE_DEFAULT
average_voltage,V,P0,215,fw_group_std,composition_known_framework,pre_dft_composition,L0,RULE_SAFE_DEFAULT
average_voltage,V,P0,216,fw_has_Br,composition_known_framework,pre_dft_composition,L0,RULE_SAFE_DEFAULT
average_voltage,V,P0,217,fw_has_C,composition_known_framework,pre_dft_composition,L0,RULE_SAFE_DEFAULT
average_voltage,V,P0,218,fw_has_Cl,composition_known_framework,pre_dft_composition,L0,RULE_SAFE_DEFAULT
average_voltage,V,P0,219,fw_has_F,composition_known_framework,pre_dft_composition,L0,RULE_SAFE_DEFAULT
average_voltage,V,P0,220,fw_has_I,composition_known_framework,pre_dft_composition,L0,RULE_SAFE_DEFAULT
average_voltage,V,P0,221,fw_has_N,composition_known_framework,pre_dft_composition,L0,RULE_SAFE_DEFAULT
average_voltage,V,P0,222,fw_has_O,composition_known_framework,pre_dft_composition,L0,RULE_SAFE_DEFAULT
average_voltage,V,P0,223,fw_has_P,composition_known_framework,pre_dft_composition,L0,RULE_SAFE_DEFAULT
average_voltage,V,P0,224,fw_has_S,composition_known_framework,pre_dft_composition,L0,RULE_SAFE_DEFAULT
average_voltage,V,P0,225,fw_has_Si,composition_known_framework,pre_dft_composition,L0,RULE_SAFE_DEFAULT
average_voltage,V,P0,226,fw_n_atoms,composition_known_framework,pre_dft_composition,L0,RULE_SAFE_DEFAULT
average_voltage,V,P0,227,fw_n_elements,composition_known_framework,pre_dft_composition,L0,RULE_SAFE_DEFAULT
average_voltage,V,P0,228,fw_n_transition_metals,composition_known_framework,pre_dft_composition,L0,RULE_SAFE_DEFAULT
average_voltage,V,P0,229,fw_parse_ok,composition_known_framework,pre_dft_composition,L0,RULE_SAFE_DEFAULT
average_voltage,V,P0,230,fw_row_max,composition_known_framework,pre_dft_composition,L0,RULE_SAFE_DEFAULT
average_voltage,V,P0,231,fw_row_mean,composition_known_framework,pre_dft_composition,L0,RULE_SAFE_DEFAULT
average_voltage,V,P0,232,fw_row_min,composition_known_framework,pre_dft_composition,L0,RULE_SAFE_DEFAULT
average_voltage,V,P0,233,fw_row_range,composition_known_framework,pre_dft_composition,L0,RULE_SAFE_DEFAULT
average_voltage,V,P0,234,fw_row_std,composition_known_framework,pre_dft_composition,L0,RULE_SAFE_DEFAULT
average_voltage,V,P0,235,max_delta_volume,stored_electrode_target,stored_electrode_record,L4,RULE_OTHER_STORED_TARGET
average_voltage,V,P0,236,max_voltage_step,stored_electrode_process_descriptor,stored_electrode_record,L4,RULE_VOLTAGE_WINDOW
average_voltage,V,P0,237,num_steps,stored_electrode_process_descriptor,stored_electrode_record,L0,RULE_SAFE_DEFAULT
average_voltage,V,P0,238,stability_charge,stored_electrode_target,stored_electrode_record,L4,RULE_OTHER_STORED_TARGET
average_voltage,V,P0,239,stability_discharge,stored_electrode_target,stored_electrode_record,L4,RULE_OTHER_STORED_TARGET
average_voltage,V,P0,240,stability_worst,stored_electrode_target,stored_electrode_record,L4,RULE_OTHER_STORED_TARGET
average_voltage,V,P0,241,stoich_abs_wi_amount_delta,stoichiometric_window,electrode_state_stoichiometry,L0,RULE_SAFE_DEFAULT
average_voltage,V,P0,242,stoich_wi_amount_charge,stoichiometric_window,electrode_state_stoichiometry,L0,RULE_SAFE_DEFAULT
average_voltage,V,P0,243,stoich_wi_amount_delta,stoichiometric_window,electrode_state_stoichiometry,L0,RULE_SAFE_DEFAULT
average_voltage,V,P0,244,stoich_wi_amount_discharge,stoichiometric_window,electrode_state_stoichiometry,L0,RULE_SAFE_DEFAULT
average_voltage,V,P0,245,stored_abs_fracA_delta,other_numeric,derived_miscellaneous,L0,RULE_SAFE_DEFAULT
average_voltage,V,P0,246,stored_fracA_delta,stoichiometric_window,electrode_state_stoichiometry,L0,RULE_SAFE_DEFAULT
average_voltage,V,P0,247,summary_abs_delta_band_gap,post_dft_electronic_summary,post_dft_electronic,L4,RULE_POST_DFT_ELECTRONIC
average_voltage,V,P0,248,summary_abs_delta_density,relaxed_structure_summary,relaxed_structure,L0,RULE_SAFE_STRUCTURE
average_voltage,V,P0,249,summary_abs_delta_density_atomic,relaxed_structure_summary,relaxed_structure,L0,RULE_SAFE_STRUCTURE
average_voltage,V,P0,250,summary_abs_delta_energy_above_hull,post_dft_energy_stability_summary,post_dft_thermodynamics,L4,RULE_HULL_OTHER
average_voltage,V,P0,251,summary_abs_delta_formation_energy_per_atom,post_dft_energy_stability_summary,post_dft_thermodynamics,L2,RULE_FORMATION_ENERGY_VOLTAGE
average_voltage,V,P0,252,summary_abs_delta_volume_fraction,relaxed_structure_summary,relaxed_structure,L0,RULE_SAFE_STRUCTURE
average_voltage,V,P0,253,summary_abs_delta_volume_per_site,relaxed_structure_summary,relaxed_structure,L0,RULE_SAFE_STRUCTURE
average_voltage,V,P0,254,summary_delta_band_gap,post_dft_electronic_summary,post_dft_electronic,L4,RULE_POST_DFT_ELECTRONIC
average_voltage,V,P0,255,summary_delta_density,relaxed_structure_summary,relaxed_structure,L0,RULE_SAFE_STRUCTURE
average_voltage,V,P0,256,summary_delta_density_atomic,relaxed_structure_summary,relaxed_structure,L0,RULE_SAFE_STRUCTURE
average_voltage,V,P0,257,summary_delta_energy_above_hull,post_dft_energy_stability_summary,post_dft_thermodynamics,L4,RULE_HULL_OTHER
average_voltage,V,P0,258,summary_delta_formation_energy_per_atom,post_dft_energy_stability_summary,post_dft_thermodynamics,L2,RULE_FORMATION_ENERGY_VOLTAGE
average_voltage,V,P0,259,summary_delta_volume_fraction,relaxed_structure_summary,relaxed_structure,L0,RULE_SAFE_STRUCTURE
average_voltage,V,P0,260,summary_delta_volume_per_site,relaxed_structure_summary,relaxed_structure,L0,RULE_SAFE_STRUCTURE
average_voltage,V,P0,261,summary_worst_energy_above_hull,post_dft_energy_stability_summary,post_dft_thermodynamics,L4,RULE_HULL_OTHER
average_voltage,V,P0,262,wi_X,composition_known_working_ion,pre_dft_composition,L0,RULE_SAFE_DEFAULT
average_voltage,V,P0,263,wi_Z,composition_known_working_ion,pre_dft_composition,L0,RULE_SAFE_DEFAULT
average_voltage,V,P0,264,wi_atomic_mass,composition_known_working_ion,pre_dft_composition,L0,RULE_SAFE_DEFAULT
average_voltage,V,P0,265,wi_group,composition_known_working_ion,pre_dft_composition,L0,RULE_SAFE_DEFAULT
average_voltage,V,P0,266,wi_row,composition_known_working_ion,pre_dft_composition,L0,RULE_SAFE_DEFAULT
average_voltage,V,P1,1,fw_X_max,composition_known_framework,pre_dft_composition,L0,RULE_SAFE_DEFAULT
average_voltage,V,P1,2,fw_X_mean,composition_known_framework,pre_dft_composition,L0,RULE_SAFE_DEFAULT
average_voltage,V,P1,3,fw_X_min,composition_known_framework,pre_dft_composition,L0,RULE_SAFE_DEFAULT
average_voltage,V,P1,4,fw_X_range,composition_known_framework,pre_dft_composition,L0,RULE_SAFE_DEFAULT
average_voltage,V,P1,5,fw_X_std,composition_known_framework,pre_dft_composition,L0,RULE_SAFE_DEFAULT
average_voltage,V,P1,6,fw_Z_max,composition_known_framework,pre_dft_composition,L0,RULE_SAFE_DEFAULT
average_voltage,V,P1,7,fw_Z_mean,composition_known_framework,pre_dft_composition,L0,RULE_SAFE_DEFAULT
average_voltage,V,P1,8,fw_Z_min,composition_known_framework,pre_dft_composition,L0,RULE_SAFE_DEFAULT
average_voltage,V,P1,9,fw_Z_range,composition_known_framework,pre_dft_composition,L0,RULE_SAFE_DEFAULT
average_voltage,V,P1,10,fw_Z_std,composition_known_framework,pre_dft_composition,L0,RULE_SAFE_DEFAULT
average_voltage,V,P1,11,fw_atomic_mass_max,composition_known_framework,pre_dft_composition,L0,RULE_SAFE_DEFAULT
average_voltage,V,P1,12,fw_atomic_mass_mean,composition_known_framework,pre_dft_composition,L0,RULE_SAFE_DEFAULT
average_voltage,V,P1,13,fw_atomic_mass_min,composition_known_framework,pre_dft_composition,L0,RULE_SAFE_DEFAULT
average_voltage,V,P1,14,fw_atomic_mass_range,composition_known_framework,pre_dft_composition,L0,RULE_SAFE_DEFAULT
average_voltage,V,P1,15,fw_atomic_mass_std,composition_known_framework,pre_dft_composition,L0,RULE_SAFE_DEFAULT
average_voltage,V,P1,16,fw_frac_Ag,composition_known_framework,pre_dft_composition,L0,RULE_SAFE_DEFAULT
average_voltage,V,P1,17,fw_frac_Al,composition_known_framework,pre_dft_composition,L0,RULE_SAFE_DEFAULT
average_voltage,V,P1,18,fw_frac_As,composition_known_framework,pre_dft_composition,L0,RULE_SAFE_DEFAULT
average_voltage,V,P1,19,fw_frac_B,composition_known_framework,pre_dft_composition,L0,RULE_SAFE_DEFAULT
average_voltage,V,P1,20,fw_frac_Br,composition_known_framework,pre_dft_composition,L0,RULE_SAFE_DEFAULT
average_voltage,V,P1,21,fw_frac_C,composition_known_framework,pre_dft_composition,L0,RULE_SAFE_DEFAULT
average_voltage,V,P1,22,fw_frac_Ca,composition_known_framework,pre_dft_composition,L0,RULE_SAFE_DEFAULT
average_voltage,V,P1,23,fw_frac_Cl,composition_known_framework,pre_dft_composition,L0,RULE_SAFE_DEFAULT
average_voltage,V,P1,24,fw_frac_Co,composition_known_framework,pre_dft_composition,L0,RULE_SAFE_DEFAULT
average_voltage,V,P1,25,fw_frac_Cr,composition_known_framework,pre_dft_composition,L0,RULE_SAFE_DEFAULT
average_voltage,V,P1,26,fw_frac_Cu,composition_known_framework,pre_dft_composition,L0,RULE_SAFE_DEFAULT
average_voltage,V,P1,27,fw_frac_F,composition_known_framework,pre_dft_composition,L0,RULE_SAFE_DEFAULT
average_voltage,V,P1,28,fw_frac_Fe,composition_known_framework,pre_dft_composition,L0,RULE_SAFE_DEFAULT
average_voltage,V,P1,29,fw_frac_I,composition_known_framework,pre_dft_composition,L0,RULE_SAFE_DEFAULT
average_voltage,V,P1,30,fw_frac_K,composition_known_framework,pre_dft_composition,L0,RULE_SAFE_DEFAULT
average_voltage,V,P1,31,fw_frac_Li,composition_known_framework,pre_dft_composition,L0,RULE_SAFE_DEFAULT
average_voltage,V,P1,32,fw_frac_Mg,composition_known_framework,pre_dft_composition,L0,RULE_SAFE_DEFAULT
average_voltage,V,P1,33,fw_frac_Mn,composition_known_framework,pre_dft_composition,L0,RULE_SAFE_DEFAULT
average_voltage,V,P1,34,fw_frac_N,composition_known_framework,pre_dft_composition,L0,RULE_SAFE_DEFAULT
average_voltage,V,P1,35,fw_frac_Na,composition_known_framework,pre_dft_composition,L0,RULE_SAFE_DEFAULT
average_voltage,V,P1,36,fw_frac_Ni,composition_known_framework,pre_dft_composition,L0,RULE_SAFE_DEFAULT
average_voltage,V,P1,37,fw_frac_O,composition_known_framework,pre_dft_composition,L0,RULE_SAFE_DEFAULT
average_voltage,V,P1,38,fw_frac_P,composition_known_framework,pre_dft_composition,L0,RULE_SAFE_DEFAULT
average_voltage,V,P1,39,fw_frac_S,composition_known_framework,pre_dft_composition,L0,RULE_SAFE_DEFAULT
average_voltage,V,P1,40,fw_frac_Si,composition_known_framework,pre_dft_composition,L0,RULE_SAFE_DEFAULT
average_voltage,V,P1,41,fw_frac_Ti,composition_known_framework,pre_dft_composition,L0,RULE_SAFE_DEFAULT
average_voltage,V,P1,42,fw_frac_V,composition_known_framework,pre_dft_composition,L0,RULE_SAFE_DEFAULT
average_voltage,V,P1,43,fw_frac_Zn,composition_known_framework,pre_dft_composition,L0,RULE_SAFE_DEFAULT
average_voltage,V,P1,44,fw_frac_transition_metals,composition_known_framework,pre_dft_composition,L0,RULE_SAFE_DEFAULT
average_voltage,V,P1,45,fw_group_max,composition_known_framework,pre_dft_composition,L0,RULE_SAFE_DEFAULT
average_voltage,V,P1,46,fw_group_mean,composition_known_framework,pre_dft_composition,L0,RULE_SAFE_DEFAULT
average_voltage,V,P1,47,fw_group_min,composition_known_framework,pre_dft_composition,L0,RULE_SAFE_DEFAULT
average_voltage,V,P1,48,fw_group_range,composition_known_framework,pre_dft_composition,L0,RULE_SAFE_DEFAULT
average_voltage,V,P1,49,fw_group_std,composition_known_framework,pre_dft_composition,L0,RULE_SAFE_DEFAULT
average_voltage,V,P1,50,fw_has_Br,composition_known_framework,pre_dft_composition,L0,RULE_SAFE_DEFAULT
average_voltage,V,P1,51,fw_has_C,composition_known_framework,pre_dft_composition,L0,RULE_SAFE_DEFAULT
average_voltage,V,P1,52,fw_has_Cl,composition_known_framework,pre_dft_composition,L0,RULE_SAFE_DEFAULT
average_voltage,V,P1,53,fw_has_F,composition_known_framework,pre_dft_composition,L0,RULE_SAFE_DEFAULT
average_voltage,V,P1,54,fw_has_I,composition_known_framework,pre_dft_composition,L0,RULE_SAFE_DEFAULT
average_voltage,V,P1,55,fw_has_N,composition_known_framework,pre_dft_composition,L0,RULE_SAFE_DEFAULT
average_voltage,V,P1,56,fw_has_O,composition_known_framework,pre_dft_composition,L0,RULE_SAFE_DEFAULT
average_voltage,V,P1,57,fw_has_P,composition_known_framework,pre_dft_composition,L0,RULE_SAFE_DEFAULT
average_voltage,V,P1,58,fw_has_S,composition_known_framework,pre_dft_composition,L0,RULE_SAFE_DEFAULT
average_voltage,V,P1,59,fw_has_Si,composition_known_framework,pre_dft_composition,L0,RULE_SAFE_DEFAULT
average_voltage,V,P1,60,fw_n_atoms,composition_known_framework,pre_dft_composition,L0,RULE_SAFE_DEFAULT
average_voltage,V,P1,61,fw_n_elements,composition_known_framework,pre_dft_composition,L0,RULE_SAFE_DEFAULT
average_voltage,V,P1,62,fw_n_transition_metals,composition_known_framework,pre_dft_composition,L0,RULE_SAFE_DEFAULT
average_voltage,V,P1,63,fw_parse_ok,composition_known_framework,pre_dft_composition,L0,RULE_SAFE_DEFAULT
average_voltage,V,P1,64,fw_row_max,composition_known_framework,pre_dft_composition,L0,RULE_SAFE_DEFAULT
average_voltage,V,P1,65,fw_row_mean,composition_known_framework,pre_dft_composition,L0,RULE_SAFE_DEFAULT
average_voltage,V,P1,66,fw_row_min,composition_known_framework,pre_dft_composition,L0,RULE_SAFE_DEFAULT
average_voltage,V,P1,67,fw_row_range,composition_known_framework,pre_dft_composition,L0,RULE_SAFE_DEFAULT
average_voltage,V,P1,68,fw_row_std,composition_known_framework,pre_dft_composition,L0,RULE_SAFE_DEFAULT
average_voltage,V,P1,69,wi_X,composition_known_working_ion,pre_dft_composition,L0,RULE_SAFE_DEFAULT
average_voltage,V,P1,70,wi_Z,composition_known_working_ion,pre_dft_composition,L0,RULE_SAFE_DEFAULT
average_voltage,V,P1,71,wi_atomic_mass,composition_known_working_ion,pre_dft_composition,L0,RULE_SAFE_DEFAULT
average_voltage,V,P1,72,wi_group,composition_known_working_ion,pre_dft_composition,L0,RULE_SAFE_DEFAULT
average_voltage,V,P1,73,wi_row,composition_known_working_ion,pre_dft_composition,L0,RULE_SAFE_DEFAULT
average_voltage,V,P2,1,charge_summary_density,relaxed_structure_summary,relaxed_structure,L0,RULE_SAFE_STRUCTURE
average_voltage,V,P2,2,charge_summary_density_atomic,relaxed_structure_summary,relaxed_structure,L0,RULE_SAFE_STRUCTURE
average_voltage,V,P2,3,charge_summary_nsites,relaxed_structure_summary,relaxed_structure,L0,RULE_SAFE_STRUCTURE
average_voltage,V,P2,4,charge_summary_symmetry_number,relaxed_structure_summary,relaxed_structure,L0,RULE_SAFE_STRUCTURE
average_voltage,V,P2,5,charge_summary_volume,relaxed_structure_summary,relaxed_structure,L0,RULE_SAFE_STRUCTURE
average_voltage,V,P2,6,charge_summary_volume_per_site,relaxed_structure_summary,relaxed_structure,L0,RULE_SAFE_STRUCTURE
average_voltage,V,P2,7,discharge_summary_density,relaxed_structure_summary,relaxed_structure,L0,RULE_SAFE_STRUCTURE
average_voltage,V,P2,8,discharge_summary_density_atomic,relaxed_structure_summary,relaxed_structure,L0,RULE_SAFE_STRUCTURE
average_voltage,V,P2,9,discharge_summary_nsites,relaxed_structure_summary,relaxed_structure,L0,RULE_SAFE_STRUCTURE
average_voltage,V,P2,10,discharge_summary_symmetry_number,relaxed_structure_summary,relaxed_structure,L0,RULE_SAFE_STRUCTURE
average_voltage,V,P2,11,discharge_summary_volume,relaxed_structure_summary,relaxed_structure,L0,RULE_SAFE_STRUCTURE
average_voltage,V,P2,12,discharge_summary_volume_per_site,relaxed_structure_summary,relaxed_structure,L0,RULE_SAFE_STRUCTURE
average_voltage,V,P2,13,fw_X_max,composition_known_framework,pre_dft_composition,L0,RULE_SAFE_DEFAULT
average_voltage,V,P2,14,fw_X_mean,composition_known_framework,pre_dft_composition,L0,RULE_SAFE_DEFAULT
average_voltage,V,P2,15,fw_X_min,composition_known_framework,pre_dft_composition,L0,RULE_SAFE_DEFAULT
average_voltage,V,P2,16,fw_X_range,composition_known_framework,pre_dft_composition,L0,RULE_SAFE_DEFAULT
average_voltage,V,P2,17,fw_X_std,composition_known_framework,pre_dft_composition,L0,RULE_SAFE_DEFAULT
average_voltage,V,P2,18,fw_Z_max,composition_known_framework,pre_dft_composition,L0,RULE_SAFE_DEFAULT
average_voltage,V,P2,19,fw_Z_mean,composition_known_framework,pre_dft_composition,L0,RULE_SAFE_DEFAULT
average_voltage,V,P2,20,fw_Z_min,composition_known_framework,pre_dft_composition,L0,RULE_SAFE_DEFAULT
average_voltage,V,P2,21,fw_Z_range,composition_known_framework,pre_dft_composition,L0,RULE_SAFE_DEFAULT
average_voltage,V,P2,22,fw_Z_std,composition_known_framework,pre_dft_composition,L0,RULE_SAFE_DEFAULT
average_voltage,V,P2,23,fw_atomic_mass_max,composition_known_framework,pre_dft_composition,L0,RULE_SAFE_DEFAULT
average_voltage,V,P2,24,fw_atomic_mass_mean,composition_known_framework,pre_dft_composition,L0,RULE_SAFE_DEFAULT
average_voltage,V,P2,25,fw_atomic_mass_min,composition_known_framework,pre_dft_composition,L0,RULE_SAFE_DEFAULT
average_voltage,V,P2,26,fw_atomic_mass_range,composition_known_framework,pre_dft_composition,L0,RULE_SAFE_DEFAULT
average_voltage,V,P2,27,fw_atomic_mass_std,composition_known_framework,pre_dft_composition,L0,RULE_SAFE_DEFAULT
average_voltage,V,P2,28,fw_frac_Ag,composition_known_framework,pre_dft_composition,L0,RULE_SAFE_DEFAULT
average_voltage,V,P2,29,fw_frac_Al,composition_known_framework,pre_dft_composition,L0,RULE_SAFE_DEFAULT
average_voltage,V,P2,30,fw_frac_As,composition_known_framework,pre_dft_composition,L0,RULE_SAFE_DEFAULT
average_voltage,V,P2,31,fw_frac_B,composition_known_framework,pre_dft_composition,L0,RULE_SAFE_DEFAULT
average_voltage,V,P2,32,fw_frac_Br,composition_known_framework,pre_dft_composition,L0,RULE_SAFE_DEFAULT
average_voltage,V,P2,33,fw_frac_C,composition_known_framework,pre_dft_composition,L0,RULE_SAFE_DEFAULT
average_voltage,V,P2,34,fw_frac_Ca,composition_known_framework,pre_dft_composition,L0,RULE_SAFE_DEFAULT
average_voltage,V,P2,35,fw_frac_Cl,composition_known_framework,pre_dft_composition,L0,RULE_SAFE_DEFAULT
average_voltage,V,P2,36,fw_frac_Co,composition_known_framework,pre_dft_composition,L0,RULE_SAFE_DEFAULT
average_voltage,V,P2,37,fw_frac_Cr,composition_known_framework,pre_dft_composition,L0,RULE_SAFE_DEFAULT
average_voltage,V,P2,38,fw_frac_Cu,composition_known_framework,pre_dft_composition,L0,RULE_SAFE_DEFAULT
average_voltage,V,P2,39,fw_frac_F,composition_known_framework,pre_dft_composition,L0,RULE_SAFE_DEFAULT
average_voltage,V,P2,40,fw_frac_Fe,composition_known_framework,pre_dft_composition,L0,RULE_SAFE_DEFAULT
average_voltage,V,P2,41,fw_frac_I,composition_known_framework,pre_dft_composition,L0,RULE_SAFE_DEFAULT
average_voltage,V,P2,42,fw_frac_K,composition_known_framework,pre_dft_composition,L0,RULE_SAFE_DEFAULT
average_voltage,V,P2,43,fw_frac_Li,composition_known_framework,pre_dft_composition,L0,RULE_SAFE_DEFAULT
average_voltage,V,P2,44,fw_frac_Mg,composition_known_framework,pre_dft_composition,L0,RULE_SAFE_DEFAULT
average_voltage,V,P2,45,fw_frac_Mn,composition_known_framework,pre_dft_composition,L0,RULE_SAFE_DEFAULT
average_voltage,V,P2,46,fw_frac_N,composition_known_framework,pre_dft_composition,L0,RULE_SAFE_DEFAULT
average_voltage,V,P2,47,fw_frac_Na,composition_known_framework,pre_dft_composition,L0,RULE_SAFE_DEFAULT
average_voltage,V,P2,48,fw_frac_Ni,composition_known_framework,pre_dft_composition,L0,RULE_SAFE_DEFAULT
average_voltage,V,P2,49,fw_frac_O,composition_known_framework,pre_dft_composition,L0,RULE_SAFE_DEFAULT
average_voltage,V,P2,50,fw_frac_P,composition_known_framework,pre_dft_composition,L0,RULE_SAFE_DEFAULT
average_voltage,V,P2,51,fw_frac_S,composition_known_framework,pre_dft_composition,L0,RULE_SAFE_DEFAULT
average_voltage,V,P2,52,fw_frac_Si,composition_known_framework,pre_dft_composition,L0,RULE_SAFE_DEFAULT
average_voltage,V,P2,53,fw_frac_Ti,composition_known_framework,pre_dft_composition,L0,RULE_SAFE_DEFAULT
average_voltage,V,P2,54,fw_frac_V,composition_known_framework,pre_dft_composition,L0,RULE_SAFE_DEFAULT
average_voltage,V,P2,55,fw_frac_Zn,composition_known_framework,pre_dft_composition,L0,RULE_SAFE_DEFAULT
average_voltage,V,P2,56,fw_frac_transition_metals,composition_known_framework,pre_dft_composition,L0,RULE_SAFE_DEFAULT
average_voltage,V,P2,57,fw_group_max,composition_known_framework,pre_dft_composition,L0,RULE_SAFE_DEFAULT
average_voltage,V,P2,58,fw_group_mean,composition_known_framework,pre_dft_composition,L0,RULE_SAFE_DEFAULT
average_voltage,V,P2,59,fw_group_min,composition_known_framework,pre_dft_composition,L0,RULE_SAFE_DEFAULT
average_voltage,V,P2,60,fw_group_range,composition_known_framework,pre_dft_composition,L0,RULE_SAFE_DEFAULT
average_voltage,V,P2,61,fw_group_std,composition_known_framework,pre_dft_composition,L0,RULE_SAFE_DEFAULT
average_voltage,V,P2,62,fw_has_Br,composition_known_framework,pre_dft_composition,L0,RULE_SAFE_DEFAULT
average_voltage,V,P2,63,fw_has_C,composition_known_framework,pre_dft_composition,L0,RULE_SAFE_DEFAULT
average_voltage,V,P2,64,fw_has_Cl,composition_known_framework,pre_dft_composition,L0,RULE_SAFE_DEFAULT
average_voltage,V,P2,65,fw_has_F,composition_known_framework,pre_dft_composition,L0,RULE_SAFE_DEFAULT
average_voltage,V,P2,66,fw_has_I,composition_known_framework,pre_dft_composition,L0,RULE_SAFE_DEFAULT
average_voltage,V,P2,67,fw_has_N,composition_known_framework,pre_dft_composition,L0,RULE_SAFE_DEFAULT
average_voltage,V,P2,68,fw_has_O,composition_known_framework,pre_dft_composition,L0,RULE_SAFE_DEFAULT
average_voltage,V,P2,69,fw_has_P,composition_known_framework,pre_dft_composition,L0,RULE_SAFE_DEFAULT
average_voltage,V,P2,70,fw_has_S,composition_known_framework,pre_dft_composition,L0,RULE_SAFE_DEFAULT
average_voltage,V,P2,71,fw_has_Si,composition_known_framework,pre_dft_composition,L0,RULE_SAFE_DEFAULT
average_voltage,V,P2,72,fw_n_atoms,composition_known_framework,pre_dft_composition,L0,RULE_SAFE_DEFAULT
average_voltage,V,P2,73,fw_n_elements,composition_known_framework,pre_dft_composition,L0,RULE_SAFE_DEFAULT
average_voltage,V,P2,74,fw_n_transition_metals,composition_known_framework,pre_dft_composition,L0,RULE_SAFE_DEFAULT
average_voltage,V,P2,75,fw_parse_ok,composition_known_framework,pre_dft_composition,L0,RULE_SAFE_DEFAULT
average_voltage,V,P2,76,fw_row_max,composition_known_framework,pre_dft_composition,L0,RULE_SAFE_DEFAULT
average_voltage,V,P2,77,fw_row_mean,composition_known_framework,pre_dft_composition,L0,RULE_SAFE_DEFAULT
average_voltage,V,P2,78,fw_row_min,composition_known_framework,pre_dft_composition,L0,RULE_SAFE_DEFAULT
average_voltage,V,P2,79,fw_row_range,composition_known_framework,pre_dft_composition,L0,RULE_SAFE_DEFAULT
average_voltage,V,P2,80,fw_row_std,composition_known_framework,pre_dft_composition,L0,RULE_SAFE_DEFAULT
average_voltage,V,P2,81,summary_abs_delta_density,relaxed_structure_summary,relaxed_structure,L0,RULE_SAFE_STRUCTURE
average_voltage,V,P2,82,summary_abs_delta_density_atomic,relaxed_structure_summary,relaxed_structure,L0,RULE_SAFE_STRUCTURE
average_voltage,V,P2,83,summary_abs_delta_volume_fraction,relaxed_structure_summary,relaxed_structure,L0,RULE_SAFE_STRUCTURE
average_voltage,V,P2,84,summary_abs_delta_volume_per_site,relaxed_structure_summary,relaxed_structure,L0,RULE_SAFE_STRUCTURE
average_voltage,V,P2,85,summary_delta_density,relaxed_structure_summary,relaxed_structure,L0,RULE_SAFE_STRUCTURE
average_voltage,V,P2,86,summary_delta_density_atomic,relaxed_structure_summary,relaxed_structure,L0,RULE_SAFE_STRUCTURE
average_voltage,V,P2,87,summary_delta_volume_fraction,relaxed_structure_summary,relaxed_structure,L0,RULE_SAFE_STRUCTURE
average_voltage,V,P2,88,summary_delta_volume_per_site,relaxed_structure_summary,relaxed_structure,L0,RULE_SAFE_STRUCTURE
average_voltage,V,P2,89,wi_X,composition_known_working_ion,pre_dft_composition,L0,RULE_SAFE_DEFAULT
average_voltage,V,P2,90,wi_Z,composition_known_working_ion,pre_dft_composition,L0,RULE_SAFE_DEFAULT
average_voltage,V,P2,91,wi_atomic_mass,composition_known_working_ion,pre_dft_composition,L0,RULE_SAFE_DEFAULT
average_voltage,V,P2,92,wi_group,composition_known_working_ion,pre_dft_composition,L0,RULE_SAFE_DEFAULT
average_voltage,V,P2,93,wi_row,composition_known_working_ion,pre_dft_composition,L0,RULE_SAFE_DEFAULT
average_voltage,V,P3,1,charge_summary_band_gap,post_dft_electronic_summary,post_dft_electronic,L4,RULE_POST_DFT_ELECTRONIC
average_voltage,V,P3,2,charge_summary_density,relaxed_structure_summary,relaxed_structure,L0,RULE_SAFE_STRUCTURE
average_voltage,V,P3,3,charge_summary_density_atomic,relaxed_structure_summary,relaxed_structure,L0,RULE_SAFE_STRUCTURE
average_voltage,V,P3,4,charge_summary_energy_above_hull,post_dft_energy_stability_summary,post_dft_thermodynamics,L4,RULE_HULL_OTHER
average_voltage,V,P3,5,charge_summary_is_metal,post_dft_electronic_summary,post_dft_electronic,L4,RULE_POST_DFT_ELECTRONIC
average_voltage,V,P3,6,charge_summary_is_stable,post_dft_energy_stability_summary,post_dft_thermodynamics,L4,RULE_HULL_OTHER
average_voltage,V,P3,7,charge_summary_nsites,relaxed_structure_summary,relaxed_structure,L0,RULE_SAFE_STRUCTURE
average_voltage,V,P3,8,charge_summary_symmetry_number,relaxed_structure_summary,relaxed_structure,L0,RULE_SAFE_STRUCTURE
average_voltage,V,P3,9,charge_summary_volume,relaxed_structure_summary,relaxed_structure,L0,RULE_SAFE_STRUCTURE
average_voltage,V,P3,10,charge_summary_volume_per_site,relaxed_structure_summary,relaxed_structure,L0,RULE_SAFE_STRUCTURE
average_voltage,V,P3,11,discharge_summary_band_gap,post_dft_electronic_summary,post_dft_electronic,L4,RULE_POST_DFT_ELECTRONIC
average_voltage,V,P3,12,discharge_summary_density,relaxed_structure_summary,relaxed_structure,L0,RULE_SAFE_STRUCTURE
average_voltage,V,P3,13,discharge_summary_density_atomic,relaxed_structure_summary,relaxed_structure,L0,RULE_SAFE_STRUCTURE
average_voltage,V,P3,14,discharge_summary_energy_above_hull,post_dft_energy_stability_summary,post_dft_thermodynamics,L4,RULE_HULL_OTHER
average_voltage,V,P3,15,discharge_summary_is_metal,post_dft_electronic_summary,post_dft_electronic,L4,RULE_POST_DFT_ELECTRONIC
average_voltage,V,P3,16,discharge_summary_is_stable,post_dft_energy_stability_summary,post_dft_thermodynamics,L4,RULE_HULL_OTHER
average_voltage,V,P3,17,discharge_summary_nsites,relaxed_structure_summary,relaxed_structure,L0,RULE_SAFE_STRUCTURE
average_voltage,V,P3,18,discharge_summary_symmetry_number,relaxed_structure_summary,relaxed_structure,L0,RULE_SAFE_STRUCTURE
average_voltage,V,P3,19,discharge_summary_volume,relaxed_structure_summary,relaxed_structure,L0,RULE_SAFE_STRUCTURE
average_voltage,V,P3,20,discharge_summary_volume_per_site,relaxed_structure_summary,relaxed_structure,L0,RULE_SAFE_STRUCTURE
average_voltage,V,P3,21,fw_X_max,composition_known_framework,pre_dft_composition,L0,RULE_SAFE_DEFAULT
average_voltage,V,P3,22,fw_X_mean,composition_known_framework,pre_dft_composition,L0,RULE_SAFE_DEFAULT
average_voltage,V,P3,23,fw_X_min,composition_known_framework,pre_dft_composition,L0,RULE_SAFE_DEFAULT
average_voltage,V,P3,24,fw_X_range,composition_known_framework,pre_dft_composition,L0,RULE_SAFE_DEFAULT
average_voltage,V,P3,25,fw_X_std,composition_known_framework,pre_dft_composition,L0,RULE_SAFE_DEFAULT
average_voltage,V,P3,26,fw_Z_max,composition_known_framework,pre_dft_composition,L0,RULE_SAFE_DEFAULT
average_voltage,V,P3,27,fw_Z_mean,composition_known_framework,pre_dft_composition,L0,RULE_SAFE_DEFAULT
average_voltage,V,P3,28,fw_Z_min,composition_known_framework,pre_dft_composition,L0,RULE_SAFE_DEFAULT
average_voltage,V,P3,29,fw_Z_range,composition_known_framework,pre_dft_composition,L0,RULE_SAFE_DEFAULT
average_voltage,V,P3,30,fw_Z_std,composition_known_framework,pre_dft_composition,L0,RULE_SAFE_DEFAULT
average_voltage,V,P3,31,fw_atomic_mass_max,composition_known_framework,pre_dft_composition,L0,RULE_SAFE_DEFAULT
average_voltage,V,P3,32,fw_atomic_mass_mean,composition_known_framework,pre_dft_composition,L0,RULE_SAFE_DEFAULT
average_voltage,V,P3,33,fw_atomic_mass_min,composition_known_framework,pre_dft_composition,L0,RULE_SAFE_DEFAULT
average_voltage,V,P3,34,fw_atomic_mass_range,composition_known_framework,pre_dft_composition,L0,RULE_SAFE_DEFAULT
average_voltage,V,P3,35,fw_atomic_mass_std,composition_known_framework,pre_dft_composition,L0,RULE_SAFE_DEFAULT
average_voltage,V,P3,36,fw_frac_Ag,composition_known_framework,pre_dft_composition,L0,RULE_SAFE_DEFAULT
average_voltage,V,P3,37,fw_frac_Al,composition_known_framework,pre_dft_composition,L0,RULE_SAFE_DEFAULT
average_voltage,V,P3,38,fw_frac_As,composition_known_framework,pre_dft_composition,L0,RULE_SAFE_DEFAULT
average_voltage,V,P3,39,fw_frac_B,composition_known_framework,pre_dft_composition,L0,RULE_SAFE_DEFAULT
average_voltage,V,P3,40,fw_frac_Br,composition_known_framework,pre_dft_composition,L0,RULE_SAFE_DEFAULT
average_voltage,V,P3,41,fw_frac_C,composition_known_framework,pre_dft_composition,L0,RULE_SAFE_DEFAULT
average_voltage,V,P3,42,fw_frac_Ca,composition_known_framework,pre_dft_composition,L0,RULE_SAFE_DEFAULT
average_voltage,V,P3,43,fw_frac_Cl,composition_known_framework,pre_dft_composition,L0,RULE_SAFE_DEFAULT
average_voltage,V,P3,44,fw_frac_Co,composition_known_framework,pre_dft_composition,L0,RULE_SAFE_DEFAULT
average_voltage,V,P3,45,fw_frac_Cr,composition_known_framework,pre_dft_composition,L0,RULE_SAFE_DEFAULT
average_voltage,V,P3,46,fw_frac_Cu,composition_known_framework,pre_dft_composition,L0,RULE_SAFE_DEFAULT
average_voltage,V,P3,47,fw_frac_F,composition_known_framework,pre_dft_composition,L0,RULE_SAFE_DEFAULT
average_voltage,V,P3,48,fw_frac_Fe,composition_known_framework,pre_dft_composition,L0,RULE_SAFE_DEFAULT
average_voltage,V,P3,49,fw_frac_I,composition_known_framework,pre_dft_composition,L0,RULE_SAFE_DEFAULT
average_voltage,V,P3,50,fw_frac_K,composition_known_framework,pre_dft_composition,L0,RULE_SAFE_DEFAULT
average_voltage,V,P3,51,fw_frac_Li,composition_known_framework,pre_dft_composition,L0,RULE_SAFE_DEFAULT
average_voltage,V,P3,52,fw_frac_Mg,composition_known_framework,pre_dft_composition,L0,RULE_SAFE_DEFAULT
average_voltage,V,P3,53,fw_frac_Mn,composition_known_framework,pre_dft_composition,L0,RULE_SAFE_DEFAULT
average_voltage,V,P3,54,fw_frac_N,composition_known_framework,pre_dft_composition,L0,RULE_SAFE_DEFAULT
average_voltage,V,P3,55,fw_frac_Na,composition_known_framework,pre_dft_composition,L0,RULE_SAFE_DEFAULT
average_voltage,V,P3,56,fw_frac_Ni,composition_known_framework,pre_dft_composition,L0,RULE_SAFE_DEFAULT
average_voltage,V,P3,57,fw_frac_O,composition_known_framework,pre_dft_composition,L0,RULE_SAFE_DEFAULT
average_voltage,V,P3,58,fw_frac_P,composition_known_framework,pre_dft_composition,L0,RULE_SAFE_DEFAULT
average_voltage,V,P3,59,fw_frac_S,composition_known_framework,pre_dft_composition,L0,RULE_SAFE_DEFAULT
average_voltage,V,P3,60,fw_frac_Si,composition_known_framework,pre_dft_composition,L0,RULE_SAFE_DEFAULT
average_voltage,V,P3,61,fw_frac_Ti,composition_known_framework,pre_dft_composition,L0,RULE_SAFE_DEFAULT
average_voltage,V,P3,62,fw_frac_V,composition_known_framework,pre_dft_composition,L0,RULE_SAFE_DEFAULT
average_voltage,V,P3,63,fw_frac_Zn,composition_known_framework,pre_dft_composition,L0,RULE_SAFE_DEFAULT
average_voltage,V,P3,64,fw_frac_transition_metals,composition_known_framework,pre_dft_composition,L0,RULE_SAFE_DEFAULT
average_voltage,V,P3,65,fw_group_max,composition_known_framework,pre_dft_composition,L0,RULE_SAFE_DEFAULT
average_voltage,V,P3,66,fw_group_mean,composition_known_framework,pre_dft_composition,L0,RULE_SAFE_DEFAULT
average_voltage,V,P3,67,fw_group_min,composition_known_framework,pre_dft_composition,L0,RULE_SAFE_DEFAULT
average_voltage,V,P3,68,fw_group_range,composition_known_framework,pre_dft_composition,L0,RULE_SAFE_DEFAULT
average_voltage,V,P3,69,fw_group_std,composition_known_framework,pre_dft_composition,L0,RULE_SAFE_DEFAULT
average_voltage,V,P3,70,fw_has_Br,composition_known_framework,pre_dft_composition,L0,RULE_SAFE_DEFAULT
average_voltage,V,P3,71,fw_has_C,composition_known_framework,pre_dft_composition,L0,RULE_SAFE_DEFAULT
average_voltage,V,P3,72,fw_has_Cl,composition_known_framework,pre_dft_composition,L0,RULE_SAFE_DEFAULT
average_voltage,V,P3,73,fw_has_F,composition_known_framework,pre_dft_composition,L0,RULE_SAFE_DEFAULT
average_voltage,V,P3,74,fw_has_I,composition_known_framework,pre_dft_composition,L0,RULE_SAFE_DEFAULT
average_voltage,V,P3,75,fw_has_N,composition_known_framework,pre_dft_composition,L0,RULE_SAFE_DEFAULT
average_voltage,V,P3,76,fw_has_O,composition_known_framework,pre_dft_composition,L0,RULE_SAFE_DEFAULT
average_voltage,V,P3,77,fw_has_P,composition_known_framework,pre_dft_composition,L0,RULE_SAFE_DEFAULT
average_voltage,V,P3,78,fw_has_S,composition_known_framework,pre_dft_composition,L0,RULE_SAFE_DEFAULT
average_voltage,V,P3,79,fw_has_Si,composition_known_framework,pre_dft_composition,L0,RULE_SAFE_DEFAULT
average_voltage,V,P3,80,fw_n_atoms,composition_known_framework,pre_dft_composition,L0,RULE_SAFE_DEFAULT
average_voltage,V,P3,81,fw_n_elements,composition_known_framework,pre_dft_composition,L0,RULE_SAFE_DEFAULT
average_voltage,V,P3,82,fw_n_transition_metals,composition_known_framework,pre_dft_composition,L0,RULE_SAFE_DEFAULT
average_voltage,V,P3,83,fw_parse_ok,composition_known_framework,pre_dft_composition,L0,RULE_SAFE_DEFAULT
average_voltage,V,P3,84,fw_row_max,composition_known_framework,pre_dft_composition,L0,RULE_SAFE_DEFAULT
average_voltage,V,P3,85,fw_row_mean,composition_known_framework,pre_dft_composition,L0,RULE_SAFE_DEFAULT
average_voltage,V,P3,86,fw_row_min,composition_known_framework,pre_dft_composition,L0,RULE_SAFE_DEFAULT
average_voltage,V,P3,87,fw_row_range,composition_known_framework,pre_dft_composition,L0,RULE_SAFE_DEFAULT
average_voltage,V,P3,88,fw_row_std,composition_known_framework,pre_dft_composition,L0,RULE_SAFE_DEFAULT
average_voltage,V,P3,89,max_voltage_step,stored_electrode_process_descriptor,stored_electrode_record,L4,RULE_VOLTAGE_WINDOW
average_voltage,V,P3,90,num_steps,stored_electrode_process_descriptor,stored_electrode_record,L0,RULE_SAFE_DEFAULT
average_voltage,V,P3,91,summary_abs_delta_band_gap,post_dft_electronic_summary,post_dft_electronic,L4,RULE_POST_DFT_ELECTRONIC
average_voltage,V,P3,92,summary_abs_delta_density,relaxed_structure_summary,relaxed_structure,L0,RULE_SAFE_STRUCTURE
average_voltage,V,P3,93,summary_abs_delta_density_atomic,relaxed_structure_summary,relaxed_structure,L0,RULE_SAFE_STRUCTURE
average_voltage,V,P3,94,summary_abs_delta_energy_above_hull,post_dft_energy_stability_summary,post_dft_thermodynamics,L4,RULE_HULL_OTHER
average_voltage,V,P3,95,summary_abs_delta_volume_fraction,relaxed_structure_summary,relaxed_structure,L0,RULE_SAFE_STRUCTURE
average_voltage,V,P3,96,summary_abs_delta_volume_per_site,relaxed_structure_summary,relaxed_structure,L0,RULE_SAFE_STRUCTURE
average_voltage,V,P3,97,summary_delta_band_gap,post_dft_electronic_summary,post_dft_electronic,L4,RULE_POST_DFT_ELECTRONIC
average_voltage,V,P3,98,summary_delta_density,relaxed_structure_summary,relaxed_structure,L0,RULE_SAFE_STRUCTURE
average_voltage,V,P3,99,summary_delta_density_atomic,relaxed_structure_summary,relaxed_structure,L0,RULE_SAFE_STRUCTURE
average_voltage,V,P3,100,summary_delta_energy_above_hull,post_dft_energy_stability_summary,post_dft_thermodynamics,L4,RULE_HULL_OTHER
average_voltage,V,P3,101,summary_delta_volume_fraction,relaxed_structure_summary,relaxed_structure,L0,RULE_SAFE_STRUCTURE
average_voltage,V,P3,102,summary_delta_volume_per_site,relaxed_structure_summary,relaxed_structure,L0,RULE_SAFE_STRUCTURE
average_voltage,V,P3,103,summary_worst_energy_above_hull,post_dft_energy_stability_summary,post_dft_thermodynamics,L4,RULE_HULL_OTHER
average_voltage,V,P3,104,wi_X,composition_known_working_ion,pre_dft_composition,L0,RULE_SAFE_DEFAULT
average_voltage,V,P3,105,wi_Z,composition_known_working_ion,pre_dft_composition,L0,RULE_SAFE_DEFAULT
average_voltage,V,P3,106,wi_atomic_mass,composition_known_working_ion,pre_dft_composition,L0,RULE_SAFE_DEFAULT
average_voltage,V,P3,107,wi_group,composition_known_working_ion,pre_dft_composition,L0,RULE_SAFE_DEFAULT
average_voltage,V,P3,108,wi_row,composition_known_working_ion,pre_dft_composition,L0,RULE_SAFE_DEFAULT
average_voltage,V,P4,1,average_voltage,stored_electrode_target,stored_electrode_record,L1,RULE_DIRECT_TARGET
average_voltage,V,P4,2,capacity_grav,stored_electrode_target,stored_electrode_record,L4,RULE_OTHER_STORED_TARGET
average_voltage,V,P4,3,capacity_vol,stored_electrode_target,stored_electrode_record,L4,RULE_OTHER_STORED_TARGET
average_voltage,V,P4,4,charge_formula_X_max,stoichiometric_window,electrode_state_stoichiometry,L0,RULE_SAFE_DEFAULT
average_voltage,V,P4,5,charge_formula_X_mean,stoichiometric_window,electrode_state_stoichiometry,L0,RULE_SAFE_DEFAULT
average_voltage,V,P4,6,charge_formula_X_min,stoichiometric_window,electrode_state_stoichiometry,L0,RULE_SAFE_DEFAULT
average_voltage,V,P4,7,charge_formula_X_range,stoichiometric_window,electrode_state_stoichiometry,L0,RULE_SAFE_DEFAULT
average_voltage,V,P4,8,charge_formula_X_std,stoichiometric_window,electrode_state_stoichiometry,L0,RULE_SAFE_DEFAULT
average_voltage,V,P4,9,charge_formula_Z_max,stoichiometric_window,electrode_state_stoichiometry,L0,RULE_SAFE_DEFAULT
average_voltage,V,P4,10,charge_formula_Z_mean,stoichiometric_window,electrode_state_stoichiometry,L0,RULE_SAFE_DEFAULT
average_voltage,V,P4,11,charge_formula_Z_min,stoichiometric_window,electrode_state_stoichiometry,L0,RULE_SAFE_DEFAULT
average_voltage,V,P4,12,charge_formula_Z_range,stoichiometric_window,electrode_state_stoichiometry,L0,RULE_SAFE_DEFAULT
average_voltage,V,P4,13,charge_formula_Z_std,stoichiometric_window,electrode_state_stoichiometry,L0,RULE_SAFE_DEFAULT
average_voltage,V,P4,14,charge_formula_atomic_mass_max,stoichiometric_window,electrode_state_stoichiometry,L0,RULE_SAFE_DEFAULT
average_voltage,V,P4,15,charge_formula_atomic_mass_mean,stoichiometric_window,electrode_state_stoichiometry,L0,RULE_SAFE_DEFAULT
average_voltage,V,P4,16,charge_formula_atomic_mass_min,stoichiometric_window,electrode_state_stoichiometry,L0,RULE_SAFE_DEFAULT
average_voltage,V,P4,17,charge_formula_atomic_mass_range,stoichiometric_window,electrode_state_stoichiometry,L0,RULE_SAFE_DEFAULT
average_voltage,V,P4,18,charge_formula_atomic_mass_std,stoichiometric_window,electrode_state_stoichiometry,L0,RULE_SAFE_DEFAULT
average_voltage,V,P4,19,charge_formula_frac_Ag,stoichiometric_window,electrode_state_stoichiometry,L0,RULE_SAFE_DEFAULT
average_voltage,V,P4,20,charge_formula_frac_Al,stoichiometric_window,electrode_state_stoichiometry,L0,RULE_SAFE_DEFAULT
average_voltage,V,P4,21,charge_formula_frac_As,stoichiometric_window,electrode_state_stoichiometry,L0,RULE_SAFE_DEFAULT
average_voltage,V,P4,22,charge_formula_frac_B,stoichiometric_window,electrode_state_stoichiometry,L0,RULE_SAFE_DEFAULT
average_voltage,V,P4,23,charge_formula_frac_Br,stoichiometric_window,electrode_state_stoichiometry,L0,RULE_SAFE_DEFAULT
average_voltage,V,P4,24,charge_formula_frac_C,stoichiometric_window,electrode_state_stoichiometry,L0,RULE_SAFE_DEFAULT
average_voltage,V,P4,25,charge_formula_frac_Ca,stoichiometric_window,electrode_state_stoichiometry,L0,RULE_SAFE_DEFAULT
average_voltage,V,P4,26,charge_formula_frac_Cl,stoichiometric_window,electrode_state_stoichiometry,L0,RULE_SAFE_DEFAULT
average_voltage,V,P4,27,charge_formula_frac_Co,stoichiometric_window,electrode_state_stoichiometry,L0,RULE_SAFE_DEFAULT
average_voltage,V,P4,28,charge_formula_frac_Cr,stoichiometric_window,electrode_state_stoichiometry,L0,RULE_SAFE_DEFAULT
average_voltage,V,P4,29,charge_formula_frac_Cu,stoichiometric_window,electrode_state_stoichiometry,L0,RULE_SAFE_DEFAULT
average_voltage,V,P4,30,charge_formula_frac_F,stoichiometric_window,electrode_state_stoichiometry,L0,RULE_SAFE_DEFAULT
average_voltage,V,P4,31,charge_formula_frac_Fe,stoichiometric_window,electrode_state_stoichiometry,L0,RULE_SAFE_DEFAULT
average_voltage,V,P4,32,charge_formula_frac_I,stoichiometric_window,electrode_state_stoichiometry,L0,RULE_SAFE_DEFAULT
average_voltage,V,P4,33,charge_formula_frac_K,stoichiometric_window,electrode_state_stoichiometry,L0,RULE_SAFE_DEFAULT
average_voltage,V,P4,34,charge_formula_frac_Li,stoichiometric_window,electrode_state_stoichiometry,L0,RULE_SAFE_DEFAULT
average_voltage,V,P4,35,charge_formula_frac_Mg,stoichiometric_window,electrode_state_stoichiometry,L0,RULE_SAFE_DEFAULT
average_voltage,V,P4,36,charge_formula_frac_Mn,stoichiometric_window,electrode_state_stoichiometry,L0,RULE_SAFE_DEFAULT
average_voltage,V,P4,37,charge_formula_frac_N,stoichiometric_window,electrode_state_stoichiometry,L0,RULE_SAFE_DEFAULT
average_voltage,V,P4,38,charge_formula_frac_Na,stoichiometric_window,electrode_state_stoichiometry,L0,RULE_SAFE_DEFAULT
average_voltage,V,P4,39,charge_formula_frac_Ni,stoichiometric_window,electrode_state_stoichiometry,L0,RULE_SAFE_DEFAULT
average_voltage,V,P4,40,charge_formula_frac_O,stoichiometric_window,electrode_state_stoichiometry,L0,RULE_SAFE_DEFAULT
average_voltage,V,P4,41,charge_formula_frac_P,stoichiometric_window,electrode_state_stoichiometry,L0,RULE_SAFE_DEFAULT
average_voltage,V,P4,42,charge_formula_frac_S,stoichiometric_window,electrode_state_stoichiometry,L0,RULE_SAFE_DEFAULT
average_voltage,V,P4,43,charge_formula_frac_Si,stoichiometric_window,electrode_state_stoichiometry,L0,RULE_SAFE_DEFAULT
average_voltage,V,P4,44,charge_formula_frac_Ti,stoichiometric_window,electrode_state_stoichiometry,L0,RULE_SAFE_DEFAULT
average_voltage,V,P4,45,charge_formula_frac_V,stoichiometric_window,electrode_state_stoichiometry,L0,RULE_SAFE_DEFAULT
average_voltage,V,P4,46,charge_formula_frac_Zn,stoichiometric_window,electrode_state_stoichiometry,L0,RULE_SAFE_DEFAULT
average_voltage,V,P4,47,charge_formula_frac_transition_metals,stoichiometric_window,electrode_state_stoichiometry,L0,RULE_SAFE_DEFAULT
average_voltage,V,P4,48,charge_formula_group_max,stoichiometric_window,electrode_state_stoichiometry,L0,RULE_SAFE_DEFAULT
average_voltage,V,P4,49,charge_formula_group_mean,stoichiometric_window,electrode_state_stoichiometry,L0,RULE_SAFE_DEFAULT
average_voltage,V,P4,50,charge_formula_group_min,stoichiometric_window,electrode_state_stoichiometry,L0,RULE_SAFE_DEFAULT
average_voltage,V,P4,51,charge_formula_group_range,stoichiometric_window,electrode_state_stoichiometry,L0,RULE_SAFE_DEFAULT
average_voltage,V,P4,52,charge_formula_group_std,stoichiometric_window,electrode_state_stoichiometry,L0,RULE_SAFE_DEFAULT
average_voltage,V,P4,53,charge_formula_has_Br,stoichiometric_window,electrode_state_stoichiometry,L0,RULE_SAFE_DEFAULT
average_voltage,V,P4,54,charge_formula_has_C,stoichiometric_window,electrode_state_stoichiometry,L0,RULE_SAFE_DEFAULT
average_voltage,V,P4,55,charge_formula_has_Cl,stoichiometric_window,electrode_state_stoichiometry,L0,RULE_SAFE_DEFAULT
average_voltage,V,P4,56,charge_formula_has_F,stoichiometric_window,electrode_state_stoichiometry,L0,RULE_SAFE_DEFAULT
average_voltage,V,P4,57,charge_formula_has_I,stoichiometric_window,electrode_state_stoichiometry,L0,RULE_SAFE_DEFAULT
average_voltage,V,P4,58,charge_formula_has_N,stoichiometric_window,electrode_state_stoichiometry,L0,RULE_SAFE_DEFAULT
average_voltage,V,P4,59,charge_formula_has_O,stoichiometric_window,electrode_state_stoichiometry,L0,RULE_SAFE_DEFAULT
average_voltage,V,P4,60,charge_formula_has_P,stoichiometric_window,electrode_state_stoichiometry,L0,RULE_SAFE_DEFAULT
average_voltage,V,P4,61,charge_formula_has_S,stoichiometric_window,electrode_state_stoichiometry,L0,RULE_SAFE_DEFAULT
average_voltage,V,P4,62,charge_formula_has_Si,stoichiometric_window,electrode_state_stoichiometry,L0,RULE_SAFE_DEFAULT
average_voltage,V,P4,63,charge_formula_n_atoms,stoichiometric_window,electrode_state_stoichiometry,L0,RULE_SAFE_DEFAULT
average_voltage,V,P4,64,charge_formula_n_elements,stoichiometric_window,electrode_state_stoichiometry,L0,RULE_SAFE_DEFAULT
average_voltage,V,P4,65,charge_formula_n_transition_metals,stoichiometric_window,electrode_state_stoichiometry,L0,RULE_SAFE_DEFAULT
average_voltage,V,P4,66,charge_formula_parse_ok,stoichiometric_window,electrode_state_stoichiometry,L0,RULE_SAFE_DEFAULT
average_voltage,V,P4,67,charge_formula_row_max,stoichiometric_window,electrode_state_stoichiometry,L0,RULE_SAFE_DEFAULT
average_voltage,V,P4,68,charge_formula_row_mean,stoichiometric_window,electrode_state_stoichiometry,L0,RULE_SAFE_DEFAULT
average_voltage,V,P4,69,charge_formula_row_min,stoichiometric_window,electrode_state_stoichiometry,L0,RULE_SAFE_DEFAULT
average_voltage,V,P4,70,charge_formula_row_range,stoichiometric_window,electrode_state_stoichiometry,L0,RULE_SAFE_DEFAULT
average_voltage,V,P4,71,charge_formula_row_std,stoichiometric_window,electrode_state_stoichiometry,L0,RULE_SAFE_DEFAULT
average_voltage,V,P4,72,charge_summary_band_gap,post_dft_electronic_summary,post_dft_electronic,L4,RULE_POST_DFT_ELECTRONIC
average_voltage,V,P4,73,charge_summary_density,relaxed_structure_summary,relaxed_structure,L0,RULE_SAFE_STRUCTURE
average_voltage,V,P4,74,charge_summary_density_atomic,relaxed_structure_summary,relaxed_structure,L0,RULE_SAFE_STRUCTURE
average_voltage,V,P4,75,charge_summary_energy_above_hull,post_dft_energy_stability_summary,post_dft_thermodynamics,L4,RULE_HULL_OTHER
average_voltage,V,P4,76,charge_summary_formation_energy_per_atom,post_dft_energy_stability_summary,post_dft_thermodynamics,L2,RULE_FORMATION_ENERGY_VOLTAGE
average_voltage,V,P4,77,charge_summary_is_metal,post_dft_electronic_summary,post_dft_electronic,L4,RULE_POST_DFT_ELECTRONIC
average_voltage,V,P4,78,charge_summary_is_stable,post_dft_energy_stability_summary,post_dft_thermodynamics,L4,RULE_HULL_OTHER
average_voltage,V,P4,79,charge_summary_nsites,relaxed_structure_summary,relaxed_structure,L0,RULE_SAFE_STRUCTURE
average_voltage,V,P4,80,charge_summary_symmetry_number,relaxed_structure_summary,relaxed_structure,L0,RULE_SAFE_STRUCTURE
average_voltage,V,P4,81,charge_summary_theoretical,post_dft_provenance_flag,post_dft_provenance,L4,RULE_POST_DFT_PROVENANCE
average_voltage,V,P4,82,charge_summary_volume,relaxed_structure_summary,relaxed_structure,L0,RULE_SAFE_STRUCTURE
average_voltage,V,P4,83,charge_summary_volume_per_site,relaxed_structure_summary,relaxed_structure,L0,RULE_SAFE_STRUCTURE
average_voltage,V,P4,84,discharge_formula_X_max,stoichiometric_window,electrode_state_stoichiometry,L0,RULE_SAFE_DEFAULT
average_voltage,V,P4,85,discharge_formula_X_mean,stoichiometric_window,electrode_state_stoichiometry,L0,RULE_SAFE_DEFAULT
average_voltage,V,P4,86,discharge_formula_X_min,stoichiometric_window,electrode_state_stoichiometry,L0,RULE_SAFE_DEFAULT
average_voltage,V,P4,87,discharge_formula_X_range,stoichiometric_window,electrode_state_stoichiometry,L0,RULE_SAFE_DEFAULT
average_voltage,V,P4,88,discharge_formula_X_std,stoichiometric_window,electrode_state_stoichiometry,L0,RULE_SAFE_DEFAULT
average_voltage,V,P4,89,discharge_formula_Z_max,stoichiometric_window,electrode_state_stoichiometry,L0,RULE_SAFE_DEFAULT
average_voltage,V,P4,90,discharge_formula_Z_mean,stoichiometric_window,electrode_state_stoichiometry,L0,RULE_SAFE_DEFAULT
average_voltage,V,P4,91,discharge_formula_Z_min,stoichiometric_window,electrode_state_stoichiometry,L0,RULE_SAFE_DEFAULT
average_voltage,V,P4,92,discharge_formula_Z_range,stoichiometric_window,electrode_state_stoichiometry,L0,RULE_SAFE_DEFAULT
average_voltage,V,P4,93,discharge_formula_Z_std,stoichiometric_window,electrode_state_stoichiometry,L0,RULE_SAFE_DEFAULT
average_voltage,V,P4,94,discharge_formula_atomic_mass_max,stoichiometric_window,electrode_state_stoichiometry,L0,RULE_SAFE_DEFAULT
average_voltage,V,P4,95,discharge_formula_atomic_mass_mean,stoichiometric_window,electrode_state_stoichiometry,L0,RULE_SAFE_DEFAULT
average_voltage,V,P4,96,discharge_formula_atomic_mass_min,stoichiometric_window,electrode_state_stoichiometry,L0,RULE_SAFE_DEFAULT
average_voltage,V,P4,97,discharge_formula_atomic_mass_range,stoichiometric_window,electrode_state_stoichiometry,L0,RULE_SAFE_DEFAULT
average_voltage,V,P4,98,discharge_formula_atomic_mass_std,stoichiometric_window,electrode_state_stoichiometry,L0,RULE_SAFE_DEFAULT
average_voltage,V,P4,99,discharge_formula_frac_Ag,stoichiometric_window,electrode_state_stoichiometry,L0,RULE_SAFE_DEFAULT
average_voltage,V,P4,100,discharge_formula_frac_Al,stoichiometric_window,electrode_state_stoichiometry,L0,RULE_SAFE_DEFAULT
average_voltage,V,P4,101,discharge_formula_frac_As,stoichiometric_window,electrode_state_stoichiometry,L0,RULE_SAFE_DEFAULT
average_voltage,V,P4,102,discharge_formula_frac_B,stoichiometric_window,electrode_state_stoichiometry,L0,RULE_SAFE_DEFAULT
average_voltage,V,P4,103,discharge_formula_frac_Br,stoichiometric_window,electrode_state_stoichiometry,L0,RULE_SAFE_DEFAULT
average_voltage,V,P4,104,discharge_formula_frac_C,stoichiometric_window,electrode_state_stoichiometry,L0,RULE_SAFE_DEFAULT
average_voltage,V,P4,105,discharge_formula_frac_Ca,stoichiometric_window,electrode_state_stoichiometry,L0,RULE_SAFE_DEFAULT
average_voltage,V,P4,106,discharge_formula_frac_Cl,stoichiometric_window,electrode_state_stoichiometry,L0,RULE_SAFE_DEFAULT
average_voltage,V,P4,107,discharge_formula_frac_Co,stoichiometric_window,electrode_state_stoichiometry,L0,RULE_SAFE_DEFAULT
average_voltage,V,P4,108,discharge_formula_frac_Cr,stoichiometric_window,electrode_state_stoichiometry,L0,RULE_SAFE_DEFAULT
average_voltage,V,P4,109,discharge_formula_frac_Cu,stoichiometric_window,electrode_state_stoichiometry,L0,RULE_SAFE_DEFAULT
average_voltage,V,P4,110,discharge_formula_frac_F,stoichiometric_window,electrode_state_stoichiometry,L0,RULE_SAFE_DEFAULT
average_voltage,V,P4,111,discharge_formula_frac_Fe,stoichiometric_window,electrode_state_stoichiometry,L0,RULE_SAFE_DEFAULT
average_voltage,V,P4,112,discharge_formula_frac_I,stoichiometric_window,electrode_state_stoichiometry,L0,RULE_SAFE_DEFAULT
average_voltage,V,P4,113,discharge_formula_frac_K,stoichiometric_window,electrode_state_stoichiometry,L0,RULE_SAFE_DEFAULT
average_voltage,V,P4,114,discharge_formula_frac_Li,stoichiometric_window,electrode_state_stoichiometry,L0,RULE_SAFE_DEFAULT
average_voltage,V,P4,115,discharge_formula_frac_Mg,stoichiometric_window,electrode_state_stoichiometry,L0,RULE_SAFE_DEFAULT
average_voltage,V,P4,116,discharge_formula_frac_Mn,stoichiometric_window,electrode_state_stoichiometry,L0,RULE_SAFE_DEFAULT
average_voltage,V,P4,117,discharge_formula_frac_N,stoichiometric_window,electrode_state_stoichiometry,L0,RULE_SAFE_DEFAULT
average_voltage,V,P4,118,discharge_formula_frac_Na,stoichiometric_window,electrode_state_stoichiometry,L0,RULE_SAFE_DEFAULT
average_voltage,V,P4,119,discharge_formula_frac_Ni,stoichiometric_window,electrode_state_stoichiometry,L0,RULE_SAFE_DEFAULT
average_voltage,V,P4,120,discharge_formula_frac_O,stoichiometric_window,electrode_state_stoichiometry,L0,RULE_SAFE_DEFAULT
average_voltage,V,P4,121,discharge_formula_frac_P,stoichiometric_window,electrode_state_stoichiometry,L0,RULE_SAFE_DEFAULT
average_voltage,V,P4,122,discharge_formula_frac_S,stoichiometric_window,electrode_state_stoichiometry,L0,RULE_SAFE_DEFAULT
average_voltage,V,P4,123,discharge_formula_frac_Si,stoichiometric_window,electrode_state_stoichiometry,L0,RULE_SAFE_DEFAULT
average_voltage,V,P4,124,discharge_formula_frac_Ti,stoichiometric_window,electrode_state_stoichiometry,L0,RULE_SAFE_DEFAULT
average_voltage,V,P4,125,discharge_formula_frac_V,stoichiometric_window,electrode_state_stoichiometry,L0,RULE_SAFE_DEFAULT
average_voltage,V,P4,126,discharge_formula_frac_Zn,stoichiometric_window,electrode_state_stoichiometry,L0,RULE_SAFE_DEFAULT
average_voltage,V,P4,127,discharge_formula_frac_transition_metals,stoichiometric_window,electrode_state_stoichiometry,L0,RULE_SAFE_DEFAULT
average_voltage,V,P4,128,discharge_formula_group_max,stoichiometric_window,electrode_state_stoichiometry,L0,RULE_SAFE_DEFAULT
average_voltage,V,P4,129,discharge_formula_group_mean,stoichiometric_window,electrode_state_stoichiometry,L0,RULE_SAFE_DEFAULT
average_voltage,V,P4,130,discharge_formula_group_min,stoichiometric_window,electrode_state_stoichiometry,L0,RULE_SAFE_DEFAULT
average_voltage,V,P4,131,discharge_formula_group_range,stoichiometric_window,electrode_state_stoichiometry,L0,RULE_SAFE_DEFAULT
average_voltage,V,P4,132,discharge_formula_group_std,stoichiometric_window,electrode_state_stoichiometry,L0,RULE_SAFE_DEFAULT
average_voltage,V,P4,133,discharge_formula_has_Br,stoichiometric_window,electrode_state_stoichiometry,L0,RULE_SAFE_DEFAULT
average_voltage,V,P4,134,discharge_formula_has_C,stoichiometric_window,electrode_state_stoichiometry,L0,RULE_SAFE_DEFAULT
average_voltage,V,P4,135,discharge_formula_has_Cl,stoichiometric_window,electrode_state_stoichiometry,L0,RULE_SAFE_DEFAULT
average_voltage,V,P4,136,discharge_formula_has_F,stoichiometric_window,electrode_state_stoichiometry,L0,RULE_SAFE_DEFAULT
average_voltage,V,P4,137,discharge_formula_has_I,stoichiometric_window,electrode_state_stoichiometry,L0,RULE_SAFE_DEFAULT
average_voltage,V,P4,138,discharge_formula_has_N,stoichiometric_window,electrode_state_stoichiometry,L0,RULE_SAFE_DEFAULT
average_voltage,V,P4,139,discharge_formula_has_O,stoichiometric_window,electrode_state_stoichiometry,L0,RULE_SAFE_DEFAULT
average_voltage,V,P4,140,discharge_formula_has_P,stoichiometric_window,electrode_state_stoichiometry,L0,RULE_SAFE_DEFAULT
average_voltage,V,P4,141,discharge_formula_has_S,stoichiometric_window,electrode_state_stoichiometry,L0,RULE_SAFE_DEFAULT
average_voltage,V,P4,142,discharge_formula_has_Si,stoichiometric_window,electrode_state_stoichiometry,L0,RULE_SAFE_DEFAULT
average_voltage,V,P4,143,discharge_formula_n_atoms,stoichiometric_window,electrode_state_stoichiometry,L0,RULE_SAFE_DEFAULT
average_voltage,V,P4,144,discharge_formula_n_elements,stoichiometric_window,electrode_state_stoichiometry,L0,RULE_SAFE_DEFAULT
average_voltage,V,P4,145,discharge_formula_n_transition_metals,stoichiometric_window,electrode_state_stoichiometry,L0,RULE_SAFE_DEFAULT
average_voltage,V,P4,146,discharge_formula_parse_ok,stoichiometric_window,electrode_state_stoichiometry,L0,RULE_SAFE_DEFAULT
average_voltage,V,P4,147,discharge_formula_row_max,stoichiometric_window,electrode_state_stoichiometry,L0,RULE_SAFE_DEFAULT
average_voltage,V,P4,148,discharge_formula_row_mean,stoichiometric_window,electrode_state_stoichiometry,L0,RULE_SAFE_DEFAULT
average_voltage,V,P4,149,discharge_formula_row_min,stoichiometric_window,electrode_state_stoichiometry,L0,RULE_SAFE_DEFAULT
average_voltage,V,P4,150,discharge_formula_row_range,stoichiometric_window,electrode_state_stoichiometry,L0,RULE_SAFE_DEFAULT
average_voltage,V,P4,151,discharge_formula_row_std,stoichiometric_window,electrode_state_stoichiometry,L0,RULE_SAFE_DEFAULT
average_voltage,V,P4,152,discharge_summary_band_gap,post_dft_electronic_summary,post_dft_electronic,L4,RULE_POST_DFT_ELECTRONIC
average_voltage,V,P4,153,discharge_summary_density,relaxed_structure_summary,relaxed_structure,L0,RULE_SAFE_STRUCTURE
average_voltage,V,P4,154,discharge_summary_density_atomic,relaxed_structure_summary,relaxed_structure,L0,RULE_SAFE_STRUCTURE
average_voltage,V,P4,155,discharge_summary_energy_above_hull,post_dft_energy_stability_summary,post_dft_thermodynamics,L4,RULE_HULL_OTHER
average_voltage,V,P4,156,discharge_summary_formation_energy_per_atom,post_dft_energy_stability_summary,post_dft_thermodynamics,L2,RULE_FORMATION_ENERGY_VOLTAGE
average_voltage,V,P4,157,discharge_summary_is_metal,post_dft_electronic_summary,post_dft_electronic,L4,RULE_POST_DFT_ELECTRONIC
average_voltage,V,P4,158,discharge_summary_is_stable,post_dft_energy_stability_summary,post_dft_thermodynamics,L4,RULE_HULL_OTHER
average_voltage,V,P4,159,discharge_summary_nsites,relaxed_structure_summary,relaxed_structure,L0,RULE_SAFE_STRUCTURE
average_voltage,V,P4,160,discharge_summary_symmetry_number,relaxed_structure_summary,relaxed_structure,L0,RULE_SAFE_STRUCTURE
average_voltage,V,P4,161,discharge_summary_theoretical,post_dft_provenance_flag,post_dft_provenance,L4,RULE_POST_DFT_PROVENANCE
average_voltage,V,P4,162,discharge_summary_volume,relaxed_structure_summary,relaxed_structure,L0,RULE_SAFE_STRUCTURE
average_voltage,V,P4,163,discharge_summary_volume_per_site,relaxed_structure_summary,relaxed_structure,L0,RULE_SAFE_STRUCTURE
average_voltage,V,P4,164,energy_grav,stored_electrode_target,stored_electrode_record,L2,RULE_ENERGY_VOLTAGE_RELATION
average_voltage,V,P4,165,energy_vol,stored_electrode_target,stored_electrode_record,L2,RULE_ENERGY_VOLTAGE_RELATION
average_voltage,V,P4,166,fracA_charge,stoichiometric_window,electrode_state_stoichiometry,L0,RULE_SAFE_DEFAULT
average_voltage,V,P4,167,fracA_discharge,stoichiometric_window,electrode_state_stoichiometry,L0,RULE_SAFE_DEFAULT
average_voltage,V,P4,168,fw_X_max,composition_known_framework,pre_dft_composition,L0,RULE_SAFE_DEFAULT
average_voltage,V,P4,169,fw_X_mean,composition_known_framework,pre_dft_composition,L0,RULE_SAFE_DEFAULT
average_voltage,V,P4,170,fw_X_min,composition_known_framework,pre_dft_composition,L0,RULE_SAFE_DEFAULT
average_voltage,V,P4,171,fw_X_range,composition_known_framework,pre_dft_composition,L0,RULE_SAFE_DEFAULT
average_voltage,V,P4,172,fw_X_std,composition_known_framework,pre_dft_composition,L0,RULE_SAFE_DEFAULT
average_voltage,V,P4,173,fw_Z_max,composition_known_framework,pre_dft_composition,L0,RULE_SAFE_DEFAULT
average_voltage,V,P4,174,fw_Z_mean,composition_known_framework,pre_dft_composition,L0,RULE_SAFE_DEFAULT
average_voltage,V,P4,175,fw_Z_min,composition_known_framework,pre_dft_composition,L0,RULE_SAFE_DEFAULT
average_voltage,V,P4,176,fw_Z_range,composition_known_framework,pre_dft_composition,L0,RULE_SAFE_DEFAULT
average_voltage,V,P4,177,fw_Z_std,composition_known_framework,pre_dft_composition,L0,RULE_SAFE_DEFAULT
average_voltage,V,P4,178,fw_atomic_mass_max,composition_known_framework,pre_dft_composition,L0,RULE_SAFE_DEFAULT
average_voltage,V,P4,179,fw_atomic_mass_mean,composition_known_framework,pre_dft_composition,L0,RULE_SAFE_DEFAULT
average_voltage,V,P4,180,fw_atomic_mass_min,composition_known_framework,pre_dft_composition,L0,RULE_SAFE_DEFAULT
average_voltage,V,P4,181,fw_atomic_mass_range,composition_known_framework,pre_dft_composition,L0,RULE_SAFE_DEFAULT
average_voltage,V,P4,182,fw_atomic_mass_std,composition_known_framework,pre_dft_composition,L0,RULE_SAFE_DEFAULT
average_voltage,V,P4,183,fw_frac_Ag,composition_known_framework,pre_dft_composition,L0,RULE_SAFE_DEFAULT
average_voltage,V,P4,184,fw_frac_Al,composition_known_framework,pre_dft_composition,L0,RULE_SAFE_DEFAULT
average_voltage,V,P4,185,fw_frac_As,composition_known_framework,pre_dft_composition,L0,RULE_SAFE_DEFAULT
average_voltage,V,P4,186,fw_frac_B,composition_known_framework,pre_dft_composition,L0,RULE_SAFE_DEFAULT
average_voltage,V,P4,187,fw_frac_Br,composition_known_framework,pre_dft_composition,L0,RULE_SAFE_DEFAULT
average_voltage,V,P4,188,fw_frac_C,composition_known_framework,pre_dft_composition,L0,RULE_SAFE_DEFAULT
average_voltage,V,P4,189,fw_frac_Ca,composition_known_framework,pre_dft_composition,L0,RULE_SAFE_DEFAULT
average_voltage,V,P4,190,fw_frac_Cl,composition_known_framework,pre_dft_composition,L0,RULE_SAFE_DEFAULT
average_voltage,V,P4,191,fw_frac_Co,composition_known_framework,pre_dft_composition,L0,RULE_SAFE_DEFAULT
average_voltage,V,P4,192,fw_frac_Cr,composition_known_framework,pre_dft_composition,L0,RULE_SAFE_DEFAULT
average_voltage,V,P4,193,fw_frac_Cu,composition_known_framework,pre_dft_composition,L0,RULE_SAFE_DEFAULT
average_voltage,V,P4,194,fw_frac_F,composition_known_framework,pre_dft_composition,L0,RULE_SAFE_DEFAULT
average_voltage,V,P4,195,fw_frac_Fe,composition_known_framework,pre_dft_composition,L0,RULE_SAFE_DEFAULT
average_voltage,V,P4,196,fw_frac_I,composition_known_framework,pre_dft_composition,L0,RULE_SAFE_DEFAULT
average_voltage,V,P4,197,fw_frac_K,composition_known_framework,pre_dft_composition,L0,RULE_SAFE_DEFAULT
average_voltage,V,P4,198,fw_frac_Li,composition_known_framework,pre_dft_composition,L0,RULE_SAFE_DEFAULT
average_voltage,V,P4,199,fw_frac_Mg,composition_known_framework,pre_dft_composition,L0,RULE_SAFE_DEFAULT
average_voltage,V,P4,200,fw_frac_Mn,composition_known_framework,pre_dft_composition,L0,RULE_SAFE_DEFAULT
average_voltage,V,P4,201,fw_frac_N,composition_known_framework,pre_dft_composition,L0,RULE_SAFE_DEFAULT
average_voltage,V,P4,202,fw_frac_Na,composition_known_framework,pre_dft_composition,L0,RULE_SAFE_DEFAULT
average_voltage,V,P4,203,fw_frac_Ni,composition_known_framework,pre_dft_composition,L0,RULE_SAFE_DEFAULT
average_voltage,V,P4,204,fw_frac_O,composition_known_framework,pre_dft_composition,L0,RULE_SAFE_DEFAULT
average_voltage,V,P4,205,fw_frac_P,composition_known_framework,pre_dft_composition,L0,RULE_SAFE_DEFAULT
average_voltage,V,P4,206,fw_frac_S,composition_known_framework,pre_dft_composition,L0,RULE_SAFE_DEFAULT
average_voltage,V,P4,207,fw_frac_Si,composition_known_framework,pre_dft_composition,L0,RULE_SAFE_DEFAULT
average_voltage,V,P4,208,fw_frac_Ti,composition_known_framework,pre_dft_composition,L0,RULE_SAFE_DEFAULT
average_voltage,V,P4,209,fw_frac_V,composition_known_framework,pre_dft_composition,L0,RULE_SAFE_DEFAULT
average_voltage,V,P4,210,fw_frac_Zn,composition_known_framework,pre_dft_composition,L0,RULE_SAFE_DEFAULT
average_voltage,V,P4,211,fw_frac_transition_metals,composition_known_framework,pre_dft_composition,L0,RULE_SAFE_DEFAULT
average_voltage,V,P4,212,fw_group_max,composition_known_framework,pre_dft_composition,L0,RULE_SAFE_DEFAULT
average_voltage,V,P4,213,fw_group_mean,composition_known_framework,pre_dft_composition,L0,RULE_SAFE_DEFAULT
average_voltage,V,P4,214,fw_group_min,composition_known_framework,pre_dft_composition,L0,RULE_SAFE_DEFAULT
average_voltage,V,P4,215,fw_group_range,composition_known_framework,pre_dft_composition,L0,RULE_SAFE_DEFAULT
average_voltage,V,P4,216,fw_group_std,composition_known_framework,pre_dft_composition,L0,RULE_SAFE_DEFAULT
average_voltage,V,P4,217,fw_has_Br,composition_known_framework,pre_dft_composition,L0,RULE_SAFE_DEFAULT
average_voltage,V,P4,218,fw_has_C,composition_known_framework,pre_dft_composition,L0,RULE_SAFE_DEFAULT
average_voltage,V,P4,219,fw_has_Cl,composition_known_framework,pre_dft_composition,L0,RULE_SAFE_DEFAULT
average_voltage,V,P4,220,fw_has_F,composition_known_framework,pre_dft_composition,L0,RULE_SAFE_DEFAULT
average_voltage,V,P4,221,fw_has_I,composition_known_framework,pre_dft_composition,L0,RULE_SAFE_DEFAULT
average_voltage,V,P4,222,fw_has_N,composition_known_framework,pre_dft_composition,L0,RULE_SAFE_DEFAULT
average_voltage,V,P4,223,fw_has_O,composition_known_framework,pre_dft_composition,L0,RULE_SAFE_DEFAULT
average_voltage,V,P4,224,fw_has_P,composition_known_framework,pre_dft_composition,L0,RULE_SAFE_DEFAULT
average_voltage,V,P4,225,fw_has_S,composition_known_framework,pre_dft_composition,L0,RULE_SAFE_DEFAULT
average_voltage,V,P4,226,fw_has_Si,composition_known_framework,pre_dft_composition,L0,RULE_SAFE_DEFAULT
average_voltage,V,P4,227,fw_n_atoms,composition_known_framework,pre_dft_composition,L0,RULE_SAFE_DEFAULT
average_voltage,V,P4,228,fw_n_elements,composition_known_framework,pre_dft_composition,L0,RULE_SAFE_DEFAULT
average_voltage,V,P4,229,fw_n_transition_metals,composition_known_framework,pre_dft_composition,L0,RULE_SAFE_DEFAULT
average_voltage,V,P4,230,fw_parse_ok,composition_known_framework,pre_dft_composition,L0,RULE_SAFE_DEFAULT
average_voltage,V,P4,231,fw_row_max,composition_known_framework,pre_dft_composition,L0,RULE_SAFE_DEFAULT
average_voltage,V,P4,232,fw_row_mean,composition_known_framework,pre_dft_composition,L0,RULE_SAFE_DEFAULT
average_voltage,V,P4,233,fw_row_min,composition_known_framework,pre_dft_composition,L0,RULE_SAFE_DEFAULT
average_voltage,V,P4,234,fw_row_range,composition_known_framework,pre_dft_composition,L0,RULE_SAFE_DEFAULT
average_voltage,V,P4,235,fw_row_std,composition_known_framework,pre_dft_composition,L0,RULE_SAFE_DEFAULT
average_voltage,V,P4,236,max_delta_volume,stored_electrode_target,stored_electrode_record,L4,RULE_OTHER_STORED_TARGET
average_voltage,V,P4,237,max_voltage_step,stored_electrode_process_descriptor,stored_electrode_record,L4,RULE_VOLTAGE_WINDOW
average_voltage,V,P4,238,num_steps,stored_electrode_process_descriptor,stored_electrode_record,L0,RULE_SAFE_DEFAULT
average_voltage,V,P4,239,stability_charge,stored_electrode_target,stored_electrode_record,L4,RULE_OTHER_STORED_TARGET
average_voltage,V,P4,240,stability_discharge,stored_electrode_target,stored_electrode_record,L4,RULE_OTHER_STORED_TARGET
average_voltage,V,P4,241,stability_worst,stored_electrode_target,stored_electrode_record,L4,RULE_OTHER_STORED_TARGET
average_voltage,V,P4,242,stoich_abs_wi_amount_delta,stoichiometric_window,electrode_state_stoichiometry,L0,RULE_SAFE_DEFAULT
average_voltage,V,P4,243,stoich_wi_amount_charge,stoichiometric_window,electrode_state_stoichiometry,L0,RULE_SAFE_DEFAULT
average_voltage,V,P4,244,stoich_wi_amount_delta,stoichiometric_window,electrode_state_stoichiometry,L0,RULE_SAFE_DEFAULT
average_voltage,V,P4,245,stoich_wi_amount_discharge,stoichiometric_window,electrode_state_stoichiometry,L0,RULE_SAFE_DEFAULT
average_voltage,V,P4,246,stored_abs_fracA_delta,other_numeric,derived_miscellaneous,L0,RULE_SAFE_DEFAULT
average_voltage,V,P4,247,stored_fracA_delta,stoichiometric_window,electrode_state_stoichiometry,L0,RULE_SAFE_DEFAULT
average_voltage,V,P4,248,summary_abs_delta_band_gap,post_dft_electronic_summary,post_dft_electronic,L4,RULE_POST_DFT_ELECTRONIC
average_voltage,V,P4,249,summary_abs_delta_density,relaxed_structure_summary,relaxed_structure,L0,RULE_SAFE_STRUCTURE
average_voltage,V,P4,250,summary_abs_delta_density_atomic,relaxed_structure_summary,relaxed_structure,L0,RULE_SAFE_STRUCTURE
average_voltage,V,P4,251,summary_abs_delta_energy_above_hull,post_dft_energy_stability_summary,post_dft_thermodynamics,L4,RULE_HULL_OTHER
average_voltage,V,P4,252,summary_abs_delta_formation_energy_per_atom,post_dft_energy_stability_summary,post_dft_thermodynamics,L2,RULE_FORMATION_ENERGY_VOLTAGE
average_voltage,V,P4,253,summary_abs_delta_volume_fraction,relaxed_structure_summary,relaxed_structure,L0,RULE_SAFE_STRUCTURE
average_voltage,V,P4,254,summary_abs_delta_volume_per_site,relaxed_structure_summary,relaxed_structure,L0,RULE_SAFE_STRUCTURE
average_voltage,V,P4,255,summary_delta_band_gap,post_dft_electronic_summary,post_dft_electronic,L4,RULE_POST_DFT_ELECTRONIC
average_voltage,V,P4,256,summary_delta_density,relaxed_structure_summary,relaxed_structure,L0,RULE_SAFE_STRUCTURE
average_voltage,V,P4,257,summary_delta_density_atomic,relaxed_structure_summary,relaxed_structure,L0,RULE_SAFE_STRUCTURE
average_voltage,V,P4,258,summary_delta_energy_above_hull,post_dft_energy_stability_summary,post_dft_thermodynamics,L4,RULE_HULL_OTHER
average_voltage,V,P4,259,summary_delta_formation_energy_per_atom,post_dft_energy_stability_summary,post_dft_thermodynamics,L2,RULE_FORMATION_ENERGY_VOLTAGE
average_voltage,V,P4,260,summary_delta_volume_fraction,relaxed_structure_summary,relaxed_structure,L0,RULE_SAFE_STRUCTURE
average_voltage,V,P4,261,summary_delta_volume_per_site,relaxed_structure_summary,relaxed_structure,L0,RULE_SAFE_STRUCTURE
average_voltage,V,P4,262,summary_worst_energy_above_hull,post_dft_energy_stability_summary,post_dft_thermodynamics,L4,RULE_HULL_OTHER
average_voltage,V,P4,263,wi_X,composition_known_working_ion,pre_dft_composition,L0,RULE_SAFE_DEFAULT
average_voltage,V,P4,264,wi_Z,composition_known_working_ion,pre_dft_composition,L0,RULE_SAFE_DEFAULT
average_voltage,V,P4,265,wi_atomic_mass,composition_known_working_ion,pre_dft_composition,L0,RULE_SAFE_DEFAULT
average_voltage,V,P4,266,wi_group,composition_known_working_ion,pre_dft_composition,L0,RULE_SAFE_DEFAULT
average_voltage,V,P4,267,wi_row,composition_known_working_ion,pre_dft_composition,L0,RULE_SAFE_DEFAULT
capacity_grav,mAh/g,P0,1,average_voltage,stored_electrode_target,stored_electrode_record,L4,RULE_OTHER_STORED_TARGET
capacity_grav,mAh/g,P0,2,capacity_vol,stored_electrode_target,stored_electrode_record,L2,RULE_CAPACITY_ENERGY_RELATION
capacity_grav,mAh/g,P0,3,charge_formula_X_max,stoichiometric_window,electrode_state_stoichiometry,L3,RULE_STOICHIOMETRIC_WINDOW
capacity_grav,mAh/g,P0,4,charge_formula_X_mean,stoichiometric_window,electrode_state_stoichiometry,L3,RULE_STOICHIOMETRIC_WINDOW
capacity_grav,mAh/g,P0,5,charge_formula_X_min,stoichiometric_window,electrode_state_stoichiometry,L3,RULE_STOICHIOMETRIC_WINDOW
capacity_grav,mAh/g,P0,6,charge_formula_X_range,stoichiometric_window,electrode_state_stoichiometry,L3,RULE_STOICHIOMETRIC_WINDOW
capacity_grav,mAh/g,P0,7,charge_formula_X_std,stoichiometric_window,electrode_state_stoichiometry,L3,RULE_STOICHIOMETRIC_WINDOW
capacity_grav,mAh/g,P0,8,charge_formula_Z_max,stoichiometric_window,electrode_state_stoichiometry,L3,RULE_STOICHIOMETRIC_WINDOW
capacity_grav,mAh/g,P0,9,charge_formula_Z_mean,stoichiometric_window,electrode_state_stoichiometry,L3,RULE_STOICHIOMETRIC_WINDOW
capacity_grav,mAh/g,P0,10,charge_formula_Z_min,stoichiometric_window,electrode_state_stoichiometry,L3,RULE_STOICHIOMETRIC_WINDOW
capacity_grav,mAh/g,P0,11,charge_formula_Z_range,stoichiometric_window,electrode_state_stoichiometry,L3,RULE_STOICHIOMETRIC_WINDOW
capacity_grav,mAh/g,P0,12,charge_formula_Z_std,stoichiometric_window,electrode_state_stoichiometry,L3,RULE_STOICHIOMETRIC_WINDOW
capacity_grav,mAh/g,P0,13,charge_formula_atomic_mass_max,stoichiometric_window,electrode_state_stoichiometry,L3,RULE_STOICHIOMETRIC_WINDOW
capacity_grav,mAh/g,P0,14,charge_formula_atomic_mass_mean,stoichiometric_window,electrode_state_stoichiometry,L3,RULE_STOICHIOMETRIC_WINDOW
capacity_grav,mAh/g,P0,15,charge_formula_atomic_mass_min,stoichiometric_window,electrode_state_stoichiometry,L3,RULE_STOICHIOMETRIC_WINDOW
capacity_grav,mAh/g,P0,16,charge_formula_atomic_mass_range,stoichiometric_window,electrode_state_stoichiometry,L3,RULE_STOICHIOMETRIC_WINDOW
capacity_grav,mAh/g,P0,17,charge_formula_atomic_mass_std,stoichiometric_window,electrode_state_stoichiometry,L3,RULE_STOICHIOMETRIC_WINDOW
capacity_grav,mAh/g,P0,18,charge_formula_frac_Ag,stoichiometric_window,electrode_state_stoichiometry,L3,RULE_STOICHIOMETRIC_WINDOW
capacity_grav,mAh/g,P0,19,charge_formula_frac_Al,stoichiometric_window,electrode_state_stoichiometry,L3,RULE_STOICHIOMETRIC_WINDOW
capacity_grav,mAh/g,P0,20,charge_formula_frac_As,stoichiometric_window,electrode_state_stoichiometry,L3,RULE_STOICHIOMETRIC_WINDOW
capacity_grav,mAh/g,P0,21,charge_formula_frac_B,stoichiometric_window,electrode_state_stoichiometry,L3,RULE_STOICHIOMETRIC_WINDOW
capacity_grav,mAh/g,P0,22,charge_formula_frac_Br,stoichiometric_window,electrode_state_stoichiometry,L3,RULE_STOICHIOMETRIC_WINDOW
capacity_grav,mAh/g,P0,23,charge_formula_frac_C,stoichiometric_window,electrode_state_stoichiometry,L3,RULE_STOICHIOMETRIC_WINDOW
capacity_grav,mAh/g,P0,24,charge_formula_frac_Ca,stoichiometric_window,electrode_state_stoichiometry,L3,RULE_STOICHIOMETRIC_WINDOW
capacity_grav,mAh/g,P0,25,charge_formula_frac_Cl,stoichiometric_window,electrode_state_stoichiometry,L3,RULE_STOICHIOMETRIC_WINDOW
capacity_grav,mAh/g,P0,26,charge_formula_frac_Co,stoichiometric_window,electrode_state_stoichiometry,L3,RULE_STOICHIOMETRIC_WINDOW
capacity_grav,mAh/g,P0,27,charge_formula_frac_Cr,stoichiometric_window,electrode_state_stoichiometry,L3,RULE_STOICHIOMETRIC_WINDOW
capacity_grav,mAh/g,P0,28,charge_formula_frac_Cu,stoichiometric_window,electrode_state_stoichiometry,L3,RULE_STOICHIOMETRIC_WINDOW
capacity_grav,mAh/g,P0,29,charge_formula_frac_F,stoichiometric_window,electrode_state_stoichiometry,L3,RULE_STOICHIOMETRIC_WINDOW
capacity_grav,mAh/g,P0,30,charge_formula_frac_Fe,stoichiometric_window,electrode_state_stoichiometry,L3,RULE_STOICHIOMETRIC_WINDOW
capacity_grav,mAh/g,P0,31,charge_formula_frac_I,stoichiometric_window,electrode_state_stoichiometry,L3,RULE_STOICHIOMETRIC_WINDOW
capacity_grav,mAh/g,P0,32,charge_formula_frac_K,stoichiometric_window,electrode_state_stoichiometry,L3,RULE_STOICHIOMETRIC_WINDOW
capacity_grav,mAh/g,P0,33,charge_formula_frac_Li,stoichiometric_window,electrode_state_stoichiometry,L3,RULE_STOICHIOMETRIC_WINDOW
capacity_grav,mAh/g,P0,34,charge_formula_frac_Mg,stoichiometric_window,electrode_state_stoichiometry,L3,RULE_STOICHIOMETRIC_WINDOW
capacity_grav,mAh/g,P0,35,charge_formula_frac_Mn,stoichiometric_window,electrode_state_stoichiometry,L3,RULE_STOICHIOMETRIC_WINDOW
capacity_grav,mAh/g,P0,36,charge_formula_frac_N,stoichiometric_window,electrode_state_stoichiometry,L3,RULE_STOICHIOMETRIC_WINDOW
capacity_grav,mAh/g,P0,37,charge_formula_frac_Na,stoichiometric_window,electrode_state_stoichiometry,L3,RULE_STOICHIOMETRIC_WINDOW
capacity_grav,mAh/g,P0,38,charge_formula_frac_Ni,stoichiometric_window,electrode_state_stoichiometry,L3,RULE_STOICHIOMETRIC_WINDOW
capacity_grav,mAh/g,P0,39,charge_formula_frac_O,stoichiometric_window,electrode_state_stoichiometry,L3,RULE_STOICHIOMETRIC_WINDOW
capacity_grav,mAh/g,P0,40,charge_formula_frac_P,stoichiometric_window,electrode_state_stoichiometry,L3,RULE_STOICHIOMETRIC_WINDOW
capacity_grav,mAh/g,P0,41,charge_formula_frac_S,stoichiometric_window,electrode_state_stoichiometry,L3,RULE_STOICHIOMETRIC_WINDOW
capacity_grav,mAh/g,P0,42,charge_formula_frac_Si,stoichiometric_window,electrode_state_stoichiometry,L3,RULE_STOICHIOMETRIC_WINDOW
capacity_grav,mAh/g,P0,43,charge_formula_frac_Ti,stoichiometric_window,electrode_state_stoichiometry,L3,RULE_STOICHIOMETRIC_WINDOW
capacity_grav,mAh/g,P0,44,charge_formula_frac_V,stoichiometric_window,electrode_state_stoichiometry,L3,RULE_STOICHIOMETRIC_WINDOW
capacity_grav,mAh/g,P0,45,charge_formula_frac_Zn,stoichiometric_window,electrode_state_stoichiometry,L3,RULE_STOICHIOMETRIC_WINDOW
capacity_grav,mAh/g,P0,46,charge_formula_frac_transition_metals,stoichiometric_window,electrode_state_stoichiometry,L3,RULE_STOICHIOMETRIC_WINDOW
capacity_grav,mAh/g,P0,47,charge_formula_group_max,stoichiometric_window,electrode_state_stoichiometry,L3,RULE_STOICHIOMETRIC_WINDOW
capacity_grav,mAh/g,P0,48,charge_formula_group_mean,stoichiometric_window,electrode_state_stoichiometry,L3,RULE_STOICHIOMETRIC_WINDOW
capacity_grav,mAh/g,P0,49,charge_formula_group_min,stoichiometric_window,electrode_state_stoichiometry,L3,RULE_STOICHIOMETRIC_WINDOW
capacity_grav,mAh/g,P0,50,charge_formula_group_range,stoichiometric_window,electrode_state_stoichiometry,L3,RULE_STOICHIOMETRIC_WINDOW
capacity_grav,mAh/g,P0,51,charge_formula_group_std,stoichiometric_window,electrode_state_stoichiometry,L3,RULE_STOICHIOMETRIC_WINDOW
capacity_grav,mAh/g,P0,52,charge_formula_has_Br,stoichiometric_window,electrode_state_stoichiometry,L3,RULE_STOICHIOMETRIC_WINDOW
capacity_grav,mAh/g,P0,53,charge_formula_has_C,stoichiometric_window,electrode_state_stoichiometry,L3,RULE_STOICHIOMETRIC_WINDOW
capacity_grav,mAh/g,P0,54,charge_formula_has_Cl,stoichiometric_window,electrode_state_stoichiometry,L3,RULE_STOICHIOMETRIC_WINDOW
capacity_grav,mAh/g,P0,55,charge_formula_has_F,stoichiometric_window,electrode_state_stoichiometry,L3,RULE_STOICHIOMETRIC_WINDOW
capacity_grav,mAh/g,P0,56,charge_formula_has_I,stoichiometric_window,electrode_state_stoichiometry,L3,RULE_STOICHIOMETRIC_WINDOW
capacity_grav,mAh/g,P0,57,charge_formula_has_N,stoichiometric_window,electrode_state_stoichiometry,L3,RULE_STOICHIOMETRIC_WINDOW
capacity_grav,mAh/g,P0,58,charge_formula_has_O,stoichiometric_window,electrode_state_stoichiometry,L3,RULE_STOICHIOMETRIC_WINDOW
capacity_grav,mAh/g,P0,59,charge_formula_has_P,stoichiometric_window,electrode_state_stoichiometry,L3,RULE_STOICHIOMETRIC_WINDOW
capacity_grav,mAh/g,P0,60,charge_formula_has_S,stoichiometric_window,electrode_state_stoichiometry,L3,RULE_STOICHIOMETRIC_WINDOW
capacity_grav,mAh/g,P0,61,charge_formula_has_Si,stoichiometric_window,electrode_state_stoichiometry,L3,RULE_STOICHIOMETRIC_WINDOW
capacity_grav,mAh/g,P0,62,charge_formula_n_atoms,stoichiometric_window,electrode_state_stoichiometry,L3,RULE_STOICHIOMETRIC_WINDOW
capacity_grav,mAh/g,P0,63,charge_formula_n_elements,stoichiometric_window,electrode_state_stoichiometry,L3,RULE_STOICHIOMETRIC_WINDOW
capacity_grav,mAh/g,P0,64,charge_formula_n_transition_metals,stoichiometric_window,electrode_state_stoichiometry,L3,RULE_STOICHIOMETRIC_WINDOW
capacity_grav,mAh/g,P0,65,charge_formula_parse_ok,stoichiometric_window,electrode_state_stoichiometry,L3,RULE_STOICHIOMETRIC_WINDOW
capacity_grav,mAh/g,P0,66,charge_formula_row_max,stoichiometric_window,electrode_state_stoichiometry,L3,RULE_STOICHIOMETRIC_WINDOW
capacity_grav,mAh/g,P0,67,charge_formula_row_mean,stoichiometric_window,electrode_state_stoichiometry,L3,RULE_STOICHIOMETRIC_WINDOW
capacity_grav,mAh/g,P0,68,charge_formula_row_min,stoichiometric_window,electrode_state_stoichiometry,L3,RULE_STOICHIOMETRIC_WINDOW
capacity_grav,mAh/g,P0,69,charge_formula_row_range,stoichiometric_window,electrode_state_stoichiometry,L3,RULE_STOICHIOMETRIC_WINDOW
capacity_grav,mAh/g,P0,70,charge_formula_row_std,stoichiometric_window,electrode_state_stoichiometry,L3,RULE_STOICHIOMETRIC_WINDOW
capacity_grav,mAh/g,P0,71,charge_summary_band_gap,post_dft_electronic_summary,post_dft_electronic,L4,RULE_POST_DFT_ELECTRONIC
capacity_grav,mAh/g,P0,72,charge_summary_density,relaxed_structure_summary,relaxed_structure,L0,RULE_SAFE_STRUCTURE
capacity_grav,mAh/g,P0,73,charge_summary_density_atomic,relaxed_structure_summary,relaxed_structure,L0,RULE_SAFE_STRUCTURE
capacity_grav,mAh/g,P0,74,charge_summary_energy_above_hull,post_dft_energy_stability_summary,post_dft_thermodynamics,L4,RULE_HULL_OTHER
capacity_grav,mAh/g,P0,75,charge_summary_formation_energy_per_atom,post_dft_energy_stability_summary,post_dft_thermodynamics,L4,RULE_POST_DFT_ENERGY_DEFAULT
capacity_grav,mAh/g,P0,76,charge_summary_is_metal,post_dft_electronic_summary,post_dft_electronic,L4,RULE_POST_DFT_ELECTRONIC
capacity_grav,mAh/g,P0,77,charge_summary_is_stable,post_dft_energy_stability_summary,post_dft_thermodynamics,L4,RULE_HULL_OTHER
capacity_grav,mAh/g,P0,78,charge_summary_nsites,relaxed_structure_summary,relaxed_structure,L0,RULE_SAFE_STRUCTURE
capacity_grav,mAh/g,P0,79,charge_summary_symmetry_number,relaxed_structure_summary,relaxed_structure,L0,RULE_SAFE_STRUCTURE
capacity_grav,mAh/g,P0,80,charge_summary_theoretical,post_dft_provenance_flag,post_dft_provenance,L4,RULE_POST_DFT_PROVENANCE
capacity_grav,mAh/g,P0,81,charge_summary_volume,relaxed_structure_summary,relaxed_structure,L0,RULE_SAFE_STRUCTURE
capacity_grav,mAh/g,P0,82,charge_summary_volume_per_site,relaxed_structure_summary,relaxed_structure,L0,RULE_SAFE_STRUCTURE
capacity_grav,mAh/g,P0,83,discharge_formula_X_max,stoichiometric_window,electrode_state_stoichiometry,L3,RULE_STOICHIOMETRIC_WINDOW
capacity_grav,mAh/g,P0,84,discharge_formula_X_mean,stoichiometric_window,electrode_state_stoichiometry,L3,RULE_STOICHIOMETRIC_WINDOW
capacity_grav,mAh/g,P0,85,discharge_formula_X_min,stoichiometric_window,electrode_state_stoichiometry,L3,RULE_STOICHIOMETRIC_WINDOW
capacity_grav,mAh/g,P0,86,discharge_formula_X_range,stoichiometric_window,electrode_state_stoichiometry,L3,RULE_STOICHIOMETRIC_WINDOW
capacity_grav,mAh/g,P0,87,discharge_formula_X_std,stoichiometric_window,electrode_state_stoichiometry,L3,RULE_STOICHIOMETRIC_WINDOW
capacity_grav,mAh/g,P0,88,discharge_formula_Z_max,stoichiometric_window,electrode_state_stoichiometry,L3,RULE_STOICHIOMETRIC_WINDOW
capacity_grav,mAh/g,P0,89,discharge_formula_Z_mean,stoichiometric_window,electrode_state_stoichiometry,L3,RULE_STOICHIOMETRIC_WINDOW
capacity_grav,mAh/g,P0,90,discharge_formula_Z_min,stoichiometric_window,electrode_state_stoichiometry,L3,RULE_STOICHIOMETRIC_WINDOW
capacity_grav,mAh/g,P0,91,discharge_formula_Z_range,stoichiometric_window,electrode_state_stoichiometry,L3,RULE_STOICHIOMETRIC_WINDOW
capacity_grav,mAh/g,P0,92,discharge_formula_Z_std,stoichiometric_window,electrode_state_stoichiometry,L3,RULE_STOICHIOMETRIC_WINDOW
capacity_grav,mAh/g,P0,93,discharge_formula_atomic_mass_max,stoichiometric_window,electrode_state_stoichiometry,L3,RULE_STOICHIOMETRIC_WINDOW
capacity_grav,mAh/g,P0,94,discharge_formula_atomic_mass_mean,stoichiometric_window,electrode_state_stoichiometry,L3,RULE_STOICHIOMETRIC_WINDOW
capacity_grav,mAh/g,P0,95,discharge_formula_atomic_mass_min,stoichiometric_window,electrode_state_stoichiometry,L3,RULE_STOICHIOMETRIC_WINDOW
capacity_grav,mAh/g,P0,96,discharge_formula_atomic_mass_range,stoichiometric_window,electrode_state_stoichiometry,L3,RULE_STOICHIOMETRIC_WINDOW
capacity_grav,mAh/g,P0,97,discharge_formula_atomic_mass_std,stoichiometric_window,electrode_state_stoichiometry,L3,RULE_STOICHIOMETRIC_WINDOW
capacity_grav,mAh/g,P0,98,discharge_formula_frac_Ag,stoichiometric_window,electrode_state_stoichiometry,L3,RULE_STOICHIOMETRIC_WINDOW
capacity_grav,mAh/g,P0,99,discharge_formula_frac_Al,stoichiometric_window,electrode_state_stoichiometry,L3,RULE_STOICHIOMETRIC_WINDOW
capacity_grav,mAh/g,P0,100,discharge_formula_frac_As,stoichiometric_window,electrode_state_stoichiometry,L3,RULE_STOICHIOMETRIC_WINDOW
capacity_grav,mAh/g,P0,101,discharge_formula_frac_B,stoichiometric_window,electrode_state_stoichiometry,L3,RULE_STOICHIOMETRIC_WINDOW
capacity_grav,mAh/g,P0,102,discharge_formula_frac_Br,stoichiometric_window,electrode_state_stoichiometry,L3,RULE_STOICHIOMETRIC_WINDOW
capacity_grav,mAh/g,P0,103,discharge_formula_frac_C,stoichiometric_window,electrode_state_stoichiometry,L3,RULE_STOICHIOMETRIC_WINDOW
capacity_grav,mAh/g,P0,104,discharge_formula_frac_Ca,stoichiometric_window,electrode_state_stoichiometry,L3,RULE_STOICHIOMETRIC_WINDOW
capacity_grav,mAh/g,P0,105,discharge_formula_frac_Cl,stoichiometric_window,electrode_state_stoichiometry,L3,RULE_STOICHIOMETRIC_WINDOW
capacity_grav,mAh/g,P0,106,discharge_formula_frac_Co,stoichiometric_window,electrode_state_stoichiometry,L3,RULE_STOICHIOMETRIC_WINDOW
capacity_grav,mAh/g,P0,107,discharge_formula_frac_Cr,stoichiometric_window,electrode_state_stoichiometry,L3,RULE_STOICHIOMETRIC_WINDOW
capacity_grav,mAh/g,P0,108,discharge_formula_frac_Cu,stoichiometric_window,electrode_state_stoichiometry,L3,RULE_STOICHIOMETRIC_WINDOW
capacity_grav,mAh/g,P0,109,discharge_formula_frac_F,stoichiometric_window,electrode_state_stoichiometry,L3,RULE_STOICHIOMETRIC_WINDOW
capacity_grav,mAh/g,P0,110,discharge_formula_frac_Fe,stoichiometric_window,electrode_state_stoichiometry,L3,RULE_STOICHIOMETRIC_WINDOW
capacity_grav,mAh/g,P0,111,discharge_formula_frac_I,stoichiometric_window,electrode_state_stoichiometry,L3,RULE_STOICHIOMETRIC_WINDOW
capacity_grav,mAh/g,P0,112,discharge_formula_frac_K,stoichiometric_window,electrode_state_stoichiometry,L3,RULE_STOICHIOMETRIC_WINDOW
capacity_grav,mAh/g,P0,113,discharge_formula_frac_Li,stoichiometric_window,electrode_state_stoichiometry,L3,RULE_STOICHIOMETRIC_WINDOW
capacity_grav,mAh/g,P0,114,discharge_formula_frac_Mg,stoichiometric_window,electrode_state_stoichiometry,L3,RULE_STOICHIOMETRIC_WINDOW
capacity_grav,mAh/g,P0,115,discharge_formula_frac_Mn,stoichiometric_window,electrode_state_stoichiometry,L3,RULE_STOICHIOMETRIC_WINDOW
capacity_grav,mAh/g,P0,116,discharge_formula_frac_N,stoichiometric_window,electrode_state_stoichiometry,L3,RULE_STOICHIOMETRIC_WINDOW
capacity_grav,mAh/g,P0,117,discharge_formula_frac_Na,stoichiometric_window,electrode_state_stoichiometry,L3,RULE_STOICHIOMETRIC_WINDOW
capacity_grav,mAh/g,P0,118,discharge_formula_frac_Ni,stoichiometric_window,electrode_state_stoichiometry,L3,RULE_STOICHIOMETRIC_WINDOW
capacity_grav,mAh/g,P0,119,discharge_formula_frac_O,stoichiometric_window,electrode_state_stoichiometry,L3,RULE_STOICHIOMETRIC_WINDOW
capacity_grav,mAh/g,P0,120,discharge_formula_frac_P,stoichiometric_window,electrode_state_stoichiometry,L3,RULE_STOICHIOMETRIC_WINDOW
capacity_grav,mAh/g,P0,121,discharge_formula_frac_S,stoichiometric_window,electrode_state_stoichiometry,L3,RULE_STOICHIOMETRIC_WINDOW
capacity_grav,mAh/g,P0,122,discharge_formula_frac_Si,stoichiometric_window,electrode_state_stoichiometry,L3,RULE_STOICHIOMETRIC_WINDOW
capacity_grav,mAh/g,P0,123,discharge_formula_frac_Ti,stoichiometric_window,electrode_state_stoichiometry,L3,RULE_STOICHIOMETRIC_WINDOW
capacity_grav,mAh/g,P0,124,discharge_formula_frac_V,stoichiometric_window,electrode_state_stoichiometry,L3,RULE_STOICHIOMETRIC_WINDOW
capacity_grav,mAh/g,P0,125,discharge_formula_frac_Zn,stoichiometric_window,electrode_state_stoichiometry,L3,RULE_STOICHIOMETRIC_WINDOW
capacity_grav,mAh/g,P0,126,discharge_formula_frac_transition_metals,stoichiometric_window,electrode_state_stoichiometry,L3,RULE_STOICHIOMETRIC_WINDOW
capacity_grav,mAh/g,P0,127,discharge_formula_group_max,stoichiometric_window,electrode_state_stoichiometry,L3,RULE_STOICHIOMETRIC_WINDOW
capacity_grav,mAh/g,P0,128,discharge_formula_group_mean,stoichiometric_window,electrode_state_stoichiometry,L3,RULE_STOICHIOMETRIC_WINDOW
capacity_grav,mAh/g,P0,129,discharge_formula_group_min,stoichiometric_window,electrode_state_stoichiometry,L3,RULE_STOICHIOMETRIC_WINDOW
capacity_grav,mAh/g,P0,130,discharge_formula_group_range,stoichiometric_window,electrode_state_stoichiometry,L3,RULE_STOICHIOMETRIC_WINDOW
capacity_grav,mAh/g,P0,131,discharge_formula_group_std,stoichiometric_window,electrode_state_stoichiometry,L3,RULE_STOICHIOMETRIC_WINDOW
capacity_grav,mAh/g,P0,132,discharge_formula_has_Br,stoichiometric_window,electrode_state_stoichiometry,L3,RULE_STOICHIOMETRIC_WINDOW
capacity_grav,mAh/g,P0,133,discharge_formula_has_C,stoichiometric_window,electrode_state_stoichiometry,L3,RULE_STOICHIOMETRIC_WINDOW
capacity_grav,mAh/g,P0,134,discharge_formula_has_Cl,stoichiometric_window,electrode_state_stoichiometry,L3,RULE_STOICHIOMETRIC_WINDOW
capacity_grav,mAh/g,P0,135,discharge_formula_has_F,stoichiometric_window,electrode_state_stoichiometry,L3,RULE_STOICHIOMETRIC_WINDOW
capacity_grav,mAh/g,P0,136,discharge_formula_has_I,stoichiometric_window,electrode_state_stoichiometry,L3,RULE_STOICHIOMETRIC_WINDOW
capacity_grav,mAh/g,P0,137,discharge_formula_has_N,stoichiometric_window,electrode_state_stoichiometry,L3,RULE_STOICHIOMETRIC_WINDOW
capacity_grav,mAh/g,P0,138,discharge_formula_has_O,stoichiometric_window,electrode_state_stoichiometry,L3,RULE_STOICHIOMETRIC_WINDOW
capacity_grav,mAh/g,P0,139,discharge_formula_has_P,stoichiometric_window,electrode_state_stoichiometry,L3,RULE_STOICHIOMETRIC_WINDOW
capacity_grav,mAh/g,P0,140,discharge_formula_has_S,stoichiometric_window,electrode_state_stoichiometry,L3,RULE_STOICHIOMETRIC_WINDOW
capacity_grav,mAh/g,P0,141,discharge_formula_has_Si,stoichiometric_window,electrode_state_stoichiometry,L3,RULE_STOICHIOMETRIC_WINDOW
capacity_grav,mAh/g,P0,142,discharge_formula_n_atoms,stoichiometric_window,electrode_state_stoichiometry,L3,RULE_STOICHIOMETRIC_WINDOW
capacity_grav,mAh/g,P0,143,discharge_formula_n_elements,stoichiometric_window,electrode_state_stoichiometry,L3,RULE_STOICHIOMETRIC_WINDOW
capacity_grav,mAh/g,P0,144,discharge_formula_n_transition_metals,stoichiometric_window,electrode_state_stoichiometry,L3,RULE_STOICHIOMETRIC_WINDOW
capacity_grav,mAh/g,P0,145,discharge_formula_parse_ok,stoichiometric_window,electrode_state_stoichiometry,L3,RULE_STOICHIOMETRIC_WINDOW
capacity_grav,mAh/g,P0,146,discharge_formula_row_max,stoichiometric_window,electrode_state_stoichiometry,L3,RULE_STOICHIOMETRIC_WINDOW
capacity_grav,mAh/g,P0,147,discharge_formula_row_mean,stoichiometric_window,electrode_state_stoichiometry,L3,RULE_STOICHIOMETRIC_WINDOW
capacity_grav,mAh/g,P0,148,discharge_formula_row_min,stoichiometric_window,electrode_state_stoichiometry,L3,RULE_STOICHIOMETRIC_WINDOW
capacity_grav,mAh/g,P0,149,discharge_formula_row_range,stoichiometric_window,electrode_state_stoichiometry,L3,RULE_STOICHIOMETRIC_WINDOW
capacity_grav,mAh/g,P0,150,discharge_formula_row_std,stoichiometric_window,electrode_state_stoichiometry,L3,RULE_STOICHIOMETRIC_WINDOW
capacity_grav,mAh/g,P0,151,discharge_summary_band_gap,post_dft_electronic_summary,post_dft_electronic,L4,RULE_POST_DFT_ELECTRONIC
capacity_grav,mAh/g,P0,152,discharge_summary_density,relaxed_structure_summary,relaxed_structure,L0,RULE_SAFE_STRUCTURE
capacity_grav,mAh/g,P0,153,discharge_summary_density_atomic,relaxed_structure_summary,relaxed_structure,L0,RULE_SAFE_STRUCTURE
capacity_grav,mAh/g,P0,154,discharge_summary_energy_above_hull,post_dft_energy_stability_summary,post_dft_thermodynamics,L4,RULE_HULL_OTHER
capacity_grav,mAh/g,P0,155,discharge_summary_formation_energy_per_atom,post_dft_energy_stability_summary,post_dft_thermodynamics,L4,RULE_POST_DFT_ENERGY_DEFAULT
capacity_grav,mAh/g,P0,156,discharge_summary_is_metal,post_dft_electronic_summary,post_dft_electronic,L4,RULE_POST_DFT_ELECTRONIC
capacity_grav,mAh/g,P0,157,discharge_summary_is_stable,post_dft_energy_stability_summary,post_dft_thermodynamics,L4,RULE_HULL_OTHER
capacity_grav,mAh/g,P0,158,discharge_summary_nsites,relaxed_structure_summary,relaxed_structure,L0,RULE_SAFE_STRUCTURE
capacity_grav,mAh/g,P0,159,discharge_summary_symmetry_number,relaxed_structure_summary,relaxed_structure,L0,RULE_SAFE_STRUCTURE
capacity_grav,mAh/g,P0,160,discharge_summary_theoretical,post_dft_provenance_flag,post_dft_provenance,L4,RULE_POST_DFT_PROVENANCE
capacity_grav,mAh/g,P0,161,discharge_summary_volume,relaxed_structure_summary,relaxed_structure,L0,RULE_SAFE_STRUCTURE
capacity_grav,mAh/g,P0,162,discharge_summary_volume_per_site,relaxed_structure_summary,relaxed_structure,L0,RULE_SAFE_STRUCTURE
capacity_grav,mAh/g,P0,163,energy_grav,stored_electrode_target,stored_electrode_record,L2,RULE_CAPACITY_ENERGY_RELATION
capacity_grav,mAh/g,P0,164,energy_vol,stored_electrode_target,stored_electrode_record,L2,RULE_CAPACITY_ENERGY_RELATION
capacity_grav,mAh/g,P0,165,fracA_charge,stoichiometric_window,electrode_state_stoichiometry,L3,RULE_STOICHIOMETRIC_WINDOW
capacity_grav,mAh/g,P0,166,fracA_discharge,stoichiometric_window,electrode_state_stoichiometry,L3,RULE_STOICHIOMETRIC_WINDOW
capacity_grav,mAh/g,P0,167,fw_X_max,composition_known_framework,pre_dft_composition,L0,RULE_SAFE_DEFAULT
capacity_grav,mAh/g,P0,168,fw_X_mean,composition_known_framework,pre_dft_composition,L0,RULE_SAFE_DEFAULT
capacity_grav,mAh/g,P0,169,fw_X_min,composition_known_framework,pre_dft_composition,L0,RULE_SAFE_DEFAULT
capacity_grav,mAh/g,P0,170,fw_X_range,composition_known_framework,pre_dft_composition,L0,RULE_SAFE_DEFAULT
capacity_grav,mAh/g,P0,171,fw_X_std,composition_known_framework,pre_dft_composition,L0,RULE_SAFE_DEFAULT
capacity_grav,mAh/g,P0,172,fw_Z_max,composition_known_framework,pre_dft_composition,L0,RULE_SAFE_DEFAULT
capacity_grav,mAh/g,P0,173,fw_Z_mean,composition_known_framework,pre_dft_composition,L0,RULE_SAFE_DEFAULT
capacity_grav,mAh/g,P0,174,fw_Z_min,composition_known_framework,pre_dft_composition,L0,RULE_SAFE_DEFAULT
capacity_grav,mAh/g,P0,175,fw_Z_range,composition_known_framework,pre_dft_composition,L0,RULE_SAFE_DEFAULT
capacity_grav,mAh/g,P0,176,fw_Z_std,composition_known_framework,pre_dft_composition,L0,RULE_SAFE_DEFAULT
capacity_grav,mAh/g,P0,177,fw_atomic_mass_max,composition_known_framework,pre_dft_composition,L0,RULE_SAFE_DEFAULT
capacity_grav,mAh/g,P0,178,fw_atomic_mass_mean,composition_known_framework,pre_dft_composition,L0,RULE_SAFE_DEFAULT
capacity_grav,mAh/g,P0,179,fw_atomic_mass_min,composition_known_framework,pre_dft_composition,L0,RULE_SAFE_DEFAULT
capacity_grav,mAh/g,P0,180,fw_atomic_mass_range,composition_known_framework,pre_dft_composition,L0,RULE_SAFE_DEFAULT
capacity_grav,mAh/g,P0,181,fw_atomic_mass_std,composition_known_framework,pre_dft_composition,L0,RULE_SAFE_DEFAULT
capacity_grav,mAh/g,P0,182,fw_frac_Ag,composition_known_framework,pre_dft_composition,L0,RULE_SAFE_DEFAULT
capacity_grav,mAh/g,P0,183,fw_frac_Al,composition_known_framework,pre_dft_composition,L0,RULE_SAFE_DEFAULT
capacity_grav,mAh/g,P0,184,fw_frac_As,composition_known_framework,pre_dft_composition,L0,RULE_SAFE_DEFAULT
capacity_grav,mAh/g,P0,185,fw_frac_B,composition_known_framework,pre_dft_composition,L0,RULE_SAFE_DEFAULT
capacity_grav,mAh/g,P0,186,fw_frac_Br,composition_known_framework,pre_dft_composition,L0,RULE_SAFE_DEFAULT
capacity_grav,mAh/g,P0,187,fw_frac_C,composition_known_framework,pre_dft_composition,L0,RULE_SAFE_DEFAULT
capacity_grav,mAh/g,P0,188,fw_frac_Ca,composition_known_framework,pre_dft_composition,L0,RULE_SAFE_DEFAULT
capacity_grav,mAh/g,P0,189,fw_frac_Cl,composition_known_framework,pre_dft_composition,L0,RULE_SAFE_DEFAULT
capacity_grav,mAh/g,P0,190,fw_frac_Co,composition_known_framework,pre_dft_composition,L0,RULE_SAFE_DEFAULT
capacity_grav,mAh/g,P0,191,fw_frac_Cr,composition_known_framework,pre_dft_composition,L0,RULE_SAFE_DEFAULT
capacity_grav,mAh/g,P0,192,fw_frac_Cu,composition_known_framework,pre_dft_composition,L0,RULE_SAFE_DEFAULT
capacity_grav,mAh/g,P0,193,fw_frac_F,composition_known_framework,pre_dft_composition,L0,RULE_SAFE_DEFAULT
capacity_grav,mAh/g,P0,194,fw_frac_Fe,composition_known_framework,pre_dft_composition,L0,RULE_SAFE_DEFAULT
capacity_grav,mAh/g,P0,195,fw_frac_I,composition_known_framework,pre_dft_composition,L0,RULE_SAFE_DEFAULT
capacity_grav,mAh/g,P0,196,fw_frac_K,composition_known_framework,pre_dft_composition,L0,RULE_SAFE_DEFAULT
capacity_grav,mAh/g,P0,197,fw_frac_Li,composition_known_framework,pre_dft_composition,L0,RULE_SAFE_DEFAULT
capacity_grav,mAh/g,P0,198,fw_frac_Mg,composition_known_framework,pre_dft_composition,L0,RULE_SAFE_DEFAULT
capacity_grav,mAh/g,P0,199,fw_frac_Mn,composition_known_framework,pre_dft_composition,L0,RULE_SAFE_DEFAULT
capacity_grav,mAh/g,P0,200,fw_frac_N,composition_known_framework,pre_dft_composition,L0,RULE_SAFE_DEFAULT
capacity_grav,mAh/g,P0,201,fw_frac_Na,composition_known_framework,pre_dft_composition,L0,RULE_SAFE_DEFAULT
capacity_grav,mAh/g,P0,202,fw_frac_Ni,composition_known_framework,pre_dft_composition,L0,RULE_SAFE_DEFAULT
capacity_grav,mAh/g,P0,203,fw_frac_O,composition_known_framework,pre_dft_composition,L0,RULE_SAFE_DEFAULT
capacity_grav,mAh/g,P0,204,fw_frac_P,composition_known_framework,pre_dft_composition,L0,RULE_SAFE_DEFAULT
capacity_grav,mAh/g,P0,205,fw_frac_S,composition_known_framework,pre_dft_composition,L0,RULE_SAFE_DEFAULT
capacity_grav,mAh/g,P0,206,fw_frac_Si,composition_known_framework,pre_dft_composition,L0,RULE_SAFE_DEFAULT
capacity_grav,mAh/g,P0,207,fw_frac_Ti,composition_known_framework,pre_dft_composition,L0,RULE_SAFE_DEFAULT
capacity_grav,mAh/g,P0,208,fw_frac_V,composition_known_framework,pre_dft_composition,L0,RULE_SAFE_DEFAULT
capacity_grav,mAh/g,P0,209,fw_frac_Zn,composition_known_framework,pre_dft_composition,L0,RULE_SAFE_DEFAULT
capacity_grav,mAh/g,P0,210,fw_frac_transition_metals,composition_known_framework,pre_dft_composition,L0,RULE_SAFE_DEFAULT
capacity_grav,mAh/g,P0,211,fw_group_max,composition_known_framework,pre_dft_composition,L0,RULE_SAFE_DEFAULT
capacity_grav,mAh/g,P0,212,fw_group_mean,composition_known_framework,pre_dft_composition,L0,RULE_SAFE_DEFAULT
capacity_grav,mAh/g,P0,213,fw_group_min,composition_known_framework,pre_dft_composition,L0,RULE_SAFE_DEFAULT
capacity_grav,mAh/g,P0,214,fw_group_range,composition_known_framework,pre_dft_composition,L0,RULE_SAFE_DEFAULT
capacity_grav,mAh/g,P0,215,fw_group_std,composition_known_framework,pre_dft_composition,L0,RULE_SAFE_DEFAULT
capacity_grav,mAh/g,P0,216,fw_has_Br,composition_known_framework,pre_dft_composition,L0,RULE_SAFE_DEFAULT
capacity_grav,mAh/g,P0,217,fw_has_C,composition_known_framework,pre_dft_composition,L0,RULE_SAFE_DEFAULT
capacity_grav,mAh/g,P0,218,fw_has_Cl,composition_known_framework,pre_dft_composition,L0,RULE_SAFE_DEFAULT
capacity_grav,mAh/g,P0,219,fw_has_F,composition_known_framework,pre_dft_composition,L0,RULE_SAFE_DEFAULT
capacity_grav,mAh/g,P0,220,fw_has_I,composition_known_framework,pre_dft_composition,L0,RULE_SAFE_DEFAULT
capacity_grav,mAh/g,P0,221,fw_has_N,composition_known_framework,pre_dft_composition,L0,RULE_SAFE_DEFAULT
capacity_grav,mAh/g,P0,222,fw_has_O,composition_known_framework,pre_dft_composition,L0,RULE_SAFE_DEFAULT
capacity_grav,mAh/g,P0,223,fw_has_P,composition_known_framework,pre_dft_composition,L0,RULE_SAFE_DEFAULT
capacity_grav,mAh/g,P0,224,fw_has_S,composition_known_framework,pre_dft_composition,L0,RULE_SAFE_DEFAULT
capacity_grav,mAh/g,P0,225,fw_has_Si,composition_known_framework,pre_dft_composition,L0,RULE_SAFE_DEFAULT
capacity_grav,mAh/g,P0,226,fw_n_atoms,composition_known_framework,pre_dft_composition,L0,RULE_SAFE_DEFAULT
capacity_grav,mAh/g,P0,227,fw_n_elements,composition_known_framework,pre_dft_composition,L0,RULE_SAFE_DEFAULT
capacity_grav,mAh/g,P0,228,fw_n_transition_metals,composition_known_framework,pre_dft_composition,L0,RULE_SAFE_DEFAULT
capacity_grav,mAh/g,P0,229,fw_parse_ok,composition_known_framework,pre_dft_composition,L0,RULE_SAFE_DEFAULT
capacity_grav,mAh/g,P0,230,fw_row_max,composition_known_framework,pre_dft_composition,L0,RULE_SAFE_DEFAULT
capacity_grav,mAh/g,P0,231,fw_row_mean,composition_known_framework,pre_dft_composition,L0,RULE_SAFE_DEFAULT
capacity_grav,mAh/g,P0,232,fw_row_min,composition_known_framework,pre_dft_composition,L0,RULE_SAFE_DEFAULT
capacity_grav,mAh/g,P0,233,fw_row_range,composition_known_framework,pre_dft_composition,L0,RULE_SAFE_DEFAULT
capacity_grav,mAh/g,P0,234,fw_row_std,composition_known_framework,pre_dft_composition,L0,RULE_SAFE_DEFAULT
capacity_grav,mAh/g,P0,235,max_delta_volume,stored_electrode_target,stored_electrode_record,L4,RULE_OTHER_STORED_TARGET
capacity_grav,mAh/g,P0,236,max_voltage_step,stored_electrode_process_descriptor,stored_electrode_record,L0,RULE_SAFE_DEFAULT
capacity_grav,mAh/g,P0,237,num_steps,stored_electrode_process_descriptor,stored_electrode_record,L0,RULE_SAFE_DEFAULT
capacity_grav,mAh/g,P0,238,stability_charge,stored_electrode_target,stored_electrode_record,L4,RULE_OTHER_STORED_TARGET
capacity_grav,mAh/g,P0,239,stability_discharge,stored_electrode_target,stored_electrode_record,L4,RULE_OTHER_STORED_TARGET
capacity_grav,mAh/g,P0,240,stability_worst,stored_electrode_target,stored_electrode_record,L4,RULE_OTHER_STORED_TARGET
capacity_grav,mAh/g,P0,241,stoich_abs_wi_amount_delta,stoichiometric_window,electrode_state_stoichiometry,L3,RULE_STOICHIOMETRIC_WINDOW
capacity_grav,mAh/g,P0,242,stoich_wi_amount_charge,stoichiometric_window,electrode_state_stoichiometry,L3,RULE_STOICHIOMETRIC_WINDOW
capacity_grav,mAh/g,P0,243,stoich_wi_amount_delta,stoichiometric_window,electrode_state_stoichiometry,L3,RULE_STOICHIOMETRIC_WINDOW
capacity_grav,mAh/g,P0,244,stoich_wi_amount_discharge,stoichiometric_window,electrode_state_stoichiometry,L3,RULE_STOICHIOMETRIC_WINDOW
capacity_grav,mAh/g,P0,245,stored_abs_fracA_delta,other_numeric,derived_miscellaneous,L0,RULE_SAFE_DEFAULT
capacity_grav,mAh/g,P0,246,stored_fracA_delta,stoichiometric_window,electrode_state_stoichiometry,L3,RULE_STOICHIOMETRIC_WINDOW
capacity_grav,mAh/g,P0,247,summary_abs_delta_band_gap,post_dft_electronic_summary,post_dft_electronic,L4,RULE_POST_DFT_ELECTRONIC
capacity_grav,mAh/g,P0,248,summary_abs_delta_density,relaxed_structure_summary,relaxed_structure,L0,RULE_SAFE_STRUCTURE
capacity_grav,mAh/g,P0,249,summary_abs_delta_density_atomic,relaxed_structure_summary,relaxed_structure,L0,RULE_SAFE_STRUCTURE
capacity_grav,mAh/g,P0,250,summary_abs_delta_energy_above_hull,post_dft_energy_stability_summary,post_dft_thermodynamics,L4,RULE_HULL_OTHER
capacity_grav,mAh/g,P0,251,summary_abs_delta_formation_energy_per_atom,post_dft_energy_stability_summary,post_dft_thermodynamics,L4,RULE_POST_DFT_ENERGY_DEFAULT
capacity_grav,mAh/g,P0,252,summary_abs_delta_volume_fraction,relaxed_structure_summary,relaxed_structure,L0,RULE_SAFE_STRUCTURE
capacity_grav,mAh/g,P0,253,summary_abs_delta_volume_per_site,relaxed_structure_summary,relaxed_structure,L0,RULE_SAFE_STRUCTURE
capacity_grav,mAh/g,P0,254,summary_delta_band_gap,post_dft_electronic_summary,post_dft_electronic,L4,RULE_POST_DFT_ELECTRONIC
capacity_grav,mAh/g,P0,255,summary_delta_density,relaxed_structure_summary,relaxed_structure,L0,RULE_SAFE_STRUCTURE
capacity_grav,mAh/g,P0,256,summary_delta_density_atomic,relaxed_structure_summary,relaxed_structure,L0,RULE_SAFE_STRUCTURE
capacity_grav,mAh/g,P0,257,summary_delta_energy_above_hull,post_dft_energy_stability_summary,post_dft_thermodynamics,L4,RULE_HULL_OTHER
capacity_grav,mAh/g,P0,258,summary_delta_formation_energy_per_atom,post_dft_energy_stability_summary,post_dft_thermodynamics,L4,RULE_POST_DFT_ENERGY_DEFAULT
capacity_grav,mAh/g,P0,259,summary_delta_volume_fraction,relaxed_structure_summary,relaxed_structure,L0,RULE_SAFE_STRUCTURE
capacity_grav,mAh/g,P0,260,summary_delta_volume_per_site,relaxed_structure_summary,relaxed_structure,L0,RULE_SAFE_STRUCTURE
capacity_grav,mAh/g,P0,261,summary_worst_energy_above_hull,post_dft_energy_stability_summary,post_dft_thermodynamics,L4,RULE_HULL_OTHER
capacity_grav,mAh/g,P0,262,wi_X,composition_known_working_ion,pre_dft_composition,L0,RULE_SAFE_DEFAULT
capacity_grav,mAh/g,P0,263,wi_Z,composition_known_working_ion,pre_dft_composition,L0,RULE_SAFE_DEFAULT
capacity_grav,mAh/g,P0,264,wi_atomic_mass,composition_known_working_ion,pre_dft_composition,L0,RULE_SAFE_DEFAULT
capacity_grav,mAh/g,P0,265,wi_group,composition_known_working_ion,pre_dft_composition,L0,RULE_SAFE_DEFAULT
capacity_grav,mAh/g,P0,266,wi_row,composition_known_working_ion,pre_dft_composition,L0,RULE_SAFE_DEFAULT
capacity_grav,mAh/g,P1,1,fw_X_max,composition_known_framework,pre_dft_composition,L0,RULE_SAFE_DEFAULT
capacity_grav,mAh/g,P1,2,fw_X_mean,composition_known_framework,pre_dft_composition,L0,RULE_SAFE_DEFAULT
capacity_grav,mAh/g,P1,3,fw_X_min,composition_known_framework,pre_dft_composition,L0,RULE_SAFE_DEFAULT
capacity_grav,mAh/g,P1,4,fw_X_range,composition_known_framework,pre_dft_composition,L0,RULE_SAFE_DEFAULT
capacity_grav,mAh/g,P1,5,fw_X_std,composition_known_framework,pre_dft_composition,L0,RULE_SAFE_DEFAULT
capacity_grav,mAh/g,P1,6,fw_Z_max,composition_known_framework,pre_dft_composition,L0,RULE_SAFE_DEFAULT
capacity_grav,mAh/g,P1,7,fw_Z_mean,composition_known_framework,pre_dft_composition,L0,RULE_SAFE_DEFAULT
capacity_grav,mAh/g,P1,8,fw_Z_min,composition_known_framework,pre_dft_composition,L0,RULE_SAFE_DEFAULT
capacity_grav,mAh/g,P1,9,fw_Z_range,composition_known_framework,pre_dft_composition,L0,RULE_SAFE_DEFAULT
capacity_grav,mAh/g,P1,10,fw_Z_std,composition_known_framework,pre_dft_composition,L0,RULE_SAFE_DEFAULT
capacity_grav,mAh/g,P1,11,fw_atomic_mass_max,composition_known_framework,pre_dft_composition,L0,RULE_SAFE_DEFAULT
capacity_grav,mAh/g,P1,12,fw_atomic_mass_mean,composition_known_framework,pre_dft_composition,L0,RULE_SAFE_DEFAULT
capacity_grav,mAh/g,P1,13,fw_atomic_mass_min,composition_known_framework,pre_dft_composition,L0,RULE_SAFE_DEFAULT
capacity_grav,mAh/g,P1,14,fw_atomic_mass_range,composition_known_framework,pre_dft_composition,L0,RULE_SAFE_DEFAULT
capacity_grav,mAh/g,P1,15,fw_atomic_mass_std,composition_known_framework,pre_dft_composition,L0,RULE_SAFE_DEFAULT
capacity_grav,mAh/g,P1,16,fw_frac_Ag,composition_known_framework,pre_dft_composition,L0,RULE_SAFE_DEFAULT
capacity_grav,mAh/g,P1,17,fw_frac_Al,composition_known_framework,pre_dft_composition,L0,RULE_SAFE_DEFAULT
capacity_grav,mAh/g,P1,18,fw_frac_As,composition_known_framework,pre_dft_composition,L0,RULE_SAFE_DEFAULT
capacity_grav,mAh/g,P1,19,fw_frac_B,composition_known_framework,pre_dft_composition,L0,RULE_SAFE_DEFAULT
capacity_grav,mAh/g,P1,20,fw_frac_Br,composition_known_framework,pre_dft_composition,L0,RULE_SAFE_DEFAULT
capacity_grav,mAh/g,P1,21,fw_frac_C,composition_known_framework,pre_dft_composition,L0,RULE_SAFE_DEFAULT
capacity_grav,mAh/g,P1,22,fw_frac_Ca,composition_known_framework,pre_dft_composition,L0,RULE_SAFE_DEFAULT
capacity_grav,mAh/g,P1,23,fw_frac_Cl,composition_known_framework,pre_dft_composition,L0,RULE_SAFE_DEFAULT
capacity_grav,mAh/g,P1,24,fw_frac_Co,composition_known_framework,pre_dft_composition,L0,RULE_SAFE_DEFAULT
capacity_grav,mAh/g,P1,25,fw_frac_Cr,composition_known_framework,pre_dft_composition,L0,RULE_SAFE_DEFAULT
capacity_grav,mAh/g,P1,26,fw_frac_Cu,composition_known_framework,pre_dft_composition,L0,RULE_SAFE_DEFAULT
capacity_grav,mAh/g,P1,27,fw_frac_F,composition_known_framework,pre_dft_composition,L0,RULE_SAFE_DEFAULT
capacity_grav,mAh/g,P1,28,fw_frac_Fe,composition_known_framework,pre_dft_composition,L0,RULE_SAFE_DEFAULT
capacity_grav,mAh/g,P1,29,fw_frac_I,composition_known_framework,pre_dft_composition,L0,RULE_SAFE_DEFAULT
capacity_grav,mAh/g,P1,30,fw_frac_K,composition_known_framework,pre_dft_composition,L0,RULE_SAFE_DEFAULT
capacity_grav,mAh/g,P1,31,fw_frac_Li,composition_known_framework,pre_dft_composition,L0,RULE_SAFE_DEFAULT
capacity_grav,mAh/g,P1,32,fw_frac_Mg,composition_known_framework,pre_dft_composition,L0,RULE_SAFE_DEFAULT
capacity_grav,mAh/g,P1,33,fw_frac_Mn,composition_known_framework,pre_dft_composition,L0,RULE_SAFE_DEFAULT
capacity_grav,mAh/g,P1,34,fw_frac_N,composition_known_framework,pre_dft_composition,L0,RULE_SAFE_DEFAULT
capacity_grav,mAh/g,P1,35,fw_frac_Na,composition_known_framework,pre_dft_composition,L0,RULE_SAFE_DEFAULT
capacity_grav,mAh/g,P1,36,fw_frac_Ni,composition_known_framework,pre_dft_composition,L0,RULE_SAFE_DEFAULT
capacity_grav,mAh/g,P1,37,fw_frac_O,composition_known_framework,pre_dft_composition,L0,RULE_SAFE_DEFAULT
capacity_grav,mAh/g,P1,38,fw_frac_P,composition_known_framework,pre_dft_composition,L0,RULE_SAFE_DEFAULT
capacity_grav,mAh/g,P1,39,fw_frac_S,composition_known_framework,pre_dft_composition,L0,RULE_SAFE_DEFAULT
capacity_grav,mAh/g,P1,40,fw_frac_Si,composition_known_framework,pre_dft_composition,L0,RULE_SAFE_DEFAULT
capacity_grav,mAh/g,P1,41,fw_frac_Ti,composition_known_framework,pre_dft_composition,L0,RULE_SAFE_DEFAULT
capacity_grav,mAh/g,P1,42,fw_frac_V,composition_known_framework,pre_dft_composition,L0,RULE_SAFE_DEFAULT
capacity_grav,mAh/g,P1,43,fw_frac_Zn,composition_known_framework,pre_dft_composition,L0,RULE_SAFE_DEFAULT
capacity_grav,mAh/g,P1,44,fw_frac_transition_metals,composition_known_framework,pre_dft_composition,L0,RULE_SAFE_DEFAULT
capacity_grav,mAh/g,P1,45,fw_group_max,composition_known_framework,pre_dft_composition,L0,RULE_SAFE_DEFAULT
capacity_grav,mAh/g,P1,46,fw_group_mean,composition_known_framework,pre_dft_composition,L0,RULE_SAFE_DEFAULT
capacity_grav,mAh/g,P1,47,fw_group_min,composition_known_framework,pre_dft_composition,L0,RULE_SAFE_DEFAULT
capacity_grav,mAh/g,P1,48,fw_group_range,composition_known_framework,pre_dft_composition,L0,RULE_SAFE_DEFAULT
capacity_grav,mAh/g,P1,49,fw_group_std,composition_known_framework,pre_dft_composition,L0,RULE_SAFE_DEFAULT
capacity_grav,mAh/g,P1,50,fw_has_Br,composition_known_framework,pre_dft_composition,L0,RULE_SAFE_DEFAULT
capacity_grav,mAh/g,P1,51,fw_has_C,composition_known_framework,pre_dft_composition,L0,RULE_SAFE_DEFAULT
capacity_grav,mAh/g,P1,52,fw_has_Cl,composition_known_framework,pre_dft_composition,L0,RULE_SAFE_DEFAULT
capacity_grav,mAh/g,P1,53,fw_has_F,composition_known_framework,pre_dft_composition,L0,RULE_SAFE_DEFAULT
capacity_grav,mAh/g,P1,54,fw_has_I,composition_known_framework,pre_dft_composition,L0,RULE_SAFE_DEFAULT
capacity_grav,mAh/g,P1,55,fw_has_N,composition_known_framework,pre_dft_composition,L0,RULE_SAFE_DEFAULT
capacity_grav,mAh/g,P1,56,fw_has_O,composition_known_framework,pre_dft_composition,L0,RULE_SAFE_DEFAULT
capacity_grav,mAh/g,P1,57,fw_has_P,composition_known_framework,pre_dft_composition,L0,RULE_SAFE_DEFAULT
capacity_grav,mAh/g,P1,58,fw_has_S,composition_known_framework,pre_dft_composition,L0,RULE_SAFE_DEFAULT
capacity_grav,mAh/g,P1,59,fw_has_Si,composition_known_framework,pre_dft_composition,L0,RULE_SAFE_DEFAULT
capacity_grav,mAh/g,P1,60,fw_n_atoms,composition_known_framework,pre_dft_composition,L0,RULE_SAFE_DEFAULT
capacity_grav,mAh/g,P1,61,fw_n_elements,composition_known_framework,pre_dft_composition,L0,RULE_SAFE_DEFAULT
capacity_grav,mAh/g,P1,62,fw_n_transition_metals,composition_known_framework,pre_dft_composition,L0,RULE_SAFE_DEFAULT
capacity_grav,mAh/g,P1,63,fw_parse_ok,composition_known_framework,pre_dft_composition,L0,RULE_SAFE_DEFAULT
capacity_grav,mAh/g,P1,64,fw_row_max,composition_known_framework,pre_dft_composition,L0,RULE_SAFE_DEFAULT
capacity_grav,mAh/g,P1,65,fw_row_mean,composition_known_framework,pre_dft_composition,L0,RULE_SAFE_DEFAULT
capacity_grav,mAh/g,P1,66,fw_row_min,composition_known_framework,pre_dft_composition,L0,RULE_SAFE_DEFAULT
capacity_grav,mAh/g,P1,67,fw_row_range,composition_known_framework,pre_dft_composition,L0,RULE_SAFE_DEFAULT
capacity_grav,mAh/g,P1,68,fw_row_std,composition_known_framework,pre_dft_composition,L0,RULE_SAFE_DEFAULT
capacity_grav,mAh/g,P1,69,wi_X,composition_known_working_ion,pre_dft_composition,L0,RULE_SAFE_DEFAULT
capacity_grav,mAh/g,P1,70,wi_Z,composition_known_working_ion,pre_dft_composition,L0,RULE_SAFE_DEFAULT
capacity_grav,mAh/g,P1,71,wi_atomic_mass,composition_known_working_ion,pre_dft_composition,L0,RULE_SAFE_DEFAULT
capacity_grav,mAh/g,P1,72,wi_group,composition_known_working_ion,pre_dft_composition,L0,RULE_SAFE_DEFAULT
capacity_grav,mAh/g,P1,73,wi_row,composition_known_working_ion,pre_dft_composition,L0,RULE_SAFE_DEFAULT
capacity_grav,mAh/g,P2,1,charge_summary_density,relaxed_structure_summary,relaxed_structure,L0,RULE_SAFE_STRUCTURE
capacity_grav,mAh/g,P2,2,charge_summary_density_atomic,relaxed_structure_summary,relaxed_structure,L0,RULE_SAFE_STRUCTURE
capacity_grav,mAh/g,P2,3,charge_summary_nsites,relaxed_structure_summary,relaxed_structure,L0,RULE_SAFE_STRUCTURE
capacity_grav,mAh/g,P2,4,charge_summary_symmetry_number,relaxed_structure_summary,relaxed_structure,L0,RULE_SAFE_STRUCTURE
capacity_grav,mAh/g,P2,5,charge_summary_volume,relaxed_structure_summary,relaxed_structure,L0,RULE_SAFE_STRUCTURE
capacity_grav,mAh/g,P2,6,charge_summary_volume_per_site,relaxed_structure_summary,relaxed_structure,L0,RULE_SAFE_STRUCTURE
capacity_grav,mAh/g,P2,7,discharge_summary_density,relaxed_structure_summary,relaxed_structure,L0,RULE_SAFE_STRUCTURE
capacity_grav,mAh/g,P2,8,discharge_summary_density_atomic,relaxed_structure_summary,relaxed_structure,L0,RULE_SAFE_STRUCTURE
capacity_grav,mAh/g,P2,9,discharge_summary_nsites,relaxed_structure_summary,relaxed_structure,L0,RULE_SAFE_STRUCTURE
capacity_grav,mAh/g,P2,10,discharge_summary_symmetry_number,relaxed_structure_summary,relaxed_structure,L0,RULE_SAFE_STRUCTURE
capacity_grav,mAh/g,P2,11,discharge_summary_volume,relaxed_structure_summary,relaxed_structure,L0,RULE_SAFE_STRUCTURE
capacity_grav,mAh/g,P2,12,discharge_summary_volume_per_site,relaxed_structure_summary,relaxed_structure,L0,RULE_SAFE_STRUCTURE
capacity_grav,mAh/g,P2,13,fw_X_max,composition_known_framework,pre_dft_composition,L0,RULE_SAFE_DEFAULT
capacity_grav,mAh/g,P2,14,fw_X_mean,composition_known_framework,pre_dft_composition,L0,RULE_SAFE_DEFAULT
capacity_grav,mAh/g,P2,15,fw_X_min,composition_known_framework,pre_dft_composition,L0,RULE_SAFE_DEFAULT
capacity_grav,mAh/g,P2,16,fw_X_range,composition_known_framework,pre_dft_composition,L0,RULE_SAFE_DEFAULT
capacity_grav,mAh/g,P2,17,fw_X_std,composition_known_framework,pre_dft_composition,L0,RULE_SAFE_DEFAULT
capacity_grav,mAh/g,P2,18,fw_Z_max,composition_known_framework,pre_dft_composition,L0,RULE_SAFE_DEFAULT
capacity_grav,mAh/g,P2,19,fw_Z_mean,composition_known_framework,pre_dft_composition,L0,RULE_SAFE_DEFAULT
capacity_grav,mAh/g,P2,20,fw_Z_min,composition_known_framework,pre_dft_composition,L0,RULE_SAFE_DEFAULT
capacity_grav,mAh/g,P2,21,fw_Z_range,composition_known_framework,pre_dft_composition,L0,RULE_SAFE_DEFAULT
capacity_grav,mAh/g,P2,22,fw_Z_std,composition_known_framework,pre_dft_composition,L0,RULE_SAFE_DEFAULT
capacity_grav,mAh/g,P2,23,fw_atomic_mass_max,composition_known_framework,pre_dft_composition,L0,RULE_SAFE_DEFAULT
capacity_grav,mAh/g,P2,24,fw_atomic_mass_mean,composition_known_framework,pre_dft_composition,L0,RULE_SAFE_DEFAULT
capacity_grav,mAh/g,P2,25,fw_atomic_mass_min,composition_known_framework,pre_dft_composition,L0,RULE_SAFE_DEFAULT
capacity_grav,mAh/g,P2,26,fw_atomic_mass_range,composition_known_framework,pre_dft_composition,L0,RULE_SAFE_DEFAULT
capacity_grav,mAh/g,P2,27,fw_atomic_mass_std,composition_known_framework,pre_dft_composition,L0,RULE_SAFE_DEFAULT
capacity_grav,mAh/g,P2,28,fw_frac_Ag,composition_known_framework,pre_dft_composition,L0,RULE_SAFE_DEFAULT
capacity_grav,mAh/g,P2,29,fw_frac_Al,composition_known_framework,pre_dft_composition,L0,RULE_SAFE_DEFAULT
capacity_grav,mAh/g,P2,30,fw_frac_As,composition_known_framework,pre_dft_composition,L0,RULE_SAFE_DEFAULT
capacity_grav,mAh/g,P2,31,fw_frac_B,composition_known_framework,pre_dft_composition,L0,RULE_SAFE_DEFAULT
capacity_grav,mAh/g,P2,32,fw_frac_Br,composition_known_framework,pre_dft_composition,L0,RULE_SAFE_DEFAULT
capacity_grav,mAh/g,P2,33,fw_frac_C,composition_known_framework,pre_dft_composition,L0,RULE_SAFE_DEFAULT
capacity_grav,mAh/g,P2,34,fw_frac_Ca,composition_known_framework,pre_dft_composition,L0,RULE_SAFE_DEFAULT
capacity_grav,mAh/g,P2,35,fw_frac_Cl,composition_known_framework,pre_dft_composition,L0,RULE_SAFE_DEFAULT
capacity_grav,mAh/g,P2,36,fw_frac_Co,composition_known_framework,pre_dft_composition,L0,RULE_SAFE_DEFAULT
capacity_grav,mAh/g,P2,37,fw_frac_Cr,composition_known_framework,pre_dft_composition,L0,RULE_SAFE_DEFAULT
capacity_grav,mAh/g,P2,38,fw_frac_Cu,composition_known_framework,pre_dft_composition,L0,RULE_SAFE_DEFAULT
capacity_grav,mAh/g,P2,39,fw_frac_F,composition_known_framework,pre_dft_composition,L0,RULE_SAFE_DEFAULT
capacity_grav,mAh/g,P2,40,fw_frac_Fe,composition_known_framework,pre_dft_composition,L0,RULE_SAFE_DEFAULT
capacity_grav,mAh/g,P2,41,fw_frac_I,composition_known_framework,pre_dft_composition,L0,RULE_SAFE_DEFAULT
capacity_grav,mAh/g,P2,42,fw_frac_K,composition_known_framework,pre_dft_composition,L0,RULE_SAFE_DEFAULT
capacity_grav,mAh/g,P2,43,fw_frac_Li,composition_known_framework,pre_dft_composition,L0,RULE_SAFE_DEFAULT
capacity_grav,mAh/g,P2,44,fw_frac_Mg,composition_known_framework,pre_dft_composition,L0,RULE_SAFE_DEFAULT
capacity_grav,mAh/g,P2,45,fw_frac_Mn,composition_known_framework,pre_dft_composition,L0,RULE_SAFE_DEFAULT
capacity_grav,mAh/g,P2,46,fw_frac_N,composition_known_framework,pre_dft_composition,L0,RULE_SAFE_DEFAULT
capacity_grav,mAh/g,P2,47,fw_frac_Na,composition_known_framework,pre_dft_composition,L0,RULE_SAFE_DEFAULT
capacity_grav,mAh/g,P2,48,fw_frac_Ni,composition_known_framework,pre_dft_composition,L0,RULE_SAFE_DEFAULT
capacity_grav,mAh/g,P2,49,fw_frac_O,composition_known_framework,pre_dft_composition,L0,RULE_SAFE_DEFAULT
capacity_grav,mAh/g,P2,50,fw_frac_P,composition_known_framework,pre_dft_composition,L0,RULE_SAFE_DEFAULT
capacity_grav,mAh/g,P2,51,fw_frac_S,composition_known_framework,pre_dft_composition,L0,RULE_SAFE_DEFAULT
capacity_grav,mAh/g,P2,52,fw_frac_Si,composition_known_framework,pre_dft_composition,L0,RULE_SAFE_DEFAULT
capacity_grav,mAh/g,P2,53,fw_frac_Ti,composition_known_framework,pre_dft_composition,L0,RULE_SAFE_DEFAULT
capacity_grav,mAh/g,P2,54,fw_frac_V,composition_known_framework,pre_dft_composition,L0,RULE_SAFE_DEFAULT
capacity_grav,mAh/g,P2,55,fw_frac_Zn,composition_known_framework,pre_dft_composition,L0,RULE_SAFE_DEFAULT
capacity_grav,mAh/g,P2,56,fw_frac_transition_metals,composition_known_framework,pre_dft_composition,L0,RULE_SAFE_DEFAULT
capacity_grav,mAh/g,P2,57,fw_group_max,composition_known_framework,pre_dft_composition,L0,RULE_SAFE_DEFAULT
capacity_grav,mAh/g,P2,58,fw_group_mean,composition_known_framework,pre_dft_composition,L0,RULE_SAFE_DEFAULT
capacity_grav,mAh/g,P2,59,fw_group_min,composition_known_framework,pre_dft_composition,L0,RULE_SAFE_DEFAULT
capacity_grav,mAh/g,P2,60,fw_group_range,composition_known_framework,pre_dft_composition,L0,RULE_SAFE_DEFAULT
capacity_grav,mAh/g,P2,61,fw_group_std,composition_known_framework,pre_dft_composition,L0,RULE_SAFE_DEFAULT
capacity_grav,mAh/g,P2,62,fw_has_Br,composition_known_framework,pre_dft_composition,L0,RULE_SAFE_DEFAULT
capacity_grav,mAh/g,P2,63,fw_has_C,composition_known_framework,pre_dft_composition,L0,RULE_SAFE_DEFAULT
capacity_grav,mAh/g,P2,64,fw_has_Cl,composition_known_framework,pre_dft_composition,L0,RULE_SAFE_DEFAULT
capacity_grav,mAh/g,P2,65,fw_has_F,composition_known_framework,pre_dft_composition,L0,RULE_SAFE_DEFAULT
capacity_grav,mAh/g,P2,66,fw_has_I,composition_known_framework,pre_dft_composition,L0,RULE_SAFE_DEFAULT
capacity_grav,mAh/g,P2,67,fw_has_N,composition_known_framework,pre_dft_composition,L0,RULE_SAFE_DEFAULT
capacity_grav,mAh/g,P2,68,fw_has_O,composition_known_framework,pre_dft_composition,L0,RULE_SAFE_DEFAULT
capacity_grav,mAh/g,P2,69,fw_has_P,composition_known_framework,pre_dft_composition,L0,RULE_SAFE_DEFAULT
capacity_grav,mAh/g,P2,70,fw_has_S,composition_known_framework,pre_dft_composition,L0,RULE_SAFE_DEFAULT
capacity_grav,mAh/g,P2,71,fw_has_Si,composition_known_framework,pre_dft_composition,L0,RULE_SAFE_DEFAULT
capacity_grav,mAh/g,P2,72,fw_n_atoms,composition_known_framework,pre_dft_composition,L0,RULE_SAFE_DEFAULT
capacity_grav,mAh/g,P2,73,fw_n_elements,composition_known_framework,pre_dft_composition,L0,RULE_SAFE_DEFAULT
capacity_grav,mAh/g,P2,74,fw_n_transition_metals,composition_known_framework,pre_dft_composition,L0,RULE_SAFE_DEFAULT
capacity_grav,mAh/g,P2,75,fw_parse_ok,composition_known_framework,pre_dft_composition,L0,RULE_SAFE_DEFAULT
capacity_grav,mAh/g,P2,76,fw_row_max,composition_known_framework,pre_dft_composition,L0,RULE_SAFE_DEFAULT
capacity_grav,mAh/g,P2,77,fw_row_mean,composition_known_framework,pre_dft_composition,L0,RULE_SAFE_DEFAULT
capacity_grav,mAh/g,P2,78,fw_row_min,composition_known_framework,pre_dft_composition,L0,RULE_SAFE_DEFAULT
capacity_grav,mAh/g,P2,79,fw_row_range,composition_known_framework,pre_dft_composition,L0,RULE_SAFE_DEFAULT
capacity_grav,mAh/g,P2,80,fw_row_std,composition_known_framework,pre_dft_composition,L0,RULE_SAFE_DEFAULT
capacity_grav,mAh/g,P2,81,summary_abs_delta_density,relaxed_structure_summary,relaxed_structure,L0,RULE_SAFE_STRUCTURE
capacity_grav,mAh/g,P2,82,summary_abs_delta_density_atomic,relaxed_structure_summary,relaxed_structure,L0,RULE_SAFE_STRUCTURE
capacity_grav,mAh/g,P2,83,summary_abs_delta_volume_fraction,relaxed_structure_summary,relaxed_structure,L0,RULE_SAFE_STRUCTURE
capacity_grav,mAh/g,P2,84,summary_abs_delta_volume_per_site,relaxed_structure_summary,relaxed_structure,L0,RULE_SAFE_STRUCTURE
capacity_grav,mAh/g,P2,85,summary_delta_density,relaxed_structure_summary,relaxed_structure,L0,RULE_SAFE_STRUCTURE
capacity_grav,mAh/g,P2,86,summary_delta_density_atomic,relaxed_structure_summary,relaxed_structure,L0,RULE_SAFE_STRUCTURE
capacity_grav,mAh/g,P2,87,summary_delta_volume_fraction,relaxed_structure_summary,relaxed_structure,L0,RULE_SAFE_STRUCTURE
capacity_grav,mAh/g,P2,88,summary_delta_volume_per_site,relaxed_structure_summary,relaxed_structure,L0,RULE_SAFE_STRUCTURE
capacity_grav,mAh/g,P2,89,wi_X,composition_known_working_ion,pre_dft_composition,L0,RULE_SAFE_DEFAULT
capacity_grav,mAh/g,P2,90,wi_Z,composition_known_working_ion,pre_dft_composition,L0,RULE_SAFE_DEFAULT
capacity_grav,mAh/g,P2,91,wi_atomic_mass,composition_known_working_ion,pre_dft_composition,L0,RULE_SAFE_DEFAULT
capacity_grav,mAh/g,P2,92,wi_group,composition_known_working_ion,pre_dft_composition,L0,RULE_SAFE_DEFAULT
capacity_grav,mAh/g,P2,93,wi_row,composition_known_working_ion,pre_dft_composition,L0,RULE_SAFE_DEFAULT
capacity_grav,mAh/g,P3,1,charge_summary_band_gap,post_dft_electronic_summary,post_dft_electronic,L4,RULE_POST_DFT_ELECTRONIC
capacity_grav,mAh/g,P3,2,charge_summary_density,relaxed_structure_summary,relaxed_structure,L0,RULE_SAFE_STRUCTURE
capacity_grav,mAh/g,P3,3,charge_summary_density_atomic,relaxed_structure_summary,relaxed_structure,L0,RULE_SAFE_STRUCTURE
capacity_grav,mAh/g,P3,4,charge_summary_energy_above_hull,post_dft_energy_stability_summary,post_dft_thermodynamics,L4,RULE_HULL_OTHER
capacity_grav,mAh/g,P3,5,charge_summary_formation_energy_per_atom,post_dft_energy_stability_summary,post_dft_thermodynamics,L4,RULE_POST_DFT_ENERGY_DEFAULT
capacity_grav,mAh/g,P3,6,charge_summary_is_metal,post_dft_electronic_summary,post_dft_electronic,L4,RULE_POST_DFT_ELECTRONIC
capacity_grav,mAh/g,P3,7,charge_summary_is_stable,post_dft_energy_stability_summary,post_dft_thermodynamics,L4,RULE_HULL_OTHER
capacity_grav,mAh/g,P3,8,charge_summary_nsites,relaxed_structure_summary,relaxed_structure,L0,RULE_SAFE_STRUCTURE
capacity_grav,mAh/g,P3,9,charge_summary_symmetry_number,relaxed_structure_summary,relaxed_structure,L0,RULE_SAFE_STRUCTURE
capacity_grav,mAh/g,P3,10,charge_summary_volume,relaxed_structure_summary,relaxed_structure,L0,RULE_SAFE_STRUCTURE
capacity_grav,mAh/g,P3,11,charge_summary_volume_per_site,relaxed_structure_summary,relaxed_structure,L0,RULE_SAFE_STRUCTURE
capacity_grav,mAh/g,P3,12,discharge_summary_band_gap,post_dft_electronic_summary,post_dft_electronic,L4,RULE_POST_DFT_ELECTRONIC
capacity_grav,mAh/g,P3,13,discharge_summary_density,relaxed_structure_summary,relaxed_structure,L0,RULE_SAFE_STRUCTURE
capacity_grav,mAh/g,P3,14,discharge_summary_density_atomic,relaxed_structure_summary,relaxed_structure,L0,RULE_SAFE_STRUCTURE
capacity_grav,mAh/g,P3,15,discharge_summary_energy_above_hull,post_dft_energy_stability_summary,post_dft_thermodynamics,L4,RULE_HULL_OTHER
capacity_grav,mAh/g,P3,16,discharge_summary_formation_energy_per_atom,post_dft_energy_stability_summary,post_dft_thermodynamics,L4,RULE_POST_DFT_ENERGY_DEFAULT
capacity_grav,mAh/g,P3,17,discharge_summary_is_metal,post_dft_electronic_summary,post_dft_electronic,L4,RULE_POST_DFT_ELECTRONIC
capacity_grav,mAh/g,P3,18,discharge_summary_is_stable,post_dft_energy_stability_summary,post_dft_thermodynamics,L4,RULE_HULL_OTHER
capacity_grav,mAh/g,P3,19,discharge_summary_nsites,relaxed_structure_summary,relaxed_structure,L0,RULE_SAFE_STRUCTURE
capacity_grav,mAh/g,P3,20,discharge_summary_symmetry_number,relaxed_structure_summary,relaxed_structure,L0,RULE_SAFE_STRUCTURE
capacity_grav,mAh/g,P3,21,discharge_summary_volume,relaxed_structure_summary,relaxed_structure,L0,RULE_SAFE_STRUCTURE
capacity_grav,mAh/g,P3,22,discharge_summary_volume_per_site,relaxed_structure_summary,relaxed_structure,L0,RULE_SAFE_STRUCTURE
capacity_grav,mAh/g,P3,23,fw_X_max,composition_known_framework,pre_dft_composition,L0,RULE_SAFE_DEFAULT
capacity_grav,mAh/g,P3,24,fw_X_mean,composition_known_framework,pre_dft_composition,L0,RULE_SAFE_DEFAULT
capacity_grav,mAh/g,P3,25,fw_X_min,composition_known_framework,pre_dft_composition,L0,RULE_SAFE_DEFAULT
capacity_grav,mAh/g,P3,26,fw_X_range,composition_known_framework,pre_dft_composition,L0,RULE_SAFE_DEFAULT
capacity_grav,mAh/g,P3,27,fw_X_std,composition_known_framework,pre_dft_composition,L0,RULE_SAFE_DEFAULT
capacity_grav,mAh/g,P3,28,fw_Z_max,composition_known_framework,pre_dft_composition,L0,RULE_SAFE_DEFAULT
capacity_grav,mAh/g,P3,29,fw_Z_mean,composition_known_framework,pre_dft_composition,L0,RULE_SAFE_DEFAULT
capacity_grav,mAh/g,P3,30,fw_Z_min,composition_known_framework,pre_dft_composition,L0,RULE_SAFE_DEFAULT
capacity_grav,mAh/g,P3,31,fw_Z_range,composition_known_framework,pre_dft_composition,L0,RULE_SAFE_DEFAULT
capacity_grav,mAh/g,P3,32,fw_Z_std,composition_known_framework,pre_dft_composition,L0,RULE_SAFE_DEFAULT
capacity_grav,mAh/g,P3,33,fw_atomic_mass_max,composition_known_framework,pre_dft_composition,L0,RULE_SAFE_DEFAULT
capacity_grav,mAh/g,P3,34,fw_atomic_mass_mean,composition_known_framework,pre_dft_composition,L0,RULE_SAFE_DEFAULT
capacity_grav,mAh/g,P3,35,fw_atomic_mass_min,composition_known_framework,pre_dft_composition,L0,RULE_SAFE_DEFAULT
capacity_grav,mAh/g,P3,36,fw_atomic_mass_range,composition_known_framework,pre_dft_composition,L0,RULE_SAFE_DEFAULT
capacity_grav,mAh/g,P3,37,fw_atomic_mass_std,composition_known_framework,pre_dft_composition,L0,RULE_SAFE_DEFAULT
capacity_grav,mAh/g,P3,38,fw_frac_Ag,composition_known_framework,pre_dft_composition,L0,RULE_SAFE_DEFAULT
capacity_grav,mAh/g,P3,39,fw_frac_Al,composition_known_framework,pre_dft_composition,L0,RULE_SAFE_DEFAULT
capacity_grav,mAh/g,P3,40,fw_frac_As,composition_known_framework,pre_dft_composition,L0,RULE_SAFE_DEFAULT
capacity_grav,mAh/g,P3,41,fw_frac_B,composition_known_framework,pre_dft_composition,L0,RULE_SAFE_DEFAULT
capacity_grav,mAh/g,P3,42,fw_frac_Br,composition_known_framework,pre_dft_composition,L0,RULE_SAFE_DEFAULT
capacity_grav,mAh/g,P3,43,fw_frac_C,composition_known_framework,pre_dft_composition,L0,RULE_SAFE_DEFAULT
capacity_grav,mAh/g,P3,44,fw_frac_Ca,composition_known_framework,pre_dft_composition,L0,RULE_SAFE_DEFAULT
capacity_grav,mAh/g,P3,45,fw_frac_Cl,composition_known_framework,pre_dft_composition,L0,RULE_SAFE_DEFAULT
capacity_grav,mAh/g,P3,46,fw_frac_Co,composition_known_framework,pre_dft_composition,L0,RULE_SAFE_DEFAULT
capacity_grav,mAh/g,P3,47,fw_frac_Cr,composition_known_framework,pre_dft_composition,L0,RULE_SAFE_DEFAULT
capacity_grav,mAh/g,P3,48,fw_frac_Cu,composition_known_framework,pre_dft_composition,L0,RULE_SAFE_DEFAULT
capacity_grav,mAh/g,P3,49,fw_frac_F,composition_known_framework,pre_dft_composition,L0,RULE_SAFE_DEFAULT
capacity_grav,mAh/g,P3,50,fw_frac_Fe,composition_known_framework,pre_dft_composition,L0,RULE_SAFE_DEFAULT
capacity_grav,mAh/g,P3,51,fw_frac_I,composition_known_framework,pre_dft_composition,L0,RULE_SAFE_DEFAULT
capacity_grav,mAh/g,P3,52,fw_frac_K,composition_known_framework,pre_dft_composition,L0,RULE_SAFE_DEFAULT
capacity_grav,mAh/g,P3,53,fw_frac_Li,composition_known_framework,pre_dft_composition,L0,RULE_SAFE_DEFAULT
capacity_grav,mAh/g,P3,54,fw_frac_Mg,composition_known_framework,pre_dft_composition,L0,RULE_SAFE_DEFAULT
capacity_grav,mAh/g,P3,55,fw_frac_Mn,composition_known_framework,pre_dft_composition,L0,RULE_SAFE_DEFAULT
capacity_grav,mAh/g,P3,56,fw_frac_N,composition_known_framework,pre_dft_composition,L0,RULE_SAFE_DEFAULT
capacity_grav,mAh/g,P3,57,fw_frac_Na,composition_known_framework,pre_dft_composition,L0,RULE_SAFE_DEFAULT
capacity_grav,mAh/g,P3,58,fw_frac_Ni,composition_known_framework,pre_dft_composition,L0,RULE_SAFE_DEFAULT
capacity_grav,mAh/g,P3,59,fw_frac_O,composition_known_framework,pre_dft_composition,L0,RULE_SAFE_DEFAULT
capacity_grav,mAh/g,P3,60,fw_frac_P,composition_known_framework,pre_dft_composition,L0,RULE_SAFE_DEFAULT
capacity_grav,mAh/g,P3,61,fw_frac_S,composition_known_framework,pre_dft_composition,L0,RULE_SAFE_DEFAULT
capacity_grav,mAh/g,P3,62,fw_frac_Si,composition_known_framework,pre_dft_composition,L0,RULE_SAFE_DEFAULT
capacity_grav,mAh/g,P3,63,fw_frac_Ti,composition_known_framework,pre_dft_composition,L0,RULE_SAFE_DEFAULT
capacity_grav,mAh/g,P3,64,fw_frac_V,composition_known_framework,pre_dft_composition,L0,RULE_SAFE_DEFAULT
capacity_grav,mAh/g,P3,65,fw_frac_Zn,composition_known_framework,pre_dft_composition,L0,RULE_SAFE_DEFAULT
capacity_grav,mAh/g,P3,66,fw_frac_transition_metals,composition_known_framework,pre_dft_composition,L0,RULE_SAFE_DEFAULT
capacity_grav,mAh/g,P3,67,fw_group_max,composition_known_framework,pre_dft_composition,L0,RULE_SAFE_DEFAULT
capacity_grav,mAh/g,P3,68,fw_group_mean,composition_known_framework,pre_dft_composition,L0,RULE_SAFE_DEFAULT
capacity_grav,mAh/g,P3,69,fw_group_min,composition_known_framework,pre_dft_composition,L0,RULE_SAFE_DEFAULT
capacity_grav,mAh/g,P3,70,fw_group_range,composition_known_framework,pre_dft_composition,L0,RULE_SAFE_DEFAULT
capacity_grav,mAh/g,P3,71,fw_group_std,composition_known_framework,pre_dft_composition,L0,RULE_SAFE_DEFAULT
capacity_grav,mAh/g,P3,72,fw_has_Br,composition_known_framework,pre_dft_composition,L0,RULE_SAFE_DEFAULT
capacity_grav,mAh/g,P3,73,fw_has_C,composition_known_framework,pre_dft_composition,L0,RULE_SAFE_DEFAULT
capacity_grav,mAh/g,P3,74,fw_has_Cl,composition_known_framework,pre_dft_composition,L0,RULE_SAFE_DEFAULT
capacity_grav,mAh/g,P3,75,fw_has_F,composition_known_framework,pre_dft_composition,L0,RULE_SAFE_DEFAULT
capacity_grav,mAh/g,P3,76,fw_has_I,composition_known_framework,pre_dft_composition,L0,RULE_SAFE_DEFAULT
capacity_grav,mAh/g,P3,77,fw_has_N,composition_known_framework,pre_dft_composition,L0,RULE_SAFE_DEFAULT
capacity_grav,mAh/g,P3,78,fw_has_O,composition_known_framework,pre_dft_composition,L0,RULE_SAFE_DEFAULT
capacity_grav,mAh/g,P3,79,fw_has_P,composition_known_framework,pre_dft_composition,L0,RULE_SAFE_DEFAULT
capacity_grav,mAh/g,P3,80,fw_has_S,composition_known_framework,pre_dft_composition,L0,RULE_SAFE_DEFAULT
capacity_grav,mAh/g,P3,81,fw_has_Si,composition_known_framework,pre_dft_composition,L0,RULE_SAFE_DEFAULT
capacity_grav,mAh/g,P3,82,fw_n_atoms,composition_known_framework,pre_dft_composition,L0,RULE_SAFE_DEFAULT
capacity_grav,mAh/g,P3,83,fw_n_elements,composition_known_framework,pre_dft_composition,L0,RULE_SAFE_DEFAULT
capacity_grav,mAh/g,P3,84,fw_n_transition_metals,composition_known_framework,pre_dft_composition,L0,RULE_SAFE_DEFAULT
capacity_grav,mAh/g,P3,85,fw_parse_ok,composition_known_framework,pre_dft_composition,L0,RULE_SAFE_DEFAULT
capacity_grav,mAh/g,P3,86,fw_row_max,composition_known_framework,pre_dft_composition,L0,RULE_SAFE_DEFAULT
capacity_grav,mAh/g,P3,87,fw_row_mean,composition_known_framework,pre_dft_composition,L0,RULE_SAFE_DEFAULT
capacity_grav,mAh/g,P3,88,fw_row_min,composition_known_framework,pre_dft_composition,L0,RULE_SAFE_DEFAULT
capacity_grav,mAh/g,P3,89,fw_row_range,composition_known_framework,pre_dft_composition,L0,RULE_SAFE_DEFAULT
capacity_grav,mAh/g,P3,90,fw_row_std,composition_known_framework,pre_dft_composition,L0,RULE_SAFE_DEFAULT
capacity_grav,mAh/g,P3,91,max_voltage_step,stored_electrode_process_descriptor,stored_electrode_record,L0,RULE_SAFE_DEFAULT
capacity_grav,mAh/g,P3,92,num_steps,stored_electrode_process_descriptor,stored_electrode_record,L0,RULE_SAFE_DEFAULT
capacity_grav,mAh/g,P3,93,summary_abs_delta_band_gap,post_dft_electronic_summary,post_dft_electronic,L4,RULE_POST_DFT_ELECTRONIC
capacity_grav,mAh/g,P3,94,summary_abs_delta_density,relaxed_structure_summary,relaxed_structure,L0,RULE_SAFE_STRUCTURE
capacity_grav,mAh/g,P3,95,summary_abs_delta_density_atomic,relaxed_structure_summary,relaxed_structure,L0,RULE_SAFE_STRUCTURE
capacity_grav,mAh/g,P3,96,summary_abs_delta_energy_above_hull,post_dft_energy_stability_summary,post_dft_thermodynamics,L4,RULE_HULL_OTHER
capacity_grav,mAh/g,P3,97,summary_abs_delta_formation_energy_per_atom,post_dft_energy_stability_summary,post_dft_thermodynamics,L4,RULE_POST_DFT_ENERGY_DEFAULT
capacity_grav,mAh/g,P3,98,summary_abs_delta_volume_fraction,relaxed_structure_summary,relaxed_structure,L0,RULE_SAFE_STRUCTURE
capacity_grav,mAh/g,P3,99,summary_abs_delta_volume_per_site,relaxed_structure_summary,relaxed_structure,L0,RULE_SAFE_STRUCTURE
capacity_grav,mAh/g,P3,100,summary_delta_band_gap,post_dft_electronic_summary,post_dft_electronic,L4,RULE_POST_DFT_ELECTRONIC
capacity_grav,mAh/g,P3,101,summary_delta_density,relaxed_structure_summary,relaxed_structure,L0,RULE_SAFE_STRUCTURE
capacity_grav,mAh/g,P3,102,summary_delta_density_atomic,relaxed_structure_summary,relaxed_structure,L0,RULE_SAFE_STRUCTURE
capacity_grav,mAh/g,P3,103,summary_delta_energy_above_hull,post_dft_energy_stability_summary,post_dft_thermodynamics,L4,RULE_HULL_OTHER
capacity_grav,mAh/g,P3,104,summary_delta_formation_energy_per_atom,post_dft_energy_stability_summary,post_dft_thermodynamics,L4,RULE_POST_DFT_ENERGY_DEFAULT
capacity_grav,mAh/g,P3,105,summary_delta_volume_fraction,relaxed_structure_summary,relaxed_structure,L0,RULE_SAFE_STRUCTURE
capacity_grav,mAh/g,P3,106,summary_delta_volume_per_site,relaxed_structure_summary,relaxed_structure,L0,RULE_SAFE_STRUCTURE
capacity_grav,mAh/g,P3,107,summary_worst_energy_above_hull,post_dft_energy_stability_summary,post_dft_thermodynamics,L4,RULE_HULL_OTHER
capacity_grav,mAh/g,P3,108,wi_X,composition_known_working_ion,pre_dft_composition,L0,RULE_SAFE_DEFAULT
capacity_grav,mAh/g,P3,109,wi_Z,composition_known_working_ion,pre_dft_composition,L0,RULE_SAFE_DEFAULT
capacity_grav,mAh/g,P3,110,wi_atomic_mass,composition_known_working_ion,pre_dft_composition,L0,RULE_SAFE_DEFAULT
capacity_grav,mAh/g,P3,111,wi_group,composition_known_working_ion,pre_dft_composition,L0,RULE_SAFE_DEFAULT
capacity_grav,mAh/g,P3,112,wi_row,composition_known_working_ion,pre_dft_composition,L0,RULE_SAFE_DEFAULT
capacity_grav,mAh/g,P4,1,average_voltage,stored_electrode_target,stored_electrode_record,L4,RULE_OTHER_STORED_TARGET
capacity_grav,mAh/g,P4,2,capacity_grav,stored_electrode_target,stored_electrode_record,L1,RULE_DIRECT_TARGET
capacity_grav,mAh/g,P4,3,capacity_vol,stored_electrode_target,stored_electrode_record,L2,RULE_CAPACITY_ENERGY_RELATION
capacity_grav,mAh/g,P4,4,charge_formula_X_max,stoichiometric_window,electrode_state_stoichiometry,L3,RULE_STOICHIOMETRIC_WINDOW
capacity_grav,mAh/g,P4,5,charge_formula_X_mean,stoichiometric_window,electrode_state_stoichiometry,L3,RULE_STOICHIOMETRIC_WINDOW
capacity_grav,mAh/g,P4,6,charge_formula_X_min,stoichiometric_window,electrode_state_stoichiometry,L3,RULE_STOICHIOMETRIC_WINDOW
capacity_grav,mAh/g,P4,7,charge_formula_X_range,stoichiometric_window,electrode_state_stoichiometry,L3,RULE_STOICHIOMETRIC_WINDOW
capacity_grav,mAh/g,P4,8,charge_formula_X_std,stoichiometric_window,electrode_state_stoichiometry,L3,RULE_STOICHIOMETRIC_WINDOW
capacity_grav,mAh/g,P4,9,charge_formula_Z_max,stoichiometric_window,electrode_state_stoichiometry,L3,RULE_STOICHIOMETRIC_WINDOW
capacity_grav,mAh/g,P4,10,charge_formula_Z_mean,stoichiometric_window,electrode_state_stoichiometry,L3,RULE_STOICHIOMETRIC_WINDOW
capacity_grav,mAh/g,P4,11,charge_formula_Z_min,stoichiometric_window,electrode_state_stoichiometry,L3,RULE_STOICHIOMETRIC_WINDOW
capacity_grav,mAh/g,P4,12,charge_formula_Z_range,stoichiometric_window,electrode_state_stoichiometry,L3,RULE_STOICHIOMETRIC_WINDOW
capacity_grav,mAh/g,P4,13,charge_formula_Z_std,stoichiometric_window,electrode_state_stoichiometry,L3,RULE_STOICHIOMETRIC_WINDOW
capacity_grav,mAh/g,P4,14,charge_formula_atomic_mass_max,stoichiometric_window,electrode_state_stoichiometry,L3,RULE_STOICHIOMETRIC_WINDOW
capacity_grav,mAh/g,P4,15,charge_formula_atomic_mass_mean,stoichiometric_window,electrode_state_stoichiometry,L3,RULE_STOICHIOMETRIC_WINDOW
capacity_grav,mAh/g,P4,16,charge_formula_atomic_mass_min,stoichiometric_window,electrode_state_stoichiometry,L3,RULE_STOICHIOMETRIC_WINDOW
capacity_grav,mAh/g,P4,17,charge_formula_atomic_mass_range,stoichiometric_window,electrode_state_stoichiometry,L3,RULE_STOICHIOMETRIC_WINDOW
capacity_grav,mAh/g,P4,18,charge_formula_atomic_mass_std,stoichiometric_window,electrode_state_stoichiometry,L3,RULE_STOICHIOMETRIC_WINDOW
capacity_grav,mAh/g,P4,19,charge_formula_frac_Ag,stoichiometric_window,electrode_state_stoichiometry,L3,RULE_STOICHIOMETRIC_WINDOW
capacity_grav,mAh/g,P4,20,charge_formula_frac_Al,stoichiometric_window,electrode_state_stoichiometry,L3,RULE_STOICHIOMETRIC_WINDOW
capacity_grav,mAh/g,P4,21,charge_formula_frac_As,stoichiometric_window,electrode_state_stoichiometry,L3,RULE_STOICHIOMETRIC_WINDOW
capacity_grav,mAh/g,P4,22,charge_formula_frac_B,stoichiometric_window,electrode_state_stoichiometry,L3,RULE_STOICHIOMETRIC_WINDOW
capacity_grav,mAh/g,P4,23,charge_formula_frac_Br,stoichiometric_window,electrode_state_stoichiometry,L3,RULE_STOICHIOMETRIC_WINDOW
capacity_grav,mAh/g,P4,24,charge_formula_frac_C,stoichiometric_window,electrode_state_stoichiometry,L3,RULE_STOICHIOMETRIC_WINDOW
capacity_grav,mAh/g,P4,25,charge_formula_frac_Ca,stoichiometric_window,electrode_state_stoichiometry,L3,RULE_STOICHIOMETRIC_WINDOW
capacity_grav,mAh/g,P4,26,charge_formula_frac_Cl,stoichiometric_window,electrode_state_stoichiometry,L3,RULE_STOICHIOMETRIC_WINDOW
capacity_grav,mAh/g,P4,27,charge_formula_frac_Co,stoichiometric_window,electrode_state_stoichiometry,L3,RULE_STOICHIOMETRIC_WINDOW
capacity_grav,mAh/g,P4,28,charge_formula_frac_Cr,stoichiometric_window,electrode_state_stoichiometry,L3,RULE_STOICHIOMETRIC_WINDOW
capacity_grav,mAh/g,P4,29,charge_formula_frac_Cu,stoichiometric_window,electrode_state_stoichiometry,L3,RULE_STOICHIOMETRIC_WINDOW
capacity_grav,mAh/g,P4,30,charge_formula_frac_F,stoichiometric_window,electrode_state_stoichiometry,L3,RULE_STOICHIOMETRIC_WINDOW
capacity_grav,mAh/g,P4,31,charge_formula_frac_Fe,stoichiometric_window,electrode_state_stoichiometry,L3,RULE_STOICHIOMETRIC_WINDOW
capacity_grav,mAh/g,P4,32,charge_formula_frac_I,stoichiometric_window,electrode_state_stoichiometry,L3,RULE_STOICHIOMETRIC_WINDOW
capacity_grav,mAh/g,P4,33,charge_formula_frac_K,stoichiometric_window,electrode_state_stoichiometry,L3,RULE_STOICHIOMETRIC_WINDOW
capacity_grav,mAh/g,P4,34,charge_formula_frac_Li,stoichiometric_window,electrode_state_stoichiometry,L3,RULE_STOICHIOMETRIC_WINDOW
capacity_grav,mAh/g,P4,35,charge_formula_frac_Mg,stoichiometric_window,electrode_state_stoichiometry,L3,RULE_STOICHIOMETRIC_WINDOW
capacity_grav,mAh/g,P4,36,charge_formula_frac_Mn,stoichiometric_window,electrode_state_stoichiometry,L3,RULE_STOICHIOMETRIC_WINDOW
capacity_grav,mAh/g,P4,37,charge_formula_frac_N,stoichiometric_window,electrode_state_stoichiometry,L3,RULE_STOICHIOMETRIC_WINDOW
capacity_grav,mAh/g,P4,38,charge_formula_frac_Na,stoichiometric_window,electrode_state_stoichiometry,L3,RULE_STOICHIOMETRIC_WINDOW
capacity_grav,mAh/g,P4,39,charge_formula_frac_Ni,stoichiometric_window,electrode_state_stoichiometry,L3,RULE_STOICHIOMETRIC_WINDOW
capacity_grav,mAh/g,P4,40,charge_formula_frac_O,stoichiometric_window,electrode_state_stoichiometry,L3,RULE_STOICHIOMETRIC_WINDOW
capacity_grav,mAh/g,P4,41,charge_formula_frac_P,stoichiometric_window,electrode_state_stoichiometry,L3,RULE_STOICHIOMETRIC_WINDOW
capacity_grav,mAh/g,P4,42,charge_formula_frac_S,stoichiometric_window,electrode_state_stoichiometry,L3,RULE_STOICHIOMETRIC_WINDOW
capacity_grav,mAh/g,P4,43,charge_formula_frac_Si,stoichiometric_window,electrode_state_stoichiometry,L3,RULE_STOICHIOMETRIC_WINDOW
capacity_grav,mAh/g,P4,44,charge_formula_frac_Ti,stoichiometric_window,electrode_state_stoichiometry,L3,RULE_STOICHIOMETRIC_WINDOW
capacity_grav,mAh/g,P4,45,charge_formula_frac_V,stoichiometric_window,electrode_state_stoichiometry,L3,RULE_STOICHIOMETRIC_WINDOW
capacity_grav,mAh/g,P4,46,charge_formula_frac_Zn,stoichiometric_window,electrode_state_stoichiometry,L3,RULE_STOICHIOMETRIC_WINDOW
capacity_grav,mAh/g,P4,47,charge_formula_frac_transition_metals,stoichiometric_window,electrode_state_stoichiometry,L3,RULE_STOICHIOMETRIC_WINDOW
capacity_grav,mAh/g,P4,48,charge_formula_group_max,stoichiometric_window,electrode_state_stoichiometry,L3,RULE_STOICHIOMETRIC_WINDOW
capacity_grav,mAh/g,P4,49,charge_formula_group_mean,stoichiometric_window,electrode_state_stoichiometry,L3,RULE_STOICHIOMETRIC_WINDOW
capacity_grav,mAh/g,P4,50,charge_formula_group_min,stoichiometric_window,electrode_state_stoichiometry,L3,RULE_STOICHIOMETRIC_WINDOW
capacity_grav,mAh/g,P4,51,charge_formula_group_range,stoichiometric_window,electrode_state_stoichiometry,L3,RULE_STOICHIOMETRIC_WINDOW
capacity_grav,mAh/g,P4,52,charge_formula_group_std,stoichiometric_window,electrode_state_stoichiometry,L3,RULE_STOICHIOMETRIC_WINDOW
capacity_grav,mAh/g,P4,53,charge_formula_has_Br,stoichiometric_window,electrode_state_stoichiometry,L3,RULE_STOICHIOMETRIC_WINDOW
capacity_grav,mAh/g,P4,54,charge_formula_has_C,stoichiometric_window,electrode_state_stoichiometry,L3,RULE_STOICHIOMETRIC_WINDOW
capacity_grav,mAh/g,P4,55,charge_formula_has_Cl,stoichiometric_window,electrode_state_stoichiometry,L3,RULE_STOICHIOMETRIC_WINDOW
capacity_grav,mAh/g,P4,56,charge_formula_has_F,stoichiometric_window,electrode_state_stoichiometry,L3,RULE_STOICHIOMETRIC_WINDOW
capacity_grav,mAh/g,P4,57,charge_formula_has_I,stoichiometric_window,electrode_state_stoichiometry,L3,RULE_STOICHIOMETRIC_WINDOW
capacity_grav,mAh/g,P4,58,charge_formula_has_N,stoichiometric_window,electrode_state_stoichiometry,L3,RULE_STOICHIOMETRIC_WINDOW
capacity_grav,mAh/g,P4,59,charge_formula_has_O,stoichiometric_window,electrode_state_stoichiometry,L3,RULE_STOICHIOMETRIC_WINDOW
capacity_grav,mAh/g,P4,60,charge_formula_has_P,stoichiometric_window,electrode_state_stoichiometry,L3,RULE_STOICHIOMETRIC_WINDOW
capacity_grav,mAh/g,P4,61,charge_formula_has_S,stoichiometric_window,electrode_state_stoichiometry,L3,RULE_STOICHIOMETRIC_WINDOW
capacity_grav,mAh/g,P4,62,charge_formula_has_Si,stoichiometric_window,electrode_state_stoichiometry,L3,RULE_STOICHIOMETRIC_WINDOW
capacity_grav,mAh/g,P4,63,charge_formula_n_atoms,stoichiometric_window,electrode_state_stoichiometry,L3,RULE_STOICHIOMETRIC_WINDOW
capacity_grav,mAh/g,P4,64,charge_formula_n_elements,stoichiometric_window,electrode_state_stoichiometry,L3,RULE_STOICHIOMETRIC_WINDOW
capacity_grav,mAh/g,P4,65,charge_formula_n_transition_metals,stoichiometric_window,electrode_state_stoichiometry,L3,RULE_STOICHIOMETRIC_WINDOW
capacity_grav,mAh/g,P4,66,charge_formula_parse_ok,stoichiometric_window,electrode_state_stoichiometry,L3,RULE_STOICHIOMETRIC_WINDOW
capacity_grav,mAh/g,P4,67,charge_formula_row_max,stoichiometric_window,electrode_state_stoichiometry,L3,RULE_STOICHIOMETRIC_WINDOW
capacity_grav,mAh/g,P4,68,charge_formula_row_mean,stoichiometric_window,electrode_state_stoichiometry,L3,RULE_STOICHIOMETRIC_WINDOW
capacity_grav,mAh/g,P4,69,charge_formula_row_min,stoichiometric_window,electrode_state_stoichiometry,L3,RULE_STOICHIOMETRIC_WINDOW
capacity_grav,mAh/g,P4,70,charge_formula_row_range,stoichiometric_window,electrode_state_stoichiometry,L3,RULE_STOICHIOMETRIC_WINDOW
capacity_grav,mAh/g,P4,71,charge_formula_row_std,stoichiometric_window,electrode_state_stoichiometry,L3,RULE_STOICHIOMETRIC_WINDOW
capacity_grav,mAh/g,P4,72,charge_summary_band_gap,post_dft_electronic_summary,post_dft_electronic,L4,RULE_POST_DFT_ELECTRONIC
capacity_grav,mAh/g,P4,73,charge_summary_density,relaxed_structure_summary,relaxed_structure,L0,RULE_SAFE_STRUCTURE
capacity_grav,mAh/g,P4,74,charge_summary_density_atomic,relaxed_structure_summary,relaxed_structure,L0,RULE_SAFE_STRUCTURE
capacity_grav,mAh/g,P4,75,charge_summary_energy_above_hull,post_dft_energy_stability_summary,post_dft_thermodynamics,L4,RULE_HULL_OTHER
capacity_grav,mAh/g,P4,76,charge_summary_formation_energy_per_atom,post_dft_energy_stability_summary,post_dft_thermodynamics,L4,RULE_POST_DFT_ENERGY_DEFAULT
capacity_grav,mAh/g,P4,77,charge_summary_is_metal,post_dft_electronic_summary,post_dft_electronic,L4,RULE_POST_DFT_ELECTRONIC
capacity_grav,mAh/g,P4,78,charge_summary_is_stable,post_dft_energy_stability_summary,post_dft_thermodynamics,L4,RULE_HULL_OTHER
capacity_grav,mAh/g,P4,79,charge_summary_nsites,relaxed_structure_summary,relaxed_structure,L0,RULE_SAFE_STRUCTURE
capacity_grav,mAh/g,P4,80,charge_summary_symmetry_number,relaxed_structure_summary,relaxed_structure,L0,RULE_SAFE_STRUCTURE
capacity_grav,mAh/g,P4,81,charge_summary_theoretical,post_dft_provenance_flag,post_dft_provenance,L4,RULE_POST_DFT_PROVENANCE
capacity_grav,mAh/g,P4,82,charge_summary_volume,relaxed_structure_summary,relaxed_structure,L0,RULE_SAFE_STRUCTURE
capacity_grav,mAh/g,P4,83,charge_summary_volume_per_site,relaxed_structure_summary,relaxed_structure,L0,RULE_SAFE_STRUCTURE
capacity_grav,mAh/g,P4,84,discharge_formula_X_max,stoichiometric_window,electrode_state_stoichiometry,L3,RULE_STOICHIOMETRIC_WINDOW
capacity_grav,mAh/g,P4,85,discharge_formula_X_mean,stoichiometric_window,electrode_state_stoichiometry,L3,RULE_STOICHIOMETRIC_WINDOW
capacity_grav,mAh/g,P4,86,discharge_formula_X_min,stoichiometric_window,electrode_state_stoichiometry,L3,RULE_STOICHIOMETRIC_WINDOW
capacity_grav,mAh/g,P4,87,discharge_formula_X_range,stoichiometric_window,electrode_state_stoichiometry,L3,RULE_STOICHIOMETRIC_WINDOW
capacity_grav,mAh/g,P4,88,discharge_formula_X_std,stoichiometric_window,electrode_state_stoichiometry,L3,RULE_STOICHIOMETRIC_WINDOW
capacity_grav,mAh/g,P4,89,discharge_formula_Z_max,stoichiometric_window,electrode_state_stoichiometry,L3,RULE_STOICHIOMETRIC_WINDOW
capacity_grav,mAh/g,P4,90,discharge_formula_Z_mean,stoichiometric_window,electrode_state_stoichiometry,L3,RULE_STOICHIOMETRIC_WINDOW
capacity_grav,mAh/g,P4,91,discharge_formula_Z_min,stoichiometric_window,electrode_state_stoichiometry,L3,RULE_STOICHIOMETRIC_WINDOW
capacity_grav,mAh/g,P4,92,discharge_formula_Z_range,stoichiometric_window,electrode_state_stoichiometry,L3,RULE_STOICHIOMETRIC_WINDOW
capacity_grav,mAh/g,P4,93,discharge_formula_Z_std,stoichiometric_window,electrode_state_stoichiometry,L3,RULE_STOICHIOMETRIC_WINDOW
capacity_grav,mAh/g,P4,94,discharge_formula_atomic_mass_max,stoichiometric_window,electrode_state_stoichiometry,L3,RULE_STOICHIOMETRIC_WINDOW
capacity_grav,mAh/g,P4,95,discharge_formula_atomic_mass_mean,stoichiometric_window,electrode_state_stoichiometry,L3,RULE_STOICHIOMETRIC_WINDOW
capacity_grav,mAh/g,P4,96,discharge_formula_atomic_mass_min,stoichiometric_window,electrode_state_stoichiometry,L3,RULE_STOICHIOMETRIC_WINDOW
capacity_grav,mAh/g,P4,97,discharge_formula_atomic_mass_range,stoichiometric_window,electrode_state_stoichiometry,L3,RULE_STOICHIOMETRIC_WINDOW
capacity_grav,mAh/g,P4,98,discharge_formula_atomic_mass_std,stoichiometric_window,electrode_state_stoichiometry,L3,RULE_STOICHIOMETRIC_WINDOW
capacity_grav,mAh/g,P4,99,discharge_formula_frac_Ag,stoichiometric_window,electrode_state_stoichiometry,L3,RULE_STOICHIOMETRIC_WINDOW
capacity_grav,mAh/g,P4,100,discharge_formula_frac_Al,stoichiometric_window,electrode_state_stoichiometry,L3,RULE_STOICHIOMETRIC_WINDOW
capacity_grav,mAh/g,P4,101,discharge_formula_frac_As,stoichiometric_window,electrode_state_stoichiometry,L3,RULE_STOICHIOMETRIC_WINDOW
capacity_grav,mAh/g,P4,102,discharge_formula_frac_B,stoichiometric_window,electrode_state_stoichiometry,L3,RULE_STOICHIOMETRIC_WINDOW
capacity_grav,mAh/g,P4,103,discharge_formula_frac_Br,stoichiometric_window,electrode_state_stoichiometry,L3,RULE_STOICHIOMETRIC_WINDOW
capacity_grav,mAh/g,P4,104,discharge_formula_frac_C,stoichiometric_window,electrode_state_stoichiometry,L3,RULE_STOICHIOMETRIC_WINDOW
capacity_grav,mAh/g,P4,105,discharge_formula_frac_Ca,stoichiometric_window,electrode_state_stoichiometry,L3,RULE_STOICHIOMETRIC_WINDOW
capacity_grav,mAh/g,P4,106,discharge_formula_frac_Cl,stoichiometric_window,electrode_state_stoichiometry,L3,RULE_STOICHIOMETRIC_WINDOW
capacity_grav,mAh/g,P4,107,discharge_formula_frac_Co,stoichiometric_window,electrode_state_stoichiometry,L3,RULE_STOICHIOMETRIC_WINDOW
capacity_grav,mAh/g,P4,108,discharge_formula_frac_Cr,stoichiometric_window,electrode_state_stoichiometry,L3,RULE_STOICHIOMETRIC_WINDOW
capacity_grav,mAh/g,P4,109,discharge_formula_frac_Cu,stoichiometric_window,electrode_state_stoichiometry,L3,RULE_STOICHIOMETRIC_WINDOW
capacity_grav,mAh/g,P4,110,discharge_formula_frac_F,stoichiometric_window,electrode_state_stoichiometry,L3,RULE_STOICHIOMETRIC_WINDOW
capacity_grav,mAh/g,P4,111,discharge_formula_frac_Fe,stoichiometric_window,electrode_state_stoichiometry,L3,RULE_STOICHIOMETRIC_WINDOW
capacity_grav,mAh/g,P4,112,discharge_formula_frac_I,stoichiometric_window,electrode_state_stoichiometry,L3,RULE_STOICHIOMETRIC_WINDOW
capacity_grav,mAh/g,P4,113,discharge_formula_frac_K,stoichiometric_window,electrode_state_stoichiometry,L3,RULE_STOICHIOMETRIC_WINDOW
capacity_grav,mAh/g,P4,114,discharge_formula_frac_Li,stoichiometric_window,electrode_state_stoichiometry,L3,RULE_STOICHIOMETRIC_WINDOW
capacity_grav,mAh/g,P4,115,discharge_formula_frac_Mg,stoichiometric_window,electrode_state_stoichiometry,L3,RULE_STOICHIOMETRIC_WINDOW
capacity_grav,mAh/g,P4,116,discharge_formula_frac_Mn,stoichiometric_window,electrode_state_stoichiometry,L3,RULE_STOICHIOMETRIC_WINDOW
capacity_grav,mAh/g,P4,117,discharge_formula_frac_N,stoichiometric_window,electrode_state_stoichiometry,L3,RULE_STOICHIOMETRIC_WINDOW
capacity_grav,mAh/g,P4,118,discharge_formula_frac_Na,stoichiometric_window,electrode_state_stoichiometry,L3,RULE_STOICHIOMETRIC_WINDOW
capacity_grav,mAh/g,P4,119,discharge_formula_frac_Ni,stoichiometric_window,electrode_state_stoichiometry,L3,RULE_STOICHIOMETRIC_WINDOW
capacity_grav,mAh/g,P4,120,discharge_formula_frac_O,stoichiometric_window,electrode_state_stoichiometry,L3,RULE_STOICHIOMETRIC_WINDOW
capacity_grav,mAh/g,P4,121,discharge_formula_frac_P,stoichiometric_window,electrode_state_stoichiometry,L3,RULE_STOICHIOMETRIC_WINDOW
capacity_grav,mAh/g,P4,122,discharge_formula_frac_S,stoichiometric_window,electrode_state_stoichiometry,L3,RULE_STOICHIOMETRIC_WINDOW
capacity_grav,mAh/g,P4,123,discharge_formula_frac_Si,stoichiometric_window,electrode_state_stoichiometry,L3,RULE_STOICHIOMETRIC_WINDOW
capacity_grav,mAh/g,P4,124,discharge_formula_frac_Ti,stoichiometric_window,electrode_state_stoichiometry,L3,RULE_STOICHIOMETRIC_WINDOW
capacity_grav,mAh/g,P4,125,discharge_formula_frac_V,stoichiometric_window,electrode_state_stoichiometry,L3,RULE_STOICHIOMETRIC_WINDOW
capacity_grav,mAh/g,P4,126,discharge_formula_frac_Zn,stoichiometric_window,electrode_state_stoichiometry,L3,RULE_STOICHIOMETRIC_WINDOW
capacity_grav,mAh/g,P4,127,discharge_formula_frac_transition_metals,stoichiometric_window,electrode_state_stoichiometry,L3,RULE_STOICHIOMETRIC_WINDOW
capacity_grav,mAh/g,P4,128,discharge_formula_group_max,stoichiometric_window,electrode_state_stoichiometry,L3,RULE_STOICHIOMETRIC_WINDOW
capacity_grav,mAh/g,P4,129,discharge_formula_group_mean,stoichiometric_window,electrode_state_stoichiometry,L3,RULE_STOICHIOMETRIC_WINDOW
capacity_grav,mAh/g,P4,130,discharge_formula_group_min,stoichiometric_window,electrode_state_stoichiometry,L3,RULE_STOICHIOMETRIC_WINDOW
capacity_grav,mAh/g,P4,131,discharge_formula_group_range,stoichiometric_window,electrode_state_stoichiometry,L3,RULE_STOICHIOMETRIC_WINDOW
capacity_grav,mAh/g,P4,132,discharge_formula_group_std,stoichiometric_window,electrode_state_stoichiometry,L3,RULE_STOICHIOMETRIC_WINDOW
capacity_grav,mAh/g,P4,133,discharge_formula_has_Br,stoichiometric_window,electrode_state_stoichiometry,L3,RULE_STOICHIOMETRIC_WINDOW
capacity_grav,mAh/g,P4,134,discharge_formula_has_C,stoichiometric_window,electrode_state_stoichiometry,L3,RULE_STOICHIOMETRIC_WINDOW
capacity_grav,mAh/g,P4,135,discharge_formula_has_Cl,stoichiometric_window,electrode_state_stoichiometry,L3,RULE_STOICHIOMETRIC_WINDOW
capacity_grav,mAh/g,P4,136,discharge_formula_has_F,stoichiometric_window,electrode_state_stoichiometry,L3,RULE_STOICHIOMETRIC_WINDOW
capacity_grav,mAh/g,P4,137,discharge_formula_has_I,stoichiometric_window,electrode_state_stoichiometry,L3,RULE_STOICHIOMETRIC_WINDOW
capacity_grav,mAh/g,P4,138,discharge_formula_has_N,stoichiometric_window,electrode_state_stoichiometry,L3,RULE_STOICHIOMETRIC_WINDOW
capacity_grav,mAh/g,P4,139,discharge_formula_has_O,stoichiometric_window,electrode_state_stoichiometry,L3,RULE_STOICHIOMETRIC_WINDOW
capacity_grav,mAh/g,P4,140,discharge_formula_has_P,stoichiometric_window,electrode_state_stoichiometry,L3,RULE_STOICHIOMETRIC_WINDOW
capacity_grav,mAh/g,P4,141,discharge_formula_has_S,stoichiometric_window,electrode_state_stoichiometry,L3,RULE_STOICHIOMETRIC_WINDOW
capacity_grav,mAh/g,P4,142,discharge_formula_has_Si,stoichiometric_window,electrode_state_stoichiometry,L3,RULE_STOICHIOMETRIC_WINDOW
capacity_grav,mAh/g,P4,143,discharge_formula_n_atoms,stoichiometric_window,electrode_state_stoichiometry,L3,RULE_STOICHIOMETRIC_WINDOW
capacity_grav,mAh/g,P4,144,discharge_formula_n_elements,stoichiometric_window,electrode_state_stoichiometry,L3,RULE_STOICHIOMETRIC_WINDOW
capacity_grav,mAh/g,P4,145,discharge_formula_n_transition_metals,stoichiometric_window,electrode_state_stoichiometry,L3,RULE_STOICHIOMETRIC_WINDOW
capacity_grav,mAh/g,P4,146,discharge_formula_parse_ok,stoichiometric_window,electrode_state_stoichiometry,L3,RULE_STOICHIOMETRIC_WINDOW
capacity_grav,mAh/g,P4,147,discharge_formula_row_max,stoichiometric_window,electrode_state_stoichiometry,L3,RULE_STOICHIOMETRIC_WINDOW
capacity_grav,mAh/g,P4,148,discharge_formula_row_mean,stoichiometric_window,electrode_state_stoichiometry,L3,RULE_STOICHIOMETRIC_WINDOW
capacity_grav,mAh/g,P4,149,discharge_formula_row_min,stoichiometric_window,electrode_state_stoichiometry,L3,RULE_STOICHIOMETRIC_WINDOW
capacity_grav,mAh/g,P4,150,discharge_formula_row_range,stoichiometric_window,electrode_state_stoichiometry,L3,RULE_STOICHIOMETRIC_WINDOW
capacity_grav,mAh/g,P4,151,discharge_formula_row_std,stoichiometric_window,electrode_state_stoichiometry,L3,RULE_STOICHIOMETRIC_WINDOW
capacity_grav,mAh/g,P4,152,discharge_summary_band_gap,post_dft_electronic_summary,post_dft_electronic,L4,RULE_POST_DFT_ELECTRONIC
capacity_grav,mAh/g,P4,153,discharge_summary_density,relaxed_structure_summary,relaxed_structure,L0,RULE_SAFE_STRUCTURE
capacity_grav,mAh/g,P4,154,discharge_summary_density_atomic,relaxed_structure_summary,relaxed_structure,L0,RULE_SAFE_STRUCTURE
capacity_grav,mAh/g,P4,155,discharge_summary_energy_above_hull,post_dft_energy_stability_summary,post_dft_thermodynamics,L4,RULE_HULL_OTHER
capacity_grav,mAh/g,P4,156,discharge_summary_formation_energy_per_atom,post_dft_energy_stability_summary,post_dft_thermodynamics,L4,RULE_POST_DFT_ENERGY_DEFAULT
capacity_grav,mAh/g,P4,157,discharge_summary_is_metal,post_dft_electronic_summary,post_dft_electronic,L4,RULE_POST_DFT_ELECTRONIC
capacity_grav,mAh/g,P4,158,discharge_summary_is_stable,post_dft_energy_stability_summary,post_dft_thermodynamics,L4,RULE_HULL_OTHER
capacity_grav,mAh/g,P4,159,discharge_summary_nsites,relaxed_structure_summary,relaxed_structure,L0,RULE_SAFE_STRUCTURE
capacity_grav,mAh/g,P4,160,discharge_summary_symmetry_number,relaxed_structure_summary,relaxed_structure,L0,RULE_SAFE_STRUCTURE
capacity_grav,mAh/g,P4,161,discharge_summary_theoretical,post_dft_provenance_flag,post_dft_provenance,L4,RULE_POST_DFT_PROVENANCE
capacity_grav,mAh/g,P4,162,discharge_summary_volume,relaxed_structure_summary,relaxed_structure,L0,RULE_SAFE_STRUCTURE
capacity_grav,mAh/g,P4,163,discharge_summary_volume_per_site,relaxed_structure_summary,relaxed_structure,L0,RULE_SAFE_STRUCTURE
capacity_grav,mAh/g,P4,164,energy_grav,stored_electrode_target,stored_electrode_record,L2,RULE_CAPACITY_ENERGY_RELATION
capacity_grav,mAh/g,P4,165,energy_vol,stored_electrode_target,stored_electrode_record,L2,RULE_CAPACITY_ENERGY_RELATION
capacity_grav,mAh/g,P4,166,fracA_charge,stoichiometric_window,electrode_state_stoichiometry,L3,RULE_STOICHIOMETRIC_WINDOW
capacity_grav,mAh/g,P4,167,fracA_discharge,stoichiometric_window,electrode_state_stoichiometry,L3,RULE_STOICHIOMETRIC_WINDOW
capacity_grav,mAh/g,P4,168,fw_X_max,composition_known_framework,pre_dft_composition,L0,RULE_SAFE_DEFAULT
capacity_grav,mAh/g,P4,169,fw_X_mean,composition_known_framework,pre_dft_composition,L0,RULE_SAFE_DEFAULT
capacity_grav,mAh/g,P4,170,fw_X_min,composition_known_framework,pre_dft_composition,L0,RULE_SAFE_DEFAULT
capacity_grav,mAh/g,P4,171,fw_X_range,composition_known_framework,pre_dft_composition,L0,RULE_SAFE_DEFAULT
capacity_grav,mAh/g,P4,172,fw_X_std,composition_known_framework,pre_dft_composition,L0,RULE_SAFE_DEFAULT
capacity_grav,mAh/g,P4,173,fw_Z_max,composition_known_framework,pre_dft_composition,L0,RULE_SAFE_DEFAULT
capacity_grav,mAh/g,P4,174,fw_Z_mean,composition_known_framework,pre_dft_composition,L0,RULE_SAFE_DEFAULT
capacity_grav,mAh/g,P4,175,fw_Z_min,composition_known_framework,pre_dft_composition,L0,RULE_SAFE_DEFAULT
capacity_grav,mAh/g,P4,176,fw_Z_range,composition_known_framework,pre_dft_composition,L0,RULE_SAFE_DEFAULT
capacity_grav,mAh/g,P4,177,fw_Z_std,composition_known_framework,pre_dft_composition,L0,RULE_SAFE_DEFAULT
capacity_grav,mAh/g,P4,178,fw_atomic_mass_max,composition_known_framework,pre_dft_composition,L0,RULE_SAFE_DEFAULT
capacity_grav,mAh/g,P4,179,fw_atomic_mass_mean,composition_known_framework,pre_dft_composition,L0,RULE_SAFE_DEFAULT
capacity_grav,mAh/g,P4,180,fw_atomic_mass_min,composition_known_framework,pre_dft_composition,L0,RULE_SAFE_DEFAULT
capacity_grav,mAh/g,P4,181,fw_atomic_mass_range,composition_known_framework,pre_dft_composition,L0,RULE_SAFE_DEFAULT
capacity_grav,mAh/g,P4,182,fw_atomic_mass_std,composition_known_framework,pre_dft_composition,L0,RULE_SAFE_DEFAULT
capacity_grav,mAh/g,P4,183,fw_frac_Ag,composition_known_framework,pre_dft_composition,L0,RULE_SAFE_DEFAULT
capacity_grav,mAh/g,P4,184,fw_frac_Al,composition_known_framework,pre_dft_composition,L0,RULE_SAFE_DEFAULT
capacity_grav,mAh/g,P4,185,fw_frac_As,composition_known_framework,pre_dft_composition,L0,RULE_SAFE_DEFAULT
capacity_grav,mAh/g,P4,186,fw_frac_B,composition_known_framework,pre_dft_composition,L0,RULE_SAFE_DEFAULT
capacity_grav,mAh/g,P4,187,fw_frac_Br,composition_known_framework,pre_dft_composition,L0,RULE_SAFE_DEFAULT
capacity_grav,mAh/g,P4,188,fw_frac_C,composition_known_framework,pre_dft_composition,L0,RULE_SAFE_DEFAULT
capacity_grav,mAh/g,P4,189,fw_frac_Ca,composition_known_framework,pre_dft_composition,L0,RULE_SAFE_DEFAULT
capacity_grav,mAh/g,P4,190,fw_frac_Cl,composition_known_framework,pre_dft_composition,L0,RULE_SAFE_DEFAULT
capacity_grav,mAh/g,P4,191,fw_frac_Co,composition_known_framework,pre_dft_composition,L0,RULE_SAFE_DEFAULT
capacity_grav,mAh/g,P4,192,fw_frac_Cr,composition_known_framework,pre_dft_composition,L0,RULE_SAFE_DEFAULT
capacity_grav,mAh/g,P4,193,fw_frac_Cu,composition_known_framework,pre_dft_composition,L0,RULE_SAFE_DEFAULT
capacity_grav,mAh/g,P4,194,fw_frac_F,composition_known_framework,pre_dft_composition,L0,RULE_SAFE_DEFAULT
capacity_grav,mAh/g,P4,195,fw_frac_Fe,composition_known_framework,pre_dft_composition,L0,RULE_SAFE_DEFAULT
capacity_grav,mAh/g,P4,196,fw_frac_I,composition_known_framework,pre_dft_composition,L0,RULE_SAFE_DEFAULT
capacity_grav,mAh/g,P4,197,fw_frac_K,composition_known_framework,pre_dft_composition,L0,RULE_SAFE_DEFAULT
capacity_grav,mAh/g,P4,198,fw_frac_Li,composition_known_framework,pre_dft_composition,L0,RULE_SAFE_DEFAULT
capacity_grav,mAh/g,P4,199,fw_frac_Mg,composition_known_framework,pre_dft_composition,L0,RULE_SAFE_DEFAULT
capacity_grav,mAh/g,P4,200,fw_frac_Mn,composition_known_framework,pre_dft_composition,L0,RULE_SAFE_DEFAULT
capacity_grav,mAh/g,P4,201,fw_frac_N,composition_known_framework,pre_dft_composition,L0,RULE_SAFE_DEFAULT
capacity_grav,mAh/g,P4,202,fw_frac_Na,composition_known_framework,pre_dft_composition,L0,RULE_SAFE_DEFAULT
capacity_grav,mAh/g,P4,203,fw_frac_Ni,composition_known_framework,pre_dft_composition,L0,RULE_SAFE_DEFAULT
capacity_grav,mAh/g,P4,204,fw_frac_O,composition_known_framework,pre_dft_composition,L0,RULE_SAFE_DEFAULT
capacity_grav,mAh/g,P4,205,fw_frac_P,composition_known_framework,pre_dft_composition,L0,RULE_SAFE_DEFAULT
capacity_grav,mAh/g,P4,206,fw_frac_S,composition_known_framework,pre_dft_composition,L0,RULE_SAFE_DEFAULT
capacity_grav,mAh/g,P4,207,fw_frac_Si,composition_known_framework,pre_dft_composition,L0,RULE_SAFE_DEFAULT
capacity_grav,mAh/g,P4,208,fw_frac_Ti,composition_known_framework,pre_dft_composition,L0,RULE_SAFE_DEFAULT
capacity_grav,mAh/g,P4,209,fw_frac_V,composition_known_framework,pre_dft_composition,L0,RULE_SAFE_DEFAULT
capacity_grav,mAh/g,P4,210,fw_frac_Zn,composition_known_framework,pre_dft_composition,L0,RULE_SAFE_DEFAULT
capacity_grav,mAh/g,P4,211,fw_frac_transition_metals,composition_known_framework,pre_dft_composition,L0,RULE_SAFE_DEFAULT
capacity_grav,mAh/g,P4,212,fw_group_max,composition_known_framework,pre_dft_composition,L0,RULE_SAFE_DEFAULT
capacity_grav,mAh/g,P4,213,fw_group_mean,composition_known_framework,pre_dft_composition,L0,RULE_SAFE_DEFAULT
capacity_grav,mAh/g,P4,214,fw_group_min,composition_known_framework,pre_dft_composition,L0,RULE_SAFE_DEFAULT
capacity_grav,mAh/g,P4,215,fw_group_range,composition_known_framework,pre_dft_composition,L0,RULE_SAFE_DEFAULT
capacity_grav,mAh/g,P4,216,fw_group_std,composition_known_framework,pre_dft_composition,L0,RULE_SAFE_DEFAULT
capacity_grav,mAh/g,P4,217,fw_has_Br,composition_known_framework,pre_dft_composition,L0,RULE_SAFE_DEFAULT
capacity_grav,mAh/g,P4,218,fw_has_C,composition_known_framework,pre_dft_composition,L0,RULE_SAFE_DEFAULT
capacity_grav,mAh/g,P4,219,fw_has_Cl,composition_known_framework,pre_dft_composition,L0,RULE_SAFE_DEFAULT
capacity_grav,mAh/g,P4,220,fw_has_F,composition_known_framework,pre_dft_composition,L0,RULE_SAFE_DEFAULT
capacity_grav,mAh/g,P4,221,fw_has_I,composition_known_framework,pre_dft_composition,L0,RULE_SAFE_DEFAULT
capacity_grav,mAh/g,P4,222,fw_has_N,composition_known_framework,pre_dft_composition,L0,RULE_SAFE_DEFAULT
capacity_grav,mAh/g,P4,223,fw_has_O,composition_known_framework,pre_dft_composition,L0,RULE_SAFE_DEFAULT
capacity_grav,mAh/g,P4,224,fw_has_P,composition_known_framework,pre_dft_composition,L0,RULE_SAFE_DEFAULT
capacity_grav,mAh/g,P4,225,fw_has_S,composition_known_framework,pre_dft_composition,L0,RULE_SAFE_DEFAULT
capacity_grav,mAh/g,P4,226,fw_has_Si,composition_known_framework,pre_dft_composition,L0,RULE_SAFE_DEFAULT
capacity_grav,mAh/g,P4,227,fw_n_atoms,composition_known_framework,pre_dft_composition,L0,RULE_SAFE_DEFAULT
capacity_grav,mAh/g,P4,228,fw_n_elements,composition_known_framework,pre_dft_composition,L0,RULE_SAFE_DEFAULT
capacity_grav,mAh/g,P4,229,fw_n_transition_metals,composition_known_framework,pre_dft_composition,L0,RULE_SAFE_DEFAULT
capacity_grav,mAh/g,P4,230,fw_parse_ok,composition_known_framework,pre_dft_composition,L0,RULE_SAFE_DEFAULT
capacity_grav,mAh/g,P4,231,fw_row_max,composition_known_framework,pre_dft_composition,L0,RULE_SAFE_DEFAULT
capacity_grav,mAh/g,P4,232,fw_row_mean,composition_known_framework,pre_dft_composition,L0,RULE_SAFE_DEFAULT
capacity_grav,mAh/g,P4,233,fw_row_min,composition_known_framework,pre_dft_composition,L0,RULE_SAFE_DEFAULT
capacity_grav,mAh/g,P4,234,fw_row_range,composition_known_framework,pre_dft_composition,L0,RULE_SAFE_DEFAULT
capacity_grav,mAh/g,P4,235,fw_row_std,composition_known_framework,pre_dft_composition,L0,RULE_SAFE_DEFAULT
capacity_grav,mAh/g,P4,236,max_delta_volume,stored_electrode_target,stored_electrode_record,L4,RULE_OTHER_STORED_TARGET
capacity_grav,mAh/g,P4,237,max_voltage_step,stored_electrode_process_descriptor,stored_electrode_record,L0,RULE_SAFE_DEFAULT
capacity_grav,mAh/g,P4,238,num_steps,stored_electrode_process_descriptor,stored_electrode_record,L0,RULE_SAFE_DEFAULT
capacity_grav,mAh/g,P4,239,stability_charge,stored_electrode_target,stored_electrode_record,L4,RULE_OTHER_STORED_TARGET
capacity_grav,mAh/g,P4,240,stability_discharge,stored_electrode_target,stored_electrode_record,L4,RULE_OTHER_STORED_TARGET
capacity_grav,mAh/g,P4,241,stability_worst,stored_electrode_target,stored_electrode_record,L4,RULE_OTHER_STORED_TARGET
capacity_grav,mAh/g,P4,242,stoich_abs_wi_amount_delta,stoichiometric_window,electrode_state_stoichiometry,L3,RULE_STOICHIOMETRIC_WINDOW
capacity_grav,mAh/g,P4,243,stoich_wi_amount_charge,stoichiometric_window,electrode_state_stoichiometry,L3,RULE_STOICHIOMETRIC_WINDOW
capacity_grav,mAh/g,P4,244,stoich_wi_amount_delta,stoichiometric_window,electrode_state_stoichiometry,L3,RULE_STOICHIOMETRIC_WINDOW
capacity_grav,mAh/g,P4,245,stoich_wi_amount_discharge,stoichiometric_window,electrode_state_stoichiometry,L3,RULE_STOICHIOMETRIC_WINDOW
capacity_grav,mAh/g,P4,246,stored_abs_fracA_delta,other_numeric,derived_miscellaneous,L0,RULE_SAFE_DEFAULT
capacity_grav,mAh/g,P4,247,stored_fracA_delta,stoichiometric_window,electrode_state_stoichiometry,L3,RULE_STOICHIOMETRIC_WINDOW
capacity_grav,mAh/g,P4,248,summary_abs_delta_band_gap,post_dft_electronic_summary,post_dft_electronic,L4,RULE_POST_DFT_ELECTRONIC
capacity_grav,mAh/g,P4,249,summary_abs_delta_density,relaxed_structure_summary,relaxed_structure,L0,RULE_SAFE_STRUCTURE
capacity_grav,mAh/g,P4,250,summary_abs_delta_density_atomic,relaxed_structure_summary,relaxed_structure,L0,RULE_SAFE_STRUCTURE
capacity_grav,mAh/g,P4,251,summary_abs_delta_energy_above_hull,post_dft_energy_stability_summary,post_dft_thermodynamics,L4,RULE_HULL_OTHER
capacity_grav,mAh/g,P4,252,summary_abs_delta_formation_energy_per_atom,post_dft_energy_stability_summary,post_dft_thermodynamics,L4,RULE_POST_DFT_ENERGY_DEFAULT
capacity_grav,mAh/g,P4,253,summary_abs_delta_volume_fraction,relaxed_structure_summary,relaxed_structure,L0,RULE_SAFE_STRUCTURE
capacity_grav,mAh/g,P4,254,summary_abs_delta_volume_per_site,relaxed_structure_summary,relaxed_structure,L0,RULE_SAFE_STRUCTURE
capacity_grav,mAh/g,P4,255,summary_delta_band_gap,post_dft_electronic_summary,post_dft_electronic,L4,RULE_POST_DFT_ELECTRONIC
capacity_grav,mAh/g,P4,256,summary_delta_density,relaxed_structure_summary,relaxed_structure,L0,RULE_SAFE_STRUCTURE
capacity_grav,mAh/g,P4,257,summary_delta_density_atomic,relaxed_structure_summary,relaxed_structure,L0,RULE_SAFE_STRUCTURE
capacity_grav,mAh/g,P4,258,summary_delta_energy_above_hull,post_dft_energy_stability_summary,post_dft_thermodynamics,L4,RULE_HULL_OTHER
capacity_grav,mAh/g,P4,259,summary_delta_formation_energy_per_atom,post_dft_energy_stability_summary,post_dft_thermodynamics,L4,RULE_POST_DFT_ENERGY_DEFAULT
capacity_grav,mAh/g,P4,260,summary_delta_volume_fraction,relaxed_structure_summary,relaxed_structure,L0,RULE_SAFE_STRUCTURE
capacity_grav,mAh/g,P4,261,summary_delta_volume_per_site,relaxed_structure_summary,relaxed_structure,L0,RULE_SAFE_STRUCTURE
capacity_grav,mAh/g,P4,262,summary_worst_energy_above_hull,post_dft_energy_stability_summary,post_dft_thermodynamics,L4,RULE_HULL_OTHER
capacity_grav,mAh/g,P4,263,wi_X,composition_known_working_ion,pre_dft_composition,L0,RULE_SAFE_DEFAULT
capacity_grav,mAh/g,P4,264,wi_Z,composition_known_working_ion,pre_dft_composition,L0,RULE_SAFE_DEFAULT
capacity_grav,mAh/g,P4,265,wi_atomic_mass,composition_known_working_ion,pre_dft_composition,L0,RULE_SAFE_DEFAULT
capacity_grav,mAh/g,P4,266,wi_group,composition_known_working_ion,pre_dft_composition,L0,RULE_SAFE_DEFAULT
capacity_grav,mAh/g,P4,267,wi_row,composition_known_working_ion,pre_dft_composition,L0,RULE_SAFE_DEFAULT
capacity_vol,mAh/cm3,P0,1,average_voltage,stored_electrode_target,stored_electrode_record,L4,RULE_OTHER_STORED_TARGET
capacity_vol,mAh/cm3,P0,2,capacity_grav,stored_electrode_target,stored_electrode_record,L2,RULE_CAPACITY_ENERGY_RELATION
capacity_vol,mAh/cm3,P0,3,charge_formula_X_max,stoichiometric_window,electrode_state_stoichiometry,L3,RULE_STOICHIOMETRIC_WINDOW
capacity_vol,mAh/cm3,P0,4,charge_formula_X_mean,stoichiometric_window,electrode_state_stoichiometry,L3,RULE_STOICHIOMETRIC_WINDOW
capacity_vol,mAh/cm3,P0,5,charge_formula_X_min,stoichiometric_window,electrode_state_stoichiometry,L3,RULE_STOICHIOMETRIC_WINDOW
capacity_vol,mAh/cm3,P0,6,charge_formula_X_range,stoichiometric_window,electrode_state_stoichiometry,L3,RULE_STOICHIOMETRIC_WINDOW
capacity_vol,mAh/cm3,P0,7,charge_formula_X_std,stoichiometric_window,electrode_state_stoichiometry,L3,RULE_STOICHIOMETRIC_WINDOW
capacity_vol,mAh/cm3,P0,8,charge_formula_Z_max,stoichiometric_window,electrode_state_stoichiometry,L3,RULE_STOICHIOMETRIC_WINDOW
capacity_vol,mAh/cm3,P0,9,charge_formula_Z_mean,stoichiometric_window,electrode_state_stoichiometry,L3,RULE_STOICHIOMETRIC_WINDOW
capacity_vol,mAh/cm3,P0,10,charge_formula_Z_min,stoichiometric_window,electrode_state_stoichiometry,L3,RULE_STOICHIOMETRIC_WINDOW
capacity_vol,mAh/cm3,P0,11,charge_formula_Z_range,stoichiometric_window,electrode_state_stoichiometry,L3,RULE_STOICHIOMETRIC_WINDOW
capacity_vol,mAh/cm3,P0,12,charge_formula_Z_std,stoichiometric_window,electrode_state_stoichiometry,L3,RULE_STOICHIOMETRIC_WINDOW
capacity_vol,mAh/cm3,P0,13,charge_formula_atomic_mass_max,stoichiometric_window,electrode_state_stoichiometry,L3,RULE_STOICHIOMETRIC_WINDOW
capacity_vol,mAh/cm3,P0,14,charge_formula_atomic_mass_mean,stoichiometric_window,electrode_state_stoichiometry,L3,RULE_STOICHIOMETRIC_WINDOW
capacity_vol,mAh/cm3,P0,15,charge_formula_atomic_mass_min,stoichiometric_window,electrode_state_stoichiometry,L3,RULE_STOICHIOMETRIC_WINDOW
capacity_vol,mAh/cm3,P0,16,charge_formula_atomic_mass_range,stoichiometric_window,electrode_state_stoichiometry,L3,RULE_STOICHIOMETRIC_WINDOW
capacity_vol,mAh/cm3,P0,17,charge_formula_atomic_mass_std,stoichiometric_window,electrode_state_stoichiometry,L3,RULE_STOICHIOMETRIC_WINDOW
capacity_vol,mAh/cm3,P0,18,charge_formula_frac_Ag,stoichiometric_window,electrode_state_stoichiometry,L3,RULE_STOICHIOMETRIC_WINDOW
capacity_vol,mAh/cm3,P0,19,charge_formula_frac_Al,stoichiometric_window,electrode_state_stoichiometry,L3,RULE_STOICHIOMETRIC_WINDOW
capacity_vol,mAh/cm3,P0,20,charge_formula_frac_As,stoichiometric_window,electrode_state_stoichiometry,L3,RULE_STOICHIOMETRIC_WINDOW
capacity_vol,mAh/cm3,P0,21,charge_formula_frac_B,stoichiometric_window,electrode_state_stoichiometry,L3,RULE_STOICHIOMETRIC_WINDOW
capacity_vol,mAh/cm3,P0,22,charge_formula_frac_Br,stoichiometric_window,electrode_state_stoichiometry,L3,RULE_STOICHIOMETRIC_WINDOW
capacity_vol,mAh/cm3,P0,23,charge_formula_frac_C,stoichiometric_window,electrode_state_stoichiometry,L3,RULE_STOICHIOMETRIC_WINDOW
capacity_vol,mAh/cm3,P0,24,charge_formula_frac_Ca,stoichiometric_window,electrode_state_stoichiometry,L3,RULE_STOICHIOMETRIC_WINDOW
capacity_vol,mAh/cm3,P0,25,charge_formula_frac_Cl,stoichiometric_window,electrode_state_stoichiometry,L3,RULE_STOICHIOMETRIC_WINDOW
capacity_vol,mAh/cm3,P0,26,charge_formula_frac_Co,stoichiometric_window,electrode_state_stoichiometry,L3,RULE_STOICHIOMETRIC_WINDOW
capacity_vol,mAh/cm3,P0,27,charge_formula_frac_Cr,stoichiometric_window,electrode_state_stoichiometry,L3,RULE_STOICHIOMETRIC_WINDOW
capacity_vol,mAh/cm3,P0,28,charge_formula_frac_Cu,stoichiometric_window,electrode_state_stoichiometry,L3,RULE_STOICHIOMETRIC_WINDOW
capacity_vol,mAh/cm3,P0,29,charge_formula_frac_F,stoichiometric_window,electrode_state_stoichiometry,L3,RULE_STOICHIOMETRIC_WINDOW
capacity_vol,mAh/cm3,P0,30,charge_formula_frac_Fe,stoichiometric_window,electrode_state_stoichiometry,L3,RULE_STOICHIOMETRIC_WINDOW
capacity_vol,mAh/cm3,P0,31,charge_formula_frac_I,stoichiometric_window,electrode_state_stoichiometry,L3,RULE_STOICHIOMETRIC_WINDOW
capacity_vol,mAh/cm3,P0,32,charge_formula_frac_K,stoichiometric_window,electrode_state_stoichiometry,L3,RULE_STOICHIOMETRIC_WINDOW
capacity_vol,mAh/cm3,P0,33,charge_formula_frac_Li,stoichiometric_window,electrode_state_stoichiometry,L3,RULE_STOICHIOMETRIC_WINDOW
capacity_vol,mAh/cm3,P0,34,charge_formula_frac_Mg,stoichiometric_window,electrode_state_stoichiometry,L3,RULE_STOICHIOMETRIC_WINDOW
capacity_vol,mAh/cm3,P0,35,charge_formula_frac_Mn,stoichiometric_window,electrode_state_stoichiometry,L3,RULE_STOICHIOMETRIC_WINDOW
capacity_vol,mAh/cm3,P0,36,charge_formula_frac_N,stoichiometric_window,electrode_state_stoichiometry,L3,RULE_STOICHIOMETRIC_WINDOW
capacity_vol,mAh/cm3,P0,37,charge_formula_frac_Na,stoichiometric_window,electrode_state_stoichiometry,L3,RULE_STOICHIOMETRIC_WINDOW
capacity_vol,mAh/cm3,P0,38,charge_formula_frac_Ni,stoichiometric_window,electrode_state_stoichiometry,L3,RULE_STOICHIOMETRIC_WINDOW
capacity_vol,mAh/cm3,P0,39,charge_formula_frac_O,stoichiometric_window,electrode_state_stoichiometry,L3,RULE_STOICHIOMETRIC_WINDOW
capacity_vol,mAh/cm3,P0,40,charge_formula_frac_P,stoichiometric_window,electrode_state_stoichiometry,L3,RULE_STOICHIOMETRIC_WINDOW
capacity_vol,mAh/cm3,P0,41,charge_formula_frac_S,stoichiometric_window,electrode_state_stoichiometry,L3,RULE_STOICHIOMETRIC_WINDOW
capacity_vol,mAh/cm3,P0,42,charge_formula_frac_Si,stoichiometric_window,electrode_state_stoichiometry,L3,RULE_STOICHIOMETRIC_WINDOW
capacity_vol,mAh/cm3,P0,43,charge_formula_frac_Ti,stoichiometric_window,electrode_state_stoichiometry,L3,RULE_STOICHIOMETRIC_WINDOW
capacity_vol,mAh/cm3,P0,44,charge_formula_frac_V,stoichiometric_window,electrode_state_stoichiometry,L3,RULE_STOICHIOMETRIC_WINDOW
capacity_vol,mAh/cm3,P0,45,charge_formula_frac_Zn,stoichiometric_window,electrode_state_stoichiometry,L3,RULE_STOICHIOMETRIC_WINDOW
capacity_vol,mAh/cm3,P0,46,charge_formula_frac_transition_metals,stoichiometric_window,electrode_state_stoichiometry,L3,RULE_STOICHIOMETRIC_WINDOW
capacity_vol,mAh/cm3,P0,47,charge_formula_group_max,stoichiometric_window,electrode_state_stoichiometry,L3,RULE_STOICHIOMETRIC_WINDOW
capacity_vol,mAh/cm3,P0,48,charge_formula_group_mean,stoichiometric_window,electrode_state_stoichiometry,L3,RULE_STOICHIOMETRIC_WINDOW
capacity_vol,mAh/cm3,P0,49,charge_formula_group_min,stoichiometric_window,electrode_state_stoichiometry,L3,RULE_STOICHIOMETRIC_WINDOW
capacity_vol,mAh/cm3,P0,50,charge_formula_group_range,stoichiometric_window,electrode_state_stoichiometry,L3,RULE_STOICHIOMETRIC_WINDOW
capacity_vol,mAh/cm3,P0,51,charge_formula_group_std,stoichiometric_window,electrode_state_stoichiometry,L3,RULE_STOICHIOMETRIC_WINDOW
capacity_vol,mAh/cm3,P0,52,charge_formula_has_Br,stoichiometric_window,electrode_state_stoichiometry,L3,RULE_STOICHIOMETRIC_WINDOW
capacity_vol,mAh/cm3,P0,53,charge_formula_has_C,stoichiometric_window,electrode_state_stoichiometry,L3,RULE_STOICHIOMETRIC_WINDOW
capacity_vol,mAh/cm3,P0,54,charge_formula_has_Cl,stoichiometric_window,electrode_state_stoichiometry,L3,RULE_STOICHIOMETRIC_WINDOW
capacity_vol,mAh/cm3,P0,55,charge_formula_has_F,stoichiometric_window,electrode_state_stoichiometry,L3,RULE_STOICHIOMETRIC_WINDOW
capacity_vol,mAh/cm3,P0,56,charge_formula_has_I,stoichiometric_window,electrode_state_stoichiometry,L3,RULE_STOICHIOMETRIC_WINDOW
capacity_vol,mAh/cm3,P0,57,charge_formula_has_N,stoichiometric_window,electrode_state_stoichiometry,L3,RULE_STOICHIOMETRIC_WINDOW
capacity_vol,mAh/cm3,P0,58,charge_formula_has_O,stoichiometric_window,electrode_state_stoichiometry,L3,RULE_STOICHIOMETRIC_WINDOW
capacity_vol,mAh/cm3,P0,59,charge_formula_has_P,stoichiometric_window,electrode_state_stoichiometry,L3,RULE_STOICHIOMETRIC_WINDOW
capacity_vol,mAh/cm3,P0,60,charge_formula_has_S,stoichiometric_window,electrode_state_stoichiometry,L3,RULE_STOICHIOMETRIC_WINDOW
capacity_vol,mAh/cm3,P0,61,charge_formula_has_Si,stoichiometric_window,electrode_state_stoichiometry,L3,RULE_STOICHIOMETRIC_WINDOW
capacity_vol,mAh/cm3,P0,62,charge_formula_n_atoms,stoichiometric_window,electrode_state_stoichiometry,L3,RULE_STOICHIOMETRIC_WINDOW
capacity_vol,mAh/cm3,P0,63,charge_formula_n_elements,stoichiometric_window,electrode_state_stoichiometry,L3,RULE_STOICHIOMETRIC_WINDOW
capacity_vol,mAh/cm3,P0,64,charge_formula_n_transition_metals,stoichiometric_window,electrode_state_stoichiometry,L3,RULE_STOICHIOMETRIC_WINDOW
capacity_vol,mAh/cm3,P0,65,charge_formula_parse_ok,stoichiometric_window,electrode_state_stoichiometry,L3,RULE_STOICHIOMETRIC_WINDOW
capacity_vol,mAh/cm3,P0,66,charge_formula_row_max,stoichiometric_window,electrode_state_stoichiometry,L3,RULE_STOICHIOMETRIC_WINDOW
capacity_vol,mAh/cm3,P0,67,charge_formula_row_mean,stoichiometric_window,electrode_state_stoichiometry,L3,RULE_STOICHIOMETRIC_WINDOW
capacity_vol,mAh/cm3,P0,68,charge_formula_row_min,stoichiometric_window,electrode_state_stoichiometry,L3,RULE_STOICHIOMETRIC_WINDOW
capacity_vol,mAh/cm3,P0,69,charge_formula_row_range,stoichiometric_window,electrode_state_stoichiometry,L3,RULE_STOICHIOMETRIC_WINDOW
capacity_vol,mAh/cm3,P0,70,charge_formula_row_std,stoichiometric_window,electrode_state_stoichiometry,L3,RULE_STOICHIOMETRIC_WINDOW
capacity_vol,mAh/cm3,P0,71,charge_summary_band_gap,post_dft_electronic_summary,post_dft_electronic,L4,RULE_POST_DFT_ELECTRONIC
capacity_vol,mAh/cm3,P0,72,charge_summary_density,relaxed_structure_summary,relaxed_structure,L0,RULE_SAFE_STRUCTURE
capacity_vol,mAh/cm3,P0,73,charge_summary_density_atomic,relaxed_structure_summary,relaxed_structure,L0,RULE_SAFE_STRUCTURE
capacity_vol,mAh/cm3,P0,74,charge_summary_energy_above_hull,post_dft_energy_stability_summary,post_dft_thermodynamics,L4,RULE_HULL_OTHER
capacity_vol,mAh/cm3,P0,75,charge_summary_formation_energy_per_atom,post_dft_energy_stability_summary,post_dft_thermodynamics,L4,RULE_POST_DFT_ENERGY_DEFAULT
capacity_vol,mAh/cm3,P0,76,charge_summary_is_metal,post_dft_electronic_summary,post_dft_electronic,L4,RULE_POST_DFT_ELECTRONIC
capacity_vol,mAh/cm3,P0,77,charge_summary_is_stable,post_dft_energy_stability_summary,post_dft_thermodynamics,L4,RULE_HULL_OTHER
capacity_vol,mAh/cm3,P0,78,charge_summary_nsites,relaxed_structure_summary,relaxed_structure,L0,RULE_SAFE_STRUCTURE
capacity_vol,mAh/cm3,P0,79,charge_summary_symmetry_number,relaxed_structure_summary,relaxed_structure,L0,RULE_SAFE_STRUCTURE
capacity_vol,mAh/cm3,P0,80,charge_summary_theoretical,post_dft_provenance_flag,post_dft_provenance,L4,RULE_POST_DFT_PROVENANCE
capacity_vol,mAh/cm3,P0,81,charge_summary_volume,relaxed_structure_summary,relaxed_structure,L0,RULE_SAFE_STRUCTURE
capacity_vol,mAh/cm3,P0,82,charge_summary_volume_per_site,relaxed_structure_summary,relaxed_structure,L0,RULE_SAFE_STRUCTURE
capacity_vol,mAh/cm3,P0,83,discharge_formula_X_max,stoichiometric_window,electrode_state_stoichiometry,L3,RULE_STOICHIOMETRIC_WINDOW
capacity_vol,mAh/cm3,P0,84,discharge_formula_X_mean,stoichiometric_window,electrode_state_stoichiometry,L3,RULE_STOICHIOMETRIC_WINDOW
capacity_vol,mAh/cm3,P0,85,discharge_formula_X_min,stoichiometric_window,electrode_state_stoichiometry,L3,RULE_STOICHIOMETRIC_WINDOW
capacity_vol,mAh/cm3,P0,86,discharge_formula_X_range,stoichiometric_window,electrode_state_stoichiometry,L3,RULE_STOICHIOMETRIC_WINDOW
capacity_vol,mAh/cm3,P0,87,discharge_formula_X_std,stoichiometric_window,electrode_state_stoichiometry,L3,RULE_STOICHIOMETRIC_WINDOW
capacity_vol,mAh/cm3,P0,88,discharge_formula_Z_max,stoichiometric_window,electrode_state_stoichiometry,L3,RULE_STOICHIOMETRIC_WINDOW
capacity_vol,mAh/cm3,P0,89,discharge_formula_Z_mean,stoichiometric_window,electrode_state_stoichiometry,L3,RULE_STOICHIOMETRIC_WINDOW
capacity_vol,mAh/cm3,P0,90,discharge_formula_Z_min,stoichiometric_window,electrode_state_stoichiometry,L3,RULE_STOICHIOMETRIC_WINDOW
capacity_vol,mAh/cm3,P0,91,discharge_formula_Z_range,stoichiometric_window,electrode_state_stoichiometry,L3,RULE_STOICHIOMETRIC_WINDOW
capacity_vol,mAh/cm3,P0,92,discharge_formula_Z_std,stoichiometric_window,electrode_state_stoichiometry,L3,RULE_STOICHIOMETRIC_WINDOW
capacity_vol,mAh/cm3,P0,93,discharge_formula_atomic_mass_max,stoichiometric_window,electrode_state_stoichiometry,L3,RULE_STOICHIOMETRIC_WINDOW
capacity_vol,mAh/cm3,P0,94,discharge_formula_atomic_mass_mean,stoichiometric_window,electrode_state_stoichiometry,L3,RULE_STOICHIOMETRIC_WINDOW
capacity_vol,mAh/cm3,P0,95,discharge_formula_atomic_mass_min,stoichiometric_window,electrode_state_stoichiometry,L3,RULE_STOICHIOMETRIC_WINDOW
capacity_vol,mAh/cm3,P0,96,discharge_formula_atomic_mass_range,stoichiometric_window,electrode_state_stoichiometry,L3,RULE_STOICHIOMETRIC_WINDOW
capacity_vol,mAh/cm3,P0,97,discharge_formula_atomic_mass_std,stoichiometric_window,electrode_state_stoichiometry,L3,RULE_STOICHIOMETRIC_WINDOW
capacity_vol,mAh/cm3,P0,98,discharge_formula_frac_Ag,stoichiometric_window,electrode_state_stoichiometry,L3,RULE_STOICHIOMETRIC_WINDOW
capacity_vol,mAh/cm3,P0,99,discharge_formula_frac_Al,stoichiometric_window,electrode_state_stoichiometry,L3,RULE_STOICHIOMETRIC_WINDOW
capacity_vol,mAh/cm3,P0,100,discharge_formula_frac_As,stoichiometric_window,electrode_state_stoichiometry,L3,RULE_STOICHIOMETRIC_WINDOW
capacity_vol,mAh/cm3,P0,101,discharge_formula_frac_B,stoichiometric_window,electrode_state_stoichiometry,L3,RULE_STOICHIOMETRIC_WINDOW
capacity_vol,mAh/cm3,P0,102,discharge_formula_frac_Br,stoichiometric_window,electrode_state_stoichiometry,L3,RULE_STOICHIOMETRIC_WINDOW
capacity_vol,mAh/cm3,P0,103,discharge_formula_frac_C,stoichiometric_window,electrode_state_stoichiometry,L3,RULE_STOICHIOMETRIC_WINDOW
capacity_vol,mAh/cm3,P0,104,discharge_formula_frac_Ca,stoichiometric_window,electrode_state_stoichiometry,L3,RULE_STOICHIOMETRIC_WINDOW
capacity_vol,mAh/cm3,P0,105,discharge_formula_frac_Cl,stoichiometric_window,electrode_state_stoichiometry,L3,RULE_STOICHIOMETRIC_WINDOW
capacity_vol,mAh/cm3,P0,106,discharge_formula_frac_Co,stoichiometric_window,electrode_state_stoichiometry,L3,RULE_STOICHIOMETRIC_WINDOW
capacity_vol,mAh/cm3,P0,107,discharge_formula_frac_Cr,stoichiometric_window,electrode_state_stoichiometry,L3,RULE_STOICHIOMETRIC_WINDOW
capacity_vol,mAh/cm3,P0,108,discharge_formula_frac_Cu,stoichiometric_window,electrode_state_stoichiometry,L3,RULE_STOICHIOMETRIC_WINDOW
capacity_vol,mAh/cm3,P0,109,discharge_formula_frac_F,stoichiometric_window,electrode_state_stoichiometry,L3,RULE_STOICHIOMETRIC_WINDOW
capacity_vol,mAh/cm3,P0,110,discharge_formula_frac_Fe,stoichiometric_window,electrode_state_stoichiometry,L3,RULE_STOICHIOMETRIC_WINDOW
capacity_vol,mAh/cm3,P0,111,discharge_formula_frac_I,stoichiometric_window,electrode_state_stoichiometry,L3,RULE_STOICHIOMETRIC_WINDOW
capacity_vol,mAh/cm3,P0,112,discharge_formula_frac_K,stoichiometric_window,electrode_state_stoichiometry,L3,RULE_STOICHIOMETRIC_WINDOW
capacity_vol,mAh/cm3,P0,113,discharge_formula_frac_Li,stoichiometric_window,electrode_state_stoichiometry,L3,RULE_STOICHIOMETRIC_WINDOW
capacity_vol,mAh/cm3,P0,114,discharge_formula_frac_Mg,stoichiometric_window,electrode_state_stoichiometry,L3,RULE_STOICHIOMETRIC_WINDOW
capacity_vol,mAh/cm3,P0,115,discharge_formula_frac_Mn,stoichiometric_window,electrode_state_stoichiometry,L3,RULE_STOICHIOMETRIC_WINDOW
capacity_vol,mAh/cm3,P0,116,discharge_formula_frac_N,stoichiometric_window,electrode_state_stoichiometry,L3,RULE_STOICHIOMETRIC_WINDOW
capacity_vol,mAh/cm3,P0,117,discharge_formula_frac_Na,stoichiometric_window,electrode_state_stoichiometry,L3,RULE_STOICHIOMETRIC_WINDOW
capacity_vol,mAh/cm3,P0,118,discharge_formula_frac_Ni,stoichiometric_window,electrode_state_stoichiometry,L3,RULE_STOICHIOMETRIC_WINDOW
capacity_vol,mAh/cm3,P0,119,discharge_formula_frac_O,stoichiometric_window,electrode_state_stoichiometry,L3,RULE_STOICHIOMETRIC_WINDOW
capacity_vol,mAh/cm3,P0,120,discharge_formula_frac_P,stoichiometric_window,electrode_state_stoichiometry,L3,RULE_STOICHIOMETRIC_WINDOW
capacity_vol,mAh/cm3,P0,121,discharge_formula_frac_S,stoichiometric_window,electrode_state_stoichiometry,L3,RULE_STOICHIOMETRIC_WINDOW
capacity_vol,mAh/cm3,P0,122,discharge_formula_frac_Si,stoichiometric_window,electrode_state_stoichiometry,L3,RULE_STOICHIOMETRIC_WINDOW
capacity_vol,mAh/cm3,P0,123,discharge_formula_frac_Ti,stoichiometric_window,electrode_state_stoichiometry,L3,RULE_STOICHIOMETRIC_WINDOW
capacity_vol,mAh/cm3,P0,124,discharge_formula_frac_V,stoichiometric_window,electrode_state_stoichiometry,L3,RULE_STOICHIOMETRIC_WINDOW
capacity_vol,mAh/cm3,P0,125,discharge_formula_frac_Zn,stoichiometric_window,electrode_state_stoichiometry,L3,RULE_STOICHIOMETRIC_WINDOW
capacity_vol,mAh/cm3,P0,126,discharge_formula_frac_transition_metals,stoichiometric_window,electrode_state_stoichiometry,L3,RULE_STOICHIOMETRIC_WINDOW
capacity_vol,mAh/cm3,P0,127,discharge_formula_group_max,stoichiometric_window,electrode_state_stoichiometry,L3,RULE_STOICHIOMETRIC_WINDOW
capacity_vol,mAh/cm3,P0,128,discharge_formula_group_mean,stoichiometric_window,electrode_state_stoichiometry,L3,RULE_STOICHIOMETRIC_WINDOW
capacity_vol,mAh/cm3,P0,129,discharge_formula_group_min,stoichiometric_window,electrode_state_stoichiometry,L3,RULE_STOICHIOMETRIC_WINDOW
capacity_vol,mAh/cm3,P0,130,discharge_formula_group_range,stoichiometric_window,electrode_state_stoichiometry,L3,RULE_STOICHIOMETRIC_WINDOW
capacity_vol,mAh/cm3,P0,131,discharge_formula_group_std,stoichiometric_window,electrode_state_stoichiometry,L3,RULE_STOICHIOMETRIC_WINDOW
capacity_vol,mAh/cm3,P0,132,discharge_formula_has_Br,stoichiometric_window,electrode_state_stoichiometry,L3,RULE_STOICHIOMETRIC_WINDOW
capacity_vol,mAh/cm3,P0,133,discharge_formula_has_C,stoichiometric_window,electrode_state_stoichiometry,L3,RULE_STOICHIOMETRIC_WINDOW
capacity_vol,mAh/cm3,P0,134,discharge_formula_has_Cl,stoichiometric_window,electrode_state_stoichiometry,L3,RULE_STOICHIOMETRIC_WINDOW
capacity_vol,mAh/cm3,P0,135,discharge_formula_has_F,stoichiometric_window,electrode_state_stoichiometry,L3,RULE_STOICHIOMETRIC_WINDOW
capacity_vol,mAh/cm3,P0,136,discharge_formula_has_I,stoichiometric_window,electrode_state_stoichiometry,L3,RULE_STOICHIOMETRIC_WINDOW
capacity_vol,mAh/cm3,P0,137,discharge_formula_has_N,stoichiometric_window,electrode_state_stoichiometry,L3,RULE_STOICHIOMETRIC_WINDOW
capacity_vol,mAh/cm3,P0,138,discharge_formula_has_O,stoichiometric_window,electrode_state_stoichiometry,L3,RULE_STOICHIOMETRIC_WINDOW
capacity_vol,mAh/cm3,P0,139,discharge_formula_has_P,stoichiometric_window,electrode_state_stoichiometry,L3,RULE_STOICHIOMETRIC_WINDOW
capacity_vol,mAh/cm3,P0,140,discharge_formula_has_S,stoichiometric_window,electrode_state_stoichiometry,L3,RULE_STOICHIOMETRIC_WINDOW
capacity_vol,mAh/cm3,P0,141,discharge_formula_has_Si,stoichiometric_window,electrode_state_stoichiometry,L3,RULE_STOICHIOMETRIC_WINDOW
capacity_vol,mAh/cm3,P0,142,discharge_formula_n_atoms,stoichiometric_window,electrode_state_stoichiometry,L3,RULE_STOICHIOMETRIC_WINDOW
capacity_vol,mAh/cm3,P0,143,discharge_formula_n_elements,stoichiometric_window,electrode_state_stoichiometry,L3,RULE_STOICHIOMETRIC_WINDOW
capacity_vol,mAh/cm3,P0,144,discharge_formula_n_transition_metals,stoichiometric_window,electrode_state_stoichiometry,L3,RULE_STOICHIOMETRIC_WINDOW
capacity_vol,mAh/cm3,P0,145,discharge_formula_parse_ok,stoichiometric_window,electrode_state_stoichiometry,L3,RULE_STOICHIOMETRIC_WINDOW
capacity_vol,mAh/cm3,P0,146,discharge_formula_row_max,stoichiometric_window,electrode_state_stoichiometry,L3,RULE_STOICHIOMETRIC_WINDOW
capacity_vol,mAh/cm3,P0,147,discharge_formula_row_mean,stoichiometric_window,electrode_state_stoichiometry,L3,RULE_STOICHIOMETRIC_WINDOW
capacity_vol,mAh/cm3,P0,148,discharge_formula_row_min,stoichiometric_window,electrode_state_stoichiometry,L3,RULE_STOICHIOMETRIC_WINDOW
capacity_vol,mAh/cm3,P0,149,discharge_formula_row_range,stoichiometric_window,electrode_state_stoichiometry,L3,RULE_STOICHIOMETRIC_WINDOW
capacity_vol,mAh/cm3,P0,150,discharge_formula_row_std,stoichiometric_window,electrode_state_stoichiometry,L3,RULE_STOICHIOMETRIC_WINDOW
capacity_vol,mAh/cm3,P0,151,discharge_summary_band_gap,post_dft_electronic_summary,post_dft_electronic,L4,RULE_POST_DFT_ELECTRONIC
capacity_vol,mAh/cm3,P0,152,discharge_summary_density,relaxed_structure_summary,relaxed_structure,L0,RULE_SAFE_STRUCTURE
capacity_vol,mAh/cm3,P0,153,discharge_summary_density_atomic,relaxed_structure_summary,relaxed_structure,L0,RULE_SAFE_STRUCTURE
capacity_vol,mAh/cm3,P0,154,discharge_summary_energy_above_hull,post_dft_energy_stability_summary,post_dft_thermodynamics,L4,RULE_HULL_OTHER
capacity_vol,mAh/cm3,P0,155,discharge_summary_formation_energy_per_atom,post_dft_energy_stability_summary,post_dft_thermodynamics,L4,RULE_POST_DFT_ENERGY_DEFAULT
capacity_vol,mAh/cm3,P0,156,discharge_summary_is_metal,post_dft_electronic_summary,post_dft_electronic,L4,RULE_POST_DFT_ELECTRONIC
capacity_vol,mAh/cm3,P0,157,discharge_summary_is_stable,post_dft_energy_stability_summary,post_dft_thermodynamics,L4,RULE_HULL_OTHER
capacity_vol,mAh/cm3,P0,158,discharge_summary_nsites,relaxed_structure_summary,relaxed_structure,L0,RULE_SAFE_STRUCTURE
capacity_vol,mAh/cm3,P0,159,discharge_summary_symmetry_number,relaxed_structure_summary,relaxed_structure,L0,RULE_SAFE_STRUCTURE
capacity_vol,mAh/cm3,P0,160,discharge_summary_theoretical,post_dft_provenance_flag,post_dft_provenance,L4,RULE_POST_DFT_PROVENANCE
capacity_vol,mAh/cm3,P0,161,discharge_summary_volume,relaxed_structure_summary,relaxed_structure,L0,RULE_SAFE_STRUCTURE
capacity_vol,mAh/cm3,P0,162,discharge_summary_volume_per_site,relaxed_structure_summary,relaxed_structure,L0,RULE_SAFE_STRUCTURE
capacity_vol,mAh/cm3,P0,163,energy_grav,stored_electrode_target,stored_electrode_record,L2,RULE_CAPACITY_ENERGY_RELATION
capacity_vol,mAh/cm3,P0,164,energy_vol,stored_electrode_target,stored_electrode_record,L2,RULE_CAPACITY_ENERGY_RELATION
capacity_vol,mAh/cm3,P0,165,fracA_charge,stoichiometric_window,electrode_state_stoichiometry,L3,RULE_STOICHIOMETRIC_WINDOW
capacity_vol,mAh/cm3,P0,166,fracA_discharge,stoichiometric_window,electrode_state_stoichiometry,L3,RULE_STOICHIOMETRIC_WINDOW
capacity_vol,mAh/cm3,P0,167,fw_X_max,composition_known_framework,pre_dft_composition,L0,RULE_SAFE_DEFAULT
capacity_vol,mAh/cm3,P0,168,fw_X_mean,composition_known_framework,pre_dft_composition,L0,RULE_SAFE_DEFAULT
capacity_vol,mAh/cm3,P0,169,fw_X_min,composition_known_framework,pre_dft_composition,L0,RULE_SAFE_DEFAULT
capacity_vol,mAh/cm3,P0,170,fw_X_range,composition_known_framework,pre_dft_composition,L0,RULE_SAFE_DEFAULT
capacity_vol,mAh/cm3,P0,171,fw_X_std,composition_known_framework,pre_dft_composition,L0,RULE_SAFE_DEFAULT
capacity_vol,mAh/cm3,P0,172,fw_Z_max,composition_known_framework,pre_dft_composition,L0,RULE_SAFE_DEFAULT
capacity_vol,mAh/cm3,P0,173,fw_Z_mean,composition_known_framework,pre_dft_composition,L0,RULE_SAFE_DEFAULT
capacity_vol,mAh/cm3,P0,174,fw_Z_min,composition_known_framework,pre_dft_composition,L0,RULE_SAFE_DEFAULT
capacity_vol,mAh/cm3,P0,175,fw_Z_range,composition_known_framework,pre_dft_composition,L0,RULE_SAFE_DEFAULT
capacity_vol,mAh/cm3,P0,176,fw_Z_std,composition_known_framework,pre_dft_composition,L0,RULE_SAFE_DEFAULT
capacity_vol,mAh/cm3,P0,177,fw_atomic_mass_max,composition_known_framework,pre_dft_composition,L0,RULE_SAFE_DEFAULT
capacity_vol,mAh/cm3,P0,178,fw_atomic_mass_mean,composition_known_framework,pre_dft_composition,L0,RULE_SAFE_DEFAULT
capacity_vol,mAh/cm3,P0,179,fw_atomic_mass_min,composition_known_framework,pre_dft_composition,L0,RULE_SAFE_DEFAULT
capacity_vol,mAh/cm3,P0,180,fw_atomic_mass_range,composition_known_framework,pre_dft_composition,L0,RULE_SAFE_DEFAULT
capacity_vol,mAh/cm3,P0,181,fw_atomic_mass_std,composition_known_framework,pre_dft_composition,L0,RULE_SAFE_DEFAULT
capacity_vol,mAh/cm3,P0,182,fw_frac_Ag,composition_known_framework,pre_dft_composition,L0,RULE_SAFE_DEFAULT
capacity_vol,mAh/cm3,P0,183,fw_frac_Al,composition_known_framework,pre_dft_composition,L0,RULE_SAFE_DEFAULT
capacity_vol,mAh/cm3,P0,184,fw_frac_As,composition_known_framework,pre_dft_composition,L0,RULE_SAFE_DEFAULT
capacity_vol,mAh/cm3,P0,185,fw_frac_B,composition_known_framework,pre_dft_composition,L0,RULE_SAFE_DEFAULT
capacity_vol,mAh/cm3,P0,186,fw_frac_Br,composition_known_framework,pre_dft_composition,L0,RULE_SAFE_DEFAULT
capacity_vol,mAh/cm3,P0,187,fw_frac_C,composition_known_framework,pre_dft_composition,L0,RULE_SAFE_DEFAULT
capacity_vol,mAh/cm3,P0,188,fw_frac_Ca,composition_known_framework,pre_dft_composition,L0,RULE_SAFE_DEFAULT
capacity_vol,mAh/cm3,P0,189,fw_frac_Cl,composition_known_framework,pre_dft_composition,L0,RULE_SAFE_DEFAULT
capacity_vol,mAh/cm3,P0,190,fw_frac_Co,composition_known_framework,pre_dft_composition,L0,RULE_SAFE_DEFAULT
capacity_vol,mAh/cm3,P0,191,fw_frac_Cr,composition_known_framework,pre_dft_composition,L0,RULE_SAFE_DEFAULT
capacity_vol,mAh/cm3,P0,192,fw_frac_Cu,composition_known_framework,pre_dft_composition,L0,RULE_SAFE_DEFAULT
capacity_vol,mAh/cm3,P0,193,fw_frac_F,composition_known_framework,pre_dft_composition,L0,RULE_SAFE_DEFAULT
capacity_vol,mAh/cm3,P0,194,fw_frac_Fe,composition_known_framework,pre_dft_composition,L0,RULE_SAFE_DEFAULT
capacity_vol,mAh/cm3,P0,195,fw_frac_I,composition_known_framework,pre_dft_composition,L0,RULE_SAFE_DEFAULT
capacity_vol,mAh/cm3,P0,196,fw_frac_K,composition_known_framework,pre_dft_composition,L0,RULE_SAFE_DEFAULT
capacity_vol,mAh/cm3,P0,197,fw_frac_Li,composition_known_framework,pre_dft_composition,L0,RULE_SAFE_DEFAULT
capacity_vol,mAh/cm3,P0,198,fw_frac_Mg,composition_known_framework,pre_dft_composition,L0,RULE_SAFE_DEFAULT
capacity_vol,mAh/cm3,P0,199,fw_frac_Mn,composition_known_framework,pre_dft_composition,L0,RULE_SAFE_DEFAULT
capacity_vol,mAh/cm3,P0,200,fw_frac_N,composition_known_framework,pre_dft_composition,L0,RULE_SAFE_DEFAULT
capacity_vol,mAh/cm3,P0,201,fw_frac_Na,composition_known_framework,pre_dft_composition,L0,RULE_SAFE_DEFAULT
capacity_vol,mAh/cm3,P0,202,fw_frac_Ni,composition_known_framework,pre_dft_composition,L0,RULE_SAFE_DEFAULT
capacity_vol,mAh/cm3,P0,203,fw_frac_O,composition_known_framework,pre_dft_composition,L0,RULE_SAFE_DEFAULT
capacity_vol,mAh/cm3,P0,204,fw_frac_P,composition_known_framework,pre_dft_composition,L0,RULE_SAFE_DEFAULT
capacity_vol,mAh/cm3,P0,205,fw_frac_S,composition_known_framework,pre_dft_composition,L0,RULE_SAFE_DEFAULT
capacity_vol,mAh/cm3,P0,206,fw_frac_Si,composition_known_framework,pre_dft_composition,L0,RULE_SAFE_DEFAULT
capacity_vol,mAh/cm3,P0,207,fw_frac_Ti,composition_known_framework,pre_dft_composition,L0,RULE_SAFE_DEFAULT
capacity_vol,mAh/cm3,P0,208,fw_frac_V,composition_known_framework,pre_dft_composition,L0,RULE_SAFE_DEFAULT
capacity_vol,mAh/cm3,P0,209,fw_frac_Zn,composition_known_framework,pre_dft_composition,L0,RULE_SAFE_DEFAULT
capacity_vol,mAh/cm3,P0,210,fw_frac_transition_metals,composition_known_framework,pre_dft_composition,L0,RULE_SAFE_DEFAULT
capacity_vol,mAh/cm3,P0,211,fw_group_max,composition_known_framework,pre_dft_composition,L0,RULE_SAFE_DEFAULT
capacity_vol,mAh/cm3,P0,212,fw_group_mean,composition_known_framework,pre_dft_composition,L0,RULE_SAFE_DEFAULT
capacity_vol,mAh/cm3,P0,213,fw_group_min,composition_known_framework,pre_dft_composition,L0,RULE_SAFE_DEFAULT
capacity_vol,mAh/cm3,P0,214,fw_group_range,composition_known_framework,pre_dft_composition,L0,RULE_SAFE_DEFAULT
capacity_vol,mAh/cm3,P0,215,fw_group_std,composition_known_framework,pre_dft_composition,L0,RULE_SAFE_DEFAULT
capacity_vol,mAh/cm3,P0,216,fw_has_Br,composition_known_framework,pre_dft_composition,L0,RULE_SAFE_DEFAULT
capacity_vol,mAh/cm3,P0,217,fw_has_C,composition_known_framework,pre_dft_composition,L0,RULE_SAFE_DEFAULT
capacity_vol,mAh/cm3,P0,218,fw_has_Cl,composition_known_framework,pre_dft_composition,L0,RULE_SAFE_DEFAULT
capacity_vol,mAh/cm3,P0,219,fw_has_F,composition_known_framework,pre_dft_composition,L0,RULE_SAFE_DEFAULT
capacity_vol,mAh/cm3,P0,220,fw_has_I,composition_known_framework,pre_dft_composition,L0,RULE_SAFE_DEFAULT
capacity_vol,mAh/cm3,P0,221,fw_has_N,composition_known_framework,pre_dft_composition,L0,RULE_SAFE_DEFAULT
capacity_vol,mAh/cm3,P0,222,fw_has_O,composition_known_framework,pre_dft_composition,L0,RULE_SAFE_DEFAULT
capacity_vol,mAh/cm3,P0,223,fw_has_P,composition_known_framework,pre_dft_composition,L0,RULE_SAFE_DEFAULT
capacity_vol,mAh/cm3,P0,224,fw_has_S,composition_known_framework,pre_dft_composition,L0,RULE_SAFE_DEFAULT
capacity_vol,mAh/cm3,P0,225,fw_has_Si,composition_known_framework,pre_dft_composition,L0,RULE_SAFE_DEFAULT
capacity_vol,mAh/cm3,P0,226,fw_n_atoms,composition_known_framework,pre_dft_composition,L0,RULE_SAFE_DEFAULT
capacity_vol,mAh/cm3,P0,227,fw_n_elements,composition_known_framework,pre_dft_composition,L0,RULE_SAFE_DEFAULT
capacity_vol,mAh/cm3,P0,228,fw_n_transition_metals,composition_known_framework,pre_dft_composition,L0,RULE_SAFE_DEFAULT
capacity_vol,mAh/cm3,P0,229,fw_parse_ok,composition_known_framework,pre_dft_composition,L0,RULE_SAFE_DEFAULT
capacity_vol,mAh/cm3,P0,230,fw_row_max,composition_known_framework,pre_dft_composition,L0,RULE_SAFE_DEFAULT
capacity_vol,mAh/cm3,P0,231,fw_row_mean,composition_known_framework,pre_dft_composition,L0,RULE_SAFE_DEFAULT
capacity_vol,mAh/cm3,P0,232,fw_row_min,composition_known_framework,pre_dft_composition,L0,RULE_SAFE_DEFAULT
capacity_vol,mAh/cm3,P0,233,fw_row_range,composition_known_framework,pre_dft_composition,L0,RULE_SAFE_DEFAULT
capacity_vol,mAh/cm3,P0,234,fw_row_std,composition_known_framework,pre_dft_composition,L0,RULE_SAFE_DEFAULT
capacity_vol,mAh/cm3,P0,235,max_delta_volume,stored_electrode_target,stored_electrode_record,L4,RULE_OTHER_STORED_TARGET
capacity_vol,mAh/cm3,P0,236,max_voltage_step,stored_electrode_process_descriptor,stored_electrode_record,L0,RULE_SAFE_DEFAULT
capacity_vol,mAh/cm3,P0,237,num_steps,stored_electrode_process_descriptor,stored_electrode_record,L0,RULE_SAFE_DEFAULT
capacity_vol,mAh/cm3,P0,238,stability_charge,stored_electrode_target,stored_electrode_record,L4,RULE_OTHER_STORED_TARGET
capacity_vol,mAh/cm3,P0,239,stability_discharge,stored_electrode_target,stored_electrode_record,L4,RULE_OTHER_STORED_TARGET
capacity_vol,mAh/cm3,P0,240,stability_worst,stored_electrode_target,stored_electrode_record,L4,RULE_OTHER_STORED_TARGET
capacity_vol,mAh/cm3,P0,241,stoich_abs_wi_amount_delta,stoichiometric_window,electrode_state_stoichiometry,L3,RULE_STOICHIOMETRIC_WINDOW
capacity_vol,mAh/cm3,P0,242,stoich_wi_amount_charge,stoichiometric_window,electrode_state_stoichiometry,L3,RULE_STOICHIOMETRIC_WINDOW
capacity_vol,mAh/cm3,P0,243,stoich_wi_amount_delta,stoichiometric_window,electrode_state_stoichiometry,L3,RULE_STOICHIOMETRIC_WINDOW
capacity_vol,mAh/cm3,P0,244,stoich_wi_amount_discharge,stoichiometric_window,electrode_state_stoichiometry,L3,RULE_STOICHIOMETRIC_WINDOW
capacity_vol,mAh/cm3,P0,245,stored_abs_fracA_delta,other_numeric,derived_miscellaneous,L0,RULE_SAFE_DEFAULT
capacity_vol,mAh/cm3,P0,246,stored_fracA_delta,stoichiometric_window,electrode_state_stoichiometry,L3,RULE_STOICHIOMETRIC_WINDOW
capacity_vol,mAh/cm3,P0,247,summary_abs_delta_band_gap,post_dft_electronic_summary,post_dft_electronic,L4,RULE_POST_DFT_ELECTRONIC
capacity_vol,mAh/cm3,P0,248,summary_abs_delta_density,relaxed_structure_summary,relaxed_structure,L0,RULE_SAFE_STRUCTURE
capacity_vol,mAh/cm3,P0,249,summary_abs_delta_density_atomic,relaxed_structure_summary,relaxed_structure,L0,RULE_SAFE_STRUCTURE
capacity_vol,mAh/cm3,P0,250,summary_abs_delta_energy_above_hull,post_dft_energy_stability_summary,post_dft_thermodynamics,L4,RULE_HULL_OTHER
capacity_vol,mAh/cm3,P0,251,summary_abs_delta_formation_energy_per_atom,post_dft_energy_stability_summary,post_dft_thermodynamics,L4,RULE_POST_DFT_ENERGY_DEFAULT
capacity_vol,mAh/cm3,P0,252,summary_abs_delta_volume_fraction,relaxed_structure_summary,relaxed_structure,L0,RULE_SAFE_STRUCTURE
capacity_vol,mAh/cm3,P0,253,summary_abs_delta_volume_per_site,relaxed_structure_summary,relaxed_structure,L0,RULE_SAFE_STRUCTURE
capacity_vol,mAh/cm3,P0,254,summary_delta_band_gap,post_dft_electronic_summary,post_dft_electronic,L4,RULE_POST_DFT_ELECTRONIC
capacity_vol,mAh/cm3,P0,255,summary_delta_density,relaxed_structure_summary,relaxed_structure,L0,RULE_SAFE_STRUCTURE
capacity_vol,mAh/cm3,P0,256,summary_delta_density_atomic,relaxed_structure_summary,relaxed_structure,L0,RULE_SAFE_STRUCTURE
capacity_vol,mAh/cm3,P0,257,summary_delta_energy_above_hull,post_dft_energy_stability_summary,post_dft_thermodynamics,L4,RULE_HULL_OTHER
capacity_vol,mAh/cm3,P0,258,summary_delta_formation_energy_per_atom,post_dft_energy_stability_summary,post_dft_thermodynamics,L4,RULE_POST_DFT_ENERGY_DEFAULT
capacity_vol,mAh/cm3,P0,259,summary_delta_volume_fraction,relaxed_structure_summary,relaxed_structure,L0,RULE_SAFE_STRUCTURE
capacity_vol,mAh/cm3,P0,260,summary_delta_volume_per_site,relaxed_structure_summary,relaxed_structure,L0,RULE_SAFE_STRUCTURE
capacity_vol,mAh/cm3,P0,261,summary_worst_energy_above_hull,post_dft_energy_stability_summary,post_dft_thermodynamics,L4,RULE_HULL_OTHER
capacity_vol,mAh/cm3,P0,262,wi_X,composition_known_working_ion,pre_dft_composition,L0,RULE_SAFE_DEFAULT
capacity_vol,mAh/cm3,P0,263,wi_Z,composition_known_working_ion,pre_dft_composition,L0,RULE_SAFE_DEFAULT
capacity_vol,mAh/cm3,P0,264,wi_atomic_mass,composition_known_working_ion,pre_dft_composition,L0,RULE_SAFE_DEFAULT
capacity_vol,mAh/cm3,P0,265,wi_group,composition_known_working_ion,pre_dft_composition,L0,RULE_SAFE_DEFAULT
capacity_vol,mAh/cm3,P0,266,wi_row,composition_known_working_ion,pre_dft_composition,L0,RULE_SAFE_DEFAULT
capacity_vol,mAh/cm3,P1,1,fw_X_max,composition_known_framework,pre_dft_composition,L0,RULE_SAFE_DEFAULT
capacity_vol,mAh/cm3,P1,2,fw_X_mean,composition_known_framework,pre_dft_composition,L0,RULE_SAFE_DEFAULT
capacity_vol,mAh/cm3,P1,3,fw_X_min,composition_known_framework,pre_dft_composition,L0,RULE_SAFE_DEFAULT
capacity_vol,mAh/cm3,P1,4,fw_X_range,composition_known_framework,pre_dft_composition,L0,RULE_SAFE_DEFAULT
capacity_vol,mAh/cm3,P1,5,fw_X_std,composition_known_framework,pre_dft_composition,L0,RULE_SAFE_DEFAULT
capacity_vol,mAh/cm3,P1,6,fw_Z_max,composition_known_framework,pre_dft_composition,L0,RULE_SAFE_DEFAULT
capacity_vol,mAh/cm3,P1,7,fw_Z_mean,composition_known_framework,pre_dft_composition,L0,RULE_SAFE_DEFAULT
capacity_vol,mAh/cm3,P1,8,fw_Z_min,composition_known_framework,pre_dft_composition,L0,RULE_SAFE_DEFAULT
capacity_vol,mAh/cm3,P1,9,fw_Z_range,composition_known_framework,pre_dft_composition,L0,RULE_SAFE_DEFAULT
capacity_vol,mAh/cm3,P1,10,fw_Z_std,composition_known_framework,pre_dft_composition,L0,RULE_SAFE_DEFAULT
capacity_vol,mAh/cm3,P1,11,fw_atomic_mass_max,composition_known_framework,pre_dft_composition,L0,RULE_SAFE_DEFAULT
capacity_vol,mAh/cm3,P1,12,fw_atomic_mass_mean,composition_known_framework,pre_dft_composition,L0,RULE_SAFE_DEFAULT
capacity_vol,mAh/cm3,P1,13,fw_atomic_mass_min,composition_known_framework,pre_dft_composition,L0,RULE_SAFE_DEFAULT
capacity_vol,mAh/cm3,P1,14,fw_atomic_mass_range,composition_known_framework,pre_dft_composition,L0,RULE_SAFE_DEFAULT
capacity_vol,mAh/cm3,P1,15,fw_atomic_mass_std,composition_known_framework,pre_dft_composition,L0,RULE_SAFE_DEFAULT
capacity_vol,mAh/cm3,P1,16,fw_frac_Ag,composition_known_framework,pre_dft_composition,L0,RULE_SAFE_DEFAULT
capacity_vol,mAh/cm3,P1,17,fw_frac_Al,composition_known_framework,pre_dft_composition,L0,RULE_SAFE_DEFAULT
capacity_vol,mAh/cm3,P1,18,fw_frac_As,composition_known_framework,pre_dft_composition,L0,RULE_SAFE_DEFAULT
capacity_vol,mAh/cm3,P1,19,fw_frac_B,composition_known_framework,pre_dft_composition,L0,RULE_SAFE_DEFAULT
capacity_vol,mAh/cm3,P1,20,fw_frac_Br,composition_known_framework,pre_dft_composition,L0,RULE_SAFE_DEFAULT
capacity_vol,mAh/cm3,P1,21,fw_frac_C,composition_known_framework,pre_dft_composition,L0,RULE_SAFE_DEFAULT
capacity_vol,mAh/cm3,P1,22,fw_frac_Ca,composition_known_framework,pre_dft_composition,L0,RULE_SAFE_DEFAULT
capacity_vol,mAh/cm3,P1,23,fw_frac_Cl,composition_known_framework,pre_dft_composition,L0,RULE_SAFE_DEFAULT
capacity_vol,mAh/cm3,P1,24,fw_frac_Co,composition_known_framework,pre_dft_composition,L0,RULE_SAFE_DEFAULT
capacity_vol,mAh/cm3,P1,25,fw_frac_Cr,composition_known_framework,pre_dft_composition,L0,RULE_SAFE_DEFAULT
capacity_vol,mAh/cm3,P1,26,fw_frac_Cu,composition_known_framework,pre_dft_composition,L0,RULE_SAFE_DEFAULT
capacity_vol,mAh/cm3,P1,27,fw_frac_F,composition_known_framework,pre_dft_composition,L0,RULE_SAFE_DEFAULT
capacity_vol,mAh/cm3,P1,28,fw_frac_Fe,composition_known_framework,pre_dft_composition,L0,RULE_SAFE_DEFAULT
capacity_vol,mAh/cm3,P1,29,fw_frac_I,composition_known_framework,pre_dft_composition,L0,RULE_SAFE_DEFAULT
capacity_vol,mAh/cm3,P1,30,fw_frac_K,composition_known_framework,pre_dft_composition,L0,RULE_SAFE_DEFAULT
capacity_vol,mAh/cm3,P1,31,fw_frac_Li,composition_known_framework,pre_dft_composition,L0,RULE_SAFE_DEFAULT
capacity_vol,mAh/cm3,P1,32,fw_frac_Mg,composition_known_framework,pre_dft_composition,L0,RULE_SAFE_DEFAULT
capacity_vol,mAh/cm3,P1,33,fw_frac_Mn,composition_known_framework,pre_dft_composition,L0,RULE_SAFE_DEFAULT
capacity_vol,mAh/cm3,P1,34,fw_frac_N,composition_known_framework,pre_dft_composition,L0,RULE_SAFE_DEFAULT
capacity_vol,mAh/cm3,P1,35,fw_frac_Na,composition_known_framework,pre_dft_composition,L0,RULE_SAFE_DEFAULT
capacity_vol,mAh/cm3,P1,36,fw_frac_Ni,composition_known_framework,pre_dft_composition,L0,RULE_SAFE_DEFAULT
capacity_vol,mAh/cm3,P1,37,fw_frac_O,composition_known_framework,pre_dft_composition,L0,RULE_SAFE_DEFAULT
capacity_vol,mAh/cm3,P1,38,fw_frac_P,composition_known_framework,pre_dft_composition,L0,RULE_SAFE_DEFAULT
capacity_vol,mAh/cm3,P1,39,fw_frac_S,composition_known_framework,pre_dft_composition,L0,RULE_SAFE_DEFAULT
capacity_vol,mAh/cm3,P1,40,fw_frac_Si,composition_known_framework,pre_dft_composition,L0,RULE_SAFE_DEFAULT
capacity_vol,mAh/cm3,P1,41,fw_frac_Ti,composition_known_framework,pre_dft_composition,L0,RULE_SAFE_DEFAULT
capacity_vol,mAh/cm3,P1,42,fw_frac_V,composition_known_framework,pre_dft_composition,L0,RULE_SAFE_DEFAULT
capacity_vol,mAh/cm3,P1,43,fw_frac_Zn,composition_known_framework,pre_dft_composition,L0,RULE_SAFE_DEFAULT
capacity_vol,mAh/cm3,P1,44,fw_frac_transition_metals,composition_known_framework,pre_dft_composition,L0,RULE_SAFE_DEFAULT
capacity_vol,mAh/cm3,P1,45,fw_group_max,composition_known_framework,pre_dft_composition,L0,RULE_SAFE_DEFAULT
capacity_vol,mAh/cm3,P1,46,fw_group_mean,composition_known_framework,pre_dft_composition,L0,RULE_SAFE_DEFAULT
capacity_vol,mAh/cm3,P1,47,fw_group_min,composition_known_framework,pre_dft_composition,L0,RULE_SAFE_DEFAULT
capacity_vol,mAh/cm3,P1,48,fw_group_range,composition_known_framework,pre_dft_composition,L0,RULE_SAFE_DEFAULT
capacity_vol,mAh/cm3,P1,49,fw_group_std,composition_known_framework,pre_dft_composition,L0,RULE_SAFE_DEFAULT
capacity_vol,mAh/cm3,P1,50,fw_has_Br,composition_known_framework,pre_dft_composition,L0,RULE_SAFE_DEFAULT
capacity_vol,mAh/cm3,P1,51,fw_has_C,composition_known_framework,pre_dft_composition,L0,RULE_SAFE_DEFAULT
capacity_vol,mAh/cm3,P1,52,fw_has_Cl,composition_known_framework,pre_dft_composition,L0,RULE_SAFE_DEFAULT
capacity_vol,mAh/cm3,P1,53,fw_has_F,composition_known_framework,pre_dft_composition,L0,RULE_SAFE_DEFAULT
capacity_vol,mAh/cm3,P1,54,fw_has_I,composition_known_framework,pre_dft_composition,L0,RULE_SAFE_DEFAULT
capacity_vol,mAh/cm3,P1,55,fw_has_N,composition_known_framework,pre_dft_composition,L0,RULE_SAFE_DEFAULT
capacity_vol,mAh/cm3,P1,56,fw_has_O,composition_known_framework,pre_dft_composition,L0,RULE_SAFE_DEFAULT
capacity_vol,mAh/cm3,P1,57,fw_has_P,composition_known_framework,pre_dft_composition,L0,RULE_SAFE_DEFAULT
capacity_vol,mAh/cm3,P1,58,fw_has_S,composition_known_framework,pre_dft_composition,L0,RULE_SAFE_DEFAULT
capacity_vol,mAh/cm3,P1,59,fw_has_Si,composition_known_framework,pre_dft_composition,L0,RULE_SAFE_DEFAULT
capacity_vol,mAh/cm3,P1,60,fw_n_atoms,composition_known_framework,pre_dft_composition,L0,RULE_SAFE_DEFAULT
capacity_vol,mAh/cm3,P1,61,fw_n_elements,composition_known_framework,pre_dft_composition,L0,RULE_SAFE_DEFAULT
capacity_vol,mAh/cm3,P1,62,fw_n_transition_metals,composition_known_framework,pre_dft_composition,L0,RULE_SAFE_DEFAULT
capacity_vol,mAh/cm3,P1,63,fw_parse_ok,composition_known_framework,pre_dft_composition,L0,RULE_SAFE_DEFAULT
capacity_vol,mAh/cm3,P1,64,fw_row_max,composition_known_framework,pre_dft_composition,L0,RULE_SAFE_DEFAULT
capacity_vol,mAh/cm3,P1,65,fw_row_mean,composition_known_framework,pre_dft_composition,L0,RULE_SAFE_DEFAULT
capacity_vol,mAh/cm3,P1,66,fw_row_min,composition_known_framework,pre_dft_composition,L0,RULE_SAFE_DEFAULT
capacity_vol,mAh/cm3,P1,67,fw_row_range,composition_known_framework,pre_dft_composition,L0,RULE_SAFE_DEFAULT
capacity_vol,mAh/cm3,P1,68,fw_row_std,composition_known_framework,pre_dft_composition,L0,RULE_SAFE_DEFAULT
capacity_vol,mAh/cm3,P1,69,wi_X,composition_known_working_ion,pre_dft_composition,L0,RULE_SAFE_DEFAULT
capacity_vol,mAh/cm3,P1,70,wi_Z,composition_known_working_ion,pre_dft_composition,L0,RULE_SAFE_DEFAULT
capacity_vol,mAh/cm3,P1,71,wi_atomic_mass,composition_known_working_ion,pre_dft_composition,L0,RULE_SAFE_DEFAULT
capacity_vol,mAh/cm3,P1,72,wi_group,composition_known_working_ion,pre_dft_composition,L0,RULE_SAFE_DEFAULT
capacity_vol,mAh/cm3,P1,73,wi_row,composition_known_working_ion,pre_dft_composition,L0,RULE_SAFE_DEFAULT
capacity_vol,mAh/cm3,P2,1,charge_summary_density,relaxed_structure_summary,relaxed_structure,L0,RULE_SAFE_STRUCTURE
capacity_vol,mAh/cm3,P2,2,charge_summary_density_atomic,relaxed_structure_summary,relaxed_structure,L0,RULE_SAFE_STRUCTURE
capacity_vol,mAh/cm3,P2,3,charge_summary_nsites,relaxed_structure_summary,relaxed_structure,L0,RULE_SAFE_STRUCTURE
capacity_vol,mAh/cm3,P2,4,charge_summary_symmetry_number,relaxed_structure_summary,relaxed_structure,L0,RULE_SAFE_STRUCTURE
capacity_vol,mAh/cm3,P2,5,charge_summary_volume,relaxed_structure_summary,relaxed_structure,L0,RULE_SAFE_STRUCTURE
capacity_vol,mAh/cm3,P2,6,charge_summary_volume_per_site,relaxed_structure_summary,relaxed_structure,L0,RULE_SAFE_STRUCTURE
capacity_vol,mAh/cm3,P2,7,discharge_summary_density,relaxed_structure_summary,relaxed_structure,L0,RULE_SAFE_STRUCTURE
capacity_vol,mAh/cm3,P2,8,discharge_summary_density_atomic,relaxed_structure_summary,relaxed_structure,L0,RULE_SAFE_STRUCTURE
capacity_vol,mAh/cm3,P2,9,discharge_summary_nsites,relaxed_structure_summary,relaxed_structure,L0,RULE_SAFE_STRUCTURE
capacity_vol,mAh/cm3,P2,10,discharge_summary_symmetry_number,relaxed_structure_summary,relaxed_structure,L0,RULE_SAFE_STRUCTURE
capacity_vol,mAh/cm3,P2,11,discharge_summary_volume,relaxed_structure_summary,relaxed_structure,L0,RULE_SAFE_STRUCTURE
capacity_vol,mAh/cm3,P2,12,discharge_summary_volume_per_site,relaxed_structure_summary,relaxed_structure,L0,RULE_SAFE_STRUCTURE
capacity_vol,mAh/cm3,P2,13,fw_X_max,composition_known_framework,pre_dft_composition,L0,RULE_SAFE_DEFAULT
capacity_vol,mAh/cm3,P2,14,fw_X_mean,composition_known_framework,pre_dft_composition,L0,RULE_SAFE_DEFAULT
capacity_vol,mAh/cm3,P2,15,fw_X_min,composition_known_framework,pre_dft_composition,L0,RULE_SAFE_DEFAULT
capacity_vol,mAh/cm3,P2,16,fw_X_range,composition_known_framework,pre_dft_composition,L0,RULE_SAFE_DEFAULT
capacity_vol,mAh/cm3,P2,17,fw_X_std,composition_known_framework,pre_dft_composition,L0,RULE_SAFE_DEFAULT
capacity_vol,mAh/cm3,P2,18,fw_Z_max,composition_known_framework,pre_dft_composition,L0,RULE_SAFE_DEFAULT
capacity_vol,mAh/cm3,P2,19,fw_Z_mean,composition_known_framework,pre_dft_composition,L0,RULE_SAFE_DEFAULT
capacity_vol,mAh/cm3,P2,20,fw_Z_min,composition_known_framework,pre_dft_composition,L0,RULE_SAFE_DEFAULT
capacity_vol,mAh/cm3,P2,21,fw_Z_range,composition_known_framework,pre_dft_composition,L0,RULE_SAFE_DEFAULT
capacity_vol,mAh/cm3,P2,22,fw_Z_std,composition_known_framework,pre_dft_composition,L0,RULE_SAFE_DEFAULT
capacity_vol,mAh/cm3,P2,23,fw_atomic_mass_max,composition_known_framework,pre_dft_composition,L0,RULE_SAFE_DEFAULT
capacity_vol,mAh/cm3,P2,24,fw_atomic_mass_mean,composition_known_framework,pre_dft_composition,L0,RULE_SAFE_DEFAULT
capacity_vol,mAh/cm3,P2,25,fw_atomic_mass_min,composition_known_framework,pre_dft_composition,L0,RULE_SAFE_DEFAULT
capacity_vol,mAh/cm3,P2,26,fw_atomic_mass_range,composition_known_framework,pre_dft_composition,L0,RULE_SAFE_DEFAULT
capacity_vol,mAh/cm3,P2,27,fw_atomic_mass_std,composition_known_framework,pre_dft_composition,L0,RULE_SAFE_DEFAULT
capacity_vol,mAh/cm3,P2,28,fw_frac_Ag,composition_known_framework,pre_dft_composition,L0,RULE_SAFE_DEFAULT
capacity_vol,mAh/cm3,P2,29,fw_frac_Al,composition_known_framework,pre_dft_composition,L0,RULE_SAFE_DEFAULT
capacity_vol,mAh/cm3,P2,30,fw_frac_As,composition_known_framework,pre_dft_composition,L0,RULE_SAFE_DEFAULT
capacity_vol,mAh/cm3,P2,31,fw_frac_B,composition_known_framework,pre_dft_composition,L0,RULE_SAFE_DEFAULT
capacity_vol,mAh/cm3,P2,32,fw_frac_Br,composition_known_framework,pre_dft_composition,L0,RULE_SAFE_DEFAULT
capacity_vol,mAh/cm3,P2,33,fw_frac_C,composition_known_framework,pre_dft_composition,L0,RULE_SAFE_DEFAULT
capacity_vol,mAh/cm3,P2,34,fw_frac_Ca,composition_known_framework,pre_dft_composition,L0,RULE_SAFE_DEFAULT
capacity_vol,mAh/cm3,P2,35,fw_frac_Cl,composition_known_framework,pre_dft_composition,L0,RULE_SAFE_DEFAULT
capacity_vol,mAh/cm3,P2,36,fw_frac_Co,composition_known_framework,pre_dft_composition,L0,RULE_SAFE_DEFAULT
capacity_vol,mAh/cm3,P2,37,fw_frac_Cr,composition_known_framework,pre_dft_composition,L0,RULE_SAFE_DEFAULT
capacity_vol,mAh/cm3,P2,38,fw_frac_Cu,composition_known_framework,pre_dft_composition,L0,RULE_SAFE_DEFAULT
capacity_vol,mAh/cm3,P2,39,fw_frac_F,composition_known_framework,pre_dft_composition,L0,RULE_SAFE_DEFAULT
capacity_vol,mAh/cm3,P2,40,fw_frac_Fe,composition_known_framework,pre_dft_composition,L0,RULE_SAFE_DEFAULT
capacity_vol,mAh/cm3,P2,41,fw_frac_I,composition_known_framework,pre_dft_composition,L0,RULE_SAFE_DEFAULT
capacity_vol,mAh/cm3,P2,42,fw_frac_K,composition_known_framework,pre_dft_composition,L0,RULE_SAFE_DEFAULT
capacity_vol,mAh/cm3,P2,43,fw_frac_Li,composition_known_framework,pre_dft_composition,L0,RULE_SAFE_DEFAULT
capacity_vol,mAh/cm3,P2,44,fw_frac_Mg,composition_known_framework,pre_dft_composition,L0,RULE_SAFE_DEFAULT
capacity_vol,mAh/cm3,P2,45,fw_frac_Mn,composition_known_framework,pre_dft_composition,L0,RULE_SAFE_DEFAULT
capacity_vol,mAh/cm3,P2,46,fw_frac_N,composition_known_framework,pre_dft_composition,L0,RULE_SAFE_DEFAULT
capacity_vol,mAh/cm3,P2,47,fw_frac_Na,composition_known_framework,pre_dft_composition,L0,RULE_SAFE_DEFAULT
capacity_vol,mAh/cm3,P2,48,fw_frac_Ni,composition_known_framework,pre_dft_composition,L0,RULE_SAFE_DEFAULT
capacity_vol,mAh/cm3,P2,49,fw_frac_O,composition_known_framework,pre_dft_composition,L0,RULE_SAFE_DEFAULT
capacity_vol,mAh/cm3,P2,50,fw_frac_P,composition_known_framework,pre_dft_composition,L0,RULE_SAFE_DEFAULT
capacity_vol,mAh/cm3,P2,51,fw_frac_S,composition_known_framework,pre_dft_composition,L0,RULE_SAFE_DEFAULT
capacity_vol,mAh/cm3,P2,52,fw_frac_Si,composition_known_framework,pre_dft_composition,L0,RULE_SAFE_DEFAULT
capacity_vol,mAh/cm3,P2,53,fw_frac_Ti,composition_known_framework,pre_dft_composition,L0,RULE_SAFE_DEFAULT
capacity_vol,mAh/cm3,P2,54,fw_frac_V,composition_known_framework,pre_dft_composition,L0,RULE_SAFE_DEFAULT
capacity_vol,mAh/cm3,P2,55,fw_frac_Zn,composition_known_framework,pre_dft_composition,L0,RULE_SAFE_DEFAULT
capacity_vol,mAh/cm3,P2,56,fw_frac_transition_metals,composition_known_framework,pre_dft_composition,L0,RULE_SAFE_DEFAULT
capacity_vol,mAh/cm3,P2,57,fw_group_max,composition_known_framework,pre_dft_composition,L0,RULE_SAFE_DEFAULT
capacity_vol,mAh/cm3,P2,58,fw_group_mean,composition_known_framework,pre_dft_composition,L0,RULE_SAFE_DEFAULT
capacity_vol,mAh/cm3,P2,59,fw_group_min,composition_known_framework,pre_dft_composition,L0,RULE_SAFE_DEFAULT
capacity_vol,mAh/cm3,P2,60,fw_group_range,composition_known_framework,pre_dft_composition,L0,RULE_SAFE_DEFAULT
capacity_vol,mAh/cm3,P2,61,fw_group_std,composition_known_framework,pre_dft_composition,L0,RULE_SAFE_DEFAULT
capacity_vol,mAh/cm3,P2,62,fw_has_Br,composition_known_framework,pre_dft_composition,L0,RULE_SAFE_DEFAULT
capacity_vol,mAh/cm3,P2,63,fw_has_C,composition_known_framework,pre_dft_composition,L0,RULE_SAFE_DEFAULT
capacity_vol,mAh/cm3,P2,64,fw_has_Cl,composition_known_framework,pre_dft_composition,L0,RULE_SAFE_DEFAULT
capacity_vol,mAh/cm3,P2,65,fw_has_F,composition_known_framework,pre_dft_composition,L0,RULE_SAFE_DEFAULT
capacity_vol,mAh/cm3,P2,66,fw_has_I,composition_known_framework,pre_dft_composition,L0,RULE_SAFE_DEFAULT
capacity_vol,mAh/cm3,P2,67,fw_has_N,composition_known_framework,pre_dft_composition,L0,RULE_SAFE_DEFAULT
capacity_vol,mAh/cm3,P2,68,fw_has_O,composition_known_framework,pre_dft_composition,L0,RULE_SAFE_DEFAULT
capacity_vol,mAh/cm3,P2,69,fw_has_P,composition_known_framework,pre_dft_composition,L0,RULE_SAFE_DEFAULT
capacity_vol,mAh/cm3,P2,70,fw_has_S,composition_known_framework,pre_dft_composition,L0,RULE_SAFE_DEFAULT
capacity_vol,mAh/cm3,P2,71,fw_has_Si,composition_known_framework,pre_dft_composition,L0,RULE_SAFE_DEFAULT
capacity_vol,mAh/cm3,P2,72,fw_n_atoms,composition_known_framework,pre_dft_composition,L0,RULE_SAFE_DEFAULT
capacity_vol,mAh/cm3,P2,73,fw_n_elements,composition_known_framework,pre_dft_composition,L0,RULE_SAFE_DEFAULT
capacity_vol,mAh/cm3,P2,74,fw_n_transition_metals,composition_known_framework,pre_dft_composition,L0,RULE_SAFE_DEFAULT
capacity_vol,mAh/cm3,P2,75,fw_parse_ok,composition_known_framework,pre_dft_composition,L0,RULE_SAFE_DEFAULT
capacity_vol,mAh/cm3,P2,76,fw_row_max,composition_known_framework,pre_dft_composition,L0,RULE_SAFE_DEFAULT
capacity_vol,mAh/cm3,P2,77,fw_row_mean,composition_known_framework,pre_dft_composition,L0,RULE_SAFE_DEFAULT
capacity_vol,mAh/cm3,P2,78,fw_row_min,composition_known_framework,pre_dft_composition,L0,RULE_SAFE_DEFAULT
capacity_vol,mAh/cm3,P2,79,fw_row_range,composition_known_framework,pre_dft_composition,L0,RULE_SAFE_DEFAULT
capacity_vol,mAh/cm3,P2,80,fw_row_std,composition_known_framework,pre_dft_composition,L0,RULE_SAFE_DEFAULT
capacity_vol,mAh/cm3,P2,81,summary_abs_delta_density,relaxed_structure_summary,relaxed_structure,L0,RULE_SAFE_STRUCTURE
capacity_vol,mAh/cm3,P2,82,summary_abs_delta_density_atomic,relaxed_structure_summary,relaxed_structure,L0,RULE_SAFE_STRUCTURE
capacity_vol,mAh/cm3,P2,83,summary_abs_delta_volume_fraction,relaxed_structure_summary,relaxed_structure,L0,RULE_SAFE_STRUCTURE
capacity_vol,mAh/cm3,P2,84,summary_abs_delta_volume_per_site,relaxed_structure_summary,relaxed_structure,L0,RULE_SAFE_STRUCTURE
capacity_vol,mAh/cm3,P2,85,summary_delta_density,relaxed_structure_summary,relaxed_structure,L0,RULE_SAFE_STRUCTURE
capacity_vol,mAh/cm3,P2,86,summary_delta_density_atomic,relaxed_structure_summary,relaxed_structure,L0,RULE_SAFE_STRUCTURE
capacity_vol,mAh/cm3,P2,87,summary_delta_volume_fraction,relaxed_structure_summary,relaxed_structure,L0,RULE_SAFE_STRUCTURE
capacity_vol,mAh/cm3,P2,88,summary_delta_volume_per_site,relaxed_structure_summary,relaxed_structure,L0,RULE_SAFE_STRUCTURE
capacity_vol,mAh/cm3,P2,89,wi_X,composition_known_working_ion,pre_dft_composition,L0,RULE_SAFE_DEFAULT
capacity_vol,mAh/cm3,P2,90,wi_Z,composition_known_working_ion,pre_dft_composition,L0,RULE_SAFE_DEFAULT
capacity_vol,mAh/cm3,P2,91,wi_atomic_mass,composition_known_working_ion,pre_dft_composition,L0,RULE_SAFE_DEFAULT
capacity_vol,mAh/cm3,P2,92,wi_group,composition_known_working_ion,pre_dft_composition,L0,RULE_SAFE_DEFAULT
capacity_vol,mAh/cm3,P2,93,wi_row,composition_known_working_ion,pre_dft_composition,L0,RULE_SAFE_DEFAULT
capacity_vol,mAh/cm3,P3,1,charge_summary_band_gap,post_dft_electronic_summary,post_dft_electronic,L4,RULE_POST_DFT_ELECTRONIC
capacity_vol,mAh/cm3,P3,2,charge_summary_density,relaxed_structure_summary,relaxed_structure,L0,RULE_SAFE_STRUCTURE
capacity_vol,mAh/cm3,P3,3,charge_summary_density_atomic,relaxed_structure_summary,relaxed_structure,L0,RULE_SAFE_STRUCTURE
capacity_vol,mAh/cm3,P3,4,charge_summary_energy_above_hull,post_dft_energy_stability_summary,post_dft_thermodynamics,L4,RULE_HULL_OTHER
capacity_vol,mAh/cm3,P3,5,charge_summary_formation_energy_per_atom,post_dft_energy_stability_summary,post_dft_thermodynamics,L4,RULE_POST_DFT_ENERGY_DEFAULT
capacity_vol,mAh/cm3,P3,6,charge_summary_is_metal,post_dft_electronic_summary,post_dft_electronic,L4,RULE_POST_DFT_ELECTRONIC
capacity_vol,mAh/cm3,P3,7,charge_summary_is_stable,post_dft_energy_stability_summary,post_dft_thermodynamics,L4,RULE_HULL_OTHER
capacity_vol,mAh/cm3,P3,8,charge_summary_nsites,relaxed_structure_summary,relaxed_structure,L0,RULE_SAFE_STRUCTURE
capacity_vol,mAh/cm3,P3,9,charge_summary_symmetry_number,relaxed_structure_summary,relaxed_structure,L0,RULE_SAFE_STRUCTURE
capacity_vol,mAh/cm3,P3,10,charge_summary_volume,relaxed_structure_summary,relaxed_structure,L0,RULE_SAFE_STRUCTURE
capacity_vol,mAh/cm3,P3,11,charge_summary_volume_per_site,relaxed_structure_summary,relaxed_structure,L0,RULE_SAFE_STRUCTURE
capacity_vol,mAh/cm3,P3,12,discharge_summary_band_gap,post_dft_electronic_summary,post_dft_electronic,L4,RULE_POST_DFT_ELECTRONIC
capacity_vol,mAh/cm3,P3,13,discharge_summary_density,relaxed_structure_summary,relaxed_structure,L0,RULE_SAFE_STRUCTURE
capacity_vol,mAh/cm3,P3,14,discharge_summary_density_atomic,relaxed_structure_summary,relaxed_structure,L0,RULE_SAFE_STRUCTURE
capacity_vol,mAh/cm3,P3,15,discharge_summary_energy_above_hull,post_dft_energy_stability_summary,post_dft_thermodynamics,L4,RULE_HULL_OTHER
capacity_vol,mAh/cm3,P3,16,discharge_summary_formation_energy_per_atom,post_dft_energy_stability_summary,post_dft_thermodynamics,L4,RULE_POST_DFT_ENERGY_DEFAULT
capacity_vol,mAh/cm3,P3,17,discharge_summary_is_metal,post_dft_electronic_summary,post_dft_electronic,L4,RULE_POST_DFT_ELECTRONIC
capacity_vol,mAh/cm3,P3,18,discharge_summary_is_stable,post_dft_energy_stability_summary,post_dft_thermodynamics,L4,RULE_HULL_OTHER
capacity_vol,mAh/cm3,P3,19,discharge_summary_nsites,relaxed_structure_summary,relaxed_structure,L0,RULE_SAFE_STRUCTURE
capacity_vol,mAh/cm3,P3,20,discharge_summary_symmetry_number,relaxed_structure_summary,relaxed_structure,L0,RULE_SAFE_STRUCTURE
capacity_vol,mAh/cm3,P3,21,discharge_summary_volume,relaxed_structure_summary,relaxed_structure,L0,RULE_SAFE_STRUCTURE
capacity_vol,mAh/cm3,P3,22,discharge_summary_volume_per_site,relaxed_structure_summary,relaxed_structure,L0,RULE_SAFE_STRUCTURE
capacity_vol,mAh/cm3,P3,23,fw_X_max,composition_known_framework,pre_dft_composition,L0,RULE_SAFE_DEFAULT
capacity_vol,mAh/cm3,P3,24,fw_X_mean,composition_known_framework,pre_dft_composition,L0,RULE_SAFE_DEFAULT
capacity_vol,mAh/cm3,P3,25,fw_X_min,composition_known_framework,pre_dft_composition,L0,RULE_SAFE_DEFAULT
capacity_vol,mAh/cm3,P3,26,fw_X_range,composition_known_framework,pre_dft_composition,L0,RULE_SAFE_DEFAULT
capacity_vol,mAh/cm3,P3,27,fw_X_std,composition_known_framework,pre_dft_composition,L0,RULE_SAFE_DEFAULT
capacity_vol,mAh/cm3,P3,28,fw_Z_max,composition_known_framework,pre_dft_composition,L0,RULE_SAFE_DEFAULT
capacity_vol,mAh/cm3,P3,29,fw_Z_mean,composition_known_framework,pre_dft_composition,L0,RULE_SAFE_DEFAULT
capacity_vol,mAh/cm3,P3,30,fw_Z_min,composition_known_framework,pre_dft_composition,L0,RULE_SAFE_DEFAULT
capacity_vol,mAh/cm3,P3,31,fw_Z_range,composition_known_framework,pre_dft_composition,L0,RULE_SAFE_DEFAULT
capacity_vol,mAh/cm3,P3,32,fw_Z_std,composition_known_framework,pre_dft_composition,L0,RULE_SAFE_DEFAULT
capacity_vol,mAh/cm3,P3,33,fw_atomic_mass_max,composition_known_framework,pre_dft_composition,L0,RULE_SAFE_DEFAULT
capacity_vol,mAh/cm3,P3,34,fw_atomic_mass_mean,composition_known_framework,pre_dft_composition,L0,RULE_SAFE_DEFAULT
capacity_vol,mAh/cm3,P3,35,fw_atomic_mass_min,composition_known_framework,pre_dft_composition,L0,RULE_SAFE_DEFAULT
capacity_vol,mAh/cm3,P3,36,fw_atomic_mass_range,composition_known_framework,pre_dft_composition,L0,RULE_SAFE_DEFAULT
capacity_vol,mAh/cm3,P3,37,fw_atomic_mass_std,composition_known_framework,pre_dft_composition,L0,RULE_SAFE_DEFAULT
capacity_vol,mAh/cm3,P3,38,fw_frac_Ag,composition_known_framework,pre_dft_composition,L0,RULE_SAFE_DEFAULT
capacity_vol,mAh/cm3,P3,39,fw_frac_Al,composition_known_framework,pre_dft_composition,L0,RULE_SAFE_DEFAULT
capacity_vol,mAh/cm3,P3,40,fw_frac_As,composition_known_framework,pre_dft_composition,L0,RULE_SAFE_DEFAULT
capacity_vol,mAh/cm3,P3,41,fw_frac_B,composition_known_framework,pre_dft_composition,L0,RULE_SAFE_DEFAULT
capacity_vol,mAh/cm3,P3,42,fw_frac_Br,composition_known_framework,pre_dft_composition,L0,RULE_SAFE_DEFAULT
capacity_vol,mAh/cm3,P3,43,fw_frac_C,composition_known_framework,pre_dft_composition,L0,RULE_SAFE_DEFAULT
capacity_vol,mAh/cm3,P3,44,fw_frac_Ca,composition_known_framework,pre_dft_composition,L0,RULE_SAFE_DEFAULT
capacity_vol,mAh/cm3,P3,45,fw_frac_Cl,composition_known_framework,pre_dft_composition,L0,RULE_SAFE_DEFAULT
capacity_vol,mAh/cm3,P3,46,fw_frac_Co,composition_known_framework,pre_dft_composition,L0,RULE_SAFE_DEFAULT
capacity_vol,mAh/cm3,P3,47,fw_frac_Cr,composition_known_framework,pre_dft_composition,L0,RULE_SAFE_DEFAULT
capacity_vol,mAh/cm3,P3,48,fw_frac_Cu,composition_known_framework,pre_dft_composition,L0,RULE_SAFE_DEFAULT
capacity_vol,mAh/cm3,P3,49,fw_frac_F,composition_known_framework,pre_dft_composition,L0,RULE_SAFE_DEFAULT
capacity_vol,mAh/cm3,P3,50,fw_frac_Fe,composition_known_framework,pre_dft_composition,L0,RULE_SAFE_DEFAULT
capacity_vol,mAh/cm3,P3,51,fw_frac_I,composition_known_framework,pre_dft_composition,L0,RULE_SAFE_DEFAULT
capacity_vol,mAh/cm3,P3,52,fw_frac_K,composition_known_framework,pre_dft_composition,L0,RULE_SAFE_DEFAULT
capacity_vol,mAh/cm3,P3,53,fw_frac_Li,composition_known_framework,pre_dft_composition,L0,RULE_SAFE_DEFAULT
capacity_vol,mAh/cm3,P3,54,fw_frac_Mg,composition_known_framework,pre_dft_composition,L0,RULE_SAFE_DEFAULT
capacity_vol,mAh/cm3,P3,55,fw_frac_Mn,composition_known_framework,pre_dft_composition,L0,RULE_SAFE_DEFAULT
capacity_vol,mAh/cm3,P3,56,fw_frac_N,composition_known_framework,pre_dft_composition,L0,RULE_SAFE_DEFAULT
capacity_vol,mAh/cm3,P3,57,fw_frac_Na,composition_known_framework,pre_dft_composition,L0,RULE_SAFE_DEFAULT
capacity_vol,mAh/cm3,P3,58,fw_frac_Ni,composition_known_framework,pre_dft_composition,L0,RULE_SAFE_DEFAULT
capacity_vol,mAh/cm3,P3,59,fw_frac_O,composition_known_framework,pre_dft_composition,L0,RULE_SAFE_DEFAULT
capacity_vol,mAh/cm3,P3,60,fw_frac_P,composition_known_framework,pre_dft_composition,L0,RULE_SAFE_DEFAULT
capacity_vol,mAh/cm3,P3,61,fw_frac_S,composition_known_framework,pre_dft_composition,L0,RULE_SAFE_DEFAULT
capacity_vol,mAh/cm3,P3,62,fw_frac_Si,composition_known_framework,pre_dft_composition,L0,RULE_SAFE_DEFAULT
capacity_vol,mAh/cm3,P3,63,fw_frac_Ti,composition_known_framework,pre_dft_composition,L0,RULE_SAFE_DEFAULT
capacity_vol,mAh/cm3,P3,64,fw_frac_V,composition_known_framework,pre_dft_composition,L0,RULE_SAFE_DEFAULT
capacity_vol,mAh/cm3,P3,65,fw_frac_Zn,composition_known_framework,pre_dft_composition,L0,RULE_SAFE_DEFAULT
capacity_vol,mAh/cm3,P3,66,fw_frac_transition_metals,composition_known_framework,pre_dft_composition,L0,RULE_SAFE_DEFAULT
capacity_vol,mAh/cm3,P3,67,fw_group_max,composition_known_framework,pre_dft_composition,L0,RULE_SAFE_DEFAULT
capacity_vol,mAh/cm3,P3,68,fw_group_mean,composition_known_framework,pre_dft_composition,L0,RULE_SAFE_DEFAULT
capacity_vol,mAh/cm3,P3,69,fw_group_min,composition_known_framework,pre_dft_composition,L0,RULE_SAFE_DEFAULT
capacity_vol,mAh/cm3,P3,70,fw_group_range,composition_known_framework,pre_dft_composition,L0,RULE_SAFE_DEFAULT
capacity_vol,mAh/cm3,P3,71,fw_group_std,composition_known_framework,pre_dft_composition,L0,RULE_SAFE_DEFAULT
capacity_vol,mAh/cm3,P3,72,fw_has_Br,composition_known_framework,pre_dft_composition,L0,RULE_SAFE_DEFAULT
capacity_vol,mAh/cm3,P3,73,fw_has_C,composition_known_framework,pre_dft_composition,L0,RULE_SAFE_DEFAULT
capacity_vol,mAh/cm3,P3,74,fw_has_Cl,composition_known_framework,pre_dft_composition,L0,RULE_SAFE_DEFAULT
capacity_vol,mAh/cm3,P3,75,fw_has_F,composition_known_framework,pre_dft_composition,L0,RULE_SAFE_DEFAULT
capacity_vol,mAh/cm3,P3,76,fw_has_I,composition_known_framework,pre_dft_composition,L0,RULE_SAFE_DEFAULT
capacity_vol,mAh/cm3,P3,77,fw_has_N,composition_known_framework,pre_dft_composition,L0,RULE_SAFE_DEFAULT
capacity_vol,mAh/cm3,P3,78,fw_has_O,composition_known_framework,pre_dft_composition,L0,RULE_SAFE_DEFAULT
capacity_vol,mAh/cm3,P3,79,fw_has_P,composition_known_framework,pre_dft_composition,L0,RULE_SAFE_DEFAULT
capacity_vol,mAh/cm3,P3,80,fw_has_S,composition_known_framework,pre_dft_composition,L0,RULE_SAFE_DEFAULT
capacity_vol,mAh/cm3,P3,81,fw_has_Si,composition_known_framework,pre_dft_composition,L0,RULE_SAFE_DEFAULT
capacity_vol,mAh/cm3,P3,82,fw_n_atoms,composition_known_framework,pre_dft_composition,L0,RULE_SAFE_DEFAULT
capacity_vol,mAh/cm3,P3,83,fw_n_elements,composition_known_framework,pre_dft_composition,L0,RULE_SAFE_DEFAULT
capacity_vol,mAh/cm3,P3,84,fw_n_transition_metals,composition_known_framework,pre_dft_composition,L0,RULE_SAFE_DEFAULT
capacity_vol,mAh/cm3,P3,85,fw_parse_ok,composition_known_framework,pre_dft_composition,L0,RULE_SAFE_DEFAULT
capacity_vol,mAh/cm3,P3,86,fw_row_max,composition_known_framework,pre_dft_composition,L0,RULE_SAFE_DEFAULT
capacity_vol,mAh/cm3,P3,87,fw_row_mean,composition_known_framework,pre_dft_composition,L0,RULE_SAFE_DEFAULT
capacity_vol,mAh/cm3,P3,88,fw_row_min,composition_known_framework,pre_dft_composition,L0,RULE_SAFE_DEFAULT
capacity_vol,mAh/cm3,P3,89,fw_row_range,composition_known_framework,pre_dft_composition,L0,RULE_SAFE_DEFAULT
capacity_vol,mAh/cm3,P3,90,fw_row_std,composition_known_framework,pre_dft_composition,L0,RULE_SAFE_DEFAULT
capacity_vol,mAh/cm3,P3,91,max_voltage_step,stored_electrode_process_descriptor,stored_electrode_record,L0,RULE_SAFE_DEFAULT
capacity_vol,mAh/cm3,P3,92,num_steps,stored_electrode_process_descriptor,stored_electrode_record,L0,RULE_SAFE_DEFAULT
capacity_vol,mAh/cm3,P3,93,summary_abs_delta_band_gap,post_dft_electronic_summary,post_dft_electronic,L4,RULE_POST_DFT_ELECTRONIC
capacity_vol,mAh/cm3,P3,94,summary_abs_delta_density,relaxed_structure_summary,relaxed_structure,L0,RULE_SAFE_STRUCTURE
capacity_vol,mAh/cm3,P3,95,summary_abs_delta_density_atomic,relaxed_structure_summary,relaxed_structure,L0,RULE_SAFE_STRUCTURE
capacity_vol,mAh/cm3,P3,96,summary_abs_delta_energy_above_hull,post_dft_energy_stability_summary,post_dft_thermodynamics,L4,RULE_HULL_OTHER
capacity_vol,mAh/cm3,P3,97,summary_abs_delta_formation_energy_per_atom,post_dft_energy_stability_summary,post_dft_thermodynamics,L4,RULE_POST_DFT_ENERGY_DEFAULT
capacity_vol,mAh/cm3,P3,98,summary_abs_delta_volume_fraction,relaxed_structure_summary,relaxed_structure,L0,RULE_SAFE_STRUCTURE
capacity_vol,mAh/cm3,P3,99,summary_abs_delta_volume_per_site,relaxed_structure_summary,relaxed_structure,L0,RULE_SAFE_STRUCTURE
capacity_vol,mAh/cm3,P3,100,summary_delta_band_gap,post_dft_electronic_summary,post_dft_electronic,L4,RULE_POST_DFT_ELECTRONIC
capacity_vol,mAh/cm3,P3,101,summary_delta_density,relaxed_structure_summary,relaxed_structure,L0,RULE_SAFE_STRUCTURE
capacity_vol,mAh/cm3,P3,102,summary_delta_density_atomic,relaxed_structure_summary,relaxed_structure,L0,RULE_SAFE_STRUCTURE
capacity_vol,mAh/cm3,P3,103,summary_delta_energy_above_hull,post_dft_energy_stability_summary,post_dft_thermodynamics,L4,RULE_HULL_OTHER
capacity_vol,mAh/cm3,P3,104,summary_delta_formation_energy_per_atom,post_dft_energy_stability_summary,post_dft_thermodynamics,L4,RULE_POST_DFT_ENERGY_DEFAULT
capacity_vol,mAh/cm3,P3,105,summary_delta_volume_fraction,relaxed_structure_summary,relaxed_structure,L0,RULE_SAFE_STRUCTURE
capacity_vol,mAh/cm3,P3,106,summary_delta_volume_per_site,relaxed_structure_summary,relaxed_structure,L0,RULE_SAFE_STRUCTURE
capacity_vol,mAh/cm3,P3,107,summary_worst_energy_above_hull,post_dft_energy_stability_summary,post_dft_thermodynamics,L4,RULE_HULL_OTHER
capacity_vol,mAh/cm3,P3,108,wi_X,composition_known_working_ion,pre_dft_composition,L0,RULE_SAFE_DEFAULT
capacity_vol,mAh/cm3,P3,109,wi_Z,composition_known_working_ion,pre_dft_composition,L0,RULE_SAFE_DEFAULT
capacity_vol,mAh/cm3,P3,110,wi_atomic_mass,composition_known_working_ion,pre_dft_composition,L0,RULE_SAFE_DEFAULT
capacity_vol,mAh/cm3,P3,111,wi_group,composition_known_working_ion,pre_dft_composition,L0,RULE_SAFE_DEFAULT
capacity_vol,mAh/cm3,P3,112,wi_row,composition_known_working_ion,pre_dft_composition,L0,RULE_SAFE_DEFAULT
capacity_vol,mAh/cm3,P4,1,average_voltage,stored_electrode_target,stored_electrode_record,L4,RULE_OTHER_STORED_TARGET
capacity_vol,mAh/cm3,P4,2,capacity_grav,stored_electrode_target,stored_electrode_record,L2,RULE_CAPACITY_ENERGY_RELATION
capacity_vol,mAh/cm3,P4,3,capacity_vol,stored_electrode_target,stored_electrode_record,L1,RULE_DIRECT_TARGET
capacity_vol,mAh/cm3,P4,4,charge_formula_X_max,stoichiometric_window,electrode_state_stoichiometry,L3,RULE_STOICHIOMETRIC_WINDOW
capacity_vol,mAh/cm3,P4,5,charge_formula_X_mean,stoichiometric_window,electrode_state_stoichiometry,L3,RULE_STOICHIOMETRIC_WINDOW
capacity_vol,mAh/cm3,P4,6,charge_formula_X_min,stoichiometric_window,electrode_state_stoichiometry,L3,RULE_STOICHIOMETRIC_WINDOW
capacity_vol,mAh/cm3,P4,7,charge_formula_X_range,stoichiometric_window,electrode_state_stoichiometry,L3,RULE_STOICHIOMETRIC_WINDOW
capacity_vol,mAh/cm3,P4,8,charge_formula_X_std,stoichiometric_window,electrode_state_stoichiometry,L3,RULE_STOICHIOMETRIC_WINDOW
capacity_vol,mAh/cm3,P4,9,charge_formula_Z_max,stoichiometric_window,electrode_state_stoichiometry,L3,RULE_STOICHIOMETRIC_WINDOW
capacity_vol,mAh/cm3,P4,10,charge_formula_Z_mean,stoichiometric_window,electrode_state_stoichiometry,L3,RULE_STOICHIOMETRIC_WINDOW
capacity_vol,mAh/cm3,P4,11,charge_formula_Z_min,stoichiometric_window,electrode_state_stoichiometry,L3,RULE_STOICHIOMETRIC_WINDOW
capacity_vol,mAh/cm3,P4,12,charge_formula_Z_range,stoichiometric_window,electrode_state_stoichiometry,L3,RULE_STOICHIOMETRIC_WINDOW
capacity_vol,mAh/cm3,P4,13,charge_formula_Z_std,stoichiometric_window,electrode_state_stoichiometry,L3,RULE_STOICHIOMETRIC_WINDOW
capacity_vol,mAh/cm3,P4,14,charge_formula_atomic_mass_max,stoichiometric_window,electrode_state_stoichiometry,L3,RULE_STOICHIOMETRIC_WINDOW
capacity_vol,mAh/cm3,P4,15,charge_formula_atomic_mass_mean,stoichiometric_window,electrode_state_stoichiometry,L3,RULE_STOICHIOMETRIC_WINDOW
capacity_vol,mAh/cm3,P4,16,charge_formula_atomic_mass_min,stoichiometric_window,electrode_state_stoichiometry,L3,RULE_STOICHIOMETRIC_WINDOW
capacity_vol,mAh/cm3,P4,17,charge_formula_atomic_mass_range,stoichiometric_window,electrode_state_stoichiometry,L3,RULE_STOICHIOMETRIC_WINDOW
capacity_vol,mAh/cm3,P4,18,charge_formula_atomic_mass_std,stoichiometric_window,electrode_state_stoichiometry,L3,RULE_STOICHIOMETRIC_WINDOW
capacity_vol,mAh/cm3,P4,19,charge_formula_frac_Ag,stoichiometric_window,electrode_state_stoichiometry,L3,RULE_STOICHIOMETRIC_WINDOW
capacity_vol,mAh/cm3,P4,20,charge_formula_frac_Al,stoichiometric_window,electrode_state_stoichiometry,L3,RULE_STOICHIOMETRIC_WINDOW
capacity_vol,mAh/cm3,P4,21,charge_formula_frac_As,stoichiometric_window,electrode_state_stoichiometry,L3,RULE_STOICHIOMETRIC_WINDOW
capacity_vol,mAh/cm3,P4,22,charge_formula_frac_B,stoichiometric_window,electrode_state_stoichiometry,L3,RULE_STOICHIOMETRIC_WINDOW
capacity_vol,mAh/cm3,P4,23,charge_formula_frac_Br,stoichiometric_window,electrode_state_stoichiometry,L3,RULE_STOICHIOMETRIC_WINDOW
capacity_vol,mAh/cm3,P4,24,charge_formula_frac_C,stoichiometric_window,electrode_state_stoichiometry,L3,RULE_STOICHIOMETRIC_WINDOW
capacity_vol,mAh/cm3,P4,25,charge_formula_frac_Ca,stoichiometric_window,electrode_state_stoichiometry,L3,RULE_STOICHIOMETRIC_WINDOW
capacity_vol,mAh/cm3,P4,26,charge_formula_frac_Cl,stoichiometric_window,electrode_state_stoichiometry,L3,RULE_STOICHIOMETRIC_WINDOW
capacity_vol,mAh/cm3,P4,27,charge_formula_frac_Co,stoichiometric_window,electrode_state_stoichiometry,L3,RULE_STOICHIOMETRIC_WINDOW
capacity_vol,mAh/cm3,P4,28,charge_formula_frac_Cr,stoichiometric_window,electrode_state_stoichiometry,L3,RULE_STOICHIOMETRIC_WINDOW
capacity_vol,mAh/cm3,P4,29,charge_formula_frac_Cu,stoichiometric_window,electrode_state_stoichiometry,L3,RULE_STOICHIOMETRIC_WINDOW
capacity_vol,mAh/cm3,P4,30,charge_formula_frac_F,stoichiometric_window,electrode_state_stoichiometry,L3,RULE_STOICHIOMETRIC_WINDOW
capacity_vol,mAh/cm3,P4,31,charge_formula_frac_Fe,stoichiometric_window,electrode_state_stoichiometry,L3,RULE_STOICHIOMETRIC_WINDOW
capacity_vol,mAh/cm3,P4,32,charge_formula_frac_I,stoichiometric_window,electrode_state_stoichiometry,L3,RULE_STOICHIOMETRIC_WINDOW
capacity_vol,mAh/cm3,P4,33,charge_formula_frac_K,stoichiometric_window,electrode_state_stoichiometry,L3,RULE_STOICHIOMETRIC_WINDOW
capacity_vol,mAh/cm3,P4,34,charge_formula_frac_Li,stoichiometric_window,electrode_state_stoichiometry,L3,RULE_STOICHIOMETRIC_WINDOW
capacity_vol,mAh/cm3,P4,35,charge_formula_frac_Mg,stoichiometric_window,electrode_state_stoichiometry,L3,RULE_STOICHIOMETRIC_WINDOW
capacity_vol,mAh/cm3,P4,36,charge_formula_frac_Mn,stoichiometric_window,electrode_state_stoichiometry,L3,RULE_STOICHIOMETRIC_WINDOW
capacity_vol,mAh/cm3,P4,37,charge_formula_frac_N,stoichiometric_window,electrode_state_stoichiometry,L3,RULE_STOICHIOMETRIC_WINDOW
capacity_vol,mAh/cm3,P4,38,charge_formula_frac_Na,stoichiometric_window,electrode_state_stoichiometry,L3,RULE_STOICHIOMETRIC_WINDOW
capacity_vol,mAh/cm3,P4,39,charge_formula_frac_Ni,stoichiometric_window,electrode_state_stoichiometry,L3,RULE_STOICHIOMETRIC_WINDOW
capacity_vol,mAh/cm3,P4,40,charge_formula_frac_O,stoichiometric_window,electrode_state_stoichiometry,L3,RULE_STOICHIOMETRIC_WINDOW
capacity_vol,mAh/cm3,P4,41,charge_formula_frac_P,stoichiometric_window,electrode_state_stoichiometry,L3,RULE_STOICHIOMETRIC_WINDOW
capacity_vol,mAh/cm3,P4,42,charge_formula_frac_S,stoichiometric_window,electrode_state_stoichiometry,L3,RULE_STOICHIOMETRIC_WINDOW
capacity_vol,mAh/cm3,P4,43,charge_formula_frac_Si,stoichiometric_window,electrode_state_stoichiometry,L3,RULE_STOICHIOMETRIC_WINDOW
capacity_vol,mAh/cm3,P4,44,charge_formula_frac_Ti,stoichiometric_window,electrode_state_stoichiometry,L3,RULE_STOICHIOMETRIC_WINDOW
capacity_vol,mAh/cm3,P4,45,charge_formula_frac_V,stoichiometric_window,electrode_state_stoichiometry,L3,RULE_STOICHIOMETRIC_WINDOW
capacity_vol,mAh/cm3,P4,46,charge_formula_frac_Zn,stoichiometric_window,electrode_state_stoichiometry,L3,RULE_STOICHIOMETRIC_WINDOW
capacity_vol,mAh/cm3,P4,47,charge_formula_frac_transition_metals,stoichiometric_window,electrode_state_stoichiometry,L3,RULE_STOICHIOMETRIC_WINDOW
capacity_vol,mAh/cm3,P4,48,charge_formula_group_max,stoichiometric_window,electrode_state_stoichiometry,L3,RULE_STOICHIOMETRIC_WINDOW
capacity_vol,mAh/cm3,P4,49,charge_formula_group_mean,stoichiometric_window,electrode_state_stoichiometry,L3,RULE_STOICHIOMETRIC_WINDOW
capacity_vol,mAh/cm3,P4,50,charge_formula_group_min,stoichiometric_window,electrode_state_stoichiometry,L3,RULE_STOICHIOMETRIC_WINDOW
capacity_vol,mAh/cm3,P4,51,charge_formula_group_range,stoichiometric_window,electrode_state_stoichiometry,L3,RULE_STOICHIOMETRIC_WINDOW
capacity_vol,mAh/cm3,P4,52,charge_formula_group_std,stoichiometric_window,electrode_state_stoichiometry,L3,RULE_STOICHIOMETRIC_WINDOW
capacity_vol,mAh/cm3,P4,53,charge_formula_has_Br,stoichiometric_window,electrode_state_stoichiometry,L3,RULE_STOICHIOMETRIC_WINDOW
capacity_vol,mAh/cm3,P4,54,charge_formula_has_C,stoichiometric_window,electrode_state_stoichiometry,L3,RULE_STOICHIOMETRIC_WINDOW
capacity_vol,mAh/cm3,P4,55,charge_formula_has_Cl,stoichiometric_window,electrode_state_stoichiometry,L3,RULE_STOICHIOMETRIC_WINDOW
capacity_vol,mAh/cm3,P4,56,charge_formula_has_F,stoichiometric_window,electrode_state_stoichiometry,L3,RULE_STOICHIOMETRIC_WINDOW
capacity_vol,mAh/cm3,P4,57,charge_formula_has_I,stoichiometric_window,electrode_state_stoichiometry,L3,RULE_STOICHIOMETRIC_WINDOW
capacity_vol,mAh/cm3,P4,58,charge_formula_has_N,stoichiometric_window,electrode_state_stoichiometry,L3,RULE_STOICHIOMETRIC_WINDOW
capacity_vol,mAh/cm3,P4,59,charge_formula_has_O,stoichiometric_window,electrode_state_stoichiometry,L3,RULE_STOICHIOMETRIC_WINDOW
capacity_vol,mAh/cm3,P4,60,charge_formula_has_P,stoichiometric_window,electrode_state_stoichiometry,L3,RULE_STOICHIOMETRIC_WINDOW
capacity_vol,mAh/cm3,P4,61,charge_formula_has_S,stoichiometric_window,electrode_state_stoichiometry,L3,RULE_STOICHIOMETRIC_WINDOW
capacity_vol,mAh/cm3,P4,62,charge_formula_has_Si,stoichiometric_window,electrode_state_stoichiometry,L3,RULE_STOICHIOMETRIC_WINDOW
capacity_vol,mAh/cm3,P4,63,charge_formula_n_atoms,stoichiometric_window,electrode_state_stoichiometry,L3,RULE_STOICHIOMETRIC_WINDOW
capacity_vol,mAh/cm3,P4,64,charge_formula_n_elements,stoichiometric_window,electrode_state_stoichiometry,L3,RULE_STOICHIOMETRIC_WINDOW
capacity_vol,mAh/cm3,P4,65,charge_formula_n_transition_metals,stoichiometric_window,electrode_state_stoichiometry,L3,RULE_STOICHIOMETRIC_WINDOW
capacity_vol,mAh/cm3,P4,66,charge_formula_parse_ok,stoichiometric_window,electrode_state_stoichiometry,L3,RULE_STOICHIOMETRIC_WINDOW
capacity_vol,mAh/cm3,P4,67,charge_formula_row_max,stoichiometric_window,electrode_state_stoichiometry,L3,RULE_STOICHIOMETRIC_WINDOW
capacity_vol,mAh/cm3,P4,68,charge_formula_row_mean,stoichiometric_window,electrode_state_stoichiometry,L3,RULE_STOICHIOMETRIC_WINDOW
capacity_vol,mAh/cm3,P4,69,charge_formula_row_min,stoichiometric_window,electrode_state_stoichiometry,L3,RULE_STOICHIOMETRIC_WINDOW
capacity_vol,mAh/cm3,P4,70,charge_formula_row_range,stoichiometric_window,electrode_state_stoichiometry,L3,RULE_STOICHIOMETRIC_WINDOW
capacity_vol,mAh/cm3,P4,71,charge_formula_row_std,stoichiometric_window,electrode_state_stoichiometry,L3,RULE_STOICHIOMETRIC_WINDOW
capacity_vol,mAh/cm3,P4,72,charge_summary_band_gap,post_dft_electronic_summary,post_dft_electronic,L4,RULE_POST_DFT_ELECTRONIC
capacity_vol,mAh/cm3,P4,73,charge_summary_density,relaxed_structure_summary,relaxed_structure,L0,RULE_SAFE_STRUCTURE
capacity_vol,mAh/cm3,P4,74,charge_summary_density_atomic,relaxed_structure_summary,relaxed_structure,L0,RULE_SAFE_STRUCTURE
capacity_vol,mAh/cm3,P4,75,charge_summary_energy_above_hull,post_dft_energy_stability_summary,post_dft_thermodynamics,L4,RULE_HULL_OTHER
capacity_vol,mAh/cm3,P4,76,charge_summary_formation_energy_per_atom,post_dft_energy_stability_summary,post_dft_thermodynamics,L4,RULE_POST_DFT_ENERGY_DEFAULT
capacity_vol,mAh/cm3,P4,77,charge_summary_is_metal,post_dft_electronic_summary,post_dft_electronic,L4,RULE_POST_DFT_ELECTRONIC
capacity_vol,mAh/cm3,P4,78,charge_summary_is_stable,post_dft_energy_stability_summary,post_dft_thermodynamics,L4,RULE_HULL_OTHER
capacity_vol,mAh/cm3,P4,79,charge_summary_nsites,relaxed_structure_summary,relaxed_structure,L0,RULE_SAFE_STRUCTURE
capacity_vol,mAh/cm3,P4,80,charge_summary_symmetry_number,relaxed_structure_summary,relaxed_structure,L0,RULE_SAFE_STRUCTURE
capacity_vol,mAh/cm3,P4,81,charge_summary_theoretical,post_dft_provenance_flag,post_dft_provenance,L4,RULE_POST_DFT_PROVENANCE
capacity_vol,mAh/cm3,P4,82,charge_summary_volume,relaxed_structure_summary,relaxed_structure,L0,RULE_SAFE_STRUCTURE
capacity_vol,mAh/cm3,P4,83,charge_summary_volume_per_site,relaxed_structure_summary,relaxed_structure,L0,RULE_SAFE_STRUCTURE
capacity_vol,mAh/cm3,P4,84,discharge_formula_X_max,stoichiometric_window,electrode_state_stoichiometry,L3,RULE_STOICHIOMETRIC_WINDOW
capacity_vol,mAh/cm3,P4,85,discharge_formula_X_mean,stoichiometric_window,electrode_state_stoichiometry,L3,RULE_STOICHIOMETRIC_WINDOW
capacity_vol,mAh/cm3,P4,86,discharge_formula_X_min,stoichiometric_window,electrode_state_stoichiometry,L3,RULE_STOICHIOMETRIC_WINDOW
capacity_vol,mAh/cm3,P4,87,discharge_formula_X_range,stoichiometric_window,electrode_state_stoichiometry,L3,RULE_STOICHIOMETRIC_WINDOW
capacity_vol,mAh/cm3,P4,88,discharge_formula_X_std,stoichiometric_window,electrode_state_stoichiometry,L3,RULE_STOICHIOMETRIC_WINDOW
capacity_vol,mAh/cm3,P4,89,discharge_formula_Z_max,stoichiometric_window,electrode_state_stoichiometry,L3,RULE_STOICHIOMETRIC_WINDOW
capacity_vol,mAh/cm3,P4,90,discharge_formula_Z_mean,stoichiometric_window,electrode_state_stoichiometry,L3,RULE_STOICHIOMETRIC_WINDOW
capacity_vol,mAh/cm3,P4,91,discharge_formula_Z_min,stoichiometric_window,electrode_state_stoichiometry,L3,RULE_STOICHIOMETRIC_WINDOW
capacity_vol,mAh/cm3,P4,92,discharge_formula_Z_range,stoichiometric_window,electrode_state_stoichiometry,L3,RULE_STOICHIOMETRIC_WINDOW
capacity_vol,mAh/cm3,P4,93,discharge_formula_Z_std,stoichiometric_window,electrode_state_stoichiometry,L3,RULE_STOICHIOMETRIC_WINDOW
capacity_vol,mAh/cm3,P4,94,discharge_formula_atomic_mass_max,stoichiometric_window,electrode_state_stoichiometry,L3,RULE_STOICHIOMETRIC_WINDOW
capacity_vol,mAh/cm3,P4,95,discharge_formula_atomic_mass_mean,stoichiometric_window,electrode_state_stoichiometry,L3,RULE_STOICHIOMETRIC_WINDOW
capacity_vol,mAh/cm3,P4,96,discharge_formula_atomic_mass_min,stoichiometric_window,electrode_state_stoichiometry,L3,RULE_STOICHIOMETRIC_WINDOW
capacity_vol,mAh/cm3,P4,97,discharge_formula_atomic_mass_range,stoichiometric_window,electrode_state_stoichiometry,L3,RULE_STOICHIOMETRIC_WINDOW
capacity_vol,mAh/cm3,P4,98,discharge_formula_atomic_mass_std,stoichiometric_window,electrode_state_stoichiometry,L3,RULE_STOICHIOMETRIC_WINDOW
capacity_vol,mAh/cm3,P4,99,discharge_formula_frac_Ag,stoichiometric_window,electrode_state_stoichiometry,L3,RULE_STOICHIOMETRIC_WINDOW
capacity_vol,mAh/cm3,P4,100,discharge_formula_frac_Al,stoichiometric_window,electrode_state_stoichiometry,L3,RULE_STOICHIOMETRIC_WINDOW
capacity_vol,mAh/cm3,P4,101,discharge_formula_frac_As,stoichiometric_window,electrode_state_stoichiometry,L3,RULE_STOICHIOMETRIC_WINDOW
capacity_vol,mAh/cm3,P4,102,discharge_formula_frac_B,stoichiometric_window,electrode_state_stoichiometry,L3,RULE_STOICHIOMETRIC_WINDOW
capacity_vol,mAh/cm3,P4,103,discharge_formula_frac_Br,stoichiometric_window,electrode_state_stoichiometry,L3,RULE_STOICHIOMETRIC_WINDOW
capacity_vol,mAh/cm3,P4,104,discharge_formula_frac_C,stoichiometric_window,electrode_state_stoichiometry,L3,RULE_STOICHIOMETRIC_WINDOW
capacity_vol,mAh/cm3,P4,105,discharge_formula_frac_Ca,stoichiometric_window,electrode_state_stoichiometry,L3,RULE_STOICHIOMETRIC_WINDOW
capacity_vol,mAh/cm3,P4,106,discharge_formula_frac_Cl,stoichiometric_window,electrode_state_stoichiometry,L3,RULE_STOICHIOMETRIC_WINDOW
capacity_vol,mAh/cm3,P4,107,discharge_formula_frac_Co,stoichiometric_window,electrode_state_stoichiometry,L3,RULE_STOICHIOMETRIC_WINDOW
capacity_vol,mAh/cm3,P4,108,discharge_formula_frac_Cr,stoichiometric_window,electrode_state_stoichiometry,L3,RULE_STOICHIOMETRIC_WINDOW
capacity_vol,mAh/cm3,P4,109,discharge_formula_frac_Cu,stoichiometric_window,electrode_state_stoichiometry,L3,RULE_STOICHIOMETRIC_WINDOW
capacity_vol,mAh/cm3,P4,110,discharge_formula_frac_F,stoichiometric_window,electrode_state_stoichiometry,L3,RULE_STOICHIOMETRIC_WINDOW
capacity_vol,mAh/cm3,P4,111,discharge_formula_frac_Fe,stoichiometric_window,electrode_state_stoichiometry,L3,RULE_STOICHIOMETRIC_WINDOW
capacity_vol,mAh/cm3,P4,112,discharge_formula_frac_I,stoichiometric_window,electrode_state_stoichiometry,L3,RULE_STOICHIOMETRIC_WINDOW
capacity_vol,mAh/cm3,P4,113,discharge_formula_frac_K,stoichiometric_window,electrode_state_stoichiometry,L3,RULE_STOICHIOMETRIC_WINDOW
capacity_vol,mAh/cm3,P4,114,discharge_formula_frac_Li,stoichiometric_window,electrode_state_stoichiometry,L3,RULE_STOICHIOMETRIC_WINDOW
capacity_vol,mAh/cm3,P4,115,discharge_formula_frac_Mg,stoichiometric_window,electrode_state_stoichiometry,L3,RULE_STOICHIOMETRIC_WINDOW
capacity_vol,mAh/cm3,P4,116,discharge_formula_frac_Mn,stoichiometric_window,electrode_state_stoichiometry,L3,RULE_STOICHIOMETRIC_WINDOW
capacity_vol,mAh/cm3,P4,117,discharge_formula_frac_N,stoichiometric_window,electrode_state_stoichiometry,L3,RULE_STOICHIOMETRIC_WINDOW
capacity_vol,mAh/cm3,P4,118,discharge_formula_frac_Na,stoichiometric_window,electrode_state_stoichiometry,L3,RULE_STOICHIOMETRIC_WINDOW
capacity_vol,mAh/cm3,P4,119,discharge_formula_frac_Ni,stoichiometric_window,electrode_state_stoichiometry,L3,RULE_STOICHIOMETRIC_WINDOW
capacity_vol,mAh/cm3,P4,120,discharge_formula_frac_O,stoichiometric_window,electrode_state_stoichiometry,L3,RULE_STOICHIOMETRIC_WINDOW
capacity_vol,mAh/cm3,P4,121,discharge_formula_frac_P,stoichiometric_window,electrode_state_stoichiometry,L3,RULE_STOICHIOMETRIC_WINDOW
capacity_vol,mAh/cm3,P4,122,discharge_formula_frac_S,stoichiometric_window,electrode_state_stoichiometry,L3,RULE_STOICHIOMETRIC_WINDOW
capacity_vol,mAh/cm3,P4,123,discharge_formula_frac_Si,stoichiometric_window,electrode_state_stoichiometry,L3,RULE_STOICHIOMETRIC_WINDOW
capacity_vol,mAh/cm3,P4,124,discharge_formula_frac_Ti,stoichiometric_window,electrode_state_stoichiometry,L3,RULE_STOICHIOMETRIC_WINDOW
capacity_vol,mAh/cm3,P4,125,discharge_formula_frac_V,stoichiometric_window,electrode_state_stoichiometry,L3,RULE_STOICHIOMETRIC_WINDOW
capacity_vol,mAh/cm3,P4,126,discharge_formula_frac_Zn,stoichiometric_window,electrode_state_stoichiometry,L3,RULE_STOICHIOMETRIC_WINDOW
capacity_vol,mAh/cm3,P4,127,discharge_formula_frac_transition_metals,stoichiometric_window,electrode_state_stoichiometry,L3,RULE_STOICHIOMETRIC_WINDOW
capacity_vol,mAh/cm3,P4,128,discharge_formula_group_max,stoichiometric_window,electrode_state_stoichiometry,L3,RULE_STOICHIOMETRIC_WINDOW
capacity_vol,mAh/cm3,P4,129,discharge_formula_group_mean,stoichiometric_window,electrode_state_stoichiometry,L3,RULE_STOICHIOMETRIC_WINDOW
capacity_vol,mAh/cm3,P4,130,discharge_formula_group_min,stoichiometric_window,electrode_state_stoichiometry,L3,RULE_STOICHIOMETRIC_WINDOW
capacity_vol,mAh/cm3,P4,131,discharge_formula_group_range,stoichiometric_window,electrode_state_stoichiometry,L3,RULE_STOICHIOMETRIC_WINDOW
capacity_vol,mAh/cm3,P4,132,discharge_formula_group_std,stoichiometric_window,electrode_state_stoichiometry,L3,RULE_STOICHIOMETRIC_WINDOW
capacity_vol,mAh/cm3,P4,133,discharge_formula_has_Br,stoichiometric_window,electrode_state_stoichiometry,L3,RULE_STOICHIOMETRIC_WINDOW
capacity_vol,mAh/cm3,P4,134,discharge_formula_has_C,stoichiometric_window,electrode_state_stoichiometry,L3,RULE_STOICHIOMETRIC_WINDOW
capacity_vol,mAh/cm3,P4,135,discharge_formula_has_Cl,stoichiometric_window,electrode_state_stoichiometry,L3,RULE_STOICHIOMETRIC_WINDOW
capacity_vol,mAh/cm3,P4,136,discharge_formula_has_F,stoichiometric_window,electrode_state_stoichiometry,L3,RULE_STOICHIOMETRIC_WINDOW
capacity_vol,mAh/cm3,P4,137,discharge_formula_has_I,stoichiometric_window,electrode_state_stoichiometry,L3,RULE_STOICHIOMETRIC_WINDOW
capacity_vol,mAh/cm3,P4,138,discharge_formula_has_N,stoichiometric_window,electrode_state_stoichiometry,L3,RULE_STOICHIOMETRIC_WINDOW
capacity_vol,mAh/cm3,P4,139,discharge_formula_has_O,stoichiometric_window,electrode_state_stoichiometry,L3,RULE_STOICHIOMETRIC_WINDOW
capacity_vol,mAh/cm3,P4,140,discharge_formula_has_P,stoichiometric_window,electrode_state_stoichiometry,L3,RULE_STOICHIOMETRIC_WINDOW
capacity_vol,mAh/cm3,P4,141,discharge_formula_has_S,stoichiometric_window,electrode_state_stoichiometry,L3,RULE_STOICHIOMETRIC_WINDOW
capacity_vol,mAh/cm3,P4,142,discharge_formula_has_Si,stoichiometric_window,electrode_state_stoichiometry,L3,RULE_STOICHIOMETRIC_WINDOW
capacity_vol,mAh/cm3,P4,143,discharge_formula_n_atoms,stoichiometric_window,electrode_state_stoichiometry,L3,RULE_STOICHIOMETRIC_WINDOW
capacity_vol,mAh/cm3,P4,144,discharge_formula_n_elements,stoichiometric_window,electrode_state_stoichiometry,L3,RULE_STOICHIOMETRIC_WINDOW
capacity_vol,mAh/cm3,P4,145,discharge_formula_n_transition_metals,stoichiometric_window,electrode_state_stoichiometry,L3,RULE_STOICHIOMETRIC_WINDOW
capacity_vol,mAh/cm3,P4,146,discharge_formula_parse_ok,stoichiometric_window,electrode_state_stoichiometry,L3,RULE_STOICHIOMETRIC_WINDOW
capacity_vol,mAh/cm3,P4,147,discharge_formula_row_max,stoichiometric_window,electrode_state_stoichiometry,L3,RULE_STOICHIOMETRIC_WINDOW
capacity_vol,mAh/cm3,P4,148,discharge_formula_row_mean,stoichiometric_window,electrode_state_stoichiometry,L3,RULE_STOICHIOMETRIC_WINDOW
capacity_vol,mAh/cm3,P4,149,discharge_formula_row_min,stoichiometric_window,electrode_state_stoichiometry,L3,RULE_STOICHIOMETRIC_WINDOW
capacity_vol,mAh/cm3,P4,150,discharge_formula_row_range,stoichiometric_window,electrode_state_stoichiometry,L3,RULE_STOICHIOMETRIC_WINDOW
capacity_vol,mAh/cm3,P4,151,discharge_formula_row_std,stoichiometric_window,electrode_state_stoichiometry,L3,RULE_STOICHIOMETRIC_WINDOW
capacity_vol,mAh/cm3,P4,152,discharge_summary_band_gap,post_dft_electronic_summary,post_dft_electronic,L4,RULE_POST_DFT_ELECTRONIC
capacity_vol,mAh/cm3,P4,153,discharge_summary_density,relaxed_structure_summary,relaxed_structure,L0,RULE_SAFE_STRUCTURE
capacity_vol,mAh/cm3,P4,154,discharge_summary_density_atomic,relaxed_structure_summary,relaxed_structure,L0,RULE_SAFE_STRUCTURE
capacity_vol,mAh/cm3,P4,155,discharge_summary_energy_above_hull,post_dft_energy_stability_summary,post_dft_thermodynamics,L4,RULE_HULL_OTHER
capacity_vol,mAh/cm3,P4,156,discharge_summary_formation_energy_per_atom,post_dft_energy_stability_summary,post_dft_thermodynamics,L4,RULE_POST_DFT_ENERGY_DEFAULT
capacity_vol,mAh/cm3,P4,157,discharge_summary_is_metal,post_dft_electronic_summary,post_dft_electronic,L4,RULE_POST_DFT_ELECTRONIC
capacity_vol,mAh/cm3,P4,158,discharge_summary_is_stable,post_dft_energy_stability_summary,post_dft_thermodynamics,L4,RULE_HULL_OTHER
capacity_vol,mAh/cm3,P4,159,discharge_summary_nsites,relaxed_structure_summary,relaxed_structure,L0,RULE_SAFE_STRUCTURE
capacity_vol,mAh/cm3,P4,160,discharge_summary_symmetry_number,relaxed_structure_summary,relaxed_structure,L0,RULE_SAFE_STRUCTURE
capacity_vol,mAh/cm3,P4,161,discharge_summary_theoretical,post_dft_provenance_flag,post_dft_provenance,L4,RULE_POST_DFT_PROVENANCE
capacity_vol,mAh/cm3,P4,162,discharge_summary_volume,relaxed_structure_summary,relaxed_structure,L0,RULE_SAFE_STRUCTURE
capacity_vol,mAh/cm3,P4,163,discharge_summary_volume_per_site,relaxed_structure_summary,relaxed_structure,L0,RULE_SAFE_STRUCTURE
capacity_vol,mAh/cm3,P4,164,energy_grav,stored_electrode_target,stored_electrode_record,L2,RULE_CAPACITY_ENERGY_RELATION
capacity_vol,mAh/cm3,P4,165,energy_vol,stored_electrode_target,stored_electrode_record,L2,RULE_CAPACITY_ENERGY_RELATION
capacity_vol,mAh/cm3,P4,166,fracA_charge,stoichiometric_window,electrode_state_stoichiometry,L3,RULE_STOICHIOMETRIC_WINDOW
capacity_vol,mAh/cm3,P4,167,fracA_discharge,stoichiometric_window,electrode_state_stoichiometry,L3,RULE_STOICHIOMETRIC_WINDOW
capacity_vol,mAh/cm3,P4,168,fw_X_max,composition_known_framework,pre_dft_composition,L0,RULE_SAFE_DEFAULT
capacity_vol,mAh/cm3,P4,169,fw_X_mean,composition_known_framework,pre_dft_composition,L0,RULE_SAFE_DEFAULT
capacity_vol,mAh/cm3,P4,170,fw_X_min,composition_known_framework,pre_dft_composition,L0,RULE_SAFE_DEFAULT
capacity_vol,mAh/cm3,P4,171,fw_X_range,composition_known_framework,pre_dft_composition,L0,RULE_SAFE_DEFAULT
capacity_vol,mAh/cm3,P4,172,fw_X_std,composition_known_framework,pre_dft_composition,L0,RULE_SAFE_DEFAULT
capacity_vol,mAh/cm3,P4,173,fw_Z_max,composition_known_framework,pre_dft_composition,L0,RULE_SAFE_DEFAULT
capacity_vol,mAh/cm3,P4,174,fw_Z_mean,composition_known_framework,pre_dft_composition,L0,RULE_SAFE_DEFAULT
capacity_vol,mAh/cm3,P4,175,fw_Z_min,composition_known_framework,pre_dft_composition,L0,RULE_SAFE_DEFAULT
capacity_vol,mAh/cm3,P4,176,fw_Z_range,composition_known_framework,pre_dft_composition,L0,RULE_SAFE_DEFAULT
capacity_vol,mAh/cm3,P4,177,fw_Z_std,composition_known_framework,pre_dft_composition,L0,RULE_SAFE_DEFAULT
capacity_vol,mAh/cm3,P4,178,fw_atomic_mass_max,composition_known_framework,pre_dft_composition,L0,RULE_SAFE_DEFAULT
capacity_vol,mAh/cm3,P4,179,fw_atomic_mass_mean,composition_known_framework,pre_dft_composition,L0,RULE_SAFE_DEFAULT
capacity_vol,mAh/cm3,P4,180,fw_atomic_mass_min,composition_known_framework,pre_dft_composition,L0,RULE_SAFE_DEFAULT
capacity_vol,mAh/cm3,P4,181,fw_atomic_mass_range,composition_known_framework,pre_dft_composition,L0,RULE_SAFE_DEFAULT
capacity_vol,mAh/cm3,P4,182,fw_atomic_mass_std,composition_known_framework,pre_dft_composition,L0,RULE_SAFE_DEFAULT
capacity_vol,mAh/cm3,P4,183,fw_frac_Ag,composition_known_framework,pre_dft_composition,L0,RULE_SAFE_DEFAULT
capacity_vol,mAh/cm3,P4,184,fw_frac_Al,composition_known_framework,pre_dft_composition,L0,RULE_SAFE_DEFAULT
capacity_vol,mAh/cm3,P4,185,fw_frac_As,composition_known_framework,pre_dft_composition,L0,RULE_SAFE_DEFAULT
capacity_vol,mAh/cm3,P4,186,fw_frac_B,composition_known_framework,pre_dft_composition,L0,RULE_SAFE_DEFAULT
capacity_vol,mAh/cm3,P4,187,fw_frac_Br,composition_known_framework,pre_dft_composition,L0,RULE_SAFE_DEFAULT
capacity_vol,mAh/cm3,P4,188,fw_frac_C,composition_known_framework,pre_dft_composition,L0,RULE_SAFE_DEFAULT
capacity_vol,mAh/cm3,P4,189,fw_frac_Ca,composition_known_framework,pre_dft_composition,L0,RULE_SAFE_DEFAULT
capacity_vol,mAh/cm3,P4,190,fw_frac_Cl,composition_known_framework,pre_dft_composition,L0,RULE_SAFE_DEFAULT
capacity_vol,mAh/cm3,P4,191,fw_frac_Co,composition_known_framework,pre_dft_composition,L0,RULE_SAFE_DEFAULT
capacity_vol,mAh/cm3,P4,192,fw_frac_Cr,composition_known_framework,pre_dft_composition,L0,RULE_SAFE_DEFAULT
capacity_vol,mAh/cm3,P4,193,fw_frac_Cu,composition_known_framework,pre_dft_composition,L0,RULE_SAFE_DEFAULT
capacity_vol,mAh/cm3,P4,194,fw_frac_F,composition_known_framework,pre_dft_composition,L0,RULE_SAFE_DEFAULT
capacity_vol,mAh/cm3,P4,195,fw_frac_Fe,composition_known_framework,pre_dft_composition,L0,RULE_SAFE_DEFAULT
capacity_vol,mAh/cm3,P4,196,fw_frac_I,composition_known_framework,pre_dft_composition,L0,RULE_SAFE_DEFAULT
capacity_vol,mAh/cm3,P4,197,fw_frac_K,composition_known_framework,pre_dft_composition,L0,RULE_SAFE_DEFAULT
capacity_vol,mAh/cm3,P4,198,fw_frac_Li,composition_known_framework,pre_dft_composition,L0,RULE_SAFE_DEFAULT
capacity_vol,mAh/cm3,P4,199,fw_frac_Mg,composition_known_framework,pre_dft_composition,L0,RULE_SAFE_DEFAULT
capacity_vol,mAh/cm3,P4,200,fw_frac_Mn,composition_known_framework,pre_dft_composition,L0,RULE_SAFE_DEFAULT
capacity_vol,mAh/cm3,P4,201,fw_frac_N,composition_known_framework,pre_dft_composition,L0,RULE_SAFE_DEFAULT
capacity_vol,mAh/cm3,P4,202,fw_frac_Na,composition_known_framework,pre_dft_composition,L0,RULE_SAFE_DEFAULT
capacity_vol,mAh/cm3,P4,203,fw_frac_Ni,composition_known_framework,pre_dft_composition,L0,RULE_SAFE_DEFAULT
capacity_vol,mAh/cm3,P4,204,fw_frac_O,composition_known_framework,pre_dft_composition,L0,RULE_SAFE_DEFAULT
capacity_vol,mAh/cm3,P4,205,fw_frac_P,composition_known_framework,pre_dft_composition,L0,RULE_SAFE_DEFAULT
capacity_vol,mAh/cm3,P4,206,fw_frac_S,composition_known_framework,pre_dft_composition,L0,RULE_SAFE_DEFAULT
capacity_vol,mAh/cm3,P4,207,fw_frac_Si,composition_known_framework,pre_dft_composition,L0,RULE_SAFE_DEFAULT
capacity_vol,mAh/cm3,P4,208,fw_frac_Ti,composition_known_framework,pre_dft_composition,L0,RULE_SAFE_DEFAULT
capacity_vol,mAh/cm3,P4,209,fw_frac_V,composition_known_framework,pre_dft_composition,L0,RULE_SAFE_DEFAULT
capacity_vol,mAh/cm3,P4,210,fw_frac_Zn,composition_known_framework,pre_dft_composition,L0,RULE_SAFE_DEFAULT
capacity_vol,mAh/cm3,P4,211,fw_frac_transition_metals,composition_known_framework,pre_dft_composition,L0,RULE_SAFE_DEFAULT
capacity_vol,mAh/cm3,P4,212,fw_group_max,composition_known_framework,pre_dft_composition,L0,RULE_SAFE_DEFAULT
capacity_vol,mAh/cm3,P4,213,fw_group_mean,composition_known_framework,pre_dft_composition,L0,RULE_SAFE_DEFAULT
capacity_vol,mAh/cm3,P4,214,fw_group_min,composition_known_framework,pre_dft_composition,L0,RULE_SAFE_DEFAULT
capacity_vol,mAh/cm3,P4,215,fw_group_range,composition_known_framework,pre_dft_composition,L0,RULE_SAFE_DEFAULT
capacity_vol,mAh/cm3,P4,216,fw_group_std,composition_known_framework,pre_dft_composition,L0,RULE_SAFE_DEFAULT
capacity_vol,mAh/cm3,P4,217,fw_has_Br,composition_known_framework,pre_dft_composition,L0,RULE_SAFE_DEFAULT
capacity_vol,mAh/cm3,P4,218,fw_has_C,composition_known_framework,pre_dft_composition,L0,RULE_SAFE_DEFAULT
capacity_vol,mAh/cm3,P4,219,fw_has_Cl,composition_known_framework,pre_dft_composition,L0,RULE_SAFE_DEFAULT
capacity_vol,mAh/cm3,P4,220,fw_has_F,composition_known_framework,pre_dft_composition,L0,RULE_SAFE_DEFAULT
capacity_vol,mAh/cm3,P4,221,fw_has_I,composition_known_framework,pre_dft_composition,L0,RULE_SAFE_DEFAULT
capacity_vol,mAh/cm3,P4,222,fw_has_N,composition_known_framework,pre_dft_composition,L0,RULE_SAFE_DEFAULT
capacity_vol,mAh/cm3,P4,223,fw_has_O,composition_known_framework,pre_dft_composition,L0,RULE_SAFE_DEFAULT
capacity_vol,mAh/cm3,P4,224,fw_has_P,composition_known_framework,pre_dft_composition,L0,RULE_SAFE_DEFAULT
capacity_vol,mAh/cm3,P4,225,fw_has_S,composition_known_framework,pre_dft_composition,L0,RULE_SAFE_DEFAULT
capacity_vol,mAh/cm3,P4,226,fw_has_Si,composition_known_framework,pre_dft_composition,L0,RULE_SAFE_DEFAULT
capacity_vol,mAh/cm3,P4,227,fw_n_atoms,composition_known_framework,pre_dft_composition,L0,RULE_SAFE_DEFAULT
capacity_vol,mAh/cm3,P4,228,fw_n_elements,composition_known_framework,pre_dft_composition,L0,RULE_SAFE_DEFAULT
capacity_vol,mAh/cm3,P4,229,fw_n_transition_metals,composition_known_framework,pre_dft_composition,L0,RULE_SAFE_DEFAULT
capacity_vol,mAh/cm3,P4,230,fw_parse_ok,composition_known_framework,pre_dft_composition,L0,RULE_SAFE_DEFAULT
capacity_vol,mAh/cm3,P4,231,fw_row_max,composition_known_framework,pre_dft_composition,L0,RULE_SAFE_DEFAULT
capacity_vol,mAh/cm3,P4,232,fw_row_mean,composition_known_framework,pre_dft_composition,L0,RULE_SAFE_DEFAULT
capacity_vol,mAh/cm3,P4,233,fw_row_min,composition_known_framework,pre_dft_composition,L0,RULE_SAFE_DEFAULT
capacity_vol,mAh/cm3,P4,234,fw_row_range,composition_known_framework,pre_dft_composition,L0,RULE_SAFE_DEFAULT
capacity_vol,mAh/cm3,P4,235,fw_row_std,composition_known_framework,pre_dft_composition,L0,RULE_SAFE_DEFAULT
capacity_vol,mAh/cm3,P4,236,max_delta_volume,stored_electrode_target,stored_electrode_record,L4,RULE_OTHER_STORED_TARGET
capacity_vol,mAh/cm3,P4,237,max_voltage_step,stored_electrode_process_descriptor,stored_electrode_record,L0,RULE_SAFE_DEFAULT
capacity_vol,mAh/cm3,P4,238,num_steps,stored_electrode_process_descriptor,stored_electrode_record,L0,RULE_SAFE_DEFAULT
capacity_vol,mAh/cm3,P4,239,stability_charge,stored_electrode_target,stored_electrode_record,L4,RULE_OTHER_STORED_TARGET
capacity_vol,mAh/cm3,P4,240,stability_discharge,stored_electrode_target,stored_electrode_record,L4,RULE_OTHER_STORED_TARGET
capacity_vol,mAh/cm3,P4,241,stability_worst,stored_electrode_target,stored_electrode_record,L4,RULE_OTHER_STORED_TARGET
capacity_vol,mAh/cm3,P4,242,stoich_abs_wi_amount_delta,stoichiometric_window,electrode_state_stoichiometry,L3,RULE_STOICHIOMETRIC_WINDOW
capacity_vol,mAh/cm3,P4,243,stoich_wi_amount_charge,stoichiometric_window,electrode_state_stoichiometry,L3,RULE_STOICHIOMETRIC_WINDOW
capacity_vol,mAh/cm3,P4,244,stoich_wi_amount_delta,stoichiometric_window,electrode_state_stoichiometry,L3,RULE_STOICHIOMETRIC_WINDOW
capacity_vol,mAh/cm3,P4,245,stoich_wi_amount_discharge,stoichiometric_window,electrode_state_stoichiometry,L3,RULE_STOICHIOMETRIC_WINDOW
capacity_vol,mAh/cm3,P4,246,stored_abs_fracA_delta,other_numeric,derived_miscellaneous,L0,RULE_SAFE_DEFAULT
capacity_vol,mAh/cm3,P4,247,stored_fracA_delta,stoichiometric_window,electrode_state_stoichiometry,L3,RULE_STOICHIOMETRIC_WINDOW
capacity_vol,mAh/cm3,P4,248,summary_abs_delta_band_gap,post_dft_electronic_summary,post_dft_electronic,L4,RULE_POST_DFT_ELECTRONIC
capacity_vol,mAh/cm3,P4,249,summary_abs_delta_density,relaxed_structure_summary,relaxed_structure,L0,RULE_SAFE_STRUCTURE
capacity_vol,mAh/cm3,P4,250,summary_abs_delta_density_atomic,relaxed_structure_summary,relaxed_structure,L0,RULE_SAFE_STRUCTURE
capacity_vol,mAh/cm3,P4,251,summary_abs_delta_energy_above_hull,post_dft_energy_stability_summary,post_dft_thermodynamics,L4,RULE_HULL_OTHER
capacity_vol,mAh/cm3,P4,252,summary_abs_delta_formation_energy_per_atom,post_dft_energy_stability_summary,post_dft_thermodynamics,L4,RULE_POST_DFT_ENERGY_DEFAULT
capacity_vol,mAh/cm3,P4,253,summary_abs_delta_volume_fraction,relaxed_structure_summary,relaxed_structure,L0,RULE_SAFE_STRUCTURE
capacity_vol,mAh/cm3,P4,254,summary_abs_delta_volume_per_site,relaxed_structure_summary,relaxed_structure,L0,RULE_SAFE_STRUCTURE
capacity_vol,mAh/cm3,P4,255,summary_delta_band_gap,post_dft_electronic_summary,post_dft_electronic,L4,RULE_POST_DFT_ELECTRONIC
capacity_vol,mAh/cm3,P4,256,summary_delta_density,relaxed_structure_summary,relaxed_structure,L0,RULE_SAFE_STRUCTURE
capacity_vol,mAh/cm3,P4,257,summary_delta_density_atomic,relaxed_structure_summary,relaxed_structure,L0,RULE_SAFE_STRUCTURE
capacity_vol,mAh/cm3,P4,258,summary_delta_energy_above_hull,post_dft_energy_stability_summary,post_dft_thermodynamics,L4,RULE_HULL_OTHER
capacity_vol,mAh/cm3,P4,259,summary_delta_formation_energy_per_atom,post_dft_energy_stability_summary,post_dft_thermodynamics,L4,RULE_POST_DFT_ENERGY_DEFAULT
capacity_vol,mAh/cm3,P4,260,summary_delta_volume_fraction,relaxed_structure_summary,relaxed_structure,L0,RULE_SAFE_STRUCTURE
capacity_vol,mAh/cm3,P4,261,summary_delta_volume_per_site,relaxed_structure_summary,relaxed_structure,L0,RULE_SAFE_STRUCTURE
capacity_vol,mAh/cm3,P4,262,summary_worst_energy_above_hull,post_dft_energy_stability_summary,post_dft_thermodynamics,L4,RULE_HULL_OTHER
capacity_vol,mAh/cm3,P4,263,wi_X,composition_known_working_ion,pre_dft_composition,L0,RULE_SAFE_DEFAULT
capacity_vol,mAh/cm3,P4,264,wi_Z,composition_known_working_ion,pre_dft_composition,L0,RULE_SAFE_DEFAULT
capacity_vol,mAh/cm3,P4,265,wi_atomic_mass,composition_known_working_ion,pre_dft_composition,L0,RULE_SAFE_DEFAULT
capacity_vol,mAh/cm3,P4,266,wi_group,composition_known_working_ion,pre_dft_composition,L0,RULE_SAFE_DEFAULT
capacity_vol,mAh/cm3,P4,267,wi_row,composition_known_working_ion,pre_dft_composition,L0,RULE_SAFE_DEFAULT
energy_grav,Wh/kg,P0,1,average_voltage,stored_electrode_target,stored_electrode_record,L2,RULE_ENERGY_DEFINITION
energy_grav,Wh/kg,P0,2,capacity_grav,stored_electrode_target,stored_electrode_record,L2,RULE_ENERGY_DEFINITION
energy_grav,Wh/kg,P0,3,capacity_vol,stored_electrode_target,stored_electrode_record,L2,RULE_ENERGY_DEFINITION
energy_grav,Wh/kg,P0,4,charge_formula_X_max,stoichiometric_window,electrode_state_stoichiometry,L3,RULE_STOICHIOMETRIC_WINDOW
energy_grav,Wh/kg,P0,5,charge_formula_X_mean,stoichiometric_window,electrode_state_stoichiometry,L3,RULE_STOICHIOMETRIC_WINDOW
energy_grav,Wh/kg,P0,6,charge_formula_X_min,stoichiometric_window,electrode_state_stoichiometry,L3,RULE_STOICHIOMETRIC_WINDOW
energy_grav,Wh/kg,P0,7,charge_formula_X_range,stoichiometric_window,electrode_state_stoichiometry,L3,RULE_STOICHIOMETRIC_WINDOW
energy_grav,Wh/kg,P0,8,charge_formula_X_std,stoichiometric_window,electrode_state_stoichiometry,L3,RULE_STOICHIOMETRIC_WINDOW
energy_grav,Wh/kg,P0,9,charge_formula_Z_max,stoichiometric_window,electrode_state_stoichiometry,L3,RULE_STOICHIOMETRIC_WINDOW
energy_grav,Wh/kg,P0,10,charge_formula_Z_mean,stoichiometric_window,electrode_state_stoichiometry,L3,RULE_STOICHIOMETRIC_WINDOW
energy_grav,Wh/kg,P0,11,charge_formula_Z_min,stoichiometric_window,electrode_state_stoichiometry,L3,RULE_STOICHIOMETRIC_WINDOW
energy_grav,Wh/kg,P0,12,charge_formula_Z_range,stoichiometric_window,electrode_state_stoichiometry,L3,RULE_STOICHIOMETRIC_WINDOW
energy_grav,Wh/kg,P0,13,charge_formula_Z_std,stoichiometric_window,electrode_state_stoichiometry,L3,RULE_STOICHIOMETRIC_WINDOW
energy_grav,Wh/kg,P0,14,charge_formula_atomic_mass_max,stoichiometric_window,electrode_state_stoichiometry,L3,RULE_STOICHIOMETRIC_WINDOW
energy_grav,Wh/kg,P0,15,charge_formula_atomic_mass_mean,stoichiometric_window,electrode_state_stoichiometry,L3,RULE_STOICHIOMETRIC_WINDOW
energy_grav,Wh/kg,P0,16,charge_formula_atomic_mass_min,stoichiometric_window,electrode_state_stoichiometry,L3,RULE_STOICHIOMETRIC_WINDOW
energy_grav,Wh/kg,P0,17,charge_formula_atomic_mass_range,stoichiometric_window,electrode_state_stoichiometry,L3,RULE_STOICHIOMETRIC_WINDOW
energy_grav,Wh/kg,P0,18,charge_formula_atomic_mass_std,stoichiometric_window,electrode_state_stoichiometry,L3,RULE_STOICHIOMETRIC_WINDOW
energy_grav,Wh/kg,P0,19,charge_formula_frac_Ag,stoichiometric_window,electrode_state_stoichiometry,L3,RULE_STOICHIOMETRIC_WINDOW
energy_grav,Wh/kg,P0,20,charge_formula_frac_Al,stoichiometric_window,electrode_state_stoichiometry,L3,RULE_STOICHIOMETRIC_WINDOW
energy_grav,Wh/kg,P0,21,charge_formula_frac_As,stoichiometric_window,electrode_state_stoichiometry,L3,RULE_STOICHIOMETRIC_WINDOW
energy_grav,Wh/kg,P0,22,charge_formula_frac_B,stoichiometric_window,electrode_state_stoichiometry,L3,RULE_STOICHIOMETRIC_WINDOW
energy_grav,Wh/kg,P0,23,charge_formula_frac_Br,stoichiometric_window,electrode_state_stoichiometry,L3,RULE_STOICHIOMETRIC_WINDOW
energy_grav,Wh/kg,P0,24,charge_formula_frac_C,stoichiometric_window,electrode_state_stoichiometry,L3,RULE_STOICHIOMETRIC_WINDOW
energy_grav,Wh/kg,P0,25,charge_formula_frac_Ca,stoichiometric_window,electrode_state_stoichiometry,L3,RULE_STOICHIOMETRIC_WINDOW
energy_grav,Wh/kg,P0,26,charge_formula_frac_Cl,stoichiometric_window,electrode_state_stoichiometry,L3,RULE_STOICHIOMETRIC_WINDOW
energy_grav,Wh/kg,P0,27,charge_formula_frac_Co,stoichiometric_window,electrode_state_stoichiometry,L3,RULE_STOICHIOMETRIC_WINDOW
energy_grav,Wh/kg,P0,28,charge_formula_frac_Cr,stoichiometric_window,electrode_state_stoichiometry,L3,RULE_STOICHIOMETRIC_WINDOW
energy_grav,Wh/kg,P0,29,charge_formula_frac_Cu,stoichiometric_window,electrode_state_stoichiometry,L3,RULE_STOICHIOMETRIC_WINDOW
energy_grav,Wh/kg,P0,30,charge_formula_frac_F,stoichiometric_window,electrode_state_stoichiometry,L3,RULE_STOICHIOMETRIC_WINDOW
energy_grav,Wh/kg,P0,31,charge_formula_frac_Fe,stoichiometric_window,electrode_state_stoichiometry,L3,RULE_STOICHIOMETRIC_WINDOW
energy_grav,Wh/kg,P0,32,charge_formula_frac_I,stoichiometric_window,electrode_state_stoichiometry,L3,RULE_STOICHIOMETRIC_WINDOW
energy_grav,Wh/kg,P0,33,charge_formula_frac_K,stoichiometric_window,electrode_state_stoichiometry,L3,RULE_STOICHIOMETRIC_WINDOW
energy_grav,Wh/kg,P0,34,charge_formula_frac_Li,stoichiometric_window,electrode_state_stoichiometry,L3,RULE_STOICHIOMETRIC_WINDOW
energy_grav,Wh/kg,P0,35,charge_formula_frac_Mg,stoichiometric_window,electrode_state_stoichiometry,L3,RULE_STOICHIOMETRIC_WINDOW
energy_grav,Wh/kg,P0,36,charge_formula_frac_Mn,stoichiometric_window,electrode_state_stoichiometry,L3,RULE_STOICHIOMETRIC_WINDOW
energy_grav,Wh/kg,P0,37,charge_formula_frac_N,stoichiometric_window,electrode_state_stoichiometry,L3,RULE_STOICHIOMETRIC_WINDOW
energy_grav,Wh/kg,P0,38,charge_formula_frac_Na,stoichiometric_window,electrode_state_stoichiometry,L3,RULE_STOICHIOMETRIC_WINDOW
energy_grav,Wh/kg,P0,39,charge_formula_frac_Ni,stoichiometric_window,electrode_state_stoichiometry,L3,RULE_STOICHIOMETRIC_WINDOW
energy_grav,Wh/kg,P0,40,charge_formula_frac_O,stoichiometric_window,electrode_state_stoichiometry,L3,RULE_STOICHIOMETRIC_WINDOW
energy_grav,Wh/kg,P0,41,charge_formula_frac_P,stoichiometric_window,electrode_state_stoichiometry,L3,RULE_STOICHIOMETRIC_WINDOW
energy_grav,Wh/kg,P0,42,charge_formula_frac_S,stoichiometric_window,electrode_state_stoichiometry,L3,RULE_STOICHIOMETRIC_WINDOW
energy_grav,Wh/kg,P0,43,charge_formula_frac_Si,stoichiometric_window,electrode_state_stoichiometry,L3,RULE_STOICHIOMETRIC_WINDOW
energy_grav,Wh/kg,P0,44,charge_formula_frac_Ti,stoichiometric_window,electrode_state_stoichiometry,L3,RULE_STOICHIOMETRIC_WINDOW
energy_grav,Wh/kg,P0,45,charge_formula_frac_V,stoichiometric_window,electrode_state_stoichiometry,L3,RULE_STOICHIOMETRIC_WINDOW
energy_grav,Wh/kg,P0,46,charge_formula_frac_Zn,stoichiometric_window,electrode_state_stoichiometry,L3,RULE_STOICHIOMETRIC_WINDOW
energy_grav,Wh/kg,P0,47,charge_formula_frac_transition_metals,stoichiometric_window,electrode_state_stoichiometry,L3,RULE_STOICHIOMETRIC_WINDOW
energy_grav,Wh/kg,P0,48,charge_formula_group_max,stoichiometric_window,electrode_state_stoichiometry,L3,RULE_STOICHIOMETRIC_WINDOW
energy_grav,Wh/kg,P0,49,charge_formula_group_mean,stoichiometric_window,electrode_state_stoichiometry,L3,RULE_STOICHIOMETRIC_WINDOW
energy_grav,Wh/kg,P0,50,charge_formula_group_min,stoichiometric_window,electrode_state_stoichiometry,L3,RULE_STOICHIOMETRIC_WINDOW
energy_grav,Wh/kg,P0,51,charge_formula_group_range,stoichiometric_window,electrode_state_stoichiometry,L3,RULE_STOICHIOMETRIC_WINDOW
energy_grav,Wh/kg,P0,52,charge_formula_group_std,stoichiometric_window,electrode_state_stoichiometry,L3,RULE_STOICHIOMETRIC_WINDOW
energy_grav,Wh/kg,P0,53,charge_formula_has_Br,stoichiometric_window,electrode_state_stoichiometry,L3,RULE_STOICHIOMETRIC_WINDOW
energy_grav,Wh/kg,P0,54,charge_formula_has_C,stoichiometric_window,electrode_state_stoichiometry,L3,RULE_STOICHIOMETRIC_WINDOW
energy_grav,Wh/kg,P0,55,charge_formula_has_Cl,stoichiometric_window,electrode_state_stoichiometry,L3,RULE_STOICHIOMETRIC_WINDOW
energy_grav,Wh/kg,P0,56,charge_formula_has_F,stoichiometric_window,electrode_state_stoichiometry,L3,RULE_STOICHIOMETRIC_WINDOW
energy_grav,Wh/kg,P0,57,charge_formula_has_I,stoichiometric_window,electrode_state_stoichiometry,L3,RULE_STOICHIOMETRIC_WINDOW
energy_grav,Wh/kg,P0,58,charge_formula_has_N,stoichiometric_window,electrode_state_stoichiometry,L3,RULE_STOICHIOMETRIC_WINDOW
energy_grav,Wh/kg,P0,59,charge_formula_has_O,stoichiometric_window,electrode_state_stoichiometry,L3,RULE_STOICHIOMETRIC_WINDOW
energy_grav,Wh/kg,P0,60,charge_formula_has_P,stoichiometric_window,electrode_state_stoichiometry,L3,RULE_STOICHIOMETRIC_WINDOW
energy_grav,Wh/kg,P0,61,charge_formula_has_S,stoichiometric_window,electrode_state_stoichiometry,L3,RULE_STOICHIOMETRIC_WINDOW
energy_grav,Wh/kg,P0,62,charge_formula_has_Si,stoichiometric_window,electrode_state_stoichiometry,L3,RULE_STOICHIOMETRIC_WINDOW
energy_grav,Wh/kg,P0,63,charge_formula_n_atoms,stoichiometric_window,electrode_state_stoichiometry,L3,RULE_STOICHIOMETRIC_WINDOW
energy_grav,Wh/kg,P0,64,charge_formula_n_elements,stoichiometric_window,electrode_state_stoichiometry,L3,RULE_STOICHIOMETRIC_WINDOW
energy_grav,Wh/kg,P0,65,charge_formula_n_transition_metals,stoichiometric_window,electrode_state_stoichiometry,L3,RULE_STOICHIOMETRIC_WINDOW
energy_grav,Wh/kg,P0,66,charge_formula_parse_ok,stoichiometric_window,electrode_state_stoichiometry,L3,RULE_STOICHIOMETRIC_WINDOW
energy_grav,Wh/kg,P0,67,charge_formula_row_max,stoichiometric_window,electrode_state_stoichiometry,L3,RULE_STOICHIOMETRIC_WINDOW
energy_grav,Wh/kg,P0,68,charge_formula_row_mean,stoichiometric_window,electrode_state_stoichiometry,L3,RULE_STOICHIOMETRIC_WINDOW
energy_grav,Wh/kg,P0,69,charge_formula_row_min,stoichiometric_window,electrode_state_stoichiometry,L3,RULE_STOICHIOMETRIC_WINDOW
energy_grav,Wh/kg,P0,70,charge_formula_row_range,stoichiometric_window,electrode_state_stoichiometry,L3,RULE_STOICHIOMETRIC_WINDOW
energy_grav,Wh/kg,P0,71,charge_formula_row_std,stoichiometric_window,electrode_state_stoichiometry,L3,RULE_STOICHIOMETRIC_WINDOW
energy_grav,Wh/kg,P0,72,charge_summary_band_gap,post_dft_electronic_summary,post_dft_electronic,L4,RULE_POST_DFT_ELECTRONIC
energy_grav,Wh/kg,P0,73,charge_summary_density,relaxed_structure_summary,relaxed_structure,L0,RULE_SAFE_STRUCTURE
energy_grav,Wh/kg,P0,74,charge_summary_density_atomic,relaxed_structure_summary,relaxed_structure,L0,RULE_SAFE_STRUCTURE
energy_grav,Wh/kg,P0,75,charge_summary_energy_above_hull,post_dft_energy_stability_summary,post_dft_thermodynamics,L4,RULE_HULL_OTHER
energy_grav,Wh/kg,P0,76,charge_summary_formation_energy_per_atom,post_dft_energy_stability_summary,post_dft_thermodynamics,L2,RULE_FORMATION_ENERGY_ENERGY
energy_grav,Wh/kg,P0,77,charge_summary_is_metal,post_dft_electronic_summary,post_dft_electronic,L4,RULE_POST_DFT_ELECTRONIC
energy_grav,Wh/kg,P0,78,charge_summary_is_stable,post_dft_energy_stability_summary,post_dft_thermodynamics,L4,RULE_HULL_OTHER
energy_grav,Wh/kg,P0,79,charge_summary_nsites,relaxed_structure_summary,relaxed_structure,L0,RULE_SAFE_STRUCTURE
energy_grav,Wh/kg,P0,80,charge_summary_symmetry_number,relaxed_structure_summary,relaxed_structure,L0,RULE_SAFE_STRUCTURE
energy_grav,Wh/kg,P0,81,charge_summary_theoretical,post_dft_provenance_flag,post_dft_provenance,L4,RULE_POST_DFT_PROVENANCE
energy_grav,Wh/kg,P0,82,charge_summary_volume,relaxed_structure_summary,relaxed_structure,L0,RULE_SAFE_STRUCTURE
energy_grav,Wh/kg,P0,83,charge_summary_volume_per_site,relaxed_structure_summary,relaxed_structure,L0,RULE_SAFE_STRUCTURE
energy_grav,Wh/kg,P0,84,discharge_formula_X_max,stoichiometric_window,electrode_state_stoichiometry,L3,RULE_STOICHIOMETRIC_WINDOW
energy_grav,Wh/kg,P0,85,discharge_formula_X_mean,stoichiometric_window,electrode_state_stoichiometry,L3,RULE_STOICHIOMETRIC_WINDOW
energy_grav,Wh/kg,P0,86,discharge_formula_X_min,stoichiometric_window,electrode_state_stoichiometry,L3,RULE_STOICHIOMETRIC_WINDOW
energy_grav,Wh/kg,P0,87,discharge_formula_X_range,stoichiometric_window,electrode_state_stoichiometry,L3,RULE_STOICHIOMETRIC_WINDOW
energy_grav,Wh/kg,P0,88,discharge_formula_X_std,stoichiometric_window,electrode_state_stoichiometry,L3,RULE_STOICHIOMETRIC_WINDOW
energy_grav,Wh/kg,P0,89,discharge_formula_Z_max,stoichiometric_window,electrode_state_stoichiometry,L3,RULE_STOICHIOMETRIC_WINDOW
energy_grav,Wh/kg,P0,90,discharge_formula_Z_mean,stoichiometric_window,electrode_state_stoichiometry,L3,RULE_STOICHIOMETRIC_WINDOW
energy_grav,Wh/kg,P0,91,discharge_formula_Z_min,stoichiometric_window,electrode_state_stoichiometry,L3,RULE_STOICHIOMETRIC_WINDOW
energy_grav,Wh/kg,P0,92,discharge_formula_Z_range,stoichiometric_window,electrode_state_stoichiometry,L3,RULE_STOICHIOMETRIC_WINDOW
energy_grav,Wh/kg,P0,93,discharge_formula_Z_std,stoichiometric_window,electrode_state_stoichiometry,L3,RULE_STOICHIOMETRIC_WINDOW
energy_grav,Wh/kg,P0,94,discharge_formula_atomic_mass_max,stoichiometric_window,electrode_state_stoichiometry,L3,RULE_STOICHIOMETRIC_WINDOW
energy_grav,Wh/kg,P0,95,discharge_formula_atomic_mass_mean,stoichiometric_window,electrode_state_stoichiometry,L3,RULE_STOICHIOMETRIC_WINDOW
energy_grav,Wh/kg,P0,96,discharge_formula_atomic_mass_min,stoichiometric_window,electrode_state_stoichiometry,L3,RULE_STOICHIOMETRIC_WINDOW
energy_grav,Wh/kg,P0,97,discharge_formula_atomic_mass_range,stoichiometric_window,electrode_state_stoichiometry,L3,RULE_STOICHIOMETRIC_WINDOW
energy_grav,Wh/kg,P0,98,discharge_formula_atomic_mass_std,stoichiometric_window,electrode_state_stoichiometry,L3,RULE_STOICHIOMETRIC_WINDOW
energy_grav,Wh/kg,P0,99,discharge_formula_frac_Ag,stoichiometric_window,electrode_state_stoichiometry,L3,RULE_STOICHIOMETRIC_WINDOW
energy_grav,Wh/kg,P0,100,discharge_formula_frac_Al,stoichiometric_window,electrode_state_stoichiometry,L3,RULE_STOICHIOMETRIC_WINDOW
energy_grav,Wh/kg,P0,101,discharge_formula_frac_As,stoichiometric_window,electrode_state_stoichiometry,L3,RULE_STOICHIOMETRIC_WINDOW
energy_grav,Wh/kg,P0,102,discharge_formula_frac_B,stoichiometric_window,electrode_state_stoichiometry,L3,RULE_STOICHIOMETRIC_WINDOW
energy_grav,Wh/kg,P0,103,discharge_formula_frac_Br,stoichiometric_window,electrode_state_stoichiometry,L3,RULE_STOICHIOMETRIC_WINDOW
energy_grav,Wh/kg,P0,104,discharge_formula_frac_C,stoichiometric_window,electrode_state_stoichiometry,L3,RULE_STOICHIOMETRIC_WINDOW
energy_grav,Wh/kg,P0,105,discharge_formula_frac_Ca,stoichiometric_window,electrode_state_stoichiometry,L3,RULE_STOICHIOMETRIC_WINDOW
energy_grav,Wh/kg,P0,106,discharge_formula_frac_Cl,stoichiometric_window,electrode_state_stoichiometry,L3,RULE_STOICHIOMETRIC_WINDOW
energy_grav,Wh/kg,P0,107,discharge_formula_frac_Co,stoichiometric_window,electrode_state_stoichiometry,L3,RULE_STOICHIOMETRIC_WINDOW
energy_grav,Wh/kg,P0,108,discharge_formula_frac_Cr,stoichiometric_window,electrode_state_stoichiometry,L3,RULE_STOICHIOMETRIC_WINDOW
energy_grav,Wh/kg,P0,109,discharge_formula_frac_Cu,stoichiometric_window,electrode_state_stoichiometry,L3,RULE_STOICHIOMETRIC_WINDOW
energy_grav,Wh/kg,P0,110,discharge_formula_frac_F,stoichiometric_window,electrode_state_stoichiometry,L3,RULE_STOICHIOMETRIC_WINDOW
energy_grav,Wh/kg,P0,111,discharge_formula_frac_Fe,stoichiometric_window,electrode_state_stoichiometry,L3,RULE_STOICHIOMETRIC_WINDOW
energy_grav,Wh/kg,P0,112,discharge_formula_frac_I,stoichiometric_window,electrode_state_stoichiometry,L3,RULE_STOICHIOMETRIC_WINDOW
energy_grav,Wh/kg,P0,113,discharge_formula_frac_K,stoichiometric_window,electrode_state_stoichiometry,L3,RULE_STOICHIOMETRIC_WINDOW
energy_grav,Wh/kg,P0,114,discharge_formula_frac_Li,stoichiometric_window,electrode_state_stoichiometry,L3,RULE_STOICHIOMETRIC_WINDOW
energy_grav,Wh/kg,P0,115,discharge_formula_frac_Mg,stoichiometric_window,electrode_state_stoichiometry,L3,RULE_STOICHIOMETRIC_WINDOW
energy_grav,Wh/kg,P0,116,discharge_formula_frac_Mn,stoichiometric_window,electrode_state_stoichiometry,L3,RULE_STOICHIOMETRIC_WINDOW
energy_grav,Wh/kg,P0,117,discharge_formula_frac_N,stoichiometric_window,electrode_state_stoichiometry,L3,RULE_STOICHIOMETRIC_WINDOW
energy_grav,Wh/kg,P0,118,discharge_formula_frac_Na,stoichiometric_window,electrode_state_stoichiometry,L3,RULE_STOICHIOMETRIC_WINDOW
energy_grav,Wh/kg,P0,119,discharge_formula_frac_Ni,stoichiometric_window,electrode_state_stoichiometry,L3,RULE_STOICHIOMETRIC_WINDOW
energy_grav,Wh/kg,P0,120,discharge_formula_frac_O,stoichiometric_window,electrode_state_stoichiometry,L3,RULE_STOICHIOMETRIC_WINDOW
energy_grav,Wh/kg,P0,121,discharge_formula_frac_P,stoichiometric_window,electrode_state_stoichiometry,L3,RULE_STOICHIOMETRIC_WINDOW
energy_grav,Wh/kg,P0,122,discharge_formula_frac_S,stoichiometric_window,electrode_state_stoichiometry,L3,RULE_STOICHIOMETRIC_WINDOW
energy_grav,Wh/kg,P0,123,discharge_formula_frac_Si,stoichiometric_window,electrode_state_stoichiometry,L3,RULE_STOICHIOMETRIC_WINDOW
energy_grav,Wh/kg,P0,124,discharge_formula_frac_Ti,stoichiometric_window,electrode_state_stoichiometry,L3,RULE_STOICHIOMETRIC_WINDOW
energy_grav,Wh/kg,P0,125,discharge_formula_frac_V,stoichiometric_window,electrode_state_stoichiometry,L3,RULE_STOICHIOMETRIC_WINDOW
energy_grav,Wh/kg,P0,126,discharge_formula_frac_Zn,stoichiometric_window,electrode_state_stoichiometry,L3,RULE_STOICHIOMETRIC_WINDOW
energy_grav,Wh/kg,P0,127,discharge_formula_frac_transition_metals,stoichiometric_window,electrode_state_stoichiometry,L3,RULE_STOICHIOMETRIC_WINDOW
energy_grav,Wh/kg,P0,128,discharge_formula_group_max,stoichiometric_window,electrode_state_stoichiometry,L3,RULE_STOICHIOMETRIC_WINDOW
energy_grav,Wh/kg,P0,129,discharge_formula_group_mean,stoichiometric_window,electrode_state_stoichiometry,L3,RULE_STOICHIOMETRIC_WINDOW
energy_grav,Wh/kg,P0,130,discharge_formula_group_min,stoichiometric_window,electrode_state_stoichiometry,L3,RULE_STOICHIOMETRIC_WINDOW
energy_grav,Wh/kg,P0,131,discharge_formula_group_range,stoichiometric_window,electrode_state_stoichiometry,L3,RULE_STOICHIOMETRIC_WINDOW
energy_grav,Wh/kg,P0,132,discharge_formula_group_std,stoichiometric_window,electrode_state_stoichiometry,L3,RULE_STOICHIOMETRIC_WINDOW
energy_grav,Wh/kg,P0,133,discharge_formula_has_Br,stoichiometric_window,electrode_state_stoichiometry,L3,RULE_STOICHIOMETRIC_WINDOW
energy_grav,Wh/kg,P0,134,discharge_formula_has_C,stoichiometric_window,electrode_state_stoichiometry,L3,RULE_STOICHIOMETRIC_WINDOW
energy_grav,Wh/kg,P0,135,discharge_formula_has_Cl,stoichiometric_window,electrode_state_stoichiometry,L3,RULE_STOICHIOMETRIC_WINDOW
energy_grav,Wh/kg,P0,136,discharge_formula_has_F,stoichiometric_window,electrode_state_stoichiometry,L3,RULE_STOICHIOMETRIC_WINDOW
energy_grav,Wh/kg,P0,137,discharge_formula_has_I,stoichiometric_window,electrode_state_stoichiometry,L3,RULE_STOICHIOMETRIC_WINDOW
energy_grav,Wh/kg,P0,138,discharge_formula_has_N,stoichiometric_window,electrode_state_stoichiometry,L3,RULE_STOICHIOMETRIC_WINDOW
energy_grav,Wh/kg,P0,139,discharge_formula_has_O,stoichiometric_window,electrode_state_stoichiometry,L3,RULE_STOICHIOMETRIC_WINDOW
energy_grav,Wh/kg,P0,140,discharge_formula_has_P,stoichiometric_window,electrode_state_stoichiometry,L3,RULE_STOICHIOMETRIC_WINDOW
energy_grav,Wh/kg,P0,141,discharge_formula_has_S,stoichiometric_window,electrode_state_stoichiometry,L3,RULE_STOICHIOMETRIC_WINDOW
energy_grav,Wh/kg,P0,142,discharge_formula_has_Si,stoichiometric_window,electrode_state_stoichiometry,L3,RULE_STOICHIOMETRIC_WINDOW
energy_grav,Wh/kg,P0,143,discharge_formula_n_atoms,stoichiometric_window,electrode_state_stoichiometry,L3,RULE_STOICHIOMETRIC_WINDOW
energy_grav,Wh/kg,P0,144,discharge_formula_n_elements,stoichiometric_window,electrode_state_stoichiometry,L3,RULE_STOICHIOMETRIC_WINDOW
energy_grav,Wh/kg,P0,145,discharge_formula_n_transition_metals,stoichiometric_window,electrode_state_stoichiometry,L3,RULE_STOICHIOMETRIC_WINDOW
energy_grav,Wh/kg,P0,146,discharge_formula_parse_ok,stoichiometric_window,electrode_state_stoichiometry,L3,RULE_STOICHIOMETRIC_WINDOW
energy_grav,Wh/kg,P0,147,discharge_formula_row_max,stoichiometric_window,electrode_state_stoichiometry,L3,RULE_STOICHIOMETRIC_WINDOW
energy_grav,Wh/kg,P0,148,discharge_formula_row_mean,stoichiometric_window,electrode_state_stoichiometry,L3,RULE_STOICHIOMETRIC_WINDOW
energy_grav,Wh/kg,P0,149,discharge_formula_row_min,stoichiometric_window,electrode_state_stoichiometry,L3,RULE_STOICHIOMETRIC_WINDOW
energy_grav,Wh/kg,P0,150,discharge_formula_row_range,stoichiometric_window,electrode_state_stoichiometry,L3,RULE_STOICHIOMETRIC_WINDOW
energy_grav,Wh/kg,P0,151,discharge_formula_row_std,stoichiometric_window,electrode_state_stoichiometry,L3,RULE_STOICHIOMETRIC_WINDOW
energy_grav,Wh/kg,P0,152,discharge_summary_band_gap,post_dft_electronic_summary,post_dft_electronic,L4,RULE_POST_DFT_ELECTRONIC
energy_grav,Wh/kg,P0,153,discharge_summary_density,relaxed_structure_summary,relaxed_structure,L0,RULE_SAFE_STRUCTURE
energy_grav,Wh/kg,P0,154,discharge_summary_density_atomic,relaxed_structure_summary,relaxed_structure,L0,RULE_SAFE_STRUCTURE
energy_grav,Wh/kg,P0,155,discharge_summary_energy_above_hull,post_dft_energy_stability_summary,post_dft_thermodynamics,L4,RULE_HULL_OTHER
energy_grav,Wh/kg,P0,156,discharge_summary_formation_energy_per_atom,post_dft_energy_stability_summary,post_dft_thermodynamics,L2,RULE_FORMATION_ENERGY_ENERGY
energy_grav,Wh/kg,P0,157,discharge_summary_is_metal,post_dft_electronic_summary,post_dft_electronic,L4,RULE_POST_DFT_ELECTRONIC
energy_grav,Wh/kg,P0,158,discharge_summary_is_stable,post_dft_energy_stability_summary,post_dft_thermodynamics,L4,RULE_HULL_OTHER
energy_grav,Wh/kg,P0,159,discharge_summary_nsites,relaxed_structure_summary,relaxed_structure,L0,RULE_SAFE_STRUCTURE
energy_grav,Wh/kg,P0,160,discharge_summary_symmetry_number,relaxed_structure_summary,relaxed_structure,L0,RULE_SAFE_STRUCTURE
energy_grav,Wh/kg,P0,161,discharge_summary_theoretical,post_dft_provenance_flag,post_dft_provenance,L4,RULE_POST_DFT_PROVENANCE
energy_grav,Wh/kg,P0,162,discharge_summary_volume,relaxed_structure_summary,relaxed_structure,L0,RULE_SAFE_STRUCTURE
energy_grav,Wh/kg,P0,163,discharge_summary_volume_per_site,relaxed_structure_summary,relaxed_structure,L0,RULE_SAFE_STRUCTURE
energy_grav,Wh/kg,P0,164,energy_vol,stored_electrode_target,stored_electrode_record,L2,RULE_ENERGY_DEFINITION
energy_grav,Wh/kg,P0,165,fracA_charge,stoichiometric_window,electrode_state_stoichiometry,L3,RULE_STOICHIOMETRIC_WINDOW
energy_grav,Wh/kg,P0,166,fracA_discharge,stoichiometric_window,electrode_state_stoichiometry,L3,RULE_STOICHIOMETRIC_WINDOW
energy_grav,Wh/kg,P0,167,fw_X_max,composition_known_framework,pre_dft_composition,L0,RULE_SAFE_DEFAULT
energy_grav,Wh/kg,P0,168,fw_X_mean,composition_known_framework,pre_dft_composition,L0,RULE_SAFE_DEFAULT
energy_grav,Wh/kg,P0,169,fw_X_min,composition_known_framework,pre_dft_composition,L0,RULE_SAFE_DEFAULT
energy_grav,Wh/kg,P0,170,fw_X_range,composition_known_framework,pre_dft_composition,L0,RULE_SAFE_DEFAULT
energy_grav,Wh/kg,P0,171,fw_X_std,composition_known_framework,pre_dft_composition,L0,RULE_SAFE_DEFAULT
energy_grav,Wh/kg,P0,172,fw_Z_max,composition_known_framework,pre_dft_composition,L0,RULE_SAFE_DEFAULT
energy_grav,Wh/kg,P0,173,fw_Z_mean,composition_known_framework,pre_dft_composition,L0,RULE_SAFE_DEFAULT
energy_grav,Wh/kg,P0,174,fw_Z_min,composition_known_framework,pre_dft_composition,L0,RULE_SAFE_DEFAULT
energy_grav,Wh/kg,P0,175,fw_Z_range,composition_known_framework,pre_dft_composition,L0,RULE_SAFE_DEFAULT
energy_grav,Wh/kg,P0,176,fw_Z_std,composition_known_framework,pre_dft_composition,L0,RULE_SAFE_DEFAULT
energy_grav,Wh/kg,P0,177,fw_atomic_mass_max,composition_known_framework,pre_dft_composition,L0,RULE_SAFE_DEFAULT
energy_grav,Wh/kg,P0,178,fw_atomic_mass_mean,composition_known_framework,pre_dft_composition,L0,RULE_SAFE_DEFAULT
energy_grav,Wh/kg,P0,179,fw_atomic_mass_min,composition_known_framework,pre_dft_composition,L0,RULE_SAFE_DEFAULT
energy_grav,Wh/kg,P0,180,fw_atomic_mass_range,composition_known_framework,pre_dft_composition,L0,RULE_SAFE_DEFAULT
energy_grav,Wh/kg,P0,181,fw_atomic_mass_std,composition_known_framework,pre_dft_composition,L0,RULE_SAFE_DEFAULT
energy_grav,Wh/kg,P0,182,fw_frac_Ag,composition_known_framework,pre_dft_composition,L0,RULE_SAFE_DEFAULT
energy_grav,Wh/kg,P0,183,fw_frac_Al,composition_known_framework,pre_dft_composition,L0,RULE_SAFE_DEFAULT
energy_grav,Wh/kg,P0,184,fw_frac_As,composition_known_framework,pre_dft_composition,L0,RULE_SAFE_DEFAULT
energy_grav,Wh/kg,P0,185,fw_frac_B,composition_known_framework,pre_dft_composition,L0,RULE_SAFE_DEFAULT
energy_grav,Wh/kg,P0,186,fw_frac_Br,composition_known_framework,pre_dft_composition,L0,RULE_SAFE_DEFAULT
energy_grav,Wh/kg,P0,187,fw_frac_C,composition_known_framework,pre_dft_composition,L0,RULE_SAFE_DEFAULT
energy_grav,Wh/kg,P0,188,fw_frac_Ca,composition_known_framework,pre_dft_composition,L0,RULE_SAFE_DEFAULT
energy_grav,Wh/kg,P0,189,fw_frac_Cl,composition_known_framework,pre_dft_composition,L0,RULE_SAFE_DEFAULT
energy_grav,Wh/kg,P0,190,fw_frac_Co,composition_known_framework,pre_dft_composition,L0,RULE_SAFE_DEFAULT
energy_grav,Wh/kg,P0,191,fw_frac_Cr,composition_known_framework,pre_dft_composition,L0,RULE_SAFE_DEFAULT
energy_grav,Wh/kg,P0,192,fw_frac_Cu,composition_known_framework,pre_dft_composition,L0,RULE_SAFE_DEFAULT
energy_grav,Wh/kg,P0,193,fw_frac_F,composition_known_framework,pre_dft_composition,L0,RULE_SAFE_DEFAULT
energy_grav,Wh/kg,P0,194,fw_frac_Fe,composition_known_framework,pre_dft_composition,L0,RULE_SAFE_DEFAULT
energy_grav,Wh/kg,P0,195,fw_frac_I,composition_known_framework,pre_dft_composition,L0,RULE_SAFE_DEFAULT
energy_grav,Wh/kg,P0,196,fw_frac_K,composition_known_framework,pre_dft_composition,L0,RULE_SAFE_DEFAULT
energy_grav,Wh/kg,P0,197,fw_frac_Li,composition_known_framework,pre_dft_composition,L0,RULE_SAFE_DEFAULT
energy_grav,Wh/kg,P0,198,fw_frac_Mg,composition_known_framework,pre_dft_composition,L0,RULE_SAFE_DEFAULT
energy_grav,Wh/kg,P0,199,fw_frac_Mn,composition_known_framework,pre_dft_composition,L0,RULE_SAFE_DEFAULT
energy_grav,Wh/kg,P0,200,fw_frac_N,composition_known_framework,pre_dft_composition,L0,RULE_SAFE_DEFAULT
energy_grav,Wh/kg,P0,201,fw_frac_Na,composition_known_framework,pre_dft_composition,L0,RULE_SAFE_DEFAULT
energy_grav,Wh/kg,P0,202,fw_frac_Ni,composition_known_framework,pre_dft_composition,L0,RULE_SAFE_DEFAULT
energy_grav,Wh/kg,P0,203,fw_frac_O,composition_known_framework,pre_dft_composition,L0,RULE_SAFE_DEFAULT
energy_grav,Wh/kg,P0,204,fw_frac_P,composition_known_framework,pre_dft_composition,L0,RULE_SAFE_DEFAULT
energy_grav,Wh/kg,P0,205,fw_frac_S,composition_known_framework,pre_dft_composition,L0,RULE_SAFE_DEFAULT
energy_grav,Wh/kg,P0,206,fw_frac_Si,composition_known_framework,pre_dft_composition,L0,RULE_SAFE_DEFAULT
energy_grav,Wh/kg,P0,207,fw_frac_Ti,composition_known_framework,pre_dft_composition,L0,RULE_SAFE_DEFAULT
energy_grav,Wh/kg,P0,208,fw_frac_V,composition_known_framework,pre_dft_composition,L0,RULE_SAFE_DEFAULT
energy_grav,Wh/kg,P0,209,fw_frac_Zn,composition_known_framework,pre_dft_composition,L0,RULE_SAFE_DEFAULT
energy_grav,Wh/kg,P0,210,fw_frac_transition_metals,composition_known_framework,pre_dft_composition,L0,RULE_SAFE_DEFAULT
energy_grav,Wh/kg,P0,211,fw_group_max,composition_known_framework,pre_dft_composition,L0,RULE_SAFE_DEFAULT
energy_grav,Wh/kg,P0,212,fw_group_mean,composition_known_framework,pre_dft_composition,L0,RULE_SAFE_DEFAULT
energy_grav,Wh/kg,P0,213,fw_group_min,composition_known_framework,pre_dft_composition,L0,RULE_SAFE_DEFAULT
energy_grav,Wh/kg,P0,214,fw_group_range,composition_known_framework,pre_dft_composition,L0,RULE_SAFE_DEFAULT
energy_grav,Wh/kg,P0,215,fw_group_std,composition_known_framework,pre_dft_composition,L0,RULE_SAFE_DEFAULT
energy_grav,Wh/kg,P0,216,fw_has_Br,composition_known_framework,pre_dft_composition,L0,RULE_SAFE_DEFAULT
energy_grav,Wh/kg,P0,217,fw_has_C,composition_known_framework,pre_dft_composition,L0,RULE_SAFE_DEFAULT
energy_grav,Wh/kg,P0,218,fw_has_Cl,composition_known_framework,pre_dft_composition,L0,RULE_SAFE_DEFAULT
energy_grav,Wh/kg,P0,219,fw_has_F,composition_known_framework,pre_dft_composition,L0,RULE_SAFE_DEFAULT
energy_grav,Wh/kg,P0,220,fw_has_I,composition_known_framework,pre_dft_composition,L0,RULE_SAFE_DEFAULT
energy_grav,Wh/kg,P0,221,fw_has_N,composition_known_framework,pre_dft_composition,L0,RULE_SAFE_DEFAULT
energy_grav,Wh/kg,P0,222,fw_has_O,composition_known_framework,pre_dft_composition,L0,RULE_SAFE_DEFAULT
energy_grav,Wh/kg,P0,223,fw_has_P,composition_known_framework,pre_dft_composition,L0,RULE_SAFE_DEFAULT
energy_grav,Wh/kg,P0,224,fw_has_S,composition_known_framework,pre_dft_composition,L0,RULE_SAFE_DEFAULT
energy_grav,Wh/kg,P0,225,fw_has_Si,composition_known_framework,pre_dft_composition,L0,RULE_SAFE_DEFAULT
energy_grav,Wh/kg,P0,226,fw_n_atoms,composition_known_framework,pre_dft_composition,L0,RULE_SAFE_DEFAULT
energy_grav,Wh/kg,P0,227,fw_n_elements,composition_known_framework,pre_dft_composition,L0,RULE_SAFE_DEFAULT
energy_grav,Wh/kg,P0,228,fw_n_transition_metals,composition_known_framework,pre_dft_composition,L0,RULE_SAFE_DEFAULT
energy_grav,Wh/kg,P0,229,fw_parse_ok,composition_known_framework,pre_dft_composition,L0,RULE_SAFE_DEFAULT
energy_grav,Wh/kg,P0,230,fw_row_max,composition_known_framework,pre_dft_composition,L0,RULE_SAFE_DEFAULT
energy_grav,Wh/kg,P0,231,fw_row_mean,composition_known_framework,pre_dft_composition,L0,RULE_SAFE_DEFAULT
energy_grav,Wh/kg,P0,232,fw_row_min,composition_known_framework,pre_dft_composition,L0,RULE_SAFE_DEFAULT
energy_grav,Wh/kg,P0,233,fw_row_range,composition_known_framework,pre_dft_composition,L0,RULE_SAFE_DEFAULT
energy_grav,Wh/kg,P0,234,fw_row_std,composition_known_framework,pre_dft_composition,L0,RULE_SAFE_DEFAULT
energy_grav,Wh/kg,P0,235,max_delta_volume,stored_electrode_target,stored_electrode_record,L4,RULE_OTHER_STORED_TARGET
energy_grav,Wh/kg,P0,236,max_voltage_step,stored_electrode_process_descriptor,stored_electrode_record,L0,RULE_SAFE_DEFAULT
energy_grav,Wh/kg,P0,237,num_steps,stored_electrode_process_descriptor,stored_electrode_record,L0,RULE_SAFE_DEFAULT
energy_grav,Wh/kg,P0,238,stability_charge,stored_electrode_target,stored_electrode_record,L4,RULE_OTHER_STORED_TARGET
energy_grav,Wh/kg,P0,239,stability_discharge,stored_electrode_target,stored_electrode_record,L4,RULE_OTHER_STORED_TARGET
energy_grav,Wh/kg,P0,240,stability_worst,stored_electrode_target,stored_electrode_record,L4,RULE_OTHER_STORED_TARGET
energy_grav,Wh/kg,P0,241,stoich_abs_wi_amount_delta,stoichiometric_window,electrode_state_stoichiometry,L3,RULE_STOICHIOMETRIC_WINDOW
energy_grav,Wh/kg,P0,242,stoich_wi_amount_charge,stoichiometric_window,electrode_state_stoichiometry,L3,RULE_STOICHIOMETRIC_WINDOW
energy_grav,Wh/kg,P0,243,stoich_wi_amount_delta,stoichiometric_window,electrode_state_stoichiometry,L3,RULE_STOICHIOMETRIC_WINDOW
energy_grav,Wh/kg,P0,244,stoich_wi_amount_discharge,stoichiometric_window,electrode_state_stoichiometry,L3,RULE_STOICHIOMETRIC_WINDOW
energy_grav,Wh/kg,P0,245,stored_abs_fracA_delta,other_numeric,derived_miscellaneous,L0,RULE_SAFE_DEFAULT
energy_grav,Wh/kg,P0,246,stored_fracA_delta,stoichiometric_window,electrode_state_stoichiometry,L3,RULE_STOICHIOMETRIC_WINDOW
energy_grav,Wh/kg,P0,247,summary_abs_delta_band_gap,post_dft_electronic_summary,post_dft_electronic,L4,RULE_POST_DFT_ELECTRONIC
energy_grav,Wh/kg,P0,248,summary_abs_delta_density,relaxed_structure_summary,relaxed_structure,L0,RULE_SAFE_STRUCTURE
energy_grav,Wh/kg,P0,249,summary_abs_delta_density_atomic,relaxed_structure_summary,relaxed_structure,L0,RULE_SAFE_STRUCTURE
energy_grav,Wh/kg,P0,250,summary_abs_delta_energy_above_hull,post_dft_energy_stability_summary,post_dft_thermodynamics,L4,RULE_HULL_OTHER
energy_grav,Wh/kg,P0,251,summary_abs_delta_formation_energy_per_atom,post_dft_energy_stability_summary,post_dft_thermodynamics,L2,RULE_FORMATION_ENERGY_ENERGY
energy_grav,Wh/kg,P0,252,summary_abs_delta_volume_fraction,relaxed_structure_summary,relaxed_structure,L0,RULE_SAFE_STRUCTURE
energy_grav,Wh/kg,P0,253,summary_abs_delta_volume_per_site,relaxed_structure_summary,relaxed_structure,L0,RULE_SAFE_STRUCTURE
energy_grav,Wh/kg,P0,254,summary_delta_band_gap,post_dft_electronic_summary,post_dft_electronic,L4,RULE_POST_DFT_ELECTRONIC
energy_grav,Wh/kg,P0,255,summary_delta_density,relaxed_structure_summary,relaxed_structure,L0,RULE_SAFE_STRUCTURE
energy_grav,Wh/kg,P0,256,summary_delta_density_atomic,relaxed_structure_summary,relaxed_structure,L0,RULE_SAFE_STRUCTURE
energy_grav,Wh/kg,P0,257,summary_delta_energy_above_hull,post_dft_energy_stability_summary,post_dft_thermodynamics,L4,RULE_HULL_OTHER
energy_grav,Wh/kg,P0,258,summary_delta_formation_energy_per_atom,post_dft_energy_stability_summary,post_dft_thermodynamics,L2,RULE_FORMATION_ENERGY_ENERGY
energy_grav,Wh/kg,P0,259,summary_delta_volume_fraction,relaxed_structure_summary,relaxed_structure,L0,RULE_SAFE_STRUCTURE
energy_grav,Wh/kg,P0,260,summary_delta_volume_per_site,relaxed_structure_summary,relaxed_structure,L0,RULE_SAFE_STRUCTURE
energy_grav,Wh/kg,P0,261,summary_worst_energy_above_hull,post_dft_energy_stability_summary,post_dft_thermodynamics,L4,RULE_HULL_OTHER
energy_grav,Wh/kg,P0,262,wi_X,composition_known_working_ion,pre_dft_composition,L0,RULE_SAFE_DEFAULT
energy_grav,Wh/kg,P0,263,wi_Z,composition_known_working_ion,pre_dft_composition,L0,RULE_SAFE_DEFAULT
energy_grav,Wh/kg,P0,264,wi_atomic_mass,composition_known_working_ion,pre_dft_composition,L0,RULE_SAFE_DEFAULT
energy_grav,Wh/kg,P0,265,wi_group,composition_known_working_ion,pre_dft_composition,L0,RULE_SAFE_DEFAULT
energy_grav,Wh/kg,P0,266,wi_row,composition_known_working_ion,pre_dft_composition,L0,RULE_SAFE_DEFAULT
energy_grav,Wh/kg,P1,1,fw_X_max,composition_known_framework,pre_dft_composition,L0,RULE_SAFE_DEFAULT
energy_grav,Wh/kg,P1,2,fw_X_mean,composition_known_framework,pre_dft_composition,L0,RULE_SAFE_DEFAULT
energy_grav,Wh/kg,P1,3,fw_X_min,composition_known_framework,pre_dft_composition,L0,RULE_SAFE_DEFAULT
energy_grav,Wh/kg,P1,4,fw_X_range,composition_known_framework,pre_dft_composition,L0,RULE_SAFE_DEFAULT
energy_grav,Wh/kg,P1,5,fw_X_std,composition_known_framework,pre_dft_composition,L0,RULE_SAFE_DEFAULT
energy_grav,Wh/kg,P1,6,fw_Z_max,composition_known_framework,pre_dft_composition,L0,RULE_SAFE_DEFAULT
energy_grav,Wh/kg,P1,7,fw_Z_mean,composition_known_framework,pre_dft_composition,L0,RULE_SAFE_DEFAULT
energy_grav,Wh/kg,P1,8,fw_Z_min,composition_known_framework,pre_dft_composition,L0,RULE_SAFE_DEFAULT
energy_grav,Wh/kg,P1,9,fw_Z_range,composition_known_framework,pre_dft_composition,L0,RULE_SAFE_DEFAULT
energy_grav,Wh/kg,P1,10,fw_Z_std,composition_known_framework,pre_dft_composition,L0,RULE_SAFE_DEFAULT
energy_grav,Wh/kg,P1,11,fw_atomic_mass_max,composition_known_framework,pre_dft_composition,L0,RULE_SAFE_DEFAULT
energy_grav,Wh/kg,P1,12,fw_atomic_mass_mean,composition_known_framework,pre_dft_composition,L0,RULE_SAFE_DEFAULT
energy_grav,Wh/kg,P1,13,fw_atomic_mass_min,composition_known_framework,pre_dft_composition,L0,RULE_SAFE_DEFAULT
energy_grav,Wh/kg,P1,14,fw_atomic_mass_range,composition_known_framework,pre_dft_composition,L0,RULE_SAFE_DEFAULT
energy_grav,Wh/kg,P1,15,fw_atomic_mass_std,composition_known_framework,pre_dft_composition,L0,RULE_SAFE_DEFAULT
energy_grav,Wh/kg,P1,16,fw_frac_Ag,composition_known_framework,pre_dft_composition,L0,RULE_SAFE_DEFAULT
energy_grav,Wh/kg,P1,17,fw_frac_Al,composition_known_framework,pre_dft_composition,L0,RULE_SAFE_DEFAULT
energy_grav,Wh/kg,P1,18,fw_frac_As,composition_known_framework,pre_dft_composition,L0,RULE_SAFE_DEFAULT
energy_grav,Wh/kg,P1,19,fw_frac_B,composition_known_framework,pre_dft_composition,L0,RULE_SAFE_DEFAULT
energy_grav,Wh/kg,P1,20,fw_frac_Br,composition_known_framework,pre_dft_composition,L0,RULE_SAFE_DEFAULT
energy_grav,Wh/kg,P1,21,fw_frac_C,composition_known_framework,pre_dft_composition,L0,RULE_SAFE_DEFAULT
energy_grav,Wh/kg,P1,22,fw_frac_Ca,composition_known_framework,pre_dft_composition,L0,RULE_SAFE_DEFAULT
energy_grav,Wh/kg,P1,23,fw_frac_Cl,composition_known_framework,pre_dft_composition,L0,RULE_SAFE_DEFAULT
energy_grav,Wh/kg,P1,24,fw_frac_Co,composition_known_framework,pre_dft_composition,L0,RULE_SAFE_DEFAULT
energy_grav,Wh/kg,P1,25,fw_frac_Cr,composition_known_framework,pre_dft_composition,L0,RULE_SAFE_DEFAULT
energy_grav,Wh/kg,P1,26,fw_frac_Cu,composition_known_framework,pre_dft_composition,L0,RULE_SAFE_DEFAULT
energy_grav,Wh/kg,P1,27,fw_frac_F,composition_known_framework,pre_dft_composition,L0,RULE_SAFE_DEFAULT
energy_grav,Wh/kg,P1,28,fw_frac_Fe,composition_known_framework,pre_dft_composition,L0,RULE_SAFE_DEFAULT
energy_grav,Wh/kg,P1,29,fw_frac_I,composition_known_framework,pre_dft_composition,L0,RULE_SAFE_DEFAULT
energy_grav,Wh/kg,P1,30,fw_frac_K,composition_known_framework,pre_dft_composition,L0,RULE_SAFE_DEFAULT
energy_grav,Wh/kg,P1,31,fw_frac_Li,composition_known_framework,pre_dft_composition,L0,RULE_SAFE_DEFAULT
energy_grav,Wh/kg,P1,32,fw_frac_Mg,composition_known_framework,pre_dft_composition,L0,RULE_SAFE_DEFAULT
energy_grav,Wh/kg,P1,33,fw_frac_Mn,composition_known_framework,pre_dft_composition,L0,RULE_SAFE_DEFAULT
energy_grav,Wh/kg,P1,34,fw_frac_N,composition_known_framework,pre_dft_composition,L0,RULE_SAFE_DEFAULT
energy_grav,Wh/kg,P1,35,fw_frac_Na,composition_known_framework,pre_dft_composition,L0,RULE_SAFE_DEFAULT
energy_grav,Wh/kg,P1,36,fw_frac_Ni,composition_known_framework,pre_dft_composition,L0,RULE_SAFE_DEFAULT
energy_grav,Wh/kg,P1,37,fw_frac_O,composition_known_framework,pre_dft_composition,L0,RULE_SAFE_DEFAULT
energy_grav,Wh/kg,P1,38,fw_frac_P,composition_known_framework,pre_dft_composition,L0,RULE_SAFE_DEFAULT
energy_grav,Wh/kg,P1,39,fw_frac_S,composition_known_framework,pre_dft_composition,L0,RULE_SAFE_DEFAULT
energy_grav,Wh/kg,P1,40,fw_frac_Si,composition_known_framework,pre_dft_composition,L0,RULE_SAFE_DEFAULT
energy_grav,Wh/kg,P1,41,fw_frac_Ti,composition_known_framework,pre_dft_composition,L0,RULE_SAFE_DEFAULT
energy_grav,Wh/kg,P1,42,fw_frac_V,composition_known_framework,pre_dft_composition,L0,RULE_SAFE_DEFAULT
energy_grav,Wh/kg,P1,43,fw_frac_Zn,composition_known_framework,pre_dft_composition,L0,RULE_SAFE_DEFAULT
energy_grav,Wh/kg,P1,44,fw_frac_transition_metals,composition_known_framework,pre_dft_composition,L0,RULE_SAFE_DEFAULT
energy_grav,Wh/kg,P1,45,fw_group_max,composition_known_framework,pre_dft_composition,L0,RULE_SAFE_DEFAULT
energy_grav,Wh/kg,P1,46,fw_group_mean,composition_known_framework,pre_dft_composition,L0,RULE_SAFE_DEFAULT
energy_grav,Wh/kg,P1,47,fw_group_min,composition_known_framework,pre_dft_composition,L0,RULE_SAFE_DEFAULT
energy_grav,Wh/kg,P1,48,fw_group_range,composition_known_framework,pre_dft_composition,L0,RULE_SAFE_DEFAULT
energy_grav,Wh/kg,P1,49,fw_group_std,composition_known_framework,pre_dft_composition,L0,RULE_SAFE_DEFAULT
energy_grav,Wh/kg,P1,50,fw_has_Br,composition_known_framework,pre_dft_composition,L0,RULE_SAFE_DEFAULT
energy_grav,Wh/kg,P1,51,fw_has_C,composition_known_framework,pre_dft_composition,L0,RULE_SAFE_DEFAULT
energy_grav,Wh/kg,P1,52,fw_has_Cl,composition_known_framework,pre_dft_composition,L0,RULE_SAFE_DEFAULT
energy_grav,Wh/kg,P1,53,fw_has_F,composition_known_framework,pre_dft_composition,L0,RULE_SAFE_DEFAULT
energy_grav,Wh/kg,P1,54,fw_has_I,composition_known_framework,pre_dft_composition,L0,RULE_SAFE_DEFAULT
energy_grav,Wh/kg,P1,55,fw_has_N,composition_known_framework,pre_dft_composition,L0,RULE_SAFE_DEFAULT
energy_grav,Wh/kg,P1,56,fw_has_O,composition_known_framework,pre_dft_composition,L0,RULE_SAFE_DEFAULT
energy_grav,Wh/kg,P1,57,fw_has_P,composition_known_framework,pre_dft_composition,L0,RULE_SAFE_DEFAULT
energy_grav,Wh/kg,P1,58,fw_has_S,composition_known_framework,pre_dft_composition,L0,RULE_SAFE_DEFAULT
energy_grav,Wh/kg,P1,59,fw_has_Si,composition_known_framework,pre_dft_composition,L0,RULE_SAFE_DEFAULT
energy_grav,Wh/kg,P1,60,fw_n_atoms,composition_known_framework,pre_dft_composition,L0,RULE_SAFE_DEFAULT
energy_grav,Wh/kg,P1,61,fw_n_elements,composition_known_framework,pre_dft_composition,L0,RULE_SAFE_DEFAULT
energy_grav,Wh/kg,P1,62,fw_n_transition_metals,composition_known_framework,pre_dft_composition,L0,RULE_SAFE_DEFAULT
energy_grav,Wh/kg,P1,63,fw_parse_ok,composition_known_framework,pre_dft_composition,L0,RULE_SAFE_DEFAULT
energy_grav,Wh/kg,P1,64,fw_row_max,composition_known_framework,pre_dft_composition,L0,RULE_SAFE_DEFAULT
energy_grav,Wh/kg,P1,65,fw_row_mean,composition_known_framework,pre_dft_composition,L0,RULE_SAFE_DEFAULT
energy_grav,Wh/kg,P1,66,fw_row_min,composition_known_framework,pre_dft_composition,L0,RULE_SAFE_DEFAULT
energy_grav,Wh/kg,P1,67,fw_row_range,composition_known_framework,pre_dft_composition,L0,RULE_SAFE_DEFAULT
energy_grav,Wh/kg,P1,68,fw_row_std,composition_known_framework,pre_dft_composition,L0,RULE_SAFE_DEFAULT
energy_grav,Wh/kg,P1,69,wi_X,composition_known_working_ion,pre_dft_composition,L0,RULE_SAFE_DEFAULT
energy_grav,Wh/kg,P1,70,wi_Z,composition_known_working_ion,pre_dft_composition,L0,RULE_SAFE_DEFAULT
energy_grav,Wh/kg,P1,71,wi_atomic_mass,composition_known_working_ion,pre_dft_composition,L0,RULE_SAFE_DEFAULT
energy_grav,Wh/kg,P1,72,wi_group,composition_known_working_ion,pre_dft_composition,L0,RULE_SAFE_DEFAULT
energy_grav,Wh/kg,P1,73,wi_row,composition_known_working_ion,pre_dft_composition,L0,RULE_SAFE_DEFAULT
energy_grav,Wh/kg,P2,1,charge_summary_density,relaxed_structure_summary,relaxed_structure,L0,RULE_SAFE_STRUCTURE
energy_grav,Wh/kg,P2,2,charge_summary_density_atomic,relaxed_structure_summary,relaxed_structure,L0,RULE_SAFE_STRUCTURE
energy_grav,Wh/kg,P2,3,charge_summary_nsites,relaxed_structure_summary,relaxed_structure,L0,RULE_SAFE_STRUCTURE
energy_grav,Wh/kg,P2,4,charge_summary_symmetry_number,relaxed_structure_summary,relaxed_structure,L0,RULE_SAFE_STRUCTURE
energy_grav,Wh/kg,P2,5,charge_summary_volume,relaxed_structure_summary,relaxed_structure,L0,RULE_SAFE_STRUCTURE
energy_grav,Wh/kg,P2,6,charge_summary_volume_per_site,relaxed_structure_summary,relaxed_structure,L0,RULE_SAFE_STRUCTURE
energy_grav,Wh/kg,P2,7,discharge_summary_density,relaxed_structure_summary,relaxed_structure,L0,RULE_SAFE_STRUCTURE
energy_grav,Wh/kg,P2,8,discharge_summary_density_atomic,relaxed_structure_summary,relaxed_structure,L0,RULE_SAFE_STRUCTURE
energy_grav,Wh/kg,P2,9,discharge_summary_nsites,relaxed_structure_summary,relaxed_structure,L0,RULE_SAFE_STRUCTURE
energy_grav,Wh/kg,P2,10,discharge_summary_symmetry_number,relaxed_structure_summary,relaxed_structure,L0,RULE_SAFE_STRUCTURE
energy_grav,Wh/kg,P2,11,discharge_summary_volume,relaxed_structure_summary,relaxed_structure,L0,RULE_SAFE_STRUCTURE
energy_grav,Wh/kg,P2,12,discharge_summary_volume_per_site,relaxed_structure_summary,relaxed_structure,L0,RULE_SAFE_STRUCTURE
energy_grav,Wh/kg,P2,13,fw_X_max,composition_known_framework,pre_dft_composition,L0,RULE_SAFE_DEFAULT
energy_grav,Wh/kg,P2,14,fw_X_mean,composition_known_framework,pre_dft_composition,L0,RULE_SAFE_DEFAULT
energy_grav,Wh/kg,P2,15,fw_X_min,composition_known_framework,pre_dft_composition,L0,RULE_SAFE_DEFAULT
energy_grav,Wh/kg,P2,16,fw_X_range,composition_known_framework,pre_dft_composition,L0,RULE_SAFE_DEFAULT
energy_grav,Wh/kg,P2,17,fw_X_std,composition_known_framework,pre_dft_composition,L0,RULE_SAFE_DEFAULT
energy_grav,Wh/kg,P2,18,fw_Z_max,composition_known_framework,pre_dft_composition,L0,RULE_SAFE_DEFAULT
energy_grav,Wh/kg,P2,19,fw_Z_mean,composition_known_framework,pre_dft_composition,L0,RULE_SAFE_DEFAULT
energy_grav,Wh/kg,P2,20,fw_Z_min,composition_known_framework,pre_dft_composition,L0,RULE_SAFE_DEFAULT
energy_grav,Wh/kg,P2,21,fw_Z_range,composition_known_framework,pre_dft_composition,L0,RULE_SAFE_DEFAULT
energy_grav,Wh/kg,P2,22,fw_Z_std,composition_known_framework,pre_dft_composition,L0,RULE_SAFE_DEFAULT
energy_grav,Wh/kg,P2,23,fw_atomic_mass_max,composition_known_framework,pre_dft_composition,L0,RULE_SAFE_DEFAULT
energy_grav,Wh/kg,P2,24,fw_atomic_mass_mean,composition_known_framework,pre_dft_composition,L0,RULE_SAFE_DEFAULT
energy_grav,Wh/kg,P2,25,fw_atomic_mass_min,composition_known_framework,pre_dft_composition,L0,RULE_SAFE_DEFAULT
energy_grav,Wh/kg,P2,26,fw_atomic_mass_range,composition_known_framework,pre_dft_composition,L0,RULE_SAFE_DEFAULT
energy_grav,Wh/kg,P2,27,fw_atomic_mass_std,composition_known_framework,pre_dft_composition,L0,RULE_SAFE_DEFAULT
energy_grav,Wh/kg,P2,28,fw_frac_Ag,composition_known_framework,pre_dft_composition,L0,RULE_SAFE_DEFAULT
energy_grav,Wh/kg,P2,29,fw_frac_Al,composition_known_framework,pre_dft_composition,L0,RULE_SAFE_DEFAULT
energy_grav,Wh/kg,P2,30,fw_frac_As,composition_known_framework,pre_dft_composition,L0,RULE_SAFE_DEFAULT
energy_grav,Wh/kg,P2,31,fw_frac_B,composition_known_framework,pre_dft_composition,L0,RULE_SAFE_DEFAULT
energy_grav,Wh/kg,P2,32,fw_frac_Br,composition_known_framework,pre_dft_composition,L0,RULE_SAFE_DEFAULT
energy_grav,Wh/kg,P2,33,fw_frac_C,composition_known_framework,pre_dft_composition,L0,RULE_SAFE_DEFAULT
energy_grav,Wh/kg,P2,34,fw_frac_Ca,composition_known_framework,pre_dft_composition,L0,RULE_SAFE_DEFAULT
energy_grav,Wh/kg,P2,35,fw_frac_Cl,composition_known_framework,pre_dft_composition,L0,RULE_SAFE_DEFAULT
energy_grav,Wh/kg,P2,36,fw_frac_Co,composition_known_framework,pre_dft_composition,L0,RULE_SAFE_DEFAULT
energy_grav,Wh/kg,P2,37,fw_frac_Cr,composition_known_framework,pre_dft_composition,L0,RULE_SAFE_DEFAULT
energy_grav,Wh/kg,P2,38,fw_frac_Cu,composition_known_framework,pre_dft_composition,L0,RULE_SAFE_DEFAULT
energy_grav,Wh/kg,P2,39,fw_frac_F,composition_known_framework,pre_dft_composition,L0,RULE_SAFE_DEFAULT
energy_grav,Wh/kg,P2,40,fw_frac_Fe,composition_known_framework,pre_dft_composition,L0,RULE_SAFE_DEFAULT
energy_grav,Wh/kg,P2,41,fw_frac_I,composition_known_framework,pre_dft_composition,L0,RULE_SAFE_DEFAULT
energy_grav,Wh/kg,P2,42,fw_frac_K,composition_known_framework,pre_dft_composition,L0,RULE_SAFE_DEFAULT
energy_grav,Wh/kg,P2,43,fw_frac_Li,composition_known_framework,pre_dft_composition,L0,RULE_SAFE_DEFAULT
energy_grav,Wh/kg,P2,44,fw_frac_Mg,composition_known_framework,pre_dft_composition,L0,RULE_SAFE_DEFAULT
energy_grav,Wh/kg,P2,45,fw_frac_Mn,composition_known_framework,pre_dft_composition,L0,RULE_SAFE_DEFAULT
energy_grav,Wh/kg,P2,46,fw_frac_N,composition_known_framework,pre_dft_composition,L0,RULE_SAFE_DEFAULT
energy_grav,Wh/kg,P2,47,fw_frac_Na,composition_known_framework,pre_dft_composition,L0,RULE_SAFE_DEFAULT
energy_grav,Wh/kg,P2,48,fw_frac_Ni,composition_known_framework,pre_dft_composition,L0,RULE_SAFE_DEFAULT
energy_grav,Wh/kg,P2,49,fw_frac_O,composition_known_framework,pre_dft_composition,L0,RULE_SAFE_DEFAULT
energy_grav,Wh/kg,P2,50,fw_frac_P,composition_known_framework,pre_dft_composition,L0,RULE_SAFE_DEFAULT
energy_grav,Wh/kg,P2,51,fw_frac_S,composition_known_framework,pre_dft_composition,L0,RULE_SAFE_DEFAULT
energy_grav,Wh/kg,P2,52,fw_frac_Si,composition_known_framework,pre_dft_composition,L0,RULE_SAFE_DEFAULT
energy_grav,Wh/kg,P2,53,fw_frac_Ti,composition_known_framework,pre_dft_composition,L0,RULE_SAFE_DEFAULT
energy_grav,Wh/kg,P2,54,fw_frac_V,composition_known_framework,pre_dft_composition,L0,RULE_SAFE_DEFAULT
energy_grav,Wh/kg,P2,55,fw_frac_Zn,composition_known_framework,pre_dft_composition,L0,RULE_SAFE_DEFAULT
energy_grav,Wh/kg,P2,56,fw_frac_transition_metals,composition_known_framework,pre_dft_composition,L0,RULE_SAFE_DEFAULT
energy_grav,Wh/kg,P2,57,fw_group_max,composition_known_framework,pre_dft_composition,L0,RULE_SAFE_DEFAULT
energy_grav,Wh/kg,P2,58,fw_group_mean,composition_known_framework,pre_dft_composition,L0,RULE_SAFE_DEFAULT
energy_grav,Wh/kg,P2,59,fw_group_min,composition_known_framework,pre_dft_composition,L0,RULE_SAFE_DEFAULT
energy_grav,Wh/kg,P2,60,fw_group_range,composition_known_framework,pre_dft_composition,L0,RULE_SAFE_DEFAULT
energy_grav,Wh/kg,P2,61,fw_group_std,composition_known_framework,pre_dft_composition,L0,RULE_SAFE_DEFAULT
energy_grav,Wh/kg,P2,62,fw_has_Br,composition_known_framework,pre_dft_composition,L0,RULE_SAFE_DEFAULT
energy_grav,Wh/kg,P2,63,fw_has_C,composition_known_framework,pre_dft_composition,L0,RULE_SAFE_DEFAULT
energy_grav,Wh/kg,P2,64,fw_has_Cl,composition_known_framework,pre_dft_composition,L0,RULE_SAFE_DEFAULT
energy_grav,Wh/kg,P2,65,fw_has_F,composition_known_framework,pre_dft_composition,L0,RULE_SAFE_DEFAULT
energy_grav,Wh/kg,P2,66,fw_has_I,composition_known_framework,pre_dft_composition,L0,RULE_SAFE_DEFAULT
energy_grav,Wh/kg,P2,67,fw_has_N,composition_known_framework,pre_dft_composition,L0,RULE_SAFE_DEFAULT
energy_grav,Wh/kg,P2,68,fw_has_O,composition_known_framework,pre_dft_composition,L0,RULE_SAFE_DEFAULT
energy_grav,Wh/kg,P2,69,fw_has_P,composition_known_framework,pre_dft_composition,L0,RULE_SAFE_DEFAULT
energy_grav,Wh/kg,P2,70,fw_has_S,composition_known_framework,pre_dft_composition,L0,RULE_SAFE_DEFAULT
energy_grav,Wh/kg,P2,71,fw_has_Si,composition_known_framework,pre_dft_composition,L0,RULE_SAFE_DEFAULT
energy_grav,Wh/kg,P2,72,fw_n_atoms,composition_known_framework,pre_dft_composition,L0,RULE_SAFE_DEFAULT
energy_grav,Wh/kg,P2,73,fw_n_elements,composition_known_framework,pre_dft_composition,L0,RULE_SAFE_DEFAULT
energy_grav,Wh/kg,P2,74,fw_n_transition_metals,composition_known_framework,pre_dft_composition,L0,RULE_SAFE_DEFAULT
energy_grav,Wh/kg,P2,75,fw_parse_ok,composition_known_framework,pre_dft_composition,L0,RULE_SAFE_DEFAULT
energy_grav,Wh/kg,P2,76,fw_row_max,composition_known_framework,pre_dft_composition,L0,RULE_SAFE_DEFAULT
energy_grav,Wh/kg,P2,77,fw_row_mean,composition_known_framework,pre_dft_composition,L0,RULE_SAFE_DEFAULT
energy_grav,Wh/kg,P2,78,fw_row_min,composition_known_framework,pre_dft_composition,L0,RULE_SAFE_DEFAULT
energy_grav,Wh/kg,P2,79,fw_row_range,composition_known_framework,pre_dft_composition,L0,RULE_SAFE_DEFAULT
energy_grav,Wh/kg,P2,80,fw_row_std,composition_known_framework,pre_dft_composition,L0,RULE_SAFE_DEFAULT
energy_grav,Wh/kg,P2,81,summary_abs_delta_density,relaxed_structure_summary,relaxed_structure,L0,RULE_SAFE_STRUCTURE
energy_grav,Wh/kg,P2,82,summary_abs_delta_density_atomic,relaxed_structure_summary,relaxed_structure,L0,RULE_SAFE_STRUCTURE
energy_grav,Wh/kg,P2,83,summary_abs_delta_volume_fraction,relaxed_structure_summary,relaxed_structure,L0,RULE_SAFE_STRUCTURE
energy_grav,Wh/kg,P2,84,summary_abs_delta_volume_per_site,relaxed_structure_summary,relaxed_structure,L0,RULE_SAFE_STRUCTURE
energy_grav,Wh/kg,P2,85,summary_delta_density,relaxed_structure_summary,relaxed_structure,L0,RULE_SAFE_STRUCTURE
energy_grav,Wh/kg,P2,86,summary_delta_density_atomic,relaxed_structure_summary,relaxed_structure,L0,RULE_SAFE_STRUCTURE
energy_grav,Wh/kg,P2,87,summary_delta_volume_fraction,relaxed_structure_summary,relaxed_structure,L0,RULE_SAFE_STRUCTURE
energy_grav,Wh/kg,P2,88,summary_delta_volume_per_site,relaxed_structure_summary,relaxed_structure,L0,RULE_SAFE_STRUCTURE
energy_grav,Wh/kg,P2,89,wi_X,composition_known_working_ion,pre_dft_composition,L0,RULE_SAFE_DEFAULT
energy_grav,Wh/kg,P2,90,wi_Z,composition_known_working_ion,pre_dft_composition,L0,RULE_SAFE_DEFAULT
energy_grav,Wh/kg,P2,91,wi_atomic_mass,composition_known_working_ion,pre_dft_composition,L0,RULE_SAFE_DEFAULT
energy_grav,Wh/kg,P2,92,wi_group,composition_known_working_ion,pre_dft_composition,L0,RULE_SAFE_DEFAULT
energy_grav,Wh/kg,P2,93,wi_row,composition_known_working_ion,pre_dft_composition,L0,RULE_SAFE_DEFAULT
energy_grav,Wh/kg,P3,1,charge_summary_band_gap,post_dft_electronic_summary,post_dft_electronic,L4,RULE_POST_DFT_ELECTRONIC
energy_grav,Wh/kg,P3,2,charge_summary_density,relaxed_structure_summary,relaxed_structure,L0,RULE_SAFE_STRUCTURE
energy_grav,Wh/kg,P3,3,charge_summary_density_atomic,relaxed_structure_summary,relaxed_structure,L0,RULE_SAFE_STRUCTURE
energy_grav,Wh/kg,P3,4,charge_summary_energy_above_hull,post_dft_energy_stability_summary,post_dft_thermodynamics,L4,RULE_HULL_OTHER
energy_grav,Wh/kg,P3,5,charge_summary_is_metal,post_dft_electronic_summary,post_dft_electronic,L4,RULE_POST_DFT_ELECTRONIC
energy_grav,Wh/kg,P3,6,charge_summary_is_stable,post_dft_energy_stability_summary,post_dft_thermodynamics,L4,RULE_HULL_OTHER
energy_grav,Wh/kg,P3,7,charge_summary_nsites,relaxed_structure_summary,relaxed_structure,L0,RULE_SAFE_STRUCTURE
energy_grav,Wh/kg,P3,8,charge_summary_symmetry_number,relaxed_structure_summary,relaxed_structure,L0,RULE_SAFE_STRUCTURE
energy_grav,Wh/kg,P3,9,charge_summary_volume,relaxed_structure_summary,relaxed_structure,L0,RULE_SAFE_STRUCTURE
energy_grav,Wh/kg,P3,10,charge_summary_volume_per_site,relaxed_structure_summary,relaxed_structure,L0,RULE_SAFE_STRUCTURE
energy_grav,Wh/kg,P3,11,discharge_summary_band_gap,post_dft_electronic_summary,post_dft_electronic,L4,RULE_POST_DFT_ELECTRONIC
energy_grav,Wh/kg,P3,12,discharge_summary_density,relaxed_structure_summary,relaxed_structure,L0,RULE_SAFE_STRUCTURE
energy_grav,Wh/kg,P3,13,discharge_summary_density_atomic,relaxed_structure_summary,relaxed_structure,L0,RULE_SAFE_STRUCTURE
energy_grav,Wh/kg,P3,14,discharge_summary_energy_above_hull,post_dft_energy_stability_summary,post_dft_thermodynamics,L4,RULE_HULL_OTHER
energy_grav,Wh/kg,P3,15,discharge_summary_is_metal,post_dft_electronic_summary,post_dft_electronic,L4,RULE_POST_DFT_ELECTRONIC
energy_grav,Wh/kg,P3,16,discharge_summary_is_stable,post_dft_energy_stability_summary,post_dft_thermodynamics,L4,RULE_HULL_OTHER
energy_grav,Wh/kg,P3,17,discharge_summary_nsites,relaxed_structure_summary,relaxed_structure,L0,RULE_SAFE_STRUCTURE
energy_grav,Wh/kg,P3,18,discharge_summary_symmetry_number,relaxed_structure_summary,relaxed_structure,L0,RULE_SAFE_STRUCTURE
energy_grav,Wh/kg,P3,19,discharge_summary_volume,relaxed_structure_summary,relaxed_structure,L0,RULE_SAFE_STRUCTURE
energy_grav,Wh/kg,P3,20,discharge_summary_volume_per_site,relaxed_structure_summary,relaxed_structure,L0,RULE_SAFE_STRUCTURE
energy_grav,Wh/kg,P3,21,fw_X_max,composition_known_framework,pre_dft_composition,L0,RULE_SAFE_DEFAULT
energy_grav,Wh/kg,P3,22,fw_X_mean,composition_known_framework,pre_dft_composition,L0,RULE_SAFE_DEFAULT
energy_grav,Wh/kg,P3,23,fw_X_min,composition_known_framework,pre_dft_composition,L0,RULE_SAFE_DEFAULT
energy_grav,Wh/kg,P3,24,fw_X_range,composition_known_framework,pre_dft_composition,L0,RULE_SAFE_DEFAULT
energy_grav,Wh/kg,P3,25,fw_X_std,composition_known_framework,pre_dft_composition,L0,RULE_SAFE_DEFAULT
energy_grav,Wh/kg,P3,26,fw_Z_max,composition_known_framework,pre_dft_composition,L0,RULE_SAFE_DEFAULT
energy_grav,Wh/kg,P3,27,fw_Z_mean,composition_known_framework,pre_dft_composition,L0,RULE_SAFE_DEFAULT
energy_grav,Wh/kg,P3,28,fw_Z_min,composition_known_framework,pre_dft_composition,L0,RULE_SAFE_DEFAULT
energy_grav,Wh/kg,P3,29,fw_Z_range,composition_known_framework,pre_dft_composition,L0,RULE_SAFE_DEFAULT
energy_grav,Wh/kg,P3,30,fw_Z_std,composition_known_framework,pre_dft_composition,L0,RULE_SAFE_DEFAULT
energy_grav,Wh/kg,P3,31,fw_atomic_mass_max,composition_known_framework,pre_dft_composition,L0,RULE_SAFE_DEFAULT
energy_grav,Wh/kg,P3,32,fw_atomic_mass_mean,composition_known_framework,pre_dft_composition,L0,RULE_SAFE_DEFAULT
energy_grav,Wh/kg,P3,33,fw_atomic_mass_min,composition_known_framework,pre_dft_composition,L0,RULE_SAFE_DEFAULT
energy_grav,Wh/kg,P3,34,fw_atomic_mass_range,composition_known_framework,pre_dft_composition,L0,RULE_SAFE_DEFAULT
energy_grav,Wh/kg,P3,35,fw_atomic_mass_std,composition_known_framework,pre_dft_composition,L0,RULE_SAFE_DEFAULT
energy_grav,Wh/kg,P3,36,fw_frac_Ag,composition_known_framework,pre_dft_composition,L0,RULE_SAFE_DEFAULT
energy_grav,Wh/kg,P3,37,fw_frac_Al,composition_known_framework,pre_dft_composition,L0,RULE_SAFE_DEFAULT
energy_grav,Wh/kg,P3,38,fw_frac_As,composition_known_framework,pre_dft_composition,L0,RULE_SAFE_DEFAULT
energy_grav,Wh/kg,P3,39,fw_frac_B,composition_known_framework,pre_dft_composition,L0,RULE_SAFE_DEFAULT
energy_grav,Wh/kg,P3,40,fw_frac_Br,composition_known_framework,pre_dft_composition,L0,RULE_SAFE_DEFAULT
energy_grav,Wh/kg,P3,41,fw_frac_C,composition_known_framework,pre_dft_composition,L0,RULE_SAFE_DEFAULT
energy_grav,Wh/kg,P3,42,fw_frac_Ca,composition_known_framework,pre_dft_composition,L0,RULE_SAFE_DEFAULT
energy_grav,Wh/kg,P3,43,fw_frac_Cl,composition_known_framework,pre_dft_composition,L0,RULE_SAFE_DEFAULT
energy_grav,Wh/kg,P3,44,fw_frac_Co,composition_known_framework,pre_dft_composition,L0,RULE_SAFE_DEFAULT
energy_grav,Wh/kg,P3,45,fw_frac_Cr,composition_known_framework,pre_dft_composition,L0,RULE_SAFE_DEFAULT
energy_grav,Wh/kg,P3,46,fw_frac_Cu,composition_known_framework,pre_dft_composition,L0,RULE_SAFE_DEFAULT
energy_grav,Wh/kg,P3,47,fw_frac_F,composition_known_framework,pre_dft_composition,L0,RULE_SAFE_DEFAULT
energy_grav,Wh/kg,P3,48,fw_frac_Fe,composition_known_framework,pre_dft_composition,L0,RULE_SAFE_DEFAULT
energy_grav,Wh/kg,P3,49,fw_frac_I,composition_known_framework,pre_dft_composition,L0,RULE_SAFE_DEFAULT
energy_grav,Wh/kg,P3,50,fw_frac_K,composition_known_framework,pre_dft_composition,L0,RULE_SAFE_DEFAULT
energy_grav,Wh/kg,P3,51,fw_frac_Li,composition_known_framework,pre_dft_composition,L0,RULE_SAFE_DEFAULT
energy_grav,Wh/kg,P3,52,fw_frac_Mg,composition_known_framework,pre_dft_composition,L0,RULE_SAFE_DEFAULT
energy_grav,Wh/kg,P3,53,fw_frac_Mn,composition_known_framework,pre_dft_composition,L0,RULE_SAFE_DEFAULT
energy_grav,Wh/kg,P3,54,fw_frac_N,composition_known_framework,pre_dft_composition,L0,RULE_SAFE_DEFAULT
energy_grav,Wh/kg,P3,55,fw_frac_Na,composition_known_framework,pre_dft_composition,L0,RULE_SAFE_DEFAULT
energy_grav,Wh/kg,P3,56,fw_frac_Ni,composition_known_framework,pre_dft_composition,L0,RULE_SAFE_DEFAULT
energy_grav,Wh/kg,P3,57,fw_frac_O,composition_known_framework,pre_dft_composition,L0,RULE_SAFE_DEFAULT
energy_grav,Wh/kg,P3,58,fw_frac_P,composition_known_framework,pre_dft_composition,L0,RULE_SAFE_DEFAULT
energy_grav,Wh/kg,P3,59,fw_frac_S,composition_known_framework,pre_dft_composition,L0,RULE_SAFE_DEFAULT
energy_grav,Wh/kg,P3,60,fw_frac_Si,composition_known_framework,pre_dft_composition,L0,RULE_SAFE_DEFAULT
energy_grav,Wh/kg,P3,61,fw_frac_Ti,composition_known_framework,pre_dft_composition,L0,RULE_SAFE_DEFAULT
energy_grav,Wh/kg,P3,62,fw_frac_V,composition_known_framework,pre_dft_composition,L0,RULE_SAFE_DEFAULT
energy_grav,Wh/kg,P3,63,fw_frac_Zn,composition_known_framework,pre_dft_composition,L0,RULE_SAFE_DEFAULT
energy_grav,Wh/kg,P3,64,fw_frac_transition_metals,composition_known_framework,pre_dft_composition,L0,RULE_SAFE_DEFAULT
energy_grav,Wh/kg,P3,65,fw_group_max,composition_known_framework,pre_dft_composition,L0,RULE_SAFE_DEFAULT
energy_grav,Wh/kg,P3,66,fw_group_mean,composition_known_framework,pre_dft_composition,L0,RULE_SAFE_DEFAULT
energy_grav,Wh/kg,P3,67,fw_group_min,composition_known_framework,pre_dft_composition,L0,RULE_SAFE_DEFAULT
energy_grav,Wh/kg,P3,68,fw_group_range,composition_known_framework,pre_dft_composition,L0,RULE_SAFE_DEFAULT
energy_grav,Wh/kg,P3,69,fw_group_std,composition_known_framework,pre_dft_composition,L0,RULE_SAFE_DEFAULT
energy_grav,Wh/kg,P3,70,fw_has_Br,composition_known_framework,pre_dft_composition,L0,RULE_SAFE_DEFAULT
energy_grav,Wh/kg,P3,71,fw_has_C,composition_known_framework,pre_dft_composition,L0,RULE_SAFE_DEFAULT
energy_grav,Wh/kg,P3,72,fw_has_Cl,composition_known_framework,pre_dft_composition,L0,RULE_SAFE_DEFAULT
energy_grav,Wh/kg,P3,73,fw_has_F,composition_known_framework,pre_dft_composition,L0,RULE_SAFE_DEFAULT
energy_grav,Wh/kg,P3,74,fw_has_I,composition_known_framework,pre_dft_composition,L0,RULE_SAFE_DEFAULT
energy_grav,Wh/kg,P3,75,fw_has_N,composition_known_framework,pre_dft_composition,L0,RULE_SAFE_DEFAULT
energy_grav,Wh/kg,P3,76,fw_has_O,composition_known_framework,pre_dft_composition,L0,RULE_SAFE_DEFAULT
energy_grav,Wh/kg,P3,77,fw_has_P,composition_known_framework,pre_dft_composition,L0,RULE_SAFE_DEFAULT
energy_grav,Wh/kg,P3,78,fw_has_S,composition_known_framework,pre_dft_composition,L0,RULE_SAFE_DEFAULT
energy_grav,Wh/kg,P3,79,fw_has_Si,composition_known_framework,pre_dft_composition,L0,RULE_SAFE_DEFAULT
energy_grav,Wh/kg,P3,80,fw_n_atoms,composition_known_framework,pre_dft_composition,L0,RULE_SAFE_DEFAULT
energy_grav,Wh/kg,P3,81,fw_n_elements,composition_known_framework,pre_dft_composition,L0,RULE_SAFE_DEFAULT
energy_grav,Wh/kg,P3,82,fw_n_transition_metals,composition_known_framework,pre_dft_composition,L0,RULE_SAFE_DEFAULT
energy_grav,Wh/kg,P3,83,fw_parse_ok,composition_known_framework,pre_dft_composition,L0,RULE_SAFE_DEFAULT
energy_grav,Wh/kg,P3,84,fw_row_max,composition_known_framework,pre_dft_composition,L0,RULE_SAFE_DEFAULT
energy_grav,Wh/kg,P3,85,fw_row_mean,composition_known_framework,pre_dft_composition,L0,RULE_SAFE_DEFAULT
energy_grav,Wh/kg,P3,86,fw_row_min,composition_known_framework,pre_dft_composition,L0,RULE_SAFE_DEFAULT
energy_grav,Wh/kg,P3,87,fw_row_range,composition_known_framework,pre_dft_composition,L0,RULE_SAFE_DEFAULT
energy_grav,Wh/kg,P3,88,fw_row_std,composition_known_framework,pre_dft_composition,L0,RULE_SAFE_DEFAULT
energy_grav,Wh/kg,P3,89,max_voltage_step,stored_electrode_process_descriptor,stored_electrode_record,L0,RULE_SAFE_DEFAULT
energy_grav,Wh/kg,P3,90,num_steps,stored_electrode_process_descriptor,stored_electrode_record,L0,RULE_SAFE_DEFAULT
energy_grav,Wh/kg,P3,91,summary_abs_delta_band_gap,post_dft_electronic_summary,post_dft_electronic,L4,RULE_POST_DFT_ELECTRONIC
energy_grav,Wh/kg,P3,92,summary_abs_delta_density,relaxed_structure_summary,relaxed_structure,L0,RULE_SAFE_STRUCTURE
energy_grav,Wh/kg,P3,93,summary_abs_delta_density_atomic,relaxed_structure_summary,relaxed_structure,L0,RULE_SAFE_STRUCTURE
energy_grav,Wh/kg,P3,94,summary_abs_delta_energy_above_hull,post_dft_energy_stability_summary,post_dft_thermodynamics,L4,RULE_HULL_OTHER
energy_grav,Wh/kg,P3,95,summary_abs_delta_volume_fraction,relaxed_structure_summary,relaxed_structure,L0,RULE_SAFE_STRUCTURE
energy_grav,Wh/kg,P3,96,summary_abs_delta_volume_per_site,relaxed_structure_summary,relaxed_structure,L0,RULE_SAFE_STRUCTURE
energy_grav,Wh/kg,P3,97,summary_delta_band_gap,post_dft_electronic_summary,post_dft_electronic,L4,RULE_POST_DFT_ELECTRONIC
energy_grav,Wh/kg,P3,98,summary_delta_density,relaxed_structure_summary,relaxed_structure,L0,RULE_SAFE_STRUCTURE
energy_grav,Wh/kg,P3,99,summary_delta_density_atomic,relaxed_structure_summary,relaxed_structure,L0,RULE_SAFE_STRUCTURE
energy_grav,Wh/kg,P3,100,summary_delta_energy_above_hull,post_dft_energy_stability_summary,post_dft_thermodynamics,L4,RULE_HULL_OTHER
energy_grav,Wh/kg,P3,101,summary_delta_volume_fraction,relaxed_structure_summary,relaxed_structure,L0,RULE_SAFE_STRUCTURE
energy_grav,Wh/kg,P3,102,summary_delta_volume_per_site,relaxed_structure_summary,relaxed_structure,L0,RULE_SAFE_STRUCTURE
energy_grav,Wh/kg,P3,103,summary_worst_energy_above_hull,post_dft_energy_stability_summary,post_dft_thermodynamics,L4,RULE_HULL_OTHER
energy_grav,Wh/kg,P3,104,wi_X,composition_known_working_ion,pre_dft_composition,L0,RULE_SAFE_DEFAULT
energy_grav,Wh/kg,P3,105,wi_Z,composition_known_working_ion,pre_dft_composition,L0,RULE_SAFE_DEFAULT
energy_grav,Wh/kg,P3,106,wi_atomic_mass,composition_known_working_ion,pre_dft_composition,L0,RULE_SAFE_DEFAULT
energy_grav,Wh/kg,P3,107,wi_group,composition_known_working_ion,pre_dft_composition,L0,RULE_SAFE_DEFAULT
energy_grav,Wh/kg,P3,108,wi_row,composition_known_working_ion,pre_dft_composition,L0,RULE_SAFE_DEFAULT
energy_grav,Wh/kg,P4,1,average_voltage,stored_electrode_target,stored_electrode_record,L2,RULE_ENERGY_DEFINITION
energy_grav,Wh/kg,P4,2,capacity_grav,stored_electrode_target,stored_electrode_record,L2,RULE_ENERGY_DEFINITION
energy_grav,Wh/kg,P4,3,capacity_vol,stored_electrode_target,stored_electrode_record,L2,RULE_ENERGY_DEFINITION
energy_grav,Wh/kg,P4,4,charge_formula_X_max,stoichiometric_window,electrode_state_stoichiometry,L3,RULE_STOICHIOMETRIC_WINDOW
energy_grav,Wh/kg,P4,5,charge_formula_X_mean,stoichiometric_window,electrode_state_stoichiometry,L3,RULE_STOICHIOMETRIC_WINDOW
energy_grav,Wh/kg,P4,6,charge_formula_X_min,stoichiometric_window,electrode_state_stoichiometry,L3,RULE_STOICHIOMETRIC_WINDOW
energy_grav,Wh/kg,P4,7,charge_formula_X_range,stoichiometric_window,electrode_state_stoichiometry,L3,RULE_STOICHIOMETRIC_WINDOW
energy_grav,Wh/kg,P4,8,charge_formula_X_std,stoichiometric_window,electrode_state_stoichiometry,L3,RULE_STOICHIOMETRIC_WINDOW
energy_grav,Wh/kg,P4,9,charge_formula_Z_max,stoichiometric_window,electrode_state_stoichiometry,L3,RULE_STOICHIOMETRIC_WINDOW
energy_grav,Wh/kg,P4,10,charge_formula_Z_mean,stoichiometric_window,electrode_state_stoichiometry,L3,RULE_STOICHIOMETRIC_WINDOW
energy_grav,Wh/kg,P4,11,charge_formula_Z_min,stoichiometric_window,electrode_state_stoichiometry,L3,RULE_STOICHIOMETRIC_WINDOW
energy_grav,Wh/kg,P4,12,charge_formula_Z_range,stoichiometric_window,electrode_state_stoichiometry,L3,RULE_STOICHIOMETRIC_WINDOW
energy_grav,Wh/kg,P4,13,charge_formula_Z_std,stoichiometric_window,electrode_state_stoichiometry,L3,RULE_STOICHIOMETRIC_WINDOW
energy_grav,Wh/kg,P4,14,charge_formula_atomic_mass_max,stoichiometric_window,electrode_state_stoichiometry,L3,RULE_STOICHIOMETRIC_WINDOW
energy_grav,Wh/kg,P4,15,charge_formula_atomic_mass_mean,stoichiometric_window,electrode_state_stoichiometry,L3,RULE_STOICHIOMETRIC_WINDOW
energy_grav,Wh/kg,P4,16,charge_formula_atomic_mass_min,stoichiometric_window,electrode_state_stoichiometry,L3,RULE_STOICHIOMETRIC_WINDOW
energy_grav,Wh/kg,P4,17,charge_formula_atomic_mass_range,stoichiometric_window,electrode_state_stoichiometry,L3,RULE_STOICHIOMETRIC_WINDOW
energy_grav,Wh/kg,P4,18,charge_formula_atomic_mass_std,stoichiometric_window,electrode_state_stoichiometry,L3,RULE_STOICHIOMETRIC_WINDOW
energy_grav,Wh/kg,P4,19,charge_formula_frac_Ag,stoichiometric_window,electrode_state_stoichiometry,L3,RULE_STOICHIOMETRIC_WINDOW
energy_grav,Wh/kg,P4,20,charge_formula_frac_Al,stoichiometric_window,electrode_state_stoichiometry,L3,RULE_STOICHIOMETRIC_WINDOW
energy_grav,Wh/kg,P4,21,charge_formula_frac_As,stoichiometric_window,electrode_state_stoichiometry,L3,RULE_STOICHIOMETRIC_WINDOW
energy_grav,Wh/kg,P4,22,charge_formula_frac_B,stoichiometric_window,electrode_state_stoichiometry,L3,RULE_STOICHIOMETRIC_WINDOW
energy_grav,Wh/kg,P4,23,charge_formula_frac_Br,stoichiometric_window,electrode_state_stoichiometry,L3,RULE_STOICHIOMETRIC_WINDOW
energy_grav,Wh/kg,P4,24,charge_formula_frac_C,stoichiometric_window,electrode_state_stoichiometry,L3,RULE_STOICHIOMETRIC_WINDOW
energy_grav,Wh/kg,P4,25,charge_formula_frac_Ca,stoichiometric_window,electrode_state_stoichiometry,L3,RULE_STOICHIOMETRIC_WINDOW
energy_grav,Wh/kg,P4,26,charge_formula_frac_Cl,stoichiometric_window,electrode_state_stoichiometry,L3,RULE_STOICHIOMETRIC_WINDOW
energy_grav,Wh/kg,P4,27,charge_formula_frac_Co,stoichiometric_window,electrode_state_stoichiometry,L3,RULE_STOICHIOMETRIC_WINDOW
energy_grav,Wh/kg,P4,28,charge_formula_frac_Cr,stoichiometric_window,electrode_state_stoichiometry,L3,RULE_STOICHIOMETRIC_WINDOW
energy_grav,Wh/kg,P4,29,charge_formula_frac_Cu,stoichiometric_window,electrode_state_stoichiometry,L3,RULE_STOICHIOMETRIC_WINDOW
energy_grav,Wh/kg,P4,30,charge_formula_frac_F,stoichiometric_window,electrode_state_stoichiometry,L3,RULE_STOICHIOMETRIC_WINDOW
energy_grav,Wh/kg,P4,31,charge_formula_frac_Fe,stoichiometric_window,electrode_state_stoichiometry,L3,RULE_STOICHIOMETRIC_WINDOW
energy_grav,Wh/kg,P4,32,charge_formula_frac_I,stoichiometric_window,electrode_state_stoichiometry,L3,RULE_STOICHIOMETRIC_WINDOW
energy_grav,Wh/kg,P4,33,charge_formula_frac_K,stoichiometric_window,electrode_state_stoichiometry,L3,RULE_STOICHIOMETRIC_WINDOW
energy_grav,Wh/kg,P4,34,charge_formula_frac_Li,stoichiometric_window,electrode_state_stoichiometry,L3,RULE_STOICHIOMETRIC_WINDOW
energy_grav,Wh/kg,P4,35,charge_formula_frac_Mg,stoichiometric_window,electrode_state_stoichiometry,L3,RULE_STOICHIOMETRIC_WINDOW
energy_grav,Wh/kg,P4,36,charge_formula_frac_Mn,stoichiometric_window,electrode_state_stoichiometry,L3,RULE_STOICHIOMETRIC_WINDOW
energy_grav,Wh/kg,P4,37,charge_formula_frac_N,stoichiometric_window,electrode_state_stoichiometry,L3,RULE_STOICHIOMETRIC_WINDOW
energy_grav,Wh/kg,P4,38,charge_formula_frac_Na,stoichiometric_window,electrode_state_stoichiometry,L3,RULE_STOICHIOMETRIC_WINDOW
energy_grav,Wh/kg,P4,39,charge_formula_frac_Ni,stoichiometric_window,electrode_state_stoichiometry,L3,RULE_STOICHIOMETRIC_WINDOW
energy_grav,Wh/kg,P4,40,charge_formula_frac_O,stoichiometric_window,electrode_state_stoichiometry,L3,RULE_STOICHIOMETRIC_WINDOW
energy_grav,Wh/kg,P4,41,charge_formula_frac_P,stoichiometric_window,electrode_state_stoichiometry,L3,RULE_STOICHIOMETRIC_WINDOW
energy_grav,Wh/kg,P4,42,charge_formula_frac_S,stoichiometric_window,electrode_state_stoichiometry,L3,RULE_STOICHIOMETRIC_WINDOW
energy_grav,Wh/kg,P4,43,charge_formula_frac_Si,stoichiometric_window,electrode_state_stoichiometry,L3,RULE_STOICHIOMETRIC_WINDOW
energy_grav,Wh/kg,P4,44,charge_formula_frac_Ti,stoichiometric_window,electrode_state_stoichiometry,L3,RULE_STOICHIOMETRIC_WINDOW
energy_grav,Wh/kg,P4,45,charge_formula_frac_V,stoichiometric_window,electrode_state_stoichiometry,L3,RULE_STOICHIOMETRIC_WINDOW
energy_grav,Wh/kg,P4,46,charge_formula_frac_Zn,stoichiometric_window,electrode_state_stoichiometry,L3,RULE_STOICHIOMETRIC_WINDOW
energy_grav,Wh/kg,P4,47,charge_formula_frac_transition_metals,stoichiometric_window,electrode_state_stoichiometry,L3,RULE_STOICHIOMETRIC_WINDOW
energy_grav,Wh/kg,P4,48,charge_formula_group_max,stoichiometric_window,electrode_state_stoichiometry,L3,RULE_STOICHIOMETRIC_WINDOW
energy_grav,Wh/kg,P4,49,charge_formula_group_mean,stoichiometric_window,electrode_state_stoichiometry,L3,RULE_STOICHIOMETRIC_WINDOW
energy_grav,Wh/kg,P4,50,charge_formula_group_min,stoichiometric_window,electrode_state_stoichiometry,L3,RULE_STOICHIOMETRIC_WINDOW
energy_grav,Wh/kg,P4,51,charge_formula_group_range,stoichiometric_window,electrode_state_stoichiometry,L3,RULE_STOICHIOMETRIC_WINDOW
energy_grav,Wh/kg,P4,52,charge_formula_group_std,stoichiometric_window,electrode_state_stoichiometry,L3,RULE_STOICHIOMETRIC_WINDOW
energy_grav,Wh/kg,P4,53,charge_formula_has_Br,stoichiometric_window,electrode_state_stoichiometry,L3,RULE_STOICHIOMETRIC_WINDOW
energy_grav,Wh/kg,P4,54,charge_formula_has_C,stoichiometric_window,electrode_state_stoichiometry,L3,RULE_STOICHIOMETRIC_WINDOW
energy_grav,Wh/kg,P4,55,charge_formula_has_Cl,stoichiometric_window,electrode_state_stoichiometry,L3,RULE_STOICHIOMETRIC_WINDOW
energy_grav,Wh/kg,P4,56,charge_formula_has_F,stoichiometric_window,electrode_state_stoichiometry,L3,RULE_STOICHIOMETRIC_WINDOW
energy_grav,Wh/kg,P4,57,charge_formula_has_I,stoichiometric_window,electrode_state_stoichiometry,L3,RULE_STOICHIOMETRIC_WINDOW
energy_grav,Wh/kg,P4,58,charge_formula_has_N,stoichiometric_window,electrode_state_stoichiometry,L3,RULE_STOICHIOMETRIC_WINDOW
energy_grav,Wh/kg,P4,59,charge_formula_has_O,stoichiometric_window,electrode_state_stoichiometry,L3,RULE_STOICHIOMETRIC_WINDOW
energy_grav,Wh/kg,P4,60,charge_formula_has_P,stoichiometric_window,electrode_state_stoichiometry,L3,RULE_STOICHIOMETRIC_WINDOW
energy_grav,Wh/kg,P4,61,charge_formula_has_S,stoichiometric_window,electrode_state_stoichiometry,L3,RULE_STOICHIOMETRIC_WINDOW
energy_grav,Wh/kg,P4,62,charge_formula_has_Si,stoichiometric_window,electrode_state_stoichiometry,L3,RULE_STOICHIOMETRIC_WINDOW
energy_grav,Wh/kg,P4,63,charge_formula_n_atoms,stoichiometric_window,electrode_state_stoichiometry,L3,RULE_STOICHIOMETRIC_WINDOW
energy_grav,Wh/kg,P4,64,charge_formula_n_elements,stoichiometric_window,electrode_state_stoichiometry,L3,RULE_STOICHIOMETRIC_WINDOW
energy_grav,Wh/kg,P4,65,charge_formula_n_transition_metals,stoichiometric_window,electrode_state_stoichiometry,L3,RULE_STOICHIOMETRIC_WINDOW
energy_grav,Wh/kg,P4,66,charge_formula_parse_ok,stoichiometric_window,electrode_state_stoichiometry,L3,RULE_STOICHIOMETRIC_WINDOW
energy_grav,Wh/kg,P4,67,charge_formula_row_max,stoichiometric_window,electrode_state_stoichiometry,L3,RULE_STOICHIOMETRIC_WINDOW
energy_grav,Wh/kg,P4,68,charge_formula_row_mean,stoichiometric_window,electrode_state_stoichiometry,L3,RULE_STOICHIOMETRIC_WINDOW
energy_grav,Wh/kg,P4,69,charge_formula_row_min,stoichiometric_window,electrode_state_stoichiometry,L3,RULE_STOICHIOMETRIC_WINDOW
energy_grav,Wh/kg,P4,70,charge_formula_row_range,stoichiometric_window,electrode_state_stoichiometry,L3,RULE_STOICHIOMETRIC_WINDOW
energy_grav,Wh/kg,P4,71,charge_formula_row_std,stoichiometric_window,electrode_state_stoichiometry,L3,RULE_STOICHIOMETRIC_WINDOW
energy_grav,Wh/kg,P4,72,charge_summary_band_gap,post_dft_electronic_summary,post_dft_electronic,L4,RULE_POST_DFT_ELECTRONIC
energy_grav,Wh/kg,P4,73,charge_summary_density,relaxed_structure_summary,relaxed_structure,L0,RULE_SAFE_STRUCTURE
energy_grav,Wh/kg,P4,74,charge_summary_density_atomic,relaxed_structure_summary,relaxed_structure,L0,RULE_SAFE_STRUCTURE
energy_grav,Wh/kg,P4,75,charge_summary_energy_above_hull,post_dft_energy_stability_summary,post_dft_thermodynamics,L4,RULE_HULL_OTHER
energy_grav,Wh/kg,P4,76,charge_summary_formation_energy_per_atom,post_dft_energy_stability_summary,post_dft_thermodynamics,L2,RULE_FORMATION_ENERGY_ENERGY
energy_grav,Wh/kg,P4,77,charge_summary_is_metal,post_dft_electronic_summary,post_dft_electronic,L4,RULE_POST_DFT_ELECTRONIC
energy_grav,Wh/kg,P4,78,charge_summary_is_stable,post_dft_energy_stability_summary,post_dft_thermodynamics,L4,RULE_HULL_OTHER
energy_grav,Wh/kg,P4,79,charge_summary_nsites,relaxed_structure_summary,relaxed_structure,L0,RULE_SAFE_STRUCTURE
energy_grav,Wh/kg,P4,80,charge_summary_symmetry_number,relaxed_structure_summary,relaxed_structure,L0,RULE_SAFE_STRUCTURE
energy_grav,Wh/kg,P4,81,charge_summary_theoretical,post_dft_provenance_flag,post_dft_provenance,L4,RULE_POST_DFT_PROVENANCE
energy_grav,Wh/kg,P4,82,charge_summary_volume,relaxed_structure_summary,relaxed_structure,L0,RULE_SAFE_STRUCTURE
energy_grav,Wh/kg,P4,83,charge_summary_volume_per_site,relaxed_structure_summary,relaxed_structure,L0,RULE_SAFE_STRUCTURE
energy_grav,Wh/kg,P4,84,discharge_formula_X_max,stoichiometric_window,electrode_state_stoichiometry,L3,RULE_STOICHIOMETRIC_WINDOW
energy_grav,Wh/kg,P4,85,discharge_formula_X_mean,stoichiometric_window,electrode_state_stoichiometry,L3,RULE_STOICHIOMETRIC_WINDOW
energy_grav,Wh/kg,P4,86,discharge_formula_X_min,stoichiometric_window,electrode_state_stoichiometry,L3,RULE_STOICHIOMETRIC_WINDOW
energy_grav,Wh/kg,P4,87,discharge_formula_X_range,stoichiometric_window,electrode_state_stoichiometry,L3,RULE_STOICHIOMETRIC_WINDOW
energy_grav,Wh/kg,P4,88,discharge_formula_X_std,stoichiometric_window,electrode_state_stoichiometry,L3,RULE_STOICHIOMETRIC_WINDOW
energy_grav,Wh/kg,P4,89,discharge_formula_Z_max,stoichiometric_window,electrode_state_stoichiometry,L3,RULE_STOICHIOMETRIC_WINDOW
energy_grav,Wh/kg,P4,90,discharge_formula_Z_mean,stoichiometric_window,electrode_state_stoichiometry,L3,RULE_STOICHIOMETRIC_WINDOW
energy_grav,Wh/kg,P4,91,discharge_formula_Z_min,stoichiometric_window,electrode_state_stoichiometry,L3,RULE_STOICHIOMETRIC_WINDOW
energy_grav,Wh/kg,P4,92,discharge_formula_Z_range,stoichiometric_window,electrode_state_stoichiometry,L3,RULE_STOICHIOMETRIC_WINDOW
energy_grav,Wh/kg,P4,93,discharge_formula_Z_std,stoichiometric_window,electrode_state_stoichiometry,L3,RULE_STOICHIOMETRIC_WINDOW
energy_grav,Wh/kg,P4,94,discharge_formula_atomic_mass_max,stoichiometric_window,electrode_state_stoichiometry,L3,RULE_STOICHIOMETRIC_WINDOW
energy_grav,Wh/kg,P4,95,discharge_formula_atomic_mass_mean,stoichiometric_window,electrode_state_stoichiometry,L3,RULE_STOICHIOMETRIC_WINDOW
energy_grav,Wh/kg,P4,96,discharge_formula_atomic_mass_min,stoichiometric_window,electrode_state_stoichiometry,L3,RULE_STOICHIOMETRIC_WINDOW
energy_grav,Wh/kg,P4,97,discharge_formula_atomic_mass_range,stoichiometric_window,electrode_state_stoichiometry,L3,RULE_STOICHIOMETRIC_WINDOW
energy_grav,Wh/kg,P4,98,discharge_formula_atomic_mass_std,stoichiometric_window,electrode_state_stoichiometry,L3,RULE_STOICHIOMETRIC_WINDOW
energy_grav,Wh/kg,P4,99,discharge_formula_frac_Ag,stoichiometric_window,electrode_state_stoichiometry,L3,RULE_STOICHIOMETRIC_WINDOW
energy_grav,Wh/kg,P4,100,discharge_formula_frac_Al,stoichiometric_window,electrode_state_stoichiometry,L3,RULE_STOICHIOMETRIC_WINDOW
energy_grav,Wh/kg,P4,101,discharge_formula_frac_As,stoichiometric_window,electrode_state_stoichiometry,L3,RULE_STOICHIOMETRIC_WINDOW
energy_grav,Wh/kg,P4,102,discharge_formula_frac_B,stoichiometric_window,electrode_state_stoichiometry,L3,RULE_STOICHIOMETRIC_WINDOW
energy_grav,Wh/kg,P4,103,discharge_formula_frac_Br,stoichiometric_window,electrode_state_stoichiometry,L3,RULE_STOICHIOMETRIC_WINDOW
energy_grav,Wh/kg,P4,104,discharge_formula_frac_C,stoichiometric_window,electrode_state_stoichiometry,L3,RULE_STOICHIOMETRIC_WINDOW
energy_grav,Wh/kg,P4,105,discharge_formula_frac_Ca,stoichiometric_window,electrode_state_stoichiometry,L3,RULE_STOICHIOMETRIC_WINDOW
energy_grav,Wh/kg,P4,106,discharge_formula_frac_Cl,stoichiometric_window,electrode_state_stoichiometry,L3,RULE_STOICHIOMETRIC_WINDOW
energy_grav,Wh/kg,P4,107,discharge_formula_frac_Co,stoichiometric_window,electrode_state_stoichiometry,L3,RULE_STOICHIOMETRIC_WINDOW
energy_grav,Wh/kg,P4,108,discharge_formula_frac_Cr,stoichiometric_window,electrode_state_stoichiometry,L3,RULE_STOICHIOMETRIC_WINDOW
energy_grav,Wh/kg,P4,109,discharge_formula_frac_Cu,stoichiometric_window,electrode_state_stoichiometry,L3,RULE_STOICHIOMETRIC_WINDOW
energy_grav,Wh/kg,P4,110,discharge_formula_frac_F,stoichiometric_window,electrode_state_stoichiometry,L3,RULE_STOICHIOMETRIC_WINDOW
energy_grav,Wh/kg,P4,111,discharge_formula_frac_Fe,stoichiometric_window,electrode_state_stoichiometry,L3,RULE_STOICHIOMETRIC_WINDOW
energy_grav,Wh/kg,P4,112,discharge_formula_frac_I,stoichiometric_window,electrode_state_stoichiometry,L3,RULE_STOICHIOMETRIC_WINDOW
energy_grav,Wh/kg,P4,113,discharge_formula_frac_K,stoichiometric_window,electrode_state_stoichiometry,L3,RULE_STOICHIOMETRIC_WINDOW
energy_grav,Wh/kg,P4,114,discharge_formula_frac_Li,stoichiometric_window,electrode_state_stoichiometry,L3,RULE_STOICHIOMETRIC_WINDOW
energy_grav,Wh/kg,P4,115,discharge_formula_frac_Mg,stoichiometric_window,electrode_state_stoichiometry,L3,RULE_STOICHIOMETRIC_WINDOW
energy_grav,Wh/kg,P4,116,discharge_formula_frac_Mn,stoichiometric_window,electrode_state_stoichiometry,L3,RULE_STOICHIOMETRIC_WINDOW
energy_grav,Wh/kg,P4,117,discharge_formula_frac_N,stoichiometric_window,electrode_state_stoichiometry,L3,RULE_STOICHIOMETRIC_WINDOW
energy_grav,Wh/kg,P4,118,discharge_formula_frac_Na,stoichiometric_window,electrode_state_stoichiometry,L3,RULE_STOICHIOMETRIC_WINDOW
energy_grav,Wh/kg,P4,119,discharge_formula_frac_Ni,stoichiometric_window,electrode_state_stoichiometry,L3,RULE_STOICHIOMETRIC_WINDOW
energy_grav,Wh/kg,P4,120,discharge_formula_frac_O,stoichiometric_window,electrode_state_stoichiometry,L3,RULE_STOICHIOMETRIC_WINDOW
energy_grav,Wh/kg,P4,121,discharge_formula_frac_P,stoichiometric_window,electrode_state_stoichiometry,L3,RULE_STOICHIOMETRIC_WINDOW
energy_grav,Wh/kg,P4,122,discharge_formula_frac_S,stoichiometric_window,electrode_state_stoichiometry,L3,RULE_STOICHIOMETRIC_WINDOW
energy_grav,Wh/kg,P4,123,discharge_formula_frac_Si,stoichiometric_window,electrode_state_stoichiometry,L3,RULE_STOICHIOMETRIC_WINDOW
energy_grav,Wh/kg,P4,124,discharge_formula_frac_Ti,stoichiometric_window,electrode_state_stoichiometry,L3,RULE_STOICHIOMETRIC_WINDOW
energy_grav,Wh/kg,P4,125,discharge_formula_frac_V,stoichiometric_window,electrode_state_stoichiometry,L3,RULE_STOICHIOMETRIC_WINDOW
energy_grav,Wh/kg,P4,126,discharge_formula_frac_Zn,stoichiometric_window,electrode_state_stoichiometry,L3,RULE_STOICHIOMETRIC_WINDOW
energy_grav,Wh/kg,P4,127,discharge_formula_frac_transition_metals,stoichiometric_window,electrode_state_stoichiometry,L3,RULE_STOICHIOMETRIC_WINDOW
energy_grav,Wh/kg,P4,128,discharge_formula_group_max,stoichiometric_window,electrode_state_stoichiometry,L3,RULE_STOICHIOMETRIC_WINDOW
energy_grav,Wh/kg,P4,129,discharge_formula_group_mean,stoichiometric_window,electrode_state_stoichiometry,L3,RULE_STOICHIOMETRIC_WINDOW
energy_grav,Wh/kg,P4,130,discharge_formula_group_min,stoichiometric_window,electrode_state_stoichiometry,L3,RULE_STOICHIOMETRIC_WINDOW
energy_grav,Wh/kg,P4,131,discharge_formula_group_range,stoichiometric_window,electrode_state_stoichiometry,L3,RULE_STOICHIOMETRIC_WINDOW
energy_grav,Wh/kg,P4,132,discharge_formula_group_std,stoichiometric_window,electrode_state_stoichiometry,L3,RULE_STOICHIOMETRIC_WINDOW
energy_grav,Wh/kg,P4,133,discharge_formula_has_Br,stoichiometric_window,electrode_state_stoichiometry,L3,RULE_STOICHIOMETRIC_WINDOW
energy_grav,Wh/kg,P4,134,discharge_formula_has_C,stoichiometric_window,electrode_state_stoichiometry,L3,RULE_STOICHIOMETRIC_WINDOW
energy_grav,Wh/kg,P4,135,discharge_formula_has_Cl,stoichiometric_window,electrode_state_stoichiometry,L3,RULE_STOICHIOMETRIC_WINDOW
energy_grav,Wh/kg,P4,136,discharge_formula_has_F,stoichiometric_window,electrode_state_stoichiometry,L3,RULE_STOICHIOMETRIC_WINDOW
energy_grav,Wh/kg,P4,137,discharge_formula_has_I,stoichiometric_window,electrode_state_stoichiometry,L3,RULE_STOICHIOMETRIC_WINDOW
energy_grav,Wh/kg,P4,138,discharge_formula_has_N,stoichiometric_window,electrode_state_stoichiometry,L3,RULE_STOICHIOMETRIC_WINDOW
energy_grav,Wh/kg,P4,139,discharge_formula_has_O,stoichiometric_window,electrode_state_stoichiometry,L3,RULE_STOICHIOMETRIC_WINDOW
energy_grav,Wh/kg,P4,140,discharge_formula_has_P,stoichiometric_window,electrode_state_stoichiometry,L3,RULE_STOICHIOMETRIC_WINDOW
energy_grav,Wh/kg,P4,141,discharge_formula_has_S,stoichiometric_window,electrode_state_stoichiometry,L3,RULE_STOICHIOMETRIC_WINDOW
energy_grav,Wh/kg,P4,142,discharge_formula_has_Si,stoichiometric_window,electrode_state_stoichiometry,L3,RULE_STOICHIOMETRIC_WINDOW
energy_grav,Wh/kg,P4,143,discharge_formula_n_atoms,stoichiometric_window,electrode_state_stoichiometry,L3,RULE_STOICHIOMETRIC_WINDOW
energy_grav,Wh/kg,P4,144,discharge_formula_n_elements,stoichiometric_window,electrode_state_stoichiometry,L3,RULE_STOICHIOMETRIC_WINDOW
energy_grav,Wh/kg,P4,145,discharge_formula_n_transition_metals,stoichiometric_window,electrode_state_stoichiometry,L3,RULE_STOICHIOMETRIC_WINDOW
energy_grav,Wh/kg,P4,146,discharge_formula_parse_ok,stoichiometric_window,electrode_state_stoichiometry,L3,RULE_STOICHIOMETRIC_WINDOW
energy_grav,Wh/kg,P4,147,discharge_formula_row_max,stoichiometric_window,electrode_state_stoichiometry,L3,RULE_STOICHIOMETRIC_WINDOW
energy_grav,Wh/kg,P4,148,discharge_formula_row_mean,stoichiometric_window,electrode_state_stoichiometry,L3,RULE_STOICHIOMETRIC_WINDOW
energy_grav,Wh/kg,P4,149,discharge_formula_row_min,stoichiometric_window,electrode_state_stoichiometry,L3,RULE_STOICHIOMETRIC_WINDOW
energy_grav,Wh/kg,P4,150,discharge_formula_row_range,stoichiometric_window,electrode_state_stoichiometry,L3,RULE_STOICHIOMETRIC_WINDOW
energy_grav,Wh/kg,P4,151,discharge_formula_row_std,stoichiometric_window,electrode_state_stoichiometry,L3,RULE_STOICHIOMETRIC_WINDOW
energy_grav,Wh/kg,P4,152,discharge_summary_band_gap,post_dft_electronic_summary,post_dft_electronic,L4,RULE_POST_DFT_ELECTRONIC
energy_grav,Wh/kg,P4,153,discharge_summary_density,relaxed_structure_summary,relaxed_structure,L0,RULE_SAFE_STRUCTURE
energy_grav,Wh/kg,P4,154,discharge_summary_density_atomic,relaxed_structure_summary,relaxed_structure,L0,RULE_SAFE_STRUCTURE
energy_grav,Wh/kg,P4,155,discharge_summary_energy_above_hull,post_dft_energy_stability_summary,post_dft_thermodynamics,L4,RULE_HULL_OTHER
energy_grav,Wh/kg,P4,156,discharge_summary_formation_energy_per_atom,post_dft_energy_stability_summary,post_dft_thermodynamics,L2,RULE_FORMATION_ENERGY_ENERGY
energy_grav,Wh/kg,P4,157,discharge_summary_is_metal,post_dft_electronic_summary,post_dft_electronic,L4,RULE_POST_DFT_ELECTRONIC
energy_grav,Wh/kg,P4,158,discharge_summary_is_stable,post_dft_energy_stability_summary,post_dft_thermodynamics,L4,RULE_HULL_OTHER
energy_grav,Wh/kg,P4,159,discharge_summary_nsites,relaxed_structure_summary,relaxed_structure,L0,RULE_SAFE_STRUCTURE
energy_grav,Wh/kg,P4,160,discharge_summary_symmetry_number,relaxed_structure_summary,relaxed_structure,L0,RULE_SAFE_STRUCTURE
energy_grav,Wh/kg,P4,161,discharge_summary_theoretical,post_dft_provenance_flag,post_dft_provenance,L4,RULE_POST_DFT_PROVENANCE
energy_grav,Wh/kg,P4,162,discharge_summary_volume,relaxed_structure_summary,relaxed_structure,L0,RULE_SAFE_STRUCTURE
energy_grav,Wh/kg,P4,163,discharge_summary_volume_per_site,relaxed_structure_summary,relaxed_structure,L0,RULE_SAFE_STRUCTURE
energy_grav,Wh/kg,P4,164,energy_grav,stored_electrode_target,stored_electrode_record,L1,RULE_DIRECT_TARGET
energy_grav,Wh/kg,P4,165,energy_vol,stored_electrode_target,stored_electrode_record,L2,RULE_ENERGY_DEFINITION
energy_grav,Wh/kg,P4,166,fracA_charge,stoichiometric_window,electrode_state_stoichiometry,L3,RULE_STOICHIOMETRIC_WINDOW
energy_grav,Wh/kg,P4,167,fracA_discharge,stoichiometric_window,electrode_state_stoichiometry,L3,RULE_STOICHIOMETRIC_WINDOW
energy_grav,Wh/kg,P4,168,fw_X_max,composition_known_framework,pre_dft_composition,L0,RULE_SAFE_DEFAULT
energy_grav,Wh/kg,P4,169,fw_X_mean,composition_known_framework,pre_dft_composition,L0,RULE_SAFE_DEFAULT
energy_grav,Wh/kg,P4,170,fw_X_min,composition_known_framework,pre_dft_composition,L0,RULE_SAFE_DEFAULT
energy_grav,Wh/kg,P4,171,fw_X_range,composition_known_framework,pre_dft_composition,L0,RULE_SAFE_DEFAULT
energy_grav,Wh/kg,P4,172,fw_X_std,composition_known_framework,pre_dft_composition,L0,RULE_SAFE_DEFAULT
energy_grav,Wh/kg,P4,173,fw_Z_max,composition_known_framework,pre_dft_composition,L0,RULE_SAFE_DEFAULT
energy_grav,Wh/kg,P4,174,fw_Z_mean,composition_known_framework,pre_dft_composition,L0,RULE_SAFE_DEFAULT
energy_grav,Wh/kg,P4,175,fw_Z_min,composition_known_framework,pre_dft_composition,L0,RULE_SAFE_DEFAULT
energy_grav,Wh/kg,P4,176,fw_Z_range,composition_known_framework,pre_dft_composition,L0,RULE_SAFE_DEFAULT
energy_grav,Wh/kg,P4,177,fw_Z_std,composition_known_framework,pre_dft_composition,L0,RULE_SAFE_DEFAULT
energy_grav,Wh/kg,P4,178,fw_atomic_mass_max,composition_known_framework,pre_dft_composition,L0,RULE_SAFE_DEFAULT
energy_grav,Wh/kg,P4,179,fw_atomic_mass_mean,composition_known_framework,pre_dft_composition,L0,RULE_SAFE_DEFAULT
energy_grav,Wh/kg,P4,180,fw_atomic_mass_min,composition_known_framework,pre_dft_composition,L0,RULE_SAFE_DEFAULT
energy_grav,Wh/kg,P4,181,fw_atomic_mass_range,composition_known_framework,pre_dft_composition,L0,RULE_SAFE_DEFAULT
energy_grav,Wh/kg,P4,182,fw_atomic_mass_std,composition_known_framework,pre_dft_composition,L0,RULE_SAFE_DEFAULT
energy_grav,Wh/kg,P4,183,fw_frac_Ag,composition_known_framework,pre_dft_composition,L0,RULE_SAFE_DEFAULT
energy_grav,Wh/kg,P4,184,fw_frac_Al,composition_known_framework,pre_dft_composition,L0,RULE_SAFE_DEFAULT
energy_grav,Wh/kg,P4,185,fw_frac_As,composition_known_framework,pre_dft_composition,L0,RULE_SAFE_DEFAULT
energy_grav,Wh/kg,P4,186,fw_frac_B,composition_known_framework,pre_dft_composition,L0,RULE_SAFE_DEFAULT
energy_grav,Wh/kg,P4,187,fw_frac_Br,composition_known_framework,pre_dft_composition,L0,RULE_SAFE_DEFAULT
energy_grav,Wh/kg,P4,188,fw_frac_C,composition_known_framework,pre_dft_composition,L0,RULE_SAFE_DEFAULT
energy_grav,Wh/kg,P4,189,fw_frac_Ca,composition_known_framework,pre_dft_composition,L0,RULE_SAFE_DEFAULT
energy_grav,Wh/kg,P4,190,fw_frac_Cl,composition_known_framework,pre_dft_composition,L0,RULE_SAFE_DEFAULT
energy_grav,Wh/kg,P4,191,fw_frac_Co,composition_known_framework,pre_dft_composition,L0,RULE_SAFE_DEFAULT
energy_grav,Wh/kg,P4,192,fw_frac_Cr,composition_known_framework,pre_dft_composition,L0,RULE_SAFE_DEFAULT
energy_grav,Wh/kg,P4,193,fw_frac_Cu,composition_known_framework,pre_dft_composition,L0,RULE_SAFE_DEFAULT
energy_grav,Wh/kg,P4,194,fw_frac_F,composition_known_framework,pre_dft_composition,L0,RULE_SAFE_DEFAULT
energy_grav,Wh/kg,P4,195,fw_frac_Fe,composition_known_framework,pre_dft_composition,L0,RULE_SAFE_DEFAULT
energy_grav,Wh/kg,P4,196,fw_frac_I,composition_known_framework,pre_dft_composition,L0,RULE_SAFE_DEFAULT
energy_grav,Wh/kg,P4,197,fw_frac_K,composition_known_framework,pre_dft_composition,L0,RULE_SAFE_DEFAULT
energy_grav,Wh/kg,P4,198,fw_frac_Li,composition_known_framework,pre_dft_composition,L0,RULE_SAFE_DEFAULT
energy_grav,Wh/kg,P4,199,fw_frac_Mg,composition_known_framework,pre_dft_composition,L0,RULE_SAFE_DEFAULT
energy_grav,Wh/kg,P4,200,fw_frac_Mn,composition_known_framework,pre_dft_composition,L0,RULE_SAFE_DEFAULT
energy_grav,Wh/kg,P4,201,fw_frac_N,composition_known_framework,pre_dft_composition,L0,RULE_SAFE_DEFAULT
energy_grav,Wh/kg,P4,202,fw_frac_Na,composition_known_framework,pre_dft_composition,L0,RULE_SAFE_DEFAULT
energy_grav,Wh/kg,P4,203,fw_frac_Ni,composition_known_framework,pre_dft_composition,L0,RULE_SAFE_DEFAULT
energy_grav,Wh/kg,P4,204,fw_frac_O,composition_known_framework,pre_dft_composition,L0,RULE_SAFE_DEFAULT
energy_grav,Wh/kg,P4,205,fw_frac_P,composition_known_framework,pre_dft_composition,L0,RULE_SAFE_DEFAULT
energy_grav,Wh/kg,P4,206,fw_frac_S,composition_known_framework,pre_dft_composition,L0,RULE_SAFE_DEFAULT
energy_grav,Wh/kg,P4,207,fw_frac_Si,composition_known_framework,pre_dft_composition,L0,RULE_SAFE_DEFAULT
energy_grav,Wh/kg,P4,208,fw_frac_Ti,composition_known_framework,pre_dft_composition,L0,RULE_SAFE_DEFAULT
energy_grav,Wh/kg,P4,209,fw_frac_V,composition_known_framework,pre_dft_composition,L0,RULE_SAFE_DEFAULT
energy_grav,Wh/kg,P4,210,fw_frac_Zn,composition_known_framework,pre_dft_composition,L0,RULE_SAFE_DEFAULT
energy_grav,Wh/kg,P4,211,fw_frac_transition_metals,composition_known_framework,pre_dft_composition,L0,RULE_SAFE_DEFAULT
energy_grav,Wh/kg,P4,212,fw_group_max,composition_known_framework,pre_dft_composition,L0,RULE_SAFE_DEFAULT
energy_grav,Wh/kg,P4,213,fw_group_mean,composition_known_framework,pre_dft_composition,L0,RULE_SAFE_DEFAULT
energy_grav,Wh/kg,P4,214,fw_group_min,composition_known_framework,pre_dft_composition,L0,RULE_SAFE_DEFAULT
energy_grav,Wh/kg,P4,215,fw_group_range,composition_known_framework,pre_dft_composition,L0,RULE_SAFE_DEFAULT
energy_grav,Wh/kg,P4,216,fw_group_std,composition_known_framework,pre_dft_composition,L0,RULE_SAFE_DEFAULT
energy_grav,Wh/kg,P4,217,fw_has_Br,composition_known_framework,pre_dft_composition,L0,RULE_SAFE_DEFAULT
energy_grav,Wh/kg,P4,218,fw_has_C,composition_known_framework,pre_dft_composition,L0,RULE_SAFE_DEFAULT
energy_grav,Wh/kg,P4,219,fw_has_Cl,composition_known_framework,pre_dft_composition,L0,RULE_SAFE_DEFAULT
energy_grav,Wh/kg,P4,220,fw_has_F,composition_known_framework,pre_dft_composition,L0,RULE_SAFE_DEFAULT
energy_grav,Wh/kg,P4,221,fw_has_I,composition_known_framework,pre_dft_composition,L0,RULE_SAFE_DEFAULT
energy_grav,Wh/kg,P4,222,fw_has_N,composition_known_framework,pre_dft_composition,L0,RULE_SAFE_DEFAULT
energy_grav,Wh/kg,P4,223,fw_has_O,composition_known_framework,pre_dft_composition,L0,RULE_SAFE_DEFAULT
energy_grav,Wh/kg,P4,224,fw_has_P,composition_known_framework,pre_dft_composition,L0,RULE_SAFE_DEFAULT
energy_grav,Wh/kg,P4,225,fw_has_S,composition_known_framework,pre_dft_composition,L0,RULE_SAFE_DEFAULT
energy_grav,Wh/kg,P4,226,fw_has_Si,composition_known_framework,pre_dft_composition,L0,RULE_SAFE_DEFAULT
energy_grav,Wh/kg,P4,227,fw_n_atoms,composition_known_framework,pre_dft_composition,L0,RULE_SAFE_DEFAULT
energy_grav,Wh/kg,P4,228,fw_n_elements,composition_known_framework,pre_dft_composition,L0,RULE_SAFE_DEFAULT
energy_grav,Wh/kg,P4,229,fw_n_transition_metals,composition_known_framework,pre_dft_composition,L0,RULE_SAFE_DEFAULT
energy_grav,Wh/kg,P4,230,fw_parse_ok,composition_known_framework,pre_dft_composition,L0,RULE_SAFE_DEFAULT
energy_grav,Wh/kg,P4,231,fw_row_max,composition_known_framework,pre_dft_composition,L0,RULE_SAFE_DEFAULT
energy_grav,Wh/kg,P4,232,fw_row_mean,composition_known_framework,pre_dft_composition,L0,RULE_SAFE_DEFAULT
energy_grav,Wh/kg,P4,233,fw_row_min,composition_known_framework,pre_dft_composition,L0,RULE_SAFE_DEFAULT
energy_grav,Wh/kg,P4,234,fw_row_range,composition_known_framework,pre_dft_composition,L0,RULE_SAFE_DEFAULT
energy_grav,Wh/kg,P4,235,fw_row_std,composition_known_framework,pre_dft_composition,L0,RULE_SAFE_DEFAULT
energy_grav,Wh/kg,P4,236,max_delta_volume,stored_electrode_target,stored_electrode_record,L4,RULE_OTHER_STORED_TARGET
energy_grav,Wh/kg,P4,237,max_voltage_step,stored_electrode_process_descriptor,stored_electrode_record,L0,RULE_SAFE_DEFAULT
energy_grav,Wh/kg,P4,238,num_steps,stored_electrode_process_descriptor,stored_electrode_record,L0,RULE_SAFE_DEFAULT
energy_grav,Wh/kg,P4,239,stability_charge,stored_electrode_target,stored_electrode_record,L4,RULE_OTHER_STORED_TARGET
energy_grav,Wh/kg,P4,240,stability_discharge,stored_electrode_target,stored_electrode_record,L4,RULE_OTHER_STORED_TARGET
energy_grav,Wh/kg,P4,241,stability_worst,stored_electrode_target,stored_electrode_record,L4,RULE_OTHER_STORED_TARGET
energy_grav,Wh/kg,P4,242,stoich_abs_wi_amount_delta,stoichiometric_window,electrode_state_stoichiometry,L3,RULE_STOICHIOMETRIC_WINDOW
energy_grav,Wh/kg,P4,243,stoich_wi_amount_charge,stoichiometric_window,electrode_state_stoichiometry,L3,RULE_STOICHIOMETRIC_WINDOW
energy_grav,Wh/kg,P4,244,stoich_wi_amount_delta,stoichiometric_window,electrode_state_stoichiometry,L3,RULE_STOICHIOMETRIC_WINDOW
energy_grav,Wh/kg,P4,245,stoich_wi_amount_discharge,stoichiometric_window,electrode_state_stoichiometry,L3,RULE_STOICHIOMETRIC_WINDOW
energy_grav,Wh/kg,P4,246,stored_abs_fracA_delta,other_numeric,derived_miscellaneous,L0,RULE_SAFE_DEFAULT
energy_grav,Wh/kg,P4,247,stored_fracA_delta,stoichiometric_window,electrode_state_stoichiometry,L3,RULE_STOICHIOMETRIC_WINDOW
energy_grav,Wh/kg,P4,248,summary_abs_delta_band_gap,post_dft_electronic_summary,post_dft_electronic,L4,RULE_POST_DFT_ELECTRONIC
energy_grav,Wh/kg,P4,249,summary_abs_delta_density,relaxed_structure_summary,relaxed_structure,L0,RULE_SAFE_STRUCTURE
energy_grav,Wh/kg,P4,250,summary_abs_delta_density_atomic,relaxed_structure_summary,relaxed_structure,L0,RULE_SAFE_STRUCTURE
energy_grav,Wh/kg,P4,251,summary_abs_delta_energy_above_hull,post_dft_energy_stability_summary,post_dft_thermodynamics,L4,RULE_HULL_OTHER
energy_grav,Wh/kg,P4,252,summary_abs_delta_formation_energy_per_atom,post_dft_energy_stability_summary,post_dft_thermodynamics,L2,RULE_FORMATION_ENERGY_ENERGY
energy_grav,Wh/kg,P4,253,summary_abs_delta_volume_fraction,relaxed_structure_summary,relaxed_structure,L0,RULE_SAFE_STRUCTURE
energy_grav,Wh/kg,P4,254,summary_abs_delta_volume_per_site,relaxed_structure_summary,relaxed_structure,L0,RULE_SAFE_STRUCTURE
energy_grav,Wh/kg,P4,255,summary_delta_band_gap,post_dft_electronic_summary,post_dft_electronic,L4,RULE_POST_DFT_ELECTRONIC
energy_grav,Wh/kg,P4,256,summary_delta_density,relaxed_structure_summary,relaxed_structure,L0,RULE_SAFE_STRUCTURE
energy_grav,Wh/kg,P4,257,summary_delta_density_atomic,relaxed_structure_summary,relaxed_structure,L0,RULE_SAFE_STRUCTURE
energy_grav,Wh/kg,P4,258,summary_delta_energy_above_hull,post_dft_energy_stability_summary,post_dft_thermodynamics,L4,RULE_HULL_OTHER
energy_grav,Wh/kg,P4,259,summary_delta_formation_energy_per_atom,post_dft_energy_stability_summary,post_dft_thermodynamics,L2,RULE_FORMATION_ENERGY_ENERGY
energy_grav,Wh/kg,P4,260,summary_delta_volume_fraction,relaxed_structure_summary,relaxed_structure,L0,RULE_SAFE_STRUCTURE
energy_grav,Wh/kg,P4,261,summary_delta_volume_per_site,relaxed_structure_summary,relaxed_structure,L0,RULE_SAFE_STRUCTURE
energy_grav,Wh/kg,P4,262,summary_worst_energy_above_hull,post_dft_energy_stability_summary,post_dft_thermodynamics,L4,RULE_HULL_OTHER
energy_grav,Wh/kg,P4,263,wi_X,composition_known_working_ion,pre_dft_composition,L0,RULE_SAFE_DEFAULT
energy_grav,Wh/kg,P4,264,wi_Z,composition_known_working_ion,pre_dft_composition,L0,RULE_SAFE_DEFAULT
energy_grav,Wh/kg,P4,265,wi_atomic_mass,composition_known_working_ion,pre_dft_composition,L0,RULE_SAFE_DEFAULT
energy_grav,Wh/kg,P4,266,wi_group,composition_known_working_ion,pre_dft_composition,L0,RULE_SAFE_DEFAULT
energy_grav,Wh/kg,P4,267,wi_row,composition_known_working_ion,pre_dft_composition,L0,RULE_SAFE_DEFAULT
energy_vol,Wh/L_or_Wh/dm3_database_dependent,P0,1,average_voltage,stored_electrode_target,stored_electrode_record,L2,RULE_ENERGY_DEFINITION
energy_vol,Wh/L_or_Wh/dm3_database_dependent,P0,2,capacity_grav,stored_electrode_target,stored_electrode_record,L2,RULE_ENERGY_DEFINITION
energy_vol,Wh/L_or_Wh/dm3_database_dependent,P0,3,capacity_vol,stored_electrode_target,stored_electrode_record,L2,RULE_ENERGY_DEFINITION
energy_vol,Wh/L_or_Wh/dm3_database_dependent,P0,4,charge_formula_X_max,stoichiometric_window,electrode_state_stoichiometry,L3,RULE_STOICHIOMETRIC_WINDOW
energy_vol,Wh/L_or_Wh/dm3_database_dependent,P0,5,charge_formula_X_mean,stoichiometric_window,electrode_state_stoichiometry,L3,RULE_STOICHIOMETRIC_WINDOW
energy_vol,Wh/L_or_Wh/dm3_database_dependent,P0,6,charge_formula_X_min,stoichiometric_window,electrode_state_stoichiometry,L3,RULE_STOICHIOMETRIC_WINDOW
energy_vol,Wh/L_or_Wh/dm3_database_dependent,P0,7,charge_formula_X_range,stoichiometric_window,electrode_state_stoichiometry,L3,RULE_STOICHIOMETRIC_WINDOW
energy_vol,Wh/L_or_Wh/dm3_database_dependent,P0,8,charge_formula_X_std,stoichiometric_window,electrode_state_stoichiometry,L3,RULE_STOICHIOMETRIC_WINDOW
energy_vol,Wh/L_or_Wh/dm3_database_dependent,P0,9,charge_formula_Z_max,stoichiometric_window,electrode_state_stoichiometry,L3,RULE_STOICHIOMETRIC_WINDOW
energy_vol,Wh/L_or_Wh/dm3_database_dependent,P0,10,charge_formula_Z_mean,stoichiometric_window,electrode_state_stoichiometry,L3,RULE_STOICHIOMETRIC_WINDOW
energy_vol,Wh/L_or_Wh/dm3_database_dependent,P0,11,charge_formula_Z_min,stoichiometric_window,electrode_state_stoichiometry,L3,RULE_STOICHIOMETRIC_WINDOW
energy_vol,Wh/L_or_Wh/dm3_database_dependent,P0,12,charge_formula_Z_range,stoichiometric_window,electrode_state_stoichiometry,L3,RULE_STOICHIOMETRIC_WINDOW
energy_vol,Wh/L_or_Wh/dm3_database_dependent,P0,13,charge_formula_Z_std,stoichiometric_window,electrode_state_stoichiometry,L3,RULE_STOICHIOMETRIC_WINDOW
energy_vol,Wh/L_or_Wh/dm3_database_dependent,P0,14,charge_formula_atomic_mass_max,stoichiometric_window,electrode_state_stoichiometry,L3,RULE_STOICHIOMETRIC_WINDOW
energy_vol,Wh/L_or_Wh/dm3_database_dependent,P0,15,charge_formula_atomic_mass_mean,stoichiometric_window,electrode_state_stoichiometry,L3,RULE_STOICHIOMETRIC_WINDOW
energy_vol,Wh/L_or_Wh/dm3_database_dependent,P0,16,charge_formula_atomic_mass_min,stoichiometric_window,electrode_state_stoichiometry,L3,RULE_STOICHIOMETRIC_WINDOW
energy_vol,Wh/L_or_Wh/dm3_database_dependent,P0,17,charge_formula_atomic_mass_range,stoichiometric_window,electrode_state_stoichiometry,L3,RULE_STOICHIOMETRIC_WINDOW
energy_vol,Wh/L_or_Wh/dm3_database_dependent,P0,18,charge_formula_atomic_mass_std,stoichiometric_window,electrode_state_stoichiometry,L3,RULE_STOICHIOMETRIC_WINDOW
energy_vol,Wh/L_or_Wh/dm3_database_dependent,P0,19,charge_formula_frac_Ag,stoichiometric_window,electrode_state_stoichiometry,L3,RULE_STOICHIOMETRIC_WINDOW
energy_vol,Wh/L_or_Wh/dm3_database_dependent,P0,20,charge_formula_frac_Al,stoichiometric_window,electrode_state_stoichiometry,L3,RULE_STOICHIOMETRIC_WINDOW
energy_vol,Wh/L_or_Wh/dm3_database_dependent,P0,21,charge_formula_frac_As,stoichiometric_window,electrode_state_stoichiometry,L3,RULE_STOICHIOMETRIC_WINDOW
energy_vol,Wh/L_or_Wh/dm3_database_dependent,P0,22,charge_formula_frac_B,stoichiometric_window,electrode_state_stoichiometry,L3,RULE_STOICHIOMETRIC_WINDOW
energy_vol,Wh/L_or_Wh/dm3_database_dependent,P0,23,charge_formula_frac_Br,stoichiometric_window,electrode_state_stoichiometry,L3,RULE_STOICHIOMETRIC_WINDOW
energy_vol,Wh/L_or_Wh/dm3_database_dependent,P0,24,charge_formula_frac_C,stoichiometric_window,electrode_state_stoichiometry,L3,RULE_STOICHIOMETRIC_WINDOW
energy_vol,Wh/L_or_Wh/dm3_database_dependent,P0,25,charge_formula_frac_Ca,stoichiometric_window,electrode_state_stoichiometry,L3,RULE_STOICHIOMETRIC_WINDOW
energy_vol,Wh/L_or_Wh/dm3_database_dependent,P0,26,charge_formula_frac_Cl,stoichiometric_window,electrode_state_stoichiometry,L3,RULE_STOICHIOMETRIC_WINDOW
energy_vol,Wh/L_or_Wh/dm3_database_dependent,P0,27,charge_formula_frac_Co,stoichiometric_window,electrode_state_stoichiometry,L3,RULE_STOICHIOMETRIC_WINDOW
energy_vol,Wh/L_or_Wh/dm3_database_dependent,P0,28,charge_formula_frac_Cr,stoichiometric_window,electrode_state_stoichiometry,L3,RULE_STOICHIOMETRIC_WINDOW
energy_vol,Wh/L_or_Wh/dm3_database_dependent,P0,29,charge_formula_frac_Cu,stoichiometric_window,electrode_state_stoichiometry,L3,RULE_STOICHIOMETRIC_WINDOW
energy_vol,Wh/L_or_Wh/dm3_database_dependent,P0,30,charge_formula_frac_F,stoichiometric_window,electrode_state_stoichiometry,L3,RULE_STOICHIOMETRIC_WINDOW
energy_vol,Wh/L_or_Wh/dm3_database_dependent,P0,31,charge_formula_frac_Fe,stoichiometric_window,electrode_state_stoichiometry,L3,RULE_STOICHIOMETRIC_WINDOW
energy_vol,Wh/L_or_Wh/dm3_database_dependent,P0,32,charge_formula_frac_I,stoichiometric_window,electrode_state_stoichiometry,L3,RULE_STOICHIOMETRIC_WINDOW
energy_vol,Wh/L_or_Wh/dm3_database_dependent,P0,33,charge_formula_frac_K,stoichiometric_window,electrode_state_stoichiometry,L3,RULE_STOICHIOMETRIC_WINDOW
energy_vol,Wh/L_or_Wh/dm3_database_dependent,P0,34,charge_formula_frac_Li,stoichiometric_window,electrode_state_stoichiometry,L3,RULE_STOICHIOMETRIC_WINDOW
energy_vol,Wh/L_or_Wh/dm3_database_dependent,P0,35,charge_formula_frac_Mg,stoichiometric_window,electrode_state_stoichiometry,L3,RULE_STOICHIOMETRIC_WINDOW
energy_vol,Wh/L_or_Wh/dm3_database_dependent,P0,36,charge_formula_frac_Mn,stoichiometric_window,electrode_state_stoichiometry,L3,RULE_STOICHIOMETRIC_WINDOW
energy_vol,Wh/L_or_Wh/dm3_database_dependent,P0,37,charge_formula_frac_N,stoichiometric_window,electrode_state_stoichiometry,L3,RULE_STOICHIOMETRIC_WINDOW
energy_vol,Wh/L_or_Wh/dm3_database_dependent,P0,38,charge_formula_frac_Na,stoichiometric_window,electrode_state_stoichiometry,L3,RULE_STOICHIOMETRIC_WINDOW
energy_vol,Wh/L_or_Wh/dm3_database_dependent,P0,39,charge_formula_frac_Ni,stoichiometric_window,electrode_state_stoichiometry,L3,RULE_STOICHIOMETRIC_WINDOW
energy_vol,Wh/L_or_Wh/dm3_database_dependent,P0,40,charge_formula_frac_O,stoichiometric_window,electrode_state_stoichiometry,L3,RULE_STOICHIOMETRIC_WINDOW
energy_vol,Wh/L_or_Wh/dm3_database_dependent,P0,41,charge_formula_frac_P,stoichiometric_window,electrode_state_stoichiometry,L3,RULE_STOICHIOMETRIC_WINDOW
energy_vol,Wh/L_or_Wh/dm3_database_dependent,P0,42,charge_formula_frac_S,stoichiometric_window,electrode_state_stoichiometry,L3,RULE_STOICHIOMETRIC_WINDOW
energy_vol,Wh/L_or_Wh/dm3_database_dependent,P0,43,charge_formula_frac_Si,stoichiometric_window,electrode_state_stoichiometry,L3,RULE_STOICHIOMETRIC_WINDOW
energy_vol,Wh/L_or_Wh/dm3_database_dependent,P0,44,charge_formula_frac_Ti,stoichiometric_window,electrode_state_stoichiometry,L3,RULE_STOICHIOMETRIC_WINDOW
energy_vol,Wh/L_or_Wh/dm3_database_dependent,P0,45,charge_formula_frac_V,stoichiometric_window,electrode_state_stoichiometry,L3,RULE_STOICHIOMETRIC_WINDOW
energy_vol,Wh/L_or_Wh/dm3_database_dependent,P0,46,charge_formula_frac_Zn,stoichiometric_window,electrode_state_stoichiometry,L3,RULE_STOICHIOMETRIC_WINDOW
energy_vol,Wh/L_or_Wh/dm3_database_dependent,P0,47,charge_formula_frac_transition_metals,stoichiometric_window,electrode_state_stoichiometry,L3,RULE_STOICHIOMETRIC_WINDOW
energy_vol,Wh/L_or_Wh/dm3_database_dependent,P0,48,charge_formula_group_max,stoichiometric_window,electrode_state_stoichiometry,L3,RULE_STOICHIOMETRIC_WINDOW
energy_vol,Wh/L_or_Wh/dm3_database_dependent,P0,49,charge_formula_group_mean,stoichiometric_window,electrode_state_stoichiometry,L3,RULE_STOICHIOMETRIC_WINDOW
energy_vol,Wh/L_or_Wh/dm3_database_dependent,P0,50,charge_formula_group_min,stoichiometric_window,electrode_state_stoichiometry,L3,RULE_STOICHIOMETRIC_WINDOW
energy_vol,Wh/L_or_Wh/dm3_database_dependent,P0,51,charge_formula_group_range,stoichiometric_window,electrode_state_stoichiometry,L3,RULE_STOICHIOMETRIC_WINDOW
energy_vol,Wh/L_or_Wh/dm3_database_dependent,P0,52,charge_formula_group_std,stoichiometric_window,electrode_state_stoichiometry,L3,RULE_STOICHIOMETRIC_WINDOW
energy_vol,Wh/L_or_Wh/dm3_database_dependent,P0,53,charge_formula_has_Br,stoichiometric_window,electrode_state_stoichiometry,L3,RULE_STOICHIOMETRIC_WINDOW
energy_vol,Wh/L_or_Wh/dm3_database_dependent,P0,54,charge_formula_has_C,stoichiometric_window,electrode_state_stoichiometry,L3,RULE_STOICHIOMETRIC_WINDOW
energy_vol,Wh/L_or_Wh/dm3_database_dependent,P0,55,charge_formula_has_Cl,stoichiometric_window,electrode_state_stoichiometry,L3,RULE_STOICHIOMETRIC_WINDOW
energy_vol,Wh/L_or_Wh/dm3_database_dependent,P0,56,charge_formula_has_F,stoichiometric_window,electrode_state_stoichiometry,L3,RULE_STOICHIOMETRIC_WINDOW
energy_vol,Wh/L_or_Wh/dm3_database_dependent,P0,57,charge_formula_has_I,stoichiometric_window,electrode_state_stoichiometry,L3,RULE_STOICHIOMETRIC_WINDOW
energy_vol,Wh/L_or_Wh/dm3_database_dependent,P0,58,charge_formula_has_N,stoichiometric_window,electrode_state_stoichiometry,L3,RULE_STOICHIOMETRIC_WINDOW
energy_vol,Wh/L_or_Wh/dm3_database_dependent,P0,59,charge_formula_has_O,stoichiometric_window,electrode_state_stoichiometry,L3,RULE_STOICHIOMETRIC_WINDOW
energy_vol,Wh/L_or_Wh/dm3_database_dependent,P0,60,charge_formula_has_P,stoichiometric_window,electrode_state_stoichiometry,L3,RULE_STOICHIOMETRIC_WINDOW
energy_vol,Wh/L_or_Wh/dm3_database_dependent,P0,61,charge_formula_has_S,stoichiometric_window,electrode_state_stoichiometry,L3,RULE_STOICHIOMETRIC_WINDOW
energy_vol,Wh/L_or_Wh/dm3_database_dependent,P0,62,charge_formula_has_Si,stoichiometric_window,electrode_state_stoichiometry,L3,RULE_STOICHIOMETRIC_WINDOW
energy_vol,Wh/L_or_Wh/dm3_database_dependent,P0,63,charge_formula_n_atoms,stoichiometric_window,electrode_state_stoichiometry,L3,RULE_STOICHIOMETRIC_WINDOW
energy_vol,Wh/L_or_Wh/dm3_database_dependent,P0,64,charge_formula_n_elements,stoichiometric_window,electrode_state_stoichiometry,L3,RULE_STOICHIOMETRIC_WINDOW
energy_vol,Wh/L_or_Wh/dm3_database_dependent,P0,65,charge_formula_n_transition_metals,stoichiometric_window,electrode_state_stoichiometry,L3,RULE_STOICHIOMETRIC_WINDOW
energy_vol,Wh/L_or_Wh/dm3_database_dependent,P0,66,charge_formula_parse_ok,stoichiometric_window,electrode_state_stoichiometry,L3,RULE_STOICHIOMETRIC_WINDOW
energy_vol,Wh/L_or_Wh/dm3_database_dependent,P0,67,charge_formula_row_max,stoichiometric_window,electrode_state_stoichiometry,L3,RULE_STOICHIOMETRIC_WINDOW
energy_vol,Wh/L_or_Wh/dm3_database_dependent,P0,68,charge_formula_row_mean,stoichiometric_window,electrode_state_stoichiometry,L3,RULE_STOICHIOMETRIC_WINDOW
energy_vol,Wh/L_or_Wh/dm3_database_dependent,P0,69,charge_formula_row_min,stoichiometric_window,electrode_state_stoichiometry,L3,RULE_STOICHIOMETRIC_WINDOW
energy_vol,Wh/L_or_Wh/dm3_database_dependent,P0,70,charge_formula_row_range,stoichiometric_window,electrode_state_stoichiometry,L3,RULE_STOICHIOMETRIC_WINDOW
energy_vol,Wh/L_or_Wh/dm3_database_dependent,P0,71,charge_formula_row_std,stoichiometric_window,electrode_state_stoichiometry,L3,RULE_STOICHIOMETRIC_WINDOW
energy_vol,Wh/L_or_Wh/dm3_database_dependent,P0,72,charge_summary_band_gap,post_dft_electronic_summary,post_dft_electronic,L4,RULE_POST_DFT_ELECTRONIC
energy_vol,Wh/L_or_Wh/dm3_database_dependent,P0,73,charge_summary_density,relaxed_structure_summary,relaxed_structure,L0,RULE_SAFE_STRUCTURE
energy_vol,Wh/L_or_Wh/dm3_database_dependent,P0,74,charge_summary_density_atomic,relaxed_structure_summary,relaxed_structure,L0,RULE_SAFE_STRUCTURE
energy_vol,Wh/L_or_Wh/dm3_database_dependent,P0,75,charge_summary_energy_above_hull,post_dft_energy_stability_summary,post_dft_thermodynamics,L4,RULE_HULL_OTHER
energy_vol,Wh/L_or_Wh/dm3_database_dependent,P0,76,charge_summary_formation_energy_per_atom,post_dft_energy_stability_summary,post_dft_thermodynamics,L2,RULE_FORMATION_ENERGY_ENERGY
energy_vol,Wh/L_or_Wh/dm3_database_dependent,P0,77,charge_summary_is_metal,post_dft_electronic_summary,post_dft_electronic,L4,RULE_POST_DFT_ELECTRONIC
energy_vol,Wh/L_or_Wh/dm3_database_dependent,P0,78,charge_summary_is_stable,post_dft_energy_stability_summary,post_dft_thermodynamics,L4,RULE_HULL_OTHER
energy_vol,Wh/L_or_Wh/dm3_database_dependent,P0,79,charge_summary_nsites,relaxed_structure_summary,relaxed_structure,L0,RULE_SAFE_STRUCTURE
energy_vol,Wh/L_or_Wh/dm3_database_dependent,P0,80,charge_summary_symmetry_number,relaxed_structure_summary,relaxed_structure,L0,RULE_SAFE_STRUCTURE
energy_vol,Wh/L_or_Wh/dm3_database_dependent,P0,81,charge_summary_theoretical,post_dft_provenance_flag,post_dft_provenance,L4,RULE_POST_DFT_PROVENANCE
energy_vol,Wh/L_or_Wh/dm3_database_dependent,P0,82,charge_summary_volume,relaxed_structure_summary,relaxed_structure,L0,RULE_SAFE_STRUCTURE
energy_vol,Wh/L_or_Wh/dm3_database_dependent,P0,83,charge_summary_volume_per_site,relaxed_structure_summary,relaxed_structure,L0,RULE_SAFE_STRUCTURE
energy_vol,Wh/L_or_Wh/dm3_database_dependent,P0,84,discharge_formula_X_max,stoichiometric_window,electrode_state_stoichiometry,L3,RULE_STOICHIOMETRIC_WINDOW
energy_vol,Wh/L_or_Wh/dm3_database_dependent,P0,85,discharge_formula_X_mean,stoichiometric_window,electrode_state_stoichiometry,L3,RULE_STOICHIOMETRIC_WINDOW
energy_vol,Wh/L_or_Wh/dm3_database_dependent,P0,86,discharge_formula_X_min,stoichiometric_window,electrode_state_stoichiometry,L3,RULE_STOICHIOMETRIC_WINDOW
energy_vol,Wh/L_or_Wh/dm3_database_dependent,P0,87,discharge_formula_X_range,stoichiometric_window,electrode_state_stoichiometry,L3,RULE_STOICHIOMETRIC_WINDOW
energy_vol,Wh/L_or_Wh/dm3_database_dependent,P0,88,discharge_formula_X_std,stoichiometric_window,electrode_state_stoichiometry,L3,RULE_STOICHIOMETRIC_WINDOW
energy_vol,Wh/L_or_Wh/dm3_database_dependent,P0,89,discharge_formula_Z_max,stoichiometric_window,electrode_state_stoichiometry,L3,RULE_STOICHIOMETRIC_WINDOW
energy_vol,Wh/L_or_Wh/dm3_database_dependent,P0,90,discharge_formula_Z_mean,stoichiometric_window,electrode_state_stoichiometry,L3,RULE_STOICHIOMETRIC_WINDOW
energy_vol,Wh/L_or_Wh/dm3_database_dependent,P0,91,discharge_formula_Z_min,stoichiometric_window,electrode_state_stoichiometry,L3,RULE_STOICHIOMETRIC_WINDOW
energy_vol,Wh/L_or_Wh/dm3_database_dependent,P0,92,discharge_formula_Z_range,stoichiometric_window,electrode_state_stoichiometry,L3,RULE_STOICHIOMETRIC_WINDOW
energy_vol,Wh/L_or_Wh/dm3_database_dependent,P0,93,discharge_formula_Z_std,stoichiometric_window,electrode_state_stoichiometry,L3,RULE_STOICHIOMETRIC_WINDOW
energy_vol,Wh/L_or_Wh/dm3_database_dependent,P0,94,discharge_formula_atomic_mass_max,stoichiometric_window,electrode_state_stoichiometry,L3,RULE_STOICHIOMETRIC_WINDOW
energy_vol,Wh/L_or_Wh/dm3_database_dependent,P0,95,discharge_formula_atomic_mass_mean,stoichiometric_window,electrode_state_stoichiometry,L3,RULE_STOICHIOMETRIC_WINDOW
energy_vol,Wh/L_or_Wh/dm3_database_dependent,P0,96,discharge_formula_atomic_mass_min,stoichiometric_window,electrode_state_stoichiometry,L3,RULE_STOICHIOMETRIC_WINDOW
energy_vol,Wh/L_or_Wh/dm3_database_dependent,P0,97,discharge_formula_atomic_mass_range,stoichiometric_window,electrode_state_stoichiometry,L3,RULE_STOICHIOMETRIC_WINDOW
energy_vol,Wh/L_or_Wh/dm3_database_dependent,P0,98,discharge_formula_atomic_mass_std,stoichiometric_window,electrode_state_stoichiometry,L3,RULE_STOICHIOMETRIC_WINDOW
energy_vol,Wh/L_or_Wh/dm3_database_dependent,P0,99,discharge_formula_frac_Ag,stoichiometric_window,electrode_state_stoichiometry,L3,RULE_STOICHIOMETRIC_WINDOW
energy_vol,Wh/L_or_Wh/dm3_database_dependent,P0,100,discharge_formula_frac_Al,stoichiometric_window,electrode_state_stoichiometry,L3,RULE_STOICHIOMETRIC_WINDOW
energy_vol,Wh/L_or_Wh/dm3_database_dependent,P0,101,discharge_formula_frac_As,stoichiometric_window,electrode_state_stoichiometry,L3,RULE_STOICHIOMETRIC_WINDOW
energy_vol,Wh/L_or_Wh/dm3_database_dependent,P0,102,discharge_formula_frac_B,stoichiometric_window,electrode_state_stoichiometry,L3,RULE_STOICHIOMETRIC_WINDOW
energy_vol,Wh/L_or_Wh/dm3_database_dependent,P0,103,discharge_formula_frac_Br,stoichiometric_window,electrode_state_stoichiometry,L3,RULE_STOICHIOMETRIC_WINDOW
energy_vol,Wh/L_or_Wh/dm3_database_dependent,P0,104,discharge_formula_frac_C,stoichiometric_window,electrode_state_stoichiometry,L3,RULE_STOICHIOMETRIC_WINDOW
energy_vol,Wh/L_or_Wh/dm3_database_dependent,P0,105,discharge_formula_frac_Ca,stoichiometric_window,electrode_state_stoichiometry,L3,RULE_STOICHIOMETRIC_WINDOW
energy_vol,Wh/L_or_Wh/dm3_database_dependent,P0,106,discharge_formula_frac_Cl,stoichiometric_window,electrode_state_stoichiometry,L3,RULE_STOICHIOMETRIC_WINDOW
energy_vol,Wh/L_or_Wh/dm3_database_dependent,P0,107,discharge_formula_frac_Co,stoichiometric_window,electrode_state_stoichiometry,L3,RULE_STOICHIOMETRIC_WINDOW
energy_vol,Wh/L_or_Wh/dm3_database_dependent,P0,108,discharge_formula_frac_Cr,stoichiometric_window,electrode_state_stoichiometry,L3,RULE_STOICHIOMETRIC_WINDOW
energy_vol,Wh/L_or_Wh/dm3_database_dependent,P0,109,discharge_formula_frac_Cu,stoichiometric_window,electrode_state_stoichiometry,L3,RULE_STOICHIOMETRIC_WINDOW
energy_vol,Wh/L_or_Wh/dm3_database_dependent,P0,110,discharge_formula_frac_F,stoichiometric_window,electrode_state_stoichiometry,L3,RULE_STOICHIOMETRIC_WINDOW
energy_vol,Wh/L_or_Wh/dm3_database_dependent,P0,111,discharge_formula_frac_Fe,stoichiometric_window,electrode_state_stoichiometry,L3,RULE_STOICHIOMETRIC_WINDOW
energy_vol,Wh/L_or_Wh/dm3_database_dependent,P0,112,discharge_formula_frac_I,stoichiometric_window,electrode_state_stoichiometry,L3,RULE_STOICHIOMETRIC_WINDOW
energy_vol,Wh/L_or_Wh/dm3_database_dependent,P0,113,discharge_formula_frac_K,stoichiometric_window,electrode_state_stoichiometry,L3,RULE_STOICHIOMETRIC_WINDOW
energy_vol,Wh/L_or_Wh/dm3_database_dependent,P0,114,discharge_formula_frac_Li,stoichiometric_window,electrode_state_stoichiometry,L3,RULE_STOICHIOMETRIC_WINDOW
energy_vol,Wh/L_or_Wh/dm3_database_dependent,P0,115,discharge_formula_frac_Mg,stoichiometric_window,electrode_state_stoichiometry,L3,RULE_STOICHIOMETRIC_WINDOW
energy_vol,Wh/L_or_Wh/dm3_database_dependent,P0,116,discharge_formula_frac_Mn,stoichiometric_window,electrode_state_stoichiometry,L3,RULE_STOICHIOMETRIC_WINDOW
energy_vol,Wh/L_or_Wh/dm3_database_dependent,P0,117,discharge_formula_frac_N,stoichiometric_window,electrode_state_stoichiometry,L3,RULE_STOICHIOMETRIC_WINDOW
energy_vol,Wh/L_or_Wh/dm3_database_dependent,P0,118,discharge_formula_frac_Na,stoichiometric_window,electrode_state_stoichiometry,L3,RULE_STOICHIOMETRIC_WINDOW
energy_vol,Wh/L_or_Wh/dm3_database_dependent,P0,119,discharge_formula_frac_Ni,stoichiometric_window,electrode_state_stoichiometry,L3,RULE_STOICHIOMETRIC_WINDOW
energy_vol,Wh/L_or_Wh/dm3_database_dependent,P0,120,discharge_formula_frac_O,stoichiometric_window,electrode_state_stoichiometry,L3,RULE_STOICHIOMETRIC_WINDOW
energy_vol,Wh/L_or_Wh/dm3_database_dependent,P0,121,discharge_formula_frac_P,stoichiometric_window,electrode_state_stoichiometry,L3,RULE_STOICHIOMETRIC_WINDOW
energy_vol,Wh/L_or_Wh/dm3_database_dependent,P0,122,discharge_formula_frac_S,stoichiometric_window,electrode_state_stoichiometry,L3,RULE_STOICHIOMETRIC_WINDOW
energy_vol,Wh/L_or_Wh/dm3_database_dependent,P0,123,discharge_formula_frac_Si,stoichiometric_window,electrode_state_stoichiometry,L3,RULE_STOICHIOMETRIC_WINDOW
energy_vol,Wh/L_or_Wh/dm3_database_dependent,P0,124,discharge_formula_frac_Ti,stoichiometric_window,electrode_state_stoichiometry,L3,RULE_STOICHIOMETRIC_WINDOW
energy_vol,Wh/L_or_Wh/dm3_database_dependent,P0,125,discharge_formula_frac_V,stoichiometric_window,electrode_state_stoichiometry,L3,RULE_STOICHIOMETRIC_WINDOW
energy_vol,Wh/L_or_Wh/dm3_database_dependent,P0,126,discharge_formula_frac_Zn,stoichiometric_window,electrode_state_stoichiometry,L3,RULE_STOICHIOMETRIC_WINDOW
energy_vol,Wh/L_or_Wh/dm3_database_dependent,P0,127,discharge_formula_frac_transition_metals,stoichiometric_window,electrode_state_stoichiometry,L3,RULE_STOICHIOMETRIC_WINDOW
energy_vol,Wh/L_or_Wh/dm3_database_dependent,P0,128,discharge_formula_group_max,stoichiometric_window,electrode_state_stoichiometry,L3,RULE_STOICHIOMETRIC_WINDOW
energy_vol,Wh/L_or_Wh/dm3_database_dependent,P0,129,discharge_formula_group_mean,stoichiometric_window,electrode_state_stoichiometry,L3,RULE_STOICHIOMETRIC_WINDOW
energy_vol,Wh/L_or_Wh/dm3_database_dependent,P0,130,discharge_formula_group_min,stoichiometric_window,electrode_state_stoichiometry,L3,RULE_STOICHIOMETRIC_WINDOW
energy_vol,Wh/L_or_Wh/dm3_database_dependent,P0,131,discharge_formula_group_range,stoichiometric_window,electrode_state_stoichiometry,L3,RULE_STOICHIOMETRIC_WINDOW
energy_vol,Wh/L_or_Wh/dm3_database_dependent,P0,132,discharge_formula_group_std,stoichiometric_window,electrode_state_stoichiometry,L3,RULE_STOICHIOMETRIC_WINDOW
energy_vol,Wh/L_or_Wh/dm3_database_dependent,P0,133,discharge_formula_has_Br,stoichiometric_window,electrode_state_stoichiometry,L3,RULE_STOICHIOMETRIC_WINDOW
energy_vol,Wh/L_or_Wh/dm3_database_dependent,P0,134,discharge_formula_has_C,stoichiometric_window,electrode_state_stoichiometry,L3,RULE_STOICHIOMETRIC_WINDOW
energy_vol,Wh/L_or_Wh/dm3_database_dependent,P0,135,discharge_formula_has_Cl,stoichiometric_window,electrode_state_stoichiometry,L3,RULE_STOICHIOMETRIC_WINDOW
energy_vol,Wh/L_or_Wh/dm3_database_dependent,P0,136,discharge_formula_has_F,stoichiometric_window,electrode_state_stoichiometry,L3,RULE_STOICHIOMETRIC_WINDOW
energy_vol,Wh/L_or_Wh/dm3_database_dependent,P0,137,discharge_formula_has_I,stoichiometric_window,electrode_state_stoichiometry,L3,RULE_STOICHIOMETRIC_WINDOW
energy_vol,Wh/L_or_Wh/dm3_database_dependent,P0,138,discharge_formula_has_N,stoichiometric_window,electrode_state_stoichiometry,L3,RULE_STOICHIOMETRIC_WINDOW
energy_vol,Wh/L_or_Wh/dm3_database_dependent,P0,139,discharge_formula_has_O,stoichiometric_window,electrode_state_stoichiometry,L3,RULE_STOICHIOMETRIC_WINDOW
energy_vol,Wh/L_or_Wh/dm3_database_dependent,P0,140,discharge_formula_has_P,stoichiometric_window,electrode_state_stoichiometry,L3,RULE_STOICHIOMETRIC_WINDOW
energy_vol,Wh/L_or_Wh/dm3_database_dependent,P0,141,discharge_formula_has_S,stoichiometric_window,electrode_state_stoichiometry,L3,RULE_STOICHIOMETRIC_WINDOW
energy_vol,Wh/L_or_Wh/dm3_database_dependent,P0,142,discharge_formula_has_Si,stoichiometric_window,electrode_state_stoichiometry,L3,RULE_STOICHIOMETRIC_WINDOW
energy_vol,Wh/L_or_Wh/dm3_database_dependent,P0,143,discharge_formula_n_atoms,stoichiometric_window,electrode_state_stoichiometry,L3,RULE_STOICHIOMETRIC_WINDOW
energy_vol,Wh/L_or_Wh/dm3_database_dependent,P0,144,discharge_formula_n_elements,stoichiometric_window,electrode_state_stoichiometry,L3,RULE_STOICHIOMETRIC_WINDOW
energy_vol,Wh/L_or_Wh/dm3_database_dependent,P0,145,discharge_formula_n_transition_metals,stoichiometric_window,electrode_state_stoichiometry,L3,RULE_STOICHIOMETRIC_WINDOW
energy_vol,Wh/L_or_Wh/dm3_database_dependent,P0,146,discharge_formula_parse_ok,stoichiometric_window,electrode_state_stoichiometry,L3,RULE_STOICHIOMETRIC_WINDOW
energy_vol,Wh/L_or_Wh/dm3_database_dependent,P0,147,discharge_formula_row_max,stoichiometric_window,electrode_state_stoichiometry,L3,RULE_STOICHIOMETRIC_WINDOW
energy_vol,Wh/L_or_Wh/dm3_database_dependent,P0,148,discharge_formula_row_mean,stoichiometric_window,electrode_state_stoichiometry,L3,RULE_STOICHIOMETRIC_WINDOW
energy_vol,Wh/L_or_Wh/dm3_database_dependent,P0,149,discharge_formula_row_min,stoichiometric_window,electrode_state_stoichiometry,L3,RULE_STOICHIOMETRIC_WINDOW
energy_vol,Wh/L_or_Wh/dm3_database_dependent,P0,150,discharge_formula_row_range,stoichiometric_window,electrode_state_stoichiometry,L3,RULE_STOICHIOMETRIC_WINDOW
energy_vol,Wh/L_or_Wh/dm3_database_dependent,P0,151,discharge_formula_row_std,stoichiometric_window,electrode_state_stoichiometry,L3,RULE_STOICHIOMETRIC_WINDOW
energy_vol,Wh/L_or_Wh/dm3_database_dependent,P0,152,discharge_summary_band_gap,post_dft_electronic_summary,post_dft_electronic,L4,RULE_POST_DFT_ELECTRONIC
energy_vol,Wh/L_or_Wh/dm3_database_dependent,P0,153,discharge_summary_density,relaxed_structure_summary,relaxed_structure,L0,RULE_SAFE_STRUCTURE
energy_vol,Wh/L_or_Wh/dm3_database_dependent,P0,154,discharge_summary_density_atomic,relaxed_structure_summary,relaxed_structure,L0,RULE_SAFE_STRUCTURE
energy_vol,Wh/L_or_Wh/dm3_database_dependent,P0,155,discharge_summary_energy_above_hull,post_dft_energy_stability_summary,post_dft_thermodynamics,L4,RULE_HULL_OTHER
energy_vol,Wh/L_or_Wh/dm3_database_dependent,P0,156,discharge_summary_formation_energy_per_atom,post_dft_energy_stability_summary,post_dft_thermodynamics,L2,RULE_FORMATION_ENERGY_ENERGY
energy_vol,Wh/L_or_Wh/dm3_database_dependent,P0,157,discharge_summary_is_metal,post_dft_electronic_summary,post_dft_electronic,L4,RULE_POST_DFT_ELECTRONIC
energy_vol,Wh/L_or_Wh/dm3_database_dependent,P0,158,discharge_summary_is_stable,post_dft_energy_stability_summary,post_dft_thermodynamics,L4,RULE_HULL_OTHER
energy_vol,Wh/L_or_Wh/dm3_database_dependent,P0,159,discharge_summary_nsites,relaxed_structure_summary,relaxed_structure,L0,RULE_SAFE_STRUCTURE
energy_vol,Wh/L_or_Wh/dm3_database_dependent,P0,160,discharge_summary_symmetry_number,relaxed_structure_summary,relaxed_structure,L0,RULE_SAFE_STRUCTURE
energy_vol,Wh/L_or_Wh/dm3_database_dependent,P0,161,discharge_summary_theoretical,post_dft_provenance_flag,post_dft_provenance,L4,RULE_POST_DFT_PROVENANCE
energy_vol,Wh/L_or_Wh/dm3_database_dependent,P0,162,discharge_summary_volume,relaxed_structure_summary,relaxed_structure,L0,RULE_SAFE_STRUCTURE
energy_vol,Wh/L_or_Wh/dm3_database_dependent,P0,163,discharge_summary_volume_per_site,relaxed_structure_summary,relaxed_structure,L0,RULE_SAFE_STRUCTURE
energy_vol,Wh/L_or_Wh/dm3_database_dependent,P0,164,energy_grav,stored_electrode_target,stored_electrode_record,L2,RULE_ENERGY_DEFINITION
energy_vol,Wh/L_or_Wh/dm3_database_dependent,P0,165,fracA_charge,stoichiometric_window,electrode_state_stoichiometry,L3,RULE_STOICHIOMETRIC_WINDOW
energy_vol,Wh/L_or_Wh/dm3_database_dependent,P0,166,fracA_discharge,stoichiometric_window,electrode_state_stoichiometry,L3,RULE_STOICHIOMETRIC_WINDOW
energy_vol,Wh/L_or_Wh/dm3_database_dependent,P0,167,fw_X_max,composition_known_framework,pre_dft_composition,L0,RULE_SAFE_DEFAULT
energy_vol,Wh/L_or_Wh/dm3_database_dependent,P0,168,fw_X_mean,composition_known_framework,pre_dft_composition,L0,RULE_SAFE_DEFAULT
energy_vol,Wh/L_or_Wh/dm3_database_dependent,P0,169,fw_X_min,composition_known_framework,pre_dft_composition,L0,RULE_SAFE_DEFAULT
energy_vol,Wh/L_or_Wh/dm3_database_dependent,P0,170,fw_X_range,composition_known_framework,pre_dft_composition,L0,RULE_SAFE_DEFAULT
energy_vol,Wh/L_or_Wh/dm3_database_dependent,P0,171,fw_X_std,composition_known_framework,pre_dft_composition,L0,RULE_SAFE_DEFAULT
energy_vol,Wh/L_or_Wh/dm3_database_dependent,P0,172,fw_Z_max,composition_known_framework,pre_dft_composition,L0,RULE_SAFE_DEFAULT
energy_vol,Wh/L_or_Wh/dm3_database_dependent,P0,173,fw_Z_mean,composition_known_framework,pre_dft_composition,L0,RULE_SAFE_DEFAULT
energy_vol,Wh/L_or_Wh/dm3_database_dependent,P0,174,fw_Z_min,composition_known_framework,pre_dft_composition,L0,RULE_SAFE_DEFAULT
energy_vol,Wh/L_or_Wh/dm3_database_dependent,P0,175,fw_Z_range,composition_known_framework,pre_dft_composition,L0,RULE_SAFE_DEFAULT
energy_vol,Wh/L_or_Wh/dm3_database_dependent,P0,176,fw_Z_std,composition_known_framework,pre_dft_composition,L0,RULE_SAFE_DEFAULT
energy_vol,Wh/L_or_Wh/dm3_database_dependent,P0,177,fw_atomic_mass_max,composition_known_framework,pre_dft_composition,L0,RULE_SAFE_DEFAULT
energy_vol,Wh/L_or_Wh/dm3_database_dependent,P0,178,fw_atomic_mass_mean,composition_known_framework,pre_dft_composition,L0,RULE_SAFE_DEFAULT
energy_vol,Wh/L_or_Wh/dm3_database_dependent,P0,179,fw_atomic_mass_min,composition_known_framework,pre_dft_composition,L0,RULE_SAFE_DEFAULT
energy_vol,Wh/L_or_Wh/dm3_database_dependent,P0,180,fw_atomic_mass_range,composition_known_framework,pre_dft_composition,L0,RULE_SAFE_DEFAULT
energy_vol,Wh/L_or_Wh/dm3_database_dependent,P0,181,fw_atomic_mass_std,composition_known_framework,pre_dft_composition,L0,RULE_SAFE_DEFAULT
energy_vol,Wh/L_or_Wh/dm3_database_dependent,P0,182,fw_frac_Ag,composition_known_framework,pre_dft_composition,L0,RULE_SAFE_DEFAULT
energy_vol,Wh/L_or_Wh/dm3_database_dependent,P0,183,fw_frac_Al,composition_known_framework,pre_dft_composition,L0,RULE_SAFE_DEFAULT
energy_vol,Wh/L_or_Wh/dm3_database_dependent,P0,184,fw_frac_As,composition_known_framework,pre_dft_composition,L0,RULE_SAFE_DEFAULT
energy_vol,Wh/L_or_Wh/dm3_database_dependent,P0,185,fw_frac_B,composition_known_framework,pre_dft_composition,L0,RULE_SAFE_DEFAULT
energy_vol,Wh/L_or_Wh/dm3_database_dependent,P0,186,fw_frac_Br,composition_known_framework,pre_dft_composition,L0,RULE_SAFE_DEFAULT
energy_vol,Wh/L_or_Wh/dm3_database_dependent,P0,187,fw_frac_C,composition_known_framework,pre_dft_composition,L0,RULE_SAFE_DEFAULT
energy_vol,Wh/L_or_Wh/dm3_database_dependent,P0,188,fw_frac_Ca,composition_known_framework,pre_dft_composition,L0,RULE_SAFE_DEFAULT
energy_vol,Wh/L_or_Wh/dm3_database_dependent,P0,189,fw_frac_Cl,composition_known_framework,pre_dft_composition,L0,RULE_SAFE_DEFAULT
energy_vol,Wh/L_or_Wh/dm3_database_dependent,P0,190,fw_frac_Co,composition_known_framework,pre_dft_composition,L0,RULE_SAFE_DEFAULT
energy_vol,Wh/L_or_Wh/dm3_database_dependent,P0,191,fw_frac_Cr,composition_known_framework,pre_dft_composition,L0,RULE_SAFE_DEFAULT
energy_vol,Wh/L_or_Wh/dm3_database_dependent,P0,192,fw_frac_Cu,composition_known_framework,pre_dft_composition,L0,RULE_SAFE_DEFAULT
energy_vol,Wh/L_or_Wh/dm3_database_dependent,P0,193,fw_frac_F,composition_known_framework,pre_dft_composition,L0,RULE_SAFE_DEFAULT
energy_vol,Wh/L_or_Wh/dm3_database_dependent,P0,194,fw_frac_Fe,composition_known_framework,pre_dft_composition,L0,RULE_SAFE_DEFAULT
energy_vol,Wh/L_or_Wh/dm3_database_dependent,P0,195,fw_frac_I,composition_known_framework,pre_dft_composition,L0,RULE_SAFE_DEFAULT
energy_vol,Wh/L_or_Wh/dm3_database_dependent,P0,196,fw_frac_K,composition_known_framework,pre_dft_composition,L0,RULE_SAFE_DEFAULT
energy_vol,Wh/L_or_Wh/dm3_database_dependent,P0,197,fw_frac_Li,composition_known_framework,pre_dft_composition,L0,RULE_SAFE_DEFAULT
energy_vol,Wh/L_or_Wh/dm3_database_dependent,P0,198,fw_frac_Mg,composition_known_framework,pre_dft_composition,L0,RULE_SAFE_DEFAULT
energy_vol,Wh/L_or_Wh/dm3_database_dependent,P0,199,fw_frac_Mn,composition_known_framework,pre_dft_composition,L0,RULE_SAFE_DEFAULT
energy_vol,Wh/L_or_Wh/dm3_database_dependent,P0,200,fw_frac_N,composition_known_framework,pre_dft_composition,L0,RULE_SAFE_DEFAULT
energy_vol,Wh/L_or_Wh/dm3_database_dependent,P0,201,fw_frac_Na,composition_known_framework,pre_dft_composition,L0,RULE_SAFE_DEFAULT
energy_vol,Wh/L_or_Wh/dm3_database_dependent,P0,202,fw_frac_Ni,composition_known_framework,pre_dft_composition,L0,RULE_SAFE_DEFAULT
energy_vol,Wh/L_or_Wh/dm3_database_dependent,P0,203,fw_frac_O,composition_known_framework,pre_dft_composition,L0,RULE_SAFE_DEFAULT
energy_vol,Wh/L_or_Wh/dm3_database_dependent,P0,204,fw_frac_P,composition_known_framework,pre_dft_composition,L0,RULE_SAFE_DEFAULT
energy_vol,Wh/L_or_Wh/dm3_database_dependent,P0,205,fw_frac_S,composition_known_framework,pre_dft_composition,L0,RULE_SAFE_DEFAULT
energy_vol,Wh/L_or_Wh/dm3_database_dependent,P0,206,fw_frac_Si,composition_known_framework,pre_dft_composition,L0,RULE_SAFE_DEFAULT
energy_vol,Wh/L_or_Wh/dm3_database_dependent,P0,207,fw_frac_Ti,composition_known_framework,pre_dft_composition,L0,RULE_SAFE_DEFAULT
energy_vol,Wh/L_or_Wh/dm3_database_dependent,P0,208,fw_frac_V,composition_known_framework,pre_dft_composition,L0,RULE_SAFE_DEFAULT
energy_vol,Wh/L_or_Wh/dm3_database_dependent,P0,209,fw_frac_Zn,composition_known_framework,pre_dft_composition,L0,RULE_SAFE_DEFAULT
energy_vol,Wh/L_or_Wh/dm3_database_dependent,P0,210,fw_frac_transition_metals,composition_known_framework,pre_dft_composition,L0,RULE_SAFE_DEFAULT
energy_vol,Wh/L_or_Wh/dm3_database_dependent,P0,211,fw_group_max,composition_known_framework,pre_dft_composition,L0,RULE_SAFE_DEFAULT
energy_vol,Wh/L_or_Wh/dm3_database_dependent,P0,212,fw_group_mean,composition_known_framework,pre_dft_composition,L0,RULE_SAFE_DEFAULT
energy_vol,Wh/L_or_Wh/dm3_database_dependent,P0,213,fw_group_min,composition_known_framework,pre_dft_composition,L0,RULE_SAFE_DEFAULT
energy_vol,Wh/L_or_Wh/dm3_database_dependent,P0,214,fw_group_range,composition_known_framework,pre_dft_composition,L0,RULE_SAFE_DEFAULT
energy_vol,Wh/L_or_Wh/dm3_database_dependent,P0,215,fw_group_std,composition_known_framework,pre_dft_composition,L0,RULE_SAFE_DEFAULT
energy_vol,Wh/L_or_Wh/dm3_database_dependent,P0,216,fw_has_Br,composition_known_framework,pre_dft_composition,L0,RULE_SAFE_DEFAULT
energy_vol,Wh/L_or_Wh/dm3_database_dependent,P0,217,fw_has_C,composition_known_framework,pre_dft_composition,L0,RULE_SAFE_DEFAULT
energy_vol,Wh/L_or_Wh/dm3_database_dependent,P0,218,fw_has_Cl,composition_known_framework,pre_dft_composition,L0,RULE_SAFE_DEFAULT
energy_vol,Wh/L_or_Wh/dm3_database_dependent,P0,219,fw_has_F,composition_known_framework,pre_dft_composition,L0,RULE_SAFE_DEFAULT
energy_vol,Wh/L_or_Wh/dm3_database_dependent,P0,220,fw_has_I,composition_known_framework,pre_dft_composition,L0,RULE_SAFE_DEFAULT
energy_vol,Wh/L_or_Wh/dm3_database_dependent,P0,221,fw_has_N,composition_known_framework,pre_dft_composition,L0,RULE_SAFE_DEFAULT
energy_vol,Wh/L_or_Wh/dm3_database_dependent,P0,222,fw_has_O,composition_known_framework,pre_dft_composition,L0,RULE_SAFE_DEFAULT
energy_vol,Wh/L_or_Wh/dm3_database_dependent,P0,223,fw_has_P,composition_known_framework,pre_dft_composition,L0,RULE_SAFE_DEFAULT
energy_vol,Wh/L_or_Wh/dm3_database_dependent,P0,224,fw_has_S,composition_known_framework,pre_dft_composition,L0,RULE_SAFE_DEFAULT
energy_vol,Wh/L_or_Wh/dm3_database_dependent,P0,225,fw_has_Si,composition_known_framework,pre_dft_composition,L0,RULE_SAFE_DEFAULT
energy_vol,Wh/L_or_Wh/dm3_database_dependent,P0,226,fw_n_atoms,composition_known_framework,pre_dft_composition,L0,RULE_SAFE_DEFAULT
energy_vol,Wh/L_or_Wh/dm3_database_dependent,P0,227,fw_n_elements,composition_known_framework,pre_dft_composition,L0,RULE_SAFE_DEFAULT
energy_vol,Wh/L_or_Wh/dm3_database_dependent,P0,228,fw_n_transition_metals,composition_known_framework,pre_dft_composition,L0,RULE_SAFE_DEFAULT
energy_vol,Wh/L_or_Wh/dm3_database_dependent,P0,229,fw_parse_ok,composition_known_framework,pre_dft_composition,L0,RULE_SAFE_DEFAULT
energy_vol,Wh/L_or_Wh/dm3_database_dependent,P0,230,fw_row_max,composition_known_framework,pre_dft_composition,L0,RULE_SAFE_DEFAULT
energy_vol,Wh/L_or_Wh/dm3_database_dependent,P0,231,fw_row_mean,composition_known_framework,pre_dft_composition,L0,RULE_SAFE_DEFAULT
energy_vol,Wh/L_or_Wh/dm3_database_dependent,P0,232,fw_row_min,composition_known_framework,pre_dft_composition,L0,RULE_SAFE_DEFAULT
energy_vol,Wh/L_or_Wh/dm3_database_dependent,P0,233,fw_row_range,composition_known_framework,pre_dft_composition,L0,RULE_SAFE_DEFAULT
energy_vol,Wh/L_or_Wh/dm3_database_dependent,P0,234,fw_row_std,composition_known_framework,pre_dft_composition,L0,RULE_SAFE_DEFAULT
energy_vol,Wh/L_or_Wh/dm3_database_dependent,P0,235,max_delta_volume,stored_electrode_target,stored_electrode_record,L4,RULE_OTHER_STORED_TARGET
energy_vol,Wh/L_or_Wh/dm3_database_dependent,P0,236,max_voltage_step,stored_electrode_process_descriptor,stored_electrode_record,L0,RULE_SAFE_DEFAULT
energy_vol,Wh/L_or_Wh/dm3_database_dependent,P0,237,num_steps,stored_electrode_process_descriptor,stored_electrode_record,L0,RULE_SAFE_DEFAULT
energy_vol,Wh/L_or_Wh/dm3_database_dependent,P0,238,stability_charge,stored_electrode_target,stored_electrode_record,L4,RULE_OTHER_STORED_TARGET
energy_vol,Wh/L_or_Wh/dm3_database_dependent,P0,239,stability_discharge,stored_electrode_target,stored_electrode_record,L4,RULE_OTHER_STORED_TARGET
energy_vol,Wh/L_or_Wh/dm3_database_dependent,P0,240,stability_worst,stored_electrode_target,stored_electrode_record,L4,RULE_OTHER_STORED_TARGET
energy_vol,Wh/L_or_Wh/dm3_database_dependent,P0,241,stoich_abs_wi_amount_delta,stoichiometric_window,electrode_state_stoichiometry,L3,RULE_STOICHIOMETRIC_WINDOW
energy_vol,Wh/L_or_Wh/dm3_database_dependent,P0,242,stoich_wi_amount_charge,stoichiometric_window,electrode_state_stoichiometry,L3,RULE_STOICHIOMETRIC_WINDOW
energy_vol,Wh/L_or_Wh/dm3_database_dependent,P0,243,stoich_wi_amount_delta,stoichiometric_window,electrode_state_stoichiometry,L3,RULE_STOICHIOMETRIC_WINDOW
energy_vol,Wh/L_or_Wh/dm3_database_dependent,P0,244,stoich_wi_amount_discharge,stoichiometric_window,electrode_state_stoichiometry,L3,RULE_STOICHIOMETRIC_WINDOW
energy_vol,Wh/L_or_Wh/dm3_database_dependent,P0,245,stored_abs_fracA_delta,other_numeric,derived_miscellaneous,L0,RULE_SAFE_DEFAULT
energy_vol,Wh/L_or_Wh/dm3_database_dependent,P0,246,stored_fracA_delta,stoichiometric_window,electrode_state_stoichiometry,L3,RULE_STOICHIOMETRIC_WINDOW
energy_vol,Wh/L_or_Wh/dm3_database_dependent,P0,247,summary_abs_delta_band_gap,post_dft_electronic_summary,post_dft_electronic,L4,RULE_POST_DFT_ELECTRONIC
energy_vol,Wh/L_or_Wh/dm3_database_dependent,P0,248,summary_abs_delta_density,relaxed_structure_summary,relaxed_structure,L0,RULE_SAFE_STRUCTURE
energy_vol,Wh/L_or_Wh/dm3_database_dependent,P0,249,summary_abs_delta_density_atomic,relaxed_structure_summary,relaxed_structure,L0,RULE_SAFE_STRUCTURE
energy_vol,Wh/L_or_Wh/dm3_database_dependent,P0,250,summary_abs_delta_energy_above_hull,post_dft_energy_stability_summary,post_dft_thermodynamics,L4,RULE_HULL_OTHER
energy_vol,Wh/L_or_Wh/dm3_database_dependent,P0,251,summary_abs_delta_formation_energy_per_atom,post_dft_energy_stability_summary,post_dft_thermodynamics,L2,RULE_FORMATION_ENERGY_ENERGY
energy_vol,Wh/L_or_Wh/dm3_database_dependent,P0,252,summary_abs_delta_volume_fraction,relaxed_structure_summary,relaxed_structure,L0,RULE_SAFE_STRUCTURE
energy_vol,Wh/L_or_Wh/dm3_database_dependent,P0,253,summary_abs_delta_volume_per_site,relaxed_structure_summary,relaxed_structure,L0,RULE_SAFE_STRUCTURE
energy_vol,Wh/L_or_Wh/dm3_database_dependent,P0,254,summary_delta_band_gap,post_dft_electronic_summary,post_dft_electronic,L4,RULE_POST_DFT_ELECTRONIC
energy_vol,Wh/L_or_Wh/dm3_database_dependent,P0,255,summary_delta_density,relaxed_structure_summary,relaxed_structure,L0,RULE_SAFE_STRUCTURE
energy_vol,Wh/L_or_Wh/dm3_database_dependent,P0,256,summary_delta_density_atomic,relaxed_structure_summary,relaxed_structure,L0,RULE_SAFE_STRUCTURE
energy_vol,Wh/L_or_Wh/dm3_database_dependent,P0,257,summary_delta_energy_above_hull,post_dft_energy_stability_summary,post_dft_thermodynamics,L4,RULE_HULL_OTHER
energy_vol,Wh/L_or_Wh/dm3_database_dependent,P0,258,summary_delta_formation_energy_per_atom,post_dft_energy_stability_summary,post_dft_thermodynamics,L2,RULE_FORMATION_ENERGY_ENERGY
energy_vol,Wh/L_or_Wh/dm3_database_dependent,P0,259,summary_delta_volume_fraction,relaxed_structure_summary,relaxed_structure,L0,RULE_SAFE_STRUCTURE
energy_vol,Wh/L_or_Wh/dm3_database_dependent,P0,260,summary_delta_volume_per_site,relaxed_structure_summary,relaxed_structure,L0,RULE_SAFE_STRUCTURE
energy_vol,Wh/L_or_Wh/dm3_database_dependent,P0,261,summary_worst_energy_above_hull,post_dft_energy_stability_summary,post_dft_thermodynamics,L4,RULE_HULL_OTHER
energy_vol,Wh/L_or_Wh/dm3_database_dependent,P0,262,wi_X,composition_known_working_ion,pre_dft_composition,L0,RULE_SAFE_DEFAULT
energy_vol,Wh/L_or_Wh/dm3_database_dependent,P0,263,wi_Z,composition_known_working_ion,pre_dft_composition,L0,RULE_SAFE_DEFAULT
energy_vol,Wh/L_or_Wh/dm3_database_dependent,P0,264,wi_atomic_mass,composition_known_working_ion,pre_dft_composition,L0,RULE_SAFE_DEFAULT
energy_vol,Wh/L_or_Wh/dm3_database_dependent,P0,265,wi_group,composition_known_working_ion,pre_dft_composition,L0,RULE_SAFE_DEFAULT
energy_vol,Wh/L_or_Wh/dm3_database_dependent,P0,266,wi_row,composition_known_working_ion,pre_dft_composition,L0,RULE_SAFE_DEFAULT
energy_vol,Wh/L_or_Wh/dm3_database_dependent,P1,1,fw_X_max,composition_known_framework,pre_dft_composition,L0,RULE_SAFE_DEFAULT
energy_vol,Wh/L_or_Wh/dm3_database_dependent,P1,2,fw_X_mean,composition_known_framework,pre_dft_composition,L0,RULE_SAFE_DEFAULT
energy_vol,Wh/L_or_Wh/dm3_database_dependent,P1,3,fw_X_min,composition_known_framework,pre_dft_composition,L0,RULE_SAFE_DEFAULT
energy_vol,Wh/L_or_Wh/dm3_database_dependent,P1,4,fw_X_range,composition_known_framework,pre_dft_composition,L0,RULE_SAFE_DEFAULT
energy_vol,Wh/L_or_Wh/dm3_database_dependent,P1,5,fw_X_std,composition_known_framework,pre_dft_composition,L0,RULE_SAFE_DEFAULT
energy_vol,Wh/L_or_Wh/dm3_database_dependent,P1,6,fw_Z_max,composition_known_framework,pre_dft_composition,L0,RULE_SAFE_DEFAULT
energy_vol,Wh/L_or_Wh/dm3_database_dependent,P1,7,fw_Z_mean,composition_known_framework,pre_dft_composition,L0,RULE_SAFE_DEFAULT
energy_vol,Wh/L_or_Wh/dm3_database_dependent,P1,8,fw_Z_min,composition_known_framework,pre_dft_composition,L0,RULE_SAFE_DEFAULT
energy_vol,Wh/L_or_Wh/dm3_database_dependent,P1,9,fw_Z_range,composition_known_framework,pre_dft_composition,L0,RULE_SAFE_DEFAULT
energy_vol,Wh/L_or_Wh/dm3_database_dependent,P1,10,fw_Z_std,composition_known_framework,pre_dft_composition,L0,RULE_SAFE_DEFAULT
energy_vol,Wh/L_or_Wh/dm3_database_dependent,P1,11,fw_atomic_mass_max,composition_known_framework,pre_dft_composition,L0,RULE_SAFE_DEFAULT
energy_vol,Wh/L_or_Wh/dm3_database_dependent,P1,12,fw_atomic_mass_mean,composition_known_framework,pre_dft_composition,L0,RULE_SAFE_DEFAULT
energy_vol,Wh/L_or_Wh/dm3_database_dependent,P1,13,fw_atomic_mass_min,composition_known_framework,pre_dft_composition,L0,RULE_SAFE_DEFAULT
energy_vol,Wh/L_or_Wh/dm3_database_dependent,P1,14,fw_atomic_mass_range,composition_known_framework,pre_dft_composition,L0,RULE_SAFE_DEFAULT
energy_vol,Wh/L_or_Wh/dm3_database_dependent,P1,15,fw_atomic_mass_std,composition_known_framework,pre_dft_composition,L0,RULE_SAFE_DEFAULT
energy_vol,Wh/L_or_Wh/dm3_database_dependent,P1,16,fw_frac_Ag,composition_known_framework,pre_dft_composition,L0,RULE_SAFE_DEFAULT
energy_vol,Wh/L_or_Wh/dm3_database_dependent,P1,17,fw_frac_Al,composition_known_framework,pre_dft_composition,L0,RULE_SAFE_DEFAULT
energy_vol,Wh/L_or_Wh/dm3_database_dependent,P1,18,fw_frac_As,composition_known_framework,pre_dft_composition,L0,RULE_SAFE_DEFAULT
energy_vol,Wh/L_or_Wh/dm3_database_dependent,P1,19,fw_frac_B,composition_known_framework,pre_dft_composition,L0,RULE_SAFE_DEFAULT
energy_vol,Wh/L_or_Wh/dm3_database_dependent,P1,20,fw_frac_Br,composition_known_framework,pre_dft_composition,L0,RULE_SAFE_DEFAULT
energy_vol,Wh/L_or_Wh/dm3_database_dependent,P1,21,fw_frac_C,composition_known_framework,pre_dft_composition,L0,RULE_SAFE_DEFAULT
energy_vol,Wh/L_or_Wh/dm3_database_dependent,P1,22,fw_frac_Ca,composition_known_framework,pre_dft_composition,L0,RULE_SAFE_DEFAULT
energy_vol,Wh/L_or_Wh/dm3_database_dependent,P1,23,fw_frac_Cl,composition_known_framework,pre_dft_composition,L0,RULE_SAFE_DEFAULT
energy_vol,Wh/L_or_Wh/dm3_database_dependent,P1,24,fw_frac_Co,composition_known_framework,pre_dft_composition,L0,RULE_SAFE_DEFAULT
energy_vol,Wh/L_or_Wh/dm3_database_dependent,P1,25,fw_frac_Cr,composition_known_framework,pre_dft_composition,L0,RULE_SAFE_DEFAULT
energy_vol,Wh/L_or_Wh/dm3_database_dependent,P1,26,fw_frac_Cu,composition_known_framework,pre_dft_composition,L0,RULE_SAFE_DEFAULT
energy_vol,Wh/L_or_Wh/dm3_database_dependent,P1,27,fw_frac_F,composition_known_framework,pre_dft_composition,L0,RULE_SAFE_DEFAULT
energy_vol,Wh/L_or_Wh/dm3_database_dependent,P1,28,fw_frac_Fe,composition_known_framework,pre_dft_composition,L0,RULE_SAFE_DEFAULT
energy_vol,Wh/L_or_Wh/dm3_database_dependent,P1,29,fw_frac_I,composition_known_framework,pre_dft_composition,L0,RULE_SAFE_DEFAULT
energy_vol,Wh/L_or_Wh/dm3_database_dependent,P1,30,fw_frac_K,composition_known_framework,pre_dft_composition,L0,RULE_SAFE_DEFAULT
energy_vol,Wh/L_or_Wh/dm3_database_dependent,P1,31,fw_frac_Li,composition_known_framework,pre_dft_composition,L0,RULE_SAFE_DEFAULT
energy_vol,Wh/L_or_Wh/dm3_database_dependent,P1,32,fw_frac_Mg,composition_known_framework,pre_dft_composition,L0,RULE_SAFE_DEFAULT
energy_vol,Wh/L_or_Wh/dm3_database_dependent,P1,33,fw_frac_Mn,composition_known_framework,pre_dft_composition,L0,RULE_SAFE_DEFAULT
energy_vol,Wh/L_or_Wh/dm3_database_dependent,P1,34,fw_frac_N,composition_known_framework,pre_dft_composition,L0,RULE_SAFE_DEFAULT
energy_vol,Wh/L_or_Wh/dm3_database_dependent,P1,35,fw_frac_Na,composition_known_framework,pre_dft_composition,L0,RULE_SAFE_DEFAULT
energy_vol,Wh/L_or_Wh/dm3_database_dependent,P1,36,fw_frac_Ni,composition_known_framework,pre_dft_composition,L0,RULE_SAFE_DEFAULT
energy_vol,Wh/L_or_Wh/dm3_database_dependent,P1,37,fw_frac_O,composition_known_framework,pre_dft_composition,L0,RULE_SAFE_DEFAULT
energy_vol,Wh/L_or_Wh/dm3_database_dependent,P1,38,fw_frac_P,composition_known_framework,pre_dft_composition,L0,RULE_SAFE_DEFAULT
energy_vol,Wh/L_or_Wh/dm3_database_dependent,P1,39,fw_frac_S,composition_known_framework,pre_dft_composition,L0,RULE_SAFE_DEFAULT
energy_vol,Wh/L_or_Wh/dm3_database_dependent,P1,40,fw_frac_Si,composition_known_framework,pre_dft_composition,L0,RULE_SAFE_DEFAULT
energy_vol,Wh/L_or_Wh/dm3_database_dependent,P1,41,fw_frac_Ti,composition_known_framework,pre_dft_composition,L0,RULE_SAFE_DEFAULT
energy_vol,Wh/L_or_Wh/dm3_database_dependent,P1,42,fw_frac_V,composition_known_framework,pre_dft_composition,L0,RULE_SAFE_DEFAULT
energy_vol,Wh/L_or_Wh/dm3_database_dependent,P1,43,fw_frac_Zn,composition_known_framework,pre_dft_composition,L0,RULE_SAFE_DEFAULT
energy_vol,Wh/L_or_Wh/dm3_database_dependent,P1,44,fw_frac_transition_metals,composition_known_framework,pre_dft_composition,L0,RULE_SAFE_DEFAULT
energy_vol,Wh/L_or_Wh/dm3_database_dependent,P1,45,fw_group_max,composition_known_framework,pre_dft_composition,L0,RULE_SAFE_DEFAULT
energy_vol,Wh/L_or_Wh/dm3_database_dependent,P1,46,fw_group_mean,composition_known_framework,pre_dft_composition,L0,RULE_SAFE_DEFAULT
energy_vol,Wh/L_or_Wh/dm3_database_dependent,P1,47,fw_group_min,composition_known_framework,pre_dft_composition,L0,RULE_SAFE_DEFAULT
energy_vol,Wh/L_or_Wh/dm3_database_dependent,P1,48,fw_group_range,composition_known_framework,pre_dft_composition,L0,RULE_SAFE_DEFAULT
energy_vol,Wh/L_or_Wh/dm3_database_dependent,P1,49,fw_group_std,composition_known_framework,pre_dft_composition,L0,RULE_SAFE_DEFAULT
energy_vol,Wh/L_or_Wh/dm3_database_dependent,P1,50,fw_has_Br,composition_known_framework,pre_dft_composition,L0,RULE_SAFE_DEFAULT
energy_vol,Wh/L_or_Wh/dm3_database_dependent,P1,51,fw_has_C,composition_known_framework,pre_dft_composition,L0,RULE_SAFE_DEFAULT
energy_vol,Wh/L_or_Wh/dm3_database_dependent,P1,52,fw_has_Cl,composition_known_framework,pre_dft_composition,L0,RULE_SAFE_DEFAULT
energy_vol,Wh/L_or_Wh/dm3_database_dependent,P1,53,fw_has_F,composition_known_framework,pre_dft_composition,L0,RULE_SAFE_DEFAULT
energy_vol,Wh/L_or_Wh/dm3_database_dependent,P1,54,fw_has_I,composition_known_framework,pre_dft_composition,L0,RULE_SAFE_DEFAULT
energy_vol,Wh/L_or_Wh/dm3_database_dependent,P1,55,fw_has_N,composition_known_framework,pre_dft_composition,L0,RULE_SAFE_DEFAULT
energy_vol,Wh/L_or_Wh/dm3_database_dependent,P1,56,fw_has_O,composition_known_framework,pre_dft_composition,L0,RULE_SAFE_DEFAULT
energy_vol,Wh/L_or_Wh/dm3_database_dependent,P1,57,fw_has_P,composition_known_framework,pre_dft_composition,L0,RULE_SAFE_DEFAULT
energy_vol,Wh/L_or_Wh/dm3_database_dependent,P1,58,fw_has_S,composition_known_framework,pre_dft_composition,L0,RULE_SAFE_DEFAULT
energy_vol,Wh/L_or_Wh/dm3_database_dependent,P1,59,fw_has_Si,composition_known_framework,pre_dft_composition,L0,RULE_SAFE_DEFAULT
energy_vol,Wh/L_or_Wh/dm3_database_dependent,P1,60,fw_n_atoms,composition_known_framework,pre_dft_composition,L0,RULE_SAFE_DEFAULT
energy_vol,Wh/L_or_Wh/dm3_database_dependent,P1,61,fw_n_elements,composition_known_framework,pre_dft_composition,L0,RULE_SAFE_DEFAULT
energy_vol,Wh/L_or_Wh/dm3_database_dependent,P1,62,fw_n_transition_metals,composition_known_framework,pre_dft_composition,L0,RULE_SAFE_DEFAULT
energy_vol,Wh/L_or_Wh/dm3_database_dependent,P1,63,fw_parse_ok,composition_known_framework,pre_dft_composition,L0,RULE_SAFE_DEFAULT
energy_vol,Wh/L_or_Wh/dm3_database_dependent,P1,64,fw_row_max,composition_known_framework,pre_dft_composition,L0,RULE_SAFE_DEFAULT
energy_vol,Wh/L_or_Wh/dm3_database_dependent,P1,65,fw_row_mean,composition_known_framework,pre_dft_composition,L0,RULE_SAFE_DEFAULT
energy_vol,Wh/L_or_Wh/dm3_database_dependent,P1,66,fw_row_min,composition_known_framework,pre_dft_composition,L0,RULE_SAFE_DEFAULT
energy_vol,Wh/L_or_Wh/dm3_database_dependent,P1,67,fw_row_range,composition_known_framework,pre_dft_composition,L0,RULE_SAFE_DEFAULT
energy_vol,Wh/L_or_Wh/dm3_database_dependent,P1,68,fw_row_std,composition_known_framework,pre_dft_composition,L0,RULE_SAFE_DEFAULT
energy_vol,Wh/L_or_Wh/dm3_database_dependent,P1,69,wi_X,composition_known_working_ion,pre_dft_composition,L0,RULE_SAFE_DEFAULT
energy_vol,Wh/L_or_Wh/dm3_database_dependent,P1,70,wi_Z,composition_known_working_ion,pre_dft_composition,L0,RULE_SAFE_DEFAULT
energy_vol,Wh/L_or_Wh/dm3_database_dependent,P1,71,wi_atomic_mass,composition_known_working_ion,pre_dft_composition,L0,RULE_SAFE_DEFAULT
energy_vol,Wh/L_or_Wh/dm3_database_dependent,P1,72,wi_group,composition_known_working_ion,pre_dft_composition,L0,RULE_SAFE_DEFAULT
energy_vol,Wh/L_or_Wh/dm3_database_dependent,P1,73,wi_row,composition_known_working_ion,pre_dft_composition,L0,RULE_SAFE_DEFAULT
energy_vol,Wh/L_or_Wh/dm3_database_dependent,P2,1,charge_summary_density,relaxed_structure_summary,relaxed_structure,L0,RULE_SAFE_STRUCTURE
energy_vol,Wh/L_or_Wh/dm3_database_dependent,P2,2,charge_summary_density_atomic,relaxed_structure_summary,relaxed_structure,L0,RULE_SAFE_STRUCTURE
energy_vol,Wh/L_or_Wh/dm3_database_dependent,P2,3,charge_summary_nsites,relaxed_structure_summary,relaxed_structure,L0,RULE_SAFE_STRUCTURE
energy_vol,Wh/L_or_Wh/dm3_database_dependent,P2,4,charge_summary_symmetry_number,relaxed_structure_summary,relaxed_structure,L0,RULE_SAFE_STRUCTURE
energy_vol,Wh/L_or_Wh/dm3_database_dependent,P2,5,charge_summary_volume,relaxed_structure_summary,relaxed_structure,L0,RULE_SAFE_STRUCTURE
energy_vol,Wh/L_or_Wh/dm3_database_dependent,P2,6,charge_summary_volume_per_site,relaxed_structure_summary,relaxed_structure,L0,RULE_SAFE_STRUCTURE
energy_vol,Wh/L_or_Wh/dm3_database_dependent,P2,7,discharge_summary_density,relaxed_structure_summary,relaxed_structure,L0,RULE_SAFE_STRUCTURE
energy_vol,Wh/L_or_Wh/dm3_database_dependent,P2,8,discharge_summary_density_atomic,relaxed_structure_summary,relaxed_structure,L0,RULE_SAFE_STRUCTURE
energy_vol,Wh/L_or_Wh/dm3_database_dependent,P2,9,discharge_summary_nsites,relaxed_structure_summary,relaxed_structure,L0,RULE_SAFE_STRUCTURE
energy_vol,Wh/L_or_Wh/dm3_database_dependent,P2,10,discharge_summary_symmetry_number,relaxed_structure_summary,relaxed_structure,L0,RULE_SAFE_STRUCTURE
energy_vol,Wh/L_or_Wh/dm3_database_dependent,P2,11,discharge_summary_volume,relaxed_structure_summary,relaxed_structure,L0,RULE_SAFE_STRUCTURE
energy_vol,Wh/L_or_Wh/dm3_database_dependent,P2,12,discharge_summary_volume_per_site,relaxed_structure_summary,relaxed_structure,L0,RULE_SAFE_STRUCTURE
energy_vol,Wh/L_or_Wh/dm3_database_dependent,P2,13,fw_X_max,composition_known_framework,pre_dft_composition,L0,RULE_SAFE_DEFAULT
energy_vol,Wh/L_or_Wh/dm3_database_dependent,P2,14,fw_X_mean,composition_known_framework,pre_dft_composition,L0,RULE_SAFE_DEFAULT
energy_vol,Wh/L_or_Wh/dm3_database_dependent,P2,15,fw_X_min,composition_known_framework,pre_dft_composition,L0,RULE_SAFE_DEFAULT
energy_vol,Wh/L_or_Wh/dm3_database_dependent,P2,16,fw_X_range,composition_known_framework,pre_dft_composition,L0,RULE_SAFE_DEFAULT
energy_vol,Wh/L_or_Wh/dm3_database_dependent,P2,17,fw_X_std,composition_known_framework,pre_dft_composition,L0,RULE_SAFE_DEFAULT
energy_vol,Wh/L_or_Wh/dm3_database_dependent,P2,18,fw_Z_max,composition_known_framework,pre_dft_composition,L0,RULE_SAFE_DEFAULT
energy_vol,Wh/L_or_Wh/dm3_database_dependent,P2,19,fw_Z_mean,composition_known_framework,pre_dft_composition,L0,RULE_SAFE_DEFAULT
energy_vol,Wh/L_or_Wh/dm3_database_dependent,P2,20,fw_Z_min,composition_known_framework,pre_dft_composition,L0,RULE_SAFE_DEFAULT
energy_vol,Wh/L_or_Wh/dm3_database_dependent,P2,21,fw_Z_range,composition_known_framework,pre_dft_composition,L0,RULE_SAFE_DEFAULT
energy_vol,Wh/L_or_Wh/dm3_database_dependent,P2,22,fw_Z_std,composition_known_framework,pre_dft_composition,L0,RULE_SAFE_DEFAULT
energy_vol,Wh/L_or_Wh/dm3_database_dependent,P2,23,fw_atomic_mass_max,composition_known_framework,pre_dft_composition,L0,RULE_SAFE_DEFAULT
energy_vol,Wh/L_or_Wh/dm3_database_dependent,P2,24,fw_atomic_mass_mean,composition_known_framework,pre_dft_composition,L0,RULE_SAFE_DEFAULT
energy_vol,Wh/L_or_Wh/dm3_database_dependent,P2,25,fw_atomic_mass_min,composition_known_framework,pre_dft_composition,L0,RULE_SAFE_DEFAULT
energy_vol,Wh/L_or_Wh/dm3_database_dependent,P2,26,fw_atomic_mass_range,composition_known_framework,pre_dft_composition,L0,RULE_SAFE_DEFAULT
energy_vol,Wh/L_or_Wh/dm3_database_dependent,P2,27,fw_atomic_mass_std,composition_known_framework,pre_dft_composition,L0,RULE_SAFE_DEFAULT
energy_vol,Wh/L_or_Wh/dm3_database_dependent,P2,28,fw_frac_Ag,composition_known_framework,pre_dft_composition,L0,RULE_SAFE_DEFAULT
energy_vol,Wh/L_or_Wh/dm3_database_dependent,P2,29,fw_frac_Al,composition_known_framework,pre_dft_composition,L0,RULE_SAFE_DEFAULT
energy_vol,Wh/L_or_Wh/dm3_database_dependent,P2,30,fw_frac_As,composition_known_framework,pre_dft_composition,L0,RULE_SAFE_DEFAULT
energy_vol,Wh/L_or_Wh/dm3_database_dependent,P2,31,fw_frac_B,composition_known_framework,pre_dft_composition,L0,RULE_SAFE_DEFAULT
energy_vol,Wh/L_or_Wh/dm3_database_dependent,P2,32,fw_frac_Br,composition_known_framework,pre_dft_composition,L0,RULE_SAFE_DEFAULT
energy_vol,Wh/L_or_Wh/dm3_database_dependent,P2,33,fw_frac_C,composition_known_framework,pre_dft_composition,L0,RULE_SAFE_DEFAULT
energy_vol,Wh/L_or_Wh/dm3_database_dependent,P2,34,fw_frac_Ca,composition_known_framework,pre_dft_composition,L0,RULE_SAFE_DEFAULT
energy_vol,Wh/L_or_Wh/dm3_database_dependent,P2,35,fw_frac_Cl,composition_known_framework,pre_dft_composition,L0,RULE_SAFE_DEFAULT
energy_vol,Wh/L_or_Wh/dm3_database_dependent,P2,36,fw_frac_Co,composition_known_framework,pre_dft_composition,L0,RULE_SAFE_DEFAULT
energy_vol,Wh/L_or_Wh/dm3_database_dependent,P2,37,fw_frac_Cr,composition_known_framework,pre_dft_composition,L0,RULE_SAFE_DEFAULT
energy_vol,Wh/L_or_Wh/dm3_database_dependent,P2,38,fw_frac_Cu,composition_known_framework,pre_dft_composition,L0,RULE_SAFE_DEFAULT
energy_vol,Wh/L_or_Wh/dm3_database_dependent,P2,39,fw_frac_F,composition_known_framework,pre_dft_composition,L0,RULE_SAFE_DEFAULT
energy_vol,Wh/L_or_Wh/dm3_database_dependent,P2,40,fw_frac_Fe,composition_known_framework,pre_dft_composition,L0,RULE_SAFE_DEFAULT
energy_vol,Wh/L_or_Wh/dm3_database_dependent,P2,41,fw_frac_I,composition_known_framework,pre_dft_composition,L0,RULE_SAFE_DEFAULT
energy_vol,Wh/L_or_Wh/dm3_database_dependent,P2,42,fw_frac_K,composition_known_framework,pre_dft_composition,L0,RULE_SAFE_DEFAULT
energy_vol,Wh/L_or_Wh/dm3_database_dependent,P2,43,fw_frac_Li,composition_known_framework,pre_dft_composition,L0,RULE_SAFE_DEFAULT
energy_vol,Wh/L_or_Wh/dm3_database_dependent,P2,44,fw_frac_Mg,composition_known_framework,pre_dft_composition,L0,RULE_SAFE_DEFAULT
energy_vol,Wh/L_or_Wh/dm3_database_dependent,P2,45,fw_frac_Mn,composition_known_framework,pre_dft_composition,L0,RULE_SAFE_DEFAULT
energy_vol,Wh/L_or_Wh/dm3_database_dependent,P2,46,fw_frac_N,composition_known_framework,pre_dft_composition,L0,RULE_SAFE_DEFAULT
energy_vol,Wh/L_or_Wh/dm3_database_dependent,P2,47,fw_frac_Na,composition_known_framework,pre_dft_composition,L0,RULE_SAFE_DEFAULT
energy_vol,Wh/L_or_Wh/dm3_database_dependent,P2,48,fw_frac_Ni,composition_known_framework,pre_dft_composition,L0,RULE_SAFE_DEFAULT
energy_vol,Wh/L_or_Wh/dm3_database_dependent,P2,49,fw_frac_O,composition_known_framework,pre_dft_composition,L0,RULE_SAFE_DEFAULT
energy_vol,Wh/L_or_Wh/dm3_database_dependent,P2,50,fw_frac_P,composition_known_framework,pre_dft_composition,L0,RULE_SAFE_DEFAULT
energy_vol,Wh/L_or_Wh/dm3_database_dependent,P2,51,fw_frac_S,composition_known_framework,pre_dft_composition,L0,RULE_SAFE_DEFAULT
energy_vol,Wh/L_or_Wh/dm3_database_dependent,P2,52,fw_frac_Si,composition_known_framework,pre_dft_composition,L0,RULE_SAFE_DEFAULT
energy_vol,Wh/L_or_Wh/dm3_database_dependent,P2,53,fw_frac_Ti,composition_known_framework,pre_dft_composition,L0,RULE_SAFE_DEFAULT
energy_vol,Wh/L_or_Wh/dm3_database_dependent,P2,54,fw_frac_V,composition_known_framework,pre_dft_composition,L0,RULE_SAFE_DEFAULT
energy_vol,Wh/L_or_Wh/dm3_database_dependent,P2,55,fw_frac_Zn,composition_known_framework,pre_dft_composition,L0,RULE_SAFE_DEFAULT
energy_vol,Wh/L_or_Wh/dm3_database_dependent,P2,56,fw_frac_transition_metals,composition_known_framework,pre_dft_composition,L0,RULE_SAFE_DEFAULT
energy_vol,Wh/L_or_Wh/dm3_database_dependent,P2,57,fw_group_max,composition_known_framework,pre_dft_composition,L0,RULE_SAFE_DEFAULT
energy_vol,Wh/L_or_Wh/dm3_database_dependent,P2,58,fw_group_mean,composition_known_framework,pre_dft_composition,L0,RULE_SAFE_DEFAULT
energy_vol,Wh/L_or_Wh/dm3_database_dependent,P2,59,fw_group_min,composition_known_framework,pre_dft_composition,L0,RULE_SAFE_DEFAULT
energy_vol,Wh/L_or_Wh/dm3_database_dependent,P2,60,fw_group_range,composition_known_framework,pre_dft_composition,L0,RULE_SAFE_DEFAULT
energy_vol,Wh/L_or_Wh/dm3_database_dependent,P2,61,fw_group_std,composition_known_framework,pre_dft_composition,L0,RULE_SAFE_DEFAULT
energy_vol,Wh/L_or_Wh/dm3_database_dependent,P2,62,fw_has_Br,composition_known_framework,pre_dft_composition,L0,RULE_SAFE_DEFAULT
energy_vol,Wh/L_or_Wh/dm3_database_dependent,P2,63,fw_has_C,composition_known_framework,pre_dft_composition,L0,RULE_SAFE_DEFAULT
energy_vol,Wh/L_or_Wh/dm3_database_dependent,P2,64,fw_has_Cl,composition_known_framework,pre_dft_composition,L0,RULE_SAFE_DEFAULT
energy_vol,Wh/L_or_Wh/dm3_database_dependent,P2,65,fw_has_F,composition_known_framework,pre_dft_composition,L0,RULE_SAFE_DEFAULT
energy_vol,Wh/L_or_Wh/dm3_database_dependent,P2,66,fw_has_I,composition_known_framework,pre_dft_composition,L0,RULE_SAFE_DEFAULT
energy_vol,Wh/L_or_Wh/dm3_database_dependent,P2,67,fw_has_N,composition_known_framework,pre_dft_composition,L0,RULE_SAFE_DEFAULT
energy_vol,Wh/L_or_Wh/dm3_database_dependent,P2,68,fw_has_O,composition_known_framework,pre_dft_composition,L0,RULE_SAFE_DEFAULT
energy_vol,Wh/L_or_Wh/dm3_database_dependent,P2,69,fw_has_P,composition_known_framework,pre_dft_composition,L0,RULE_SAFE_DEFAULT
energy_vol,Wh/L_or_Wh/dm3_database_dependent,P2,70,fw_has_S,composition_known_framework,pre_dft_composition,L0,RULE_SAFE_DEFAULT
energy_vol,Wh/L_or_Wh/dm3_database_dependent,P2,71,fw_has_Si,composition_known_framework,pre_dft_composition,L0,RULE_SAFE_DEFAULT
energy_vol,Wh/L_or_Wh/dm3_database_dependent,P2,72,fw_n_atoms,composition_known_framework,pre_dft_composition,L0,RULE_SAFE_DEFAULT
energy_vol,Wh/L_or_Wh/dm3_database_dependent,P2,73,fw_n_elements,composition_known_framework,pre_dft_composition,L0,RULE_SAFE_DEFAULT
energy_vol,Wh/L_or_Wh/dm3_database_dependent,P2,74,fw_n_transition_metals,composition_known_framework,pre_dft_composition,L0,RULE_SAFE_DEFAULT
energy_vol,Wh/L_or_Wh/dm3_database_dependent,P2,75,fw_parse_ok,composition_known_framework,pre_dft_composition,L0,RULE_SAFE_DEFAULT
energy_vol,Wh/L_or_Wh/dm3_database_dependent,P2,76,fw_row_max,composition_known_framework,pre_dft_composition,L0,RULE_SAFE_DEFAULT
energy_vol,Wh/L_or_Wh/dm3_database_dependent,P2,77,fw_row_mean,composition_known_framework,pre_dft_composition,L0,RULE_SAFE_DEFAULT
energy_vol,Wh/L_or_Wh/dm3_database_dependent,P2,78,fw_row_min,composition_known_framework,pre_dft_composition,L0,RULE_SAFE_DEFAULT
energy_vol,Wh/L_or_Wh/dm3_database_dependent,P2,79,fw_row_range,composition_known_framework,pre_dft_composition,L0,RULE_SAFE_DEFAULT
energy_vol,Wh/L_or_Wh/dm3_database_dependent,P2,80,fw_row_std,composition_known_framework,pre_dft_composition,L0,RULE_SAFE_DEFAULT
energy_vol,Wh/L_or_Wh/dm3_database_dependent,P2,81,summary_abs_delta_density,relaxed_structure_summary,relaxed_structure,L0,RULE_SAFE_STRUCTURE
energy_vol,Wh/L_or_Wh/dm3_database_dependent,P2,82,summary_abs_delta_density_atomic,relaxed_structure_summary,relaxed_structure,L0,RULE_SAFE_STRUCTURE
energy_vol,Wh/L_or_Wh/dm3_database_dependent,P2,83,summary_abs_delta_volume_fraction,relaxed_structure_summary,relaxed_structure,L0,RULE_SAFE_STRUCTURE
energy_vol,Wh/L_or_Wh/dm3_database_dependent,P2,84,summary_abs_delta_volume_per_site,relaxed_structure_summary,relaxed_structure,L0,RULE_SAFE_STRUCTURE
energy_vol,Wh/L_or_Wh/dm3_database_dependent,P2,85,summary_delta_density,relaxed_structure_summary,relaxed_structure,L0,RULE_SAFE_STRUCTURE
energy_vol,Wh/L_or_Wh/dm3_database_dependent,P2,86,summary_delta_density_atomic,relaxed_structure_summary,relaxed_structure,L0,RULE_SAFE_STRUCTURE
energy_vol,Wh/L_or_Wh/dm3_database_dependent,P2,87,summary_delta_volume_fraction,relaxed_structure_summary,relaxed_structure,L0,RULE_SAFE_STRUCTURE
energy_vol,Wh/L_or_Wh/dm3_database_dependent,P2,88,summary_delta_volume_per_site,relaxed_structure_summary,relaxed_structure,L0,RULE_SAFE_STRUCTURE
energy_vol,Wh/L_or_Wh/dm3_database_dependent,P2,89,wi_X,composition_known_working_ion,pre_dft_composition,L0,RULE_SAFE_DEFAULT
energy_vol,Wh/L_or_Wh/dm3_database_dependent,P2,90,wi_Z,composition_known_working_ion,pre_dft_composition,L0,RULE_SAFE_DEFAULT
energy_vol,Wh/L_or_Wh/dm3_database_dependent,P2,91,wi_atomic_mass,composition_known_working_ion,pre_dft_composition,L0,RULE_SAFE_DEFAULT
energy_vol,Wh/L_or_Wh/dm3_database_dependent,P2,92,wi_group,composition_known_working_ion,pre_dft_composition,L0,RULE_SAFE_DEFAULT
energy_vol,Wh/L_or_Wh/dm3_database_dependent,P2,93,wi_row,composition_known_working_ion,pre_dft_composition,L0,RULE_SAFE_DEFAULT
energy_vol,Wh/L_or_Wh/dm3_database_dependent,P3,1,charge_summary_band_gap,post_dft_electronic_summary,post_dft_electronic,L4,RULE_POST_DFT_ELECTRONIC
energy_vol,Wh/L_or_Wh/dm3_database_dependent,P3,2,charge_summary_density,relaxed_structure_summary,relaxed_structure,L0,RULE_SAFE_STRUCTURE
energy_vol,Wh/L_or_Wh/dm3_database_dependent,P3,3,charge_summary_density_atomic,relaxed_structure_summary,relaxed_structure,L0,RULE_SAFE_STRUCTURE
energy_vol,Wh/L_or_Wh/dm3_database_dependent,P3,4,charge_summary_energy_above_hull,post_dft_energy_stability_summary,post_dft_thermodynamics,L4,RULE_HULL_OTHER
energy_vol,Wh/L_or_Wh/dm3_database_dependent,P3,5,charge_summary_is_metal,post_dft_electronic_summary,post_dft_electronic,L4,RULE_POST_DFT_ELECTRONIC
energy_vol,Wh/L_or_Wh/dm3_database_dependent,P3,6,charge_summary_is_stable,post_dft_energy_stability_summary,post_dft_thermodynamics,L4,RULE_HULL_OTHER
energy_vol,Wh/L_or_Wh/dm3_database_dependent,P3,7,charge_summary_nsites,relaxed_structure_summary,relaxed_structure,L0,RULE_SAFE_STRUCTURE
energy_vol,Wh/L_or_Wh/dm3_database_dependent,P3,8,charge_summary_symmetry_number,relaxed_structure_summary,relaxed_structure,L0,RULE_SAFE_STRUCTURE
energy_vol,Wh/L_or_Wh/dm3_database_dependent,P3,9,charge_summary_volume,relaxed_structure_summary,relaxed_structure,L0,RULE_SAFE_STRUCTURE
energy_vol,Wh/L_or_Wh/dm3_database_dependent,P3,10,charge_summary_volume_per_site,relaxed_structure_summary,relaxed_structure,L0,RULE_SAFE_STRUCTURE
energy_vol,Wh/L_or_Wh/dm3_database_dependent,P3,11,discharge_summary_band_gap,post_dft_electronic_summary,post_dft_electronic,L4,RULE_POST_DFT_ELECTRONIC
energy_vol,Wh/L_or_Wh/dm3_database_dependent,P3,12,discharge_summary_density,relaxed_structure_summary,relaxed_structure,L0,RULE_SAFE_STRUCTURE
energy_vol,Wh/L_or_Wh/dm3_database_dependent,P3,13,discharge_summary_density_atomic,relaxed_structure_summary,relaxed_structure,L0,RULE_SAFE_STRUCTURE
energy_vol,Wh/L_or_Wh/dm3_database_dependent,P3,14,discharge_summary_energy_above_hull,post_dft_energy_stability_summary,post_dft_thermodynamics,L4,RULE_HULL_OTHER
energy_vol,Wh/L_or_Wh/dm3_database_dependent,P3,15,discharge_summary_is_metal,post_dft_electronic_summary,post_dft_electronic,L4,RULE_POST_DFT_ELECTRONIC
energy_vol,Wh/L_or_Wh/dm3_database_dependent,P3,16,discharge_summary_is_stable,post_dft_energy_stability_summary,post_dft_thermodynamics,L4,RULE_HULL_OTHER
energy_vol,Wh/L_or_Wh/dm3_database_dependent,P3,17,discharge_summary_nsites,relaxed_structure_summary,relaxed_structure,L0,RULE_SAFE_STRUCTURE
energy_vol,Wh/L_or_Wh/dm3_database_dependent,P3,18,discharge_summary_symmetry_number,relaxed_structure_summary,relaxed_structure,L0,RULE_SAFE_STRUCTURE
energy_vol,Wh/L_or_Wh/dm3_database_dependent,P3,19,discharge_summary_volume,relaxed_structure_summary,relaxed_structure,L0,RULE_SAFE_STRUCTURE
energy_vol,Wh/L_or_Wh/dm3_database_dependent,P3,20,discharge_summary_volume_per_site,relaxed_structure_summary,relaxed_structure,L0,RULE_SAFE_STRUCTURE
energy_vol,Wh/L_or_Wh/dm3_database_dependent,P3,21,fw_X_max,composition_known_framework,pre_dft_composition,L0,RULE_SAFE_DEFAULT
energy_vol,Wh/L_or_Wh/dm3_database_dependent,P3,22,fw_X_mean,composition_known_framework,pre_dft_composition,L0,RULE_SAFE_DEFAULT
energy_vol,Wh/L_or_Wh/dm3_database_dependent,P3,23,fw_X_min,composition_known_framework,pre_dft_composition,L0,RULE_SAFE_DEFAULT
energy_vol,Wh/L_or_Wh/dm3_database_dependent,P3,24,fw_X_range,composition_known_framework,pre_dft_composition,L0,RULE_SAFE_DEFAULT
energy_vol,Wh/L_or_Wh/dm3_database_dependent,P3,25,fw_X_std,composition_known_framework,pre_dft_composition,L0,RULE_SAFE_DEFAULT
energy_vol,Wh/L_or_Wh/dm3_database_dependent,P3,26,fw_Z_max,composition_known_framework,pre_dft_composition,L0,RULE_SAFE_DEFAULT
energy_vol,Wh/L_or_Wh/dm3_database_dependent,P3,27,fw_Z_mean,composition_known_framework,pre_dft_composition,L0,RULE_SAFE_DEFAULT
energy_vol,Wh/L_or_Wh/dm3_database_dependent,P3,28,fw_Z_min,composition_known_framework,pre_dft_composition,L0,RULE_SAFE_DEFAULT
energy_vol,Wh/L_or_Wh/dm3_database_dependent,P3,29,fw_Z_range,composition_known_framework,pre_dft_composition,L0,RULE_SAFE_DEFAULT
energy_vol,Wh/L_or_Wh/dm3_database_dependent,P3,30,fw_Z_std,composition_known_framework,pre_dft_composition,L0,RULE_SAFE_DEFAULT
energy_vol,Wh/L_or_Wh/dm3_database_dependent,P3,31,fw_atomic_mass_max,composition_known_framework,pre_dft_composition,L0,RULE_SAFE_DEFAULT
energy_vol,Wh/L_or_Wh/dm3_database_dependent,P3,32,fw_atomic_mass_mean,composition_known_framework,pre_dft_composition,L0,RULE_SAFE_DEFAULT
energy_vol,Wh/L_or_Wh/dm3_database_dependent,P3,33,fw_atomic_mass_min,composition_known_framework,pre_dft_composition,L0,RULE_SAFE_DEFAULT
energy_vol,Wh/L_or_Wh/dm3_database_dependent,P3,34,fw_atomic_mass_range,composition_known_framework,pre_dft_composition,L0,RULE_SAFE_DEFAULT
energy_vol,Wh/L_or_Wh/dm3_database_dependent,P3,35,fw_atomic_mass_std,composition_known_framework,pre_dft_composition,L0,RULE_SAFE_DEFAULT
energy_vol,Wh/L_or_Wh/dm3_database_dependent,P3,36,fw_frac_Ag,composition_known_framework,pre_dft_composition,L0,RULE_SAFE_DEFAULT
energy_vol,Wh/L_or_Wh/dm3_database_dependent,P3,37,fw_frac_Al,composition_known_framework,pre_dft_composition,L0,RULE_SAFE_DEFAULT
energy_vol,Wh/L_or_Wh/dm3_database_dependent,P3,38,fw_frac_As,composition_known_framework,pre_dft_composition,L0,RULE_SAFE_DEFAULT
energy_vol,Wh/L_or_Wh/dm3_database_dependent,P3,39,fw_frac_B,composition_known_framework,pre_dft_composition,L0,RULE_SAFE_DEFAULT
energy_vol,Wh/L_or_Wh/dm3_database_dependent,P3,40,fw_frac_Br,composition_known_framework,pre_dft_composition,L0,RULE_SAFE_DEFAULT
energy_vol,Wh/L_or_Wh/dm3_database_dependent,P3,41,fw_frac_C,composition_known_framework,pre_dft_composition,L0,RULE_SAFE_DEFAULT
energy_vol,Wh/L_or_Wh/dm3_database_dependent,P3,42,fw_frac_Ca,composition_known_framework,pre_dft_composition,L0,RULE_SAFE_DEFAULT
energy_vol,Wh/L_or_Wh/dm3_database_dependent,P3,43,fw_frac_Cl,composition_known_framework,pre_dft_composition,L0,RULE_SAFE_DEFAULT
energy_vol,Wh/L_or_Wh/dm3_database_dependent,P3,44,fw_frac_Co,composition_known_framework,pre_dft_composition,L0,RULE_SAFE_DEFAULT
energy_vol,Wh/L_or_Wh/dm3_database_dependent,P3,45,fw_frac_Cr,composition_known_framework,pre_dft_composition,L0,RULE_SAFE_DEFAULT
energy_vol,Wh/L_or_Wh/dm3_database_dependent,P3,46,fw_frac_Cu,composition_known_framework,pre_dft_composition,L0,RULE_SAFE_DEFAULT
energy_vol,Wh/L_or_Wh/dm3_database_dependent,P3,47,fw_frac_F,composition_known_framework,pre_dft_composition,L0,RULE_SAFE_DEFAULT
energy_vol,Wh/L_or_Wh/dm3_database_dependent,P3,48,fw_frac_Fe,composition_known_framework,pre_dft_composition,L0,RULE_SAFE_DEFAULT
energy_vol,Wh/L_or_Wh/dm3_database_dependent,P3,49,fw_frac_I,composition_known_framework,pre_dft_composition,L0,RULE_SAFE_DEFAULT
energy_vol,Wh/L_or_Wh/dm3_database_dependent,P3,50,fw_frac_K,composition_known_framework,pre_dft_composition,L0,RULE_SAFE_DEFAULT
energy_vol,Wh/L_or_Wh/dm3_database_dependent,P3,51,fw_frac_Li,composition_known_framework,pre_dft_composition,L0,RULE_SAFE_DEFAULT
energy_vol,Wh/L_or_Wh/dm3_database_dependent,P3,52,fw_frac_Mg,composition_known_framework,pre_dft_composition,L0,RULE_SAFE_DEFAULT
energy_vol,Wh/L_or_Wh/dm3_database_dependent,P3,53,fw_frac_Mn,composition_known_framework,pre_dft_composition,L0,RULE_SAFE_DEFAULT
energy_vol,Wh/L_or_Wh/dm3_database_dependent,P3,54,fw_frac_N,composition_known_framework,pre_dft_composition,L0,RULE_SAFE_DEFAULT
energy_vol,Wh/L_or_Wh/dm3_database_dependent,P3,55,fw_frac_Na,composition_known_framework,pre_dft_composition,L0,RULE_SAFE_DEFAULT
energy_vol,Wh/L_or_Wh/dm3_database_dependent,P3,56,fw_frac_Ni,composition_known_framework,pre_dft_composition,L0,RULE_SAFE_DEFAULT
energy_vol,Wh/L_or_Wh/dm3_database_dependent,P3,57,fw_frac_O,composition_known_framework,pre_dft_composition,L0,RULE_SAFE_DEFAULT
energy_vol,Wh/L_or_Wh/dm3_database_dependent,P3,58,fw_frac_P,composition_known_framework,pre_dft_composition,L0,RULE_SAFE_DEFAULT
energy_vol,Wh/L_or_Wh/dm3_database_dependent,P3,59,fw_frac_S,composition_known_framework,pre_dft_composition,L0,RULE_SAFE_DEFAULT
energy_vol,Wh/L_or_Wh/dm3_database_dependent,P3,60,fw_frac_Si,composition_known_framework,pre_dft_composition,L0,RULE_SAFE_DEFAULT
energy_vol,Wh/L_or_Wh/dm3_database_dependent,P3,61,fw_frac_Ti,composition_known_framework,pre_dft_composition,L0,RULE_SAFE_DEFAULT
energy_vol,Wh/L_or_Wh/dm3_database_dependent,P3,62,fw_frac_V,composition_known_framework,pre_dft_composition,L0,RULE_SAFE_DEFAULT
energy_vol,Wh/L_or_Wh/dm3_database_dependent,P3,63,fw_frac_Zn,composition_known_framework,pre_dft_composition,L0,RULE_SAFE_DEFAULT
energy_vol,Wh/L_or_Wh/dm3_database_dependent,P3,64,fw_frac_transition_metals,composition_known_framework,pre_dft_composition,L0,RULE_SAFE_DEFAULT
energy_vol,Wh/L_or_Wh/dm3_database_dependent,P3,65,fw_group_max,composition_known_framework,pre_dft_composition,L0,RULE_SAFE_DEFAULT
energy_vol,Wh/L_or_Wh/dm3_database_dependent,P3,66,fw_group_mean,composition_known_framework,pre_dft_composition,L0,RULE_SAFE_DEFAULT
energy_vol,Wh/L_or_Wh/dm3_database_dependent,P3,67,fw_group_min,composition_known_framework,pre_dft_composition,L0,RULE_SAFE_DEFAULT
energy_vol,Wh/L_or_Wh/dm3_database_dependent,P3,68,fw_group_range,composition_known_framework,pre_dft_composition,L0,RULE_SAFE_DEFAULT
energy_vol,Wh/L_or_Wh/dm3_database_dependent,P3,69,fw_group_std,composition_known_framework,pre_dft_composition,L0,RULE_SAFE_DEFAULT
energy_vol,Wh/L_or_Wh/dm3_database_dependent,P3,70,fw_has_Br,composition_known_framework,pre_dft_composition,L0,RULE_SAFE_DEFAULT
energy_vol,Wh/L_or_Wh/dm3_database_dependent,P3,71,fw_has_C,composition_known_framework,pre_dft_composition,L0,RULE_SAFE_DEFAULT
energy_vol,Wh/L_or_Wh/dm3_database_dependent,P3,72,fw_has_Cl,composition_known_framework,pre_dft_composition,L0,RULE_SAFE_DEFAULT
energy_vol,Wh/L_or_Wh/dm3_database_dependent,P3,73,fw_has_F,composition_known_framework,pre_dft_composition,L0,RULE_SAFE_DEFAULT
energy_vol,Wh/L_or_Wh/dm3_database_dependent,P3,74,fw_has_I,composition_known_framework,pre_dft_composition,L0,RULE_SAFE_DEFAULT
energy_vol,Wh/L_or_Wh/dm3_database_dependent,P3,75,fw_has_N,composition_known_framework,pre_dft_composition,L0,RULE_SAFE_DEFAULT
energy_vol,Wh/L_or_Wh/dm3_database_dependent,P3,76,fw_has_O,composition_known_framework,pre_dft_composition,L0,RULE_SAFE_DEFAULT
energy_vol,Wh/L_or_Wh/dm3_database_dependent,P3,77,fw_has_P,composition_known_framework,pre_dft_composition,L0,RULE_SAFE_DEFAULT
energy_vol,Wh/L_or_Wh/dm3_database_dependent,P3,78,fw_has_S,composition_known_framework,pre_dft_composition,L0,RULE_SAFE_DEFAULT
energy_vol,Wh/L_or_Wh/dm3_database_dependent,P3,79,fw_has_Si,composition_known_framework,pre_dft_composition,L0,RULE_SAFE_DEFAULT
energy_vol,Wh/L_or_Wh/dm3_database_dependent,P3,80,fw_n_atoms,composition_known_framework,pre_dft_composition,L0,RULE_SAFE_DEFAULT
energy_vol,Wh/L_or_Wh/dm3_database_dependent,P3,81,fw_n_elements,composition_known_framework,pre_dft_composition,L0,RULE_SAFE_DEFAULT
energy_vol,Wh/L_or_Wh/dm3_database_dependent,P3,82,fw_n_transition_metals,composition_known_framework,pre_dft_composition,L0,RULE_SAFE_DEFAULT
energy_vol,Wh/L_or_Wh/dm3_database_dependent,P3,83,fw_parse_ok,composition_known_framework,pre_dft_composition,L0,RULE_SAFE_DEFAULT
energy_vol,Wh/L_or_Wh/dm3_database_dependent,P3,84,fw_row_max,composition_known_framework,pre_dft_composition,L0,RULE_SAFE_DEFAULT
energy_vol,Wh/L_or_Wh/dm3_database_dependent,P3,85,fw_row_mean,composition_known_framework,pre_dft_composition,L0,RULE_SAFE_DEFAULT
energy_vol,Wh/L_or_Wh/dm3_database_dependent,P3,86,fw_row_min,composition_known_framework,pre_dft_composition,L0,RULE_SAFE_DEFAULT
energy_vol,Wh/L_or_Wh/dm3_database_dependent,P3,87,fw_row_range,composition_known_framework,pre_dft_composition,L0,RULE_SAFE_DEFAULT
energy_vol,Wh/L_or_Wh/dm3_database_dependent,P3,88,fw_row_std,composition_known_framework,pre_dft_composition,L0,RULE_SAFE_DEFAULT
energy_vol,Wh/L_or_Wh/dm3_database_dependent,P3,89,max_voltage_step,stored_electrode_process_descriptor,stored_electrode_record,L0,RULE_SAFE_DEFAULT
energy_vol,Wh/L_or_Wh/dm3_database_dependent,P3,90,num_steps,stored_electrode_process_descriptor,stored_electrode_record,L0,RULE_SAFE_DEFAULT
energy_vol,Wh/L_or_Wh/dm3_database_dependent,P3,91,summary_abs_delta_band_gap,post_dft_electronic_summary,post_dft_electronic,L4,RULE_POST_DFT_ELECTRONIC
energy_vol,Wh/L_or_Wh/dm3_database_dependent,P3,92,summary_abs_delta_density,relaxed_structure_summary,relaxed_structure,L0,RULE_SAFE_STRUCTURE
energy_vol,Wh/L_or_Wh/dm3_database_dependent,P3,93,summary_abs_delta_density_atomic,relaxed_structure_summary,relaxed_structure,L0,RULE_SAFE_STRUCTURE
energy_vol,Wh/L_or_Wh/dm3_database_dependent,P3,94,summary_abs_delta_energy_above_hull,post_dft_energy_stability_summary,post_dft_thermodynamics,L4,RULE_HULL_OTHER
energy_vol,Wh/L_or_Wh/dm3_database_dependent,P3,95,summary_abs_delta_volume_fraction,relaxed_structure_summary,relaxed_structure,L0,RULE_SAFE_STRUCTURE
energy_vol,Wh/L_or_Wh/dm3_database_dependent,P3,96,summary_abs_delta_volume_per_site,relaxed_structure_summary,relaxed_structure,L0,RULE_SAFE_STRUCTURE
energy_vol,Wh/L_or_Wh/dm3_database_dependent,P3,97,summary_delta_band_gap,post_dft_electronic_summary,post_dft_electronic,L4,RULE_POST_DFT_ELECTRONIC
energy_vol,Wh/L_or_Wh/dm3_database_dependent,P3,98,summary_delta_density,relaxed_structure_summary,relaxed_structure,L0,RULE_SAFE_STRUCTURE
energy_vol,Wh/L_or_Wh/dm3_database_dependent,P3,99,summary_delta_density_atomic,relaxed_structure_summary,relaxed_structure,L0,RULE_SAFE_STRUCTURE
energy_vol,Wh/L_or_Wh/dm3_database_dependent,P3,100,summary_delta_energy_above_hull,post_dft_energy_stability_summary,post_dft_thermodynamics,L4,RULE_HULL_OTHER
energy_vol,Wh/L_or_Wh/dm3_database_dependent,P3,101,summary_delta_volume_fraction,relaxed_structure_summary,relaxed_structure,L0,RULE_SAFE_STRUCTURE
energy_vol,Wh/L_or_Wh/dm3_database_dependent,P3,102,summary_delta_volume_per_site,relaxed_structure_summary,relaxed_structure,L0,RULE_SAFE_STRUCTURE
energy_vol,Wh/L_or_Wh/dm3_database_dependent,P3,103,summary_worst_energy_above_hull,post_dft_energy_stability_summary,post_dft_thermodynamics,L4,RULE_HULL_OTHER
energy_vol,Wh/L_or_Wh/dm3_database_dependent,P3,104,wi_X,composition_known_working_ion,pre_dft_composition,L0,RULE_SAFE_DEFAULT
energy_vol,Wh/L_or_Wh/dm3_database_dependent,P3,105,wi_Z,composition_known_working_ion,pre_dft_composition,L0,RULE_SAFE_DEFAULT
energy_vol,Wh/L_or_Wh/dm3_database_dependent,P3,106,wi_atomic_mass,composition_known_working_ion,pre_dft_composition,L0,RULE_SAFE_DEFAULT
energy_vol,Wh/L_or_Wh/dm3_database_dependent,P3,107,wi_group,composition_known_working_ion,pre_dft_composition,L0,RULE_SAFE_DEFAULT
energy_vol,Wh/L_or_Wh/dm3_database_dependent,P3,108,wi_row,composition_known_working_ion,pre_dft_composition,L0,RULE_SAFE_DEFAULT
energy_vol,Wh/L_or_Wh/dm3_database_dependent,P4,1,average_voltage,stored_electrode_target,stored_electrode_record,L2,RULE_ENERGY_DEFINITION
energy_vol,Wh/L_or_Wh/dm3_database_dependent,P4,2,capacity_grav,stored_electrode_target,stored_electrode_record,L2,RULE_ENERGY_DEFINITION
energy_vol,Wh/L_or_Wh/dm3_database_dependent,P4,3,capacity_vol,stored_electrode_target,stored_electrode_record,L2,RULE_ENERGY_DEFINITION
energy_vol,Wh/L_or_Wh/dm3_database_dependent,P4,4,charge_formula_X_max,stoichiometric_window,electrode_state_stoichiometry,L3,RULE_STOICHIOMETRIC_WINDOW
energy_vol,Wh/L_or_Wh/dm3_database_dependent,P4,5,charge_formula_X_mean,stoichiometric_window,electrode_state_stoichiometry,L3,RULE_STOICHIOMETRIC_WINDOW
energy_vol,Wh/L_or_Wh/dm3_database_dependent,P4,6,charge_formula_X_min,stoichiometric_window,electrode_state_stoichiometry,L3,RULE_STOICHIOMETRIC_WINDOW
energy_vol,Wh/L_or_Wh/dm3_database_dependent,P4,7,charge_formula_X_range,stoichiometric_window,electrode_state_stoichiometry,L3,RULE_STOICHIOMETRIC_WINDOW
energy_vol,Wh/L_or_Wh/dm3_database_dependent,P4,8,charge_formula_X_std,stoichiometric_window,electrode_state_stoichiometry,L3,RULE_STOICHIOMETRIC_WINDOW
energy_vol,Wh/L_or_Wh/dm3_database_dependent,P4,9,charge_formula_Z_max,stoichiometric_window,electrode_state_stoichiometry,L3,RULE_STOICHIOMETRIC_WINDOW
energy_vol,Wh/L_or_Wh/dm3_database_dependent,P4,10,charge_formula_Z_mean,stoichiometric_window,electrode_state_stoichiometry,L3,RULE_STOICHIOMETRIC_WINDOW
energy_vol,Wh/L_or_Wh/dm3_database_dependent,P4,11,charge_formula_Z_min,stoichiometric_window,electrode_state_stoichiometry,L3,RULE_STOICHIOMETRIC_WINDOW
energy_vol,Wh/L_or_Wh/dm3_database_dependent,P4,12,charge_formula_Z_range,stoichiometric_window,electrode_state_stoichiometry,L3,RULE_STOICHIOMETRIC_WINDOW
energy_vol,Wh/L_or_Wh/dm3_database_dependent,P4,13,charge_formula_Z_std,stoichiometric_window,electrode_state_stoichiometry,L3,RULE_STOICHIOMETRIC_WINDOW
energy_vol,Wh/L_or_Wh/dm3_database_dependent,P4,14,charge_formula_atomic_mass_max,stoichiometric_window,electrode_state_stoichiometry,L3,RULE_STOICHIOMETRIC_WINDOW
energy_vol,Wh/L_or_Wh/dm3_database_dependent,P4,15,charge_formula_atomic_mass_mean,stoichiometric_window,electrode_state_stoichiometry,L3,RULE_STOICHIOMETRIC_WINDOW
energy_vol,Wh/L_or_Wh/dm3_database_dependent,P4,16,charge_formula_atomic_mass_min,stoichiometric_window,electrode_state_stoichiometry,L3,RULE_STOICHIOMETRIC_WINDOW
energy_vol,Wh/L_or_Wh/dm3_database_dependent,P4,17,charge_formula_atomic_mass_range,stoichiometric_window,electrode_state_stoichiometry,L3,RULE_STOICHIOMETRIC_WINDOW
energy_vol,Wh/L_or_Wh/dm3_database_dependent,P4,18,charge_formula_atomic_mass_std,stoichiometric_window,electrode_state_stoichiometry,L3,RULE_STOICHIOMETRIC_WINDOW
energy_vol,Wh/L_or_Wh/dm3_database_dependent,P4,19,charge_formula_frac_Ag,stoichiometric_window,electrode_state_stoichiometry,L3,RULE_STOICHIOMETRIC_WINDOW
energy_vol,Wh/L_or_Wh/dm3_database_dependent,P4,20,charge_formula_frac_Al,stoichiometric_window,electrode_state_stoichiometry,L3,RULE_STOICHIOMETRIC_WINDOW
energy_vol,Wh/L_or_Wh/dm3_database_dependent,P4,21,charge_formula_frac_As,stoichiometric_window,electrode_state_stoichiometry,L3,RULE_STOICHIOMETRIC_WINDOW
energy_vol,Wh/L_or_Wh/dm3_database_dependent,P4,22,charge_formula_frac_B,stoichiometric_window,electrode_state_stoichiometry,L3,RULE_STOICHIOMETRIC_WINDOW
energy_vol,Wh/L_or_Wh/dm3_database_dependent,P4,23,charge_formula_frac_Br,stoichiometric_window,electrode_state_stoichiometry,L3,RULE_STOICHIOMETRIC_WINDOW
energy_vol,Wh/L_or_Wh/dm3_database_dependent,P4,24,charge_formula_frac_C,stoichiometric_window,electrode_state_stoichiometry,L3,RULE_STOICHIOMETRIC_WINDOW
energy_vol,Wh/L_or_Wh/dm3_database_dependent,P4,25,charge_formula_frac_Ca,stoichiometric_window,electrode_state_stoichiometry,L3,RULE_STOICHIOMETRIC_WINDOW
energy_vol,Wh/L_or_Wh/dm3_database_dependent,P4,26,charge_formula_frac_Cl,stoichiometric_window,electrode_state_stoichiometry,L3,RULE_STOICHIOMETRIC_WINDOW
energy_vol,Wh/L_or_Wh/dm3_database_dependent,P4,27,charge_formula_frac_Co,stoichiometric_window,electrode_state_stoichiometry,L3,RULE_STOICHIOMETRIC_WINDOW
energy_vol,Wh/L_or_Wh/dm3_database_dependent,P4,28,charge_formula_frac_Cr,stoichiometric_window,electrode_state_stoichiometry,L3,RULE_STOICHIOMETRIC_WINDOW
energy_vol,Wh/L_or_Wh/dm3_database_dependent,P4,29,charge_formula_frac_Cu,stoichiometric_window,electrode_state_stoichiometry,L3,RULE_STOICHIOMETRIC_WINDOW
energy_vol,Wh/L_or_Wh/dm3_database_dependent,P4,30,charge_formula_frac_F,stoichiometric_window,electrode_state_stoichiometry,L3,RULE_STOICHIOMETRIC_WINDOW
energy_vol,Wh/L_or_Wh/dm3_database_dependent,P4,31,charge_formula_frac_Fe,stoichiometric_window,electrode_state_stoichiometry,L3,RULE_STOICHIOMETRIC_WINDOW
energy_vol,Wh/L_or_Wh/dm3_database_dependent,P4,32,charge_formula_frac_I,stoichiometric_window,electrode_state_stoichiometry,L3,RULE_STOICHIOMETRIC_WINDOW
energy_vol,Wh/L_or_Wh/dm3_database_dependent,P4,33,charge_formula_frac_K,stoichiometric_window,electrode_state_stoichiometry,L3,RULE_STOICHIOMETRIC_WINDOW
energy_vol,Wh/L_or_Wh/dm3_database_dependent,P4,34,charge_formula_frac_Li,stoichiometric_window,electrode_state_stoichiometry,L3,RULE_STOICHIOMETRIC_WINDOW
energy_vol,Wh/L_or_Wh/dm3_database_dependent,P4,35,charge_formula_frac_Mg,stoichiometric_window,electrode_state_stoichiometry,L3,RULE_STOICHIOMETRIC_WINDOW
energy_vol,Wh/L_or_Wh/dm3_database_dependent,P4,36,charge_formula_frac_Mn,stoichiometric_window,electrode_state_stoichiometry,L3,RULE_STOICHIOMETRIC_WINDOW
energy_vol,Wh/L_or_Wh/dm3_database_dependent,P4,37,charge_formula_frac_N,stoichiometric_window,electrode_state_stoichiometry,L3,RULE_STOICHIOMETRIC_WINDOW
energy_vol,Wh/L_or_Wh/dm3_database_dependent,P4,38,charge_formula_frac_Na,stoichiometric_window,electrode_state_stoichiometry,L3,RULE_STOICHIOMETRIC_WINDOW
energy_vol,Wh/L_or_Wh/dm3_database_dependent,P4,39,charge_formula_frac_Ni,stoichiometric_window,electrode_state_stoichiometry,L3,RULE_STOICHIOMETRIC_WINDOW
energy_vol,Wh/L_or_Wh/dm3_database_dependent,P4,40,charge_formula_frac_O,stoichiometric_window,electrode_state_stoichiometry,L3,RULE_STOICHIOMETRIC_WINDOW
energy_vol,Wh/L_or_Wh/dm3_database_dependent,P4,41,charge_formula_frac_P,stoichiometric_window,electrode_state_stoichiometry,L3,RULE_STOICHIOMETRIC_WINDOW
energy_vol,Wh/L_or_Wh/dm3_database_dependent,P4,42,charge_formula_frac_S,stoichiometric_window,electrode_state_stoichiometry,L3,RULE_STOICHIOMETRIC_WINDOW
energy_vol,Wh/L_or_Wh/dm3_database_dependent,P4,43,charge_formula_frac_Si,stoichiometric_window,electrode_state_stoichiometry,L3,RULE_STOICHIOMETRIC_WINDOW
energy_vol,Wh/L_or_Wh/dm3_database_dependent,P4,44,charge_formula_frac_Ti,stoichiometric_window,electrode_state_stoichiometry,L3,RULE_STOICHIOMETRIC_WINDOW
energy_vol,Wh/L_or_Wh/dm3_database_dependent,P4,45,charge_formula_frac_V,stoichiometric_window,electrode_state_stoichiometry,L3,RULE_STOICHIOMETRIC_WINDOW
energy_vol,Wh/L_or_Wh/dm3_database_dependent,P4,46,charge_formula_frac_Zn,stoichiometric_window,electrode_state_stoichiometry,L3,RULE_STOICHIOMETRIC_WINDOW
energy_vol,Wh/L_or_Wh/dm3_database_dependent,P4,47,charge_formula_frac_transition_metals,stoichiometric_window,electrode_state_stoichiometry,L3,RULE_STOICHIOMETRIC_WINDOW
energy_vol,Wh/L_or_Wh/dm3_database_dependent,P4,48,charge_formula_group_max,stoichiometric_window,electrode_state_stoichiometry,L3,RULE_STOICHIOMETRIC_WINDOW
energy_vol,Wh/L_or_Wh/dm3_database_dependent,P4,49,charge_formula_group_mean,stoichiometric_window,electrode_state_stoichiometry,L3,RULE_STOICHIOMETRIC_WINDOW
energy_vol,Wh/L_or_Wh/dm3_database_dependent,P4,50,charge_formula_group_min,stoichiometric_window,electrode_state_stoichiometry,L3,RULE_STOICHIOMETRIC_WINDOW
energy_vol,Wh/L_or_Wh/dm3_database_dependent,P4,51,charge_formula_group_range,stoichiometric_window,electrode_state_stoichiometry,L3,RULE_STOICHIOMETRIC_WINDOW
energy_vol,Wh/L_or_Wh/dm3_database_dependent,P4,52,charge_formula_group_std,stoichiometric_window,electrode_state_stoichiometry,L3,RULE_STOICHIOMETRIC_WINDOW
energy_vol,Wh/L_or_Wh/dm3_database_dependent,P4,53,charge_formula_has_Br,stoichiometric_window,electrode_state_stoichiometry,L3,RULE_STOICHIOMETRIC_WINDOW
energy_vol,Wh/L_or_Wh/dm3_database_dependent,P4,54,charge_formula_has_C,stoichiometric_window,electrode_state_stoichiometry,L3,RULE_STOICHIOMETRIC_WINDOW
energy_vol,Wh/L_or_Wh/dm3_database_dependent,P4,55,charge_formula_has_Cl,stoichiometric_window,electrode_state_stoichiometry,L3,RULE_STOICHIOMETRIC_WINDOW
energy_vol,Wh/L_or_Wh/dm3_database_dependent,P4,56,charge_formula_has_F,stoichiometric_window,electrode_state_stoichiometry,L3,RULE_STOICHIOMETRIC_WINDOW
energy_vol,Wh/L_or_Wh/dm3_database_dependent,P4,57,charge_formula_has_I,stoichiometric_window,electrode_state_stoichiometry,L3,RULE_STOICHIOMETRIC_WINDOW
energy_vol,Wh/L_or_Wh/dm3_database_dependent,P4,58,charge_formula_has_N,stoichiometric_window,electrode_state_stoichiometry,L3,RULE_STOICHIOMETRIC_WINDOW
energy_vol,Wh/L_or_Wh/dm3_database_dependent,P4,59,charge_formula_has_O,stoichiometric_window,electrode_state_stoichiometry,L3,RULE_STOICHIOMETRIC_WINDOW
energy_vol,Wh/L_or_Wh/dm3_database_dependent,P4,60,charge_formula_has_P,stoichiometric_window,electrode_state_stoichiometry,L3,RULE_STOICHIOMETRIC_WINDOW
energy_vol,Wh/L_or_Wh/dm3_database_dependent,P4,61,charge_formula_has_S,stoichiometric_window,electrode_state_stoichiometry,L3,RULE_STOICHIOMETRIC_WINDOW
energy_vol,Wh/L_or_Wh/dm3_database_dependent,P4,62,charge_formula_has_Si,stoichiometric_window,electrode_state_stoichiometry,L3,RULE_STOICHIOMETRIC_WINDOW
energy_vol,Wh/L_or_Wh/dm3_database_dependent,P4,63,charge_formula_n_atoms,stoichiometric_window,electrode_state_stoichiometry,L3,RULE_STOICHIOMETRIC_WINDOW
energy_vol,Wh/L_or_Wh/dm3_database_dependent,P4,64,charge_formula_n_elements,stoichiometric_window,electrode_state_stoichiometry,L3,RULE_STOICHIOMETRIC_WINDOW
energy_vol,Wh/L_or_Wh/dm3_database_dependent,P4,65,charge_formula_n_transition_metals,stoichiometric_window,electrode_state_stoichiometry,L3,RULE_STOICHIOMETRIC_WINDOW
energy_vol,Wh/L_or_Wh/dm3_database_dependent,P4,66,charge_formula_parse_ok,stoichiometric_window,electrode_state_stoichiometry,L3,RULE_STOICHIOMETRIC_WINDOW
energy_vol,Wh/L_or_Wh/dm3_database_dependent,P4,67,charge_formula_row_max,stoichiometric_window,electrode_state_stoichiometry,L3,RULE_STOICHIOMETRIC_WINDOW
energy_vol,Wh/L_or_Wh/dm3_database_dependent,P4,68,charge_formula_row_mean,stoichiometric_window,electrode_state_stoichiometry,L3,RULE_STOICHIOMETRIC_WINDOW
energy_vol,Wh/L_or_Wh/dm3_database_dependent,P4,69,charge_formula_row_min,stoichiometric_window,electrode_state_stoichiometry,L3,RULE_STOICHIOMETRIC_WINDOW
energy_vol,Wh/L_or_Wh/dm3_database_dependent,P4,70,charge_formula_row_range,stoichiometric_window,electrode_state_stoichiometry,L3,RULE_STOICHIOMETRIC_WINDOW
energy_vol,Wh/L_or_Wh/dm3_database_dependent,P4,71,charge_formula_row_std,stoichiometric_window,electrode_state_stoichiometry,L3,RULE_STOICHIOMETRIC_WINDOW
energy_vol,Wh/L_or_Wh/dm3_database_dependent,P4,72,charge_summary_band_gap,post_dft_electronic_summary,post_dft_electronic,L4,RULE_POST_DFT_ELECTRONIC
energy_vol,Wh/L_or_Wh/dm3_database_dependent,P4,73,charge_summary_density,relaxed_structure_summary,relaxed_structure,L0,RULE_SAFE_STRUCTURE
energy_vol,Wh/L_or_Wh/dm3_database_dependent,P4,74,charge_summary_density_atomic,relaxed_structure_summary,relaxed_structure,L0,RULE_SAFE_STRUCTURE
energy_vol,Wh/L_or_Wh/dm3_database_dependent,P4,75,charge_summary_energy_above_hull,post_dft_energy_stability_summary,post_dft_thermodynamics,L4,RULE_HULL_OTHER
energy_vol,Wh/L_or_Wh/dm3_database_dependent,P4,76,charge_summary_formation_energy_per_atom,post_dft_energy_stability_summary,post_dft_thermodynamics,L2,RULE_FORMATION_ENERGY_ENERGY
energy_vol,Wh/L_or_Wh/dm3_database_dependent,P4,77,charge_summary_is_metal,post_dft_electronic_summary,post_dft_electronic,L4,RULE_POST_DFT_ELECTRONIC
energy_vol,Wh/L_or_Wh/dm3_database_dependent,P4,78,charge_summary_is_stable,post_dft_energy_stability_summary,post_dft_thermodynamics,L4,RULE_HULL_OTHER
energy_vol,Wh/L_or_Wh/dm3_database_dependent,P4,79,charge_summary_nsites,relaxed_structure_summary,relaxed_structure,L0,RULE_SAFE_STRUCTURE
energy_vol,Wh/L_or_Wh/dm3_database_dependent,P4,80,charge_summary_symmetry_number,relaxed_structure_summary,relaxed_structure,L0,RULE_SAFE_STRUCTURE
energy_vol,Wh/L_or_Wh/dm3_database_dependent,P4,81,charge_summary_theoretical,post_dft_provenance_flag,post_dft_provenance,L4,RULE_POST_DFT_PROVENANCE
energy_vol,Wh/L_or_Wh/dm3_database_dependent,P4,82,charge_summary_volume,relaxed_structure_summary,relaxed_structure,L0,RULE_SAFE_STRUCTURE
energy_vol,Wh/L_or_Wh/dm3_database_dependent,P4,83,charge_summary_volume_per_site,relaxed_structure_summary,relaxed_structure,L0,RULE_SAFE_STRUCTURE
energy_vol,Wh/L_or_Wh/dm3_database_dependent,P4,84,discharge_formula_X_max,stoichiometric_window,electrode_state_stoichiometry,L3,RULE_STOICHIOMETRIC_WINDOW
energy_vol,Wh/L_or_Wh/dm3_database_dependent,P4,85,discharge_formula_X_mean,stoichiometric_window,electrode_state_stoichiometry,L3,RULE_STOICHIOMETRIC_WINDOW
energy_vol,Wh/L_or_Wh/dm3_database_dependent,P4,86,discharge_formula_X_min,stoichiometric_window,electrode_state_stoichiometry,L3,RULE_STOICHIOMETRIC_WINDOW
energy_vol,Wh/L_or_Wh/dm3_database_dependent,P4,87,discharge_formula_X_range,stoichiometric_window,electrode_state_stoichiometry,L3,RULE_STOICHIOMETRIC_WINDOW
energy_vol,Wh/L_or_Wh/dm3_database_dependent,P4,88,discharge_formula_X_std,stoichiometric_window,electrode_state_stoichiometry,L3,RULE_STOICHIOMETRIC_WINDOW
energy_vol,Wh/L_or_Wh/dm3_database_dependent,P4,89,discharge_formula_Z_max,stoichiometric_window,electrode_state_stoichiometry,L3,RULE_STOICHIOMETRIC_WINDOW
energy_vol,Wh/L_or_Wh/dm3_database_dependent,P4,90,discharge_formula_Z_mean,stoichiometric_window,electrode_state_stoichiometry,L3,RULE_STOICHIOMETRIC_WINDOW
energy_vol,Wh/L_or_Wh/dm3_database_dependent,P4,91,discharge_formula_Z_min,stoichiometric_window,electrode_state_stoichiometry,L3,RULE_STOICHIOMETRIC_WINDOW
energy_vol,Wh/L_or_Wh/dm3_database_dependent,P4,92,discharge_formula_Z_range,stoichiometric_window,electrode_state_stoichiometry,L3,RULE_STOICHIOMETRIC_WINDOW
energy_vol,Wh/L_or_Wh/dm3_database_dependent,P4,93,discharge_formula_Z_std,stoichiometric_window,electrode_state_stoichiometry,L3,RULE_STOICHIOMETRIC_WINDOW
energy_vol,Wh/L_or_Wh/dm3_database_dependent,P4,94,discharge_formula_atomic_mass_max,stoichiometric_window,electrode_state_stoichiometry,L3,RULE_STOICHIOMETRIC_WINDOW
energy_vol,Wh/L_or_Wh/dm3_database_dependent,P4,95,discharge_formula_atomic_mass_mean,stoichiometric_window,electrode_state_stoichiometry,L3,RULE_STOICHIOMETRIC_WINDOW
energy_vol,Wh/L_or_Wh/dm3_database_dependent,P4,96,discharge_formula_atomic_mass_min,stoichiometric_window,electrode_state_stoichiometry,L3,RULE_STOICHIOMETRIC_WINDOW
energy_vol,Wh/L_or_Wh/dm3_database_dependent,P4,97,discharge_formula_atomic_mass_range,stoichiometric_window,electrode_state_stoichiometry,L3,RULE_STOICHIOMETRIC_WINDOW
energy_vol,Wh/L_or_Wh/dm3_database_dependent,P4,98,discharge_formula_atomic_mass_std,stoichiometric_window,electrode_state_stoichiometry,L3,RULE_STOICHIOMETRIC_WINDOW
energy_vol,Wh/L_or_Wh/dm3_database_dependent,P4,99,discharge_formula_frac_Ag,stoichiometric_window,electrode_state_stoichiometry,L3,RULE_STOICHIOMETRIC_WINDOW
energy_vol,Wh/L_or_Wh/dm3_database_dependent,P4,100,discharge_formula_frac_Al,stoichiometric_window,electrode_state_stoichiometry,L3,RULE_STOICHIOMETRIC_WINDOW
energy_vol,Wh/L_or_Wh/dm3_database_dependent,P4,101,discharge_formula_frac_As,stoichiometric_window,electrode_state_stoichiometry,L3,RULE_STOICHIOMETRIC_WINDOW
energy_vol,Wh/L_or_Wh/dm3_database_dependent,P4,102,discharge_formula_frac_B,stoichiometric_window,electrode_state_stoichiometry,L3,RULE_STOICHIOMETRIC_WINDOW
energy_vol,Wh/L_or_Wh/dm3_database_dependent,P4,103,discharge_formula_frac_Br,stoichiometric_window,electrode_state_stoichiometry,L3,RULE_STOICHIOMETRIC_WINDOW
energy_vol,Wh/L_or_Wh/dm3_database_dependent,P4,104,discharge_formula_frac_C,stoichiometric_window,electrode_state_stoichiometry,L3,RULE_STOICHIOMETRIC_WINDOW
energy_vol,Wh/L_or_Wh/dm3_database_dependent,P4,105,discharge_formula_frac_Ca,stoichiometric_window,electrode_state_stoichiometry,L3,RULE_STOICHIOMETRIC_WINDOW
energy_vol,Wh/L_or_Wh/dm3_database_dependent,P4,106,discharge_formula_frac_Cl,stoichiometric_window,electrode_state_stoichiometry,L3,RULE_STOICHIOMETRIC_WINDOW
energy_vol,Wh/L_or_Wh/dm3_database_dependent,P4,107,discharge_formula_frac_Co,stoichiometric_window,electrode_state_stoichiometry,L3,RULE_STOICHIOMETRIC_WINDOW
energy_vol,Wh/L_or_Wh/dm3_database_dependent,P4,108,discharge_formula_frac_Cr,stoichiometric_window,electrode_state_stoichiometry,L3,RULE_STOICHIOMETRIC_WINDOW
energy_vol,Wh/L_or_Wh/dm3_database_dependent,P4,109,discharge_formula_frac_Cu,stoichiometric_window,electrode_state_stoichiometry,L3,RULE_STOICHIOMETRIC_WINDOW
energy_vol,Wh/L_or_Wh/dm3_database_dependent,P4,110,discharge_formula_frac_F,stoichiometric_window,electrode_state_stoichiometry,L3,RULE_STOICHIOMETRIC_WINDOW
energy_vol,Wh/L_or_Wh/dm3_database_dependent,P4,111,discharge_formula_frac_Fe,stoichiometric_window,electrode_state_stoichiometry,L3,RULE_STOICHIOMETRIC_WINDOW
energy_vol,Wh/L_or_Wh/dm3_database_dependent,P4,112,discharge_formula_frac_I,stoichiometric_window,electrode_state_stoichiometry,L3,RULE_STOICHIOMETRIC_WINDOW
energy_vol,Wh/L_or_Wh/dm3_database_dependent,P4,113,discharge_formula_frac_K,stoichiometric_window,electrode_state_stoichiometry,L3,RULE_STOICHIOMETRIC_WINDOW
energy_vol,Wh/L_or_Wh/dm3_database_dependent,P4,114,discharge_formula_frac_Li,stoichiometric_window,electrode_state_stoichiometry,L3,RULE_STOICHIOMETRIC_WINDOW
energy_vol,Wh/L_or_Wh/dm3_database_dependent,P4,115,discharge_formula_frac_Mg,stoichiometric_window,electrode_state_stoichiometry,L3,RULE_STOICHIOMETRIC_WINDOW
energy_vol,Wh/L_or_Wh/dm3_database_dependent,P4,116,discharge_formula_frac_Mn,stoichiometric_window,electrode_state_stoichiometry,L3,RULE_STOICHIOMETRIC_WINDOW
energy_vol,Wh/L_or_Wh/dm3_database_dependent,P4,117,discharge_formula_frac_N,stoichiometric_window,electrode_state_stoichiometry,L3,RULE_STOICHIOMETRIC_WINDOW
energy_vol,Wh/L_or_Wh/dm3_database_dependent,P4,118,discharge_formula_frac_Na,stoichiometric_window,electrode_state_stoichiometry,L3,RULE_STOICHIOMETRIC_WINDOW
energy_vol,Wh/L_or_Wh/dm3_database_dependent,P4,119,discharge_formula_frac_Ni,stoichiometric_window,electrode_state_stoichiometry,L3,RULE_STOICHIOMETRIC_WINDOW
energy_vol,Wh/L_or_Wh/dm3_database_dependent,P4,120,discharge_formula_frac_O,stoichiometric_window,electrode_state_stoichiometry,L3,RULE_STOICHIOMETRIC_WINDOW
energy_vol,Wh/L_or_Wh/dm3_database_dependent,P4,121,discharge_formula_frac_P,stoichiometric_window,electrode_state_stoichiometry,L3,RULE_STOICHIOMETRIC_WINDOW
energy_vol,Wh/L_or_Wh/dm3_database_dependent,P4,122,discharge_formula_frac_S,stoichiometric_window,electrode_state_stoichiometry,L3,RULE_STOICHIOMETRIC_WINDOW
energy_vol,Wh/L_or_Wh/dm3_database_dependent,P4,123,discharge_formula_frac_Si,stoichiometric_window,electrode_state_stoichiometry,L3,RULE_STOICHIOMETRIC_WINDOW
energy_vol,Wh/L_or_Wh/dm3_database_dependent,P4,124,discharge_formula_frac_Ti,stoichiometric_window,electrode_state_stoichiometry,L3,RULE_STOICHIOMETRIC_WINDOW
energy_vol,Wh/L_or_Wh/dm3_database_dependent,P4,125,discharge_formula_frac_V,stoichiometric_window,electrode_state_stoichiometry,L3,RULE_STOICHIOMETRIC_WINDOW
energy_vol,Wh/L_or_Wh/dm3_database_dependent,P4,126,discharge_formula_frac_Zn,stoichiometric_window,electrode_state_stoichiometry,L3,RULE_STOICHIOMETRIC_WINDOW
energy_vol,Wh/L_or_Wh/dm3_database_dependent,P4,127,discharge_formula_frac_transition_metals,stoichiometric_window,electrode_state_stoichiometry,L3,RULE_STOICHIOMETRIC_WINDOW
energy_vol,Wh/L_or_Wh/dm3_database_dependent,P4,128,discharge_formula_group_max,stoichiometric_window,electrode_state_stoichiometry,L3,RULE_STOICHIOMETRIC_WINDOW
energy_vol,Wh/L_or_Wh/dm3_database_dependent,P4,129,discharge_formula_group_mean,stoichiometric_window,electrode_state_stoichiometry,L3,RULE_STOICHIOMETRIC_WINDOW
energy_vol,Wh/L_or_Wh/dm3_database_dependent,P4,130,discharge_formula_group_min,stoichiometric_window,electrode_state_stoichiometry,L3,RULE_STOICHIOMETRIC_WINDOW
energy_vol,Wh/L_or_Wh/dm3_database_dependent,P4,131,discharge_formula_group_range,stoichiometric_window,electrode_state_stoichiometry,L3,RULE_STOICHIOMETRIC_WINDOW
energy_vol,Wh/L_or_Wh/dm3_database_dependent,P4,132,discharge_formula_group_std,stoichiometric_window,electrode_state_stoichiometry,L3,RULE_STOICHIOMETRIC_WINDOW
energy_vol,Wh/L_or_Wh/dm3_database_dependent,P4,133,discharge_formula_has_Br,stoichiometric_window,electrode_state_stoichiometry,L3,RULE_STOICHIOMETRIC_WINDOW
energy_vol,Wh/L_or_Wh/dm3_database_dependent,P4,134,discharge_formula_has_C,stoichiometric_window,electrode_state_stoichiometry,L3,RULE_STOICHIOMETRIC_WINDOW
energy_vol,Wh/L_or_Wh/dm3_database_dependent,P4,135,discharge_formula_has_Cl,stoichiometric_window,electrode_state_stoichiometry,L3,RULE_STOICHIOMETRIC_WINDOW
energy_vol,Wh/L_or_Wh/dm3_database_dependent,P4,136,discharge_formula_has_F,stoichiometric_window,electrode_state_stoichiometry,L3,RULE_STOICHIOMETRIC_WINDOW
energy_vol,Wh/L_or_Wh/dm3_database_dependent,P4,137,discharge_formula_has_I,stoichiometric_window,electrode_state_stoichiometry,L3,RULE_STOICHIOMETRIC_WINDOW
energy_vol,Wh/L_or_Wh/dm3_database_dependent,P4,138,discharge_formula_has_N,stoichiometric_window,electrode_state_stoichiometry,L3,RULE_STOICHIOMETRIC_WINDOW
energy_vol,Wh/L_or_Wh/dm3_database_dependent,P4,139,discharge_formula_has_O,stoichiometric_window,electrode_state_stoichiometry,L3,RULE_STOICHIOMETRIC_WINDOW
energy_vol,Wh/L_or_Wh/dm3_database_dependent,P4,140,discharge_formula_has_P,stoichiometric_window,electrode_state_stoichiometry,L3,RULE_STOICHIOMETRIC_WINDOW
energy_vol,Wh/L_or_Wh/dm3_database_dependent,P4,141,discharge_formula_has_S,stoichiometric_window,electrode_state_stoichiometry,L3,RULE_STOICHIOMETRIC_WINDOW
energy_vol,Wh/L_or_Wh/dm3_database_dependent,P4,142,discharge_formula_has_Si,stoichiometric_window,electrode_state_stoichiometry,L3,RULE_STOICHIOMETRIC_WINDOW
energy_vol,Wh/L_or_Wh/dm3_database_dependent,P4,143,discharge_formula_n_atoms,stoichiometric_window,electrode_state_stoichiometry,L3,RULE_STOICHIOMETRIC_WINDOW
energy_vol,Wh/L_or_Wh/dm3_database_dependent,P4,144,discharge_formula_n_elements,stoichiometric_window,electrode_state_stoichiometry,L3,RULE_STOICHIOMETRIC_WINDOW
energy_vol,Wh/L_or_Wh/dm3_database_dependent,P4,145,discharge_formula_n_transition_metals,stoichiometric_window,electrode_state_stoichiometry,L3,RULE_STOICHIOMETRIC_WINDOW
energy_vol,Wh/L_or_Wh/dm3_database_dependent,P4,146,discharge_formula_parse_ok,stoichiometric_window,electrode_state_stoichiometry,L3,RULE_STOICHIOMETRIC_WINDOW
energy_vol,Wh/L_or_Wh/dm3_database_dependent,P4,147,discharge_formula_row_max,stoichiometric_window,electrode_state_stoichiometry,L3,RULE_STOICHIOMETRIC_WINDOW
energy_vol,Wh/L_or_Wh/dm3_database_dependent,P4,148,discharge_formula_row_mean,stoichiometric_window,electrode_state_stoichiometry,L3,RULE_STOICHIOMETRIC_WINDOW
energy_vol,Wh/L_or_Wh/dm3_database_dependent,P4,149,discharge_formula_row_min,stoichiometric_window,electrode_state_stoichiometry,L3,RULE_STOICHIOMETRIC_WINDOW
energy_vol,Wh/L_or_Wh/dm3_database_dependent,P4,150,discharge_formula_row_range,stoichiometric_window,electrode_state_stoichiometry,L3,RULE_STOICHIOMETRIC_WINDOW
energy_vol,Wh/L_or_Wh/dm3_database_dependent,P4,151,discharge_formula_row_std,stoichiometric_window,electrode_state_stoichiometry,L3,RULE_STOICHIOMETRIC_WINDOW
energy_vol,Wh/L_or_Wh/dm3_database_dependent,P4,152,discharge_summary_band_gap,post_dft_electronic_summary,post_dft_electronic,L4,RULE_POST_DFT_ELECTRONIC
energy_vol,Wh/L_or_Wh/dm3_database_dependent,P4,153,discharge_summary_density,relaxed_structure_summary,relaxed_structure,L0,RULE_SAFE_STRUCTURE
energy_vol,Wh/L_or_Wh/dm3_database_dependent,P4,154,discharge_summary_density_atomic,relaxed_structure_summary,relaxed_structure,L0,RULE_SAFE_STRUCTURE
energy_vol,Wh/L_or_Wh/dm3_database_dependent,P4,155,discharge_summary_energy_above_hull,post_dft_energy_stability_summary,post_dft_thermodynamics,L4,RULE_HULL_OTHER
energy_vol,Wh/L_or_Wh/dm3_database_dependent,P4,156,discharge_summary_formation_energy_per_atom,post_dft_energy_stability_summary,post_dft_thermodynamics,L2,RULE_FORMATION_ENERGY_ENERGY
energy_vol,Wh/L_or_Wh/dm3_database_dependent,P4,157,discharge_summary_is_metal,post_dft_electronic_summary,post_dft_electronic,L4,RULE_POST_DFT_ELECTRONIC
energy_vol,Wh/L_or_Wh/dm3_database_dependent,P4,158,discharge_summary_is_stable,post_dft_energy_stability_summary,post_dft_thermodynamics,L4,RULE_HULL_OTHER
energy_vol,Wh/L_or_Wh/dm3_database_dependent,P4,159,discharge_summary_nsites,relaxed_structure_summary,relaxed_structure,L0,RULE_SAFE_STRUCTURE
energy_vol,Wh/L_or_Wh/dm3_database_dependent,P4,160,discharge_summary_symmetry_number,relaxed_structure_summary,relaxed_structure,L0,RULE_SAFE_STRUCTURE
energy_vol,Wh/L_or_Wh/dm3_database_dependent,P4,161,discharge_summary_theoretical,post_dft_provenance_flag,post_dft_provenance,L4,RULE_POST_DFT_PROVENANCE
energy_vol,Wh/L_or_Wh/dm3_database_dependent,P4,162,discharge_summary_volume,relaxed_structure_summary,relaxed_structure,L0,RULE_SAFE_STRUCTURE
energy_vol,Wh/L_or_Wh/dm3_database_dependent,P4,163,discharge_summary_volume_per_site,relaxed_structure_summary,relaxed_structure,L0,RULE_SAFE_STRUCTURE
energy_vol,Wh/L_or_Wh/dm3_database_dependent,P4,164,energy_grav,stored_electrode_target,stored_electrode_record,L2,RULE_ENERGY_DEFINITION
energy_vol,Wh/L_or_Wh/dm3_database_dependent,P4,165,energy_vol,stored_electrode_target,stored_electrode_record,L1,RULE_DIRECT_TARGET
energy_vol,Wh/L_or_Wh/dm3_database_dependent,P4,166,fracA_charge,stoichiometric_window,electrode_state_stoichiometry,L3,RULE_STOICHIOMETRIC_WINDOW
energy_vol,Wh/L_or_Wh/dm3_database_dependent,P4,167,fracA_discharge,stoichiometric_window,electrode_state_stoichiometry,L3,RULE_STOICHIOMETRIC_WINDOW
energy_vol,Wh/L_or_Wh/dm3_database_dependent,P4,168,fw_X_max,composition_known_framework,pre_dft_composition,L0,RULE_SAFE_DEFAULT
energy_vol,Wh/L_or_Wh/dm3_database_dependent,P4,169,fw_X_mean,composition_known_framework,pre_dft_composition,L0,RULE_SAFE_DEFAULT
energy_vol,Wh/L_or_Wh/dm3_database_dependent,P4,170,fw_X_min,composition_known_framework,pre_dft_composition,L0,RULE_SAFE_DEFAULT
energy_vol,Wh/L_or_Wh/dm3_database_dependent,P4,171,fw_X_range,composition_known_framework,pre_dft_composition,L0,RULE_SAFE_DEFAULT
energy_vol,Wh/L_or_Wh/dm3_database_dependent,P4,172,fw_X_std,composition_known_framework,pre_dft_composition,L0,RULE_SAFE_DEFAULT
energy_vol,Wh/L_or_Wh/dm3_database_dependent,P4,173,fw_Z_max,composition_known_framework,pre_dft_composition,L0,RULE_SAFE_DEFAULT
energy_vol,Wh/L_or_Wh/dm3_database_dependent,P4,174,fw_Z_mean,composition_known_framework,pre_dft_composition,L0,RULE_SAFE_DEFAULT
energy_vol,Wh/L_or_Wh/dm3_database_dependent,P4,175,fw_Z_min,composition_known_framework,pre_dft_composition,L0,RULE_SAFE_DEFAULT
energy_vol,Wh/L_or_Wh/dm3_database_dependent,P4,176,fw_Z_range,composition_known_framework,pre_dft_composition,L0,RULE_SAFE_DEFAULT
energy_vol,Wh/L_or_Wh/dm3_database_dependent,P4,177,fw_Z_std,composition_known_framework,pre_dft_composition,L0,RULE_SAFE_DEFAULT
energy_vol,Wh/L_or_Wh/dm3_database_dependent,P4,178,fw_atomic_mass_max,composition_known_framework,pre_dft_composition,L0,RULE_SAFE_DEFAULT
energy_vol,Wh/L_or_Wh/dm3_database_dependent,P4,179,fw_atomic_mass_mean,composition_known_framework,pre_dft_composition,L0,RULE_SAFE_DEFAULT
energy_vol,Wh/L_or_Wh/dm3_database_dependent,P4,180,fw_atomic_mass_min,composition_known_framework,pre_dft_composition,L0,RULE_SAFE_DEFAULT
energy_vol,Wh/L_or_Wh/dm3_database_dependent,P4,181,fw_atomic_mass_range,composition_known_framework,pre_dft_composition,L0,RULE_SAFE_DEFAULT
energy_vol,Wh/L_or_Wh/dm3_database_dependent,P4,182,fw_atomic_mass_std,composition_known_framework,pre_dft_composition,L0,RULE_SAFE_DEFAULT
energy_vol,Wh/L_or_Wh/dm3_database_dependent,P4,183,fw_frac_Ag,composition_known_framework,pre_dft_composition,L0,RULE_SAFE_DEFAULT
energy_vol,Wh/L_or_Wh/dm3_database_dependent,P4,184,fw_frac_Al,composition_known_framework,pre_dft_composition,L0,RULE_SAFE_DEFAULT
energy_vol,Wh/L_or_Wh/dm3_database_dependent,P4,185,fw_frac_As,composition_known_framework,pre_dft_composition,L0,RULE_SAFE_DEFAULT
energy_vol,Wh/L_or_Wh/dm3_database_dependent,P4,186,fw_frac_B,composition_known_framework,pre_dft_composition,L0,RULE_SAFE_DEFAULT
energy_vol,Wh/L_or_Wh/dm3_database_dependent,P4,187,fw_frac_Br,composition_known_framework,pre_dft_composition,L0,RULE_SAFE_DEFAULT
energy_vol,Wh/L_or_Wh/dm3_database_dependent,P4,188,fw_frac_C,composition_known_framework,pre_dft_composition,L0,RULE_SAFE_DEFAULT
energy_vol,Wh/L_or_Wh/dm3_database_dependent,P4,189,fw_frac_Ca,composition_known_framework,pre_dft_composition,L0,RULE_SAFE_DEFAULT
energy_vol,Wh/L_or_Wh/dm3_database_dependent,P4,190,fw_frac_Cl,composition_known_framework,pre_dft_composition,L0,RULE_SAFE_DEFAULT
energy_vol,Wh/L_or_Wh/dm3_database_dependent,P4,191,fw_frac_Co,composition_known_framework,pre_dft_composition,L0,RULE_SAFE_DEFAULT
energy_vol,Wh/L_or_Wh/dm3_database_dependent,P4,192,fw_frac_Cr,composition_known_framework,pre_dft_composition,L0,RULE_SAFE_DEFAULT
energy_vol,Wh/L_or_Wh/dm3_database_dependent,P4,193,fw_frac_Cu,composition_known_framework,pre_dft_composition,L0,RULE_SAFE_DEFAULT
energy_vol,Wh/L_or_Wh/dm3_database_dependent,P4,194,fw_frac_F,composition_known_framework,pre_dft_composition,L0,RULE_SAFE_DEFAULT
energy_vol,Wh/L_or_Wh/dm3_database_dependent,P4,195,fw_frac_Fe,composition_known_framework,pre_dft_composition,L0,RULE_SAFE_DEFAULT
energy_vol,Wh/L_or_Wh/dm3_database_dependent,P4,196,fw_frac_I,composition_known_framework,pre_dft_composition,L0,RULE_SAFE_DEFAULT
energy_vol,Wh/L_or_Wh/dm3_database_dependent,P4,197,fw_frac_K,composition_known_framework,pre_dft_composition,L0,RULE_SAFE_DEFAULT
energy_vol,Wh/L_or_Wh/dm3_database_dependent,P4,198,fw_frac_Li,composition_known_framework,pre_dft_composition,L0,RULE_SAFE_DEFAULT
energy_vol,Wh/L_or_Wh/dm3_database_dependent,P4,199,fw_frac_Mg,composition_known_framework,pre_dft_composition,L0,RULE_SAFE_DEFAULT
energy_vol,Wh/L_or_Wh/dm3_database_dependent,P4,200,fw_frac_Mn,composition_known_framework,pre_dft_composition,L0,RULE_SAFE_DEFAULT
energy_vol,Wh/L_or_Wh/dm3_database_dependent,P4,201,fw_frac_N,composition_known_framework,pre_dft_composition,L0,RULE_SAFE_DEFAULT
energy_vol,Wh/L_or_Wh/dm3_database_dependent,P4,202,fw_frac_Na,composition_known_framework,pre_dft_composition,L0,RULE_SAFE_DEFAULT
energy_vol,Wh/L_or_Wh/dm3_database_dependent,P4,203,fw_frac_Ni,composition_known_framework,pre_dft_composition,L0,RULE_SAFE_DEFAULT
energy_vol,Wh/L_or_Wh/dm3_database_dependent,P4,204,fw_frac_O,composition_known_framework,pre_dft_composition,L0,RULE_SAFE_DEFAULT
energy_vol,Wh/L_or_Wh/dm3_database_dependent,P4,205,fw_frac_P,composition_known_framework,pre_dft_composition,L0,RULE_SAFE_DEFAULT
energy_vol,Wh/L_or_Wh/dm3_database_dependent,P4,206,fw_frac_S,composition_known_framework,pre_dft_composition,L0,RULE_SAFE_DEFAULT
energy_vol,Wh/L_or_Wh/dm3_database_dependent,P4,207,fw_frac_Si,composition_known_framework,pre_dft_composition,L0,RULE_SAFE_DEFAULT
energy_vol,Wh/L_or_Wh/dm3_database_dependent,P4,208,fw_frac_Ti,composition_known_framework,pre_dft_composition,L0,RULE_SAFE_DEFAULT
energy_vol,Wh/L_or_Wh/dm3_database_dependent,P4,209,fw_frac_V,composition_known_framework,pre_dft_composition,L0,RULE_SAFE_DEFAULT
energy_vol,Wh/L_or_Wh/dm3_database_dependent,P4,210,fw_frac_Zn,composition_known_framework,pre_dft_composition,L0,RULE_SAFE_DEFAULT
energy_vol,Wh/L_or_Wh/dm3_database_dependent,P4,211,fw_frac_transition_metals,composition_known_framework,pre_dft_composition,L0,RULE_SAFE_DEFAULT
energy_vol,Wh/L_or_Wh/dm3_database_dependent,P4,212,fw_group_max,composition_known_framework,pre_dft_composition,L0,RULE_SAFE_DEFAULT
energy_vol,Wh/L_or_Wh/dm3_database_dependent,P4,213,fw_group_mean,composition_known_framework,pre_dft_composition,L0,RULE_SAFE_DEFAULT
energy_vol,Wh/L_or_Wh/dm3_database_dependent,P4,214,fw_group_min,composition_known_framework,pre_dft_composition,L0,RULE_SAFE_DEFAULT
energy_vol,Wh/L_or_Wh/dm3_database_dependent,P4,215,fw_group_range,composition_known_framework,pre_dft_composition,L0,RULE_SAFE_DEFAULT
energy_vol,Wh/L_or_Wh/dm3_database_dependent,P4,216,fw_group_std,composition_known_framework,pre_dft_composition,L0,RULE_SAFE_DEFAULT
energy_vol,Wh/L_or_Wh/dm3_database_dependent,P4,217,fw_has_Br,composition_known_framework,pre_dft_composition,L0,RULE_SAFE_DEFAULT
energy_vol,Wh/L_or_Wh/dm3_database_dependent,P4,218,fw_has_C,composition_known_framework,pre_dft_composition,L0,RULE_SAFE_DEFAULT
energy_vol,Wh/L_or_Wh/dm3_database_dependent,P4,219,fw_has_Cl,composition_known_framework,pre_dft_composition,L0,RULE_SAFE_DEFAULT
energy_vol,Wh/L_or_Wh/dm3_database_dependent,P4,220,fw_has_F,composition_known_framework,pre_dft_composition,L0,RULE_SAFE_DEFAULT
energy_vol,Wh/L_or_Wh/dm3_database_dependent,P4,221,fw_has_I,composition_known_framework,pre_dft_composition,L0,RULE_SAFE_DEFAULT
energy_vol,Wh/L_or_Wh/dm3_database_dependent,P4,222,fw_has_N,composition_known_framework,pre_dft_composition,L0,RULE_SAFE_DEFAULT
energy_vol,Wh/L_or_Wh/dm3_database_dependent,P4,223,fw_has_O,composition_known_framework,pre_dft_composition,L0,RULE_SAFE_DEFAULT
energy_vol,Wh/L_or_Wh/dm3_database_dependent,P4,224,fw_has_P,composition_known_framework,pre_dft_composition,L0,RULE_SAFE_DEFAULT
energy_vol,Wh/L_or_Wh/dm3_database_dependent,P4,225,fw_has_S,composition_known_framework,pre_dft_composition,L0,RULE_SAFE_DEFAULT
energy_vol,Wh/L_or_Wh/dm3_database_dependent,P4,226,fw_has_Si,composition_known_framework,pre_dft_composition,L0,RULE_SAFE_DEFAULT
energy_vol,Wh/L_or_Wh/dm3_database_dependent,P4,227,fw_n_atoms,composition_known_framework,pre_dft_composition,L0,RULE_SAFE_DEFAULT
energy_vol,Wh/L_or_Wh/dm3_database_dependent,P4,228,fw_n_elements,composition_known_framework,pre_dft_composition,L0,RULE_SAFE_DEFAULT
energy_vol,Wh/L_or_Wh/dm3_database_dependent,P4,229,fw_n_transition_metals,composition_known_framework,pre_dft_composition,L0,RULE_SAFE_DEFAULT
energy_vol,Wh/L_or_Wh/dm3_database_dependent,P4,230,fw_parse_ok,composition_known_framework,pre_dft_composition,L0,RULE_SAFE_DEFAULT
energy_vol,Wh/L_or_Wh/dm3_database_dependent,P4,231,fw_row_max,composition_known_framework,pre_dft_composition,L0,RULE_SAFE_DEFAULT
energy_vol,Wh/L_or_Wh/dm3_database_dependent,P4,232,fw_row_mean,composition_known_framework,pre_dft_composition,L0,RULE_SAFE_DEFAULT
energy_vol,Wh/L_or_Wh/dm3_database_dependent,P4,233,fw_row_min,composition_known_framework,pre_dft_composition,L0,RULE_SAFE_DEFAULT
energy_vol,Wh/L_or_Wh/dm3_database_dependent,P4,234,fw_row_range,composition_known_framework,pre_dft_composition,L0,RULE_SAFE_DEFAULT
energy_vol,Wh/L_or_Wh/dm3_database_dependent,P4,235,fw_row_std,composition_known_framework,pre_dft_composition,L0,RULE_SAFE_DEFAULT
energy_vol,Wh/L_or_Wh/dm3_database_dependent,P4,236,max_delta_volume,stored_electrode_target,stored_electrode_record,L4,RULE_OTHER_STORED_TARGET
energy_vol,Wh/L_or_Wh/dm3_database_dependent,P4,237,max_voltage_step,stored_electrode_process_descriptor,stored_electrode_record,L0,RULE_SAFE_DEFAULT
energy_vol,Wh/L_or_Wh/dm3_database_dependent,P4,238,num_steps,stored_electrode_process_descriptor,stored_electrode_record,L0,RULE_SAFE_DEFAULT
energy_vol,Wh/L_or_Wh/dm3_database_dependent,P4,239,stability_charge,stored_electrode_target,stored_electrode_record,L4,RULE_OTHER_STORED_TARGET
energy_vol,Wh/L_or_Wh/dm3_database_dependent,P4,240,stability_discharge,stored_electrode_target,stored_electrode_record,L4,RULE_OTHER_STORED_TARGET
energy_vol,Wh/L_or_Wh/dm3_database_dependent,P4,241,stability_worst,stored_electrode_target,stored_electrode_record,L4,RULE_OTHER_STORED_TARGET
energy_vol,Wh/L_or_Wh/dm3_database_dependent,P4,242,stoich_abs_wi_amount_delta,stoichiometric_window,electrode_state_stoichiometry,L3,RULE_STOICHIOMETRIC_WINDOW
energy_vol,Wh/L_or_Wh/dm3_database_dependent,P4,243,stoich_wi_amount_charge,stoichiometric_window,electrode_state_stoichiometry,L3,RULE_STOICHIOMETRIC_WINDOW
energy_vol,Wh/L_or_Wh/dm3_database_dependent,P4,244,stoich_wi_amount_delta,stoichiometric_window,electrode_state_stoichiometry,L3,RULE_STOICHIOMETRIC_WINDOW
energy_vol,Wh/L_or_Wh/dm3_database_dependent,P4,245,stoich_wi_amount_discharge,stoichiometric_window,electrode_state_stoichiometry,L3,RULE_STOICHIOMETRIC_WINDOW
energy_vol,Wh/L_or_Wh/dm3_database_dependent,P4,246,stored_abs_fracA_delta,other_numeric,derived_miscellaneous,L0,RULE_SAFE_DEFAULT
energy_vol,Wh/L_or_Wh/dm3_database_dependent,P4,247,stored_fracA_delta,stoichiometric_window,electrode_state_stoichiometry,L3,RULE_STOICHIOMETRIC_WINDOW
energy_vol,Wh/L_or_Wh/dm3_database_dependent,P4,248,summary_abs_delta_band_gap,post_dft_electronic_summary,post_dft_electronic,L4,RULE_POST_DFT_ELECTRONIC
energy_vol,Wh/L_or_Wh/dm3_database_dependent,P4,249,summary_abs_delta_density,relaxed_structure_summary,relaxed_structure,L0,RULE_SAFE_STRUCTURE
energy_vol,Wh/L_or_Wh/dm3_database_dependent,P4,250,summary_abs_delta_density_atomic,relaxed_structure_summary,relaxed_structure,L0,RULE_SAFE_STRUCTURE
energy_vol,Wh/L_or_Wh/dm3_database_dependent,P4,251,summary_abs_delta_energy_above_hull,post_dft_energy_stability_summary,post_dft_thermodynamics,L4,RULE_HULL_OTHER
energy_vol,Wh/L_or_Wh/dm3_database_dependent,P4,252,summary_abs_delta_formation_energy_per_atom,post_dft_energy_stability_summary,post_dft_thermodynamics,L2,RULE_FORMATION_ENERGY_ENERGY
energy_vol,Wh/L_or_Wh/dm3_database_dependent,P4,253,summary_abs_delta_volume_fraction,relaxed_structure_summary,relaxed_structure,L0,RULE_SAFE_STRUCTURE
energy_vol,Wh/L_or_Wh/dm3_database_dependent,P4,254,summary_abs_delta_volume_per_site,relaxed_structure_summary,relaxed_structure,L0,RULE_SAFE_STRUCTURE
energy_vol,Wh/L_or_Wh/dm3_database_dependent,P4,255,summary_delta_band_gap,post_dft_electronic_summary,post_dft_electronic,L4,RULE_POST_DFT_ELECTRONIC
energy_vol,Wh/L_or_Wh/dm3_database_dependent,P4,256,summary_delta_density,relaxed_structure_summary,relaxed_structure,L0,RULE_SAFE_STRUCTURE
energy_vol,Wh/L_or_Wh/dm3_database_dependent,P4,257,summary_delta_density_atomic,relaxed_structure_summary,relaxed_structure,L0,RULE_SAFE_STRUCTURE
energy_vol,Wh/L_or_Wh/dm3_database_dependent,P4,258,summary_delta_energy_above_hull,post_dft_energy_stability_summary,post_dft_thermodynamics,L4,RULE_HULL_OTHER
energy_vol,Wh/L_or_Wh/dm3_database_dependent,P4,259,summary_delta_formation_energy_per_atom,post_dft_energy_stability_summary,post_dft_thermodynamics,L2,RULE_FORMATION_ENERGY_ENERGY
energy_vol,Wh/L_or_Wh/dm3_database_dependent,P4,260,summary_delta_volume_fraction,relaxed_structure_summary,relaxed_structure,L0,RULE_SAFE_STRUCTURE
energy_vol,Wh/L_or_Wh/dm3_database_dependent,P4,261,summary_delta_volume_per_site,relaxed_structure_summary,relaxed_structure,L0,RULE_SAFE_STRUCTURE
energy_vol,Wh/L_or_Wh/dm3_database_dependent,P4,262,summary_worst_energy_above_hull,post_dft_energy_stability_summary,post_dft_thermodynamics,L4,RULE_HULL_OTHER
energy_vol,Wh/L_or_Wh/dm3_database_dependent,P4,263,wi_X,composition_known_working_ion,pre_dft_composition,L0,RULE_SAFE_DEFAULT
energy_vol,Wh/L_or_Wh/dm3_database_dependent,P4,264,wi_Z,composition_known_working_ion,pre_dft_composition,L0,RULE_SAFE_DEFAULT
energy_vol,Wh/L_or_Wh/dm3_database_dependent,P4,265,wi_atomic_mass,composition_known_working_ion,pre_dft_composition,L0,RULE_SAFE_DEFAULT
energy_vol,Wh/L_or_Wh/dm3_database_dependent,P4,266,wi_group,composition_known_working_ion,pre_dft_composition,L0,RULE_SAFE_DEFAULT
energy_vol,Wh/L_or_Wh/dm3_database_dependent,P4,267,wi_row,composition_known_working_ion,pre_dft_composition,L0,RULE_SAFE_DEFAULT
max_delta_volume,fraction_or_database_convention,P0,1,average_voltage,stored_electrode_target,stored_electrode_record,L4,RULE_OTHER_STORED_TARGET
max_delta_volume,fraction_or_database_convention,P0,2,capacity_grav,stored_electrode_target,stored_electrode_record,L4,RULE_OTHER_STORED_TARGET
max_delta_volume,fraction_or_database_convention,P0,3,capacity_vol,stored_electrode_target,stored_electrode_record,L4,RULE_OTHER_STORED_TARGET
max_delta_volume,fraction_or_database_convention,P0,4,charge_formula_X_max,stoichiometric_window,electrode_state_stoichiometry,L0,RULE_SAFE_DEFAULT
max_delta_volume,fraction_or_database_convention,P0,5,charge_formula_X_mean,stoichiometric_window,electrode_state_stoichiometry,L0,RULE_SAFE_DEFAULT
max_delta_volume,fraction_or_database_convention,P0,6,charge_formula_X_min,stoichiometric_window,electrode_state_stoichiometry,L0,RULE_SAFE_DEFAULT
max_delta_volume,fraction_or_database_convention,P0,7,charge_formula_X_range,stoichiometric_window,electrode_state_stoichiometry,L0,RULE_SAFE_DEFAULT
max_delta_volume,fraction_or_database_convention,P0,8,charge_formula_X_std,stoichiometric_window,electrode_state_stoichiometry,L0,RULE_SAFE_DEFAULT
max_delta_volume,fraction_or_database_convention,P0,9,charge_formula_Z_max,stoichiometric_window,electrode_state_stoichiometry,L0,RULE_SAFE_DEFAULT
max_delta_volume,fraction_or_database_convention,P0,10,charge_formula_Z_mean,stoichiometric_window,electrode_state_stoichiometry,L0,RULE_SAFE_DEFAULT
max_delta_volume,fraction_or_database_convention,P0,11,charge_formula_Z_min,stoichiometric_window,electrode_state_stoichiometry,L0,RULE_SAFE_DEFAULT
max_delta_volume,fraction_or_database_convention,P0,12,charge_formula_Z_range,stoichiometric_window,electrode_state_stoichiometry,L0,RULE_SAFE_DEFAULT
max_delta_volume,fraction_or_database_convention,P0,13,charge_formula_Z_std,stoichiometric_window,electrode_state_stoichiometry,L0,RULE_SAFE_DEFAULT
max_delta_volume,fraction_or_database_convention,P0,14,charge_formula_atomic_mass_max,stoichiometric_window,electrode_state_stoichiometry,L0,RULE_SAFE_DEFAULT
max_delta_volume,fraction_or_database_convention,P0,15,charge_formula_atomic_mass_mean,stoichiometric_window,electrode_state_stoichiometry,L0,RULE_SAFE_DEFAULT
max_delta_volume,fraction_or_database_convention,P0,16,charge_formula_atomic_mass_min,stoichiometric_window,electrode_state_stoichiometry,L0,RULE_SAFE_DEFAULT
max_delta_volume,fraction_or_database_convention,P0,17,charge_formula_atomic_mass_range,stoichiometric_window,electrode_state_stoichiometry,L0,RULE_SAFE_DEFAULT
max_delta_volume,fraction_or_database_convention,P0,18,charge_formula_atomic_mass_std,stoichiometric_window,electrode_state_stoichiometry,L0,RULE_SAFE_DEFAULT
max_delta_volume,fraction_or_database_convention,P0,19,charge_formula_frac_Ag,stoichiometric_window,electrode_state_stoichiometry,L0,RULE_SAFE_DEFAULT
max_delta_volume,fraction_or_database_convention,P0,20,charge_formula_frac_Al,stoichiometric_window,electrode_state_stoichiometry,L0,RULE_SAFE_DEFAULT
max_delta_volume,fraction_or_database_convention,P0,21,charge_formula_frac_As,stoichiometric_window,electrode_state_stoichiometry,L0,RULE_SAFE_DEFAULT
max_delta_volume,fraction_or_database_convention,P0,22,charge_formula_frac_B,stoichiometric_window,electrode_state_stoichiometry,L0,RULE_SAFE_DEFAULT
max_delta_volume,fraction_or_database_convention,P0,23,charge_formula_frac_Br,stoichiometric_window,electrode_state_stoichiometry,L0,RULE_SAFE_DEFAULT
max_delta_volume,fraction_or_database_convention,P0,24,charge_formula_frac_C,stoichiometric_window,electrode_state_stoichiometry,L0,RULE_SAFE_DEFAULT
max_delta_volume,fraction_or_database_convention,P0,25,charge_formula_frac_Ca,stoichiometric_window,electrode_state_stoichiometry,L0,RULE_SAFE_DEFAULT
max_delta_volume,fraction_or_database_convention,P0,26,charge_formula_frac_Cl,stoichiometric_window,electrode_state_stoichiometry,L0,RULE_SAFE_DEFAULT
max_delta_volume,fraction_or_database_convention,P0,27,charge_formula_frac_Co,stoichiometric_window,electrode_state_stoichiometry,L0,RULE_SAFE_DEFAULT
max_delta_volume,fraction_or_database_convention,P0,28,charge_formula_frac_Cr,stoichiometric_window,electrode_state_stoichiometry,L0,RULE_SAFE_DEFAULT
max_delta_volume,fraction_or_database_convention,P0,29,charge_formula_frac_Cu,stoichiometric_window,electrode_state_stoichiometry,L0,RULE_SAFE_DEFAULT
max_delta_volume,fraction_or_database_convention,P0,30,charge_formula_frac_F,stoichiometric_window,electrode_state_stoichiometry,L0,RULE_SAFE_DEFAULT
max_delta_volume,fraction_or_database_convention,P0,31,charge_formula_frac_Fe,stoichiometric_window,electrode_state_stoichiometry,L0,RULE_SAFE_DEFAULT
max_delta_volume,fraction_or_database_convention,P0,32,charge_formula_frac_I,stoichiometric_window,electrode_state_stoichiometry,L0,RULE_SAFE_DEFAULT
max_delta_volume,fraction_or_database_convention,P0,33,charge_formula_frac_K,stoichiometric_window,electrode_state_stoichiometry,L0,RULE_SAFE_DEFAULT
max_delta_volume,fraction_or_database_convention,P0,34,charge_formula_frac_Li,stoichiometric_window,electrode_state_stoichiometry,L0,RULE_SAFE_DEFAULT
max_delta_volume,fraction_or_database_convention,P0,35,charge_formula_frac_Mg,stoichiometric_window,electrode_state_stoichiometry,L0,RULE_SAFE_DEFAULT
max_delta_volume,fraction_or_database_convention,P0,36,charge_formula_frac_Mn,stoichiometric_window,electrode_state_stoichiometry,L0,RULE_SAFE_DEFAULT
max_delta_volume,fraction_or_database_convention,P0,37,charge_formula_frac_N,stoichiometric_window,electrode_state_stoichiometry,L0,RULE_SAFE_DEFAULT
max_delta_volume,fraction_or_database_convention,P0,38,charge_formula_frac_Na,stoichiometric_window,electrode_state_stoichiometry,L0,RULE_SAFE_DEFAULT
max_delta_volume,fraction_or_database_convention,P0,39,charge_formula_frac_Ni,stoichiometric_window,electrode_state_stoichiometry,L0,RULE_SAFE_DEFAULT
max_delta_volume,fraction_or_database_convention,P0,40,charge_formula_frac_O,stoichiometric_window,electrode_state_stoichiometry,L0,RULE_SAFE_DEFAULT
max_delta_volume,fraction_or_database_convention,P0,41,charge_formula_frac_P,stoichiometric_window,electrode_state_stoichiometry,L0,RULE_SAFE_DEFAULT
max_delta_volume,fraction_or_database_convention,P0,42,charge_formula_frac_S,stoichiometric_window,electrode_state_stoichiometry,L0,RULE_SAFE_DEFAULT
max_delta_volume,fraction_or_database_convention,P0,43,charge_formula_frac_Si,stoichiometric_window,electrode_state_stoichiometry,L0,RULE_SAFE_DEFAULT
max_delta_volume,fraction_or_database_convention,P0,44,charge_formula_frac_Ti,stoichiometric_window,electrode_state_stoichiometry,L0,RULE_SAFE_DEFAULT
max_delta_volume,fraction_or_database_convention,P0,45,charge_formula_frac_V,stoichiometric_window,electrode_state_stoichiometry,L0,RULE_SAFE_DEFAULT
max_delta_volume,fraction_or_database_convention,P0,46,charge_formula_frac_Zn,stoichiometric_window,electrode_state_stoichiometry,L0,RULE_SAFE_DEFAULT
max_delta_volume,fraction_or_database_convention,P0,47,charge_formula_frac_transition_metals,stoichiometric_window,electrode_state_stoichiometry,L0,RULE_SAFE_DEFAULT
max_delta_volume,fraction_or_database_convention,P0,48,charge_formula_group_max,stoichiometric_window,electrode_state_stoichiometry,L0,RULE_SAFE_DEFAULT
max_delta_volume,fraction_or_database_convention,P0,49,charge_formula_group_mean,stoichiometric_window,electrode_state_stoichiometry,L0,RULE_SAFE_DEFAULT
max_delta_volume,fraction_or_database_convention,P0,50,charge_formula_group_min,stoichiometric_window,electrode_state_stoichiometry,L0,RULE_SAFE_DEFAULT
max_delta_volume,fraction_or_database_convention,P0,51,charge_formula_group_range,stoichiometric_window,electrode_state_stoichiometry,L0,RULE_SAFE_DEFAULT
max_delta_volume,fraction_or_database_convention,P0,52,charge_formula_group_std,stoichiometric_window,electrode_state_stoichiometry,L0,RULE_SAFE_DEFAULT
max_delta_volume,fraction_or_database_convention,P0,53,charge_formula_has_Br,stoichiometric_window,electrode_state_stoichiometry,L0,RULE_SAFE_DEFAULT
max_delta_volume,fraction_or_database_convention,P0,54,charge_formula_has_C,stoichiometric_window,electrode_state_stoichiometry,L0,RULE_SAFE_DEFAULT
max_delta_volume,fraction_or_database_convention,P0,55,charge_formula_has_Cl,stoichiometric_window,electrode_state_stoichiometry,L0,RULE_SAFE_DEFAULT
max_delta_volume,fraction_or_database_convention,P0,56,charge_formula_has_F,stoichiometric_window,electrode_state_stoichiometry,L0,RULE_SAFE_DEFAULT
max_delta_volume,fraction_or_database_convention,P0,57,charge_formula_has_I,stoichiometric_window,electrode_state_stoichiometry,L0,RULE_SAFE_DEFAULT
max_delta_volume,fraction_or_database_convention,P0,58,charge_formula_has_N,stoichiometric_window,electrode_state_stoichiometry,L0,RULE_SAFE_DEFAULT
max_delta_volume,fraction_or_database_convention,P0,59,charge_formula_has_O,stoichiometric_window,electrode_state_stoichiometry,L0,RULE_SAFE_DEFAULT
max_delta_volume,fraction_or_database_convention,P0,60,charge_formula_has_P,stoichiometric_window,electrode_state_stoichiometry,L0,RULE_SAFE_DEFAULT
max_delta_volume,fraction_or_database_convention,P0,61,charge_formula_has_S,stoichiometric_window,electrode_state_stoichiometry,L0,RULE_SAFE_DEFAULT
max_delta_volume,fraction_or_database_convention,P0,62,charge_formula_has_Si,stoichiometric_window,electrode_state_stoichiometry,L0,RULE_SAFE_DEFAULT
max_delta_volume,fraction_or_database_convention,P0,63,charge_formula_n_atoms,stoichiometric_window,electrode_state_stoichiometry,L0,RULE_SAFE_DEFAULT
max_delta_volume,fraction_or_database_convention,P0,64,charge_formula_n_elements,stoichiometric_window,electrode_state_stoichiometry,L0,RULE_SAFE_DEFAULT
max_delta_volume,fraction_or_database_convention,P0,65,charge_formula_n_transition_metals,stoichiometric_window,electrode_state_stoichiometry,L0,RULE_SAFE_DEFAULT
max_delta_volume,fraction_or_database_convention,P0,66,charge_formula_parse_ok,stoichiometric_window,electrode_state_stoichiometry,L0,RULE_SAFE_DEFAULT
max_delta_volume,fraction_or_database_convention,P0,67,charge_formula_row_max,stoichiometric_window,electrode_state_stoichiometry,L0,RULE_SAFE_DEFAULT
max_delta_volume,fraction_or_database_convention,P0,68,charge_formula_row_mean,stoichiometric_window,electrode_state_stoichiometry,L0,RULE_SAFE_DEFAULT
max_delta_volume,fraction_or_database_convention,P0,69,charge_formula_row_min,stoichiometric_window,electrode_state_stoichiometry,L0,RULE_SAFE_DEFAULT
max_delta_volume,fraction_or_database_convention,P0,70,charge_formula_row_range,stoichiometric_window,electrode_state_stoichiometry,L0,RULE_SAFE_DEFAULT
max_delta_volume,fraction_or_database_convention,P0,71,charge_formula_row_std,stoichiometric_window,electrode_state_stoichiometry,L0,RULE_SAFE_DEFAULT
max_delta_volume,fraction_or_database_convention,P0,72,charge_summary_band_gap,post_dft_electronic_summary,post_dft_electronic,L4,RULE_POST_DFT_ELECTRONIC
max_delta_volume,fraction_or_database_convention,P0,73,charge_summary_density,relaxed_structure_summary,relaxed_structure,L2,RULE_VOLUME_CHANGE
max_delta_volume,fraction_or_database_convention,P0,74,charge_summary_density_atomic,relaxed_structure_summary,relaxed_structure,L2,RULE_VOLUME_CHANGE
max_delta_volume,fraction_or_database_convention,P0,75,charge_summary_energy_above_hull,post_dft_energy_stability_summary,post_dft_thermodynamics,L4,RULE_HULL_OTHER
max_delta_volume,fraction_or_database_convention,P0,76,charge_summary_formation_energy_per_atom,post_dft_energy_stability_summary,post_dft_thermodynamics,L4,RULE_POST_DFT_ENERGY_DEFAULT
max_delta_volume,fraction_or_database_convention,P0,77,charge_summary_is_metal,post_dft_electronic_summary,post_dft_electronic,L4,RULE_POST_DFT_ELECTRONIC
max_delta_volume,fraction_or_database_convention,P0,78,charge_summary_is_stable,post_dft_energy_stability_summary,post_dft_thermodynamics,L4,RULE_HULL_OTHER
max_delta_volume,fraction_or_database_convention,P0,79,charge_summary_nsites,relaxed_structure_summary,relaxed_structure,L0,RULE_SAFE_STRUCTURE
max_delta_volume,fraction_or_database_convention,P0,80,charge_summary_symmetry_number,relaxed_structure_summary,relaxed_structure,L0,RULE_SAFE_STRUCTURE
max_delta_volume,fraction_or_database_convention,P0,81,charge_summary_theoretical,post_dft_provenance_flag,post_dft_provenance,L4,RULE_POST_DFT_PROVENANCE
max_delta_volume,fraction_or_database_convention,P0,82,charge_summary_volume,relaxed_structure_summary,relaxed_structure,L2,RULE_VOLUME_CHANGE
max_delta_volume,fraction_or_database_convention,P0,83,charge_summary_volume_per_site,relaxed_structure_summary,relaxed_structure,L2,RULE_VOLUME_CHANGE
max_delta_volume,fraction_or_database_convention,P0,84,discharge_formula_X_max,stoichiometric_window,electrode_state_stoichiometry,L0,RULE_SAFE_DEFAULT
max_delta_volume,fraction_or_database_convention,P0,85,discharge_formula_X_mean,stoichiometric_window,electrode_state_stoichiometry,L0,RULE_SAFE_DEFAULT
max_delta_volume,fraction_or_database_convention,P0,86,discharge_formula_X_min,stoichiometric_window,electrode_state_stoichiometry,L0,RULE_SAFE_DEFAULT
max_delta_volume,fraction_or_database_convention,P0,87,discharge_formula_X_range,stoichiometric_window,electrode_state_stoichiometry,L0,RULE_SAFE_DEFAULT
max_delta_volume,fraction_or_database_convention,P0,88,discharge_formula_X_std,stoichiometric_window,electrode_state_stoichiometry,L0,RULE_SAFE_DEFAULT
max_delta_volume,fraction_or_database_convention,P0,89,discharge_formula_Z_max,stoichiometric_window,electrode_state_stoichiometry,L0,RULE_SAFE_DEFAULT
max_delta_volume,fraction_or_database_convention,P0,90,discharge_formula_Z_mean,stoichiometric_window,electrode_state_stoichiometry,L0,RULE_SAFE_DEFAULT
max_delta_volume,fraction_or_database_convention,P0,91,discharge_formula_Z_min,stoichiometric_window,electrode_state_stoichiometry,L0,RULE_SAFE_DEFAULT
max_delta_volume,fraction_or_database_convention,P0,92,discharge_formula_Z_range,stoichiometric_window,electrode_state_stoichiometry,L0,RULE_SAFE_DEFAULT
max_delta_volume,fraction_or_database_convention,P0,93,discharge_formula_Z_std,stoichiometric_window,electrode_state_stoichiometry,L0,RULE_SAFE_DEFAULT
max_delta_volume,fraction_or_database_convention,P0,94,discharge_formula_atomic_mass_max,stoichiometric_window,electrode_state_stoichiometry,L0,RULE_SAFE_DEFAULT
max_delta_volume,fraction_or_database_convention,P0,95,discharge_formula_atomic_mass_mean,stoichiometric_window,electrode_state_stoichiometry,L0,RULE_SAFE_DEFAULT
max_delta_volume,fraction_or_database_convention,P0,96,discharge_formula_atomic_mass_min,stoichiometric_window,electrode_state_stoichiometry,L0,RULE_SAFE_DEFAULT
max_delta_volume,fraction_or_database_convention,P0,97,discharge_formula_atomic_mass_range,stoichiometric_window,electrode_state_stoichiometry,L0,RULE_SAFE_DEFAULT
max_delta_volume,fraction_or_database_convention,P0,98,discharge_formula_atomic_mass_std,stoichiometric_window,electrode_state_stoichiometry,L0,RULE_SAFE_DEFAULT
max_delta_volume,fraction_or_database_convention,P0,99,discharge_formula_frac_Ag,stoichiometric_window,electrode_state_stoichiometry,L0,RULE_SAFE_DEFAULT
max_delta_volume,fraction_or_database_convention,P0,100,discharge_formula_frac_Al,stoichiometric_window,electrode_state_stoichiometry,L0,RULE_SAFE_DEFAULT
max_delta_volume,fraction_or_database_convention,P0,101,discharge_formula_frac_As,stoichiometric_window,electrode_state_stoichiometry,L0,RULE_SAFE_DEFAULT
max_delta_volume,fraction_or_database_convention,P0,102,discharge_formula_frac_B,stoichiometric_window,electrode_state_stoichiometry,L0,RULE_SAFE_DEFAULT
max_delta_volume,fraction_or_database_convention,P0,103,discharge_formula_frac_Br,stoichiometric_window,electrode_state_stoichiometry,L0,RULE_SAFE_DEFAULT
max_delta_volume,fraction_or_database_convention,P0,104,discharge_formula_frac_C,stoichiometric_window,electrode_state_stoichiometry,L0,RULE_SAFE_DEFAULT
max_delta_volume,fraction_or_database_convention,P0,105,discharge_formula_frac_Ca,stoichiometric_window,electrode_state_stoichiometry,L0,RULE_SAFE_DEFAULT
max_delta_volume,fraction_or_database_convention,P0,106,discharge_formula_frac_Cl,stoichiometric_window,electrode_state_stoichiometry,L0,RULE_SAFE_DEFAULT
max_delta_volume,fraction_or_database_convention,P0,107,discharge_formula_frac_Co,stoichiometric_window,electrode_state_stoichiometry,L0,RULE_SAFE_DEFAULT
max_delta_volume,fraction_or_database_convention,P0,108,discharge_formula_frac_Cr,stoichiometric_window,electrode_state_stoichiometry,L0,RULE_SAFE_DEFAULT
max_delta_volume,fraction_or_database_convention,P0,109,discharge_formula_frac_Cu,stoichiometric_window,electrode_state_stoichiometry,L0,RULE_SAFE_DEFAULT
max_delta_volume,fraction_or_database_convention,P0,110,discharge_formula_frac_F,stoichiometric_window,electrode_state_stoichiometry,L0,RULE_SAFE_DEFAULT
max_delta_volume,fraction_or_database_convention,P0,111,discharge_formula_frac_Fe,stoichiometric_window,electrode_state_stoichiometry,L0,RULE_SAFE_DEFAULT
max_delta_volume,fraction_or_database_convention,P0,112,discharge_formula_frac_I,stoichiometric_window,electrode_state_stoichiometry,L0,RULE_SAFE_DEFAULT
max_delta_volume,fraction_or_database_convention,P0,113,discharge_formula_frac_K,stoichiometric_window,electrode_state_stoichiometry,L0,RULE_SAFE_DEFAULT
max_delta_volume,fraction_or_database_convention,P0,114,discharge_formula_frac_Li,stoichiometric_window,electrode_state_stoichiometry,L0,RULE_SAFE_DEFAULT
max_delta_volume,fraction_or_database_convention,P0,115,discharge_formula_frac_Mg,stoichiometric_window,electrode_state_stoichiometry,L0,RULE_SAFE_DEFAULT
max_delta_volume,fraction_or_database_convention,P0,116,discharge_formula_frac_Mn,stoichiometric_window,electrode_state_stoichiometry,L0,RULE_SAFE_DEFAULT
max_delta_volume,fraction_or_database_convention,P0,117,discharge_formula_frac_N,stoichiometric_window,electrode_state_stoichiometry,L0,RULE_SAFE_DEFAULT
max_delta_volume,fraction_or_database_convention,P0,118,discharge_formula_frac_Na,stoichiometric_window,electrode_state_stoichiometry,L0,RULE_SAFE_DEFAULT
max_delta_volume,fraction_or_database_convention,P0,119,discharge_formula_frac_Ni,stoichiometric_window,electrode_state_stoichiometry,L0,RULE_SAFE_DEFAULT
max_delta_volume,fraction_or_database_convention,P0,120,discharge_formula_frac_O,stoichiometric_window,electrode_state_stoichiometry,L0,RULE_SAFE_DEFAULT
max_delta_volume,fraction_or_database_convention,P0,121,discharge_formula_frac_P,stoichiometric_window,electrode_state_stoichiometry,L0,RULE_SAFE_DEFAULT
max_delta_volume,fraction_or_database_convention,P0,122,discharge_formula_frac_S,stoichiometric_window,electrode_state_stoichiometry,L0,RULE_SAFE_DEFAULT
max_delta_volume,fraction_or_database_convention,P0,123,discharge_formula_frac_Si,stoichiometric_window,electrode_state_stoichiometry,L0,RULE_SAFE_DEFAULT
max_delta_volume,fraction_or_database_convention,P0,124,discharge_formula_frac_Ti,stoichiometric_window,electrode_state_stoichiometry,L0,RULE_SAFE_DEFAULT
max_delta_volume,fraction_or_database_convention,P0,125,discharge_formula_frac_V,stoichiometric_window,electrode_state_stoichiometry,L0,RULE_SAFE_DEFAULT
max_delta_volume,fraction_or_database_convention,P0,126,discharge_formula_frac_Zn,stoichiometric_window,electrode_state_stoichiometry,L0,RULE_SAFE_DEFAULT
max_delta_volume,fraction_or_database_convention,P0,127,discharge_formula_frac_transition_metals,stoichiometric_window,electrode_state_stoichiometry,L0,RULE_SAFE_DEFAULT
max_delta_volume,fraction_or_database_convention,P0,128,discharge_formula_group_max,stoichiometric_window,electrode_state_stoichiometry,L0,RULE_SAFE_DEFAULT
max_delta_volume,fraction_or_database_convention,P0,129,discharge_formula_group_mean,stoichiometric_window,electrode_state_stoichiometry,L0,RULE_SAFE_DEFAULT
max_delta_volume,fraction_or_database_convention,P0,130,discharge_formula_group_min,stoichiometric_window,electrode_state_stoichiometry,L0,RULE_SAFE_DEFAULT
max_delta_volume,fraction_or_database_convention,P0,131,discharge_formula_group_range,stoichiometric_window,electrode_state_stoichiometry,L0,RULE_SAFE_DEFAULT
max_delta_volume,fraction_or_database_convention,P0,132,discharge_formula_group_std,stoichiometric_window,electrode_state_stoichiometry,L0,RULE_SAFE_DEFAULT
max_delta_volume,fraction_or_database_convention,P0,133,discharge_formula_has_Br,stoichiometric_window,electrode_state_stoichiometry,L0,RULE_SAFE_DEFAULT
max_delta_volume,fraction_or_database_convention,P0,134,discharge_formula_has_C,stoichiometric_window,electrode_state_stoichiometry,L0,RULE_SAFE_DEFAULT
max_delta_volume,fraction_or_database_convention,P0,135,discharge_formula_has_Cl,stoichiometric_window,electrode_state_stoichiometry,L0,RULE_SAFE_DEFAULT
max_delta_volume,fraction_or_database_convention,P0,136,discharge_formula_has_F,stoichiometric_window,electrode_state_stoichiometry,L0,RULE_SAFE_DEFAULT
max_delta_volume,fraction_or_database_convention,P0,137,discharge_formula_has_I,stoichiometric_window,electrode_state_stoichiometry,L0,RULE_SAFE_DEFAULT
max_delta_volume,fraction_or_database_convention,P0,138,discharge_formula_has_N,stoichiometric_window,electrode_state_stoichiometry,L0,RULE_SAFE_DEFAULT
max_delta_volume,fraction_or_database_convention,P0,139,discharge_formula_has_O,stoichiometric_window,electrode_state_stoichiometry,L0,RULE_SAFE_DEFAULT
max_delta_volume,fraction_or_database_convention,P0,140,discharge_formula_has_P,stoichiometric_window,electrode_state_stoichiometry,L0,RULE_SAFE_DEFAULT
max_delta_volume,fraction_or_database_convention,P0,141,discharge_formula_has_S,stoichiometric_window,electrode_state_stoichiometry,L0,RULE_SAFE_DEFAULT
max_delta_volume,fraction_or_database_convention,P0,142,discharge_formula_has_Si,stoichiometric_window,electrode_state_stoichiometry,L0,RULE_SAFE_DEFAULT
max_delta_volume,fraction_or_database_convention,P0,143,discharge_formula_n_atoms,stoichiometric_window,electrode_state_stoichiometry,L0,RULE_SAFE_DEFAULT
max_delta_volume,fraction_or_database_convention,P0,144,discharge_formula_n_elements,stoichiometric_window,electrode_state_stoichiometry,L0,RULE_SAFE_DEFAULT
max_delta_volume,fraction_or_database_convention,P0,145,discharge_formula_n_transition_metals,stoichiometric_window,electrode_state_stoichiometry,L0,RULE_SAFE_DEFAULT
max_delta_volume,fraction_or_database_convention,P0,146,discharge_formula_parse_ok,stoichiometric_window,electrode_state_stoichiometry,L0,RULE_SAFE_DEFAULT
max_delta_volume,fraction_or_database_convention,P0,147,discharge_formula_row_max,stoichiometric_window,electrode_state_stoichiometry,L0,RULE_SAFE_DEFAULT
max_delta_volume,fraction_or_database_convention,P0,148,discharge_formula_row_mean,stoichiometric_window,electrode_state_stoichiometry,L0,RULE_SAFE_DEFAULT
max_delta_volume,fraction_or_database_convention,P0,149,discharge_formula_row_min,stoichiometric_window,electrode_state_stoichiometry,L0,RULE_SAFE_DEFAULT
max_delta_volume,fraction_or_database_convention,P0,150,discharge_formula_row_range,stoichiometric_window,electrode_state_stoichiometry,L0,RULE_SAFE_DEFAULT
max_delta_volume,fraction_or_database_convention,P0,151,discharge_formula_row_std,stoichiometric_window,electrode_state_stoichiometry,L0,RULE_SAFE_DEFAULT
max_delta_volume,fraction_or_database_convention,P0,152,discharge_summary_band_gap,post_dft_electronic_summary,post_dft_electronic,L4,RULE_POST_DFT_ELECTRONIC
max_delta_volume,fraction_or_database_convention,P0,153,discharge_summary_density,relaxed_structure_summary,relaxed_structure,L2,RULE_VOLUME_CHANGE
max_delta_volume,fraction_or_database_convention,P0,154,discharge_summary_density_atomic,relaxed_structure_summary,relaxed_structure,L2,RULE_VOLUME_CHANGE
max_delta_volume,fraction_or_database_convention,P0,155,discharge_summary_energy_above_hull,post_dft_energy_stability_summary,post_dft_thermodynamics,L4,RULE_HULL_OTHER
max_delta_volume,fraction_or_database_convention,P0,156,discharge_summary_formation_energy_per_atom,post_dft_energy_stability_summary,post_dft_thermodynamics,L4,RULE_POST_DFT_ENERGY_DEFAULT
max_delta_volume,fraction_or_database_convention,P0,157,discharge_summary_is_metal,post_dft_electronic_summary,post_dft_electronic,L4,RULE_POST_DFT_ELECTRONIC
max_delta_volume,fraction_or_database_convention,P0,158,discharge_summary_is_stable,post_dft_energy_stability_summary,post_dft_thermodynamics,L4,RULE_HULL_OTHER
max_delta_volume,fraction_or_database_convention,P0,159,discharge_summary_nsites,relaxed_structure_summary,relaxed_structure,L0,RULE_SAFE_STRUCTURE
max_delta_volume,fraction_or_database_convention,P0,160,discharge_summary_symmetry_number,relaxed_structure_summary,relaxed_structure,L0,RULE_SAFE_STRUCTURE
max_delta_volume,fraction_or_database_convention,P0,161,discharge_summary_theoretical,post_dft_provenance_flag,post_dft_provenance,L4,RULE_POST_DFT_PROVENANCE
max_delta_volume,fraction_or_database_convention,P0,162,discharge_summary_volume,relaxed_structure_summary,relaxed_structure,L2,RULE_VOLUME_CHANGE
max_delta_volume,fraction_or_database_convention,P0,163,discharge_summary_volume_per_site,relaxed_structure_summary,relaxed_structure,L2,RULE_VOLUME_CHANGE
max_delta_volume,fraction_or_database_convention,P0,164,energy_grav,stored_electrode_target,stored_electrode_record,L4,RULE_OTHER_STORED_TARGET
max_delta_volume,fraction_or_database_convention,P0,165,energy_vol,stored_electrode_target,stored_electrode_record,L4,RULE_OTHER_STORED_TARGET
max_delta_volume,fraction_or_database_convention,P0,166,fracA_charge,stoichiometric_window,electrode_state_stoichiometry,L0,RULE_SAFE_DEFAULT
max_delta_volume,fraction_or_database_convention,P0,167,fracA_discharge,stoichiometric_window,electrode_state_stoichiometry,L0,RULE_SAFE_DEFAULT
max_delta_volume,fraction_or_database_convention,P0,168,fw_X_max,composition_known_framework,pre_dft_composition,L0,RULE_SAFE_DEFAULT
max_delta_volume,fraction_or_database_convention,P0,169,fw_X_mean,composition_known_framework,pre_dft_composition,L0,RULE_SAFE_DEFAULT
max_delta_volume,fraction_or_database_convention,P0,170,fw_X_min,composition_known_framework,pre_dft_composition,L0,RULE_SAFE_DEFAULT
max_delta_volume,fraction_or_database_convention,P0,171,fw_X_range,composition_known_framework,pre_dft_composition,L0,RULE_SAFE_DEFAULT
max_delta_volume,fraction_or_database_convention,P0,172,fw_X_std,composition_known_framework,pre_dft_composition,L0,RULE_SAFE_DEFAULT
max_delta_volume,fraction_or_database_convention,P0,173,fw_Z_max,composition_known_framework,pre_dft_composition,L0,RULE_SAFE_DEFAULT
max_delta_volume,fraction_or_database_convention,P0,174,fw_Z_mean,composition_known_framework,pre_dft_composition,L0,RULE_SAFE_DEFAULT
max_delta_volume,fraction_or_database_convention,P0,175,fw_Z_min,composition_known_framework,pre_dft_composition,L0,RULE_SAFE_DEFAULT
max_delta_volume,fraction_or_database_convention,P0,176,fw_Z_range,composition_known_framework,pre_dft_composition,L0,RULE_SAFE_DEFAULT
max_delta_volume,fraction_or_database_convention,P0,177,fw_Z_std,composition_known_framework,pre_dft_composition,L0,RULE_SAFE_DEFAULT
max_delta_volume,fraction_or_database_convention,P0,178,fw_atomic_mass_max,composition_known_framework,pre_dft_composition,L0,RULE_SAFE_DEFAULT
max_delta_volume,fraction_or_database_convention,P0,179,fw_atomic_mass_mean,composition_known_framework,pre_dft_composition,L0,RULE_SAFE_DEFAULT
max_delta_volume,fraction_or_database_convention,P0,180,fw_atomic_mass_min,composition_known_framework,pre_dft_composition,L0,RULE_SAFE_DEFAULT
max_delta_volume,fraction_or_database_convention,P0,181,fw_atomic_mass_range,composition_known_framework,pre_dft_composition,L0,RULE_SAFE_DEFAULT
max_delta_volume,fraction_or_database_convention,P0,182,fw_atomic_mass_std,composition_known_framework,pre_dft_composition,L0,RULE_SAFE_DEFAULT
max_delta_volume,fraction_or_database_convention,P0,183,fw_frac_Ag,composition_known_framework,pre_dft_composition,L0,RULE_SAFE_DEFAULT
max_delta_volume,fraction_or_database_convention,P0,184,fw_frac_Al,composition_known_framework,pre_dft_composition,L0,RULE_SAFE_DEFAULT
max_delta_volume,fraction_or_database_convention,P0,185,fw_frac_As,composition_known_framework,pre_dft_composition,L0,RULE_SAFE_DEFAULT
max_delta_volume,fraction_or_database_convention,P0,186,fw_frac_B,composition_known_framework,pre_dft_composition,L0,RULE_SAFE_DEFAULT
max_delta_volume,fraction_or_database_convention,P0,187,fw_frac_Br,composition_known_framework,pre_dft_composition,L0,RULE_SAFE_DEFAULT
max_delta_volume,fraction_or_database_convention,P0,188,fw_frac_C,composition_known_framework,pre_dft_composition,L0,RULE_SAFE_DEFAULT
max_delta_volume,fraction_or_database_convention,P0,189,fw_frac_Ca,composition_known_framework,pre_dft_composition,L0,RULE_SAFE_DEFAULT
max_delta_volume,fraction_or_database_convention,P0,190,fw_frac_Cl,composition_known_framework,pre_dft_composition,L0,RULE_SAFE_DEFAULT
max_delta_volume,fraction_or_database_convention,P0,191,fw_frac_Co,composition_known_framework,pre_dft_composition,L0,RULE_SAFE_DEFAULT
max_delta_volume,fraction_or_database_convention,P0,192,fw_frac_Cr,composition_known_framework,pre_dft_composition,L0,RULE_SAFE_DEFAULT
max_delta_volume,fraction_or_database_convention,P0,193,fw_frac_Cu,composition_known_framework,pre_dft_composition,L0,RULE_SAFE_DEFAULT
max_delta_volume,fraction_or_database_convention,P0,194,fw_frac_F,composition_known_framework,pre_dft_composition,L0,RULE_SAFE_DEFAULT
max_delta_volume,fraction_or_database_convention,P0,195,fw_frac_Fe,composition_known_framework,pre_dft_composition,L0,RULE_SAFE_DEFAULT
max_delta_volume,fraction_or_database_convention,P0,196,fw_frac_I,composition_known_framework,pre_dft_composition,L0,RULE_SAFE_DEFAULT
max_delta_volume,fraction_or_database_convention,P0,197,fw_frac_K,composition_known_framework,pre_dft_composition,L0,RULE_SAFE_DEFAULT
max_delta_volume,fraction_or_database_convention,P0,198,fw_frac_Li,composition_known_framework,pre_dft_composition,L0,RULE_SAFE_DEFAULT
max_delta_volume,fraction_or_database_convention,P0,199,fw_frac_Mg,composition_known_framework,pre_dft_composition,L0,RULE_SAFE_DEFAULT
max_delta_volume,fraction_or_database_convention,P0,200,fw_frac_Mn,composition_known_framework,pre_dft_composition,L0,RULE_SAFE_DEFAULT
max_delta_volume,fraction_or_database_convention,P0,201,fw_frac_N,composition_known_framework,pre_dft_composition,L0,RULE_SAFE_DEFAULT
max_delta_volume,fraction_or_database_convention,P0,202,fw_frac_Na,composition_known_framework,pre_dft_composition,L0,RULE_SAFE_DEFAULT
max_delta_volume,fraction_or_database_convention,P0,203,fw_frac_Ni,composition_known_framework,pre_dft_composition,L0,RULE_SAFE_DEFAULT
max_delta_volume,fraction_or_database_convention,P0,204,fw_frac_O,composition_known_framework,pre_dft_composition,L0,RULE_SAFE_DEFAULT
max_delta_volume,fraction_or_database_convention,P0,205,fw_frac_P,composition_known_framework,pre_dft_composition,L0,RULE_SAFE_DEFAULT
max_delta_volume,fraction_or_database_convention,P0,206,fw_frac_S,composition_known_framework,pre_dft_composition,L0,RULE_SAFE_DEFAULT
max_delta_volume,fraction_or_database_convention,P0,207,fw_frac_Si,composition_known_framework,pre_dft_composition,L0,RULE_SAFE_DEFAULT
max_delta_volume,fraction_or_database_convention,P0,208,fw_frac_Ti,composition_known_framework,pre_dft_composition,L0,RULE_SAFE_DEFAULT
max_delta_volume,fraction_or_database_convention,P0,209,fw_frac_V,composition_known_framework,pre_dft_composition,L0,RULE_SAFE_DEFAULT
max_delta_volume,fraction_or_database_convention,P0,210,fw_frac_Zn,composition_known_framework,pre_dft_composition,L0,RULE_SAFE_DEFAULT
max_delta_volume,fraction_or_database_convention,P0,211,fw_frac_transition_metals,composition_known_framework,pre_dft_composition,L0,RULE_SAFE_DEFAULT
max_delta_volume,fraction_or_database_convention,P0,212,fw_group_max,composition_known_framework,pre_dft_composition,L0,RULE_SAFE_DEFAULT
max_delta_volume,fraction_or_database_convention,P0,213,fw_group_mean,composition_known_framework,pre_dft_composition,L0,RULE_SAFE_DEFAULT
max_delta_volume,fraction_or_database_convention,P0,214,fw_group_min,composition_known_framework,pre_dft_composition,L0,RULE_SAFE_DEFAULT
max_delta_volume,fraction_or_database_convention,P0,215,fw_group_range,composition_known_framework,pre_dft_composition,L0,RULE_SAFE_DEFAULT
max_delta_volume,fraction_or_database_convention,P0,216,fw_group_std,composition_known_framework,pre_dft_composition,L0,RULE_SAFE_DEFAULT
max_delta_volume,fraction_or_database_convention,P0,217,fw_has_Br,composition_known_framework,pre_dft_composition,L0,RULE_SAFE_DEFAULT
max_delta_volume,fraction_or_database_convention,P0,218,fw_has_C,composition_known_framework,pre_dft_composition,L0,RULE_SAFE_DEFAULT
max_delta_volume,fraction_or_database_convention,P0,219,fw_has_Cl,composition_known_framework,pre_dft_composition,L0,RULE_SAFE_DEFAULT
max_delta_volume,fraction_or_database_convention,P0,220,fw_has_F,composition_known_framework,pre_dft_composition,L0,RULE_SAFE_DEFAULT
max_delta_volume,fraction_or_database_convention,P0,221,fw_has_I,composition_known_framework,pre_dft_composition,L0,RULE_SAFE_DEFAULT
max_delta_volume,fraction_or_database_convention,P0,222,fw_has_N,composition_known_framework,pre_dft_composition,L0,RULE_SAFE_DEFAULT
max_delta_volume,fraction_or_database_convention,P0,223,fw_has_O,composition_known_framework,pre_dft_composition,L0,RULE_SAFE_DEFAULT
max_delta_volume,fraction_or_database_convention,P0,224,fw_has_P,composition_known_framework,pre_dft_composition,L0,RULE_SAFE_DEFAULT
max_delta_volume,fraction_or_database_convention,P0,225,fw_has_S,composition_known_framework,pre_dft_composition,L0,RULE_SAFE_DEFAULT
max_delta_volume,fraction_or_database_convention,P0,226,fw_has_Si,composition_known_framework,pre_dft_composition,L0,RULE_SAFE_DEFAULT
max_delta_volume,fraction_or_database_convention,P0,227,fw_n_atoms,composition_known_framework,pre_dft_composition,L0,RULE_SAFE_DEFAULT
max_delta_volume,fraction_or_database_convention,P0,228,fw_n_elements,composition_known_framework,pre_dft_composition,L0,RULE_SAFE_DEFAULT
max_delta_volume,fraction_or_database_convention,P0,229,fw_n_transition_metals,composition_known_framework,pre_dft_composition,L0,RULE_SAFE_DEFAULT
max_delta_volume,fraction_or_database_convention,P0,230,fw_parse_ok,composition_known_framework,pre_dft_composition,L0,RULE_SAFE_DEFAULT
max_delta_volume,fraction_or_database_convention,P0,231,fw_row_max,composition_known_framework,pre_dft_composition,L0,RULE_SAFE_DEFAULT
max_delta_volume,fraction_or_database_convention,P0,232,fw_row_mean,composition_known_framework,pre_dft_composition,L0,RULE_SAFE_DEFAULT
max_delta_volume,fraction_or_database_convention,P0,233,fw_row_min,composition_known_framework,pre_dft_composition,L0,RULE_SAFE_DEFAULT
max_delta_volume,fraction_or_database_convention,P0,234,fw_row_range,composition_known_framework,pre_dft_composition,L0,RULE_SAFE_DEFAULT
max_delta_volume,fraction_or_database_convention,P0,235,fw_row_std,composition_known_framework,pre_dft_composition,L0,RULE_SAFE_DEFAULT
max_delta_volume,fraction_or_database_convention,P0,236,max_voltage_step,stored_electrode_process_descriptor,stored_electrode_record,L0,RULE_SAFE_DEFAULT
max_delta_volume,fraction_or_database_convention,P0,237,num_steps,stored_electrode_process_descriptor,stored_electrode_record,L0,RULE_SAFE_DEFAULT
max_delta_volume,fraction_or_database_convention,P0,238,stability_charge,stored_electrode_target,stored_electrode_record,L4,RULE_OTHER_STORED_TARGET
max_delta_volume,fraction_or_database_convention,P0,239,stability_discharge,stored_electrode_target,stored_electrode_record,L4,RULE_OTHER_STORED_TARGET
max_delta_volume,fraction_or_database_convention,P0,240,stability_worst,stored_electrode_target,stored_electrode_record,L4,RULE_OTHER_STORED_TARGET
max_delta_volume,fraction_or_database_convention,P0,241,stoich_abs_wi_amount_delta,stoichiometric_window,electrode_state_stoichiometry,L0,RULE_SAFE_DEFAULT
max_delta_volume,fraction_or_database_convention,P0,242,stoich_wi_amount_charge,stoichiometric_window,electrode_state_stoichiometry,L0,RULE_SAFE_DEFAULT
max_delta_volume,fraction_or_database_convention,P0,243,stoich_wi_amount_delta,stoichiometric_window,electrode_state_stoichiometry,L0,RULE_SAFE_DEFAULT
max_delta_volume,fraction_or_database_convention,P0,244,stoich_wi_amount_discharge,stoichiometric_window,electrode_state_stoichiometry,L0,RULE_SAFE_DEFAULT
max_delta_volume,fraction_or_database_convention,P0,245,stored_abs_fracA_delta,other_numeric,derived_miscellaneous,L0,RULE_SAFE_DEFAULT
max_delta_volume,fraction_or_database_convention,P0,246,stored_fracA_delta,stoichiometric_window,electrode_state_stoichiometry,L0,RULE_SAFE_DEFAULT
max_delta_volume,fraction_or_database_convention,P0,247,summary_abs_delta_band_gap,post_dft_electronic_summary,post_dft_electronic,L4,RULE_POST_DFT_ELECTRONIC
max_delta_volume,fraction_or_database_convention,P0,248,summary_abs_delta_density,relaxed_structure_summary,relaxed_structure,L2,RULE_VOLUME_CHANGE
max_delta_volume,fraction_or_database_convention,P0,249,summary_abs_delta_density_atomic,relaxed_structure_summary,relaxed_structure,L2,RULE_VOLUME_CHANGE
max_delta_volume,fraction_or_database_convention,P0,250,summary_abs_delta_energy_above_hull,post_dft_energy_stability_summary,post_dft_thermodynamics,L4,RULE_HULL_OTHER
max_delta_volume,fraction_or_database_convention,P0,251,summary_abs_delta_formation_energy_per_atom,post_dft_energy_stability_summary,post_dft_thermodynamics,L4,RULE_POST_DFT_ENERGY_DEFAULT
max_delta_volume,fraction_or_database_convention,P0,252,summary_abs_delta_volume_fraction,relaxed_structure_summary,relaxed_structure,L2,RULE_VOLUME_CHANGE
max_delta_volume,fraction_or_database_convention,P0,253,summary_abs_delta_volume_per_site,relaxed_structure_summary,relaxed_structure,L2,RULE_VOLUME_CHANGE
max_delta_volume,fraction_or_database_convention,P0,254,summary_delta_band_gap,post_dft_electronic_summary,post_dft_electronic,L4,RULE_POST_DFT_ELECTRONIC
max_delta_volume,fraction_or_database_convention,P0,255,summary_delta_density,relaxed_structure_summary,relaxed_structure,L2,RULE_VOLUME_CHANGE
max_delta_volume,fraction_or_database_convention,P0,256,summary_delta_density_atomic,relaxed_structure_summary,relaxed_structure,L2,RULE_VOLUME_CHANGE
max_delta_volume,fraction_or_database_convention,P0,257,summary_delta_energy_above_hull,post_dft_energy_stability_summary,post_dft_thermodynamics,L4,RULE_HULL_OTHER
max_delta_volume,fraction_or_database_convention,P0,258,summary_delta_formation_energy_per_atom,post_dft_energy_stability_summary,post_dft_thermodynamics,L4,RULE_POST_DFT_ENERGY_DEFAULT
max_delta_volume,fraction_or_database_convention,P0,259,summary_delta_volume_fraction,relaxed_structure_summary,relaxed_structure,L2,RULE_VOLUME_CHANGE
max_delta_volume,fraction_or_database_convention,P0,260,summary_delta_volume_per_site,relaxed_structure_summary,relaxed_structure,L2,RULE_VOLUME_CHANGE
max_delta_volume,fraction_or_database_convention,P0,261,summary_worst_energy_above_hull,post_dft_energy_stability_summary,post_dft_thermodynamics,L4,RULE_HULL_OTHER
max_delta_volume,fraction_or_database_convention,P0,262,wi_X,composition_known_working_ion,pre_dft_composition,L0,RULE_SAFE_DEFAULT
max_delta_volume,fraction_or_database_convention,P0,263,wi_Z,composition_known_working_ion,pre_dft_composition,L0,RULE_SAFE_DEFAULT
max_delta_volume,fraction_or_database_convention,P0,264,wi_atomic_mass,composition_known_working_ion,pre_dft_composition,L0,RULE_SAFE_DEFAULT
max_delta_volume,fraction_or_database_convention,P0,265,wi_group,composition_known_working_ion,pre_dft_composition,L0,RULE_SAFE_DEFAULT
max_delta_volume,fraction_or_database_convention,P0,266,wi_row,composition_known_working_ion,pre_dft_composition,L0,RULE_SAFE_DEFAULT
max_delta_volume,fraction_or_database_convention,P1,1,fw_X_max,composition_known_framework,pre_dft_composition,L0,RULE_SAFE_DEFAULT
max_delta_volume,fraction_or_database_convention,P1,2,fw_X_mean,composition_known_framework,pre_dft_composition,L0,RULE_SAFE_DEFAULT
max_delta_volume,fraction_or_database_convention,P1,3,fw_X_min,composition_known_framework,pre_dft_composition,L0,RULE_SAFE_DEFAULT
max_delta_volume,fraction_or_database_convention,P1,4,fw_X_range,composition_known_framework,pre_dft_composition,L0,RULE_SAFE_DEFAULT
max_delta_volume,fraction_or_database_convention,P1,5,fw_X_std,composition_known_framework,pre_dft_composition,L0,RULE_SAFE_DEFAULT
max_delta_volume,fraction_or_database_convention,P1,6,fw_Z_max,composition_known_framework,pre_dft_composition,L0,RULE_SAFE_DEFAULT
max_delta_volume,fraction_or_database_convention,P1,7,fw_Z_mean,composition_known_framework,pre_dft_composition,L0,RULE_SAFE_DEFAULT
max_delta_volume,fraction_or_database_convention,P1,8,fw_Z_min,composition_known_framework,pre_dft_composition,L0,RULE_SAFE_DEFAULT
max_delta_volume,fraction_or_database_convention,P1,9,fw_Z_range,composition_known_framework,pre_dft_composition,L0,RULE_SAFE_DEFAULT
max_delta_volume,fraction_or_database_convention,P1,10,fw_Z_std,composition_known_framework,pre_dft_composition,L0,RULE_SAFE_DEFAULT
max_delta_volume,fraction_or_database_convention,P1,11,fw_atomic_mass_max,composition_known_framework,pre_dft_composition,L0,RULE_SAFE_DEFAULT
max_delta_volume,fraction_or_database_convention,P1,12,fw_atomic_mass_mean,composition_known_framework,pre_dft_composition,L0,RULE_SAFE_DEFAULT
max_delta_volume,fraction_or_database_convention,P1,13,fw_atomic_mass_min,composition_known_framework,pre_dft_composition,L0,RULE_SAFE_DEFAULT
max_delta_volume,fraction_or_database_convention,P1,14,fw_atomic_mass_range,composition_known_framework,pre_dft_composition,L0,RULE_SAFE_DEFAULT
max_delta_volume,fraction_or_database_convention,P1,15,fw_atomic_mass_std,composition_known_framework,pre_dft_composition,L0,RULE_SAFE_DEFAULT
max_delta_volume,fraction_or_database_convention,P1,16,fw_frac_Ag,composition_known_framework,pre_dft_composition,L0,RULE_SAFE_DEFAULT
max_delta_volume,fraction_or_database_convention,P1,17,fw_frac_Al,composition_known_framework,pre_dft_composition,L0,RULE_SAFE_DEFAULT
max_delta_volume,fraction_or_database_convention,P1,18,fw_frac_As,composition_known_framework,pre_dft_composition,L0,RULE_SAFE_DEFAULT
max_delta_volume,fraction_or_database_convention,P1,19,fw_frac_B,composition_known_framework,pre_dft_composition,L0,RULE_SAFE_DEFAULT
max_delta_volume,fraction_or_database_convention,P1,20,fw_frac_Br,composition_known_framework,pre_dft_composition,L0,RULE_SAFE_DEFAULT
max_delta_volume,fraction_or_database_convention,P1,21,fw_frac_C,composition_known_framework,pre_dft_composition,L0,RULE_SAFE_DEFAULT
max_delta_volume,fraction_or_database_convention,P1,22,fw_frac_Ca,composition_known_framework,pre_dft_composition,L0,RULE_SAFE_DEFAULT
max_delta_volume,fraction_or_database_convention,P1,23,fw_frac_Cl,composition_known_framework,pre_dft_composition,L0,RULE_SAFE_DEFAULT
max_delta_volume,fraction_or_database_convention,P1,24,fw_frac_Co,composition_known_framework,pre_dft_composition,L0,RULE_SAFE_DEFAULT
max_delta_volume,fraction_or_database_convention,P1,25,fw_frac_Cr,composition_known_framework,pre_dft_composition,L0,RULE_SAFE_DEFAULT
max_delta_volume,fraction_or_database_convention,P1,26,fw_frac_Cu,composition_known_framework,pre_dft_composition,L0,RULE_SAFE_DEFAULT
max_delta_volume,fraction_or_database_convention,P1,27,fw_frac_F,composition_known_framework,pre_dft_composition,L0,RULE_SAFE_DEFAULT
max_delta_volume,fraction_or_database_convention,P1,28,fw_frac_Fe,composition_known_framework,pre_dft_composition,L0,RULE_SAFE_DEFAULT
max_delta_volume,fraction_or_database_convention,P1,29,fw_frac_I,composition_known_framework,pre_dft_composition,L0,RULE_SAFE_DEFAULT
max_delta_volume,fraction_or_database_convention,P1,30,fw_frac_K,composition_known_framework,pre_dft_composition,L0,RULE_SAFE_DEFAULT
max_delta_volume,fraction_or_database_convention,P1,31,fw_frac_Li,composition_known_framework,pre_dft_composition,L0,RULE_SAFE_DEFAULT
max_delta_volume,fraction_or_database_convention,P1,32,fw_frac_Mg,composition_known_framework,pre_dft_composition,L0,RULE_SAFE_DEFAULT
max_delta_volume,fraction_or_database_convention,P1,33,fw_frac_Mn,composition_known_framework,pre_dft_composition,L0,RULE_SAFE_DEFAULT
max_delta_volume,fraction_or_database_convention,P1,34,fw_frac_N,composition_known_framework,pre_dft_composition,L0,RULE_SAFE_DEFAULT
max_delta_volume,fraction_or_database_convention,P1,35,fw_frac_Na,composition_known_framework,pre_dft_composition,L0,RULE_SAFE_DEFAULT
max_delta_volume,fraction_or_database_convention,P1,36,fw_frac_Ni,composition_known_framework,pre_dft_composition,L0,RULE_SAFE_DEFAULT
max_delta_volume,fraction_or_database_convention,P1,37,fw_frac_O,composition_known_framework,pre_dft_composition,L0,RULE_SAFE_DEFAULT
max_delta_volume,fraction_or_database_convention,P1,38,fw_frac_P,composition_known_framework,pre_dft_composition,L0,RULE_SAFE_DEFAULT
max_delta_volume,fraction_or_database_convention,P1,39,fw_frac_S,composition_known_framework,pre_dft_composition,L0,RULE_SAFE_DEFAULT
max_delta_volume,fraction_or_database_convention,P1,40,fw_frac_Si,composition_known_framework,pre_dft_composition,L0,RULE_SAFE_DEFAULT
max_delta_volume,fraction_or_database_convention,P1,41,fw_frac_Ti,composition_known_framework,pre_dft_composition,L0,RULE_SAFE_DEFAULT
max_delta_volume,fraction_or_database_convention,P1,42,fw_frac_V,composition_known_framework,pre_dft_composition,L0,RULE_SAFE_DEFAULT
max_delta_volume,fraction_or_database_convention,P1,43,fw_frac_Zn,composition_known_framework,pre_dft_composition,L0,RULE_SAFE_DEFAULT
max_delta_volume,fraction_or_database_convention,P1,44,fw_frac_transition_metals,composition_known_framework,pre_dft_composition,L0,RULE_SAFE_DEFAULT
max_delta_volume,fraction_or_database_convention,P1,45,fw_group_max,composition_known_framework,pre_dft_composition,L0,RULE_SAFE_DEFAULT
max_delta_volume,fraction_or_database_convention,P1,46,fw_group_mean,composition_known_framework,pre_dft_composition,L0,RULE_SAFE_DEFAULT
max_delta_volume,fraction_or_database_convention,P1,47,fw_group_min,composition_known_framework,pre_dft_composition,L0,RULE_SAFE_DEFAULT
max_delta_volume,fraction_or_database_convention,P1,48,fw_group_range,composition_known_framework,pre_dft_composition,L0,RULE_SAFE_DEFAULT
max_delta_volume,fraction_or_database_convention,P1,49,fw_group_std,composition_known_framework,pre_dft_composition,L0,RULE_SAFE_DEFAULT
max_delta_volume,fraction_or_database_convention,P1,50,fw_has_Br,composition_known_framework,pre_dft_composition,L0,RULE_SAFE_DEFAULT
max_delta_volume,fraction_or_database_convention,P1,51,fw_has_C,composition_known_framework,pre_dft_composition,L0,RULE_SAFE_DEFAULT
max_delta_volume,fraction_or_database_convention,P1,52,fw_has_Cl,composition_known_framework,pre_dft_composition,L0,RULE_SAFE_DEFAULT
max_delta_volume,fraction_or_database_convention,P1,53,fw_has_F,composition_known_framework,pre_dft_composition,L0,RULE_SAFE_DEFAULT
max_delta_volume,fraction_or_database_convention,P1,54,fw_has_I,composition_known_framework,pre_dft_composition,L0,RULE_SAFE_DEFAULT
max_delta_volume,fraction_or_database_convention,P1,55,fw_has_N,composition_known_framework,pre_dft_composition,L0,RULE_SAFE_DEFAULT
max_delta_volume,fraction_or_database_convention,P1,56,fw_has_O,composition_known_framework,pre_dft_composition,L0,RULE_SAFE_DEFAULT
max_delta_volume,fraction_or_database_convention,P1,57,fw_has_P,composition_known_framework,pre_dft_composition,L0,RULE_SAFE_DEFAULT
max_delta_volume,fraction_or_database_convention,P1,58,fw_has_S,composition_known_framework,pre_dft_composition,L0,RULE_SAFE_DEFAULT
max_delta_volume,fraction_or_database_convention,P1,59,fw_has_Si,composition_known_framework,pre_dft_composition,L0,RULE_SAFE_DEFAULT
max_delta_volume,fraction_or_database_convention,P1,60,fw_n_atoms,composition_known_framework,pre_dft_composition,L0,RULE_SAFE_DEFAULT
max_delta_volume,fraction_or_database_convention,P1,61,fw_n_elements,composition_known_framework,pre_dft_composition,L0,RULE_SAFE_DEFAULT
max_delta_volume,fraction_or_database_convention,P1,62,fw_n_transition_metals,composition_known_framework,pre_dft_composition,L0,RULE_SAFE_DEFAULT
max_delta_volume,fraction_or_database_convention,P1,63,fw_parse_ok,composition_known_framework,pre_dft_composition,L0,RULE_SAFE_DEFAULT
max_delta_volume,fraction_or_database_convention,P1,64,fw_row_max,composition_known_framework,pre_dft_composition,L0,RULE_SAFE_DEFAULT
max_delta_volume,fraction_or_database_convention,P1,65,fw_row_mean,composition_known_framework,pre_dft_composition,L0,RULE_SAFE_DEFAULT
max_delta_volume,fraction_or_database_convention,P1,66,fw_row_min,composition_known_framework,pre_dft_composition,L0,RULE_SAFE_DEFAULT
max_delta_volume,fraction_or_database_convention,P1,67,fw_row_range,composition_known_framework,pre_dft_composition,L0,RULE_SAFE_DEFAULT
max_delta_volume,fraction_or_database_convention,P1,68,fw_row_std,composition_known_framework,pre_dft_composition,L0,RULE_SAFE_DEFAULT
max_delta_volume,fraction_or_database_convention,P1,69,wi_X,composition_known_working_ion,pre_dft_composition,L0,RULE_SAFE_DEFAULT
max_delta_volume,fraction_or_database_convention,P1,70,wi_Z,composition_known_working_ion,pre_dft_composition,L0,RULE_SAFE_DEFAULT
max_delta_volume,fraction_or_database_convention,P1,71,wi_atomic_mass,composition_known_working_ion,pre_dft_composition,L0,RULE_SAFE_DEFAULT
max_delta_volume,fraction_or_database_convention,P1,72,wi_group,composition_known_working_ion,pre_dft_composition,L0,RULE_SAFE_DEFAULT
max_delta_volume,fraction_or_database_convention,P1,73,wi_row,composition_known_working_ion,pre_dft_composition,L0,RULE_SAFE_DEFAULT
max_delta_volume,fraction_or_database_convention,P2,1,charge_summary_nsites,relaxed_structure_summary,relaxed_structure,L0,RULE_SAFE_STRUCTURE
max_delta_volume,fraction_or_database_convention,P2,2,charge_summary_symmetry_number,relaxed_structure_summary,relaxed_structure,L0,RULE_SAFE_STRUCTURE
max_delta_volume,fraction_or_database_convention,P2,3,discharge_summary_nsites,relaxed_structure_summary,relaxed_structure,L0,RULE_SAFE_STRUCTURE
max_delta_volume,fraction_or_database_convention,P2,4,discharge_summary_symmetry_number,relaxed_structure_summary,relaxed_structure,L0,RULE_SAFE_STRUCTURE
max_delta_volume,fraction_or_database_convention,P2,5,fw_X_max,composition_known_framework,pre_dft_composition,L0,RULE_SAFE_DEFAULT
max_delta_volume,fraction_or_database_convention,P2,6,fw_X_mean,composition_known_framework,pre_dft_composition,L0,RULE_SAFE_DEFAULT
max_delta_volume,fraction_or_database_convention,P2,7,fw_X_min,composition_known_framework,pre_dft_composition,L0,RULE_SAFE_DEFAULT
max_delta_volume,fraction_or_database_convention,P2,8,fw_X_range,composition_known_framework,pre_dft_composition,L0,RULE_SAFE_DEFAULT
max_delta_volume,fraction_or_database_convention,P2,9,fw_X_std,composition_known_framework,pre_dft_composition,L0,RULE_SAFE_DEFAULT
max_delta_volume,fraction_or_database_convention,P2,10,fw_Z_max,composition_known_framework,pre_dft_composition,L0,RULE_SAFE_DEFAULT
max_delta_volume,fraction_or_database_convention,P2,11,fw_Z_mean,composition_known_framework,pre_dft_composition,L0,RULE_SAFE_DEFAULT
max_delta_volume,fraction_or_database_convention,P2,12,fw_Z_min,composition_known_framework,pre_dft_composition,L0,RULE_SAFE_DEFAULT
max_delta_volume,fraction_or_database_convention,P2,13,fw_Z_range,composition_known_framework,pre_dft_composition,L0,RULE_SAFE_DEFAULT
max_delta_volume,fraction_or_database_convention,P2,14,fw_Z_std,composition_known_framework,pre_dft_composition,L0,RULE_SAFE_DEFAULT
max_delta_volume,fraction_or_database_convention,P2,15,fw_atomic_mass_max,composition_known_framework,pre_dft_composition,L0,RULE_SAFE_DEFAULT
max_delta_volume,fraction_or_database_convention,P2,16,fw_atomic_mass_mean,composition_known_framework,pre_dft_composition,L0,RULE_SAFE_DEFAULT
max_delta_volume,fraction_or_database_convention,P2,17,fw_atomic_mass_min,composition_known_framework,pre_dft_composition,L0,RULE_SAFE_DEFAULT
max_delta_volume,fraction_or_database_convention,P2,18,fw_atomic_mass_range,composition_known_framework,pre_dft_composition,L0,RULE_SAFE_DEFAULT
max_delta_volume,fraction_or_database_convention,P2,19,fw_atomic_mass_std,composition_known_framework,pre_dft_composition,L0,RULE_SAFE_DEFAULT
max_delta_volume,fraction_or_database_convention,P2,20,fw_frac_Ag,composition_known_framework,pre_dft_composition,L0,RULE_SAFE_DEFAULT
max_delta_volume,fraction_or_database_convention,P2,21,fw_frac_Al,composition_known_framework,pre_dft_composition,L0,RULE_SAFE_DEFAULT
max_delta_volume,fraction_or_database_convention,P2,22,fw_frac_As,composition_known_framework,pre_dft_composition,L0,RULE_SAFE_DEFAULT
max_delta_volume,fraction_or_database_convention,P2,23,fw_frac_B,composition_known_framework,pre_dft_composition,L0,RULE_SAFE_DEFAULT
max_delta_volume,fraction_or_database_convention,P2,24,fw_frac_Br,composition_known_framework,pre_dft_composition,L0,RULE_SAFE_DEFAULT
max_delta_volume,fraction_or_database_convention,P2,25,fw_frac_C,composition_known_framework,pre_dft_composition,L0,RULE_SAFE_DEFAULT
max_delta_volume,fraction_or_database_convention,P2,26,fw_frac_Ca,composition_known_framework,pre_dft_composition,L0,RULE_SAFE_DEFAULT
max_delta_volume,fraction_or_database_convention,P2,27,fw_frac_Cl,composition_known_framework,pre_dft_composition,L0,RULE_SAFE_DEFAULT
max_delta_volume,fraction_or_database_convention,P2,28,fw_frac_Co,composition_known_framework,pre_dft_composition,L0,RULE_SAFE_DEFAULT
max_delta_volume,fraction_or_database_convention,P2,29,fw_frac_Cr,composition_known_framework,pre_dft_composition,L0,RULE_SAFE_DEFAULT
max_delta_volume,fraction_or_database_convention,P2,30,fw_frac_Cu,composition_known_framework,pre_dft_composition,L0,RULE_SAFE_DEFAULT
max_delta_volume,fraction_or_database_convention,P2,31,fw_frac_F,composition_known_framework,pre_dft_composition,L0,RULE_SAFE_DEFAULT
max_delta_volume,fraction_or_database_convention,P2,32,fw_frac_Fe,composition_known_framework,pre_dft_composition,L0,RULE_SAFE_DEFAULT
max_delta_volume,fraction_or_database_convention,P2,33,fw_frac_I,composition_known_framework,pre_dft_composition,L0,RULE_SAFE_DEFAULT
max_delta_volume,fraction_or_database_convention,P2,34,fw_frac_K,composition_known_framework,pre_dft_composition,L0,RULE_SAFE_DEFAULT
max_delta_volume,fraction_or_database_convention,P2,35,fw_frac_Li,composition_known_framework,pre_dft_composition,L0,RULE_SAFE_DEFAULT
max_delta_volume,fraction_or_database_convention,P2,36,fw_frac_Mg,composition_known_framework,pre_dft_composition,L0,RULE_SAFE_DEFAULT
max_delta_volume,fraction_or_database_convention,P2,37,fw_frac_Mn,composition_known_framework,pre_dft_composition,L0,RULE_SAFE_DEFAULT
max_delta_volume,fraction_or_database_convention,P2,38,fw_frac_N,composition_known_framework,pre_dft_composition,L0,RULE_SAFE_DEFAULT
max_delta_volume,fraction_or_database_convention,P2,39,fw_frac_Na,composition_known_framework,pre_dft_composition,L0,RULE_SAFE_DEFAULT
max_delta_volume,fraction_or_database_convention,P2,40,fw_frac_Ni,composition_known_framework,pre_dft_composition,L0,RULE_SAFE_DEFAULT
max_delta_volume,fraction_or_database_convention,P2,41,fw_frac_O,composition_known_framework,pre_dft_composition,L0,RULE_SAFE_DEFAULT
max_delta_volume,fraction_or_database_convention,P2,42,fw_frac_P,composition_known_framework,pre_dft_composition,L0,RULE_SAFE_DEFAULT
max_delta_volume,fraction_or_database_convention,P2,43,fw_frac_S,composition_known_framework,pre_dft_composition,L0,RULE_SAFE_DEFAULT
max_delta_volume,fraction_or_database_convention,P2,44,fw_frac_Si,composition_known_framework,pre_dft_composition,L0,RULE_SAFE_DEFAULT
max_delta_volume,fraction_or_database_convention,P2,45,fw_frac_Ti,composition_known_framework,pre_dft_composition,L0,RULE_SAFE_DEFAULT
max_delta_volume,fraction_or_database_convention,P2,46,fw_frac_V,composition_known_framework,pre_dft_composition,L0,RULE_SAFE_DEFAULT
max_delta_volume,fraction_or_database_convention,P2,47,fw_frac_Zn,composition_known_framework,pre_dft_composition,L0,RULE_SAFE_DEFAULT
max_delta_volume,fraction_or_database_convention,P2,48,fw_frac_transition_metals,composition_known_framework,pre_dft_composition,L0,RULE_SAFE_DEFAULT
max_delta_volume,fraction_or_database_convention,P2,49,fw_group_max,composition_known_framework,pre_dft_composition,L0,RULE_SAFE_DEFAULT
max_delta_volume,fraction_or_database_convention,P2,50,fw_group_mean,composition_known_framework,pre_dft_composition,L0,RULE_SAFE_DEFAULT
max_delta_volume,fraction_or_database_convention,P2,51,fw_group_min,composition_known_framework,pre_dft_composition,L0,RULE_SAFE_DEFAULT
max_delta_volume,fraction_or_database_convention,P2,52,fw_group_range,composition_known_framework,pre_dft_composition,L0,RULE_SAFE_DEFAULT
max_delta_volume,fraction_or_database_convention,P2,53,fw_group_std,composition_known_framework,pre_dft_composition,L0,RULE_SAFE_DEFAULT
max_delta_volume,fraction_or_database_convention,P2,54,fw_has_Br,composition_known_framework,pre_dft_composition,L0,RULE_SAFE_DEFAULT
max_delta_volume,fraction_or_database_convention,P2,55,fw_has_C,composition_known_framework,pre_dft_composition,L0,RULE_SAFE_DEFAULT
max_delta_volume,fraction_or_database_convention,P2,56,fw_has_Cl,composition_known_framework,pre_dft_composition,L0,RULE_SAFE_DEFAULT
max_delta_volume,fraction_or_database_convention,P2,57,fw_has_F,composition_known_framework,pre_dft_composition,L0,RULE_SAFE_DEFAULT
max_delta_volume,fraction_or_database_convention,P2,58,fw_has_I,composition_known_framework,pre_dft_composition,L0,RULE_SAFE_DEFAULT
max_delta_volume,fraction_or_database_convention,P2,59,fw_has_N,composition_known_framework,pre_dft_composition,L0,RULE_SAFE_DEFAULT
max_delta_volume,fraction_or_database_convention,P2,60,fw_has_O,composition_known_framework,pre_dft_composition,L0,RULE_SAFE_DEFAULT
max_delta_volume,fraction_or_database_convention,P2,61,fw_has_P,composition_known_framework,pre_dft_composition,L0,RULE_SAFE_DEFAULT
max_delta_volume,fraction_or_database_convention,P2,62,fw_has_S,composition_known_framework,pre_dft_composition,L0,RULE_SAFE_DEFAULT
max_delta_volume,fraction_or_database_convention,P2,63,fw_has_Si,composition_known_framework,pre_dft_composition,L0,RULE_SAFE_DEFAULT
max_delta_volume,fraction_or_database_convention,P2,64,fw_n_atoms,composition_known_framework,pre_dft_composition,L0,RULE_SAFE_DEFAULT
max_delta_volume,fraction_or_database_convention,P2,65,fw_n_elements,composition_known_framework,pre_dft_composition,L0,RULE_SAFE_DEFAULT
max_delta_volume,fraction_or_database_convention,P2,66,fw_n_transition_metals,composition_known_framework,pre_dft_composition,L0,RULE_SAFE_DEFAULT
max_delta_volume,fraction_or_database_convention,P2,67,fw_parse_ok,composition_known_framework,pre_dft_composition,L0,RULE_SAFE_DEFAULT
max_delta_volume,fraction_or_database_convention,P2,68,fw_row_max,composition_known_framework,pre_dft_composition,L0,RULE_SAFE_DEFAULT
max_delta_volume,fraction_or_database_convention,P2,69,fw_row_mean,composition_known_framework,pre_dft_composition,L0,RULE_SAFE_DEFAULT
max_delta_volume,fraction_or_database_convention,P2,70,fw_row_min,composition_known_framework,pre_dft_composition,L0,RULE_SAFE_DEFAULT
max_delta_volume,fraction_or_database_convention,P2,71,fw_row_range,composition_known_framework,pre_dft_composition,L0,RULE_SAFE_DEFAULT
max_delta_volume,fraction_or_database_convention,P2,72,fw_row_std,composition_known_framework,pre_dft_composition,L0,RULE_SAFE_DEFAULT
max_delta_volume,fraction_or_database_convention,P2,73,wi_X,composition_known_working_ion,pre_dft_composition,L0,RULE_SAFE_DEFAULT
max_delta_volume,fraction_or_database_convention,P2,74,wi_Z,composition_known_working_ion,pre_dft_composition,L0,RULE_SAFE_DEFAULT
max_delta_volume,fraction_or_database_convention,P2,75,wi_atomic_mass,composition_known_working_ion,pre_dft_composition,L0,RULE_SAFE_DEFAULT
max_delta_volume,fraction_or_database_convention,P2,76,wi_group,composition_known_working_ion,pre_dft_composition,L0,RULE_SAFE_DEFAULT
max_delta_volume,fraction_or_database_convention,P2,77,wi_row,composition_known_working_ion,pre_dft_composition,L0,RULE_SAFE_DEFAULT
max_delta_volume,fraction_or_database_convention,P3,1,charge_summary_band_gap,post_dft_electronic_summary,post_dft_electronic,L4,RULE_POST_DFT_ELECTRONIC
max_delta_volume,fraction_or_database_convention,P3,2,charge_summary_energy_above_hull,post_dft_energy_stability_summary,post_dft_thermodynamics,L4,RULE_HULL_OTHER
max_delta_volume,fraction_or_database_convention,P3,3,charge_summary_formation_energy_per_atom,post_dft_energy_stability_summary,post_dft_thermodynamics,L4,RULE_POST_DFT_ENERGY_DEFAULT
max_delta_volume,fraction_or_database_convention,P3,4,charge_summary_is_metal,post_dft_electronic_summary,post_dft_electronic,L4,RULE_POST_DFT_ELECTRONIC
max_delta_volume,fraction_or_database_convention,P3,5,charge_summary_is_stable,post_dft_energy_stability_summary,post_dft_thermodynamics,L4,RULE_HULL_OTHER
max_delta_volume,fraction_or_database_convention,P3,6,charge_summary_nsites,relaxed_structure_summary,relaxed_structure,L0,RULE_SAFE_STRUCTURE
max_delta_volume,fraction_or_database_convention,P3,7,charge_summary_symmetry_number,relaxed_structure_summary,relaxed_structure,L0,RULE_SAFE_STRUCTURE
max_delta_volume,fraction_or_database_convention,P3,8,discharge_summary_band_gap,post_dft_electronic_summary,post_dft_electronic,L4,RULE_POST_DFT_ELECTRONIC
max_delta_volume,fraction_or_database_convention,P3,9,discharge_summary_energy_above_hull,post_dft_energy_stability_summary,post_dft_thermodynamics,L4,RULE_HULL_OTHER
max_delta_volume,fraction_or_database_convention,P3,10,discharge_summary_formation_energy_per_atom,post_dft_energy_stability_summary,post_dft_thermodynamics,L4,RULE_POST_DFT_ENERGY_DEFAULT
max_delta_volume,fraction_or_database_convention,P3,11,discharge_summary_is_metal,post_dft_electronic_summary,post_dft_electronic,L4,RULE_POST_DFT_ELECTRONIC
max_delta_volume,fraction_or_database_convention,P3,12,discharge_summary_is_stable,post_dft_energy_stability_summary,post_dft_thermodynamics,L4,RULE_HULL_OTHER
max_delta_volume,fraction_or_database_convention,P3,13,discharge_summary_nsites,relaxed_structure_summary,relaxed_structure,L0,RULE_SAFE_STRUCTURE
max_delta_volume,fraction_or_database_convention,P3,14,discharge_summary_symmetry_number,relaxed_structure_summary,relaxed_structure,L0,RULE_SAFE_STRUCTURE
max_delta_volume,fraction_or_database_convention,P3,15,fw_X_max,composition_known_framework,pre_dft_composition,L0,RULE_SAFE_DEFAULT
max_delta_volume,fraction_or_database_convention,P3,16,fw_X_mean,composition_known_framework,pre_dft_composition,L0,RULE_SAFE_DEFAULT
max_delta_volume,fraction_or_database_convention,P3,17,fw_X_min,composition_known_framework,pre_dft_composition,L0,RULE_SAFE_DEFAULT
max_delta_volume,fraction_or_database_convention,P3,18,fw_X_range,composition_known_framework,pre_dft_composition,L0,RULE_SAFE_DEFAULT
max_delta_volume,fraction_or_database_convention,P3,19,fw_X_std,composition_known_framework,pre_dft_composition,L0,RULE_SAFE_DEFAULT
max_delta_volume,fraction_or_database_convention,P3,20,fw_Z_max,composition_known_framework,pre_dft_composition,L0,RULE_SAFE_DEFAULT
max_delta_volume,fraction_or_database_convention,P3,21,fw_Z_mean,composition_known_framework,pre_dft_composition,L0,RULE_SAFE_DEFAULT
max_delta_volume,fraction_or_database_convention,P3,22,fw_Z_min,composition_known_framework,pre_dft_composition,L0,RULE_SAFE_DEFAULT
max_delta_volume,fraction_or_database_convention,P3,23,fw_Z_range,composition_known_framework,pre_dft_composition,L0,RULE_SAFE_DEFAULT
max_delta_volume,fraction_or_database_convention,P3,24,fw_Z_std,composition_known_framework,pre_dft_composition,L0,RULE_SAFE_DEFAULT
max_delta_volume,fraction_or_database_convention,P3,25,fw_atomic_mass_max,composition_known_framework,pre_dft_composition,L0,RULE_SAFE_DEFAULT
max_delta_volume,fraction_or_database_convention,P3,26,fw_atomic_mass_mean,composition_known_framework,pre_dft_composition,L0,RULE_SAFE_DEFAULT
max_delta_volume,fraction_or_database_convention,P3,27,fw_atomic_mass_min,composition_known_framework,pre_dft_composition,L0,RULE_SAFE_DEFAULT
max_delta_volume,fraction_or_database_convention,P3,28,fw_atomic_mass_range,composition_known_framework,pre_dft_composition,L0,RULE_SAFE_DEFAULT
max_delta_volume,fraction_or_database_convention,P3,29,fw_atomic_mass_std,composition_known_framework,pre_dft_composition,L0,RULE_SAFE_DEFAULT
max_delta_volume,fraction_or_database_convention,P3,30,fw_frac_Ag,composition_known_framework,pre_dft_composition,L0,RULE_SAFE_DEFAULT
max_delta_volume,fraction_or_database_convention,P3,31,fw_frac_Al,composition_known_framework,pre_dft_composition,L0,RULE_SAFE_DEFAULT
max_delta_volume,fraction_or_database_convention,P3,32,fw_frac_As,composition_known_framework,pre_dft_composition,L0,RULE_SAFE_DEFAULT
max_delta_volume,fraction_or_database_convention,P3,33,fw_frac_B,composition_known_framework,pre_dft_composition,L0,RULE_SAFE_DEFAULT
max_delta_volume,fraction_or_database_convention,P3,34,fw_frac_Br,composition_known_framework,pre_dft_composition,L0,RULE_SAFE_DEFAULT
max_delta_volume,fraction_or_database_convention,P3,35,fw_frac_C,composition_known_framework,pre_dft_composition,L0,RULE_SAFE_DEFAULT
max_delta_volume,fraction_or_database_convention,P3,36,fw_frac_Ca,composition_known_framework,pre_dft_composition,L0,RULE_SAFE_DEFAULT
max_delta_volume,fraction_or_database_convention,P3,37,fw_frac_Cl,composition_known_framework,pre_dft_composition,L0,RULE_SAFE_DEFAULT
max_delta_volume,fraction_or_database_convention,P3,38,fw_frac_Co,composition_known_framework,pre_dft_composition,L0,RULE_SAFE_DEFAULT
max_delta_volume,fraction_or_database_convention,P3,39,fw_frac_Cr,composition_known_framework,pre_dft_composition,L0,RULE_SAFE_DEFAULT
max_delta_volume,fraction_or_database_convention,P3,40,fw_frac_Cu,composition_known_framework,pre_dft_composition,L0,RULE_SAFE_DEFAULT
max_delta_volume,fraction_or_database_convention,P3,41,fw_frac_F,composition_known_framework,pre_dft_composition,L0,RULE_SAFE_DEFAULT
max_delta_volume,fraction_or_database_convention,P3,42,fw_frac_Fe,composition_known_framework,pre_dft_composition,L0,RULE_SAFE_DEFAULT
max_delta_volume,fraction_or_database_convention,P3,43,fw_frac_I,composition_known_framework,pre_dft_composition,L0,RULE_SAFE_DEFAULT
max_delta_volume,fraction_or_database_convention,P3,44,fw_frac_K,composition_known_framework,pre_dft_composition,L0,RULE_SAFE_DEFAULT
max_delta_volume,fraction_or_database_convention,P3,45,fw_frac_Li,composition_known_framework,pre_dft_composition,L0,RULE_SAFE_DEFAULT
max_delta_volume,fraction_or_database_convention,P3,46,fw_frac_Mg,composition_known_framework,pre_dft_composition,L0,RULE_SAFE_DEFAULT
max_delta_volume,fraction_or_database_convention,P3,47,fw_frac_Mn,composition_known_framework,pre_dft_composition,L0,RULE_SAFE_DEFAULT
max_delta_volume,fraction_or_database_convention,P3,48,fw_frac_N,composition_known_framework,pre_dft_composition,L0,RULE_SAFE_DEFAULT
max_delta_volume,fraction_or_database_convention,P3,49,fw_frac_Na,composition_known_framework,pre_dft_composition,L0,RULE_SAFE_DEFAULT
max_delta_volume,fraction_or_database_convention,P3,50,fw_frac_Ni,composition_known_framework,pre_dft_composition,L0,RULE_SAFE_DEFAULT
max_delta_volume,fraction_or_database_convention,P3,51,fw_frac_O,composition_known_framework,pre_dft_composition,L0,RULE_SAFE_DEFAULT
max_delta_volume,fraction_or_database_convention,P3,52,fw_frac_P,composition_known_framework,pre_dft_composition,L0,RULE_SAFE_DEFAULT
max_delta_volume,fraction_or_database_convention,P3,53,fw_frac_S,composition_known_framework,pre_dft_composition,L0,RULE_SAFE_DEFAULT
max_delta_volume,fraction_or_database_convention,P3,54,fw_frac_Si,composition_known_framework,pre_dft_composition,L0,RULE_SAFE_DEFAULT
max_delta_volume,fraction_or_database_convention,P3,55,fw_frac_Ti,composition_known_framework,pre_dft_composition,L0,RULE_SAFE_DEFAULT
max_delta_volume,fraction_or_database_convention,P3,56,fw_frac_V,composition_known_framework,pre_dft_composition,L0,RULE_SAFE_DEFAULT
max_delta_volume,fraction_or_database_convention,P3,57,fw_frac_Zn,composition_known_framework,pre_dft_composition,L0,RULE_SAFE_DEFAULT
max_delta_volume,fraction_or_database_convention,P3,58,fw_frac_transition_metals,composition_known_framework,pre_dft_composition,L0,RULE_SAFE_DEFAULT
max_delta_volume,fraction_or_database_convention,P3,59,fw_group_max,composition_known_framework,pre_dft_composition,L0,RULE_SAFE_DEFAULT
max_delta_volume,fraction_or_database_convention,P3,60,fw_group_mean,composition_known_framework,pre_dft_composition,L0,RULE_SAFE_DEFAULT
max_delta_volume,fraction_or_database_convention,P3,61,fw_group_min,composition_known_framework,pre_dft_composition,L0,RULE_SAFE_DEFAULT
max_delta_volume,fraction_or_database_convention,P3,62,fw_group_range,composition_known_framework,pre_dft_composition,L0,RULE_SAFE_DEFAULT
max_delta_volume,fraction_or_database_convention,P3,63,fw_group_std,composition_known_framework,pre_dft_composition,L0,RULE_SAFE_DEFAULT
max_delta_volume,fraction_or_database_convention,P3,64,fw_has_Br,composition_known_framework,pre_dft_composition,L0,RULE_SAFE_DEFAULT
max_delta_volume,fraction_or_database_convention,P3,65,fw_has_C,composition_known_framework,pre_dft_composition,L0,RULE_SAFE_DEFAULT
max_delta_volume,fraction_or_database_convention,P3,66,fw_has_Cl,composition_known_framework,pre_dft_composition,L0,RULE_SAFE_DEFAULT
max_delta_volume,fraction_or_database_convention,P3,67,fw_has_F,composition_known_framework,pre_dft_composition,L0,RULE_SAFE_DEFAULT
max_delta_volume,fraction_or_database_convention,P3,68,fw_has_I,composition_known_framework,pre_dft_composition,L0,RULE_SAFE_DEFAULT
max_delta_volume,fraction_or_database_convention,P3,69,fw_has_N,composition_known_framework,pre_dft_composition,L0,RULE_SAFE_DEFAULT
max_delta_volume,fraction_or_database_convention,P3,70,fw_has_O,composition_known_framework,pre_dft_composition,L0,RULE_SAFE_DEFAULT
max_delta_volume,fraction_or_database_convention,P3,71,fw_has_P,composition_known_framework,pre_dft_composition,L0,RULE_SAFE_DEFAULT
max_delta_volume,fraction_or_database_convention,P3,72,fw_has_S,composition_known_framework,pre_dft_composition,L0,RULE_SAFE_DEFAULT
max_delta_volume,fraction_or_database_convention,P3,73,fw_has_Si,composition_known_framework,pre_dft_composition,L0,RULE_SAFE_DEFAULT
max_delta_volume,fraction_or_database_convention,P3,74,fw_n_atoms,composition_known_framework,pre_dft_composition,L0,RULE_SAFE_DEFAULT
max_delta_volume,fraction_or_database_convention,P3,75,fw_n_elements,composition_known_framework,pre_dft_composition,L0,RULE_SAFE_DEFAULT
max_delta_volume,fraction_or_database_convention,P3,76,fw_n_transition_metals,composition_known_framework,pre_dft_composition,L0,RULE_SAFE_DEFAULT
max_delta_volume,fraction_or_database_convention,P3,77,fw_parse_ok,composition_known_framework,pre_dft_composition,L0,RULE_SAFE_DEFAULT
max_delta_volume,fraction_or_database_convention,P3,78,fw_row_max,composition_known_framework,pre_dft_composition,L0,RULE_SAFE_DEFAULT
max_delta_volume,fraction_or_database_convention,P3,79,fw_row_mean,composition_known_framework,pre_dft_composition,L0,RULE_SAFE_DEFAULT
max_delta_volume,fraction_or_database_convention,P3,80,fw_row_min,composition_known_framework,pre_dft_composition,L0,RULE_SAFE_DEFAULT
max_delta_volume,fraction_or_database_convention,P3,81,fw_row_range,composition_known_framework,pre_dft_composition,L0,RULE_SAFE_DEFAULT
max_delta_volume,fraction_or_database_convention,P3,82,fw_row_std,composition_known_framework,pre_dft_composition,L0,RULE_SAFE_DEFAULT
max_delta_volume,fraction_or_database_convention,P3,83,max_voltage_step,stored_electrode_process_descriptor,stored_electrode_record,L0,RULE_SAFE_DEFAULT
max_delta_volume,fraction_or_database_convention,P3,84,num_steps,stored_electrode_process_descriptor,stored_electrode_record,L0,RULE_SAFE_DEFAULT
max_delta_volume,fraction_or_database_convention,P3,85,summary_abs_delta_band_gap,post_dft_electronic_summary,post_dft_electronic,L4,RULE_POST_DFT_ELECTRONIC
max_delta_volume,fraction_or_database_convention,P3,86,summary_abs_delta_energy_above_hull,post_dft_energy_stability_summary,post_dft_thermodynamics,L4,RULE_HULL_OTHER
max_delta_volume,fraction_or_database_convention,P3,87,summary_abs_delta_formation_energy_per_atom,post_dft_energy_stability_summary,post_dft_thermodynamics,L4,RULE_POST_DFT_ENERGY_DEFAULT
max_delta_volume,fraction_or_database_convention,P3,88,summary_delta_band_gap,post_dft_electronic_summary,post_dft_electronic,L4,RULE_POST_DFT_ELECTRONIC
max_delta_volume,fraction_or_database_convention,P3,89,summary_delta_energy_above_hull,post_dft_energy_stability_summary,post_dft_thermodynamics,L4,RULE_HULL_OTHER
max_delta_volume,fraction_or_database_convention,P3,90,summary_delta_formation_energy_per_atom,post_dft_energy_stability_summary,post_dft_thermodynamics,L4,RULE_POST_DFT_ENERGY_DEFAULT
max_delta_volume,fraction_or_database_convention,P3,91,summary_worst_energy_above_hull,post_dft_energy_stability_summary,post_dft_thermodynamics,L4,RULE_HULL_OTHER
max_delta_volume,fraction_or_database_convention,P3,92,wi_X,composition_known_working_ion,pre_dft_composition,L0,RULE_SAFE_DEFAULT
max_delta_volume,fraction_or_database_convention,P3,93,wi_Z,composition_known_working_ion,pre_dft_composition,L0,RULE_SAFE_DEFAULT
max_delta_volume,fraction_or_database_convention,P3,94,wi_atomic_mass,composition_known_working_ion,pre_dft_composition,L0,RULE_SAFE_DEFAULT
max_delta_volume,fraction_or_database_convention,P3,95,wi_group,composition_known_working_ion,pre_dft_composition,L0,RULE_SAFE_DEFAULT
max_delta_volume,fraction_or_database_convention,P3,96,wi_row,composition_known_working_ion,pre_dft_composition,L0,RULE_SAFE_DEFAULT
max_delta_volume,fraction_or_database_convention,P4,1,average_voltage,stored_electrode_target,stored_electrode_record,L4,RULE_OTHER_STORED_TARGET
max_delta_volume,fraction_or_database_convention,P4,2,capacity_grav,stored_electrode_target,stored_electrode_record,L4,RULE_OTHER_STORED_TARGET
max_delta_volume,fraction_or_database_convention,P4,3,capacity_vol,stored_electrode_target,stored_electrode_record,L4,RULE_OTHER_STORED_TARGET
max_delta_volume,fraction_or_database_convention,P4,4,charge_formula_X_max,stoichiometric_window,electrode_state_stoichiometry,L0,RULE_SAFE_DEFAULT
max_delta_volume,fraction_or_database_convention,P4,5,charge_formula_X_mean,stoichiometric_window,electrode_state_stoichiometry,L0,RULE_SAFE_DEFAULT
max_delta_volume,fraction_or_database_convention,P4,6,charge_formula_X_min,stoichiometric_window,electrode_state_stoichiometry,L0,RULE_SAFE_DEFAULT
max_delta_volume,fraction_or_database_convention,P4,7,charge_formula_X_range,stoichiometric_window,electrode_state_stoichiometry,L0,RULE_SAFE_DEFAULT
max_delta_volume,fraction_or_database_convention,P4,8,charge_formula_X_std,stoichiometric_window,electrode_state_stoichiometry,L0,RULE_SAFE_DEFAULT
max_delta_volume,fraction_or_database_convention,P4,9,charge_formula_Z_max,stoichiometric_window,electrode_state_stoichiometry,L0,RULE_SAFE_DEFAULT
max_delta_volume,fraction_or_database_convention,P4,10,charge_formula_Z_mean,stoichiometric_window,electrode_state_stoichiometry,L0,RULE_SAFE_DEFAULT
max_delta_volume,fraction_or_database_convention,P4,11,charge_formula_Z_min,stoichiometric_window,electrode_state_stoichiometry,L0,RULE_SAFE_DEFAULT
max_delta_volume,fraction_or_database_convention,P4,12,charge_formula_Z_range,stoichiometric_window,electrode_state_stoichiometry,L0,RULE_SAFE_DEFAULT
max_delta_volume,fraction_or_database_convention,P4,13,charge_formula_Z_std,stoichiometric_window,electrode_state_stoichiometry,L0,RULE_SAFE_DEFAULT
max_delta_volume,fraction_or_database_convention,P4,14,charge_formula_atomic_mass_max,stoichiometric_window,electrode_state_stoichiometry,L0,RULE_SAFE_DEFAULT
max_delta_volume,fraction_or_database_convention,P4,15,charge_formula_atomic_mass_mean,stoichiometric_window,electrode_state_stoichiometry,L0,RULE_SAFE_DEFAULT
max_delta_volume,fraction_or_database_convention,P4,16,charge_formula_atomic_mass_min,stoichiometric_window,electrode_state_stoichiometry,L0,RULE_SAFE_DEFAULT
max_delta_volume,fraction_or_database_convention,P4,17,charge_formula_atomic_mass_range,stoichiometric_window,electrode_state_stoichiometry,L0,RULE_SAFE_DEFAULT
max_delta_volume,fraction_or_database_convention,P4,18,charge_formula_atomic_mass_std,stoichiometric_window,electrode_state_stoichiometry,L0,RULE_SAFE_DEFAULT
max_delta_volume,fraction_or_database_convention,P4,19,charge_formula_frac_Ag,stoichiometric_window,electrode_state_stoichiometry,L0,RULE_SAFE_DEFAULT
max_delta_volume,fraction_or_database_convention,P4,20,charge_formula_frac_Al,stoichiometric_window,electrode_state_stoichiometry,L0,RULE_SAFE_DEFAULT
max_delta_volume,fraction_or_database_convention,P4,21,charge_formula_frac_As,stoichiometric_window,electrode_state_stoichiometry,L0,RULE_SAFE_DEFAULT
max_delta_volume,fraction_or_database_convention,P4,22,charge_formula_frac_B,stoichiometric_window,electrode_state_stoichiometry,L0,RULE_SAFE_DEFAULT
max_delta_volume,fraction_or_database_convention,P4,23,charge_formula_frac_Br,stoichiometric_window,electrode_state_stoichiometry,L0,RULE_SAFE_DEFAULT
max_delta_volume,fraction_or_database_convention,P4,24,charge_formula_frac_C,stoichiometric_window,electrode_state_stoichiometry,L0,RULE_SAFE_DEFAULT
max_delta_volume,fraction_or_database_convention,P4,25,charge_formula_frac_Ca,stoichiometric_window,electrode_state_stoichiometry,L0,RULE_SAFE_DEFAULT
max_delta_volume,fraction_or_database_convention,P4,26,charge_formula_frac_Cl,stoichiometric_window,electrode_state_stoichiometry,L0,RULE_SAFE_DEFAULT
max_delta_volume,fraction_or_database_convention,P4,27,charge_formula_frac_Co,stoichiometric_window,electrode_state_stoichiometry,L0,RULE_SAFE_DEFAULT
max_delta_volume,fraction_or_database_convention,P4,28,charge_formula_frac_Cr,stoichiometric_window,electrode_state_stoichiometry,L0,RULE_SAFE_DEFAULT
max_delta_volume,fraction_or_database_convention,P4,29,charge_formula_frac_Cu,stoichiometric_window,electrode_state_stoichiometry,L0,RULE_SAFE_DEFAULT
max_delta_volume,fraction_or_database_convention,P4,30,charge_formula_frac_F,stoichiometric_window,electrode_state_stoichiometry,L0,RULE_SAFE_DEFAULT
max_delta_volume,fraction_or_database_convention,P4,31,charge_formula_frac_Fe,stoichiometric_window,electrode_state_stoichiometry,L0,RULE_SAFE_DEFAULT
max_delta_volume,fraction_or_database_convention,P4,32,charge_formula_frac_I,stoichiometric_window,electrode_state_stoichiometry,L0,RULE_SAFE_DEFAULT
max_delta_volume,fraction_or_database_convention,P4,33,charge_formula_frac_K,stoichiometric_window,electrode_state_stoichiometry,L0,RULE_SAFE_DEFAULT
max_delta_volume,fraction_or_database_convention,P4,34,charge_formula_frac_Li,stoichiometric_window,electrode_state_stoichiometry,L0,RULE_SAFE_DEFAULT
max_delta_volume,fraction_or_database_convention,P4,35,charge_formula_frac_Mg,stoichiometric_window,electrode_state_stoichiometry,L0,RULE_SAFE_DEFAULT
max_delta_volume,fraction_or_database_convention,P4,36,charge_formula_frac_Mn,stoichiometric_window,electrode_state_stoichiometry,L0,RULE_SAFE_DEFAULT
max_delta_volume,fraction_or_database_convention,P4,37,charge_formula_frac_N,stoichiometric_window,electrode_state_stoichiometry,L0,RULE_SAFE_DEFAULT
max_delta_volume,fraction_or_database_convention,P4,38,charge_formula_frac_Na,stoichiometric_window,electrode_state_stoichiometry,L0,RULE_SAFE_DEFAULT
max_delta_volume,fraction_or_database_convention,P4,39,charge_formula_frac_Ni,stoichiometric_window,electrode_state_stoichiometry,L0,RULE_SAFE_DEFAULT
max_delta_volume,fraction_or_database_convention,P4,40,charge_formula_frac_O,stoichiometric_window,electrode_state_stoichiometry,L0,RULE_SAFE_DEFAULT
max_delta_volume,fraction_or_database_convention,P4,41,charge_formula_frac_P,stoichiometric_window,electrode_state_stoichiometry,L0,RULE_SAFE_DEFAULT
max_delta_volume,fraction_or_database_convention,P4,42,charge_formula_frac_S,stoichiometric_window,electrode_state_stoichiometry,L0,RULE_SAFE_DEFAULT
max_delta_volume,fraction_or_database_convention,P4,43,charge_formula_frac_Si,stoichiometric_window,electrode_state_stoichiometry,L0,RULE_SAFE_DEFAULT
max_delta_volume,fraction_or_database_convention,P4,44,charge_formula_frac_Ti,stoichiometric_window,electrode_state_stoichiometry,L0,RULE_SAFE_DEFAULT
max_delta_volume,fraction_or_database_convention,P4,45,charge_formula_frac_V,stoichiometric_window,electrode_state_stoichiometry,L0,RULE_SAFE_DEFAULT
max_delta_volume,fraction_or_database_convention,P4,46,charge_formula_frac_Zn,stoichiometric_window,electrode_state_stoichiometry,L0,RULE_SAFE_DEFAULT
max_delta_volume,fraction_or_database_convention,P4,47,charge_formula_frac_transition_metals,stoichiometric_window,electrode_state_stoichiometry,L0,RULE_SAFE_DEFAULT
max_delta_volume,fraction_or_database_convention,P4,48,charge_formula_group_max,stoichiometric_window,electrode_state_stoichiometry,L0,RULE_SAFE_DEFAULT
max_delta_volume,fraction_or_database_convention,P4,49,charge_formula_group_mean,stoichiometric_window,electrode_state_stoichiometry,L0,RULE_SAFE_DEFAULT
max_delta_volume,fraction_or_database_convention,P4,50,charge_formula_group_min,stoichiometric_window,electrode_state_stoichiometry,L0,RULE_SAFE_DEFAULT
max_delta_volume,fraction_or_database_convention,P4,51,charge_formula_group_range,stoichiometric_window,electrode_state_stoichiometry,L0,RULE_SAFE_DEFAULT
max_delta_volume,fraction_or_database_convention,P4,52,charge_formula_group_std,stoichiometric_window,electrode_state_stoichiometry,L0,RULE_SAFE_DEFAULT
max_delta_volume,fraction_or_database_convention,P4,53,charge_formula_has_Br,stoichiometric_window,electrode_state_stoichiometry,L0,RULE_SAFE_DEFAULT
max_delta_volume,fraction_or_database_convention,P4,54,charge_formula_has_C,stoichiometric_window,electrode_state_stoichiometry,L0,RULE_SAFE_DEFAULT
max_delta_volume,fraction_or_database_convention,P4,55,charge_formula_has_Cl,stoichiometric_window,electrode_state_stoichiometry,L0,RULE_SAFE_DEFAULT
max_delta_volume,fraction_or_database_convention,P4,56,charge_formula_has_F,stoichiometric_window,electrode_state_stoichiometry,L0,RULE_SAFE_DEFAULT
max_delta_volume,fraction_or_database_convention,P4,57,charge_formula_has_I,stoichiometric_window,electrode_state_stoichiometry,L0,RULE_SAFE_DEFAULT
max_delta_volume,fraction_or_database_convention,P4,58,charge_formula_has_N,stoichiometric_window,electrode_state_stoichiometry,L0,RULE_SAFE_DEFAULT
max_delta_volume,fraction_or_database_convention,P4,59,charge_formula_has_O,stoichiometric_window,electrode_state_stoichiometry,L0,RULE_SAFE_DEFAULT
max_delta_volume,fraction_or_database_convention,P4,60,charge_formula_has_P,stoichiometric_window,electrode_state_stoichiometry,L0,RULE_SAFE_DEFAULT
max_delta_volume,fraction_or_database_convention,P4,61,charge_formula_has_S,stoichiometric_window,electrode_state_stoichiometry,L0,RULE_SAFE_DEFAULT
max_delta_volume,fraction_or_database_convention,P4,62,charge_formula_has_Si,stoichiometric_window,electrode_state_stoichiometry,L0,RULE_SAFE_DEFAULT
max_delta_volume,fraction_or_database_convention,P4,63,charge_formula_n_atoms,stoichiometric_window,electrode_state_stoichiometry,L0,RULE_SAFE_DEFAULT
max_delta_volume,fraction_or_database_convention,P4,64,charge_formula_n_elements,stoichiometric_window,electrode_state_stoichiometry,L0,RULE_SAFE_DEFAULT
max_delta_volume,fraction_or_database_convention,P4,65,charge_formula_n_transition_metals,stoichiometric_window,electrode_state_stoichiometry,L0,RULE_SAFE_DEFAULT
max_delta_volume,fraction_or_database_convention,P4,66,charge_formula_parse_ok,stoichiometric_window,electrode_state_stoichiometry,L0,RULE_SAFE_DEFAULT
max_delta_volume,fraction_or_database_convention,P4,67,charge_formula_row_max,stoichiometric_window,electrode_state_stoichiometry,L0,RULE_SAFE_DEFAULT
max_delta_volume,fraction_or_database_convention,P4,68,charge_formula_row_mean,stoichiometric_window,electrode_state_stoichiometry,L0,RULE_SAFE_DEFAULT
max_delta_volume,fraction_or_database_convention,P4,69,charge_formula_row_min,stoichiometric_window,electrode_state_stoichiometry,L0,RULE_SAFE_DEFAULT
max_delta_volume,fraction_or_database_convention,P4,70,charge_formula_row_range,stoichiometric_window,electrode_state_stoichiometry,L0,RULE_SAFE_DEFAULT
max_delta_volume,fraction_or_database_convention,P4,71,charge_formula_row_std,stoichiometric_window,electrode_state_stoichiometry,L0,RULE_SAFE_DEFAULT
max_delta_volume,fraction_or_database_convention,P4,72,charge_summary_band_gap,post_dft_electronic_summary,post_dft_electronic,L4,RULE_POST_DFT_ELECTRONIC
max_delta_volume,fraction_or_database_convention,P4,73,charge_summary_density,relaxed_structure_summary,relaxed_structure,L2,RULE_VOLUME_CHANGE
max_delta_volume,fraction_or_database_convention,P4,74,charge_summary_density_atomic,relaxed_structure_summary,relaxed_structure,L2,RULE_VOLUME_CHANGE
max_delta_volume,fraction_or_database_convention,P4,75,charge_summary_energy_above_hull,post_dft_energy_stability_summary,post_dft_thermodynamics,L4,RULE_HULL_OTHER
max_delta_volume,fraction_or_database_convention,P4,76,charge_summary_formation_energy_per_atom,post_dft_energy_stability_summary,post_dft_thermodynamics,L4,RULE_POST_DFT_ENERGY_DEFAULT
max_delta_volume,fraction_or_database_convention,P4,77,charge_summary_is_metal,post_dft_electronic_summary,post_dft_electronic,L4,RULE_POST_DFT_ELECTRONIC
max_delta_volume,fraction_or_database_convention,P4,78,charge_summary_is_stable,post_dft_energy_stability_summary,post_dft_thermodynamics,L4,RULE_HULL_OTHER
max_delta_volume,fraction_or_database_convention,P4,79,charge_summary_nsites,relaxed_structure_summary,relaxed_structure,L0,RULE_SAFE_STRUCTURE
max_delta_volume,fraction_or_database_convention,P4,80,charge_summary_symmetry_number,relaxed_structure_summary,relaxed_structure,L0,RULE_SAFE_STRUCTURE
max_delta_volume,fraction_or_database_convention,P4,81,charge_summary_theoretical,post_dft_provenance_flag,post_dft_provenance,L4,RULE_POST_DFT_PROVENANCE
max_delta_volume,fraction_or_database_convention,P4,82,charge_summary_volume,relaxed_structure_summary,relaxed_structure,L2,RULE_VOLUME_CHANGE
max_delta_volume,fraction_or_database_convention,P4,83,charge_summary_volume_per_site,relaxed_structure_summary,relaxed_structure,L2,RULE_VOLUME_CHANGE
max_delta_volume,fraction_or_database_convention,P4,84,discharge_formula_X_max,stoichiometric_window,electrode_state_stoichiometry,L0,RULE_SAFE_DEFAULT
max_delta_volume,fraction_or_database_convention,P4,85,discharge_formula_X_mean,stoichiometric_window,electrode_state_stoichiometry,L0,RULE_SAFE_DEFAULT
max_delta_volume,fraction_or_database_convention,P4,86,discharge_formula_X_min,stoichiometric_window,electrode_state_stoichiometry,L0,RULE_SAFE_DEFAULT
max_delta_volume,fraction_or_database_convention,P4,87,discharge_formula_X_range,stoichiometric_window,electrode_state_stoichiometry,L0,RULE_SAFE_DEFAULT
max_delta_volume,fraction_or_database_convention,P4,88,discharge_formula_X_std,stoichiometric_window,electrode_state_stoichiometry,L0,RULE_SAFE_DEFAULT
max_delta_volume,fraction_or_database_convention,P4,89,discharge_formula_Z_max,stoichiometric_window,electrode_state_stoichiometry,L0,RULE_SAFE_DEFAULT
max_delta_volume,fraction_or_database_convention,P4,90,discharge_formula_Z_mean,stoichiometric_window,electrode_state_stoichiometry,L0,RULE_SAFE_DEFAULT
max_delta_volume,fraction_or_database_convention,P4,91,discharge_formula_Z_min,stoichiometric_window,electrode_state_stoichiometry,L0,RULE_SAFE_DEFAULT
max_delta_volume,fraction_or_database_convention,P4,92,discharge_formula_Z_range,stoichiometric_window,electrode_state_stoichiometry,L0,RULE_SAFE_DEFAULT
max_delta_volume,fraction_or_database_convention,P4,93,discharge_formula_Z_std,stoichiometric_window,electrode_state_stoichiometry,L0,RULE_SAFE_DEFAULT
max_delta_volume,fraction_or_database_convention,P4,94,discharge_formula_atomic_mass_max,stoichiometric_window,electrode_state_stoichiometry,L0,RULE_SAFE_DEFAULT
max_delta_volume,fraction_or_database_convention,P4,95,discharge_formula_atomic_mass_mean,stoichiometric_window,electrode_state_stoichiometry,L0,RULE_SAFE_DEFAULT
max_delta_volume,fraction_or_database_convention,P4,96,discharge_formula_atomic_mass_min,stoichiometric_window,electrode_state_stoichiometry,L0,RULE_SAFE_DEFAULT
max_delta_volume,fraction_or_database_convention,P4,97,discharge_formula_atomic_mass_range,stoichiometric_window,electrode_state_stoichiometry,L0,RULE_SAFE_DEFAULT
max_delta_volume,fraction_or_database_convention,P4,98,discharge_formula_atomic_mass_std,stoichiometric_window,electrode_state_stoichiometry,L0,RULE_SAFE_DEFAULT
max_delta_volume,fraction_or_database_convention,P4,99,discharge_formula_frac_Ag,stoichiometric_window,electrode_state_stoichiometry,L0,RULE_SAFE_DEFAULT
max_delta_volume,fraction_or_database_convention,P4,100,discharge_formula_frac_Al,stoichiometric_window,electrode_state_stoichiometry,L0,RULE_SAFE_DEFAULT
max_delta_volume,fraction_or_database_convention,P4,101,discharge_formula_frac_As,stoichiometric_window,electrode_state_stoichiometry,L0,RULE_SAFE_DEFAULT
max_delta_volume,fraction_or_database_convention,P4,102,discharge_formula_frac_B,stoichiometric_window,electrode_state_stoichiometry,L0,RULE_SAFE_DEFAULT
max_delta_volume,fraction_or_database_convention,P4,103,discharge_formula_frac_Br,stoichiometric_window,electrode_state_stoichiometry,L0,RULE_SAFE_DEFAULT
max_delta_volume,fraction_or_database_convention,P4,104,discharge_formula_frac_C,stoichiometric_window,electrode_state_stoichiometry,L0,RULE_SAFE_DEFAULT
max_delta_volume,fraction_or_database_convention,P4,105,discharge_formula_frac_Ca,stoichiometric_window,electrode_state_stoichiometry,L0,RULE_SAFE_DEFAULT
max_delta_volume,fraction_or_database_convention,P4,106,discharge_formula_frac_Cl,stoichiometric_window,electrode_state_stoichiometry,L0,RULE_SAFE_DEFAULT
max_delta_volume,fraction_or_database_convention,P4,107,discharge_formula_frac_Co,stoichiometric_window,electrode_state_stoichiometry,L0,RULE_SAFE_DEFAULT
max_delta_volume,fraction_or_database_convention,P4,108,discharge_formula_frac_Cr,stoichiometric_window,electrode_state_stoichiometry,L0,RULE_SAFE_DEFAULT
max_delta_volume,fraction_or_database_convention,P4,109,discharge_formula_frac_Cu,stoichiometric_window,electrode_state_stoichiometry,L0,RULE_SAFE_DEFAULT
max_delta_volume,fraction_or_database_convention,P4,110,discharge_formula_frac_F,stoichiometric_window,electrode_state_stoichiometry,L0,RULE_SAFE_DEFAULT
max_delta_volume,fraction_or_database_convention,P4,111,discharge_formula_frac_Fe,stoichiometric_window,electrode_state_stoichiometry,L0,RULE_SAFE_DEFAULT
max_delta_volume,fraction_or_database_convention,P4,112,discharge_formula_frac_I,stoichiometric_window,electrode_state_stoichiometry,L0,RULE_SAFE_DEFAULT
max_delta_volume,fraction_or_database_convention,P4,113,discharge_formula_frac_K,stoichiometric_window,electrode_state_stoichiometry,L0,RULE_SAFE_DEFAULT
max_delta_volume,fraction_or_database_convention,P4,114,discharge_formula_frac_Li,stoichiometric_window,electrode_state_stoichiometry,L0,RULE_SAFE_DEFAULT
max_delta_volume,fraction_or_database_convention,P4,115,discharge_formula_frac_Mg,stoichiometric_window,electrode_state_stoichiometry,L0,RULE_SAFE_DEFAULT
max_delta_volume,fraction_or_database_convention,P4,116,discharge_formula_frac_Mn,stoichiometric_window,electrode_state_stoichiometry,L0,RULE_SAFE_DEFAULT
max_delta_volume,fraction_or_database_convention,P4,117,discharge_formula_frac_N,stoichiometric_window,electrode_state_stoichiometry,L0,RULE_SAFE_DEFAULT
max_delta_volume,fraction_or_database_convention,P4,118,discharge_formula_frac_Na,stoichiometric_window,electrode_state_stoichiometry,L0,RULE_SAFE_DEFAULT
max_delta_volume,fraction_or_database_convention,P4,119,discharge_formula_frac_Ni,stoichiometric_window,electrode_state_stoichiometry,L0,RULE_SAFE_DEFAULT
max_delta_volume,fraction_or_database_convention,P4,120,discharge_formula_frac_O,stoichiometric_window,electrode_state_stoichiometry,L0,RULE_SAFE_DEFAULT
max_delta_volume,fraction_or_database_convention,P4,121,discharge_formula_frac_P,stoichiometric_window,electrode_state_stoichiometry,L0,RULE_SAFE_DEFAULT
max_delta_volume,fraction_or_database_convention,P4,122,discharge_formula_frac_S,stoichiometric_window,electrode_state_stoichiometry,L0,RULE_SAFE_DEFAULT
max_delta_volume,fraction_or_database_convention,P4,123,discharge_formula_frac_Si,stoichiometric_window,electrode_state_stoichiometry,L0,RULE_SAFE_DEFAULT
max_delta_volume,fraction_or_database_convention,P4,124,discharge_formula_frac_Ti,stoichiometric_window,electrode_state_stoichiometry,L0,RULE_SAFE_DEFAULT
max_delta_volume,fraction_or_database_convention,P4,125,discharge_formula_frac_V,stoichiometric_window,electrode_state_stoichiometry,L0,RULE_SAFE_DEFAULT
max_delta_volume,fraction_or_database_convention,P4,126,discharge_formula_frac_Zn,stoichiometric_window,electrode_state_stoichiometry,L0,RULE_SAFE_DEFAULT
max_delta_volume,fraction_or_database_convention,P4,127,discharge_formula_frac_transition_metals,stoichiometric_window,electrode_state_stoichiometry,L0,RULE_SAFE_DEFAULT
max_delta_volume,fraction_or_database_convention,P4,128,discharge_formula_group_max,stoichiometric_window,electrode_state_stoichiometry,L0,RULE_SAFE_DEFAULT
max_delta_volume,fraction_or_database_convention,P4,129,discharge_formula_group_mean,stoichiometric_window,electrode_state_stoichiometry,L0,RULE_SAFE_DEFAULT
max_delta_volume,fraction_or_database_convention,P4,130,discharge_formula_group_min,stoichiometric_window,electrode_state_stoichiometry,L0,RULE_SAFE_DEFAULT
max_delta_volume,fraction_or_database_convention,P4,131,discharge_formula_group_range,stoichiometric_window,electrode_state_stoichiometry,L0,RULE_SAFE_DEFAULT
max_delta_volume,fraction_or_database_convention,P4,132,discharge_formula_group_std,stoichiometric_window,electrode_state_stoichiometry,L0,RULE_SAFE_DEFAULT
max_delta_volume,fraction_or_database_convention,P4,133,discharge_formula_has_Br,stoichiometric_window,electrode_state_stoichiometry,L0,RULE_SAFE_DEFAULT
max_delta_volume,fraction_or_database_convention,P4,134,discharge_formula_has_C,stoichiometric_window,electrode_state_stoichiometry,L0,RULE_SAFE_DEFAULT
max_delta_volume,fraction_or_database_convention,P4,135,discharge_formula_has_Cl,stoichiometric_window,electrode_state_stoichiometry,L0,RULE_SAFE_DEFAULT
max_delta_volume,fraction_or_database_convention,P4,136,discharge_formula_has_F,stoichiometric_window,electrode_state_stoichiometry,L0,RULE_SAFE_DEFAULT
max_delta_volume,fraction_or_database_convention,P4,137,discharge_formula_has_I,stoichiometric_window,electrode_state_stoichiometry,L0,RULE_SAFE_DEFAULT
max_delta_volume,fraction_or_database_convention,P4,138,discharge_formula_has_N,stoichiometric_window,electrode_state_stoichiometry,L0,RULE_SAFE_DEFAULT
max_delta_volume,fraction_or_database_convention,P4,139,discharge_formula_has_O,stoichiometric_window,electrode_state_stoichiometry,L0,RULE_SAFE_DEFAULT
max_delta_volume,fraction_or_database_convention,P4,140,discharge_formula_has_P,stoichiometric_window,electrode_state_stoichiometry,L0,RULE_SAFE_DEFAULT
max_delta_volume,fraction_or_database_convention,P4,141,discharge_formula_has_S,stoichiometric_window,electrode_state_stoichiometry,L0,RULE_SAFE_DEFAULT
max_delta_volume,fraction_or_database_convention,P4,142,discharge_formula_has_Si,stoichiometric_window,electrode_state_stoichiometry,L0,RULE_SAFE_DEFAULT
max_delta_volume,fraction_or_database_convention,P4,143,discharge_formula_n_atoms,stoichiometric_window,electrode_state_stoichiometry,L0,RULE_SAFE_DEFAULT
max_delta_volume,fraction_or_database_convention,P4,144,discharge_formula_n_elements,stoichiometric_window,electrode_state_stoichiometry,L0,RULE_SAFE_DEFAULT
max_delta_volume,fraction_or_database_convention,P4,145,discharge_formula_n_transition_metals,stoichiometric_window,electrode_state_stoichiometry,L0,RULE_SAFE_DEFAULT
max_delta_volume,fraction_or_database_convention,P4,146,discharge_formula_parse_ok,stoichiometric_window,electrode_state_stoichiometry,L0,RULE_SAFE_DEFAULT
max_delta_volume,fraction_or_database_convention,P4,147,discharge_formula_row_max,stoichiometric_window,electrode_state_stoichiometry,L0,RULE_SAFE_DEFAULT
max_delta_volume,fraction_or_database_convention,P4,148,discharge_formula_row_mean,stoichiometric_window,electrode_state_stoichiometry,L0,RULE_SAFE_DEFAULT
max_delta_volume,fraction_or_database_convention,P4,149,discharge_formula_row_min,stoichiometric_window,electrode_state_stoichiometry,L0,RULE_SAFE_DEFAULT
max_delta_volume,fraction_or_database_convention,P4,150,discharge_formula_row_range,stoichiometric_window,electrode_state_stoichiometry,L0,RULE_SAFE_DEFAULT
max_delta_volume,fraction_or_database_convention,P4,151,discharge_formula_row_std,stoichiometric_window,electrode_state_stoichiometry,L0,RULE_SAFE_DEFAULT
max_delta_volume,fraction_or_database_convention,P4,152,discharge_summary_band_gap,post_dft_electronic_summary,post_dft_electronic,L4,RULE_POST_DFT_ELECTRONIC
max_delta_volume,fraction_or_database_convention,P4,153,discharge_summary_density,relaxed_structure_summary,relaxed_structure,L2,RULE_VOLUME_CHANGE
max_delta_volume,fraction_or_database_convention,P4,154,discharge_summary_density_atomic,relaxed_structure_summary,relaxed_structure,L2,RULE_VOLUME_CHANGE
max_delta_volume,fraction_or_database_convention,P4,155,discharge_summary_energy_above_hull,post_dft_energy_stability_summary,post_dft_thermodynamics,L4,RULE_HULL_OTHER
max_delta_volume,fraction_or_database_convention,P4,156,discharge_summary_formation_energy_per_atom,post_dft_energy_stability_summary,post_dft_thermodynamics,L4,RULE_POST_DFT_ENERGY_DEFAULT
max_delta_volume,fraction_or_database_convention,P4,157,discharge_summary_is_metal,post_dft_electronic_summary,post_dft_electronic,L4,RULE_POST_DFT_ELECTRONIC
max_delta_volume,fraction_or_database_convention,P4,158,discharge_summary_is_stable,post_dft_energy_stability_summary,post_dft_thermodynamics,L4,RULE_HULL_OTHER
max_delta_volume,fraction_or_database_convention,P4,159,discharge_summary_nsites,relaxed_structure_summary,relaxed_structure,L0,RULE_SAFE_STRUCTURE
max_delta_volume,fraction_or_database_convention,P4,160,discharge_summary_symmetry_number,relaxed_structure_summary,relaxed_structure,L0,RULE_SAFE_STRUCTURE
max_delta_volume,fraction_or_database_convention,P4,161,discharge_summary_theoretical,post_dft_provenance_flag,post_dft_provenance,L4,RULE_POST_DFT_PROVENANCE
max_delta_volume,fraction_or_database_convention,P4,162,discharge_summary_volume,relaxed_structure_summary,relaxed_structure,L2,RULE_VOLUME_CHANGE
max_delta_volume,fraction_or_database_convention,P4,163,discharge_summary_volume_per_site,relaxed_structure_summary,relaxed_structure,L2,RULE_VOLUME_CHANGE
max_delta_volume,fraction_or_database_convention,P4,164,energy_grav,stored_electrode_target,stored_electrode_record,L4,RULE_OTHER_STORED_TARGET
max_delta_volume,fraction_or_database_convention,P4,165,energy_vol,stored_electrode_target,stored_electrode_record,L4,RULE_OTHER_STORED_TARGET
max_delta_volume,fraction_or_database_convention,P4,166,fracA_charge,stoichiometric_window,electrode_state_stoichiometry,L0,RULE_SAFE_DEFAULT
max_delta_volume,fraction_or_database_convention,P4,167,fracA_discharge,stoichiometric_window,electrode_state_stoichiometry,L0,RULE_SAFE_DEFAULT
max_delta_volume,fraction_or_database_convention,P4,168,fw_X_max,composition_known_framework,pre_dft_composition,L0,RULE_SAFE_DEFAULT
max_delta_volume,fraction_or_database_convention,P4,169,fw_X_mean,composition_known_framework,pre_dft_composition,L0,RULE_SAFE_DEFAULT
max_delta_volume,fraction_or_database_convention,P4,170,fw_X_min,composition_known_framework,pre_dft_composition,L0,RULE_SAFE_DEFAULT
max_delta_volume,fraction_or_database_convention,P4,171,fw_X_range,composition_known_framework,pre_dft_composition,L0,RULE_SAFE_DEFAULT
max_delta_volume,fraction_or_database_convention,P4,172,fw_X_std,composition_known_framework,pre_dft_composition,L0,RULE_SAFE_DEFAULT
max_delta_volume,fraction_or_database_convention,P4,173,fw_Z_max,composition_known_framework,pre_dft_composition,L0,RULE_SAFE_DEFAULT
max_delta_volume,fraction_or_database_convention,P4,174,fw_Z_mean,composition_known_framework,pre_dft_composition,L0,RULE_SAFE_DEFAULT
max_delta_volume,fraction_or_database_convention,P4,175,fw_Z_min,composition_known_framework,pre_dft_composition,L0,RULE_SAFE_DEFAULT
max_delta_volume,fraction_or_database_convention,P4,176,fw_Z_range,composition_known_framework,pre_dft_composition,L0,RULE_SAFE_DEFAULT
max_delta_volume,fraction_or_database_convention,P4,177,fw_Z_std,composition_known_framework,pre_dft_composition,L0,RULE_SAFE_DEFAULT
max_delta_volume,fraction_or_database_convention,P4,178,fw_atomic_mass_max,composition_known_framework,pre_dft_composition,L0,RULE_SAFE_DEFAULT
max_delta_volume,fraction_or_database_convention,P4,179,fw_atomic_mass_mean,composition_known_framework,pre_dft_composition,L0,RULE_SAFE_DEFAULT
max_delta_volume,fraction_or_database_convention,P4,180,fw_atomic_mass_min,composition_known_framework,pre_dft_composition,L0,RULE_SAFE_DEFAULT
max_delta_volume,fraction_or_database_convention,P4,181,fw_atomic_mass_range,composition_known_framework,pre_dft_composition,L0,RULE_SAFE_DEFAULT
max_delta_volume,fraction_or_database_convention,P4,182,fw_atomic_mass_std,composition_known_framework,pre_dft_composition,L0,RULE_SAFE_DEFAULT
max_delta_volume,fraction_or_database_convention,P4,183,fw_frac_Ag,composition_known_framework,pre_dft_composition,L0,RULE_SAFE_DEFAULT
max_delta_volume,fraction_or_database_convention,P4,184,fw_frac_Al,composition_known_framework,pre_dft_composition,L0,RULE_SAFE_DEFAULT
max_delta_volume,fraction_or_database_convention,P4,185,fw_frac_As,composition_known_framework,pre_dft_composition,L0,RULE_SAFE_DEFAULT
max_delta_volume,fraction_or_database_convention,P4,186,fw_frac_B,composition_known_framework,pre_dft_composition,L0,RULE_SAFE_DEFAULT
max_delta_volume,fraction_or_database_convention,P4,187,fw_frac_Br,composition_known_framework,pre_dft_composition,L0,RULE_SAFE_DEFAULT
max_delta_volume,fraction_or_database_convention,P4,188,fw_frac_C,composition_known_framework,pre_dft_composition,L0,RULE_SAFE_DEFAULT
max_delta_volume,fraction_or_database_convention,P4,189,fw_frac_Ca,composition_known_framework,pre_dft_composition,L0,RULE_SAFE_DEFAULT
max_delta_volume,fraction_or_database_convention,P4,190,fw_frac_Cl,composition_known_framework,pre_dft_composition,L0,RULE_SAFE_DEFAULT
max_delta_volume,fraction_or_database_convention,P4,191,fw_frac_Co,composition_known_framework,pre_dft_composition,L0,RULE_SAFE_DEFAULT
max_delta_volume,fraction_or_database_convention,P4,192,fw_frac_Cr,composition_known_framework,pre_dft_composition,L0,RULE_SAFE_DEFAULT
max_delta_volume,fraction_or_database_convention,P4,193,fw_frac_Cu,composition_known_framework,pre_dft_composition,L0,RULE_SAFE_DEFAULT
max_delta_volume,fraction_or_database_convention,P4,194,fw_frac_F,composition_known_framework,pre_dft_composition,L0,RULE_SAFE_DEFAULT
max_delta_volume,fraction_or_database_convention,P4,195,fw_frac_Fe,composition_known_framework,pre_dft_composition,L0,RULE_SAFE_DEFAULT
max_delta_volume,fraction_or_database_convention,P4,196,fw_frac_I,composition_known_framework,pre_dft_composition,L0,RULE_SAFE_DEFAULT
max_delta_volume,fraction_or_database_convention,P4,197,fw_frac_K,composition_known_framework,pre_dft_composition,L0,RULE_SAFE_DEFAULT
max_delta_volume,fraction_or_database_convention,P4,198,fw_frac_Li,composition_known_framework,pre_dft_composition,L0,RULE_SAFE_DEFAULT
max_delta_volume,fraction_or_database_convention,P4,199,fw_frac_Mg,composition_known_framework,pre_dft_composition,L0,RULE_SAFE_DEFAULT
max_delta_volume,fraction_or_database_convention,P4,200,fw_frac_Mn,composition_known_framework,pre_dft_composition,L0,RULE_SAFE_DEFAULT
max_delta_volume,fraction_or_database_convention,P4,201,fw_frac_N,composition_known_framework,pre_dft_composition,L0,RULE_SAFE_DEFAULT
max_delta_volume,fraction_or_database_convention,P4,202,fw_frac_Na,composition_known_framework,pre_dft_composition,L0,RULE_SAFE_DEFAULT
max_delta_volume,fraction_or_database_convention,P4,203,fw_frac_Ni,composition_known_framework,pre_dft_composition,L0,RULE_SAFE_DEFAULT
max_delta_volume,fraction_or_database_convention,P4,204,fw_frac_O,composition_known_framework,pre_dft_composition,L0,RULE_SAFE_DEFAULT
max_delta_volume,fraction_or_database_convention,P4,205,fw_frac_P,composition_known_framework,pre_dft_composition,L0,RULE_SAFE_DEFAULT
max_delta_volume,fraction_or_database_convention,P4,206,fw_frac_S,composition_known_framework,pre_dft_composition,L0,RULE_SAFE_DEFAULT
max_delta_volume,fraction_or_database_convention,P4,207,fw_frac_Si,composition_known_framework,pre_dft_composition,L0,RULE_SAFE_DEFAULT
max_delta_volume,fraction_or_database_convention,P4,208,fw_frac_Ti,composition_known_framework,pre_dft_composition,L0,RULE_SAFE_DEFAULT
max_delta_volume,fraction_or_database_convention,P4,209,fw_frac_V,composition_known_framework,pre_dft_composition,L0,RULE_SAFE_DEFAULT
max_delta_volume,fraction_or_database_convention,P4,210,fw_frac_Zn,composition_known_framework,pre_dft_composition,L0,RULE_SAFE_DEFAULT
max_delta_volume,fraction_or_database_convention,P4,211,fw_frac_transition_metals,composition_known_framework,pre_dft_composition,L0,RULE_SAFE_DEFAULT
max_delta_volume,fraction_or_database_convention,P4,212,fw_group_max,composition_known_framework,pre_dft_composition,L0,RULE_SAFE_DEFAULT
max_delta_volume,fraction_or_database_convention,P4,213,fw_group_mean,composition_known_framework,pre_dft_composition,L0,RULE_SAFE_DEFAULT
max_delta_volume,fraction_or_database_convention,P4,214,fw_group_min,composition_known_framework,pre_dft_composition,L0,RULE_SAFE_DEFAULT
max_delta_volume,fraction_or_database_convention,P4,215,fw_group_range,composition_known_framework,pre_dft_composition,L0,RULE_SAFE_DEFAULT
max_delta_volume,fraction_or_database_convention,P4,216,fw_group_std,composition_known_framework,pre_dft_composition,L0,RULE_SAFE_DEFAULT
max_delta_volume,fraction_or_database_convention,P4,217,fw_has_Br,composition_known_framework,pre_dft_composition,L0,RULE_SAFE_DEFAULT
max_delta_volume,fraction_or_database_convention,P4,218,fw_has_C,composition_known_framework,pre_dft_composition,L0,RULE_SAFE_DEFAULT
max_delta_volume,fraction_or_database_convention,P4,219,fw_has_Cl,composition_known_framework,pre_dft_composition,L0,RULE_SAFE_DEFAULT
max_delta_volume,fraction_or_database_convention,P4,220,fw_has_F,composition_known_framework,pre_dft_composition,L0,RULE_SAFE_DEFAULT
max_delta_volume,fraction_or_database_convention,P4,221,fw_has_I,composition_known_framework,pre_dft_composition,L0,RULE_SAFE_DEFAULT
max_delta_volume,fraction_or_database_convention,P4,222,fw_has_N,composition_known_framework,pre_dft_composition,L0,RULE_SAFE_DEFAULT
max_delta_volume,fraction_or_database_convention,P4,223,fw_has_O,composition_known_framework,pre_dft_composition,L0,RULE_SAFE_DEFAULT
max_delta_volume,fraction_or_database_convention,P4,224,fw_has_P,composition_known_framework,pre_dft_composition,L0,RULE_SAFE_DEFAULT
max_delta_volume,fraction_or_database_convention,P4,225,fw_has_S,composition_known_framework,pre_dft_composition,L0,RULE_SAFE_DEFAULT
max_delta_volume,fraction_or_database_convention,P4,226,fw_has_Si,composition_known_framework,pre_dft_composition,L0,RULE_SAFE_DEFAULT
max_delta_volume,fraction_or_database_convention,P4,227,fw_n_atoms,composition_known_framework,pre_dft_composition,L0,RULE_SAFE_DEFAULT
max_delta_volume,fraction_or_database_convention,P4,228,fw_n_elements,composition_known_framework,pre_dft_composition,L0,RULE_SAFE_DEFAULT
max_delta_volume,fraction_or_database_convention,P4,229,fw_n_transition_metals,composition_known_framework,pre_dft_composition,L0,RULE_SAFE_DEFAULT
max_delta_volume,fraction_or_database_convention,P4,230,fw_parse_ok,composition_known_framework,pre_dft_composition,L0,RULE_SAFE_DEFAULT
max_delta_volume,fraction_or_database_convention,P4,231,fw_row_max,composition_known_framework,pre_dft_composition,L0,RULE_SAFE_DEFAULT
max_delta_volume,fraction_or_database_convention,P4,232,fw_row_mean,composition_known_framework,pre_dft_composition,L0,RULE_SAFE_DEFAULT
max_delta_volume,fraction_or_database_convention,P4,233,fw_row_min,composition_known_framework,pre_dft_composition,L0,RULE_SAFE_DEFAULT
max_delta_volume,fraction_or_database_convention,P4,234,fw_row_range,composition_known_framework,pre_dft_composition,L0,RULE_SAFE_DEFAULT
max_delta_volume,fraction_or_database_convention,P4,235,fw_row_std,composition_known_framework,pre_dft_composition,L0,RULE_SAFE_DEFAULT
max_delta_volume,fraction_or_database_convention,P4,236,max_delta_volume,stored_electrode_target,stored_electrode_record,L1,RULE_DIRECT_TARGET
max_delta_volume,fraction_or_database_convention,P4,237,max_voltage_step,stored_electrode_process_descriptor,stored_electrode_record,L0,RULE_SAFE_DEFAULT
max_delta_volume,fraction_or_database_convention,P4,238,num_steps,stored_electrode_process_descriptor,stored_electrode_record,L0,RULE_SAFE_DEFAULT
max_delta_volume,fraction_or_database_convention,P4,239,stability_charge,stored_electrode_target,stored_electrode_record,L4,RULE_OTHER_STORED_TARGET
max_delta_volume,fraction_or_database_convention,P4,240,stability_discharge,stored_electrode_target,stored_electrode_record,L4,RULE_OTHER_STORED_TARGET
max_delta_volume,fraction_or_database_convention,P4,241,stability_worst,stored_electrode_target,stored_electrode_record,L4,RULE_OTHER_STORED_TARGET
max_delta_volume,fraction_or_database_convention,P4,242,stoich_abs_wi_amount_delta,stoichiometric_window,electrode_state_stoichiometry,L0,RULE_SAFE_DEFAULT
max_delta_volume,fraction_or_database_convention,P4,243,stoich_wi_amount_charge,stoichiometric_window,electrode_state_stoichiometry,L0,RULE_SAFE_DEFAULT
max_delta_volume,fraction_or_database_convention,P4,244,stoich_wi_amount_delta,stoichiometric_window,electrode_state_stoichiometry,L0,RULE_SAFE_DEFAULT
max_delta_volume,fraction_or_database_convention,P4,245,stoich_wi_amount_discharge,stoichiometric_window,electrode_state_stoichiometry,L0,RULE_SAFE_DEFAULT
max_delta_volume,fraction_or_database_convention,P4,246,stored_abs_fracA_delta,other_numeric,derived_miscellaneous,L0,RULE_SAFE_DEFAULT
max_delta_volume,fraction_or_database_convention,P4,247,stored_fracA_delta,stoichiometric_window,electrode_state_stoichiometry,L0,RULE_SAFE_DEFAULT
max_delta_volume,fraction_or_database_convention,P4,248,summary_abs_delta_band_gap,post_dft_electronic_summary,post_dft_electronic,L4,RULE_POST_DFT_ELECTRONIC
max_delta_volume,fraction_or_database_convention,P4,249,summary_abs_delta_density,relaxed_structure_summary,relaxed_structure,L2,RULE_VOLUME_CHANGE
max_delta_volume,fraction_or_database_convention,P4,250,summary_abs_delta_density_atomic,relaxed_structure_summary,relaxed_structure,L2,RULE_VOLUME_CHANGE
max_delta_volume,fraction_or_database_convention,P4,251,summary_abs_delta_energy_above_hull,post_dft_energy_stability_summary,post_dft_thermodynamics,L4,RULE_HULL_OTHER
max_delta_volume,fraction_or_database_convention,P4,252,summary_abs_delta_formation_energy_per_atom,post_dft_energy_stability_summary,post_dft_thermodynamics,L4,RULE_POST_DFT_ENERGY_DEFAULT
max_delta_volume,fraction_or_database_convention,P4,253,summary_abs_delta_volume_fraction,relaxed_structure_summary,relaxed_structure,L2,RULE_VOLUME_CHANGE
max_delta_volume,fraction_or_database_convention,P4,254,summary_abs_delta_volume_per_site,relaxed_structure_summary,relaxed_structure,L2,RULE_VOLUME_CHANGE
max_delta_volume,fraction_or_database_convention,P4,255,summary_delta_band_gap,post_dft_electronic_summary,post_dft_electronic,L4,RULE_POST_DFT_ELECTRONIC
max_delta_volume,fraction_or_database_convention,P4,256,summary_delta_density,relaxed_structure_summary,relaxed_structure,L2,RULE_VOLUME_CHANGE
max_delta_volume,fraction_or_database_convention,P4,257,summary_delta_density_atomic,relaxed_structure_summary,relaxed_structure,L2,RULE_VOLUME_CHANGE
max_delta_volume,fraction_or_database_convention,P4,258,summary_delta_energy_above_hull,post_dft_energy_stability_summary,post_dft_thermodynamics,L4,RULE_HULL_OTHER
max_delta_volume,fraction_or_database_convention,P4,259,summary_delta_formation_energy_per_atom,post_dft_energy_stability_summary,post_dft_thermodynamics,L4,RULE_POST_DFT_ENERGY_DEFAULT
max_delta_volume,fraction_or_database_convention,P4,260,summary_delta_volume_fraction,relaxed_structure_summary,relaxed_structure,L2,RULE_VOLUME_CHANGE
max_delta_volume,fraction_or_database_convention,P4,261,summary_delta_volume_per_site,relaxed_structure_summary,relaxed_structure,L2,RULE_VOLUME_CHANGE
max_delta_volume,fraction_or_database_convention,P4,262,summary_worst_energy_above_hull,post_dft_energy_stability_summary,post_dft_thermodynamics,L4,RULE_HULL_OTHER
max_delta_volume,fraction_or_database_convention,P4,263,wi_X,composition_known_working_ion,pre_dft_composition,L0,RULE_SAFE_DEFAULT
max_delta_volume,fraction_or_database_convention,P4,264,wi_Z,composition_known_working_ion,pre_dft_composition,L0,RULE_SAFE_DEFAULT
max_delta_volume,fraction_or_database_convention,P4,265,wi_atomic_mass,composition_known_working_ion,pre_dft_composition,L0,RULE_SAFE_DEFAULT
max_delta_volume,fraction_or_database_convention,P4,266,wi_group,composition_known_working_ion,pre_dft_composition,L0,RULE_SAFE_DEFAULT
max_delta_volume,fraction_or_database_convention,P4,267,wi_row,composition_known_working_ion,pre_dft_composition,L0,RULE_SAFE_DEFAULT
stability_charge,eV/atom,P0,1,average_voltage,stored_electrode_target,stored_electrode_record,L4,RULE_OTHER_STORED_TARGET
stability_charge,eV/atom,P0,2,capacity_grav,stored_electrode_target,stored_electrode_record,L4,RULE_OTHER_STORED_TARGET
stability_charge,eV/atom,P0,3,capacity_vol,stored_electrode_target,stored_electrode_record,L4,RULE_OTHER_STORED_TARGET
stability_charge,eV/atom,P0,4,charge_formula_X_max,stoichiometric_window,electrode_state_stoichiometry,L0,RULE_SAFE_DEFAULT
stability_charge,eV/atom,P0,5,charge_formula_X_mean,stoichiometric_window,electrode_state_stoichiometry,L0,RULE_SAFE_DEFAULT
stability_charge,eV/atom,P0,6,charge_formula_X_min,stoichiometric_window,electrode_state_stoichiometry,L0,RULE_SAFE_DEFAULT
stability_charge,eV/atom,P0,7,charge_formula_X_range,stoichiometric_window,electrode_state_stoichiometry,L0,RULE_SAFE_DEFAULT
stability_charge,eV/atom,P0,8,charge_formula_X_std,stoichiometric_window,electrode_state_stoichiometry,L0,RULE_SAFE_DEFAULT
stability_charge,eV/atom,P0,9,charge_formula_Z_max,stoichiometric_window,electrode_state_stoichiometry,L0,RULE_SAFE_DEFAULT
stability_charge,eV/atom,P0,10,charge_formula_Z_mean,stoichiometric_window,electrode_state_stoichiometry,L0,RULE_SAFE_DEFAULT
stability_charge,eV/atom,P0,11,charge_formula_Z_min,stoichiometric_window,electrode_state_stoichiometry,L0,RULE_SAFE_DEFAULT
stability_charge,eV/atom,P0,12,charge_formula_Z_range,stoichiometric_window,electrode_state_stoichiometry,L0,RULE_SAFE_DEFAULT
stability_charge,eV/atom,P0,13,charge_formula_Z_std,stoichiometric_window,electrode_state_stoichiometry,L0,RULE_SAFE_DEFAULT
stability_charge,eV/atom,P0,14,charge_formula_atomic_mass_max,stoichiometric_window,electrode_state_stoichiometry,L0,RULE_SAFE_DEFAULT
stability_charge,eV/atom,P0,15,charge_formula_atomic_mass_mean,stoichiometric_window,electrode_state_stoichiometry,L0,RULE_SAFE_DEFAULT
stability_charge,eV/atom,P0,16,charge_formula_atomic_mass_min,stoichiometric_window,electrode_state_stoichiometry,L0,RULE_SAFE_DEFAULT
stability_charge,eV/atom,P0,17,charge_formula_atomic_mass_range,stoichiometric_window,electrode_state_stoichiometry,L0,RULE_SAFE_DEFAULT
stability_charge,eV/atom,P0,18,charge_formula_atomic_mass_std,stoichiometric_window,electrode_state_stoichiometry,L0,RULE_SAFE_DEFAULT
stability_charge,eV/atom,P0,19,charge_formula_frac_Ag,stoichiometric_window,electrode_state_stoichiometry,L0,RULE_SAFE_DEFAULT
stability_charge,eV/atom,P0,20,charge_formula_frac_Al,stoichiometric_window,electrode_state_stoichiometry,L0,RULE_SAFE_DEFAULT
stability_charge,eV/atom,P0,21,charge_formula_frac_As,stoichiometric_window,electrode_state_stoichiometry,L0,RULE_SAFE_DEFAULT
stability_charge,eV/atom,P0,22,charge_formula_frac_B,stoichiometric_window,electrode_state_stoichiometry,L0,RULE_SAFE_DEFAULT
stability_charge,eV/atom,P0,23,charge_formula_frac_Br,stoichiometric_window,electrode_state_stoichiometry,L0,RULE_SAFE_DEFAULT
stability_charge,eV/atom,P0,24,charge_formula_frac_C,stoichiometric_window,electrode_state_stoichiometry,L0,RULE_SAFE_DEFAULT
stability_charge,eV/atom,P0,25,charge_formula_frac_Ca,stoichiometric_window,electrode_state_stoichiometry,L0,RULE_SAFE_DEFAULT
stability_charge,eV/atom,P0,26,charge_formula_frac_Cl,stoichiometric_window,electrode_state_stoichiometry,L0,RULE_SAFE_DEFAULT
stability_charge,eV/atom,P0,27,charge_formula_frac_Co,stoichiometric_window,electrode_state_stoichiometry,L0,RULE_SAFE_DEFAULT
stability_charge,eV/atom,P0,28,charge_formula_frac_Cr,stoichiometric_window,electrode_state_stoichiometry,L0,RULE_SAFE_DEFAULT
stability_charge,eV/atom,P0,29,charge_formula_frac_Cu,stoichiometric_window,electrode_state_stoichiometry,L0,RULE_SAFE_DEFAULT
stability_charge,eV/atom,P0,30,charge_formula_frac_F,stoichiometric_window,electrode_state_stoichiometry,L0,RULE_SAFE_DEFAULT
stability_charge,eV/atom,P0,31,charge_formula_frac_Fe,stoichiometric_window,electrode_state_stoichiometry,L0,RULE_SAFE_DEFAULT
stability_charge,eV/atom,P0,32,charge_formula_frac_I,stoichiometric_window,electrode_state_stoichiometry,L0,RULE_SAFE_DEFAULT
stability_charge,eV/atom,P0,33,charge_formula_frac_K,stoichiometric_window,electrode_state_stoichiometry,L0,RULE_SAFE_DEFAULT
stability_charge,eV/atom,P0,34,charge_formula_frac_Li,stoichiometric_window,electrode_state_stoichiometry,L0,RULE_SAFE_DEFAULT
stability_charge,eV/atom,P0,35,charge_formula_frac_Mg,stoichiometric_window,electrode_state_stoichiometry,L0,RULE_SAFE_DEFAULT
stability_charge,eV/atom,P0,36,charge_formula_frac_Mn,stoichiometric_window,electrode_state_stoichiometry,L0,RULE_SAFE_DEFAULT
stability_charge,eV/atom,P0,37,charge_formula_frac_N,stoichiometric_window,electrode_state_stoichiometry,L0,RULE_SAFE_DEFAULT
stability_charge,eV/atom,P0,38,charge_formula_frac_Na,stoichiometric_window,electrode_state_stoichiometry,L0,RULE_SAFE_DEFAULT
stability_charge,eV/atom,P0,39,charge_formula_frac_Ni,stoichiometric_window,electrode_state_stoichiometry,L0,RULE_SAFE_DEFAULT
stability_charge,eV/atom,P0,40,charge_formula_frac_O,stoichiometric_window,electrode_state_stoichiometry,L0,RULE_SAFE_DEFAULT
stability_charge,eV/atom,P0,41,charge_formula_frac_P,stoichiometric_window,electrode_state_stoichiometry,L0,RULE_SAFE_DEFAULT
stability_charge,eV/atom,P0,42,charge_formula_frac_S,stoichiometric_window,electrode_state_stoichiometry,L0,RULE_SAFE_DEFAULT
stability_charge,eV/atom,P0,43,charge_formula_frac_Si,stoichiometric_window,electrode_state_stoichiometry,L0,RULE_SAFE_DEFAULT
stability_charge,eV/atom,P0,44,charge_formula_frac_Ti,stoichiometric_window,electrode_state_stoichiometry,L0,RULE_SAFE_DEFAULT
stability_charge,eV/atom,P0,45,charge_formula_frac_V,stoichiometric_window,electrode_state_stoichiometry,L0,RULE_SAFE_DEFAULT
stability_charge,eV/atom,P0,46,charge_formula_frac_Zn,stoichiometric_window,electrode_state_stoichiometry,L0,RULE_SAFE_DEFAULT
stability_charge,eV/atom,P0,47,charge_formula_frac_transition_metals,stoichiometric_window,electrode_state_stoichiometry,L0,RULE_SAFE_DEFAULT
stability_charge,eV/atom,P0,48,charge_formula_group_max,stoichiometric_window,electrode_state_stoichiometry,L0,RULE_SAFE_DEFAULT
stability_charge,eV/atom,P0,49,charge_formula_group_mean,stoichiometric_window,electrode_state_stoichiometry,L0,RULE_SAFE_DEFAULT
stability_charge,eV/atom,P0,50,charge_formula_group_min,stoichiometric_window,electrode_state_stoichiometry,L0,RULE_SAFE_DEFAULT
stability_charge,eV/atom,P0,51,charge_formula_group_range,stoichiometric_window,electrode_state_stoichiometry,L0,RULE_SAFE_DEFAULT
stability_charge,eV/atom,P0,52,charge_formula_group_std,stoichiometric_window,electrode_state_stoichiometry,L0,RULE_SAFE_DEFAULT
stability_charge,eV/atom,P0,53,charge_formula_has_Br,stoichiometric_window,electrode_state_stoichiometry,L0,RULE_SAFE_DEFAULT
stability_charge,eV/atom,P0,54,charge_formula_has_C,stoichiometric_window,electrode_state_stoichiometry,L0,RULE_SAFE_DEFAULT
stability_charge,eV/atom,P0,55,charge_formula_has_Cl,stoichiometric_window,electrode_state_stoichiometry,L0,RULE_SAFE_DEFAULT
stability_charge,eV/atom,P0,56,charge_formula_has_F,stoichiometric_window,electrode_state_stoichiometry,L0,RULE_SAFE_DEFAULT
stability_charge,eV/atom,P0,57,charge_formula_has_I,stoichiometric_window,electrode_state_stoichiometry,L0,RULE_SAFE_DEFAULT
stability_charge,eV/atom,P0,58,charge_formula_has_N,stoichiometric_window,electrode_state_stoichiometry,L0,RULE_SAFE_DEFAULT
stability_charge,eV/atom,P0,59,charge_formula_has_O,stoichiometric_window,electrode_state_stoichiometry,L0,RULE_SAFE_DEFAULT
stability_charge,eV/atom,P0,60,charge_formula_has_P,stoichiometric_window,electrode_state_stoichiometry,L0,RULE_SAFE_DEFAULT
stability_charge,eV/atom,P0,61,charge_formula_has_S,stoichiometric_window,electrode_state_stoichiometry,L0,RULE_SAFE_DEFAULT
stability_charge,eV/atom,P0,62,charge_formula_has_Si,stoichiometric_window,electrode_state_stoichiometry,L0,RULE_SAFE_DEFAULT
stability_charge,eV/atom,P0,63,charge_formula_n_atoms,stoichiometric_window,electrode_state_stoichiometry,L0,RULE_SAFE_DEFAULT
stability_charge,eV/atom,P0,64,charge_formula_n_elements,stoichiometric_window,electrode_state_stoichiometry,L0,RULE_SAFE_DEFAULT
stability_charge,eV/atom,P0,65,charge_formula_n_transition_metals,stoichiometric_window,electrode_state_stoichiometry,L0,RULE_SAFE_DEFAULT
stability_charge,eV/atom,P0,66,charge_formula_parse_ok,stoichiometric_window,electrode_state_stoichiometry,L0,RULE_SAFE_DEFAULT
stability_charge,eV/atom,P0,67,charge_formula_row_max,stoichiometric_window,electrode_state_stoichiometry,L0,RULE_SAFE_DEFAULT
stability_charge,eV/atom,P0,68,charge_formula_row_mean,stoichiometric_window,electrode_state_stoichiometry,L0,RULE_SAFE_DEFAULT
stability_charge,eV/atom,P0,69,charge_formula_row_min,stoichiometric_window,electrode_state_stoichiometry,L0,RULE_SAFE_DEFAULT
stability_charge,eV/atom,P0,70,charge_formula_row_range,stoichiometric_window,electrode_state_stoichiometry,L0,RULE_SAFE_DEFAULT
stability_charge,eV/atom,P0,71,charge_formula_row_std,stoichiometric_window,electrode_state_stoichiometry,L0,RULE_SAFE_DEFAULT
stability_charge,eV/atom,P0,72,charge_summary_band_gap,post_dft_electronic_summary,post_dft_electronic,L4,RULE_POST_DFT_ELECTRONIC
stability_charge,eV/atom,P0,73,charge_summary_density,relaxed_structure_summary,relaxed_structure,L0,RULE_SAFE_STRUCTURE
stability_charge,eV/atom,P0,74,charge_summary_density_atomic,relaxed_structure_summary,relaxed_structure,L0,RULE_SAFE_STRUCTURE
stability_charge,eV/atom,P0,75,charge_summary_energy_above_hull,post_dft_energy_stability_summary,post_dft_thermodynamics,L2,RULE_HULL_STABILITY
stability_charge,eV/atom,P0,76,charge_summary_formation_energy_per_atom,post_dft_energy_stability_summary,post_dft_thermodynamics,L4,RULE_FORMATION_ENERGY_STABILITY
stability_charge,eV/atom,P0,77,charge_summary_is_metal,post_dft_electronic_summary,post_dft_electronic,L4,RULE_POST_DFT_ELECTRONIC
stability_charge,eV/atom,P0,78,charge_summary_is_stable,post_dft_energy_stability_summary,post_dft_thermodynamics,L2,RULE_HULL_STABILITY
stability_charge,eV/atom,P0,79,charge_summary_nsites,relaxed_structure_summary,relaxed_structure,L0,RULE_SAFE_STRUCTURE
stability_charge,eV/atom,P0,80,charge_summary_symmetry_number,relaxed_structure_summary,relaxed_structure,L0,RULE_SAFE_STRUCTURE
stability_charge,eV/atom,P0,81,charge_summary_theoretical,post_dft_provenance_flag,post_dft_provenance,L4,RULE_POST_DFT_PROVENANCE
stability_charge,eV/atom,P0,82,charge_summary_volume,relaxed_structure_summary,relaxed_structure,L0,RULE_SAFE_STRUCTURE
stability_charge,eV/atom,P0,83,charge_summary_volume_per_site,relaxed_structure_summary,relaxed_structure,L0,RULE_SAFE_STRUCTURE
stability_charge,eV/atom,P0,84,discharge_formula_X_max,stoichiometric_window,electrode_state_stoichiometry,L0,RULE_SAFE_DEFAULT
stability_charge,eV/atom,P0,85,discharge_formula_X_mean,stoichiometric_window,electrode_state_stoichiometry,L0,RULE_SAFE_DEFAULT
stability_charge,eV/atom,P0,86,discharge_formula_X_min,stoichiometric_window,electrode_state_stoichiometry,L0,RULE_SAFE_DEFAULT
stability_charge,eV/atom,P0,87,discharge_formula_X_range,stoichiometric_window,electrode_state_stoichiometry,L0,RULE_SAFE_DEFAULT
stability_charge,eV/atom,P0,88,discharge_formula_X_std,stoichiometric_window,electrode_state_stoichiometry,L0,RULE_SAFE_DEFAULT
stability_charge,eV/atom,P0,89,discharge_formula_Z_max,stoichiometric_window,electrode_state_stoichiometry,L0,RULE_SAFE_DEFAULT
stability_charge,eV/atom,P0,90,discharge_formula_Z_mean,stoichiometric_window,electrode_state_stoichiometry,L0,RULE_SAFE_DEFAULT
stability_charge,eV/atom,P0,91,discharge_formula_Z_min,stoichiometric_window,electrode_state_stoichiometry,L0,RULE_SAFE_DEFAULT
stability_charge,eV/atom,P0,92,discharge_formula_Z_range,stoichiometric_window,electrode_state_stoichiometry,L0,RULE_SAFE_DEFAULT
stability_charge,eV/atom,P0,93,discharge_formula_Z_std,stoichiometric_window,electrode_state_stoichiometry,L0,RULE_SAFE_DEFAULT
stability_charge,eV/atom,P0,94,discharge_formula_atomic_mass_max,stoichiometric_window,electrode_state_stoichiometry,L0,RULE_SAFE_DEFAULT
stability_charge,eV/atom,P0,95,discharge_formula_atomic_mass_mean,stoichiometric_window,electrode_state_stoichiometry,L0,RULE_SAFE_DEFAULT
stability_charge,eV/atom,P0,96,discharge_formula_atomic_mass_min,stoichiometric_window,electrode_state_stoichiometry,L0,RULE_SAFE_DEFAULT
stability_charge,eV/atom,P0,97,discharge_formula_atomic_mass_range,stoichiometric_window,electrode_state_stoichiometry,L0,RULE_SAFE_DEFAULT
stability_charge,eV/atom,P0,98,discharge_formula_atomic_mass_std,stoichiometric_window,electrode_state_stoichiometry,L0,RULE_SAFE_DEFAULT
stability_charge,eV/atom,P0,99,discharge_formula_frac_Ag,stoichiometric_window,electrode_state_stoichiometry,L0,RULE_SAFE_DEFAULT
stability_charge,eV/atom,P0,100,discharge_formula_frac_Al,stoichiometric_window,electrode_state_stoichiometry,L0,RULE_SAFE_DEFAULT
stability_charge,eV/atom,P0,101,discharge_formula_frac_As,stoichiometric_window,electrode_state_stoichiometry,L0,RULE_SAFE_DEFAULT
stability_charge,eV/atom,P0,102,discharge_formula_frac_B,stoichiometric_window,electrode_state_stoichiometry,L0,RULE_SAFE_DEFAULT
stability_charge,eV/atom,P0,103,discharge_formula_frac_Br,stoichiometric_window,electrode_state_stoichiometry,L0,RULE_SAFE_DEFAULT
stability_charge,eV/atom,P0,104,discharge_formula_frac_C,stoichiometric_window,electrode_state_stoichiometry,L0,RULE_SAFE_DEFAULT
stability_charge,eV/atom,P0,105,discharge_formula_frac_Ca,stoichiometric_window,electrode_state_stoichiometry,L0,RULE_SAFE_DEFAULT
stability_charge,eV/atom,P0,106,discharge_formula_frac_Cl,stoichiometric_window,electrode_state_stoichiometry,L0,RULE_SAFE_DEFAULT
stability_charge,eV/atom,P0,107,discharge_formula_frac_Co,stoichiometric_window,electrode_state_stoichiometry,L0,RULE_SAFE_DEFAULT
stability_charge,eV/atom,P0,108,discharge_formula_frac_Cr,stoichiometric_window,electrode_state_stoichiometry,L0,RULE_SAFE_DEFAULT
stability_charge,eV/atom,P0,109,discharge_formula_frac_Cu,stoichiometric_window,electrode_state_stoichiometry,L0,RULE_SAFE_DEFAULT
stability_charge,eV/atom,P0,110,discharge_formula_frac_F,stoichiometric_window,electrode_state_stoichiometry,L0,RULE_SAFE_DEFAULT
stability_charge,eV/atom,P0,111,discharge_formula_frac_Fe,stoichiometric_window,electrode_state_stoichiometry,L0,RULE_SAFE_DEFAULT
stability_charge,eV/atom,P0,112,discharge_formula_frac_I,stoichiometric_window,electrode_state_stoichiometry,L0,RULE_SAFE_DEFAULT
stability_charge,eV/atom,P0,113,discharge_formula_frac_K,stoichiometric_window,electrode_state_stoichiometry,L0,RULE_SAFE_DEFAULT
stability_charge,eV/atom,P0,114,discharge_formula_frac_Li,stoichiometric_window,electrode_state_stoichiometry,L0,RULE_SAFE_DEFAULT
stability_charge,eV/atom,P0,115,discharge_formula_frac_Mg,stoichiometric_window,electrode_state_stoichiometry,L0,RULE_SAFE_DEFAULT
stability_charge,eV/atom,P0,116,discharge_formula_frac_Mn,stoichiometric_window,electrode_state_stoichiometry,L0,RULE_SAFE_DEFAULT
stability_charge,eV/atom,P0,117,discharge_formula_frac_N,stoichiometric_window,electrode_state_stoichiometry,L0,RULE_SAFE_DEFAULT
stability_charge,eV/atom,P0,118,discharge_formula_frac_Na,stoichiometric_window,electrode_state_stoichiometry,L0,RULE_SAFE_DEFAULT
stability_charge,eV/atom,P0,119,discharge_formula_frac_Ni,stoichiometric_window,electrode_state_stoichiometry,L0,RULE_SAFE_DEFAULT
stability_charge,eV/atom,P0,120,discharge_formula_frac_O,stoichiometric_window,electrode_state_stoichiometry,L0,RULE_SAFE_DEFAULT
stability_charge,eV/atom,P0,121,discharge_formula_frac_P,stoichiometric_window,electrode_state_stoichiometry,L0,RULE_SAFE_DEFAULT
stability_charge,eV/atom,P0,122,discharge_formula_frac_S,stoichiometric_window,electrode_state_stoichiometry,L0,RULE_SAFE_DEFAULT
stability_charge,eV/atom,P0,123,discharge_formula_frac_Si,stoichiometric_window,electrode_state_stoichiometry,L0,RULE_SAFE_DEFAULT
stability_charge,eV/atom,P0,124,discharge_formula_frac_Ti,stoichiometric_window,electrode_state_stoichiometry,L0,RULE_SAFE_DEFAULT
stability_charge,eV/atom,P0,125,discharge_formula_frac_V,stoichiometric_window,electrode_state_stoichiometry,L0,RULE_SAFE_DEFAULT
stability_charge,eV/atom,P0,126,discharge_formula_frac_Zn,stoichiometric_window,electrode_state_stoichiometry,L0,RULE_SAFE_DEFAULT
stability_charge,eV/atom,P0,127,discharge_formula_frac_transition_metals,stoichiometric_window,electrode_state_stoichiometry,L0,RULE_SAFE_DEFAULT
stability_charge,eV/atom,P0,128,discharge_formula_group_max,stoichiometric_window,electrode_state_stoichiometry,L0,RULE_SAFE_DEFAULT
stability_charge,eV/atom,P0,129,discharge_formula_group_mean,stoichiometric_window,electrode_state_stoichiometry,L0,RULE_SAFE_DEFAULT
stability_charge,eV/atom,P0,130,discharge_formula_group_min,stoichiometric_window,electrode_state_stoichiometry,L0,RULE_SAFE_DEFAULT
stability_charge,eV/atom,P0,131,discharge_formula_group_range,stoichiometric_window,electrode_state_stoichiometry,L0,RULE_SAFE_DEFAULT
stability_charge,eV/atom,P0,132,discharge_formula_group_std,stoichiometric_window,electrode_state_stoichiometry,L0,RULE_SAFE_DEFAULT
stability_charge,eV/atom,P0,133,discharge_formula_has_Br,stoichiometric_window,electrode_state_stoichiometry,L0,RULE_SAFE_DEFAULT
stability_charge,eV/atom,P0,134,discharge_formula_has_C,stoichiometric_window,electrode_state_stoichiometry,L0,RULE_SAFE_DEFAULT
stability_charge,eV/atom,P0,135,discharge_formula_has_Cl,stoichiometric_window,electrode_state_stoichiometry,L0,RULE_SAFE_DEFAULT
stability_charge,eV/atom,P0,136,discharge_formula_has_F,stoichiometric_window,electrode_state_stoichiometry,L0,RULE_SAFE_DEFAULT
stability_charge,eV/atom,P0,137,discharge_formula_has_I,stoichiometric_window,electrode_state_stoichiometry,L0,RULE_SAFE_DEFAULT
stability_charge,eV/atom,P0,138,discharge_formula_has_N,stoichiometric_window,electrode_state_stoichiometry,L0,RULE_SAFE_DEFAULT
stability_charge,eV/atom,P0,139,discharge_formula_has_O,stoichiometric_window,electrode_state_stoichiometry,L0,RULE_SAFE_DEFAULT
stability_charge,eV/atom,P0,140,discharge_formula_has_P,stoichiometric_window,electrode_state_stoichiometry,L0,RULE_SAFE_DEFAULT
stability_charge,eV/atom,P0,141,discharge_formula_has_S,stoichiometric_window,electrode_state_stoichiometry,L0,RULE_SAFE_DEFAULT
stability_charge,eV/atom,P0,142,discharge_formula_has_Si,stoichiometric_window,electrode_state_stoichiometry,L0,RULE_SAFE_DEFAULT
stability_charge,eV/atom,P0,143,discharge_formula_n_atoms,stoichiometric_window,electrode_state_stoichiometry,L0,RULE_SAFE_DEFAULT
stability_charge,eV/atom,P0,144,discharge_formula_n_elements,stoichiometric_window,electrode_state_stoichiometry,L0,RULE_SAFE_DEFAULT
stability_charge,eV/atom,P0,145,discharge_formula_n_transition_metals,stoichiometric_window,electrode_state_stoichiometry,L0,RULE_SAFE_DEFAULT
stability_charge,eV/atom,P0,146,discharge_formula_parse_ok,stoichiometric_window,electrode_state_stoichiometry,L0,RULE_SAFE_DEFAULT
stability_charge,eV/atom,P0,147,discharge_formula_row_max,stoichiometric_window,electrode_state_stoichiometry,L0,RULE_SAFE_DEFAULT
stability_charge,eV/atom,P0,148,discharge_formula_row_mean,stoichiometric_window,electrode_state_stoichiometry,L0,RULE_SAFE_DEFAULT
stability_charge,eV/atom,P0,149,discharge_formula_row_min,stoichiometric_window,electrode_state_stoichiometry,L0,RULE_SAFE_DEFAULT
stability_charge,eV/atom,P0,150,discharge_formula_row_range,stoichiometric_window,electrode_state_stoichiometry,L0,RULE_SAFE_DEFAULT
stability_charge,eV/atom,P0,151,discharge_formula_row_std,stoichiometric_window,electrode_state_stoichiometry,L0,RULE_SAFE_DEFAULT
stability_charge,eV/atom,P0,152,discharge_summary_band_gap,post_dft_electronic_summary,post_dft_electronic,L4,RULE_POST_DFT_ELECTRONIC
stability_charge,eV/atom,P0,153,discharge_summary_density,relaxed_structure_summary,relaxed_structure,L0,RULE_SAFE_STRUCTURE
stability_charge,eV/atom,P0,154,discharge_summary_density_atomic,relaxed_structure_summary,relaxed_structure,L0,RULE_SAFE_STRUCTURE
stability_charge,eV/atom,P0,155,discharge_summary_energy_above_hull,post_dft_energy_stability_summary,post_dft_thermodynamics,L2,RULE_HULL_STABILITY
stability_charge,eV/atom,P0,156,discharge_summary_formation_energy_per_atom,post_dft_energy_stability_summary,post_dft_thermodynamics,L4,RULE_FORMATION_ENERGY_STABILITY
stability_charge,eV/atom,P0,157,discharge_summary_is_metal,post_dft_electronic_summary,post_dft_electronic,L4,RULE_POST_DFT_ELECTRONIC
stability_charge,eV/atom,P0,158,discharge_summary_is_stable,post_dft_energy_stability_summary,post_dft_thermodynamics,L2,RULE_HULL_STABILITY
stability_charge,eV/atom,P0,159,discharge_summary_nsites,relaxed_structure_summary,relaxed_structure,L0,RULE_SAFE_STRUCTURE
stability_charge,eV/atom,P0,160,discharge_summary_symmetry_number,relaxed_structure_summary,relaxed_structure,L0,RULE_SAFE_STRUCTURE
stability_charge,eV/atom,P0,161,discharge_summary_theoretical,post_dft_provenance_flag,post_dft_provenance,L4,RULE_POST_DFT_PROVENANCE
stability_charge,eV/atom,P0,162,discharge_summary_volume,relaxed_structure_summary,relaxed_structure,L0,RULE_SAFE_STRUCTURE
stability_charge,eV/atom,P0,163,discharge_summary_volume_per_site,relaxed_structure_summary,relaxed_structure,L0,RULE_SAFE_STRUCTURE
stability_charge,eV/atom,P0,164,energy_grav,stored_electrode_target,stored_electrode_record,L4,RULE_OTHER_STORED_TARGET
stability_charge,eV/atom,P0,165,energy_vol,stored_electrode_target,stored_electrode_record,L4,RULE_OTHER_STORED_TARGET
stability_charge,eV/atom,P0,166,fracA_charge,stoichiometric_window,electrode_state_stoichiometry,L0,RULE_SAFE_DEFAULT
stability_charge,eV/atom,P0,167,fracA_discharge,stoichiometric_window,electrode_state_stoichiometry,L0,RULE_SAFE_DEFAULT
stability_charge,eV/atom,P0,168,fw_X_max,composition_known_framework,pre_dft_composition,L0,RULE_SAFE_DEFAULT
stability_charge,eV/atom,P0,169,fw_X_mean,composition_known_framework,pre_dft_composition,L0,RULE_SAFE_DEFAULT
stability_charge,eV/atom,P0,170,fw_X_min,composition_known_framework,pre_dft_composition,L0,RULE_SAFE_DEFAULT
stability_charge,eV/atom,P0,171,fw_X_range,composition_known_framework,pre_dft_composition,L0,RULE_SAFE_DEFAULT
stability_charge,eV/atom,P0,172,fw_X_std,composition_known_framework,pre_dft_composition,L0,RULE_SAFE_DEFAULT
stability_charge,eV/atom,P0,173,fw_Z_max,composition_known_framework,pre_dft_composition,L0,RULE_SAFE_DEFAULT
stability_charge,eV/atom,P0,174,fw_Z_mean,composition_known_framework,pre_dft_composition,L0,RULE_SAFE_DEFAULT
stability_charge,eV/atom,P0,175,fw_Z_min,composition_known_framework,pre_dft_composition,L0,RULE_SAFE_DEFAULT
stability_charge,eV/atom,P0,176,fw_Z_range,composition_known_framework,pre_dft_composition,L0,RULE_SAFE_DEFAULT
stability_charge,eV/atom,P0,177,fw_Z_std,composition_known_framework,pre_dft_composition,L0,RULE_SAFE_DEFAULT
stability_charge,eV/atom,P0,178,fw_atomic_mass_max,composition_known_framework,pre_dft_composition,L0,RULE_SAFE_DEFAULT
stability_charge,eV/atom,P0,179,fw_atomic_mass_mean,composition_known_framework,pre_dft_composition,L0,RULE_SAFE_DEFAULT
stability_charge,eV/atom,P0,180,fw_atomic_mass_min,composition_known_framework,pre_dft_composition,L0,RULE_SAFE_DEFAULT
stability_charge,eV/atom,P0,181,fw_atomic_mass_range,composition_known_framework,pre_dft_composition,L0,RULE_SAFE_DEFAULT
stability_charge,eV/atom,P0,182,fw_atomic_mass_std,composition_known_framework,pre_dft_composition,L0,RULE_SAFE_DEFAULT
stability_charge,eV/atom,P0,183,fw_frac_Ag,composition_known_framework,pre_dft_composition,L0,RULE_SAFE_DEFAULT
stability_charge,eV/atom,P0,184,fw_frac_Al,composition_known_framework,pre_dft_composition,L0,RULE_SAFE_DEFAULT
stability_charge,eV/atom,P0,185,fw_frac_As,composition_known_framework,pre_dft_composition,L0,RULE_SAFE_DEFAULT
stability_charge,eV/atom,P0,186,fw_frac_B,composition_known_framework,pre_dft_composition,L0,RULE_SAFE_DEFAULT
stability_charge,eV/atom,P0,187,fw_frac_Br,composition_known_framework,pre_dft_composition,L0,RULE_SAFE_DEFAULT
stability_charge,eV/atom,P0,188,fw_frac_C,composition_known_framework,pre_dft_composition,L0,RULE_SAFE_DEFAULT
stability_charge,eV/atom,P0,189,fw_frac_Ca,composition_known_framework,pre_dft_composition,L0,RULE_SAFE_DEFAULT
stability_charge,eV/atom,P0,190,fw_frac_Cl,composition_known_framework,pre_dft_composition,L0,RULE_SAFE_DEFAULT
stability_charge,eV/atom,P0,191,fw_frac_Co,composition_known_framework,pre_dft_composition,L0,RULE_SAFE_DEFAULT
stability_charge,eV/atom,P0,192,fw_frac_Cr,composition_known_framework,pre_dft_composition,L0,RULE_SAFE_DEFAULT
stability_charge,eV/atom,P0,193,fw_frac_Cu,composition_known_framework,pre_dft_composition,L0,RULE_SAFE_DEFAULT
stability_charge,eV/atom,P0,194,fw_frac_F,composition_known_framework,pre_dft_composition,L0,RULE_SAFE_DEFAULT
stability_charge,eV/atom,P0,195,fw_frac_Fe,composition_known_framework,pre_dft_composition,L0,RULE_SAFE_DEFAULT
stability_charge,eV/atom,P0,196,fw_frac_I,composition_known_framework,pre_dft_composition,L0,RULE_SAFE_DEFAULT
stability_charge,eV/atom,P0,197,fw_frac_K,composition_known_framework,pre_dft_composition,L0,RULE_SAFE_DEFAULT
stability_charge,eV/atom,P0,198,fw_frac_Li,composition_known_framework,pre_dft_composition,L0,RULE_SAFE_DEFAULT
stability_charge,eV/atom,P0,199,fw_frac_Mg,composition_known_framework,pre_dft_composition,L0,RULE_SAFE_DEFAULT
stability_charge,eV/atom,P0,200,fw_frac_Mn,composition_known_framework,pre_dft_composition,L0,RULE_SAFE_DEFAULT
stability_charge,eV/atom,P0,201,fw_frac_N,composition_known_framework,pre_dft_composition,L0,RULE_SAFE_DEFAULT
stability_charge,eV/atom,P0,202,fw_frac_Na,composition_known_framework,pre_dft_composition,L0,RULE_SAFE_DEFAULT
stability_charge,eV/atom,P0,203,fw_frac_Ni,composition_known_framework,pre_dft_composition,L0,RULE_SAFE_DEFAULT
stability_charge,eV/atom,P0,204,fw_frac_O,composition_known_framework,pre_dft_composition,L0,RULE_SAFE_DEFAULT
stability_charge,eV/atom,P0,205,fw_frac_P,composition_known_framework,pre_dft_composition,L0,RULE_SAFE_DEFAULT
stability_charge,eV/atom,P0,206,fw_frac_S,composition_known_framework,pre_dft_composition,L0,RULE_SAFE_DEFAULT
stability_charge,eV/atom,P0,207,fw_frac_Si,composition_known_framework,pre_dft_composition,L0,RULE_SAFE_DEFAULT
stability_charge,eV/atom,P0,208,fw_frac_Ti,composition_known_framework,pre_dft_composition,L0,RULE_SAFE_DEFAULT
stability_charge,eV/atom,P0,209,fw_frac_V,composition_known_framework,pre_dft_composition,L0,RULE_SAFE_DEFAULT
stability_charge,eV/atom,P0,210,fw_frac_Zn,composition_known_framework,pre_dft_composition,L0,RULE_SAFE_DEFAULT
stability_charge,eV/atom,P0,211,fw_frac_transition_metals,composition_known_framework,pre_dft_composition,L0,RULE_SAFE_DEFAULT
stability_charge,eV/atom,P0,212,fw_group_max,composition_known_framework,pre_dft_composition,L0,RULE_SAFE_DEFAULT
stability_charge,eV/atom,P0,213,fw_group_mean,composition_known_framework,pre_dft_composition,L0,RULE_SAFE_DEFAULT
stability_charge,eV/atom,P0,214,fw_group_min,composition_known_framework,pre_dft_composition,L0,RULE_SAFE_DEFAULT
stability_charge,eV/atom,P0,215,fw_group_range,composition_known_framework,pre_dft_composition,L0,RULE_SAFE_DEFAULT
stability_charge,eV/atom,P0,216,fw_group_std,composition_known_framework,pre_dft_composition,L0,RULE_SAFE_DEFAULT
stability_charge,eV/atom,P0,217,fw_has_Br,composition_known_framework,pre_dft_composition,L0,RULE_SAFE_DEFAULT
stability_charge,eV/atom,P0,218,fw_has_C,composition_known_framework,pre_dft_composition,L0,RULE_SAFE_DEFAULT
stability_charge,eV/atom,P0,219,fw_has_Cl,composition_known_framework,pre_dft_composition,L0,RULE_SAFE_DEFAULT
stability_charge,eV/atom,P0,220,fw_has_F,composition_known_framework,pre_dft_composition,L0,RULE_SAFE_DEFAULT
stability_charge,eV/atom,P0,221,fw_has_I,composition_known_framework,pre_dft_composition,L0,RULE_SAFE_DEFAULT
stability_charge,eV/atom,P0,222,fw_has_N,composition_known_framework,pre_dft_composition,L0,RULE_SAFE_DEFAULT
stability_charge,eV/atom,P0,223,fw_has_O,composition_known_framework,pre_dft_composition,L0,RULE_SAFE_DEFAULT
stability_charge,eV/atom,P0,224,fw_has_P,composition_known_framework,pre_dft_composition,L0,RULE_SAFE_DEFAULT
stability_charge,eV/atom,P0,225,fw_has_S,composition_known_framework,pre_dft_composition,L0,RULE_SAFE_DEFAULT
stability_charge,eV/atom,P0,226,fw_has_Si,composition_known_framework,pre_dft_composition,L0,RULE_SAFE_DEFAULT
stability_charge,eV/atom,P0,227,fw_n_atoms,composition_known_framework,pre_dft_composition,L0,RULE_SAFE_DEFAULT
stability_charge,eV/atom,P0,228,fw_n_elements,composition_known_framework,pre_dft_composition,L0,RULE_SAFE_DEFAULT
stability_charge,eV/atom,P0,229,fw_n_transition_metals,composition_known_framework,pre_dft_composition,L0,RULE_SAFE_DEFAULT
stability_charge,eV/atom,P0,230,fw_parse_ok,composition_known_framework,pre_dft_composition,L0,RULE_SAFE_DEFAULT
stability_charge,eV/atom,P0,231,fw_row_max,composition_known_framework,pre_dft_composition,L0,RULE_SAFE_DEFAULT
stability_charge,eV/atom,P0,232,fw_row_mean,composition_known_framework,pre_dft_composition,L0,RULE_SAFE_DEFAULT
stability_charge,eV/atom,P0,233,fw_row_min,composition_known_framework,pre_dft_composition,L0,RULE_SAFE_DEFAULT
stability_charge,eV/atom,P0,234,fw_row_range,composition_known_framework,pre_dft_composition,L0,RULE_SAFE_DEFAULT
stability_charge,eV/atom,P0,235,fw_row_std,composition_known_framework,pre_dft_composition,L0,RULE_SAFE_DEFAULT
stability_charge,eV/atom,P0,236,max_delta_volume,stored_electrode_target,stored_electrode_record,L4,RULE_OTHER_STORED_TARGET
stability_charge,eV/atom,P0,237,max_voltage_step,stored_electrode_process_descriptor,stored_electrode_record,L0,RULE_SAFE_DEFAULT
stability_charge,eV/atom,P0,238,num_steps,stored_electrode_process_descriptor,stored_electrode_record,L0,RULE_SAFE_DEFAULT
stability_charge,eV/atom,P0,239,stability_discharge,stored_electrode_target,stored_electrode_record,L2,RULE_STABILITY_AGGREGATION
stability_charge,eV/atom,P0,240,stability_worst,stored_electrode_target,stored_electrode_record,L2,RULE_STABILITY_AGGREGATION
stability_charge,eV/atom,P0,241,stoich_abs_wi_amount_delta,stoichiometric_window,electrode_state_stoichiometry,L0,RULE_SAFE_DEFAULT
stability_charge,eV/atom,P0,242,stoich_wi_amount_charge,stoichiometric_window,electrode_state_stoichiometry,L0,RULE_SAFE_DEFAULT
stability_charge,eV/atom,P0,243,stoich_wi_amount_delta,stoichiometric_window,electrode_state_stoichiometry,L0,RULE_SAFE_DEFAULT
stability_charge,eV/atom,P0,244,stoich_wi_amount_discharge,stoichiometric_window,electrode_state_stoichiometry,L0,RULE_SAFE_DEFAULT
stability_charge,eV/atom,P0,245,stored_abs_fracA_delta,other_numeric,derived_miscellaneous,L0,RULE_SAFE_DEFAULT
stability_charge,eV/atom,P0,246,stored_fracA_delta,stoichiometric_window,electrode_state_stoichiometry,L0,RULE_SAFE_DEFAULT
stability_charge,eV/atom,P0,247,summary_abs_delta_band_gap,post_dft_electronic_summary,post_dft_electronic,L4,RULE_POST_DFT_ELECTRONIC
stability_charge,eV/atom,P0,248,summary_abs_delta_density,relaxed_structure_summary,relaxed_structure,L0,RULE_SAFE_STRUCTURE
stability_charge,eV/atom,P0,249,summary_abs_delta_density_atomic,relaxed_structure_summary,relaxed_structure,L0,RULE_SAFE_STRUCTURE
stability_charge,eV/atom,P0,250,summary_abs_delta_energy_above_hull,post_dft_energy_stability_summary,post_dft_thermodynamics,L2,RULE_HULL_STABILITY
stability_charge,eV/atom,P0,251,summary_abs_delta_formation_energy_per_atom,post_dft_energy_stability_summary,post_dft_thermodynamics,L4,RULE_FORMATION_ENERGY_STABILITY
stability_charge,eV/atom,P0,252,summary_abs_delta_volume_fraction,relaxed_structure_summary,relaxed_structure,L0,RULE_SAFE_STRUCTURE
stability_charge,eV/atom,P0,253,summary_abs_delta_volume_per_site,relaxed_structure_summary,relaxed_structure,L0,RULE_SAFE_STRUCTURE
stability_charge,eV/atom,P0,254,summary_delta_band_gap,post_dft_electronic_summary,post_dft_electronic,L4,RULE_POST_DFT_ELECTRONIC
stability_charge,eV/atom,P0,255,summary_delta_density,relaxed_structure_summary,relaxed_structure,L0,RULE_SAFE_STRUCTURE
stability_charge,eV/atom,P0,256,summary_delta_density_atomic,relaxed_structure_summary,relaxed_structure,L0,RULE_SAFE_STRUCTURE
stability_charge,eV/atom,P0,257,summary_delta_energy_above_hull,post_dft_energy_stability_summary,post_dft_thermodynamics,L2,RULE_HULL_STABILITY
stability_charge,eV/atom,P0,258,summary_delta_formation_energy_per_atom,post_dft_energy_stability_summary,post_dft_thermodynamics,L4,RULE_FORMATION_ENERGY_STABILITY
stability_charge,eV/atom,P0,259,summary_delta_volume_fraction,relaxed_structure_summary,relaxed_structure,L0,RULE_SAFE_STRUCTURE
stability_charge,eV/atom,P0,260,summary_delta_volume_per_site,relaxed_structure_summary,relaxed_structure,L0,RULE_SAFE_STRUCTURE
stability_charge,eV/atom,P0,261,summary_worst_energy_above_hull,post_dft_energy_stability_summary,post_dft_thermodynamics,L2,RULE_HULL_STABILITY
stability_charge,eV/atom,P0,262,wi_X,composition_known_working_ion,pre_dft_composition,L0,RULE_SAFE_DEFAULT
stability_charge,eV/atom,P0,263,wi_Z,composition_known_working_ion,pre_dft_composition,L0,RULE_SAFE_DEFAULT
stability_charge,eV/atom,P0,264,wi_atomic_mass,composition_known_working_ion,pre_dft_composition,L0,RULE_SAFE_DEFAULT
stability_charge,eV/atom,P0,265,wi_group,composition_known_working_ion,pre_dft_composition,L0,RULE_SAFE_DEFAULT
stability_charge,eV/atom,P0,266,wi_row,composition_known_working_ion,pre_dft_composition,L0,RULE_SAFE_DEFAULT
stability_charge,eV/atom,P1,1,fw_X_max,composition_known_framework,pre_dft_composition,L0,RULE_SAFE_DEFAULT
stability_charge,eV/atom,P1,2,fw_X_mean,composition_known_framework,pre_dft_composition,L0,RULE_SAFE_DEFAULT
stability_charge,eV/atom,P1,3,fw_X_min,composition_known_framework,pre_dft_composition,L0,RULE_SAFE_DEFAULT
stability_charge,eV/atom,P1,4,fw_X_range,composition_known_framework,pre_dft_composition,L0,RULE_SAFE_DEFAULT
stability_charge,eV/atom,P1,5,fw_X_std,composition_known_framework,pre_dft_composition,L0,RULE_SAFE_DEFAULT
stability_charge,eV/atom,P1,6,fw_Z_max,composition_known_framework,pre_dft_composition,L0,RULE_SAFE_DEFAULT
stability_charge,eV/atom,P1,7,fw_Z_mean,composition_known_framework,pre_dft_composition,L0,RULE_SAFE_DEFAULT
stability_charge,eV/atom,P1,8,fw_Z_min,composition_known_framework,pre_dft_composition,L0,RULE_SAFE_DEFAULT
stability_charge,eV/atom,P1,9,fw_Z_range,composition_known_framework,pre_dft_composition,L0,RULE_SAFE_DEFAULT
stability_charge,eV/atom,P1,10,fw_Z_std,composition_known_framework,pre_dft_composition,L0,RULE_SAFE_DEFAULT
stability_charge,eV/atom,P1,11,fw_atomic_mass_max,composition_known_framework,pre_dft_composition,L0,RULE_SAFE_DEFAULT
stability_charge,eV/atom,P1,12,fw_atomic_mass_mean,composition_known_framework,pre_dft_composition,L0,RULE_SAFE_DEFAULT
stability_charge,eV/atom,P1,13,fw_atomic_mass_min,composition_known_framework,pre_dft_composition,L0,RULE_SAFE_DEFAULT
stability_charge,eV/atom,P1,14,fw_atomic_mass_range,composition_known_framework,pre_dft_composition,L0,RULE_SAFE_DEFAULT
stability_charge,eV/atom,P1,15,fw_atomic_mass_std,composition_known_framework,pre_dft_composition,L0,RULE_SAFE_DEFAULT
stability_charge,eV/atom,P1,16,fw_frac_Ag,composition_known_framework,pre_dft_composition,L0,RULE_SAFE_DEFAULT
stability_charge,eV/atom,P1,17,fw_frac_Al,composition_known_framework,pre_dft_composition,L0,RULE_SAFE_DEFAULT
stability_charge,eV/atom,P1,18,fw_frac_As,composition_known_framework,pre_dft_composition,L0,RULE_SAFE_DEFAULT
stability_charge,eV/atom,P1,19,fw_frac_B,composition_known_framework,pre_dft_composition,L0,RULE_SAFE_DEFAULT
stability_charge,eV/atom,P1,20,fw_frac_Br,composition_known_framework,pre_dft_composition,L0,RULE_SAFE_DEFAULT
stability_charge,eV/atom,P1,21,fw_frac_C,composition_known_framework,pre_dft_composition,L0,RULE_SAFE_DEFAULT
stability_charge,eV/atom,P1,22,fw_frac_Ca,composition_known_framework,pre_dft_composition,L0,RULE_SAFE_DEFAULT
stability_charge,eV/atom,P1,23,fw_frac_Cl,composition_known_framework,pre_dft_composition,L0,RULE_SAFE_DEFAULT
stability_charge,eV/atom,P1,24,fw_frac_Co,composition_known_framework,pre_dft_composition,L0,RULE_SAFE_DEFAULT
stability_charge,eV/atom,P1,25,fw_frac_Cr,composition_known_framework,pre_dft_composition,L0,RULE_SAFE_DEFAULT
stability_charge,eV/atom,P1,26,fw_frac_Cu,composition_known_framework,pre_dft_composition,L0,RULE_SAFE_DEFAULT
stability_charge,eV/atom,P1,27,fw_frac_F,composition_known_framework,pre_dft_composition,L0,RULE_SAFE_DEFAULT
stability_charge,eV/atom,P1,28,fw_frac_Fe,composition_known_framework,pre_dft_composition,L0,RULE_SAFE_DEFAULT
stability_charge,eV/atom,P1,29,fw_frac_I,composition_known_framework,pre_dft_composition,L0,RULE_SAFE_DEFAULT
stability_charge,eV/atom,P1,30,fw_frac_K,composition_known_framework,pre_dft_composition,L0,RULE_SAFE_DEFAULT
stability_charge,eV/atom,P1,31,fw_frac_Li,composition_known_framework,pre_dft_composition,L0,RULE_SAFE_DEFAULT
stability_charge,eV/atom,P1,32,fw_frac_Mg,composition_known_framework,pre_dft_composition,L0,RULE_SAFE_DEFAULT
stability_charge,eV/atom,P1,33,fw_frac_Mn,composition_known_framework,pre_dft_composition,L0,RULE_SAFE_DEFAULT
stability_charge,eV/atom,P1,34,fw_frac_N,composition_known_framework,pre_dft_composition,L0,RULE_SAFE_DEFAULT
stability_charge,eV/atom,P1,35,fw_frac_Na,composition_known_framework,pre_dft_composition,L0,RULE_SAFE_DEFAULT
stability_charge,eV/atom,P1,36,fw_frac_Ni,composition_known_framework,pre_dft_composition,L0,RULE_SAFE_DEFAULT
stability_charge,eV/atom,P1,37,fw_frac_O,composition_known_framework,pre_dft_composition,L0,RULE_SAFE_DEFAULT
stability_charge,eV/atom,P1,38,fw_frac_P,composition_known_framework,pre_dft_composition,L0,RULE_SAFE_DEFAULT
stability_charge,eV/atom,P1,39,fw_frac_S,composition_known_framework,pre_dft_composition,L0,RULE_SAFE_DEFAULT
stability_charge,eV/atom,P1,40,fw_frac_Si,composition_known_framework,pre_dft_composition,L0,RULE_SAFE_DEFAULT
stability_charge,eV/atom,P1,41,fw_frac_Ti,composition_known_framework,pre_dft_composition,L0,RULE_SAFE_DEFAULT
stability_charge,eV/atom,P1,42,fw_frac_V,composition_known_framework,pre_dft_composition,L0,RULE_SAFE_DEFAULT
stability_charge,eV/atom,P1,43,fw_frac_Zn,composition_known_framework,pre_dft_composition,L0,RULE_SAFE_DEFAULT
stability_charge,eV/atom,P1,44,fw_frac_transition_metals,composition_known_framework,pre_dft_composition,L0,RULE_SAFE_DEFAULT
stability_charge,eV/atom,P1,45,fw_group_max,composition_known_framework,pre_dft_composition,L0,RULE_SAFE_DEFAULT
stability_charge,eV/atom,P1,46,fw_group_mean,composition_known_framework,pre_dft_composition,L0,RULE_SAFE_DEFAULT
stability_charge,eV/atom,P1,47,fw_group_min,composition_known_framework,pre_dft_composition,L0,RULE_SAFE_DEFAULT
stability_charge,eV/atom,P1,48,fw_group_range,composition_known_framework,pre_dft_composition,L0,RULE_SAFE_DEFAULT
stability_charge,eV/atom,P1,49,fw_group_std,composition_known_framework,pre_dft_composition,L0,RULE_SAFE_DEFAULT
stability_charge,eV/atom,P1,50,fw_has_Br,composition_known_framework,pre_dft_composition,L0,RULE_SAFE_DEFAULT
stability_charge,eV/atom,P1,51,fw_has_C,composition_known_framework,pre_dft_composition,L0,RULE_SAFE_DEFAULT
stability_charge,eV/atom,P1,52,fw_has_Cl,composition_known_framework,pre_dft_composition,L0,RULE_SAFE_DEFAULT
stability_charge,eV/atom,P1,53,fw_has_F,composition_known_framework,pre_dft_composition,L0,RULE_SAFE_DEFAULT
stability_charge,eV/atom,P1,54,fw_has_I,composition_known_framework,pre_dft_composition,L0,RULE_SAFE_DEFAULT
stability_charge,eV/atom,P1,55,fw_has_N,composition_known_framework,pre_dft_composition,L0,RULE_SAFE_DEFAULT
stability_charge,eV/atom,P1,56,fw_has_O,composition_known_framework,pre_dft_composition,L0,RULE_SAFE_DEFAULT
stability_charge,eV/atom,P1,57,fw_has_P,composition_known_framework,pre_dft_composition,L0,RULE_SAFE_DEFAULT
stability_charge,eV/atom,P1,58,fw_has_S,composition_known_framework,pre_dft_composition,L0,RULE_SAFE_DEFAULT
stability_charge,eV/atom,P1,59,fw_has_Si,composition_known_framework,pre_dft_composition,L0,RULE_SAFE_DEFAULT
stability_charge,eV/atom,P1,60,fw_n_atoms,composition_known_framework,pre_dft_composition,L0,RULE_SAFE_DEFAULT
stability_charge,eV/atom,P1,61,fw_n_elements,composition_known_framework,pre_dft_composition,L0,RULE_SAFE_DEFAULT
stability_charge,eV/atom,P1,62,fw_n_transition_metals,composition_known_framework,pre_dft_composition,L0,RULE_SAFE_DEFAULT
stability_charge,eV/atom,P1,63,fw_parse_ok,composition_known_framework,pre_dft_composition,L0,RULE_SAFE_DEFAULT
stability_charge,eV/atom,P1,64,fw_row_max,composition_known_framework,pre_dft_composition,L0,RULE_SAFE_DEFAULT
stability_charge,eV/atom,P1,65,fw_row_mean,composition_known_framework,pre_dft_composition,L0,RULE_SAFE_DEFAULT
stability_charge,eV/atom,P1,66,fw_row_min,composition_known_framework,pre_dft_composition,L0,RULE_SAFE_DEFAULT
stability_charge,eV/atom,P1,67,fw_row_range,composition_known_framework,pre_dft_composition,L0,RULE_SAFE_DEFAULT
stability_charge,eV/atom,P1,68,fw_row_std,composition_known_framework,pre_dft_composition,L0,RULE_SAFE_DEFAULT
stability_charge,eV/atom,P1,69,wi_X,composition_known_working_ion,pre_dft_composition,L0,RULE_SAFE_DEFAULT
stability_charge,eV/atom,P1,70,wi_Z,composition_known_working_ion,pre_dft_composition,L0,RULE_SAFE_DEFAULT
stability_charge,eV/atom,P1,71,wi_atomic_mass,composition_known_working_ion,pre_dft_composition,L0,RULE_SAFE_DEFAULT
stability_charge,eV/atom,P1,72,wi_group,composition_known_working_ion,pre_dft_composition,L0,RULE_SAFE_DEFAULT
stability_charge,eV/atom,P1,73,wi_row,composition_known_working_ion,pre_dft_composition,L0,RULE_SAFE_DEFAULT
stability_charge,eV/atom,P2,1,charge_summary_density,relaxed_structure_summary,relaxed_structure,L0,RULE_SAFE_STRUCTURE
stability_charge,eV/atom,P2,2,charge_summary_density_atomic,relaxed_structure_summary,relaxed_structure,L0,RULE_SAFE_STRUCTURE
stability_charge,eV/atom,P2,3,charge_summary_nsites,relaxed_structure_summary,relaxed_structure,L0,RULE_SAFE_STRUCTURE
stability_charge,eV/atom,P2,4,charge_summary_symmetry_number,relaxed_structure_summary,relaxed_structure,L0,RULE_SAFE_STRUCTURE
stability_charge,eV/atom,P2,5,charge_summary_volume,relaxed_structure_summary,relaxed_structure,L0,RULE_SAFE_STRUCTURE
stability_charge,eV/atom,P2,6,charge_summary_volume_per_site,relaxed_structure_summary,relaxed_structure,L0,RULE_SAFE_STRUCTURE
stability_charge,eV/atom,P2,7,discharge_summary_density,relaxed_structure_summary,relaxed_structure,L0,RULE_SAFE_STRUCTURE
stability_charge,eV/atom,P2,8,discharge_summary_density_atomic,relaxed_structure_summary,relaxed_structure,L0,RULE_SAFE_STRUCTURE
stability_charge,eV/atom,P2,9,discharge_summary_nsites,relaxed_structure_summary,relaxed_structure,L0,RULE_SAFE_STRUCTURE
stability_charge,eV/atom,P2,10,discharge_summary_symmetry_number,relaxed_structure_summary,relaxed_structure,L0,RULE_SAFE_STRUCTURE
stability_charge,eV/atom,P2,11,discharge_summary_volume,relaxed_structure_summary,relaxed_structure,L0,RULE_SAFE_STRUCTURE
stability_charge,eV/atom,P2,12,discharge_summary_volume_per_site,relaxed_structure_summary,relaxed_structure,L0,RULE_SAFE_STRUCTURE
stability_charge,eV/atom,P2,13,fw_X_max,composition_known_framework,pre_dft_composition,L0,RULE_SAFE_DEFAULT
stability_charge,eV/atom,P2,14,fw_X_mean,composition_known_framework,pre_dft_composition,L0,RULE_SAFE_DEFAULT
stability_charge,eV/atom,P2,15,fw_X_min,composition_known_framework,pre_dft_composition,L0,RULE_SAFE_DEFAULT
stability_charge,eV/atom,P2,16,fw_X_range,composition_known_framework,pre_dft_composition,L0,RULE_SAFE_DEFAULT
stability_charge,eV/atom,P2,17,fw_X_std,composition_known_framework,pre_dft_composition,L0,RULE_SAFE_DEFAULT
stability_charge,eV/atom,P2,18,fw_Z_max,composition_known_framework,pre_dft_composition,L0,RULE_SAFE_DEFAULT
stability_charge,eV/atom,P2,19,fw_Z_mean,composition_known_framework,pre_dft_composition,L0,RULE_SAFE_DEFAULT
stability_charge,eV/atom,P2,20,fw_Z_min,composition_known_framework,pre_dft_composition,L0,RULE_SAFE_DEFAULT
stability_charge,eV/atom,P2,21,fw_Z_range,composition_known_framework,pre_dft_composition,L0,RULE_SAFE_DEFAULT
stability_charge,eV/atom,P2,22,fw_Z_std,composition_known_framework,pre_dft_composition,L0,RULE_SAFE_DEFAULT
stability_charge,eV/atom,P2,23,fw_atomic_mass_max,composition_known_framework,pre_dft_composition,L0,RULE_SAFE_DEFAULT
stability_charge,eV/atom,P2,24,fw_atomic_mass_mean,composition_known_framework,pre_dft_composition,L0,RULE_SAFE_DEFAULT
stability_charge,eV/atom,P2,25,fw_atomic_mass_min,composition_known_framework,pre_dft_composition,L0,RULE_SAFE_DEFAULT
stability_charge,eV/atom,P2,26,fw_atomic_mass_range,composition_known_framework,pre_dft_composition,L0,RULE_SAFE_DEFAULT
stability_charge,eV/atom,P2,27,fw_atomic_mass_std,composition_known_framework,pre_dft_composition,L0,RULE_SAFE_DEFAULT
stability_charge,eV/atom,P2,28,fw_frac_Ag,composition_known_framework,pre_dft_composition,L0,RULE_SAFE_DEFAULT
stability_charge,eV/atom,P2,29,fw_frac_Al,composition_known_framework,pre_dft_composition,L0,RULE_SAFE_DEFAULT
stability_charge,eV/atom,P2,30,fw_frac_As,composition_known_framework,pre_dft_composition,L0,RULE_SAFE_DEFAULT
stability_charge,eV/atom,P2,31,fw_frac_B,composition_known_framework,pre_dft_composition,L0,RULE_SAFE_DEFAULT
stability_charge,eV/atom,P2,32,fw_frac_Br,composition_known_framework,pre_dft_composition,L0,RULE_SAFE_DEFAULT
stability_charge,eV/atom,P2,33,fw_frac_C,composition_known_framework,pre_dft_composition,L0,RULE_SAFE_DEFAULT
stability_charge,eV/atom,P2,34,fw_frac_Ca,composition_known_framework,pre_dft_composition,L0,RULE_SAFE_DEFAULT
stability_charge,eV/atom,P2,35,fw_frac_Cl,composition_known_framework,pre_dft_composition,L0,RULE_SAFE_DEFAULT
stability_charge,eV/atom,P2,36,fw_frac_Co,composition_known_framework,pre_dft_composition,L0,RULE_SAFE_DEFAULT
stability_charge,eV/atom,P2,37,fw_frac_Cr,composition_known_framework,pre_dft_composition,L0,RULE_SAFE_DEFAULT
stability_charge,eV/atom,P2,38,fw_frac_Cu,composition_known_framework,pre_dft_composition,L0,RULE_SAFE_DEFAULT
stability_charge,eV/atom,P2,39,fw_frac_F,composition_known_framework,pre_dft_composition,L0,RULE_SAFE_DEFAULT
stability_charge,eV/atom,P2,40,fw_frac_Fe,composition_known_framework,pre_dft_composition,L0,RULE_SAFE_DEFAULT
stability_charge,eV/atom,P2,41,fw_frac_I,composition_known_framework,pre_dft_composition,L0,RULE_SAFE_DEFAULT
stability_charge,eV/atom,P2,42,fw_frac_K,composition_known_framework,pre_dft_composition,L0,RULE_SAFE_DEFAULT
stability_charge,eV/atom,P2,43,fw_frac_Li,composition_known_framework,pre_dft_composition,L0,RULE_SAFE_DEFAULT
stability_charge,eV/atom,P2,44,fw_frac_Mg,composition_known_framework,pre_dft_composition,L0,RULE_SAFE_DEFAULT
stability_charge,eV/atom,P2,45,fw_frac_Mn,composition_known_framework,pre_dft_composition,L0,RULE_SAFE_DEFAULT
stability_charge,eV/atom,P2,46,fw_frac_N,composition_known_framework,pre_dft_composition,L0,RULE_SAFE_DEFAULT
stability_charge,eV/atom,P2,47,fw_frac_Na,composition_known_framework,pre_dft_composition,L0,RULE_SAFE_DEFAULT
stability_charge,eV/atom,P2,48,fw_frac_Ni,composition_known_framework,pre_dft_composition,L0,RULE_SAFE_DEFAULT
stability_charge,eV/atom,P2,49,fw_frac_O,composition_known_framework,pre_dft_composition,L0,RULE_SAFE_DEFAULT
stability_charge,eV/atom,P2,50,fw_frac_P,composition_known_framework,pre_dft_composition,L0,RULE_SAFE_DEFAULT
stability_charge,eV/atom,P2,51,fw_frac_S,composition_known_framework,pre_dft_composition,L0,RULE_SAFE_DEFAULT
stability_charge,eV/atom,P2,52,fw_frac_Si,composition_known_framework,pre_dft_composition,L0,RULE_SAFE_DEFAULT
stability_charge,eV/atom,P2,53,fw_frac_Ti,composition_known_framework,pre_dft_composition,L0,RULE_SAFE_DEFAULT
stability_charge,eV/atom,P2,54,fw_frac_V,composition_known_framework,pre_dft_composition,L0,RULE_SAFE_DEFAULT
stability_charge,eV/atom,P2,55,fw_frac_Zn,composition_known_framework,pre_dft_composition,L0,RULE_SAFE_DEFAULT
stability_charge,eV/atom,P2,56,fw_frac_transition_metals,composition_known_framework,pre_dft_composition,L0,RULE_SAFE_DEFAULT
stability_charge,eV/atom,P2,57,fw_group_max,composition_known_framework,pre_dft_composition,L0,RULE_SAFE_DEFAULT
stability_charge,eV/atom,P2,58,fw_group_mean,composition_known_framework,pre_dft_composition,L0,RULE_SAFE_DEFAULT
stability_charge,eV/atom,P2,59,fw_group_min,composition_known_framework,pre_dft_composition,L0,RULE_SAFE_DEFAULT
stability_charge,eV/atom,P2,60,fw_group_range,composition_known_framework,pre_dft_composition,L0,RULE_SAFE_DEFAULT
stability_charge,eV/atom,P2,61,fw_group_std,composition_known_framework,pre_dft_composition,L0,RULE_SAFE_DEFAULT
stability_charge,eV/atom,P2,62,fw_has_Br,composition_known_framework,pre_dft_composition,L0,RULE_SAFE_DEFAULT
stability_charge,eV/atom,P2,63,fw_has_C,composition_known_framework,pre_dft_composition,L0,RULE_SAFE_DEFAULT
stability_charge,eV/atom,P2,64,fw_has_Cl,composition_known_framework,pre_dft_composition,L0,RULE_SAFE_DEFAULT
stability_charge,eV/atom,P2,65,fw_has_F,composition_known_framework,pre_dft_composition,L0,RULE_SAFE_DEFAULT
stability_charge,eV/atom,P2,66,fw_has_I,composition_known_framework,pre_dft_composition,L0,RULE_SAFE_DEFAULT
stability_charge,eV/atom,P2,67,fw_has_N,composition_known_framework,pre_dft_composition,L0,RULE_SAFE_DEFAULT
stability_charge,eV/atom,P2,68,fw_has_O,composition_known_framework,pre_dft_composition,L0,RULE_SAFE_DEFAULT
stability_charge,eV/atom,P2,69,fw_has_P,composition_known_framework,pre_dft_composition,L0,RULE_SAFE_DEFAULT
stability_charge,eV/atom,P2,70,fw_has_S,composition_known_framework,pre_dft_composition,L0,RULE_SAFE_DEFAULT
stability_charge,eV/atom,P2,71,fw_has_Si,composition_known_framework,pre_dft_composition,L0,RULE_SAFE_DEFAULT
stability_charge,eV/atom,P2,72,fw_n_atoms,composition_known_framework,pre_dft_composition,L0,RULE_SAFE_DEFAULT
stability_charge,eV/atom,P2,73,fw_n_elements,composition_known_framework,pre_dft_composition,L0,RULE_SAFE_DEFAULT
stability_charge,eV/atom,P2,74,fw_n_transition_metals,composition_known_framework,pre_dft_composition,L0,RULE_SAFE_DEFAULT
stability_charge,eV/atom,P2,75,fw_parse_ok,composition_known_framework,pre_dft_composition,L0,RULE_SAFE_DEFAULT
stability_charge,eV/atom,P2,76,fw_row_max,composition_known_framework,pre_dft_composition,L0,RULE_SAFE_DEFAULT
stability_charge,eV/atom,P2,77,fw_row_mean,composition_known_framework,pre_dft_composition,L0,RULE_SAFE_DEFAULT
stability_charge,eV/atom,P2,78,fw_row_min,composition_known_framework,pre_dft_composition,L0,RULE_SAFE_DEFAULT
stability_charge,eV/atom,P2,79,fw_row_range,composition_known_framework,pre_dft_composition,L0,RULE_SAFE_DEFAULT
stability_charge,eV/atom,P2,80,fw_row_std,composition_known_framework,pre_dft_composition,L0,RULE_SAFE_DEFAULT
stability_charge,eV/atom,P2,81,summary_abs_delta_density,relaxed_structure_summary,relaxed_structure,L0,RULE_SAFE_STRUCTURE
stability_charge,eV/atom,P2,82,summary_abs_delta_density_atomic,relaxed_structure_summary,relaxed_structure,L0,RULE_SAFE_STRUCTURE
stability_charge,eV/atom,P2,83,summary_abs_delta_volume_fraction,relaxed_structure_summary,relaxed_structure,L0,RULE_SAFE_STRUCTURE
stability_charge,eV/atom,P2,84,summary_abs_delta_volume_per_site,relaxed_structure_summary,relaxed_structure,L0,RULE_SAFE_STRUCTURE
stability_charge,eV/atom,P2,85,summary_delta_density,relaxed_structure_summary,relaxed_structure,L0,RULE_SAFE_STRUCTURE
stability_charge,eV/atom,P2,86,summary_delta_density_atomic,relaxed_structure_summary,relaxed_structure,L0,RULE_SAFE_STRUCTURE
stability_charge,eV/atom,P2,87,summary_delta_volume_fraction,relaxed_structure_summary,relaxed_structure,L0,RULE_SAFE_STRUCTURE
stability_charge,eV/atom,P2,88,summary_delta_volume_per_site,relaxed_structure_summary,relaxed_structure,L0,RULE_SAFE_STRUCTURE
stability_charge,eV/atom,P2,89,wi_X,composition_known_working_ion,pre_dft_composition,L0,RULE_SAFE_DEFAULT
stability_charge,eV/atom,P2,90,wi_Z,composition_known_working_ion,pre_dft_composition,L0,RULE_SAFE_DEFAULT
stability_charge,eV/atom,P2,91,wi_atomic_mass,composition_known_working_ion,pre_dft_composition,L0,RULE_SAFE_DEFAULT
stability_charge,eV/atom,P2,92,wi_group,composition_known_working_ion,pre_dft_composition,L0,RULE_SAFE_DEFAULT
stability_charge,eV/atom,P2,93,wi_row,composition_known_working_ion,pre_dft_composition,L0,RULE_SAFE_DEFAULT
stability_charge,eV/atom,P3,1,charge_summary_band_gap,post_dft_electronic_summary,post_dft_electronic,L4,RULE_POST_DFT_ELECTRONIC
stability_charge,eV/atom,P3,2,charge_summary_density,relaxed_structure_summary,relaxed_structure,L0,RULE_SAFE_STRUCTURE
stability_charge,eV/atom,P3,3,charge_summary_density_atomic,relaxed_structure_summary,relaxed_structure,L0,RULE_SAFE_STRUCTURE
stability_charge,eV/atom,P3,4,charge_summary_formation_energy_per_atom,post_dft_energy_stability_summary,post_dft_thermodynamics,L4,RULE_FORMATION_ENERGY_STABILITY
stability_charge,eV/atom,P3,5,charge_summary_is_metal,post_dft_electronic_summary,post_dft_electronic,L4,RULE_POST_DFT_ELECTRONIC
stability_charge,eV/atom,P3,6,charge_summary_nsites,relaxed_structure_summary,relaxed_structure,L0,RULE_SAFE_STRUCTURE
stability_charge,eV/atom,P3,7,charge_summary_symmetry_number,relaxed_structure_summary,relaxed_structure,L0,RULE_SAFE_STRUCTURE
stability_charge,eV/atom,P3,8,charge_summary_volume,relaxed_structure_summary,relaxed_structure,L0,RULE_SAFE_STRUCTURE
stability_charge,eV/atom,P3,9,charge_summary_volume_per_site,relaxed_structure_summary,relaxed_structure,L0,RULE_SAFE_STRUCTURE
stability_charge,eV/atom,P3,10,discharge_summary_band_gap,post_dft_electronic_summary,post_dft_electronic,L4,RULE_POST_DFT_ELECTRONIC
stability_charge,eV/atom,P3,11,discharge_summary_density,relaxed_structure_summary,relaxed_structure,L0,RULE_SAFE_STRUCTURE
stability_charge,eV/atom,P3,12,discharge_summary_density_atomic,relaxed_structure_summary,relaxed_structure,L0,RULE_SAFE_STRUCTURE
stability_charge,eV/atom,P3,13,discharge_summary_formation_energy_per_atom,post_dft_energy_stability_summary,post_dft_thermodynamics,L4,RULE_FORMATION_ENERGY_STABILITY
stability_charge,eV/atom,P3,14,discharge_summary_is_metal,post_dft_electronic_summary,post_dft_electronic,L4,RULE_POST_DFT_ELECTRONIC
stability_charge,eV/atom,P3,15,discharge_summary_nsites,relaxed_structure_summary,relaxed_structure,L0,RULE_SAFE_STRUCTURE
stability_charge,eV/atom,P3,16,discharge_summary_symmetry_number,relaxed_structure_summary,relaxed_structure,L0,RULE_SAFE_STRUCTURE
stability_charge,eV/atom,P3,17,discharge_summary_volume,relaxed_structure_summary,relaxed_structure,L0,RULE_SAFE_STRUCTURE
stability_charge,eV/atom,P3,18,discharge_summary_volume_per_site,relaxed_structure_summary,relaxed_structure,L0,RULE_SAFE_STRUCTURE
stability_charge,eV/atom,P3,19,fw_X_max,composition_known_framework,pre_dft_composition,L0,RULE_SAFE_DEFAULT
stability_charge,eV/atom,P3,20,fw_X_mean,composition_known_framework,pre_dft_composition,L0,RULE_SAFE_DEFAULT
stability_charge,eV/atom,P3,21,fw_X_min,composition_known_framework,pre_dft_composition,L0,RULE_SAFE_DEFAULT
stability_charge,eV/atom,P3,22,fw_X_range,composition_known_framework,pre_dft_composition,L0,RULE_SAFE_DEFAULT
stability_charge,eV/atom,P3,23,fw_X_std,composition_known_framework,pre_dft_composition,L0,RULE_SAFE_DEFAULT
stability_charge,eV/atom,P3,24,fw_Z_max,composition_known_framework,pre_dft_composition,L0,RULE_SAFE_DEFAULT
stability_charge,eV/atom,P3,25,fw_Z_mean,composition_known_framework,pre_dft_composition,L0,RULE_SAFE_DEFAULT
stability_charge,eV/atom,P3,26,fw_Z_min,composition_known_framework,pre_dft_composition,L0,RULE_SAFE_DEFAULT
stability_charge,eV/atom,P3,27,fw_Z_range,composition_known_framework,pre_dft_composition,L0,RULE_SAFE_DEFAULT
stability_charge,eV/atom,P3,28,fw_Z_std,composition_known_framework,pre_dft_composition,L0,RULE_SAFE_DEFAULT
stability_charge,eV/atom,P3,29,fw_atomic_mass_max,composition_known_framework,pre_dft_composition,L0,RULE_SAFE_DEFAULT
stability_charge,eV/atom,P3,30,fw_atomic_mass_mean,composition_known_framework,pre_dft_composition,L0,RULE_SAFE_DEFAULT
stability_charge,eV/atom,P3,31,fw_atomic_mass_min,composition_known_framework,pre_dft_composition,L0,RULE_SAFE_DEFAULT
stability_charge,eV/atom,P3,32,fw_atomic_mass_range,composition_known_framework,pre_dft_composition,L0,RULE_SAFE_DEFAULT
stability_charge,eV/atom,P3,33,fw_atomic_mass_std,composition_known_framework,pre_dft_composition,L0,RULE_SAFE_DEFAULT
stability_charge,eV/atom,P3,34,fw_frac_Ag,composition_known_framework,pre_dft_composition,L0,RULE_SAFE_DEFAULT
stability_charge,eV/atom,P3,35,fw_frac_Al,composition_known_framework,pre_dft_composition,L0,RULE_SAFE_DEFAULT
stability_charge,eV/atom,P3,36,fw_frac_As,composition_known_framework,pre_dft_composition,L0,RULE_SAFE_DEFAULT
stability_charge,eV/atom,P3,37,fw_frac_B,composition_known_framework,pre_dft_composition,L0,RULE_SAFE_DEFAULT
stability_charge,eV/atom,P3,38,fw_frac_Br,composition_known_framework,pre_dft_composition,L0,RULE_SAFE_DEFAULT
stability_charge,eV/atom,P3,39,fw_frac_C,composition_known_framework,pre_dft_composition,L0,RULE_SAFE_DEFAULT
stability_charge,eV/atom,P3,40,fw_frac_Ca,composition_known_framework,pre_dft_composition,L0,RULE_SAFE_DEFAULT
stability_charge,eV/atom,P3,41,fw_frac_Cl,composition_known_framework,pre_dft_composition,L0,RULE_SAFE_DEFAULT
stability_charge,eV/atom,P3,42,fw_frac_Co,composition_known_framework,pre_dft_composition,L0,RULE_SAFE_DEFAULT
stability_charge,eV/atom,P3,43,fw_frac_Cr,composition_known_framework,pre_dft_composition,L0,RULE_SAFE_DEFAULT
stability_charge,eV/atom,P3,44,fw_frac_Cu,composition_known_framework,pre_dft_composition,L0,RULE_SAFE_DEFAULT
stability_charge,eV/atom,P3,45,fw_frac_F,composition_known_framework,pre_dft_composition,L0,RULE_SAFE_DEFAULT
stability_charge,eV/atom,P3,46,fw_frac_Fe,composition_known_framework,pre_dft_composition,L0,RULE_SAFE_DEFAULT
stability_charge,eV/atom,P3,47,fw_frac_I,composition_known_framework,pre_dft_composition,L0,RULE_SAFE_DEFAULT
stability_charge,eV/atom,P3,48,fw_frac_K,composition_known_framework,pre_dft_composition,L0,RULE_SAFE_DEFAULT
stability_charge,eV/atom,P3,49,fw_frac_Li,composition_known_framework,pre_dft_composition,L0,RULE_SAFE_DEFAULT
stability_charge,eV/atom,P3,50,fw_frac_Mg,composition_known_framework,pre_dft_composition,L0,RULE_SAFE_DEFAULT
stability_charge,eV/atom,P3,51,fw_frac_Mn,composition_known_framework,pre_dft_composition,L0,RULE_SAFE_DEFAULT
stability_charge,eV/atom,P3,52,fw_frac_N,composition_known_framework,pre_dft_composition,L0,RULE_SAFE_DEFAULT
stability_charge,eV/atom,P3,53,fw_frac_Na,composition_known_framework,pre_dft_composition,L0,RULE_SAFE_DEFAULT
stability_charge,eV/atom,P3,54,fw_frac_Ni,composition_known_framework,pre_dft_composition,L0,RULE_SAFE_DEFAULT
stability_charge,eV/atom,P3,55,fw_frac_O,composition_known_framework,pre_dft_composition,L0,RULE_SAFE_DEFAULT
stability_charge,eV/atom,P3,56,fw_frac_P,composition_known_framework,pre_dft_composition,L0,RULE_SAFE_DEFAULT
stability_charge,eV/atom,P3,57,fw_frac_S,composition_known_framework,pre_dft_composition,L0,RULE_SAFE_DEFAULT
stability_charge,eV/atom,P3,58,fw_frac_Si,composition_known_framework,pre_dft_composition,L0,RULE_SAFE_DEFAULT
stability_charge,eV/atom,P3,59,fw_frac_Ti,composition_known_framework,pre_dft_composition,L0,RULE_SAFE_DEFAULT
stability_charge,eV/atom,P3,60,fw_frac_V,composition_known_framework,pre_dft_composition,L0,RULE_SAFE_DEFAULT
stability_charge,eV/atom,P3,61,fw_frac_Zn,composition_known_framework,pre_dft_composition,L0,RULE_SAFE_DEFAULT
stability_charge,eV/atom,P3,62,fw_frac_transition_metals,composition_known_framework,pre_dft_composition,L0,RULE_SAFE_DEFAULT
stability_charge,eV/atom,P3,63,fw_group_max,composition_known_framework,pre_dft_composition,L0,RULE_SAFE_DEFAULT
stability_charge,eV/atom,P3,64,fw_group_mean,composition_known_framework,pre_dft_composition,L0,RULE_SAFE_DEFAULT
stability_charge,eV/atom,P3,65,fw_group_min,composition_known_framework,pre_dft_composition,L0,RULE_SAFE_DEFAULT
stability_charge,eV/atom,P3,66,fw_group_range,composition_known_framework,pre_dft_composition,L0,RULE_SAFE_DEFAULT
stability_charge,eV/atom,P3,67,fw_group_std,composition_known_framework,pre_dft_composition,L0,RULE_SAFE_DEFAULT
stability_charge,eV/atom,P3,68,fw_has_Br,composition_known_framework,pre_dft_composition,L0,RULE_SAFE_DEFAULT
stability_charge,eV/atom,P3,69,fw_has_C,composition_known_framework,pre_dft_composition,L0,RULE_SAFE_DEFAULT
stability_charge,eV/atom,P3,70,fw_has_Cl,composition_known_framework,pre_dft_composition,L0,RULE_SAFE_DEFAULT
stability_charge,eV/atom,P3,71,fw_has_F,composition_known_framework,pre_dft_composition,L0,RULE_SAFE_DEFAULT
stability_charge,eV/atom,P3,72,fw_has_I,composition_known_framework,pre_dft_composition,L0,RULE_SAFE_DEFAULT
stability_charge,eV/atom,P3,73,fw_has_N,composition_known_framework,pre_dft_composition,L0,RULE_SAFE_DEFAULT
stability_charge,eV/atom,P3,74,fw_has_O,composition_known_framework,pre_dft_composition,L0,RULE_SAFE_DEFAULT
stability_charge,eV/atom,P3,75,fw_has_P,composition_known_framework,pre_dft_composition,L0,RULE_SAFE_DEFAULT
stability_charge,eV/atom,P3,76,fw_has_S,composition_known_framework,pre_dft_composition,L0,RULE_SAFE_DEFAULT
stability_charge,eV/atom,P3,77,fw_has_Si,composition_known_framework,pre_dft_composition,L0,RULE_SAFE_DEFAULT
stability_charge,eV/atom,P3,78,fw_n_atoms,composition_known_framework,pre_dft_composition,L0,RULE_SAFE_DEFAULT
stability_charge,eV/atom,P3,79,fw_n_elements,composition_known_framework,pre_dft_composition,L0,RULE_SAFE_DEFAULT
stability_charge,eV/atom,P3,80,fw_n_transition_metals,composition_known_framework,pre_dft_composition,L0,RULE_SAFE_DEFAULT
stability_charge,eV/atom,P3,81,fw_parse_ok,composition_known_framework,pre_dft_composition,L0,RULE_SAFE_DEFAULT
stability_charge,eV/atom,P3,82,fw_row_max,composition_known_framework,pre_dft_composition,L0,RULE_SAFE_DEFAULT
stability_charge,eV/atom,P3,83,fw_row_mean,composition_known_framework,pre_dft_composition,L0,RULE_SAFE_DEFAULT
stability_charge,eV/atom,P3,84,fw_row_min,composition_known_framework,pre_dft_composition,L0,RULE_SAFE_DEFAULT
stability_charge,eV/atom,P3,85,fw_row_range,composition_known_framework,pre_dft_composition,L0,RULE_SAFE_DEFAULT
stability_charge,eV/atom,P3,86,fw_row_std,composition_known_framework,pre_dft_composition,L0,RULE_SAFE_DEFAULT
stability_charge,eV/atom,P3,87,max_voltage_step,stored_electrode_process_descriptor,stored_electrode_record,L0,RULE_SAFE_DEFAULT
stability_charge,eV/atom,P3,88,num_steps,stored_electrode_process_descriptor,stored_electrode_record,L0,RULE_SAFE_DEFAULT
stability_charge,eV/atom,P3,89,summary_abs_delta_band_gap,post_dft_electronic_summary,post_dft_electronic,L4,RULE_POST_DFT_ELECTRONIC
stability_charge,eV/atom,P3,90,summary_abs_delta_density,relaxed_structure_summary,relaxed_structure,L0,RULE_SAFE_STRUCTURE
stability_charge,eV/atom,P3,91,summary_abs_delta_density_atomic,relaxed_structure_summary,relaxed_structure,L0,RULE_SAFE_STRUCTURE
stability_charge,eV/atom,P3,92,summary_abs_delta_formation_energy_per_atom,post_dft_energy_stability_summary,post_dft_thermodynamics,L4,RULE_FORMATION_ENERGY_STABILITY
stability_charge,eV/atom,P3,93,summary_abs_delta_volume_fraction,relaxed_structure_summary,relaxed_structure,L0,RULE_SAFE_STRUCTURE
stability_charge,eV/atom,P3,94,summary_abs_delta_volume_per_site,relaxed_structure_summary,relaxed_structure,L0,RULE_SAFE_STRUCTURE
stability_charge,eV/atom,P3,95,summary_delta_band_gap,post_dft_electronic_summary,post_dft_electronic,L4,RULE_POST_DFT_ELECTRONIC
stability_charge,eV/atom,P3,96,summary_delta_density,relaxed_structure_summary,relaxed_structure,L0,RULE_SAFE_STRUCTURE
stability_charge,eV/atom,P3,97,summary_delta_density_atomic,relaxed_structure_summary,relaxed_structure,L0,RULE_SAFE_STRUCTURE
stability_charge,eV/atom,P3,98,summary_delta_formation_energy_per_atom,post_dft_energy_stability_summary,post_dft_thermodynamics,L4,RULE_FORMATION_ENERGY_STABILITY
stability_charge,eV/atom,P3,99,summary_delta_volume_fraction,relaxed_structure_summary,relaxed_structure,L0,RULE_SAFE_STRUCTURE
stability_charge,eV/atom,P3,100,summary_delta_volume_per_site,relaxed_structure_summary,relaxed_structure,L0,RULE_SAFE_STRUCTURE
stability_charge,eV/atom,P3,101,wi_X,composition_known_working_ion,pre_dft_composition,L0,RULE_SAFE_DEFAULT
stability_charge,eV/atom,P3,102,wi_Z,composition_known_working_ion,pre_dft_composition,L0,RULE_SAFE_DEFAULT
stability_charge,eV/atom,P3,103,wi_atomic_mass,composition_known_working_ion,pre_dft_composition,L0,RULE_SAFE_DEFAULT
stability_charge,eV/atom,P3,104,wi_group,composition_known_working_ion,pre_dft_composition,L0,RULE_SAFE_DEFAULT
stability_charge,eV/atom,P3,105,wi_row,composition_known_working_ion,pre_dft_composition,L0,RULE_SAFE_DEFAULT
stability_charge,eV/atom,P4,1,average_voltage,stored_electrode_target,stored_electrode_record,L4,RULE_OTHER_STORED_TARGET
stability_charge,eV/atom,P4,2,capacity_grav,stored_electrode_target,stored_electrode_record,L4,RULE_OTHER_STORED_TARGET
stability_charge,eV/atom,P4,3,capacity_vol,stored_electrode_target,stored_electrode_record,L4,RULE_OTHER_STORED_TARGET
stability_charge,eV/atom,P4,4,charge_formula_X_max,stoichiometric_window,electrode_state_stoichiometry,L0,RULE_SAFE_DEFAULT
stability_charge,eV/atom,P4,5,charge_formula_X_mean,stoichiometric_window,electrode_state_stoichiometry,L0,RULE_SAFE_DEFAULT
stability_charge,eV/atom,P4,6,charge_formula_X_min,stoichiometric_window,electrode_state_stoichiometry,L0,RULE_SAFE_DEFAULT
stability_charge,eV/atom,P4,7,charge_formula_X_range,stoichiometric_window,electrode_state_stoichiometry,L0,RULE_SAFE_DEFAULT
stability_charge,eV/atom,P4,8,charge_formula_X_std,stoichiometric_window,electrode_state_stoichiometry,L0,RULE_SAFE_DEFAULT
stability_charge,eV/atom,P4,9,charge_formula_Z_max,stoichiometric_window,electrode_state_stoichiometry,L0,RULE_SAFE_DEFAULT
stability_charge,eV/atom,P4,10,charge_formula_Z_mean,stoichiometric_window,electrode_state_stoichiometry,L0,RULE_SAFE_DEFAULT
stability_charge,eV/atom,P4,11,charge_formula_Z_min,stoichiometric_window,electrode_state_stoichiometry,L0,RULE_SAFE_DEFAULT
stability_charge,eV/atom,P4,12,charge_formula_Z_range,stoichiometric_window,electrode_state_stoichiometry,L0,RULE_SAFE_DEFAULT
stability_charge,eV/atom,P4,13,charge_formula_Z_std,stoichiometric_window,electrode_state_stoichiometry,L0,RULE_SAFE_DEFAULT
stability_charge,eV/atom,P4,14,charge_formula_atomic_mass_max,stoichiometric_window,electrode_state_stoichiometry,L0,RULE_SAFE_DEFAULT
stability_charge,eV/atom,P4,15,charge_formula_atomic_mass_mean,stoichiometric_window,electrode_state_stoichiometry,L0,RULE_SAFE_DEFAULT
stability_charge,eV/atom,P4,16,charge_formula_atomic_mass_min,stoichiometric_window,electrode_state_stoichiometry,L0,RULE_SAFE_DEFAULT
stability_charge,eV/atom,P4,17,charge_formula_atomic_mass_range,stoichiometric_window,electrode_state_stoichiometry,L0,RULE_SAFE_DEFAULT
stability_charge,eV/atom,P4,18,charge_formula_atomic_mass_std,stoichiometric_window,electrode_state_stoichiometry,L0,RULE_SAFE_DEFAULT
stability_charge,eV/atom,P4,19,charge_formula_frac_Ag,stoichiometric_window,electrode_state_stoichiometry,L0,RULE_SAFE_DEFAULT
stability_charge,eV/atom,P4,20,charge_formula_frac_Al,stoichiometric_window,electrode_state_stoichiometry,L0,RULE_SAFE_DEFAULT
stability_charge,eV/atom,P4,21,charge_formula_frac_As,stoichiometric_window,electrode_state_stoichiometry,L0,RULE_SAFE_DEFAULT
stability_charge,eV/atom,P4,22,charge_formula_frac_B,stoichiometric_window,electrode_state_stoichiometry,L0,RULE_SAFE_DEFAULT
stability_charge,eV/atom,P4,23,charge_formula_frac_Br,stoichiometric_window,electrode_state_stoichiometry,L0,RULE_SAFE_DEFAULT
stability_charge,eV/atom,P4,24,charge_formula_frac_C,stoichiometric_window,electrode_state_stoichiometry,L0,RULE_SAFE_DEFAULT
stability_charge,eV/atom,P4,25,charge_formula_frac_Ca,stoichiometric_window,electrode_state_stoichiometry,L0,RULE_SAFE_DEFAULT
stability_charge,eV/atom,P4,26,charge_formula_frac_Cl,stoichiometric_window,electrode_state_stoichiometry,L0,RULE_SAFE_DEFAULT
stability_charge,eV/atom,P4,27,charge_formula_frac_Co,stoichiometric_window,electrode_state_stoichiometry,L0,RULE_SAFE_DEFAULT
stability_charge,eV/atom,P4,28,charge_formula_frac_Cr,stoichiometric_window,electrode_state_stoichiometry,L0,RULE_SAFE_DEFAULT
stability_charge,eV/atom,P4,29,charge_formula_frac_Cu,stoichiometric_window,electrode_state_stoichiometry,L0,RULE_SAFE_DEFAULT
stability_charge,eV/atom,P4,30,charge_formula_frac_F,stoichiometric_window,electrode_state_stoichiometry,L0,RULE_SAFE_DEFAULT
stability_charge,eV/atom,P4,31,charge_formula_frac_Fe,stoichiometric_window,electrode_state_stoichiometry,L0,RULE_SAFE_DEFAULT
stability_charge,eV/atom,P4,32,charge_formula_frac_I,stoichiometric_window,electrode_state_stoichiometry,L0,RULE_SAFE_DEFAULT
stability_charge,eV/atom,P4,33,charge_formula_frac_K,stoichiometric_window,electrode_state_stoichiometry,L0,RULE_SAFE_DEFAULT
stability_charge,eV/atom,P4,34,charge_formula_frac_Li,stoichiometric_window,electrode_state_stoichiometry,L0,RULE_SAFE_DEFAULT
stability_charge,eV/atom,P4,35,charge_formula_frac_Mg,stoichiometric_window,electrode_state_stoichiometry,L0,RULE_SAFE_DEFAULT
stability_charge,eV/atom,P4,36,charge_formula_frac_Mn,stoichiometric_window,electrode_state_stoichiometry,L0,RULE_SAFE_DEFAULT
stability_charge,eV/atom,P4,37,charge_formula_frac_N,stoichiometric_window,electrode_state_stoichiometry,L0,RULE_SAFE_DEFAULT
stability_charge,eV/atom,P4,38,charge_formula_frac_Na,stoichiometric_window,electrode_state_stoichiometry,L0,RULE_SAFE_DEFAULT
stability_charge,eV/atom,P4,39,charge_formula_frac_Ni,stoichiometric_window,electrode_state_stoichiometry,L0,RULE_SAFE_DEFAULT
stability_charge,eV/atom,P4,40,charge_formula_frac_O,stoichiometric_window,electrode_state_stoichiometry,L0,RULE_SAFE_DEFAULT
stability_charge,eV/atom,P4,41,charge_formula_frac_P,stoichiometric_window,electrode_state_stoichiometry,L0,RULE_SAFE_DEFAULT
stability_charge,eV/atom,P4,42,charge_formula_frac_S,stoichiometric_window,electrode_state_stoichiometry,L0,RULE_SAFE_DEFAULT
stability_charge,eV/atom,P4,43,charge_formula_frac_Si,stoichiometric_window,electrode_state_stoichiometry,L0,RULE_SAFE_DEFAULT
stability_charge,eV/atom,P4,44,charge_formula_frac_Ti,stoichiometric_window,electrode_state_stoichiometry,L0,RULE_SAFE_DEFAULT
stability_charge,eV/atom,P4,45,charge_formula_frac_V,stoichiometric_window,electrode_state_stoichiometry,L0,RULE_SAFE_DEFAULT
stability_charge,eV/atom,P4,46,charge_formula_frac_Zn,stoichiometric_window,electrode_state_stoichiometry,L0,RULE_SAFE_DEFAULT
stability_charge,eV/atom,P4,47,charge_formula_frac_transition_metals,stoichiometric_window,electrode_state_stoichiometry,L0,RULE_SAFE_DEFAULT
stability_charge,eV/atom,P4,48,charge_formula_group_max,stoichiometric_window,electrode_state_stoichiometry,L0,RULE_SAFE_DEFAULT
stability_charge,eV/atom,P4,49,charge_formula_group_mean,stoichiometric_window,electrode_state_stoichiometry,L0,RULE_SAFE_DEFAULT
stability_charge,eV/atom,P4,50,charge_formula_group_min,stoichiometric_window,electrode_state_stoichiometry,L0,RULE_SAFE_DEFAULT
stability_charge,eV/atom,P4,51,charge_formula_group_range,stoichiometric_window,electrode_state_stoichiometry,L0,RULE_SAFE_DEFAULT
stability_charge,eV/atom,P4,52,charge_formula_group_std,stoichiometric_window,electrode_state_stoichiometry,L0,RULE_SAFE_DEFAULT
stability_charge,eV/atom,P4,53,charge_formula_has_Br,stoichiometric_window,electrode_state_stoichiometry,L0,RULE_SAFE_DEFAULT
stability_charge,eV/atom,P4,54,charge_formula_has_C,stoichiometric_window,electrode_state_stoichiometry,L0,RULE_SAFE_DEFAULT
stability_charge,eV/atom,P4,55,charge_formula_has_Cl,stoichiometric_window,electrode_state_stoichiometry,L0,RULE_SAFE_DEFAULT
stability_charge,eV/atom,P4,56,charge_formula_has_F,stoichiometric_window,electrode_state_stoichiometry,L0,RULE_SAFE_DEFAULT
stability_charge,eV/atom,P4,57,charge_formula_has_I,stoichiometric_window,electrode_state_stoichiometry,L0,RULE_SAFE_DEFAULT
stability_charge,eV/atom,P4,58,charge_formula_has_N,stoichiometric_window,electrode_state_stoichiometry,L0,RULE_SAFE_DEFAULT
stability_charge,eV/atom,P4,59,charge_formula_has_O,stoichiometric_window,electrode_state_stoichiometry,L0,RULE_SAFE_DEFAULT
stability_charge,eV/atom,P4,60,charge_formula_has_P,stoichiometric_window,electrode_state_stoichiometry,L0,RULE_SAFE_DEFAULT
stability_charge,eV/atom,P4,61,charge_formula_has_S,stoichiometric_window,electrode_state_stoichiometry,L0,RULE_SAFE_DEFAULT
stability_charge,eV/atom,P4,62,charge_formula_has_Si,stoichiometric_window,electrode_state_stoichiometry,L0,RULE_SAFE_DEFAULT
stability_charge,eV/atom,P4,63,charge_formula_n_atoms,stoichiometric_window,electrode_state_stoichiometry,L0,RULE_SAFE_DEFAULT
stability_charge,eV/atom,P4,64,charge_formula_n_elements,stoichiometric_window,electrode_state_stoichiometry,L0,RULE_SAFE_DEFAULT
stability_charge,eV/atom,P4,65,charge_formula_n_transition_metals,stoichiometric_window,electrode_state_stoichiometry,L0,RULE_SAFE_DEFAULT
stability_charge,eV/atom,P4,66,charge_formula_parse_ok,stoichiometric_window,electrode_state_stoichiometry,L0,RULE_SAFE_DEFAULT
stability_charge,eV/atom,P4,67,charge_formula_row_max,stoichiometric_window,electrode_state_stoichiometry,L0,RULE_SAFE_DEFAULT
stability_charge,eV/atom,P4,68,charge_formula_row_mean,stoichiometric_window,electrode_state_stoichiometry,L0,RULE_SAFE_DEFAULT
stability_charge,eV/atom,P4,69,charge_formula_row_min,stoichiometric_window,electrode_state_stoichiometry,L0,RULE_SAFE_DEFAULT
stability_charge,eV/atom,P4,70,charge_formula_row_range,stoichiometric_window,electrode_state_stoichiometry,L0,RULE_SAFE_DEFAULT
stability_charge,eV/atom,P4,71,charge_formula_row_std,stoichiometric_window,electrode_state_stoichiometry,L0,RULE_SAFE_DEFAULT
stability_charge,eV/atom,P4,72,charge_summary_band_gap,post_dft_electronic_summary,post_dft_electronic,L4,RULE_POST_DFT_ELECTRONIC
stability_charge,eV/atom,P4,73,charge_summary_density,relaxed_structure_summary,relaxed_structure,L0,RULE_SAFE_STRUCTURE
stability_charge,eV/atom,P4,74,charge_summary_density_atomic,relaxed_structure_summary,relaxed_structure,L0,RULE_SAFE_STRUCTURE
stability_charge,eV/atom,P4,75,charge_summary_energy_above_hull,post_dft_energy_stability_summary,post_dft_thermodynamics,L2,RULE_HULL_STABILITY
stability_charge,eV/atom,P4,76,charge_summary_formation_energy_per_atom,post_dft_energy_stability_summary,post_dft_thermodynamics,L4,RULE_FORMATION_ENERGY_STABILITY
stability_charge,eV/atom,P4,77,charge_summary_is_metal,post_dft_electronic_summary,post_dft_electronic,L4,RULE_POST_DFT_ELECTRONIC
stability_charge,eV/atom,P4,78,charge_summary_is_stable,post_dft_energy_stability_summary,post_dft_thermodynamics,L2,RULE_HULL_STABILITY
stability_charge,eV/atom,P4,79,charge_summary_nsites,relaxed_structure_summary,relaxed_structure,L0,RULE_SAFE_STRUCTURE
stability_charge,eV/atom,P4,80,charge_summary_symmetry_number,relaxed_structure_summary,relaxed_structure,L0,RULE_SAFE_STRUCTURE
stability_charge,eV/atom,P4,81,charge_summary_theoretical,post_dft_provenance_flag,post_dft_provenance,L4,RULE_POST_DFT_PROVENANCE
stability_charge,eV/atom,P4,82,charge_summary_volume,relaxed_structure_summary,relaxed_structure,L0,RULE_SAFE_STRUCTURE
stability_charge,eV/atom,P4,83,charge_summary_volume_per_site,relaxed_structure_summary,relaxed_structure,L0,RULE_SAFE_STRUCTURE
stability_charge,eV/atom,P4,84,discharge_formula_X_max,stoichiometric_window,electrode_state_stoichiometry,L0,RULE_SAFE_DEFAULT
stability_charge,eV/atom,P4,85,discharge_formula_X_mean,stoichiometric_window,electrode_state_stoichiometry,L0,RULE_SAFE_DEFAULT
stability_charge,eV/atom,P4,86,discharge_formula_X_min,stoichiometric_window,electrode_state_stoichiometry,L0,RULE_SAFE_DEFAULT
stability_charge,eV/atom,P4,87,discharge_formula_X_range,stoichiometric_window,electrode_state_stoichiometry,L0,RULE_SAFE_DEFAULT
stability_charge,eV/atom,P4,88,discharge_formula_X_std,stoichiometric_window,electrode_state_stoichiometry,L0,RULE_SAFE_DEFAULT
stability_charge,eV/atom,P4,89,discharge_formula_Z_max,stoichiometric_window,electrode_state_stoichiometry,L0,RULE_SAFE_DEFAULT
stability_charge,eV/atom,P4,90,discharge_formula_Z_mean,stoichiometric_window,electrode_state_stoichiometry,L0,RULE_SAFE_DEFAULT
stability_charge,eV/atom,P4,91,discharge_formula_Z_min,stoichiometric_window,electrode_state_stoichiometry,L0,RULE_SAFE_DEFAULT
stability_charge,eV/atom,P4,92,discharge_formula_Z_range,stoichiometric_window,electrode_state_stoichiometry,L0,RULE_SAFE_DEFAULT
stability_charge,eV/atom,P4,93,discharge_formula_Z_std,stoichiometric_window,electrode_state_stoichiometry,L0,RULE_SAFE_DEFAULT
stability_charge,eV/atom,P4,94,discharge_formula_atomic_mass_max,stoichiometric_window,electrode_state_stoichiometry,L0,RULE_SAFE_DEFAULT
stability_charge,eV/atom,P4,95,discharge_formula_atomic_mass_mean,stoichiometric_window,electrode_state_stoichiometry,L0,RULE_SAFE_DEFAULT
stability_charge,eV/atom,P4,96,discharge_formula_atomic_mass_min,stoichiometric_window,electrode_state_stoichiometry,L0,RULE_SAFE_DEFAULT
stability_charge,eV/atom,P4,97,discharge_formula_atomic_mass_range,stoichiometric_window,electrode_state_stoichiometry,L0,RULE_SAFE_DEFAULT
stability_charge,eV/atom,P4,98,discharge_formula_atomic_mass_std,stoichiometric_window,electrode_state_stoichiometry,L0,RULE_SAFE_DEFAULT
stability_charge,eV/atom,P4,99,discharge_formula_frac_Ag,stoichiometric_window,electrode_state_stoichiometry,L0,RULE_SAFE_DEFAULT
stability_charge,eV/atom,P4,100,discharge_formula_frac_Al,stoichiometric_window,electrode_state_stoichiometry,L0,RULE_SAFE_DEFAULT
stability_charge,eV/atom,P4,101,discharge_formula_frac_As,stoichiometric_window,electrode_state_stoichiometry,L0,RULE_SAFE_DEFAULT
stability_charge,eV/atom,P4,102,discharge_formula_frac_B,stoichiometric_window,electrode_state_stoichiometry,L0,RULE_SAFE_DEFAULT
stability_charge,eV/atom,P4,103,discharge_formula_frac_Br,stoichiometric_window,electrode_state_stoichiometry,L0,RULE_SAFE_DEFAULT
stability_charge,eV/atom,P4,104,discharge_formula_frac_C,stoichiometric_window,electrode_state_stoichiometry,L0,RULE_SAFE_DEFAULT
stability_charge,eV/atom,P4,105,discharge_formula_frac_Ca,stoichiometric_window,electrode_state_stoichiometry,L0,RULE_SAFE_DEFAULT
stability_charge,eV/atom,P4,106,discharge_formula_frac_Cl,stoichiometric_window,electrode_state_stoichiometry,L0,RULE_SAFE_DEFAULT
stability_charge,eV/atom,P4,107,discharge_formula_frac_Co,stoichiometric_window,electrode_state_stoichiometry,L0,RULE_SAFE_DEFAULT
stability_charge,eV/atom,P4,108,discharge_formula_frac_Cr,stoichiometric_window,electrode_state_stoichiometry,L0,RULE_SAFE_DEFAULT
stability_charge,eV/atom,P4,109,discharge_formula_frac_Cu,stoichiometric_window,electrode_state_stoichiometry,L0,RULE_SAFE_DEFAULT
stability_charge,eV/atom,P4,110,discharge_formula_frac_F,stoichiometric_window,electrode_state_stoichiometry,L0,RULE_SAFE_DEFAULT
stability_charge,eV/atom,P4,111,discharge_formula_frac_Fe,stoichiometric_window,electrode_state_stoichiometry,L0,RULE_SAFE_DEFAULT
stability_charge,eV/atom,P4,112,discharge_formula_frac_I,stoichiometric_window,electrode_state_stoichiometry,L0,RULE_SAFE_DEFAULT
stability_charge,eV/atom,P4,113,discharge_formula_frac_K,stoichiometric_window,electrode_state_stoichiometry,L0,RULE_SAFE_DEFAULT
stability_charge,eV/atom,P4,114,discharge_formula_frac_Li,stoichiometric_window,electrode_state_stoichiometry,L0,RULE_SAFE_DEFAULT
stability_charge,eV/atom,P4,115,discharge_formula_frac_Mg,stoichiometric_window,electrode_state_stoichiometry,L0,RULE_SAFE_DEFAULT
stability_charge,eV/atom,P4,116,discharge_formula_frac_Mn,stoichiometric_window,electrode_state_stoichiometry,L0,RULE_SAFE_DEFAULT
stability_charge,eV/atom,P4,117,discharge_formula_frac_N,stoichiometric_window,electrode_state_stoichiometry,L0,RULE_SAFE_DEFAULT
stability_charge,eV/atom,P4,118,discharge_formula_frac_Na,stoichiometric_window,electrode_state_stoichiometry,L0,RULE_SAFE_DEFAULT
stability_charge,eV/atom,P4,119,discharge_formula_frac_Ni,stoichiometric_window,electrode_state_stoichiometry,L0,RULE_SAFE_DEFAULT
stability_charge,eV/atom,P4,120,discharge_formula_frac_O,stoichiometric_window,electrode_state_stoichiometry,L0,RULE_SAFE_DEFAULT
stability_charge,eV/atom,P4,121,discharge_formula_frac_P,stoichiometric_window,electrode_state_stoichiometry,L0,RULE_SAFE_DEFAULT
stability_charge,eV/atom,P4,122,discharge_formula_frac_S,stoichiometric_window,electrode_state_stoichiometry,L0,RULE_SAFE_DEFAULT
stability_charge,eV/atom,P4,123,discharge_formula_frac_Si,stoichiometric_window,electrode_state_stoichiometry,L0,RULE_SAFE_DEFAULT
stability_charge,eV/atom,P4,124,discharge_formula_frac_Ti,stoichiometric_window,electrode_state_stoichiometry,L0,RULE_SAFE_DEFAULT
stability_charge,eV/atom,P4,125,discharge_formula_frac_V,stoichiometric_window,electrode_state_stoichiometry,L0,RULE_SAFE_DEFAULT
stability_charge,eV/atom,P4,126,discharge_formula_frac_Zn,stoichiometric_window,electrode_state_stoichiometry,L0,RULE_SAFE_DEFAULT
stability_charge,eV/atom,P4,127,discharge_formula_frac_transition_metals,stoichiometric_window,electrode_state_stoichiometry,L0,RULE_SAFE_DEFAULT
stability_charge,eV/atom,P4,128,discharge_formula_group_max,stoichiometric_window,electrode_state_stoichiometry,L0,RULE_SAFE_DEFAULT
stability_charge,eV/atom,P4,129,discharge_formula_group_mean,stoichiometric_window,electrode_state_stoichiometry,L0,RULE_SAFE_DEFAULT
stability_charge,eV/atom,P4,130,discharge_formula_group_min,stoichiometric_window,electrode_state_stoichiometry,L0,RULE_SAFE_DEFAULT
stability_charge,eV/atom,P4,131,discharge_formula_group_range,stoichiometric_window,electrode_state_stoichiometry,L0,RULE_SAFE_DEFAULT
stability_charge,eV/atom,P4,132,discharge_formula_group_std,stoichiometric_window,electrode_state_stoichiometry,L0,RULE_SAFE_DEFAULT
stability_charge,eV/atom,P4,133,discharge_formula_has_Br,stoichiometric_window,electrode_state_stoichiometry,L0,RULE_SAFE_DEFAULT
stability_charge,eV/atom,P4,134,discharge_formula_has_C,stoichiometric_window,electrode_state_stoichiometry,L0,RULE_SAFE_DEFAULT
stability_charge,eV/atom,P4,135,discharge_formula_has_Cl,stoichiometric_window,electrode_state_stoichiometry,L0,RULE_SAFE_DEFAULT
stability_charge,eV/atom,P4,136,discharge_formula_has_F,stoichiometric_window,electrode_state_stoichiometry,L0,RULE_SAFE_DEFAULT
stability_charge,eV/atom,P4,137,discharge_formula_has_I,stoichiometric_window,electrode_state_stoichiometry,L0,RULE_SAFE_DEFAULT
stability_charge,eV/atom,P4,138,discharge_formula_has_N,stoichiometric_window,electrode_state_stoichiometry,L0,RULE_SAFE_DEFAULT
stability_charge,eV/atom,P4,139,discharge_formula_has_O,stoichiometric_window,electrode_state_stoichiometry,L0,RULE_SAFE_DEFAULT
stability_charge,eV/atom,P4,140,discharge_formula_has_P,stoichiometric_window,electrode_state_stoichiometry,L0,RULE_SAFE_DEFAULT
stability_charge,eV/atom,P4,141,discharge_formula_has_S,stoichiometric_window,electrode_state_stoichiometry,L0,RULE_SAFE_DEFAULT
stability_charge,eV/atom,P4,142,discharge_formula_has_Si,stoichiometric_window,electrode_state_stoichiometry,L0,RULE_SAFE_DEFAULT
stability_charge,eV/atom,P4,143,discharge_formula_n_atoms,stoichiometric_window,electrode_state_stoichiometry,L0,RULE_SAFE_DEFAULT
stability_charge,eV/atom,P4,144,discharge_formula_n_elements,stoichiometric_window,electrode_state_stoichiometry,L0,RULE_SAFE_DEFAULT
stability_charge,eV/atom,P4,145,discharge_formula_n_transition_metals,stoichiometric_window,electrode_state_stoichiometry,L0,RULE_SAFE_DEFAULT
stability_charge,eV/atom,P4,146,discharge_formula_parse_ok,stoichiometric_window,electrode_state_stoichiometry,L0,RULE_SAFE_DEFAULT
stability_charge,eV/atom,P4,147,discharge_formula_row_max,stoichiometric_window,electrode_state_stoichiometry,L0,RULE_SAFE_DEFAULT
stability_charge,eV/atom,P4,148,discharge_formula_row_mean,stoichiometric_window,electrode_state_stoichiometry,L0,RULE_SAFE_DEFAULT
stability_charge,eV/atom,P4,149,discharge_formula_row_min,stoichiometric_window,electrode_state_stoichiometry,L0,RULE_SAFE_DEFAULT
stability_charge,eV/atom,P4,150,discharge_formula_row_range,stoichiometric_window,electrode_state_stoichiometry,L0,RULE_SAFE_DEFAULT
stability_charge,eV/atom,P4,151,discharge_formula_row_std,stoichiometric_window,electrode_state_stoichiometry,L0,RULE_SAFE_DEFAULT
stability_charge,eV/atom,P4,152,discharge_summary_band_gap,post_dft_electronic_summary,post_dft_electronic,L4,RULE_POST_DFT_ELECTRONIC
stability_charge,eV/atom,P4,153,discharge_summary_density,relaxed_structure_summary,relaxed_structure,L0,RULE_SAFE_STRUCTURE
stability_charge,eV/atom,P4,154,discharge_summary_density_atomic,relaxed_structure_summary,relaxed_structure,L0,RULE_SAFE_STRUCTURE
stability_charge,eV/atom,P4,155,discharge_summary_energy_above_hull,post_dft_energy_stability_summary,post_dft_thermodynamics,L2,RULE_HULL_STABILITY
stability_charge,eV/atom,P4,156,discharge_summary_formation_energy_per_atom,post_dft_energy_stability_summary,post_dft_thermodynamics,L4,RULE_FORMATION_ENERGY_STABILITY
stability_charge,eV/atom,P4,157,discharge_summary_is_metal,post_dft_electronic_summary,post_dft_electronic,L4,RULE_POST_DFT_ELECTRONIC
stability_charge,eV/atom,P4,158,discharge_summary_is_stable,post_dft_energy_stability_summary,post_dft_thermodynamics,L2,RULE_HULL_STABILITY
stability_charge,eV/atom,P4,159,discharge_summary_nsites,relaxed_structure_summary,relaxed_structure,L0,RULE_SAFE_STRUCTURE
stability_charge,eV/atom,P4,160,discharge_summary_symmetry_number,relaxed_structure_summary,relaxed_structure,L0,RULE_SAFE_STRUCTURE
stability_charge,eV/atom,P4,161,discharge_summary_theoretical,post_dft_provenance_flag,post_dft_provenance,L4,RULE_POST_DFT_PROVENANCE
stability_charge,eV/atom,P4,162,discharge_summary_volume,relaxed_structure_summary,relaxed_structure,L0,RULE_SAFE_STRUCTURE
stability_charge,eV/atom,P4,163,discharge_summary_volume_per_site,relaxed_structure_summary,relaxed_structure,L0,RULE_SAFE_STRUCTURE
stability_charge,eV/atom,P4,164,energy_grav,stored_electrode_target,stored_electrode_record,L4,RULE_OTHER_STORED_TARGET
stability_charge,eV/atom,P4,165,energy_vol,stored_electrode_target,stored_electrode_record,L4,RULE_OTHER_STORED_TARGET
stability_charge,eV/atom,P4,166,fracA_charge,stoichiometric_window,electrode_state_stoichiometry,L0,RULE_SAFE_DEFAULT
stability_charge,eV/atom,P4,167,fracA_discharge,stoichiometric_window,electrode_state_stoichiometry,L0,RULE_SAFE_DEFAULT
stability_charge,eV/atom,P4,168,fw_X_max,composition_known_framework,pre_dft_composition,L0,RULE_SAFE_DEFAULT
stability_charge,eV/atom,P4,169,fw_X_mean,composition_known_framework,pre_dft_composition,L0,RULE_SAFE_DEFAULT
stability_charge,eV/atom,P4,170,fw_X_min,composition_known_framework,pre_dft_composition,L0,RULE_SAFE_DEFAULT
stability_charge,eV/atom,P4,171,fw_X_range,composition_known_framework,pre_dft_composition,L0,RULE_SAFE_DEFAULT
stability_charge,eV/atom,P4,172,fw_X_std,composition_known_framework,pre_dft_composition,L0,RULE_SAFE_DEFAULT
stability_charge,eV/atom,P4,173,fw_Z_max,composition_known_framework,pre_dft_composition,L0,RULE_SAFE_DEFAULT
stability_charge,eV/atom,P4,174,fw_Z_mean,composition_known_framework,pre_dft_composition,L0,RULE_SAFE_DEFAULT
stability_charge,eV/atom,P4,175,fw_Z_min,composition_known_framework,pre_dft_composition,L0,RULE_SAFE_DEFAULT
stability_charge,eV/atom,P4,176,fw_Z_range,composition_known_framework,pre_dft_composition,L0,RULE_SAFE_DEFAULT
stability_charge,eV/atom,P4,177,fw_Z_std,composition_known_framework,pre_dft_composition,L0,RULE_SAFE_DEFAULT
stability_charge,eV/atom,P4,178,fw_atomic_mass_max,composition_known_framework,pre_dft_composition,L0,RULE_SAFE_DEFAULT
stability_charge,eV/atom,P4,179,fw_atomic_mass_mean,composition_known_framework,pre_dft_composition,L0,RULE_SAFE_DEFAULT
stability_charge,eV/atom,P4,180,fw_atomic_mass_min,composition_known_framework,pre_dft_composition,L0,RULE_SAFE_DEFAULT
stability_charge,eV/atom,P4,181,fw_atomic_mass_range,composition_known_framework,pre_dft_composition,L0,RULE_SAFE_DEFAULT
stability_charge,eV/atom,P4,182,fw_atomic_mass_std,composition_known_framework,pre_dft_composition,L0,RULE_SAFE_DEFAULT
stability_charge,eV/atom,P4,183,fw_frac_Ag,composition_known_framework,pre_dft_composition,L0,RULE_SAFE_DEFAULT
stability_charge,eV/atom,P4,184,fw_frac_Al,composition_known_framework,pre_dft_composition,L0,RULE_SAFE_DEFAULT
stability_charge,eV/atom,P4,185,fw_frac_As,composition_known_framework,pre_dft_composition,L0,RULE_SAFE_DEFAULT
stability_charge,eV/atom,P4,186,fw_frac_B,composition_known_framework,pre_dft_composition,L0,RULE_SAFE_DEFAULT
stability_charge,eV/atom,P4,187,fw_frac_Br,composition_known_framework,pre_dft_composition,L0,RULE_SAFE_DEFAULT
stability_charge,eV/atom,P4,188,fw_frac_C,composition_known_framework,pre_dft_composition,L0,RULE_SAFE_DEFAULT
stability_charge,eV/atom,P4,189,fw_frac_Ca,composition_known_framework,pre_dft_composition,L0,RULE_SAFE_DEFAULT
stability_charge,eV/atom,P4,190,fw_frac_Cl,composition_known_framework,pre_dft_composition,L0,RULE_SAFE_DEFAULT
stability_charge,eV/atom,P4,191,fw_frac_Co,composition_known_framework,pre_dft_composition,L0,RULE_SAFE_DEFAULT
stability_charge,eV/atom,P4,192,fw_frac_Cr,composition_known_framework,pre_dft_composition,L0,RULE_SAFE_DEFAULT
stability_charge,eV/atom,P4,193,fw_frac_Cu,composition_known_framework,pre_dft_composition,L0,RULE_SAFE_DEFAULT
stability_charge,eV/atom,P4,194,fw_frac_F,composition_known_framework,pre_dft_composition,L0,RULE_SAFE_DEFAULT
stability_charge,eV/atom,P4,195,fw_frac_Fe,composition_known_framework,pre_dft_composition,L0,RULE_SAFE_DEFAULT
stability_charge,eV/atom,P4,196,fw_frac_I,composition_known_framework,pre_dft_composition,L0,RULE_SAFE_DEFAULT
stability_charge,eV/atom,P4,197,fw_frac_K,composition_known_framework,pre_dft_composition,L0,RULE_SAFE_DEFAULT
stability_charge,eV/atom,P4,198,fw_frac_Li,composition_known_framework,pre_dft_composition,L0,RULE_SAFE_DEFAULT
stability_charge,eV/atom,P4,199,fw_frac_Mg,composition_known_framework,pre_dft_composition,L0,RULE_SAFE_DEFAULT
stability_charge,eV/atom,P4,200,fw_frac_Mn,composition_known_framework,pre_dft_composition,L0,RULE_SAFE_DEFAULT
stability_charge,eV/atom,P4,201,fw_frac_N,composition_known_framework,pre_dft_composition,L0,RULE_SAFE_DEFAULT
stability_charge,eV/atom,P4,202,fw_frac_Na,composition_known_framework,pre_dft_composition,L0,RULE_SAFE_DEFAULT
stability_charge,eV/atom,P4,203,fw_frac_Ni,composition_known_framework,pre_dft_composition,L0,RULE_SAFE_DEFAULT
stability_charge,eV/atom,P4,204,fw_frac_O,composition_known_framework,pre_dft_composition,L0,RULE_SAFE_DEFAULT
stability_charge,eV/atom,P4,205,fw_frac_P,composition_known_framework,pre_dft_composition,L0,RULE_SAFE_DEFAULT
stability_charge,eV/atom,P4,206,fw_frac_S,composition_known_framework,pre_dft_composition,L0,RULE_SAFE_DEFAULT
stability_charge,eV/atom,P4,207,fw_frac_Si,composition_known_framework,pre_dft_composition,L0,RULE_SAFE_DEFAULT
stability_charge,eV/atom,P4,208,fw_frac_Ti,composition_known_framework,pre_dft_composition,L0,RULE_SAFE_DEFAULT
stability_charge,eV/atom,P4,209,fw_frac_V,composition_known_framework,pre_dft_composition,L0,RULE_SAFE_DEFAULT
stability_charge,eV/atom,P4,210,fw_frac_Zn,composition_known_framework,pre_dft_composition,L0,RULE_SAFE_DEFAULT
stability_charge,eV/atom,P4,211,fw_frac_transition_metals,composition_known_framework,pre_dft_composition,L0,RULE_SAFE_DEFAULT
stability_charge,eV/atom,P4,212,fw_group_max,composition_known_framework,pre_dft_composition,L0,RULE_SAFE_DEFAULT
stability_charge,eV/atom,P4,213,fw_group_mean,composition_known_framework,pre_dft_composition,L0,RULE_SAFE_DEFAULT
stability_charge,eV/atom,P4,214,fw_group_min,composition_known_framework,pre_dft_composition,L0,RULE_SAFE_DEFAULT
stability_charge,eV/atom,P4,215,fw_group_range,composition_known_framework,pre_dft_composition,L0,RULE_SAFE_DEFAULT
stability_charge,eV/atom,P4,216,fw_group_std,composition_known_framework,pre_dft_composition,L0,RULE_SAFE_DEFAULT
stability_charge,eV/atom,P4,217,fw_has_Br,composition_known_framework,pre_dft_composition,L0,RULE_SAFE_DEFAULT
stability_charge,eV/atom,P4,218,fw_has_C,composition_known_framework,pre_dft_composition,L0,RULE_SAFE_DEFAULT
stability_charge,eV/atom,P4,219,fw_has_Cl,composition_known_framework,pre_dft_composition,L0,RULE_SAFE_DEFAULT
stability_charge,eV/atom,P4,220,fw_has_F,composition_known_framework,pre_dft_composition,L0,RULE_SAFE_DEFAULT
stability_charge,eV/atom,P4,221,fw_has_I,composition_known_framework,pre_dft_composition,L0,RULE_SAFE_DEFAULT
stability_charge,eV/atom,P4,222,fw_has_N,composition_known_framework,pre_dft_composition,L0,RULE_SAFE_DEFAULT
stability_charge,eV/atom,P4,223,fw_has_O,composition_known_framework,pre_dft_composition,L0,RULE_SAFE_DEFAULT
stability_charge,eV/atom,P4,224,fw_has_P,composition_known_framework,pre_dft_composition,L0,RULE_SAFE_DEFAULT
stability_charge,eV/atom,P4,225,fw_has_S,composition_known_framework,pre_dft_composition,L0,RULE_SAFE_DEFAULT
stability_charge,eV/atom,P4,226,fw_has_Si,composition_known_framework,pre_dft_composition,L0,RULE_SAFE_DEFAULT
stability_charge,eV/atom,P4,227,fw_n_atoms,composition_known_framework,pre_dft_composition,L0,RULE_SAFE_DEFAULT
stability_charge,eV/atom,P4,228,fw_n_elements,composition_known_framework,pre_dft_composition,L0,RULE_SAFE_DEFAULT
stability_charge,eV/atom,P4,229,fw_n_transition_metals,composition_known_framework,pre_dft_composition,L0,RULE_SAFE_DEFAULT
stability_charge,eV/atom,P4,230,fw_parse_ok,composition_known_framework,pre_dft_composition,L0,RULE_SAFE_DEFAULT
stability_charge,eV/atom,P4,231,fw_row_max,composition_known_framework,pre_dft_composition,L0,RULE_SAFE_DEFAULT
stability_charge,eV/atom,P4,232,fw_row_mean,composition_known_framework,pre_dft_composition,L0,RULE_SAFE_DEFAULT
stability_charge,eV/atom,P4,233,fw_row_min,composition_known_framework,pre_dft_composition,L0,RULE_SAFE_DEFAULT
stability_charge,eV/atom,P4,234,fw_row_range,composition_known_framework,pre_dft_composition,L0,RULE_SAFE_DEFAULT
stability_charge,eV/atom,P4,235,fw_row_std,composition_known_framework,pre_dft_composition,L0,RULE_SAFE_DEFAULT
stability_charge,eV/atom,P4,236,max_delta_volume,stored_electrode_target,stored_electrode_record,L4,RULE_OTHER_STORED_TARGET
stability_charge,eV/atom,P4,237,max_voltage_step,stored_electrode_process_descriptor,stored_electrode_record,L0,RULE_SAFE_DEFAULT
stability_charge,eV/atom,P4,238,num_steps,stored_electrode_process_descriptor,stored_electrode_record,L0,RULE_SAFE_DEFAULT
stability_charge,eV/atom,P4,239,stability_charge,stored_electrode_target,stored_electrode_record,L1,RULE_DIRECT_TARGET
stability_charge,eV/atom,P4,240,stability_discharge,stored_electrode_target,stored_electrode_record,L2,RULE_STABILITY_AGGREGATION
stability_charge,eV/atom,P4,241,stability_worst,stored_electrode_target,stored_electrode_record,L2,RULE_STABILITY_AGGREGATION
stability_charge,eV/atom,P4,242,stoich_abs_wi_amount_delta,stoichiometric_window,electrode_state_stoichiometry,L0,RULE_SAFE_DEFAULT
stability_charge,eV/atom,P4,243,stoich_wi_amount_charge,stoichiometric_window,electrode_state_stoichiometry,L0,RULE_SAFE_DEFAULT
stability_charge,eV/atom,P4,244,stoich_wi_amount_delta,stoichiometric_window,electrode_state_stoichiometry,L0,RULE_SAFE_DEFAULT
stability_charge,eV/atom,P4,245,stoich_wi_amount_discharge,stoichiometric_window,electrode_state_stoichiometry,L0,RULE_SAFE_DEFAULT
stability_charge,eV/atom,P4,246,stored_abs_fracA_delta,other_numeric,derived_miscellaneous,L0,RULE_SAFE_DEFAULT
stability_charge,eV/atom,P4,247,stored_fracA_delta,stoichiometric_window,electrode_state_stoichiometry,L0,RULE_SAFE_DEFAULT
stability_charge,eV/atom,P4,248,summary_abs_delta_band_gap,post_dft_electronic_summary,post_dft_electronic,L4,RULE_POST_DFT_ELECTRONIC
stability_charge,eV/atom,P4,249,summary_abs_delta_density,relaxed_structure_summary,relaxed_structure,L0,RULE_SAFE_STRUCTURE
stability_charge,eV/atom,P4,250,summary_abs_delta_density_atomic,relaxed_structure_summary,relaxed_structure,L0,RULE_SAFE_STRUCTURE
stability_charge,eV/atom,P4,251,summary_abs_delta_energy_above_hull,post_dft_energy_stability_summary,post_dft_thermodynamics,L2,RULE_HULL_STABILITY
stability_charge,eV/atom,P4,252,summary_abs_delta_formation_energy_per_atom,post_dft_energy_stability_summary,post_dft_thermodynamics,L4,RULE_FORMATION_ENERGY_STABILITY
stability_charge,eV/atom,P4,253,summary_abs_delta_volume_fraction,relaxed_structure_summary,relaxed_structure,L0,RULE_SAFE_STRUCTURE
stability_charge,eV/atom,P4,254,summary_abs_delta_volume_per_site,relaxed_structure_summary,relaxed_structure,L0,RULE_SAFE_STRUCTURE
stability_charge,eV/atom,P4,255,summary_delta_band_gap,post_dft_electronic_summary,post_dft_electronic,L4,RULE_POST_DFT_ELECTRONIC
stability_charge,eV/atom,P4,256,summary_delta_density,relaxed_structure_summary,relaxed_structure,L0,RULE_SAFE_STRUCTURE
stability_charge,eV/atom,P4,257,summary_delta_density_atomic,relaxed_structure_summary,relaxed_structure,L0,RULE_SAFE_STRUCTURE
stability_charge,eV/atom,P4,258,summary_delta_energy_above_hull,post_dft_energy_stability_summary,post_dft_thermodynamics,L2,RULE_HULL_STABILITY
stability_charge,eV/atom,P4,259,summary_delta_formation_energy_per_atom,post_dft_energy_stability_summary,post_dft_thermodynamics,L4,RULE_FORMATION_ENERGY_STABILITY
stability_charge,eV/atom,P4,260,summary_delta_volume_fraction,relaxed_structure_summary,relaxed_structure,L0,RULE_SAFE_STRUCTURE
stability_charge,eV/atom,P4,261,summary_delta_volume_per_site,relaxed_structure_summary,relaxed_structure,L0,RULE_SAFE_STRUCTURE
stability_charge,eV/atom,P4,262,summary_worst_energy_above_hull,post_dft_energy_stability_summary,post_dft_thermodynamics,L2,RULE_HULL_STABILITY
stability_charge,eV/atom,P4,263,wi_X,composition_known_working_ion,pre_dft_composition,L0,RULE_SAFE_DEFAULT
stability_charge,eV/atom,P4,264,wi_Z,composition_known_working_ion,pre_dft_composition,L0,RULE_SAFE_DEFAULT
stability_charge,eV/atom,P4,265,wi_atomic_mass,composition_known_working_ion,pre_dft_composition,L0,RULE_SAFE_DEFAULT
stability_charge,eV/atom,P4,266,wi_group,composition_known_working_ion,pre_dft_composition,L0,RULE_SAFE_DEFAULT
stability_charge,eV/atom,P4,267,wi_row,composition_known_working_ion,pre_dft_composition,L0,RULE_SAFE_DEFAULT
stability_discharge,eV/atom,P0,1,average_voltage,stored_electrode_target,stored_electrode_record,L4,RULE_OTHER_STORED_TARGET
stability_discharge,eV/atom,P0,2,capacity_grav,stored_electrode_target,stored_electrode_record,L4,RULE_OTHER_STORED_TARGET
stability_discharge,eV/atom,P0,3,capacity_vol,stored_electrode_target,stored_electrode_record,L4,RULE_OTHER_STORED_TARGET
stability_discharge,eV/atom,P0,4,charge_formula_X_max,stoichiometric_window,electrode_state_stoichiometry,L0,RULE_SAFE_DEFAULT
stability_discharge,eV/atom,P0,5,charge_formula_X_mean,stoichiometric_window,electrode_state_stoichiometry,L0,RULE_SAFE_DEFAULT
stability_discharge,eV/atom,P0,6,charge_formula_X_min,stoichiometric_window,electrode_state_stoichiometry,L0,RULE_SAFE_DEFAULT
stability_discharge,eV/atom,P0,7,charge_formula_X_range,stoichiometric_window,electrode_state_stoichiometry,L0,RULE_SAFE_DEFAULT
stability_discharge,eV/atom,P0,8,charge_formula_X_std,stoichiometric_window,electrode_state_stoichiometry,L0,RULE_SAFE_DEFAULT
stability_discharge,eV/atom,P0,9,charge_formula_Z_max,stoichiometric_window,electrode_state_stoichiometry,L0,RULE_SAFE_DEFAULT
stability_discharge,eV/atom,P0,10,charge_formula_Z_mean,stoichiometric_window,electrode_state_stoichiometry,L0,RULE_SAFE_DEFAULT
stability_discharge,eV/atom,P0,11,charge_formula_Z_min,stoichiometric_window,electrode_state_stoichiometry,L0,RULE_SAFE_DEFAULT
stability_discharge,eV/atom,P0,12,charge_formula_Z_range,stoichiometric_window,electrode_state_stoichiometry,L0,RULE_SAFE_DEFAULT
stability_discharge,eV/atom,P0,13,charge_formula_Z_std,stoichiometric_window,electrode_state_stoichiometry,L0,RULE_SAFE_DEFAULT
stability_discharge,eV/atom,P0,14,charge_formula_atomic_mass_max,stoichiometric_window,electrode_state_stoichiometry,L0,RULE_SAFE_DEFAULT
stability_discharge,eV/atom,P0,15,charge_formula_atomic_mass_mean,stoichiometric_window,electrode_state_stoichiometry,L0,RULE_SAFE_DEFAULT
stability_discharge,eV/atom,P0,16,charge_formula_atomic_mass_min,stoichiometric_window,electrode_state_stoichiometry,L0,RULE_SAFE_DEFAULT
stability_discharge,eV/atom,P0,17,charge_formula_atomic_mass_range,stoichiometric_window,electrode_state_stoichiometry,L0,RULE_SAFE_DEFAULT
stability_discharge,eV/atom,P0,18,charge_formula_atomic_mass_std,stoichiometric_window,electrode_state_stoichiometry,L0,RULE_SAFE_DEFAULT
stability_discharge,eV/atom,P0,19,charge_formula_frac_Ag,stoichiometric_window,electrode_state_stoichiometry,L0,RULE_SAFE_DEFAULT
stability_discharge,eV/atom,P0,20,charge_formula_frac_Al,stoichiometric_window,electrode_state_stoichiometry,L0,RULE_SAFE_DEFAULT
stability_discharge,eV/atom,P0,21,charge_formula_frac_As,stoichiometric_window,electrode_state_stoichiometry,L0,RULE_SAFE_DEFAULT
stability_discharge,eV/atom,P0,22,charge_formula_frac_B,stoichiometric_window,electrode_state_stoichiometry,L0,RULE_SAFE_DEFAULT
stability_discharge,eV/atom,P0,23,charge_formula_frac_Br,stoichiometric_window,electrode_state_stoichiometry,L0,RULE_SAFE_DEFAULT
stability_discharge,eV/atom,P0,24,charge_formula_frac_C,stoichiometric_window,electrode_state_stoichiometry,L0,RULE_SAFE_DEFAULT
stability_discharge,eV/atom,P0,25,charge_formula_frac_Ca,stoichiometric_window,electrode_state_stoichiometry,L0,RULE_SAFE_DEFAULT
stability_discharge,eV/atom,P0,26,charge_formula_frac_Cl,stoichiometric_window,electrode_state_stoichiometry,L0,RULE_SAFE_DEFAULT
stability_discharge,eV/atom,P0,27,charge_formula_frac_Co,stoichiometric_window,electrode_state_stoichiometry,L0,RULE_SAFE_DEFAULT
stability_discharge,eV/atom,P0,28,charge_formula_frac_Cr,stoichiometric_window,electrode_state_stoichiometry,L0,RULE_SAFE_DEFAULT
stability_discharge,eV/atom,P0,29,charge_formula_frac_Cu,stoichiometric_window,electrode_state_stoichiometry,L0,RULE_SAFE_DEFAULT
stability_discharge,eV/atom,P0,30,charge_formula_frac_F,stoichiometric_window,electrode_state_stoichiometry,L0,RULE_SAFE_DEFAULT
stability_discharge,eV/atom,P0,31,charge_formula_frac_Fe,stoichiometric_window,electrode_state_stoichiometry,L0,RULE_SAFE_DEFAULT
stability_discharge,eV/atom,P0,32,charge_formula_frac_I,stoichiometric_window,electrode_state_stoichiometry,L0,RULE_SAFE_DEFAULT
stability_discharge,eV/atom,P0,33,charge_formula_frac_K,stoichiometric_window,electrode_state_stoichiometry,L0,RULE_SAFE_DEFAULT
stability_discharge,eV/atom,P0,34,charge_formula_frac_Li,stoichiometric_window,electrode_state_stoichiometry,L0,RULE_SAFE_DEFAULT
stability_discharge,eV/atom,P0,35,charge_formula_frac_Mg,stoichiometric_window,electrode_state_stoichiometry,L0,RULE_SAFE_DEFAULT
stability_discharge,eV/atom,P0,36,charge_formula_frac_Mn,stoichiometric_window,electrode_state_stoichiometry,L0,RULE_SAFE_DEFAULT
stability_discharge,eV/atom,P0,37,charge_formula_frac_N,stoichiometric_window,electrode_state_stoichiometry,L0,RULE_SAFE_DEFAULT
stability_discharge,eV/atom,P0,38,charge_formula_frac_Na,stoichiometric_window,electrode_state_stoichiometry,L0,RULE_SAFE_DEFAULT
stability_discharge,eV/atom,P0,39,charge_formula_frac_Ni,stoichiometric_window,electrode_state_stoichiometry,L0,RULE_SAFE_DEFAULT
stability_discharge,eV/atom,P0,40,charge_formula_frac_O,stoichiometric_window,electrode_state_stoichiometry,L0,RULE_SAFE_DEFAULT
stability_discharge,eV/atom,P0,41,charge_formula_frac_P,stoichiometric_window,electrode_state_stoichiometry,L0,RULE_SAFE_DEFAULT
stability_discharge,eV/atom,P0,42,charge_formula_frac_S,stoichiometric_window,electrode_state_stoichiometry,L0,RULE_SAFE_DEFAULT
stability_discharge,eV/atom,P0,43,charge_formula_frac_Si,stoichiometric_window,electrode_state_stoichiometry,L0,RULE_SAFE_DEFAULT
stability_discharge,eV/atom,P0,44,charge_formula_frac_Ti,stoichiometric_window,electrode_state_stoichiometry,L0,RULE_SAFE_DEFAULT
stability_discharge,eV/atom,P0,45,charge_formula_frac_V,stoichiometric_window,electrode_state_stoichiometry,L0,RULE_SAFE_DEFAULT
stability_discharge,eV/atom,P0,46,charge_formula_frac_Zn,stoichiometric_window,electrode_state_stoichiometry,L0,RULE_SAFE_DEFAULT
stability_discharge,eV/atom,P0,47,charge_formula_frac_transition_metals,stoichiometric_window,electrode_state_stoichiometry,L0,RULE_SAFE_DEFAULT
stability_discharge,eV/atom,P0,48,charge_formula_group_max,stoichiometric_window,electrode_state_stoichiometry,L0,RULE_SAFE_DEFAULT
stability_discharge,eV/atom,P0,49,charge_formula_group_mean,stoichiometric_window,electrode_state_stoichiometry,L0,RULE_SAFE_DEFAULT
stability_discharge,eV/atom,P0,50,charge_formula_group_min,stoichiometric_window,electrode_state_stoichiometry,L0,RULE_SAFE_DEFAULT
stability_discharge,eV/atom,P0,51,charge_formula_group_range,stoichiometric_window,electrode_state_stoichiometry,L0,RULE_SAFE_DEFAULT
stability_discharge,eV/atom,P0,52,charge_formula_group_std,stoichiometric_window,electrode_state_stoichiometry,L0,RULE_SAFE_DEFAULT
stability_discharge,eV/atom,P0,53,charge_formula_has_Br,stoichiometric_window,electrode_state_stoichiometry,L0,RULE_SAFE_DEFAULT
stability_discharge,eV/atom,P0,54,charge_formula_has_C,stoichiometric_window,electrode_state_stoichiometry,L0,RULE_SAFE_DEFAULT
stability_discharge,eV/atom,P0,55,charge_formula_has_Cl,stoichiometric_window,electrode_state_stoichiometry,L0,RULE_SAFE_DEFAULT
stability_discharge,eV/atom,P0,56,charge_formula_has_F,stoichiometric_window,electrode_state_stoichiometry,L0,RULE_SAFE_DEFAULT
stability_discharge,eV/atom,P0,57,charge_formula_has_I,stoichiometric_window,electrode_state_stoichiometry,L0,RULE_SAFE_DEFAULT
stability_discharge,eV/atom,P0,58,charge_formula_has_N,stoichiometric_window,electrode_state_stoichiometry,L0,RULE_SAFE_DEFAULT
stability_discharge,eV/atom,P0,59,charge_formula_has_O,stoichiometric_window,electrode_state_stoichiometry,L0,RULE_SAFE_DEFAULT
stability_discharge,eV/atom,P0,60,charge_formula_has_P,stoichiometric_window,electrode_state_stoichiometry,L0,RULE_SAFE_DEFAULT
stability_discharge,eV/atom,P0,61,charge_formula_has_S,stoichiometric_window,electrode_state_stoichiometry,L0,RULE_SAFE_DEFAULT
stability_discharge,eV/atom,P0,62,charge_formula_has_Si,stoichiometric_window,electrode_state_stoichiometry,L0,RULE_SAFE_DEFAULT
stability_discharge,eV/atom,P0,63,charge_formula_n_atoms,stoichiometric_window,electrode_state_stoichiometry,L0,RULE_SAFE_DEFAULT
stability_discharge,eV/atom,P0,64,charge_formula_n_elements,stoichiometric_window,electrode_state_stoichiometry,L0,RULE_SAFE_DEFAULT
stability_discharge,eV/atom,P0,65,charge_formula_n_transition_metals,stoichiometric_window,electrode_state_stoichiometry,L0,RULE_SAFE_DEFAULT
stability_discharge,eV/atom,P0,66,charge_formula_parse_ok,stoichiometric_window,electrode_state_stoichiometry,L0,RULE_SAFE_DEFAULT
stability_discharge,eV/atom,P0,67,charge_formula_row_max,stoichiometric_window,electrode_state_stoichiometry,L0,RULE_SAFE_DEFAULT
stability_discharge,eV/atom,P0,68,charge_formula_row_mean,stoichiometric_window,electrode_state_stoichiometry,L0,RULE_SAFE_DEFAULT
stability_discharge,eV/atom,P0,69,charge_formula_row_min,stoichiometric_window,electrode_state_stoichiometry,L0,RULE_SAFE_DEFAULT
stability_discharge,eV/atom,P0,70,charge_formula_row_range,stoichiometric_window,electrode_state_stoichiometry,L0,RULE_SAFE_DEFAULT
stability_discharge,eV/atom,P0,71,charge_formula_row_std,stoichiometric_window,electrode_state_stoichiometry,L0,RULE_SAFE_DEFAULT
stability_discharge,eV/atom,P0,72,charge_summary_band_gap,post_dft_electronic_summary,post_dft_electronic,L4,RULE_POST_DFT_ELECTRONIC
stability_discharge,eV/atom,P0,73,charge_summary_density,relaxed_structure_summary,relaxed_structure,L0,RULE_SAFE_STRUCTURE
stability_discharge,eV/atom,P0,74,charge_summary_density_atomic,relaxed_structure_summary,relaxed_structure,L0,RULE_SAFE_STRUCTURE
stability_discharge,eV/atom,P0,75,charge_summary_energy_above_hull,post_dft_energy_stability_summary,post_dft_thermodynamics,L2,RULE_HULL_STABILITY
stability_discharge,eV/atom,P0,76,charge_summary_formation_energy_per_atom,post_dft_energy_stability_summary,post_dft_thermodynamics,L4,RULE_FORMATION_ENERGY_STABILITY
stability_discharge,eV/atom,P0,77,charge_summary_is_metal,post_dft_electronic_summary,post_dft_electronic,L4,RULE_POST_DFT_ELECTRONIC
stability_discharge,eV/atom,P0,78,charge_summary_is_stable,post_dft_energy_stability_summary,post_dft_thermodynamics,L2,RULE_HULL_STABILITY
stability_discharge,eV/atom,P0,79,charge_summary_nsites,relaxed_structure_summary,relaxed_structure,L0,RULE_SAFE_STRUCTURE
stability_discharge,eV/atom,P0,80,charge_summary_symmetry_number,relaxed_structure_summary,relaxed_structure,L0,RULE_SAFE_STRUCTURE
stability_discharge,eV/atom,P0,81,charge_summary_theoretical,post_dft_provenance_flag,post_dft_provenance,L4,RULE_POST_DFT_PROVENANCE
stability_discharge,eV/atom,P0,82,charge_summary_volume,relaxed_structure_summary,relaxed_structure,L0,RULE_SAFE_STRUCTURE
stability_discharge,eV/atom,P0,83,charge_summary_volume_per_site,relaxed_structure_summary,relaxed_structure,L0,RULE_SAFE_STRUCTURE
stability_discharge,eV/atom,P0,84,discharge_formula_X_max,stoichiometric_window,electrode_state_stoichiometry,L0,RULE_SAFE_DEFAULT
stability_discharge,eV/atom,P0,85,discharge_formula_X_mean,stoichiometric_window,electrode_state_stoichiometry,L0,RULE_SAFE_DEFAULT
stability_discharge,eV/atom,P0,86,discharge_formula_X_min,stoichiometric_window,electrode_state_stoichiometry,L0,RULE_SAFE_DEFAULT
stability_discharge,eV/atom,P0,87,discharge_formula_X_range,stoichiometric_window,electrode_state_stoichiometry,L0,RULE_SAFE_DEFAULT
stability_discharge,eV/atom,P0,88,discharge_formula_X_std,stoichiometric_window,electrode_state_stoichiometry,L0,RULE_SAFE_DEFAULT
stability_discharge,eV/atom,P0,89,discharge_formula_Z_max,stoichiometric_window,electrode_state_stoichiometry,L0,RULE_SAFE_DEFAULT
stability_discharge,eV/atom,P0,90,discharge_formula_Z_mean,stoichiometric_window,electrode_state_stoichiometry,L0,RULE_SAFE_DEFAULT
stability_discharge,eV/atom,P0,91,discharge_formula_Z_min,stoichiometric_window,electrode_state_stoichiometry,L0,RULE_SAFE_DEFAULT
stability_discharge,eV/atom,P0,92,discharge_formula_Z_range,stoichiometric_window,electrode_state_stoichiometry,L0,RULE_SAFE_DEFAULT
stability_discharge,eV/atom,P0,93,discharge_formula_Z_std,stoichiometric_window,electrode_state_stoichiometry,L0,RULE_SAFE_DEFAULT
stability_discharge,eV/atom,P0,94,discharge_formula_atomic_mass_max,stoichiometric_window,electrode_state_stoichiometry,L0,RULE_SAFE_DEFAULT
stability_discharge,eV/atom,P0,95,discharge_formula_atomic_mass_mean,stoichiometric_window,electrode_state_stoichiometry,L0,RULE_SAFE_DEFAULT
stability_discharge,eV/atom,P0,96,discharge_formula_atomic_mass_min,stoichiometric_window,electrode_state_stoichiometry,L0,RULE_SAFE_DEFAULT
stability_discharge,eV/atom,P0,97,discharge_formula_atomic_mass_range,stoichiometric_window,electrode_state_stoichiometry,L0,RULE_SAFE_DEFAULT
stability_discharge,eV/atom,P0,98,discharge_formula_atomic_mass_std,stoichiometric_window,electrode_state_stoichiometry,L0,RULE_SAFE_DEFAULT
stability_discharge,eV/atom,P0,99,discharge_formula_frac_Ag,stoichiometric_window,electrode_state_stoichiometry,L0,RULE_SAFE_DEFAULT
stability_discharge,eV/atom,P0,100,discharge_formula_frac_Al,stoichiometric_window,electrode_state_stoichiometry,L0,RULE_SAFE_DEFAULT
stability_discharge,eV/atom,P0,101,discharge_formula_frac_As,stoichiometric_window,electrode_state_stoichiometry,L0,RULE_SAFE_DEFAULT
stability_discharge,eV/atom,P0,102,discharge_formula_frac_B,stoichiometric_window,electrode_state_stoichiometry,L0,RULE_SAFE_DEFAULT
stability_discharge,eV/atom,P0,103,discharge_formula_frac_Br,stoichiometric_window,electrode_state_stoichiometry,L0,RULE_SAFE_DEFAULT
stability_discharge,eV/atom,P0,104,discharge_formula_frac_C,stoichiometric_window,electrode_state_stoichiometry,L0,RULE_SAFE_DEFAULT
stability_discharge,eV/atom,P0,105,discharge_formula_frac_Ca,stoichiometric_window,electrode_state_stoichiometry,L0,RULE_SAFE_DEFAULT
stability_discharge,eV/atom,P0,106,discharge_formula_frac_Cl,stoichiometric_window,electrode_state_stoichiometry,L0,RULE_SAFE_DEFAULT
stability_discharge,eV/atom,P0,107,discharge_formula_frac_Co,stoichiometric_window,electrode_state_stoichiometry,L0,RULE_SAFE_DEFAULT
stability_discharge,eV/atom,P0,108,discharge_formula_frac_Cr,stoichiometric_window,electrode_state_stoichiometry,L0,RULE_SAFE_DEFAULT
stability_discharge,eV/atom,P0,109,discharge_formula_frac_Cu,stoichiometric_window,electrode_state_stoichiometry,L0,RULE_SAFE_DEFAULT
stability_discharge,eV/atom,P0,110,discharge_formula_frac_F,stoichiometric_window,electrode_state_stoichiometry,L0,RULE_SAFE_DEFAULT
stability_discharge,eV/atom,P0,111,discharge_formula_frac_Fe,stoichiometric_window,electrode_state_stoichiometry,L0,RULE_SAFE_DEFAULT
stability_discharge,eV/atom,P0,112,discharge_formula_frac_I,stoichiometric_window,electrode_state_stoichiometry,L0,RULE_SAFE_DEFAULT
stability_discharge,eV/atom,P0,113,discharge_formula_frac_K,stoichiometric_window,electrode_state_stoichiometry,L0,RULE_SAFE_DEFAULT
stability_discharge,eV/atom,P0,114,discharge_formula_frac_Li,stoichiometric_window,electrode_state_stoichiometry,L0,RULE_SAFE_DEFAULT
stability_discharge,eV/atom,P0,115,discharge_formula_frac_Mg,stoichiometric_window,electrode_state_stoichiometry,L0,RULE_SAFE_DEFAULT
stability_discharge,eV/atom,P0,116,discharge_formula_frac_Mn,stoichiometric_window,electrode_state_stoichiometry,L0,RULE_SAFE_DEFAULT
stability_discharge,eV/atom,P0,117,discharge_formula_frac_N,stoichiometric_window,electrode_state_stoichiometry,L0,RULE_SAFE_DEFAULT
stability_discharge,eV/atom,P0,118,discharge_formula_frac_Na,stoichiometric_window,electrode_state_stoichiometry,L0,RULE_SAFE_DEFAULT
stability_discharge,eV/atom,P0,119,discharge_formula_frac_Ni,stoichiometric_window,electrode_state_stoichiometry,L0,RULE_SAFE_DEFAULT
stability_discharge,eV/atom,P0,120,discharge_formula_frac_O,stoichiometric_window,electrode_state_stoichiometry,L0,RULE_SAFE_DEFAULT
stability_discharge,eV/atom,P0,121,discharge_formula_frac_P,stoichiometric_window,electrode_state_stoichiometry,L0,RULE_SAFE_DEFAULT
stability_discharge,eV/atom,P0,122,discharge_formula_frac_S,stoichiometric_window,electrode_state_stoichiometry,L0,RULE_SAFE_DEFAULT
stability_discharge,eV/atom,P0,123,discharge_formula_frac_Si,stoichiometric_window,electrode_state_stoichiometry,L0,RULE_SAFE_DEFAULT
stability_discharge,eV/atom,P0,124,discharge_formula_frac_Ti,stoichiometric_window,electrode_state_stoichiometry,L0,RULE_SAFE_DEFAULT
stability_discharge,eV/atom,P0,125,discharge_formula_frac_V,stoichiometric_window,electrode_state_stoichiometry,L0,RULE_SAFE_DEFAULT
stability_discharge,eV/atom,P0,126,discharge_formula_frac_Zn,stoichiometric_window,electrode_state_stoichiometry,L0,RULE_SAFE_DEFAULT
stability_discharge,eV/atom,P0,127,discharge_formula_frac_transition_metals,stoichiometric_window,electrode_state_stoichiometry,L0,RULE_SAFE_DEFAULT
stability_discharge,eV/atom,P0,128,discharge_formula_group_max,stoichiometric_window,electrode_state_stoichiometry,L0,RULE_SAFE_DEFAULT
stability_discharge,eV/atom,P0,129,discharge_formula_group_mean,stoichiometric_window,electrode_state_stoichiometry,L0,RULE_SAFE_DEFAULT
stability_discharge,eV/atom,P0,130,discharge_formula_group_min,stoichiometric_window,electrode_state_stoichiometry,L0,RULE_SAFE_DEFAULT
stability_discharge,eV/atom,P0,131,discharge_formula_group_range,stoichiometric_window,electrode_state_stoichiometry,L0,RULE_SAFE_DEFAULT
stability_discharge,eV/atom,P0,132,discharge_formula_group_std,stoichiometric_window,electrode_state_stoichiometry,L0,RULE_SAFE_DEFAULT
stability_discharge,eV/atom,P0,133,discharge_formula_has_Br,stoichiometric_window,electrode_state_stoichiometry,L0,RULE_SAFE_DEFAULT
stability_discharge,eV/atom,P0,134,discharge_formula_has_C,stoichiometric_window,electrode_state_stoichiometry,L0,RULE_SAFE_DEFAULT
stability_discharge,eV/atom,P0,135,discharge_formula_has_Cl,stoichiometric_window,electrode_state_stoichiometry,L0,RULE_SAFE_DEFAULT
stability_discharge,eV/atom,P0,136,discharge_formula_has_F,stoichiometric_window,electrode_state_stoichiometry,L0,RULE_SAFE_DEFAULT
stability_discharge,eV/atom,P0,137,discharge_formula_has_I,stoichiometric_window,electrode_state_stoichiometry,L0,RULE_SAFE_DEFAULT
stability_discharge,eV/atom,P0,138,discharge_formula_has_N,stoichiometric_window,electrode_state_stoichiometry,L0,RULE_SAFE_DEFAULT
stability_discharge,eV/atom,P0,139,discharge_formula_has_O,stoichiometric_window,electrode_state_stoichiometry,L0,RULE_SAFE_DEFAULT
stability_discharge,eV/atom,P0,140,discharge_formula_has_P,stoichiometric_window,electrode_state_stoichiometry,L0,RULE_SAFE_DEFAULT
stability_discharge,eV/atom,P0,141,discharge_formula_has_S,stoichiometric_window,electrode_state_stoichiometry,L0,RULE_SAFE_DEFAULT
stability_discharge,eV/atom,P0,142,discharge_formula_has_Si,stoichiometric_window,electrode_state_stoichiometry,L0,RULE_SAFE_DEFAULT
stability_discharge,eV/atom,P0,143,discharge_formula_n_atoms,stoichiometric_window,electrode_state_stoichiometry,L0,RULE_SAFE_DEFAULT
stability_discharge,eV/atom,P0,144,discharge_formula_n_elements,stoichiometric_window,electrode_state_stoichiometry,L0,RULE_SAFE_DEFAULT
stability_discharge,eV/atom,P0,145,discharge_formula_n_transition_metals,stoichiometric_window,electrode_state_stoichiometry,L0,RULE_SAFE_DEFAULT
stability_discharge,eV/atom,P0,146,discharge_formula_parse_ok,stoichiometric_window,electrode_state_stoichiometry,L0,RULE_SAFE_DEFAULT
stability_discharge,eV/atom,P0,147,discharge_formula_row_max,stoichiometric_window,electrode_state_stoichiometry,L0,RULE_SAFE_DEFAULT
stability_discharge,eV/atom,P0,148,discharge_formula_row_mean,stoichiometric_window,electrode_state_stoichiometry,L0,RULE_SAFE_DEFAULT
stability_discharge,eV/atom,P0,149,discharge_formula_row_min,stoichiometric_window,electrode_state_stoichiometry,L0,RULE_SAFE_DEFAULT
stability_discharge,eV/atom,P0,150,discharge_formula_row_range,stoichiometric_window,electrode_state_stoichiometry,L0,RULE_SAFE_DEFAULT
stability_discharge,eV/atom,P0,151,discharge_formula_row_std,stoichiometric_window,electrode_state_stoichiometry,L0,RULE_SAFE_DEFAULT
stability_discharge,eV/atom,P0,152,discharge_summary_band_gap,post_dft_electronic_summary,post_dft_electronic,L4,RULE_POST_DFT_ELECTRONIC
stability_discharge,eV/atom,P0,153,discharge_summary_density,relaxed_structure_summary,relaxed_structure,L0,RULE_SAFE_STRUCTURE
stability_discharge,eV/atom,P0,154,discharge_summary_density_atomic,relaxed_structure_summary,relaxed_structure,L0,RULE_SAFE_STRUCTURE
stability_discharge,eV/atom,P0,155,discharge_summary_energy_above_hull,post_dft_energy_stability_summary,post_dft_thermodynamics,L2,RULE_HULL_STABILITY
stability_discharge,eV/atom,P0,156,discharge_summary_formation_energy_per_atom,post_dft_energy_stability_summary,post_dft_thermodynamics,L4,RULE_FORMATION_ENERGY_STABILITY
stability_discharge,eV/atom,P0,157,discharge_summary_is_metal,post_dft_electronic_summary,post_dft_electronic,L4,RULE_POST_DFT_ELECTRONIC
stability_discharge,eV/atom,P0,158,discharge_summary_is_stable,post_dft_energy_stability_summary,post_dft_thermodynamics,L2,RULE_HULL_STABILITY
stability_discharge,eV/atom,P0,159,discharge_summary_nsites,relaxed_structure_summary,relaxed_structure,L0,RULE_SAFE_STRUCTURE
stability_discharge,eV/atom,P0,160,discharge_summary_symmetry_number,relaxed_structure_summary,relaxed_structure,L0,RULE_SAFE_STRUCTURE
stability_discharge,eV/atom,P0,161,discharge_summary_theoretical,post_dft_provenance_flag,post_dft_provenance,L4,RULE_POST_DFT_PROVENANCE
stability_discharge,eV/atom,P0,162,discharge_summary_volume,relaxed_structure_summary,relaxed_structure,L0,RULE_SAFE_STRUCTURE
stability_discharge,eV/atom,P0,163,discharge_summary_volume_per_site,relaxed_structure_summary,relaxed_structure,L0,RULE_SAFE_STRUCTURE
stability_discharge,eV/atom,P0,164,energy_grav,stored_electrode_target,stored_electrode_record,L4,RULE_OTHER_STORED_TARGET
stability_discharge,eV/atom,P0,165,energy_vol,stored_electrode_target,stored_electrode_record,L4,RULE_OTHER_STORED_TARGET
stability_discharge,eV/atom,P0,166,fracA_charge,stoichiometric_window,electrode_state_stoichiometry,L0,RULE_SAFE_DEFAULT
stability_discharge,eV/atom,P0,167,fracA_discharge,stoichiometric_window,electrode_state_stoichiometry,L0,RULE_SAFE_DEFAULT
stability_discharge,eV/atom,P0,168,fw_X_max,composition_known_framework,pre_dft_composition,L0,RULE_SAFE_DEFAULT
stability_discharge,eV/atom,P0,169,fw_X_mean,composition_known_framework,pre_dft_composition,L0,RULE_SAFE_DEFAULT
stability_discharge,eV/atom,P0,170,fw_X_min,composition_known_framework,pre_dft_composition,L0,RULE_SAFE_DEFAULT
stability_discharge,eV/atom,P0,171,fw_X_range,composition_known_framework,pre_dft_composition,L0,RULE_SAFE_DEFAULT
stability_discharge,eV/atom,P0,172,fw_X_std,composition_known_framework,pre_dft_composition,L0,RULE_SAFE_DEFAULT
stability_discharge,eV/atom,P0,173,fw_Z_max,composition_known_framework,pre_dft_composition,L0,RULE_SAFE_DEFAULT
stability_discharge,eV/atom,P0,174,fw_Z_mean,composition_known_framework,pre_dft_composition,L0,RULE_SAFE_DEFAULT
stability_discharge,eV/atom,P0,175,fw_Z_min,composition_known_framework,pre_dft_composition,L0,RULE_SAFE_DEFAULT
stability_discharge,eV/atom,P0,176,fw_Z_range,composition_known_framework,pre_dft_composition,L0,RULE_SAFE_DEFAULT
stability_discharge,eV/atom,P0,177,fw_Z_std,composition_known_framework,pre_dft_composition,L0,RULE_SAFE_DEFAULT
stability_discharge,eV/atom,P0,178,fw_atomic_mass_max,composition_known_framework,pre_dft_composition,L0,RULE_SAFE_DEFAULT
stability_discharge,eV/atom,P0,179,fw_atomic_mass_mean,composition_known_framework,pre_dft_composition,L0,RULE_SAFE_DEFAULT
stability_discharge,eV/atom,P0,180,fw_atomic_mass_min,composition_known_framework,pre_dft_composition,L0,RULE_SAFE_DEFAULT
stability_discharge,eV/atom,P0,181,fw_atomic_mass_range,composition_known_framework,pre_dft_composition,L0,RULE_SAFE_DEFAULT
stability_discharge,eV/atom,P0,182,fw_atomic_mass_std,composition_known_framework,pre_dft_composition,L0,RULE_SAFE_DEFAULT
stability_discharge,eV/atom,P0,183,fw_frac_Ag,composition_known_framework,pre_dft_composition,L0,RULE_SAFE_DEFAULT
stability_discharge,eV/atom,P0,184,fw_frac_Al,composition_known_framework,pre_dft_composition,L0,RULE_SAFE_DEFAULT
stability_discharge,eV/atom,P0,185,fw_frac_As,composition_known_framework,pre_dft_composition,L0,RULE_SAFE_DEFAULT
stability_discharge,eV/atom,P0,186,fw_frac_B,composition_known_framework,pre_dft_composition,L0,RULE_SAFE_DEFAULT
stability_discharge,eV/atom,P0,187,fw_frac_Br,composition_known_framework,pre_dft_composition,L0,RULE_SAFE_DEFAULT
stability_discharge,eV/atom,P0,188,fw_frac_C,composition_known_framework,pre_dft_composition,L0,RULE_SAFE_DEFAULT
stability_discharge,eV/atom,P0,189,fw_frac_Ca,composition_known_framework,pre_dft_composition,L0,RULE_SAFE_DEFAULT
stability_discharge,eV/atom,P0,190,fw_frac_Cl,composition_known_framework,pre_dft_composition,L0,RULE_SAFE_DEFAULT
stability_discharge,eV/atom,P0,191,fw_frac_Co,composition_known_framework,pre_dft_composition,L0,RULE_SAFE_DEFAULT
stability_discharge,eV/atom,P0,192,fw_frac_Cr,composition_known_framework,pre_dft_composition,L0,RULE_SAFE_DEFAULT
stability_discharge,eV/atom,P0,193,fw_frac_Cu,composition_known_framework,pre_dft_composition,L0,RULE_SAFE_DEFAULT
stability_discharge,eV/atom,P0,194,fw_frac_F,composition_known_framework,pre_dft_composition,L0,RULE_SAFE_DEFAULT
stability_discharge,eV/atom,P0,195,fw_frac_Fe,composition_known_framework,pre_dft_composition,L0,RULE_SAFE_DEFAULT
stability_discharge,eV/atom,P0,196,fw_frac_I,composition_known_framework,pre_dft_composition,L0,RULE_SAFE_DEFAULT
stability_discharge,eV/atom,P0,197,fw_frac_K,composition_known_framework,pre_dft_composition,L0,RULE_SAFE_DEFAULT
stability_discharge,eV/atom,P0,198,fw_frac_Li,composition_known_framework,pre_dft_composition,L0,RULE_SAFE_DEFAULT
stability_discharge,eV/atom,P0,199,fw_frac_Mg,composition_known_framework,pre_dft_composition,L0,RULE_SAFE_DEFAULT
stability_discharge,eV/atom,P0,200,fw_frac_Mn,composition_known_framework,pre_dft_composition,L0,RULE_SAFE_DEFAULT
stability_discharge,eV/atom,P0,201,fw_frac_N,composition_known_framework,pre_dft_composition,L0,RULE_SAFE_DEFAULT
stability_discharge,eV/atom,P0,202,fw_frac_Na,composition_known_framework,pre_dft_composition,L0,RULE_SAFE_DEFAULT
stability_discharge,eV/atom,P0,203,fw_frac_Ni,composition_known_framework,pre_dft_composition,L0,RULE_SAFE_DEFAULT
stability_discharge,eV/atom,P0,204,fw_frac_O,composition_known_framework,pre_dft_composition,L0,RULE_SAFE_DEFAULT
stability_discharge,eV/atom,P0,205,fw_frac_P,composition_known_framework,pre_dft_composition,L0,RULE_SAFE_DEFAULT
stability_discharge,eV/atom,P0,206,fw_frac_S,composition_known_framework,pre_dft_composition,L0,RULE_SAFE_DEFAULT
stability_discharge,eV/atom,P0,207,fw_frac_Si,composition_known_framework,pre_dft_composition,L0,RULE_SAFE_DEFAULT
stability_discharge,eV/atom,P0,208,fw_frac_Ti,composition_known_framework,pre_dft_composition,L0,RULE_SAFE_DEFAULT
stability_discharge,eV/atom,P0,209,fw_frac_V,composition_known_framework,pre_dft_composition,L0,RULE_SAFE_DEFAULT
stability_discharge,eV/atom,P0,210,fw_frac_Zn,composition_known_framework,pre_dft_composition,L0,RULE_SAFE_DEFAULT
stability_discharge,eV/atom,P0,211,fw_frac_transition_metals,composition_known_framework,pre_dft_composition,L0,RULE_SAFE_DEFAULT
stability_discharge,eV/atom,P0,212,fw_group_max,composition_known_framework,pre_dft_composition,L0,RULE_SAFE_DEFAULT
stability_discharge,eV/atom,P0,213,fw_group_mean,composition_known_framework,pre_dft_composition,L0,RULE_SAFE_DEFAULT
stability_discharge,eV/atom,P0,214,fw_group_min,composition_known_framework,pre_dft_composition,L0,RULE_SAFE_DEFAULT
stability_discharge,eV/atom,P0,215,fw_group_range,composition_known_framework,pre_dft_composition,L0,RULE_SAFE_DEFAULT
stability_discharge,eV/atom,P0,216,fw_group_std,composition_known_framework,pre_dft_composition,L0,RULE_SAFE_DEFAULT
stability_discharge,eV/atom,P0,217,fw_has_Br,composition_known_framework,pre_dft_composition,L0,RULE_SAFE_DEFAULT
stability_discharge,eV/atom,P0,218,fw_has_C,composition_known_framework,pre_dft_composition,L0,RULE_SAFE_DEFAULT
stability_discharge,eV/atom,P0,219,fw_has_Cl,composition_known_framework,pre_dft_composition,L0,RULE_SAFE_DEFAULT
stability_discharge,eV/atom,P0,220,fw_has_F,composition_known_framework,pre_dft_composition,L0,RULE_SAFE_DEFAULT
stability_discharge,eV/atom,P0,221,fw_has_I,composition_known_framework,pre_dft_composition,L0,RULE_SAFE_DEFAULT
stability_discharge,eV/atom,P0,222,fw_has_N,composition_known_framework,pre_dft_composition,L0,RULE_SAFE_DEFAULT
stability_discharge,eV/atom,P0,223,fw_has_O,composition_known_framework,pre_dft_composition,L0,RULE_SAFE_DEFAULT
stability_discharge,eV/atom,P0,224,fw_has_P,composition_known_framework,pre_dft_composition,L0,RULE_SAFE_DEFAULT
stability_discharge,eV/atom,P0,225,fw_has_S,composition_known_framework,pre_dft_composition,L0,RULE_SAFE_DEFAULT
stability_discharge,eV/atom,P0,226,fw_has_Si,composition_known_framework,pre_dft_composition,L0,RULE_SAFE_DEFAULT
stability_discharge,eV/atom,P0,227,fw_n_atoms,composition_known_framework,pre_dft_composition,L0,RULE_SAFE_DEFAULT
stability_discharge,eV/atom,P0,228,fw_n_elements,composition_known_framework,pre_dft_composition,L0,RULE_SAFE_DEFAULT
stability_discharge,eV/atom,P0,229,fw_n_transition_metals,composition_known_framework,pre_dft_composition,L0,RULE_SAFE_DEFAULT
stability_discharge,eV/atom,P0,230,fw_parse_ok,composition_known_framework,pre_dft_composition,L0,RULE_SAFE_DEFAULT
stability_discharge,eV/atom,P0,231,fw_row_max,composition_known_framework,pre_dft_composition,L0,RULE_SAFE_DEFAULT
stability_discharge,eV/atom,P0,232,fw_row_mean,composition_known_framework,pre_dft_composition,L0,RULE_SAFE_DEFAULT
stability_discharge,eV/atom,P0,233,fw_row_min,composition_known_framework,pre_dft_composition,L0,RULE_SAFE_DEFAULT
stability_discharge,eV/atom,P0,234,fw_row_range,composition_known_framework,pre_dft_composition,L0,RULE_SAFE_DEFAULT
stability_discharge,eV/atom,P0,235,fw_row_std,composition_known_framework,pre_dft_composition,L0,RULE_SAFE_DEFAULT
stability_discharge,eV/atom,P0,236,max_delta_volume,stored_electrode_target,stored_electrode_record,L4,RULE_OTHER_STORED_TARGET
stability_discharge,eV/atom,P0,237,max_voltage_step,stored_electrode_process_descriptor,stored_electrode_record,L0,RULE_SAFE_DEFAULT
stability_discharge,eV/atom,P0,238,num_steps,stored_electrode_process_descriptor,stored_electrode_record,L0,RULE_SAFE_DEFAULT
stability_discharge,eV/atom,P0,239,stability_charge,stored_electrode_target,stored_electrode_record,L2,RULE_STABILITY_AGGREGATION
stability_discharge,eV/atom,P0,240,stability_worst,stored_electrode_target,stored_electrode_record,L2,RULE_STABILITY_AGGREGATION
stability_discharge,eV/atom,P0,241,stoich_abs_wi_amount_delta,stoichiometric_window,electrode_state_stoichiometry,L0,RULE_SAFE_DEFAULT
stability_discharge,eV/atom,P0,242,stoich_wi_amount_charge,stoichiometric_window,electrode_state_stoichiometry,L0,RULE_SAFE_DEFAULT
stability_discharge,eV/atom,P0,243,stoich_wi_amount_delta,stoichiometric_window,electrode_state_stoichiometry,L0,RULE_SAFE_DEFAULT
stability_discharge,eV/atom,P0,244,stoich_wi_amount_discharge,stoichiometric_window,electrode_state_stoichiometry,L0,RULE_SAFE_DEFAULT
stability_discharge,eV/atom,P0,245,stored_abs_fracA_delta,other_numeric,derived_miscellaneous,L0,RULE_SAFE_DEFAULT
stability_discharge,eV/atom,P0,246,stored_fracA_delta,stoichiometric_window,electrode_state_stoichiometry,L0,RULE_SAFE_DEFAULT
stability_discharge,eV/atom,P0,247,summary_abs_delta_band_gap,post_dft_electronic_summary,post_dft_electronic,L4,RULE_POST_DFT_ELECTRONIC
stability_discharge,eV/atom,P0,248,summary_abs_delta_density,relaxed_structure_summary,relaxed_structure,L0,RULE_SAFE_STRUCTURE
stability_discharge,eV/atom,P0,249,summary_abs_delta_density_atomic,relaxed_structure_summary,relaxed_structure,L0,RULE_SAFE_STRUCTURE
stability_discharge,eV/atom,P0,250,summary_abs_delta_energy_above_hull,post_dft_energy_stability_summary,post_dft_thermodynamics,L2,RULE_HULL_STABILITY
stability_discharge,eV/atom,P0,251,summary_abs_delta_formation_energy_per_atom,post_dft_energy_stability_summary,post_dft_thermodynamics,L4,RULE_FORMATION_ENERGY_STABILITY
stability_discharge,eV/atom,P0,252,summary_abs_delta_volume_fraction,relaxed_structure_summary,relaxed_structure,L0,RULE_SAFE_STRUCTURE
stability_discharge,eV/atom,P0,253,summary_abs_delta_volume_per_site,relaxed_structure_summary,relaxed_structure,L0,RULE_SAFE_STRUCTURE
stability_discharge,eV/atom,P0,254,summary_delta_band_gap,post_dft_electronic_summary,post_dft_electronic,L4,RULE_POST_DFT_ELECTRONIC
stability_discharge,eV/atom,P0,255,summary_delta_density,relaxed_structure_summary,relaxed_structure,L0,RULE_SAFE_STRUCTURE
stability_discharge,eV/atom,P0,256,summary_delta_density_atomic,relaxed_structure_summary,relaxed_structure,L0,RULE_SAFE_STRUCTURE
stability_discharge,eV/atom,P0,257,summary_delta_energy_above_hull,post_dft_energy_stability_summary,post_dft_thermodynamics,L2,RULE_HULL_STABILITY
stability_discharge,eV/atom,P0,258,summary_delta_formation_energy_per_atom,post_dft_energy_stability_summary,post_dft_thermodynamics,L4,RULE_FORMATION_ENERGY_STABILITY
stability_discharge,eV/atom,P0,259,summary_delta_volume_fraction,relaxed_structure_summary,relaxed_structure,L0,RULE_SAFE_STRUCTURE
stability_discharge,eV/atom,P0,260,summary_delta_volume_per_site,relaxed_structure_summary,relaxed_structure,L0,RULE_SAFE_STRUCTURE
stability_discharge,eV/atom,P0,261,summary_worst_energy_above_hull,post_dft_energy_stability_summary,post_dft_thermodynamics,L2,RULE_HULL_STABILITY
stability_discharge,eV/atom,P0,262,wi_X,composition_known_working_ion,pre_dft_composition,L0,RULE_SAFE_DEFAULT
stability_discharge,eV/atom,P0,263,wi_Z,composition_known_working_ion,pre_dft_composition,L0,RULE_SAFE_DEFAULT
stability_discharge,eV/atom,P0,264,wi_atomic_mass,composition_known_working_ion,pre_dft_composition,L0,RULE_SAFE_DEFAULT
stability_discharge,eV/atom,P0,265,wi_group,composition_known_working_ion,pre_dft_composition,L0,RULE_SAFE_DEFAULT
stability_discharge,eV/atom,P0,266,wi_row,composition_known_working_ion,pre_dft_composition,L0,RULE_SAFE_DEFAULT
stability_discharge,eV/atom,P1,1,fw_X_max,composition_known_framework,pre_dft_composition,L0,RULE_SAFE_DEFAULT
stability_discharge,eV/atom,P1,2,fw_X_mean,composition_known_framework,pre_dft_composition,L0,RULE_SAFE_DEFAULT
stability_discharge,eV/atom,P1,3,fw_X_min,composition_known_framework,pre_dft_composition,L0,RULE_SAFE_DEFAULT
stability_discharge,eV/atom,P1,4,fw_X_range,composition_known_framework,pre_dft_composition,L0,RULE_SAFE_DEFAULT
stability_discharge,eV/atom,P1,5,fw_X_std,composition_known_framework,pre_dft_composition,L0,RULE_SAFE_DEFAULT
stability_discharge,eV/atom,P1,6,fw_Z_max,composition_known_framework,pre_dft_composition,L0,RULE_SAFE_DEFAULT
stability_discharge,eV/atom,P1,7,fw_Z_mean,composition_known_framework,pre_dft_composition,L0,RULE_SAFE_DEFAULT
stability_discharge,eV/atom,P1,8,fw_Z_min,composition_known_framework,pre_dft_composition,L0,RULE_SAFE_DEFAULT
stability_discharge,eV/atom,P1,9,fw_Z_range,composition_known_framework,pre_dft_composition,L0,RULE_SAFE_DEFAULT
stability_discharge,eV/atom,P1,10,fw_Z_std,composition_known_framework,pre_dft_composition,L0,RULE_SAFE_DEFAULT
stability_discharge,eV/atom,P1,11,fw_atomic_mass_max,composition_known_framework,pre_dft_composition,L0,RULE_SAFE_DEFAULT
stability_discharge,eV/atom,P1,12,fw_atomic_mass_mean,composition_known_framework,pre_dft_composition,L0,RULE_SAFE_DEFAULT
stability_discharge,eV/atom,P1,13,fw_atomic_mass_min,composition_known_framework,pre_dft_composition,L0,RULE_SAFE_DEFAULT
stability_discharge,eV/atom,P1,14,fw_atomic_mass_range,composition_known_framework,pre_dft_composition,L0,RULE_SAFE_DEFAULT
stability_discharge,eV/atom,P1,15,fw_atomic_mass_std,composition_known_framework,pre_dft_composition,L0,RULE_SAFE_DEFAULT
stability_discharge,eV/atom,P1,16,fw_frac_Ag,composition_known_framework,pre_dft_composition,L0,RULE_SAFE_DEFAULT
stability_discharge,eV/atom,P1,17,fw_frac_Al,composition_known_framework,pre_dft_composition,L0,RULE_SAFE_DEFAULT
stability_discharge,eV/atom,P1,18,fw_frac_As,composition_known_framework,pre_dft_composition,L0,RULE_SAFE_DEFAULT
stability_discharge,eV/atom,P1,19,fw_frac_B,composition_known_framework,pre_dft_composition,L0,RULE_SAFE_DEFAULT
stability_discharge,eV/atom,P1,20,fw_frac_Br,composition_known_framework,pre_dft_composition,L0,RULE_SAFE_DEFAULT
stability_discharge,eV/atom,P1,21,fw_frac_C,composition_known_framework,pre_dft_composition,L0,RULE_SAFE_DEFAULT
stability_discharge,eV/atom,P1,22,fw_frac_Ca,composition_known_framework,pre_dft_composition,L0,RULE_SAFE_DEFAULT
stability_discharge,eV/atom,P1,23,fw_frac_Cl,composition_known_framework,pre_dft_composition,L0,RULE_SAFE_DEFAULT
stability_discharge,eV/atom,P1,24,fw_frac_Co,composition_known_framework,pre_dft_composition,L0,RULE_SAFE_DEFAULT
stability_discharge,eV/atom,P1,25,fw_frac_Cr,composition_known_framework,pre_dft_composition,L0,RULE_SAFE_DEFAULT
stability_discharge,eV/atom,P1,26,fw_frac_Cu,composition_known_framework,pre_dft_composition,L0,RULE_SAFE_DEFAULT
stability_discharge,eV/atom,P1,27,fw_frac_F,composition_known_framework,pre_dft_composition,L0,RULE_SAFE_DEFAULT
stability_discharge,eV/atom,P1,28,fw_frac_Fe,composition_known_framework,pre_dft_composition,L0,RULE_SAFE_DEFAULT
stability_discharge,eV/atom,P1,29,fw_frac_I,composition_known_framework,pre_dft_composition,L0,RULE_SAFE_DEFAULT
stability_discharge,eV/atom,P1,30,fw_frac_K,composition_known_framework,pre_dft_composition,L0,RULE_SAFE_DEFAULT
stability_discharge,eV/atom,P1,31,fw_frac_Li,composition_known_framework,pre_dft_composition,L0,RULE_SAFE_DEFAULT
stability_discharge,eV/atom,P1,32,fw_frac_Mg,composition_known_framework,pre_dft_composition,L0,RULE_SAFE_DEFAULT
stability_discharge,eV/atom,P1,33,fw_frac_Mn,composition_known_framework,pre_dft_composition,L0,RULE_SAFE_DEFAULT
stability_discharge,eV/atom,P1,34,fw_frac_N,composition_known_framework,pre_dft_composition,L0,RULE_SAFE_DEFAULT
stability_discharge,eV/atom,P1,35,fw_frac_Na,composition_known_framework,pre_dft_composition,L0,RULE_SAFE_DEFAULT
stability_discharge,eV/atom,P1,36,fw_frac_Ni,composition_known_framework,pre_dft_composition,L0,RULE_SAFE_DEFAULT
stability_discharge,eV/atom,P1,37,fw_frac_O,composition_known_framework,pre_dft_composition,L0,RULE_SAFE_DEFAULT
stability_discharge,eV/atom,P1,38,fw_frac_P,composition_known_framework,pre_dft_composition,L0,RULE_SAFE_DEFAULT
stability_discharge,eV/atom,P1,39,fw_frac_S,composition_known_framework,pre_dft_composition,L0,RULE_SAFE_DEFAULT
stability_discharge,eV/atom,P1,40,fw_frac_Si,composition_known_framework,pre_dft_composition,L0,RULE_SAFE_DEFAULT
stability_discharge,eV/atom,P1,41,fw_frac_Ti,composition_known_framework,pre_dft_composition,L0,RULE_SAFE_DEFAULT
stability_discharge,eV/atom,P1,42,fw_frac_V,composition_known_framework,pre_dft_composition,L0,RULE_SAFE_DEFAULT
stability_discharge,eV/atom,P1,43,fw_frac_Zn,composition_known_framework,pre_dft_composition,L0,RULE_SAFE_DEFAULT
stability_discharge,eV/atom,P1,44,fw_frac_transition_metals,composition_known_framework,pre_dft_composition,L0,RULE_SAFE_DEFAULT
stability_discharge,eV/atom,P1,45,fw_group_max,composition_known_framework,pre_dft_composition,L0,RULE_SAFE_DEFAULT
stability_discharge,eV/atom,P1,46,fw_group_mean,composition_known_framework,pre_dft_composition,L0,RULE_SAFE_DEFAULT
stability_discharge,eV/atom,P1,47,fw_group_min,composition_known_framework,pre_dft_composition,L0,RULE_SAFE_DEFAULT
stability_discharge,eV/atom,P1,48,fw_group_range,composition_known_framework,pre_dft_composition,L0,RULE_SAFE_DEFAULT
stability_discharge,eV/atom,P1,49,fw_group_std,composition_known_framework,pre_dft_composition,L0,RULE_SAFE_DEFAULT
stability_discharge,eV/atom,P1,50,fw_has_Br,composition_known_framework,pre_dft_composition,L0,RULE_SAFE_DEFAULT
stability_discharge,eV/atom,P1,51,fw_has_C,composition_known_framework,pre_dft_composition,L0,RULE_SAFE_DEFAULT
stability_discharge,eV/atom,P1,52,fw_has_Cl,composition_known_framework,pre_dft_composition,L0,RULE_SAFE_DEFAULT
stability_discharge,eV/atom,P1,53,fw_has_F,composition_known_framework,pre_dft_composition,L0,RULE_SAFE_DEFAULT
stability_discharge,eV/atom,P1,54,fw_has_I,composition_known_framework,pre_dft_composition,L0,RULE_SAFE_DEFAULT
stability_discharge,eV/atom,P1,55,fw_has_N,composition_known_framework,pre_dft_composition,L0,RULE_SAFE_DEFAULT
stability_discharge,eV/atom,P1,56,fw_has_O,composition_known_framework,pre_dft_composition,L0,RULE_SAFE_DEFAULT
stability_discharge,eV/atom,P1,57,fw_has_P,composition_known_framework,pre_dft_composition,L0,RULE_SAFE_DEFAULT
stability_discharge,eV/atom,P1,58,fw_has_S,composition_known_framework,pre_dft_composition,L0,RULE_SAFE_DEFAULT
stability_discharge,eV/atom,P1,59,fw_has_Si,composition_known_framework,pre_dft_composition,L0,RULE_SAFE_DEFAULT
stability_discharge,eV/atom,P1,60,fw_n_atoms,composition_known_framework,pre_dft_composition,L0,RULE_SAFE_DEFAULT
stability_discharge,eV/atom,P1,61,fw_n_elements,composition_known_framework,pre_dft_composition,L0,RULE_SAFE_DEFAULT
stability_discharge,eV/atom,P1,62,fw_n_transition_metals,composition_known_framework,pre_dft_composition,L0,RULE_SAFE_DEFAULT
stability_discharge,eV/atom,P1,63,fw_parse_ok,composition_known_framework,pre_dft_composition,L0,RULE_SAFE_DEFAULT
stability_discharge,eV/atom,P1,64,fw_row_max,composition_known_framework,pre_dft_composition,L0,RULE_SAFE_DEFAULT
stability_discharge,eV/atom,P1,65,fw_row_mean,composition_known_framework,pre_dft_composition,L0,RULE_SAFE_DEFAULT
stability_discharge,eV/atom,P1,66,fw_row_min,composition_known_framework,pre_dft_composition,L0,RULE_SAFE_DEFAULT
stability_discharge,eV/atom,P1,67,fw_row_range,composition_known_framework,pre_dft_composition,L0,RULE_SAFE_DEFAULT
stability_discharge,eV/atom,P1,68,fw_row_std,composition_known_framework,pre_dft_composition,L0,RULE_SAFE_DEFAULT
stability_discharge,eV/atom,P1,69,wi_X,composition_known_working_ion,pre_dft_composition,L0,RULE_SAFE_DEFAULT
stability_discharge,eV/atom,P1,70,wi_Z,composition_known_working_ion,pre_dft_composition,L0,RULE_SAFE_DEFAULT
stability_discharge,eV/atom,P1,71,wi_atomic_mass,composition_known_working_ion,pre_dft_composition,L0,RULE_SAFE_DEFAULT
stability_discharge,eV/atom,P1,72,wi_group,composition_known_working_ion,pre_dft_composition,L0,RULE_SAFE_DEFAULT
stability_discharge,eV/atom,P1,73,wi_row,composition_known_working_ion,pre_dft_composition,L0,RULE_SAFE_DEFAULT
stability_discharge,eV/atom,P2,1,charge_summary_density,relaxed_structure_summary,relaxed_structure,L0,RULE_SAFE_STRUCTURE
stability_discharge,eV/atom,P2,2,charge_summary_density_atomic,relaxed_structure_summary,relaxed_structure,L0,RULE_SAFE_STRUCTURE
stability_discharge,eV/atom,P2,3,charge_summary_nsites,relaxed_structure_summary,relaxed_structure,L0,RULE_SAFE_STRUCTURE
stability_discharge,eV/atom,P2,4,charge_summary_symmetry_number,relaxed_structure_summary,relaxed_structure,L0,RULE_SAFE_STRUCTURE
stability_discharge,eV/atom,P2,5,charge_summary_volume,relaxed_structure_summary,relaxed_structure,L0,RULE_SAFE_STRUCTURE
stability_discharge,eV/atom,P2,6,charge_summary_volume_per_site,relaxed_structure_summary,relaxed_structure,L0,RULE_SAFE_STRUCTURE
stability_discharge,eV/atom,P2,7,discharge_summary_density,relaxed_structure_summary,relaxed_structure,L0,RULE_SAFE_STRUCTURE
stability_discharge,eV/atom,P2,8,discharge_summary_density_atomic,relaxed_structure_summary,relaxed_structure,L0,RULE_SAFE_STRUCTURE
stability_discharge,eV/atom,P2,9,discharge_summary_nsites,relaxed_structure_summary,relaxed_structure,L0,RULE_SAFE_STRUCTURE
stability_discharge,eV/atom,P2,10,discharge_summary_symmetry_number,relaxed_structure_summary,relaxed_structure,L0,RULE_SAFE_STRUCTURE
stability_discharge,eV/atom,P2,11,discharge_summary_volume,relaxed_structure_summary,relaxed_structure,L0,RULE_SAFE_STRUCTURE
stability_discharge,eV/atom,P2,12,discharge_summary_volume_per_site,relaxed_structure_summary,relaxed_structure,L0,RULE_SAFE_STRUCTURE
stability_discharge,eV/atom,P2,13,fw_X_max,composition_known_framework,pre_dft_composition,L0,RULE_SAFE_DEFAULT
stability_discharge,eV/atom,P2,14,fw_X_mean,composition_known_framework,pre_dft_composition,L0,RULE_SAFE_DEFAULT
stability_discharge,eV/atom,P2,15,fw_X_min,composition_known_framework,pre_dft_composition,L0,RULE_SAFE_DEFAULT
stability_discharge,eV/atom,P2,16,fw_X_range,composition_known_framework,pre_dft_composition,L0,RULE_SAFE_DEFAULT
stability_discharge,eV/atom,P2,17,fw_X_std,composition_known_framework,pre_dft_composition,L0,RULE_SAFE_DEFAULT
stability_discharge,eV/atom,P2,18,fw_Z_max,composition_known_framework,pre_dft_composition,L0,RULE_SAFE_DEFAULT
stability_discharge,eV/atom,P2,19,fw_Z_mean,composition_known_framework,pre_dft_composition,L0,RULE_SAFE_DEFAULT
stability_discharge,eV/atom,P2,20,fw_Z_min,composition_known_framework,pre_dft_composition,L0,RULE_SAFE_DEFAULT
stability_discharge,eV/atom,P2,21,fw_Z_range,composition_known_framework,pre_dft_composition,L0,RULE_SAFE_DEFAULT
stability_discharge,eV/atom,P2,22,fw_Z_std,composition_known_framework,pre_dft_composition,L0,RULE_SAFE_DEFAULT
stability_discharge,eV/atom,P2,23,fw_atomic_mass_max,composition_known_framework,pre_dft_composition,L0,RULE_SAFE_DEFAULT
stability_discharge,eV/atom,P2,24,fw_atomic_mass_mean,composition_known_framework,pre_dft_composition,L0,RULE_SAFE_DEFAULT
stability_discharge,eV/atom,P2,25,fw_atomic_mass_min,composition_known_framework,pre_dft_composition,L0,RULE_SAFE_DEFAULT
stability_discharge,eV/atom,P2,26,fw_atomic_mass_range,composition_known_framework,pre_dft_composition,L0,RULE_SAFE_DEFAULT
stability_discharge,eV/atom,P2,27,fw_atomic_mass_std,composition_known_framework,pre_dft_composition,L0,RULE_SAFE_DEFAULT
stability_discharge,eV/atom,P2,28,fw_frac_Ag,composition_known_framework,pre_dft_composition,L0,RULE_SAFE_DEFAULT
stability_discharge,eV/atom,P2,29,fw_frac_Al,composition_known_framework,pre_dft_composition,L0,RULE_SAFE_DEFAULT
stability_discharge,eV/atom,P2,30,fw_frac_As,composition_known_framework,pre_dft_composition,L0,RULE_SAFE_DEFAULT
stability_discharge,eV/atom,P2,31,fw_frac_B,composition_known_framework,pre_dft_composition,L0,RULE_SAFE_DEFAULT
stability_discharge,eV/atom,P2,32,fw_frac_Br,composition_known_framework,pre_dft_composition,L0,RULE_SAFE_DEFAULT
stability_discharge,eV/atom,P2,33,fw_frac_C,composition_known_framework,pre_dft_composition,L0,RULE_SAFE_DEFAULT
stability_discharge,eV/atom,P2,34,fw_frac_Ca,composition_known_framework,pre_dft_composition,L0,RULE_SAFE_DEFAULT
stability_discharge,eV/atom,P2,35,fw_frac_Cl,composition_known_framework,pre_dft_composition,L0,RULE_SAFE_DEFAULT
stability_discharge,eV/atom,P2,36,fw_frac_Co,composition_known_framework,pre_dft_composition,L0,RULE_SAFE_DEFAULT
stability_discharge,eV/atom,P2,37,fw_frac_Cr,composition_known_framework,pre_dft_composition,L0,RULE_SAFE_DEFAULT
stability_discharge,eV/atom,P2,38,fw_frac_Cu,composition_known_framework,pre_dft_composition,L0,RULE_SAFE_DEFAULT
stability_discharge,eV/atom,P2,39,fw_frac_F,composition_known_framework,pre_dft_composition,L0,RULE_SAFE_DEFAULT
stability_discharge,eV/atom,P2,40,fw_frac_Fe,composition_known_framework,pre_dft_composition,L0,RULE_SAFE_DEFAULT
stability_discharge,eV/atom,P2,41,fw_frac_I,composition_known_framework,pre_dft_composition,L0,RULE_SAFE_DEFAULT
stability_discharge,eV/atom,P2,42,fw_frac_K,composition_known_framework,pre_dft_composition,L0,RULE_SAFE_DEFAULT
stability_discharge,eV/atom,P2,43,fw_frac_Li,composition_known_framework,pre_dft_composition,L0,RULE_SAFE_DEFAULT
stability_discharge,eV/atom,P2,44,fw_frac_Mg,composition_known_framework,pre_dft_composition,L0,RULE_SAFE_DEFAULT
stability_discharge,eV/atom,P2,45,fw_frac_Mn,composition_known_framework,pre_dft_composition,L0,RULE_SAFE_DEFAULT
stability_discharge,eV/atom,P2,46,fw_frac_N,composition_known_framework,pre_dft_composition,L0,RULE_SAFE_DEFAULT
stability_discharge,eV/atom,P2,47,fw_frac_Na,composition_known_framework,pre_dft_composition,L0,RULE_SAFE_DEFAULT
stability_discharge,eV/atom,P2,48,fw_frac_Ni,composition_known_framework,pre_dft_composition,L0,RULE_SAFE_DEFAULT
stability_discharge,eV/atom,P2,49,fw_frac_O,composition_known_framework,pre_dft_composition,L0,RULE_SAFE_DEFAULT
stability_discharge,eV/atom,P2,50,fw_frac_P,composition_known_framework,pre_dft_composition,L0,RULE_SAFE_DEFAULT
stability_discharge,eV/atom,P2,51,fw_frac_S,composition_known_framework,pre_dft_composition,L0,RULE_SAFE_DEFAULT
stability_discharge,eV/atom,P2,52,fw_frac_Si,composition_known_framework,pre_dft_composition,L0,RULE_SAFE_DEFAULT
stability_discharge,eV/atom,P2,53,fw_frac_Ti,composition_known_framework,pre_dft_composition,L0,RULE_SAFE_DEFAULT
stability_discharge,eV/atom,P2,54,fw_frac_V,composition_known_framework,pre_dft_composition,L0,RULE_SAFE_DEFAULT
stability_discharge,eV/atom,P2,55,fw_frac_Zn,composition_known_framework,pre_dft_composition,L0,RULE_SAFE_DEFAULT
stability_discharge,eV/atom,P2,56,fw_frac_transition_metals,composition_known_framework,pre_dft_composition,L0,RULE_SAFE_DEFAULT
stability_discharge,eV/atom,P2,57,fw_group_max,composition_known_framework,pre_dft_composition,L0,RULE_SAFE_DEFAULT
stability_discharge,eV/atom,P2,58,fw_group_mean,composition_known_framework,pre_dft_composition,L0,RULE_SAFE_DEFAULT
stability_discharge,eV/atom,P2,59,fw_group_min,composition_known_framework,pre_dft_composition,L0,RULE_SAFE_DEFAULT
stability_discharge,eV/atom,P2,60,fw_group_range,composition_known_framework,pre_dft_composition,L0,RULE_SAFE_DEFAULT
stability_discharge,eV/atom,P2,61,fw_group_std,composition_known_framework,pre_dft_composition,L0,RULE_SAFE_DEFAULT
stability_discharge,eV/atom,P2,62,fw_has_Br,composition_known_framework,pre_dft_composition,L0,RULE_SAFE_DEFAULT
stability_discharge,eV/atom,P2,63,fw_has_C,composition_known_framework,pre_dft_composition,L0,RULE_SAFE_DEFAULT
stability_discharge,eV/atom,P2,64,fw_has_Cl,composition_known_framework,pre_dft_composition,L0,RULE_SAFE_DEFAULT
stability_discharge,eV/atom,P2,65,fw_has_F,composition_known_framework,pre_dft_composition,L0,RULE_SAFE_DEFAULT
stability_discharge,eV/atom,P2,66,fw_has_I,composition_known_framework,pre_dft_composition,L0,RULE_SAFE_DEFAULT
stability_discharge,eV/atom,P2,67,fw_has_N,composition_known_framework,pre_dft_composition,L0,RULE_SAFE_DEFAULT
stability_discharge,eV/atom,P2,68,fw_has_O,composition_known_framework,pre_dft_composition,L0,RULE_SAFE_DEFAULT
stability_discharge,eV/atom,P2,69,fw_has_P,composition_known_framework,pre_dft_composition,L0,RULE_SAFE_DEFAULT
stability_discharge,eV/atom,P2,70,fw_has_S,composition_known_framework,pre_dft_composition,L0,RULE_SAFE_DEFAULT
stability_discharge,eV/atom,P2,71,fw_has_Si,composition_known_framework,pre_dft_composition,L0,RULE_SAFE_DEFAULT
stability_discharge,eV/atom,P2,72,fw_n_atoms,composition_known_framework,pre_dft_composition,L0,RULE_SAFE_DEFAULT
stability_discharge,eV/atom,P2,73,fw_n_elements,composition_known_framework,pre_dft_composition,L0,RULE_SAFE_DEFAULT
stability_discharge,eV/atom,P2,74,fw_n_transition_metals,composition_known_framework,pre_dft_composition,L0,RULE_SAFE_DEFAULT
stability_discharge,eV/atom,P2,75,fw_parse_ok,composition_known_framework,pre_dft_composition,L0,RULE_SAFE_DEFAULT
stability_discharge,eV/atom,P2,76,fw_row_max,composition_known_framework,pre_dft_composition,L0,RULE_SAFE_DEFAULT
stability_discharge,eV/atom,P2,77,fw_row_mean,composition_known_framework,pre_dft_composition,L0,RULE_SAFE_DEFAULT
stability_discharge,eV/atom,P2,78,fw_row_min,composition_known_framework,pre_dft_composition,L0,RULE_SAFE_DEFAULT
stability_discharge,eV/atom,P2,79,fw_row_range,composition_known_framework,pre_dft_composition,L0,RULE_SAFE_DEFAULT
stability_discharge,eV/atom,P2,80,fw_row_std,composition_known_framework,pre_dft_composition,L0,RULE_SAFE_DEFAULT
stability_discharge,eV/atom,P2,81,summary_abs_delta_density,relaxed_structure_summary,relaxed_structure,L0,RULE_SAFE_STRUCTURE
stability_discharge,eV/atom,P2,82,summary_abs_delta_density_atomic,relaxed_structure_summary,relaxed_structure,L0,RULE_SAFE_STRUCTURE
stability_discharge,eV/atom,P2,83,summary_abs_delta_volume_fraction,relaxed_structure_summary,relaxed_structure,L0,RULE_SAFE_STRUCTURE
stability_discharge,eV/atom,P2,84,summary_abs_delta_volume_per_site,relaxed_structure_summary,relaxed_structure,L0,RULE_SAFE_STRUCTURE
stability_discharge,eV/atom,P2,85,summary_delta_density,relaxed_structure_summary,relaxed_structure,L0,RULE_SAFE_STRUCTURE
stability_discharge,eV/atom,P2,86,summary_delta_density_atomic,relaxed_structure_summary,relaxed_structure,L0,RULE_SAFE_STRUCTURE
stability_discharge,eV/atom,P2,87,summary_delta_volume_fraction,relaxed_structure_summary,relaxed_structure,L0,RULE_SAFE_STRUCTURE
stability_discharge,eV/atom,P2,88,summary_delta_volume_per_site,relaxed_structure_summary,relaxed_structure,L0,RULE_SAFE_STRUCTURE
stability_discharge,eV/atom,P2,89,wi_X,composition_known_working_ion,pre_dft_composition,L0,RULE_SAFE_DEFAULT
stability_discharge,eV/atom,P2,90,wi_Z,composition_known_working_ion,pre_dft_composition,L0,RULE_SAFE_DEFAULT
stability_discharge,eV/atom,P2,91,wi_atomic_mass,composition_known_working_ion,pre_dft_composition,L0,RULE_SAFE_DEFAULT
stability_discharge,eV/atom,P2,92,wi_group,composition_known_working_ion,pre_dft_composition,L0,RULE_SAFE_DEFAULT
stability_discharge,eV/atom,P2,93,wi_row,composition_known_working_ion,pre_dft_composition,L0,RULE_SAFE_DEFAULT
stability_discharge,eV/atom,P3,1,charge_summary_band_gap,post_dft_electronic_summary,post_dft_electronic,L4,RULE_POST_DFT_ELECTRONIC
stability_discharge,eV/atom,P3,2,charge_summary_density,relaxed_structure_summary,relaxed_structure,L0,RULE_SAFE_STRUCTURE
stability_discharge,eV/atom,P3,3,charge_summary_density_atomic,relaxed_structure_summary,relaxed_structure,L0,RULE_SAFE_STRUCTURE
stability_discharge,eV/atom,P3,4,charge_summary_formation_energy_per_atom,post_dft_energy_stability_summary,post_dft_thermodynamics,L4,RULE_FORMATION_ENERGY_STABILITY
stability_discharge,eV/atom,P3,5,charge_summary_is_metal,post_dft_electronic_summary,post_dft_electronic,L4,RULE_POST_DFT_ELECTRONIC
stability_discharge,eV/atom,P3,6,charge_summary_nsites,relaxed_structure_summary,relaxed_structure,L0,RULE_SAFE_STRUCTURE
stability_discharge,eV/atom,P3,7,charge_summary_symmetry_number,relaxed_structure_summary,relaxed_structure,L0,RULE_SAFE_STRUCTURE
stability_discharge,eV/atom,P3,8,charge_summary_volume,relaxed_structure_summary,relaxed_structure,L0,RULE_SAFE_STRUCTURE
stability_discharge,eV/atom,P3,9,charge_summary_volume_per_site,relaxed_structure_summary,relaxed_structure,L0,RULE_SAFE_STRUCTURE
stability_discharge,eV/atom,P3,10,discharge_summary_band_gap,post_dft_electronic_summary,post_dft_electronic,L4,RULE_POST_DFT_ELECTRONIC
stability_discharge,eV/atom,P3,11,discharge_summary_density,relaxed_structure_summary,relaxed_structure,L0,RULE_SAFE_STRUCTURE
stability_discharge,eV/atom,P3,12,discharge_summary_density_atomic,relaxed_structure_summary,relaxed_structure,L0,RULE_SAFE_STRUCTURE
stability_discharge,eV/atom,P3,13,discharge_summary_formation_energy_per_atom,post_dft_energy_stability_summary,post_dft_thermodynamics,L4,RULE_FORMATION_ENERGY_STABILITY
stability_discharge,eV/atom,P3,14,discharge_summary_is_metal,post_dft_electronic_summary,post_dft_electronic,L4,RULE_POST_DFT_ELECTRONIC
stability_discharge,eV/atom,P3,15,discharge_summary_nsites,relaxed_structure_summary,relaxed_structure,L0,RULE_SAFE_STRUCTURE
stability_discharge,eV/atom,P3,16,discharge_summary_symmetry_number,relaxed_structure_summary,relaxed_structure,L0,RULE_SAFE_STRUCTURE
stability_discharge,eV/atom,P3,17,discharge_summary_volume,relaxed_structure_summary,relaxed_structure,L0,RULE_SAFE_STRUCTURE
stability_discharge,eV/atom,P3,18,discharge_summary_volume_per_site,relaxed_structure_summary,relaxed_structure,L0,RULE_SAFE_STRUCTURE
stability_discharge,eV/atom,P3,19,fw_X_max,composition_known_framework,pre_dft_composition,L0,RULE_SAFE_DEFAULT
stability_discharge,eV/atom,P3,20,fw_X_mean,composition_known_framework,pre_dft_composition,L0,RULE_SAFE_DEFAULT
stability_discharge,eV/atom,P3,21,fw_X_min,composition_known_framework,pre_dft_composition,L0,RULE_SAFE_DEFAULT
stability_discharge,eV/atom,P3,22,fw_X_range,composition_known_framework,pre_dft_composition,L0,RULE_SAFE_DEFAULT
stability_discharge,eV/atom,P3,23,fw_X_std,composition_known_framework,pre_dft_composition,L0,RULE_SAFE_DEFAULT
stability_discharge,eV/atom,P3,24,fw_Z_max,composition_known_framework,pre_dft_composition,L0,RULE_SAFE_DEFAULT
stability_discharge,eV/atom,P3,25,fw_Z_mean,composition_known_framework,pre_dft_composition,L0,RULE_SAFE_DEFAULT
stability_discharge,eV/atom,P3,26,fw_Z_min,composition_known_framework,pre_dft_composition,L0,RULE_SAFE_DEFAULT
stability_discharge,eV/atom,P3,27,fw_Z_range,composition_known_framework,pre_dft_composition,L0,RULE_SAFE_DEFAULT
stability_discharge,eV/atom,P3,28,fw_Z_std,composition_known_framework,pre_dft_composition,L0,RULE_SAFE_DEFAULT
stability_discharge,eV/atom,P3,29,fw_atomic_mass_max,composition_known_framework,pre_dft_composition,L0,RULE_SAFE_DEFAULT
stability_discharge,eV/atom,P3,30,fw_atomic_mass_mean,composition_known_framework,pre_dft_composition,L0,RULE_SAFE_DEFAULT
stability_discharge,eV/atom,P3,31,fw_atomic_mass_min,composition_known_framework,pre_dft_composition,L0,RULE_SAFE_DEFAULT
stability_discharge,eV/atom,P3,32,fw_atomic_mass_range,composition_known_framework,pre_dft_composition,L0,RULE_SAFE_DEFAULT
stability_discharge,eV/atom,P3,33,fw_atomic_mass_std,composition_known_framework,pre_dft_composition,L0,RULE_SAFE_DEFAULT
stability_discharge,eV/atom,P3,34,fw_frac_Ag,composition_known_framework,pre_dft_composition,L0,RULE_SAFE_DEFAULT
stability_discharge,eV/atom,P3,35,fw_frac_Al,composition_known_framework,pre_dft_composition,L0,RULE_SAFE_DEFAULT
stability_discharge,eV/atom,P3,36,fw_frac_As,composition_known_framework,pre_dft_composition,L0,RULE_SAFE_DEFAULT
stability_discharge,eV/atom,P3,37,fw_frac_B,composition_known_framework,pre_dft_composition,L0,RULE_SAFE_DEFAULT
stability_discharge,eV/atom,P3,38,fw_frac_Br,composition_known_framework,pre_dft_composition,L0,RULE_SAFE_DEFAULT
stability_discharge,eV/atom,P3,39,fw_frac_C,composition_known_framework,pre_dft_composition,L0,RULE_SAFE_DEFAULT
stability_discharge,eV/atom,P3,40,fw_frac_Ca,composition_known_framework,pre_dft_composition,L0,RULE_SAFE_DEFAULT
stability_discharge,eV/atom,P3,41,fw_frac_Cl,composition_known_framework,pre_dft_composition,L0,RULE_SAFE_DEFAULT
stability_discharge,eV/atom,P3,42,fw_frac_Co,composition_known_framework,pre_dft_composition,L0,RULE_SAFE_DEFAULT
stability_discharge,eV/atom,P3,43,fw_frac_Cr,composition_known_framework,pre_dft_composition,L0,RULE_SAFE_DEFAULT
stability_discharge,eV/atom,P3,44,fw_frac_Cu,composition_known_framework,pre_dft_composition,L0,RULE_SAFE_DEFAULT
stability_discharge,eV/atom,P3,45,fw_frac_F,composition_known_framework,pre_dft_composition,L0,RULE_SAFE_DEFAULT
stability_discharge,eV/atom,P3,46,fw_frac_Fe,composition_known_framework,pre_dft_composition,L0,RULE_SAFE_DEFAULT
stability_discharge,eV/atom,P3,47,fw_frac_I,composition_known_framework,pre_dft_composition,L0,RULE_SAFE_DEFAULT
stability_discharge,eV/atom,P3,48,fw_frac_K,composition_known_framework,pre_dft_composition,L0,RULE_SAFE_DEFAULT
stability_discharge,eV/atom,P3,49,fw_frac_Li,composition_known_framework,pre_dft_composition,L0,RULE_SAFE_DEFAULT
stability_discharge,eV/atom,P3,50,fw_frac_Mg,composition_known_framework,pre_dft_composition,L0,RULE_SAFE_DEFAULT
stability_discharge,eV/atom,P3,51,fw_frac_Mn,composition_known_framework,pre_dft_composition,L0,RULE_SAFE_DEFAULT
stability_discharge,eV/atom,P3,52,fw_frac_N,composition_known_framework,pre_dft_composition,L0,RULE_SAFE_DEFAULT
stability_discharge,eV/atom,P3,53,fw_frac_Na,composition_known_framework,pre_dft_composition,L0,RULE_SAFE_DEFAULT
stability_discharge,eV/atom,P3,54,fw_frac_Ni,composition_known_framework,pre_dft_composition,L0,RULE_SAFE_DEFAULT
stability_discharge,eV/atom,P3,55,fw_frac_O,composition_known_framework,pre_dft_composition,L0,RULE_SAFE_DEFAULT
stability_discharge,eV/atom,P3,56,fw_frac_P,composition_known_framework,pre_dft_composition,L0,RULE_SAFE_DEFAULT
stability_discharge,eV/atom,P3,57,fw_frac_S,composition_known_framework,pre_dft_composition,L0,RULE_SAFE_DEFAULT
stability_discharge,eV/atom,P3,58,fw_frac_Si,composition_known_framework,pre_dft_composition,L0,RULE_SAFE_DEFAULT
stability_discharge,eV/atom,P3,59,fw_frac_Ti,composition_known_framework,pre_dft_composition,L0,RULE_SAFE_DEFAULT
stability_discharge,eV/atom,P3,60,fw_frac_V,composition_known_framework,pre_dft_composition,L0,RULE_SAFE_DEFAULT
stability_discharge,eV/atom,P3,61,fw_frac_Zn,composition_known_framework,pre_dft_composition,L0,RULE_SAFE_DEFAULT
stability_discharge,eV/atom,P3,62,fw_frac_transition_metals,composition_known_framework,pre_dft_composition,L0,RULE_SAFE_DEFAULT
stability_discharge,eV/atom,P3,63,fw_group_max,composition_known_framework,pre_dft_composition,L0,RULE_SAFE_DEFAULT
stability_discharge,eV/atom,P3,64,fw_group_mean,composition_known_framework,pre_dft_composition,L0,RULE_SAFE_DEFAULT
stability_discharge,eV/atom,P3,65,fw_group_min,composition_known_framework,pre_dft_composition,L0,RULE_SAFE_DEFAULT
stability_discharge,eV/atom,P3,66,fw_group_range,composition_known_framework,pre_dft_composition,L0,RULE_SAFE_DEFAULT
stability_discharge,eV/atom,P3,67,fw_group_std,composition_known_framework,pre_dft_composition,L0,RULE_SAFE_DEFAULT
stability_discharge,eV/atom,P3,68,fw_has_Br,composition_known_framework,pre_dft_composition,L0,RULE_SAFE_DEFAULT
stability_discharge,eV/atom,P3,69,fw_has_C,composition_known_framework,pre_dft_composition,L0,RULE_SAFE_DEFAULT
stability_discharge,eV/atom,P3,70,fw_has_Cl,composition_known_framework,pre_dft_composition,L0,RULE_SAFE_DEFAULT
stability_discharge,eV/atom,P3,71,fw_has_F,composition_known_framework,pre_dft_composition,L0,RULE_SAFE_DEFAULT
stability_discharge,eV/atom,P3,72,fw_has_I,composition_known_framework,pre_dft_composition,L0,RULE_SAFE_DEFAULT
stability_discharge,eV/atom,P3,73,fw_has_N,composition_known_framework,pre_dft_composition,L0,RULE_SAFE_DEFAULT
stability_discharge,eV/atom,P3,74,fw_has_O,composition_known_framework,pre_dft_composition,L0,RULE_SAFE_DEFAULT
stability_discharge,eV/atom,P3,75,fw_has_P,composition_known_framework,pre_dft_composition,L0,RULE_SAFE_DEFAULT
stability_discharge,eV/atom,P3,76,fw_has_S,composition_known_framework,pre_dft_composition,L0,RULE_SAFE_DEFAULT
stability_discharge,eV/atom,P3,77,fw_has_Si,composition_known_framework,pre_dft_composition,L0,RULE_SAFE_DEFAULT
stability_discharge,eV/atom,P3,78,fw_n_atoms,composition_known_framework,pre_dft_composition,L0,RULE_SAFE_DEFAULT
stability_discharge,eV/atom,P3,79,fw_n_elements,composition_known_framework,pre_dft_composition,L0,RULE_SAFE_DEFAULT
stability_discharge,eV/atom,P3,80,fw_n_transition_metals,composition_known_framework,pre_dft_composition,L0,RULE_SAFE_DEFAULT
stability_discharge,eV/atom,P3,81,fw_parse_ok,composition_known_framework,pre_dft_composition,L0,RULE_SAFE_DEFAULT
stability_discharge,eV/atom,P3,82,fw_row_max,composition_known_framework,pre_dft_composition,L0,RULE_SAFE_DEFAULT
stability_discharge,eV/atom,P3,83,fw_row_mean,composition_known_framework,pre_dft_composition,L0,RULE_SAFE_DEFAULT
stability_discharge,eV/atom,P3,84,fw_row_min,composition_known_framework,pre_dft_composition,L0,RULE_SAFE_DEFAULT
stability_discharge,eV/atom,P3,85,fw_row_range,composition_known_framework,pre_dft_composition,L0,RULE_SAFE_DEFAULT
stability_discharge,eV/atom,P3,86,fw_row_std,composition_known_framework,pre_dft_composition,L0,RULE_SAFE_DEFAULT
stability_discharge,eV/atom,P3,87,max_voltage_step,stored_electrode_process_descriptor,stored_electrode_record,L0,RULE_SAFE_DEFAULT
stability_discharge,eV/atom,P3,88,num_steps,stored_electrode_process_descriptor,stored_electrode_record,L0,RULE_SAFE_DEFAULT
stability_discharge,eV/atom,P3,89,summary_abs_delta_band_gap,post_dft_electronic_summary,post_dft_electronic,L4,RULE_POST_DFT_ELECTRONIC
stability_discharge,eV/atom,P3,90,summary_abs_delta_density,relaxed_structure_summary,relaxed_structure,L0,RULE_SAFE_STRUCTURE
stability_discharge,eV/atom,P3,91,summary_abs_delta_density_atomic,relaxed_structure_summary,relaxed_structure,L0,RULE_SAFE_STRUCTURE
stability_discharge,eV/atom,P3,92,summary_abs_delta_formation_energy_per_atom,post_dft_energy_stability_summary,post_dft_thermodynamics,L4,RULE_FORMATION_ENERGY_STABILITY
stability_discharge,eV/atom,P3,93,summary_abs_delta_volume_fraction,relaxed_structure_summary,relaxed_structure,L0,RULE_SAFE_STRUCTURE
stability_discharge,eV/atom,P3,94,summary_abs_delta_volume_per_site,relaxed_structure_summary,relaxed_structure,L0,RULE_SAFE_STRUCTURE
stability_discharge,eV/atom,P3,95,summary_delta_band_gap,post_dft_electronic_summary,post_dft_electronic,L4,RULE_POST_DFT_ELECTRONIC
stability_discharge,eV/atom,P3,96,summary_delta_density,relaxed_structure_summary,relaxed_structure,L0,RULE_SAFE_STRUCTURE
stability_discharge,eV/atom,P3,97,summary_delta_density_atomic,relaxed_structure_summary,relaxed_structure,L0,RULE_SAFE_STRUCTURE
stability_discharge,eV/atom,P3,98,summary_delta_formation_energy_per_atom,post_dft_energy_stability_summary,post_dft_thermodynamics,L4,RULE_FORMATION_ENERGY_STABILITY
stability_discharge,eV/atom,P3,99,summary_delta_volume_fraction,relaxed_structure_summary,relaxed_structure,L0,RULE_SAFE_STRUCTURE
stability_discharge,eV/atom,P3,100,summary_delta_volume_per_site,relaxed_structure_summary,relaxed_structure,L0,RULE_SAFE_STRUCTURE
stability_discharge,eV/atom,P3,101,wi_X,composition_known_working_ion,pre_dft_composition,L0,RULE_SAFE_DEFAULT
stability_discharge,eV/atom,P3,102,wi_Z,composition_known_working_ion,pre_dft_composition,L0,RULE_SAFE_DEFAULT
stability_discharge,eV/atom,P3,103,wi_atomic_mass,composition_known_working_ion,pre_dft_composition,L0,RULE_SAFE_DEFAULT
stability_discharge,eV/atom,P3,104,wi_group,composition_known_working_ion,pre_dft_composition,L0,RULE_SAFE_DEFAULT
stability_discharge,eV/atom,P3,105,wi_row,composition_known_working_ion,pre_dft_composition,L0,RULE_SAFE_DEFAULT
stability_discharge,eV/atom,P4,1,average_voltage,stored_electrode_target,stored_electrode_record,L4,RULE_OTHER_STORED_TARGET
stability_discharge,eV/atom,P4,2,capacity_grav,stored_electrode_target,stored_electrode_record,L4,RULE_OTHER_STORED_TARGET
stability_discharge,eV/atom,P4,3,capacity_vol,stored_electrode_target,stored_electrode_record,L4,RULE_OTHER_STORED_TARGET
stability_discharge,eV/atom,P4,4,charge_formula_X_max,stoichiometric_window,electrode_state_stoichiometry,L0,RULE_SAFE_DEFAULT
stability_discharge,eV/atom,P4,5,charge_formula_X_mean,stoichiometric_window,electrode_state_stoichiometry,L0,RULE_SAFE_DEFAULT
stability_discharge,eV/atom,P4,6,charge_formula_X_min,stoichiometric_window,electrode_state_stoichiometry,L0,RULE_SAFE_DEFAULT
stability_discharge,eV/atom,P4,7,charge_formula_X_range,stoichiometric_window,electrode_state_stoichiometry,L0,RULE_SAFE_DEFAULT
stability_discharge,eV/atom,P4,8,charge_formula_X_std,stoichiometric_window,electrode_state_stoichiometry,L0,RULE_SAFE_DEFAULT
stability_discharge,eV/atom,P4,9,charge_formula_Z_max,stoichiometric_window,electrode_state_stoichiometry,L0,RULE_SAFE_DEFAULT
stability_discharge,eV/atom,P4,10,charge_formula_Z_mean,stoichiometric_window,electrode_state_stoichiometry,L0,RULE_SAFE_DEFAULT
stability_discharge,eV/atom,P4,11,charge_formula_Z_min,stoichiometric_window,electrode_state_stoichiometry,L0,RULE_SAFE_DEFAULT
stability_discharge,eV/atom,P4,12,charge_formula_Z_range,stoichiometric_window,electrode_state_stoichiometry,L0,RULE_SAFE_DEFAULT
stability_discharge,eV/atom,P4,13,charge_formula_Z_std,stoichiometric_window,electrode_state_stoichiometry,L0,RULE_SAFE_DEFAULT
stability_discharge,eV/atom,P4,14,charge_formula_atomic_mass_max,stoichiometric_window,electrode_state_stoichiometry,L0,RULE_SAFE_DEFAULT
stability_discharge,eV/atom,P4,15,charge_formula_atomic_mass_mean,stoichiometric_window,electrode_state_stoichiometry,L0,RULE_SAFE_DEFAULT
stability_discharge,eV/atom,P4,16,charge_formula_atomic_mass_min,stoichiometric_window,electrode_state_stoichiometry,L0,RULE_SAFE_DEFAULT
stability_discharge,eV/atom,P4,17,charge_formula_atomic_mass_range,stoichiometric_window,electrode_state_stoichiometry,L0,RULE_SAFE_DEFAULT
stability_discharge,eV/atom,P4,18,charge_formula_atomic_mass_std,stoichiometric_window,electrode_state_stoichiometry,L0,RULE_SAFE_DEFAULT
stability_discharge,eV/atom,P4,19,charge_formula_frac_Ag,stoichiometric_window,electrode_state_stoichiometry,L0,RULE_SAFE_DEFAULT
stability_discharge,eV/atom,P4,20,charge_formula_frac_Al,stoichiometric_window,electrode_state_stoichiometry,L0,RULE_SAFE_DEFAULT
stability_discharge,eV/atom,P4,21,charge_formula_frac_As,stoichiometric_window,electrode_state_stoichiometry,L0,RULE_SAFE_DEFAULT
stability_discharge,eV/atom,P4,22,charge_formula_frac_B,stoichiometric_window,electrode_state_stoichiometry,L0,RULE_SAFE_DEFAULT
stability_discharge,eV/atom,P4,23,charge_formula_frac_Br,stoichiometric_window,electrode_state_stoichiometry,L0,RULE_SAFE_DEFAULT
stability_discharge,eV/atom,P4,24,charge_formula_frac_C,stoichiometric_window,electrode_state_stoichiometry,L0,RULE_SAFE_DEFAULT
stability_discharge,eV/atom,P4,25,charge_formula_frac_Ca,stoichiometric_window,electrode_state_stoichiometry,L0,RULE_SAFE_DEFAULT
stability_discharge,eV/atom,P4,26,charge_formula_frac_Cl,stoichiometric_window,electrode_state_stoichiometry,L0,RULE_SAFE_DEFAULT
stability_discharge,eV/atom,P4,27,charge_formula_frac_Co,stoichiometric_window,electrode_state_stoichiometry,L0,RULE_SAFE_DEFAULT
stability_discharge,eV/atom,P4,28,charge_formula_frac_Cr,stoichiometric_window,electrode_state_stoichiometry,L0,RULE_SAFE_DEFAULT
stability_discharge,eV/atom,P4,29,charge_formula_frac_Cu,stoichiometric_window,electrode_state_stoichiometry,L0,RULE_SAFE_DEFAULT
stability_discharge,eV/atom,P4,30,charge_formula_frac_F,stoichiometric_window,electrode_state_stoichiometry,L0,RULE_SAFE_DEFAULT
stability_discharge,eV/atom,P4,31,charge_formula_frac_Fe,stoichiometric_window,electrode_state_stoichiometry,L0,RULE_SAFE_DEFAULT
stability_discharge,eV/atom,P4,32,charge_formula_frac_I,stoichiometric_window,electrode_state_stoichiometry,L0,RULE_SAFE_DEFAULT
stability_discharge,eV/atom,P4,33,charge_formula_frac_K,stoichiometric_window,electrode_state_stoichiometry,L0,RULE_SAFE_DEFAULT
stability_discharge,eV/atom,P4,34,charge_formula_frac_Li,stoichiometric_window,electrode_state_stoichiometry,L0,RULE_SAFE_DEFAULT
stability_discharge,eV/atom,P4,35,charge_formula_frac_Mg,stoichiometric_window,electrode_state_stoichiometry,L0,RULE_SAFE_DEFAULT
stability_discharge,eV/atom,P4,36,charge_formula_frac_Mn,stoichiometric_window,electrode_state_stoichiometry,L0,RULE_SAFE_DEFAULT
stability_discharge,eV/atom,P4,37,charge_formula_frac_N,stoichiometric_window,electrode_state_stoichiometry,L0,RULE_SAFE_DEFAULT
stability_discharge,eV/atom,P4,38,charge_formula_frac_Na,stoichiometric_window,electrode_state_stoichiometry,L0,RULE_SAFE_DEFAULT
stability_discharge,eV/atom,P4,39,charge_formula_frac_Ni,stoichiometric_window,electrode_state_stoichiometry,L0,RULE_SAFE_DEFAULT
stability_discharge,eV/atom,P4,40,charge_formula_frac_O,stoichiometric_window,electrode_state_stoichiometry,L0,RULE_SAFE_DEFAULT
stability_discharge,eV/atom,P4,41,charge_formula_frac_P,stoichiometric_window,electrode_state_stoichiometry,L0,RULE_SAFE_DEFAULT
stability_discharge,eV/atom,P4,42,charge_formula_frac_S,stoichiometric_window,electrode_state_stoichiometry,L0,RULE_SAFE_DEFAULT
stability_discharge,eV/atom,P4,43,charge_formula_frac_Si,stoichiometric_window,electrode_state_stoichiometry,L0,RULE_SAFE_DEFAULT
stability_discharge,eV/atom,P4,44,charge_formula_frac_Ti,stoichiometric_window,electrode_state_stoichiometry,L0,RULE_SAFE_DEFAULT
stability_discharge,eV/atom,P4,45,charge_formula_frac_V,stoichiometric_window,electrode_state_stoichiometry,L0,RULE_SAFE_DEFAULT
stability_discharge,eV/atom,P4,46,charge_formula_frac_Zn,stoichiometric_window,electrode_state_stoichiometry,L0,RULE_SAFE_DEFAULT
stability_discharge,eV/atom,P4,47,charge_formula_frac_transition_metals,stoichiometric_window,electrode_state_stoichiometry,L0,RULE_SAFE_DEFAULT
stability_discharge,eV/atom,P4,48,charge_formula_group_max,stoichiometric_window,electrode_state_stoichiometry,L0,RULE_SAFE_DEFAULT
stability_discharge,eV/atom,P4,49,charge_formula_group_mean,stoichiometric_window,electrode_state_stoichiometry,L0,RULE_SAFE_DEFAULT
stability_discharge,eV/atom,P4,50,charge_formula_group_min,stoichiometric_window,electrode_state_stoichiometry,L0,RULE_SAFE_DEFAULT
stability_discharge,eV/atom,P4,51,charge_formula_group_range,stoichiometric_window,electrode_state_stoichiometry,L0,RULE_SAFE_DEFAULT
stability_discharge,eV/atom,P4,52,charge_formula_group_std,stoichiometric_window,electrode_state_stoichiometry,L0,RULE_SAFE_DEFAULT
stability_discharge,eV/atom,P4,53,charge_formula_has_Br,stoichiometric_window,electrode_state_stoichiometry,L0,RULE_SAFE_DEFAULT
stability_discharge,eV/atom,P4,54,charge_formula_has_C,stoichiometric_window,electrode_state_stoichiometry,L0,RULE_SAFE_DEFAULT
stability_discharge,eV/atom,P4,55,charge_formula_has_Cl,stoichiometric_window,electrode_state_stoichiometry,L0,RULE_SAFE_DEFAULT
stability_discharge,eV/atom,P4,56,charge_formula_has_F,stoichiometric_window,electrode_state_stoichiometry,L0,RULE_SAFE_DEFAULT
stability_discharge,eV/atom,P4,57,charge_formula_has_I,stoichiometric_window,electrode_state_stoichiometry,L0,RULE_SAFE_DEFAULT
stability_discharge,eV/atom,P4,58,charge_formula_has_N,stoichiometric_window,electrode_state_stoichiometry,L0,RULE_SAFE_DEFAULT
stability_discharge,eV/atom,P4,59,charge_formula_has_O,stoichiometric_window,electrode_state_stoichiometry,L0,RULE_SAFE_DEFAULT
stability_discharge,eV/atom,P4,60,charge_formula_has_P,stoichiometric_window,electrode_state_stoichiometry,L0,RULE_SAFE_DEFAULT
stability_discharge,eV/atom,P4,61,charge_formula_has_S,stoichiometric_window,electrode_state_stoichiometry,L0,RULE_SAFE_DEFAULT
stability_discharge,eV/atom,P4,62,charge_formula_has_Si,stoichiometric_window,electrode_state_stoichiometry,L0,RULE_SAFE_DEFAULT
stability_discharge,eV/atom,P4,63,charge_formula_n_atoms,stoichiometric_window,electrode_state_stoichiometry,L0,RULE_SAFE_DEFAULT
stability_discharge,eV/atom,P4,64,charge_formula_n_elements,stoichiometric_window,electrode_state_stoichiometry,L0,RULE_SAFE_DEFAULT
stability_discharge,eV/atom,P4,65,charge_formula_n_transition_metals,stoichiometric_window,electrode_state_stoichiometry,L0,RULE_SAFE_DEFAULT
stability_discharge,eV/atom,P4,66,charge_formula_parse_ok,stoichiometric_window,electrode_state_stoichiometry,L0,RULE_SAFE_DEFAULT
stability_discharge,eV/atom,P4,67,charge_formula_row_max,stoichiometric_window,electrode_state_stoichiometry,L0,RULE_SAFE_DEFAULT
stability_discharge,eV/atom,P4,68,charge_formula_row_mean,stoichiometric_window,electrode_state_stoichiometry,L0,RULE_SAFE_DEFAULT
stability_discharge,eV/atom,P4,69,charge_formula_row_min,stoichiometric_window,electrode_state_stoichiometry,L0,RULE_SAFE_DEFAULT
stability_discharge,eV/atom,P4,70,charge_formula_row_range,stoichiometric_window,electrode_state_stoichiometry,L0,RULE_SAFE_DEFAULT
stability_discharge,eV/atom,P4,71,charge_formula_row_std,stoichiometric_window,electrode_state_stoichiometry,L0,RULE_SAFE_DEFAULT
stability_discharge,eV/atom,P4,72,charge_summary_band_gap,post_dft_electronic_summary,post_dft_electronic,L4,RULE_POST_DFT_ELECTRONIC
stability_discharge,eV/atom,P4,73,charge_summary_density,relaxed_structure_summary,relaxed_structure,L0,RULE_SAFE_STRUCTURE
stability_discharge,eV/atom,P4,74,charge_summary_density_atomic,relaxed_structure_summary,relaxed_structure,L0,RULE_SAFE_STRUCTURE
stability_discharge,eV/atom,P4,75,charge_summary_energy_above_hull,post_dft_energy_stability_summary,post_dft_thermodynamics,L2,RULE_HULL_STABILITY
stability_discharge,eV/atom,P4,76,charge_summary_formation_energy_per_atom,post_dft_energy_stability_summary,post_dft_thermodynamics,L4,RULE_FORMATION_ENERGY_STABILITY
stability_discharge,eV/atom,P4,77,charge_summary_is_metal,post_dft_electronic_summary,post_dft_electronic,L4,RULE_POST_DFT_ELECTRONIC
stability_discharge,eV/atom,P4,78,charge_summary_is_stable,post_dft_energy_stability_summary,post_dft_thermodynamics,L2,RULE_HULL_STABILITY
stability_discharge,eV/atom,P4,79,charge_summary_nsites,relaxed_structure_summary,relaxed_structure,L0,RULE_SAFE_STRUCTURE
stability_discharge,eV/atom,P4,80,charge_summary_symmetry_number,relaxed_structure_summary,relaxed_structure,L0,RULE_SAFE_STRUCTURE
stability_discharge,eV/atom,P4,81,charge_summary_theoretical,post_dft_provenance_flag,post_dft_provenance,L4,RULE_POST_DFT_PROVENANCE
stability_discharge,eV/atom,P4,82,charge_summary_volume,relaxed_structure_summary,relaxed_structure,L0,RULE_SAFE_STRUCTURE
stability_discharge,eV/atom,P4,83,charge_summary_volume_per_site,relaxed_structure_summary,relaxed_structure,L0,RULE_SAFE_STRUCTURE
stability_discharge,eV/atom,P4,84,discharge_formula_X_max,stoichiometric_window,electrode_state_stoichiometry,L0,RULE_SAFE_DEFAULT
stability_discharge,eV/atom,P4,85,discharge_formula_X_mean,stoichiometric_window,electrode_state_stoichiometry,L0,RULE_SAFE_DEFAULT
stability_discharge,eV/atom,P4,86,discharge_formula_X_min,stoichiometric_window,electrode_state_stoichiometry,L0,RULE_SAFE_DEFAULT
stability_discharge,eV/atom,P4,87,discharge_formula_X_range,stoichiometric_window,electrode_state_stoichiometry,L0,RULE_SAFE_DEFAULT
stability_discharge,eV/atom,P4,88,discharge_formula_X_std,stoichiometric_window,electrode_state_stoichiometry,L0,RULE_SAFE_DEFAULT
stability_discharge,eV/atom,P4,89,discharge_formula_Z_max,stoichiometric_window,electrode_state_stoichiometry,L0,RULE_SAFE_DEFAULT
stability_discharge,eV/atom,P4,90,discharge_formula_Z_mean,stoichiometric_window,electrode_state_stoichiometry,L0,RULE_SAFE_DEFAULT
stability_discharge,eV/atom,P4,91,discharge_formula_Z_min,stoichiometric_window,electrode_state_stoichiometry,L0,RULE_SAFE_DEFAULT
stability_discharge,eV/atom,P4,92,discharge_formula_Z_range,stoichiometric_window,electrode_state_stoichiometry,L0,RULE_SAFE_DEFAULT
stability_discharge,eV/atom,P4,93,discharge_formula_Z_std,stoichiometric_window,electrode_state_stoichiometry,L0,RULE_SAFE_DEFAULT
stability_discharge,eV/atom,P4,94,discharge_formula_atomic_mass_max,stoichiometric_window,electrode_state_stoichiometry,L0,RULE_SAFE_DEFAULT
stability_discharge,eV/atom,P4,95,discharge_formula_atomic_mass_mean,stoichiometric_window,electrode_state_stoichiometry,L0,RULE_SAFE_DEFAULT
stability_discharge,eV/atom,P4,96,discharge_formula_atomic_mass_min,stoichiometric_window,electrode_state_stoichiometry,L0,RULE_SAFE_DEFAULT
stability_discharge,eV/atom,P4,97,discharge_formula_atomic_mass_range,stoichiometric_window,electrode_state_stoichiometry,L0,RULE_SAFE_DEFAULT
stability_discharge,eV/atom,P4,98,discharge_formula_atomic_mass_std,stoichiometric_window,electrode_state_stoichiometry,L0,RULE_SAFE_DEFAULT
stability_discharge,eV/atom,P4,99,discharge_formula_frac_Ag,stoichiometric_window,electrode_state_stoichiometry,L0,RULE_SAFE_DEFAULT
stability_discharge,eV/atom,P4,100,discharge_formula_frac_Al,stoichiometric_window,electrode_state_stoichiometry,L0,RULE_SAFE_DEFAULT
stability_discharge,eV/atom,P4,101,discharge_formula_frac_As,stoichiometric_window,electrode_state_stoichiometry,L0,RULE_SAFE_DEFAULT
stability_discharge,eV/atom,P4,102,discharge_formula_frac_B,stoichiometric_window,electrode_state_stoichiometry,L0,RULE_SAFE_DEFAULT
stability_discharge,eV/atom,P4,103,discharge_formula_frac_Br,stoichiometric_window,electrode_state_stoichiometry,L0,RULE_SAFE_DEFAULT
stability_discharge,eV/atom,P4,104,discharge_formula_frac_C,stoichiometric_window,electrode_state_stoichiometry,L0,RULE_SAFE_DEFAULT
stability_discharge,eV/atom,P4,105,discharge_formula_frac_Ca,stoichiometric_window,electrode_state_stoichiometry,L0,RULE_SAFE_DEFAULT
stability_discharge,eV/atom,P4,106,discharge_formula_frac_Cl,stoichiometric_window,electrode_state_stoichiometry,L0,RULE_SAFE_DEFAULT
stability_discharge,eV/atom,P4,107,discharge_formula_frac_Co,stoichiometric_window,electrode_state_stoichiometry,L0,RULE_SAFE_DEFAULT
stability_discharge,eV/atom,P4,108,discharge_formula_frac_Cr,stoichiometric_window,electrode_state_stoichiometry,L0,RULE_SAFE_DEFAULT
stability_discharge,eV/atom,P4,109,discharge_formula_frac_Cu,stoichiometric_window,electrode_state_stoichiometry,L0,RULE_SAFE_DEFAULT
stability_discharge,eV/atom,P4,110,discharge_formula_frac_F,stoichiometric_window,electrode_state_stoichiometry,L0,RULE_SAFE_DEFAULT
stability_discharge,eV/atom,P4,111,discharge_formula_frac_Fe,stoichiometric_window,electrode_state_stoichiometry,L0,RULE_SAFE_DEFAULT
stability_discharge,eV/atom,P4,112,discharge_formula_frac_I,stoichiometric_window,electrode_state_stoichiometry,L0,RULE_SAFE_DEFAULT
stability_discharge,eV/atom,P4,113,discharge_formula_frac_K,stoichiometric_window,electrode_state_stoichiometry,L0,RULE_SAFE_DEFAULT
stability_discharge,eV/atom,P4,114,discharge_formula_frac_Li,stoichiometric_window,electrode_state_stoichiometry,L0,RULE_SAFE_DEFAULT
stability_discharge,eV/atom,P4,115,discharge_formula_frac_Mg,stoichiometric_window,electrode_state_stoichiometry,L0,RULE_SAFE_DEFAULT
stability_discharge,eV/atom,P4,116,discharge_formula_frac_Mn,stoichiometric_window,electrode_state_stoichiometry,L0,RULE_SAFE_DEFAULT
stability_discharge,eV/atom,P4,117,discharge_formula_frac_N,stoichiometric_window,electrode_state_stoichiometry,L0,RULE_SAFE_DEFAULT
stability_discharge,eV/atom,P4,118,discharge_formula_frac_Na,stoichiometric_window,electrode_state_stoichiometry,L0,RULE_SAFE_DEFAULT
stability_discharge,eV/atom,P4,119,discharge_formula_frac_Ni,stoichiometric_window,electrode_state_stoichiometry,L0,RULE_SAFE_DEFAULT
stability_discharge,eV/atom,P4,120,discharge_formula_frac_O,stoichiometric_window,electrode_state_stoichiometry,L0,RULE_SAFE_DEFAULT
stability_discharge,eV/atom,P4,121,discharge_formula_frac_P,stoichiometric_window,electrode_state_stoichiometry,L0,RULE_SAFE_DEFAULT
stability_discharge,eV/atom,P4,122,discharge_formula_frac_S,stoichiometric_window,electrode_state_stoichiometry,L0,RULE_SAFE_DEFAULT
stability_discharge,eV/atom,P4,123,discharge_formula_frac_Si,stoichiometric_window,electrode_state_stoichiometry,L0,RULE_SAFE_DEFAULT
stability_discharge,eV/atom,P4,124,discharge_formula_frac_Ti,stoichiometric_window,electrode_state_stoichiometry,L0,RULE_SAFE_DEFAULT
stability_discharge,eV/atom,P4,125,discharge_formula_frac_V,stoichiometric_window,electrode_state_stoichiometry,L0,RULE_SAFE_DEFAULT
stability_discharge,eV/atom,P4,126,discharge_formula_frac_Zn,stoichiometric_window,electrode_state_stoichiometry,L0,RULE_SAFE_DEFAULT
stability_discharge,eV/atom,P4,127,discharge_formula_frac_transition_metals,stoichiometric_window,electrode_state_stoichiometry,L0,RULE_SAFE_DEFAULT
stability_discharge,eV/atom,P4,128,discharge_formula_group_max,stoichiometric_window,electrode_state_stoichiometry,L0,RULE_SAFE_DEFAULT
stability_discharge,eV/atom,P4,129,discharge_formula_group_mean,stoichiometric_window,electrode_state_stoichiometry,L0,RULE_SAFE_DEFAULT
stability_discharge,eV/atom,P4,130,discharge_formula_group_min,stoichiometric_window,electrode_state_stoichiometry,L0,RULE_SAFE_DEFAULT
stability_discharge,eV/atom,P4,131,discharge_formula_group_range,stoichiometric_window,electrode_state_stoichiometry,L0,RULE_SAFE_DEFAULT
stability_discharge,eV/atom,P4,132,discharge_formula_group_std,stoichiometric_window,electrode_state_stoichiometry,L0,RULE_SAFE_DEFAULT
stability_discharge,eV/atom,P4,133,discharge_formula_has_Br,stoichiometric_window,electrode_state_stoichiometry,L0,RULE_SAFE_DEFAULT
stability_discharge,eV/atom,P4,134,discharge_formula_has_C,stoichiometric_window,electrode_state_stoichiometry,L0,RULE_SAFE_DEFAULT
stability_discharge,eV/atom,P4,135,discharge_formula_has_Cl,stoichiometric_window,electrode_state_stoichiometry,L0,RULE_SAFE_DEFAULT
stability_discharge,eV/atom,P4,136,discharge_formula_has_F,stoichiometric_window,electrode_state_stoichiometry,L0,RULE_SAFE_DEFAULT
stability_discharge,eV/atom,P4,137,discharge_formula_has_I,stoichiometric_window,electrode_state_stoichiometry,L0,RULE_SAFE_DEFAULT
stability_discharge,eV/atom,P4,138,discharge_formula_has_N,stoichiometric_window,electrode_state_stoichiometry,L0,RULE_SAFE_DEFAULT
stability_discharge,eV/atom,P4,139,discharge_formula_has_O,stoichiometric_window,electrode_state_stoichiometry,L0,RULE_SAFE_DEFAULT
stability_discharge,eV/atom,P4,140,discharge_formula_has_P,stoichiometric_window,electrode_state_stoichiometry,L0,RULE_SAFE_DEFAULT
stability_discharge,eV/atom,P4,141,discharge_formula_has_S,stoichiometric_window,electrode_state_stoichiometry,L0,RULE_SAFE_DEFAULT
stability_discharge,eV/atom,P4,142,discharge_formula_has_Si,stoichiometric_window,electrode_state_stoichiometry,L0,RULE_SAFE_DEFAULT
stability_discharge,eV/atom,P4,143,discharge_formula_n_atoms,stoichiometric_window,electrode_state_stoichiometry,L0,RULE_SAFE_DEFAULT
stability_discharge,eV/atom,P4,144,discharge_formula_n_elements,stoichiometric_window,electrode_state_stoichiometry,L0,RULE_SAFE_DEFAULT
stability_discharge,eV/atom,P4,145,discharge_formula_n_transition_metals,stoichiometric_window,electrode_state_stoichiometry,L0,RULE_SAFE_DEFAULT
stability_discharge,eV/atom,P4,146,discharge_formula_parse_ok,stoichiometric_window,electrode_state_stoichiometry,L0,RULE_SAFE_DEFAULT
stability_discharge,eV/atom,P4,147,discharge_formula_row_max,stoichiometric_window,electrode_state_stoichiometry,L0,RULE_SAFE_DEFAULT
stability_discharge,eV/atom,P4,148,discharge_formula_row_mean,stoichiometric_window,electrode_state_stoichiometry,L0,RULE_SAFE_DEFAULT
stability_discharge,eV/atom,P4,149,discharge_formula_row_min,stoichiometric_window,electrode_state_stoichiometry,L0,RULE_SAFE_DEFAULT
stability_discharge,eV/atom,P4,150,discharge_formula_row_range,stoichiometric_window,electrode_state_stoichiometry,L0,RULE_SAFE_DEFAULT
stability_discharge,eV/atom,P4,151,discharge_formula_row_std,stoichiometric_window,electrode_state_stoichiometry,L0,RULE_SAFE_DEFAULT
stability_discharge,eV/atom,P4,152,discharge_summary_band_gap,post_dft_electronic_summary,post_dft_electronic,L4,RULE_POST_DFT_ELECTRONIC
stability_discharge,eV/atom,P4,153,discharge_summary_density,relaxed_structure_summary,relaxed_structure,L0,RULE_SAFE_STRUCTURE
stability_discharge,eV/atom,P4,154,discharge_summary_density_atomic,relaxed_structure_summary,relaxed_structure,L0,RULE_SAFE_STRUCTURE
stability_discharge,eV/atom,P4,155,discharge_summary_energy_above_hull,post_dft_energy_stability_summary,post_dft_thermodynamics,L2,RULE_HULL_STABILITY
stability_discharge,eV/atom,P4,156,discharge_summary_formation_energy_per_atom,post_dft_energy_stability_summary,post_dft_thermodynamics,L4,RULE_FORMATION_ENERGY_STABILITY
stability_discharge,eV/atom,P4,157,discharge_summary_is_metal,post_dft_electronic_summary,post_dft_electronic,L4,RULE_POST_DFT_ELECTRONIC
stability_discharge,eV/atom,P4,158,discharge_summary_is_stable,post_dft_energy_stability_summary,post_dft_thermodynamics,L2,RULE_HULL_STABILITY
stability_discharge,eV/atom,P4,159,discharge_summary_nsites,relaxed_structure_summary,relaxed_structure,L0,RULE_SAFE_STRUCTURE
stability_discharge,eV/atom,P4,160,discharge_summary_symmetry_number,relaxed_structure_summary,relaxed_structure,L0,RULE_SAFE_STRUCTURE
stability_discharge,eV/atom,P4,161,discharge_summary_theoretical,post_dft_provenance_flag,post_dft_provenance,L4,RULE_POST_DFT_PROVENANCE
stability_discharge,eV/atom,P4,162,discharge_summary_volume,relaxed_structure_summary,relaxed_structure,L0,RULE_SAFE_STRUCTURE
stability_discharge,eV/atom,P4,163,discharge_summary_volume_per_site,relaxed_structure_summary,relaxed_structure,L0,RULE_SAFE_STRUCTURE
stability_discharge,eV/atom,P4,164,energy_grav,stored_electrode_target,stored_electrode_record,L4,RULE_OTHER_STORED_TARGET
stability_discharge,eV/atom,P4,165,energy_vol,stored_electrode_target,stored_electrode_record,L4,RULE_OTHER_STORED_TARGET
stability_discharge,eV/atom,P4,166,fracA_charge,stoichiometric_window,electrode_state_stoichiometry,L0,RULE_SAFE_DEFAULT
stability_discharge,eV/atom,P4,167,fracA_discharge,stoichiometric_window,electrode_state_stoichiometry,L0,RULE_SAFE_DEFAULT
stability_discharge,eV/atom,P4,168,fw_X_max,composition_known_framework,pre_dft_composition,L0,RULE_SAFE_DEFAULT
stability_discharge,eV/atom,P4,169,fw_X_mean,composition_known_framework,pre_dft_composition,L0,RULE_SAFE_DEFAULT
stability_discharge,eV/atom,P4,170,fw_X_min,composition_known_framework,pre_dft_composition,L0,RULE_SAFE_DEFAULT
stability_discharge,eV/atom,P4,171,fw_X_range,composition_known_framework,pre_dft_composition,L0,RULE_SAFE_DEFAULT
stability_discharge,eV/atom,P4,172,fw_X_std,composition_known_framework,pre_dft_composition,L0,RULE_SAFE_DEFAULT
stability_discharge,eV/atom,P4,173,fw_Z_max,composition_known_framework,pre_dft_composition,L0,RULE_SAFE_DEFAULT
stability_discharge,eV/atom,P4,174,fw_Z_mean,composition_known_framework,pre_dft_composition,L0,RULE_SAFE_DEFAULT
stability_discharge,eV/atom,P4,175,fw_Z_min,composition_known_framework,pre_dft_composition,L0,RULE_SAFE_DEFAULT
stability_discharge,eV/atom,P4,176,fw_Z_range,composition_known_framework,pre_dft_composition,L0,RULE_SAFE_DEFAULT
stability_discharge,eV/atom,P4,177,fw_Z_std,composition_known_framework,pre_dft_composition,L0,RULE_SAFE_DEFAULT
stability_discharge,eV/atom,P4,178,fw_atomic_mass_max,composition_known_framework,pre_dft_composition,L0,RULE_SAFE_DEFAULT
stability_discharge,eV/atom,P4,179,fw_atomic_mass_mean,composition_known_framework,pre_dft_composition,L0,RULE_SAFE_DEFAULT
stability_discharge,eV/atom,P4,180,fw_atomic_mass_min,composition_known_framework,pre_dft_composition,L0,RULE_SAFE_DEFAULT
stability_discharge,eV/atom,P4,181,fw_atomic_mass_range,composition_known_framework,pre_dft_composition,L0,RULE_SAFE_DEFAULT
stability_discharge,eV/atom,P4,182,fw_atomic_mass_std,composition_known_framework,pre_dft_composition,L0,RULE_SAFE_DEFAULT
stability_discharge,eV/atom,P4,183,fw_frac_Ag,composition_known_framework,pre_dft_composition,L0,RULE_SAFE_DEFAULT
stability_discharge,eV/atom,P4,184,fw_frac_Al,composition_known_framework,pre_dft_composition,L0,RULE_SAFE_DEFAULT
stability_discharge,eV/atom,P4,185,fw_frac_As,composition_known_framework,pre_dft_composition,L0,RULE_SAFE_DEFAULT
stability_discharge,eV/atom,P4,186,fw_frac_B,composition_known_framework,pre_dft_composition,L0,RULE_SAFE_DEFAULT
stability_discharge,eV/atom,P4,187,fw_frac_Br,composition_known_framework,pre_dft_composition,L0,RULE_SAFE_DEFAULT
stability_discharge,eV/atom,P4,188,fw_frac_C,composition_known_framework,pre_dft_composition,L0,RULE_SAFE_DEFAULT
stability_discharge,eV/atom,P4,189,fw_frac_Ca,composition_known_framework,pre_dft_composition,L0,RULE_SAFE_DEFAULT
stability_discharge,eV/atom,P4,190,fw_frac_Cl,composition_known_framework,pre_dft_composition,L0,RULE_SAFE_DEFAULT
stability_discharge,eV/atom,P4,191,fw_frac_Co,composition_known_framework,pre_dft_composition,L0,RULE_SAFE_DEFAULT
stability_discharge,eV/atom,P4,192,fw_frac_Cr,composition_known_framework,pre_dft_composition,L0,RULE_SAFE_DEFAULT
stability_discharge,eV/atom,P4,193,fw_frac_Cu,composition_known_framework,pre_dft_composition,L0,RULE_SAFE_DEFAULT
stability_discharge,eV/atom,P4,194,fw_frac_F,composition_known_framework,pre_dft_composition,L0,RULE_SAFE_DEFAULT
stability_discharge,eV/atom,P4,195,fw_frac_Fe,composition_known_framework,pre_dft_composition,L0,RULE_SAFE_DEFAULT
stability_discharge,eV/atom,P4,196,fw_frac_I,composition_known_framework,pre_dft_composition,L0,RULE_SAFE_DEFAULT
stability_discharge,eV/atom,P4,197,fw_frac_K,composition_known_framework,pre_dft_composition,L0,RULE_SAFE_DEFAULT
stability_discharge,eV/atom,P4,198,fw_frac_Li,composition_known_framework,pre_dft_composition,L0,RULE_SAFE_DEFAULT
stability_discharge,eV/atom,P4,199,fw_frac_Mg,composition_known_framework,pre_dft_composition,L0,RULE_SAFE_DEFAULT
stability_discharge,eV/atom,P4,200,fw_frac_Mn,composition_known_framework,pre_dft_composition,L0,RULE_SAFE_DEFAULT
stability_discharge,eV/atom,P4,201,fw_frac_N,composition_known_framework,pre_dft_composition,L0,RULE_SAFE_DEFAULT
stability_discharge,eV/atom,P4,202,fw_frac_Na,composition_known_framework,pre_dft_composition,L0,RULE_SAFE_DEFAULT
stability_discharge,eV/atom,P4,203,fw_frac_Ni,composition_known_framework,pre_dft_composition,L0,RULE_SAFE_DEFAULT
stability_discharge,eV/atom,P4,204,fw_frac_O,composition_known_framework,pre_dft_composition,L0,RULE_SAFE_DEFAULT
stability_discharge,eV/atom,P4,205,fw_frac_P,composition_known_framework,pre_dft_composition,L0,RULE_SAFE_DEFAULT
stability_discharge,eV/atom,P4,206,fw_frac_S,composition_known_framework,pre_dft_composition,L0,RULE_SAFE_DEFAULT
stability_discharge,eV/atom,P4,207,fw_frac_Si,composition_known_framework,pre_dft_composition,L0,RULE_SAFE_DEFAULT
stability_discharge,eV/atom,P4,208,fw_frac_Ti,composition_known_framework,pre_dft_composition,L0,RULE_SAFE_DEFAULT
stability_discharge,eV/atom,P4,209,fw_frac_V,composition_known_framework,pre_dft_composition,L0,RULE_SAFE_DEFAULT
stability_discharge,eV/atom,P4,210,fw_frac_Zn,composition_known_framework,pre_dft_composition,L0,RULE_SAFE_DEFAULT
stability_discharge,eV/atom,P4,211,fw_frac_transition_metals,composition_known_framework,pre_dft_composition,L0,RULE_SAFE_DEFAULT
stability_discharge,eV/atom,P4,212,fw_group_max,composition_known_framework,pre_dft_composition,L0,RULE_SAFE_DEFAULT
stability_discharge,eV/atom,P4,213,fw_group_mean,composition_known_framework,pre_dft_composition,L0,RULE_SAFE_DEFAULT
stability_discharge,eV/atom,P4,214,fw_group_min,composition_known_framework,pre_dft_composition,L0,RULE_SAFE_DEFAULT
stability_discharge,eV/atom,P4,215,fw_group_range,composition_known_framework,pre_dft_composition,L0,RULE_SAFE_DEFAULT
stability_discharge,eV/atom,P4,216,fw_group_std,composition_known_framework,pre_dft_composition,L0,RULE_SAFE_DEFAULT
stability_discharge,eV/atom,P4,217,fw_has_Br,composition_known_framework,pre_dft_composition,L0,RULE_SAFE_DEFAULT
stability_discharge,eV/atom,P4,218,fw_has_C,composition_known_framework,pre_dft_composition,L0,RULE_SAFE_DEFAULT
stability_discharge,eV/atom,P4,219,fw_has_Cl,composition_known_framework,pre_dft_composition,L0,RULE_SAFE_DEFAULT
stability_discharge,eV/atom,P4,220,fw_has_F,composition_known_framework,pre_dft_composition,L0,RULE_SAFE_DEFAULT
stability_discharge,eV/atom,P4,221,fw_has_I,composition_known_framework,pre_dft_composition,L0,RULE_SAFE_DEFAULT
stability_discharge,eV/atom,P4,222,fw_has_N,composition_known_framework,pre_dft_composition,L0,RULE_SAFE_DEFAULT
stability_discharge,eV/atom,P4,223,fw_has_O,composition_known_framework,pre_dft_composition,L0,RULE_SAFE_DEFAULT
stability_discharge,eV/atom,P4,224,fw_has_P,composition_known_framework,pre_dft_composition,L0,RULE_SAFE_DEFAULT
stability_discharge,eV/atom,P4,225,fw_has_S,composition_known_framework,pre_dft_composition,L0,RULE_SAFE_DEFAULT
stability_discharge,eV/atom,P4,226,fw_has_Si,composition_known_framework,pre_dft_composition,L0,RULE_SAFE_DEFAULT
stability_discharge,eV/atom,P4,227,fw_n_atoms,composition_known_framework,pre_dft_composition,L0,RULE_SAFE_DEFAULT
stability_discharge,eV/atom,P4,228,fw_n_elements,composition_known_framework,pre_dft_composition,L0,RULE_SAFE_DEFAULT
stability_discharge,eV/atom,P4,229,fw_n_transition_metals,composition_known_framework,pre_dft_composition,L0,RULE_SAFE_DEFAULT
stability_discharge,eV/atom,P4,230,fw_parse_ok,composition_known_framework,pre_dft_composition,L0,RULE_SAFE_DEFAULT
stability_discharge,eV/atom,P4,231,fw_row_max,composition_known_framework,pre_dft_composition,L0,RULE_SAFE_DEFAULT
stability_discharge,eV/atom,P4,232,fw_row_mean,composition_known_framework,pre_dft_composition,L0,RULE_SAFE_DEFAULT
stability_discharge,eV/atom,P4,233,fw_row_min,composition_known_framework,pre_dft_composition,L0,RULE_SAFE_DEFAULT
stability_discharge,eV/atom,P4,234,fw_row_range,composition_known_framework,pre_dft_composition,L0,RULE_SAFE_DEFAULT
stability_discharge,eV/atom,P4,235,fw_row_std,composition_known_framework,pre_dft_composition,L0,RULE_SAFE_DEFAULT
stability_discharge,eV/atom,P4,236,max_delta_volume,stored_electrode_target,stored_electrode_record,L4,RULE_OTHER_STORED_TARGET
stability_discharge,eV/atom,P4,237,max_voltage_step,stored_electrode_process_descriptor,stored_electrode_record,L0,RULE_SAFE_DEFAULT
stability_discharge,eV/atom,P4,238,num_steps,stored_electrode_process_descriptor,stored_electrode_record,L0,RULE_SAFE_DEFAULT
stability_discharge,eV/atom,P4,239,stability_charge,stored_electrode_target,stored_electrode_record,L2,RULE_STABILITY_AGGREGATION
stability_discharge,eV/atom,P4,240,stability_discharge,stored_electrode_target,stored_electrode_record,L1,RULE_DIRECT_TARGET
stability_discharge,eV/atom,P4,241,stability_worst,stored_electrode_target,stored_electrode_record,L2,RULE_STABILITY_AGGREGATION
stability_discharge,eV/atom,P4,242,stoich_abs_wi_amount_delta,stoichiometric_window,electrode_state_stoichiometry,L0,RULE_SAFE_DEFAULT
stability_discharge,eV/atom,P4,243,stoich_wi_amount_charge,stoichiometric_window,electrode_state_stoichiometry,L0,RULE_SAFE_DEFAULT
stability_discharge,eV/atom,P4,244,stoich_wi_amount_delta,stoichiometric_window,electrode_state_stoichiometry,L0,RULE_SAFE_DEFAULT
stability_discharge,eV/atom,P4,245,stoich_wi_amount_discharge,stoichiometric_window,electrode_state_stoichiometry,L0,RULE_SAFE_DEFAULT
stability_discharge,eV/atom,P4,246,stored_abs_fracA_delta,other_numeric,derived_miscellaneous,L0,RULE_SAFE_DEFAULT
stability_discharge,eV/atom,P4,247,stored_fracA_delta,stoichiometric_window,electrode_state_stoichiometry,L0,RULE_SAFE_DEFAULT
stability_discharge,eV/atom,P4,248,summary_abs_delta_band_gap,post_dft_electronic_summary,post_dft_electronic,L4,RULE_POST_DFT_ELECTRONIC
stability_discharge,eV/atom,P4,249,summary_abs_delta_density,relaxed_structure_summary,relaxed_structure,L0,RULE_SAFE_STRUCTURE
stability_discharge,eV/atom,P4,250,summary_abs_delta_density_atomic,relaxed_structure_summary,relaxed_structure,L0,RULE_SAFE_STRUCTURE
stability_discharge,eV/atom,P4,251,summary_abs_delta_energy_above_hull,post_dft_energy_stability_summary,post_dft_thermodynamics,L2,RULE_HULL_STABILITY
stability_discharge,eV/atom,P4,252,summary_abs_delta_formation_energy_per_atom,post_dft_energy_stability_summary,post_dft_thermodynamics,L4,RULE_FORMATION_ENERGY_STABILITY
stability_discharge,eV/atom,P4,253,summary_abs_delta_volume_fraction,relaxed_structure_summary,relaxed_structure,L0,RULE_SAFE_STRUCTURE
stability_discharge,eV/atom,P4,254,summary_abs_delta_volume_per_site,relaxed_structure_summary,relaxed_structure,L0,RULE_SAFE_STRUCTURE
stability_discharge,eV/atom,P4,255,summary_delta_band_gap,post_dft_electronic_summary,post_dft_electronic,L4,RULE_POST_DFT_ELECTRONIC
stability_discharge,eV/atom,P4,256,summary_delta_density,relaxed_structure_summary,relaxed_structure,L0,RULE_SAFE_STRUCTURE
stability_discharge,eV/atom,P4,257,summary_delta_density_atomic,relaxed_structure_summary,relaxed_structure,L0,RULE_SAFE_STRUCTURE
stability_discharge,eV/atom,P4,258,summary_delta_energy_above_hull,post_dft_energy_stability_summary,post_dft_thermodynamics,L2,RULE_HULL_STABILITY
stability_discharge,eV/atom,P4,259,summary_delta_formation_energy_per_atom,post_dft_energy_stability_summary,post_dft_thermodynamics,L4,RULE_FORMATION_ENERGY_STABILITY
stability_discharge,eV/atom,P4,260,summary_delta_volume_fraction,relaxed_structure_summary,relaxed_structure,L0,RULE_SAFE_STRUCTURE
stability_discharge,eV/atom,P4,261,summary_delta_volume_per_site,relaxed_structure_summary,relaxed_structure,L0,RULE_SAFE_STRUCTURE
stability_discharge,eV/atom,P4,262,summary_worst_energy_above_hull,post_dft_energy_stability_summary,post_dft_thermodynamics,L2,RULE_HULL_STABILITY
stability_discharge,eV/atom,P4,263,wi_X,composition_known_working_ion,pre_dft_composition,L0,RULE_SAFE_DEFAULT
stability_discharge,eV/atom,P4,264,wi_Z,composition_known_working_ion,pre_dft_composition,L0,RULE_SAFE_DEFAULT
stability_discharge,eV/atom,P4,265,wi_atomic_mass,composition_known_working_ion,pre_dft_composition,L0,RULE_SAFE_DEFAULT
stability_discharge,eV/atom,P4,266,wi_group,composition_known_working_ion,pre_dft_composition,L0,RULE_SAFE_DEFAULT
stability_discharge,eV/atom,P4,267,wi_row,composition_known_working_ion,pre_dft_composition,L0,RULE_SAFE_DEFAULT
stability_worst,eV/atom,P0,1,average_voltage,stored_electrode_target,stored_electrode_record,L4,RULE_OTHER_STORED_TARGET
stability_worst,eV/atom,P0,2,capacity_grav,stored_electrode_target,stored_electrode_record,L4,RULE_OTHER_STORED_TARGET
stability_worst,eV/atom,P0,3,capacity_vol,stored_electrode_target,stored_electrode_record,L4,RULE_OTHER_STORED_TARGET
stability_worst,eV/atom,P0,4,charge_formula_X_max,stoichiometric_window,electrode_state_stoichiometry,L0,RULE_SAFE_DEFAULT
stability_worst,eV/atom,P0,5,charge_formula_X_mean,stoichiometric_window,electrode_state_stoichiometry,L0,RULE_SAFE_DEFAULT
stability_worst,eV/atom,P0,6,charge_formula_X_min,stoichiometric_window,electrode_state_stoichiometry,L0,RULE_SAFE_DEFAULT
stability_worst,eV/atom,P0,7,charge_formula_X_range,stoichiometric_window,electrode_state_stoichiometry,L0,RULE_SAFE_DEFAULT
stability_worst,eV/atom,P0,8,charge_formula_X_std,stoichiometric_window,electrode_state_stoichiometry,L0,RULE_SAFE_DEFAULT
stability_worst,eV/atom,P0,9,charge_formula_Z_max,stoichiometric_window,electrode_state_stoichiometry,L0,RULE_SAFE_DEFAULT
stability_worst,eV/atom,P0,10,charge_formula_Z_mean,stoichiometric_window,electrode_state_stoichiometry,L0,RULE_SAFE_DEFAULT
stability_worst,eV/atom,P0,11,charge_formula_Z_min,stoichiometric_window,electrode_state_stoichiometry,L0,RULE_SAFE_DEFAULT
stability_worst,eV/atom,P0,12,charge_formula_Z_range,stoichiometric_window,electrode_state_stoichiometry,L0,RULE_SAFE_DEFAULT
stability_worst,eV/atom,P0,13,charge_formula_Z_std,stoichiometric_window,electrode_state_stoichiometry,L0,RULE_SAFE_DEFAULT
stability_worst,eV/atom,P0,14,charge_formula_atomic_mass_max,stoichiometric_window,electrode_state_stoichiometry,L0,RULE_SAFE_DEFAULT
stability_worst,eV/atom,P0,15,charge_formula_atomic_mass_mean,stoichiometric_window,electrode_state_stoichiometry,L0,RULE_SAFE_DEFAULT
stability_worst,eV/atom,P0,16,charge_formula_atomic_mass_min,stoichiometric_window,electrode_state_stoichiometry,L0,RULE_SAFE_DEFAULT
stability_worst,eV/atom,P0,17,charge_formula_atomic_mass_range,stoichiometric_window,electrode_state_stoichiometry,L0,RULE_SAFE_DEFAULT
stability_worst,eV/atom,P0,18,charge_formula_atomic_mass_std,stoichiometric_window,electrode_state_stoichiometry,L0,RULE_SAFE_DEFAULT
stability_worst,eV/atom,P0,19,charge_formula_frac_Ag,stoichiometric_window,electrode_state_stoichiometry,L0,RULE_SAFE_DEFAULT
stability_worst,eV/atom,P0,20,charge_formula_frac_Al,stoichiometric_window,electrode_state_stoichiometry,L0,RULE_SAFE_DEFAULT
stability_worst,eV/atom,P0,21,charge_formula_frac_As,stoichiometric_window,electrode_state_stoichiometry,L0,RULE_SAFE_DEFAULT
stability_worst,eV/atom,P0,22,charge_formula_frac_B,stoichiometric_window,electrode_state_stoichiometry,L0,RULE_SAFE_DEFAULT
stability_worst,eV/atom,P0,23,charge_formula_frac_Br,stoichiometric_window,electrode_state_stoichiometry,L0,RULE_SAFE_DEFAULT
stability_worst,eV/atom,P0,24,charge_formula_frac_C,stoichiometric_window,electrode_state_stoichiometry,L0,RULE_SAFE_DEFAULT
stability_worst,eV/atom,P0,25,charge_formula_frac_Ca,stoichiometric_window,electrode_state_stoichiometry,L0,RULE_SAFE_DEFAULT
stability_worst,eV/atom,P0,26,charge_formula_frac_Cl,stoichiometric_window,electrode_state_stoichiometry,L0,RULE_SAFE_DEFAULT
stability_worst,eV/atom,P0,27,charge_formula_frac_Co,stoichiometric_window,electrode_state_stoichiometry,L0,RULE_SAFE_DEFAULT
stability_worst,eV/atom,P0,28,charge_formula_frac_Cr,stoichiometric_window,electrode_state_stoichiometry,L0,RULE_SAFE_DEFAULT
stability_worst,eV/atom,P0,29,charge_formula_frac_Cu,stoichiometric_window,electrode_state_stoichiometry,L0,RULE_SAFE_DEFAULT
stability_worst,eV/atom,P0,30,charge_formula_frac_F,stoichiometric_window,electrode_state_stoichiometry,L0,RULE_SAFE_DEFAULT
stability_worst,eV/atom,P0,31,charge_formula_frac_Fe,stoichiometric_window,electrode_state_stoichiometry,L0,RULE_SAFE_DEFAULT
stability_worst,eV/atom,P0,32,charge_formula_frac_I,stoichiometric_window,electrode_state_stoichiometry,L0,RULE_SAFE_DEFAULT
stability_worst,eV/atom,P0,33,charge_formula_frac_K,stoichiometric_window,electrode_state_stoichiometry,L0,RULE_SAFE_DEFAULT
stability_worst,eV/atom,P0,34,charge_formula_frac_Li,stoichiometric_window,electrode_state_stoichiometry,L0,RULE_SAFE_DEFAULT
stability_worst,eV/atom,P0,35,charge_formula_frac_Mg,stoichiometric_window,electrode_state_stoichiometry,L0,RULE_SAFE_DEFAULT
stability_worst,eV/atom,P0,36,charge_formula_frac_Mn,stoichiometric_window,electrode_state_stoichiometry,L0,RULE_SAFE_DEFAULT
stability_worst,eV/atom,P0,37,charge_formula_frac_N,stoichiometric_window,electrode_state_stoichiometry,L0,RULE_SAFE_DEFAULT
stability_worst,eV/atom,P0,38,charge_formula_frac_Na,stoichiometric_window,electrode_state_stoichiometry,L0,RULE_SAFE_DEFAULT
stability_worst,eV/atom,P0,39,charge_formula_frac_Ni,stoichiometric_window,electrode_state_stoichiometry,L0,RULE_SAFE_DEFAULT
stability_worst,eV/atom,P0,40,charge_formula_frac_O,stoichiometric_window,electrode_state_stoichiometry,L0,RULE_SAFE_DEFAULT
stability_worst,eV/atom,P0,41,charge_formula_frac_P,stoichiometric_window,electrode_state_stoichiometry,L0,RULE_SAFE_DEFAULT
stability_worst,eV/atom,P0,42,charge_formula_frac_S,stoichiometric_window,electrode_state_stoichiometry,L0,RULE_SAFE_DEFAULT
stability_worst,eV/atom,P0,43,charge_formula_frac_Si,stoichiometric_window,electrode_state_stoichiometry,L0,RULE_SAFE_DEFAULT
stability_worst,eV/atom,P0,44,charge_formula_frac_Ti,stoichiometric_window,electrode_state_stoichiometry,L0,RULE_SAFE_DEFAULT
stability_worst,eV/atom,P0,45,charge_formula_frac_V,stoichiometric_window,electrode_state_stoichiometry,L0,RULE_SAFE_DEFAULT
stability_worst,eV/atom,P0,46,charge_formula_frac_Zn,stoichiometric_window,electrode_state_stoichiometry,L0,RULE_SAFE_DEFAULT
stability_worst,eV/atom,P0,47,charge_formula_frac_transition_metals,stoichiometric_window,electrode_state_stoichiometry,L0,RULE_SAFE_DEFAULT
stability_worst,eV/atom,P0,48,charge_formula_group_max,stoichiometric_window,electrode_state_stoichiometry,L0,RULE_SAFE_DEFAULT
stability_worst,eV/atom,P0,49,charge_formula_group_mean,stoichiometric_window,electrode_state_stoichiometry,L0,RULE_SAFE_DEFAULT
stability_worst,eV/atom,P0,50,charge_formula_group_min,stoichiometric_window,electrode_state_stoichiometry,L0,RULE_SAFE_DEFAULT
stability_worst,eV/atom,P0,51,charge_formula_group_range,stoichiometric_window,electrode_state_stoichiometry,L0,RULE_SAFE_DEFAULT
stability_worst,eV/atom,P0,52,charge_formula_group_std,stoichiometric_window,electrode_state_stoichiometry,L0,RULE_SAFE_DEFAULT
stability_worst,eV/atom,P0,53,charge_formula_has_Br,stoichiometric_window,electrode_state_stoichiometry,L0,RULE_SAFE_DEFAULT
stability_worst,eV/atom,P0,54,charge_formula_has_C,stoichiometric_window,electrode_state_stoichiometry,L0,RULE_SAFE_DEFAULT
stability_worst,eV/atom,P0,55,charge_formula_has_Cl,stoichiometric_window,electrode_state_stoichiometry,L0,RULE_SAFE_DEFAULT
stability_worst,eV/atom,P0,56,charge_formula_has_F,stoichiometric_window,electrode_state_stoichiometry,L0,RULE_SAFE_DEFAULT
stability_worst,eV/atom,P0,57,charge_formula_has_I,stoichiometric_window,electrode_state_stoichiometry,L0,RULE_SAFE_DEFAULT
stability_worst,eV/atom,P0,58,charge_formula_has_N,stoichiometric_window,electrode_state_stoichiometry,L0,RULE_SAFE_DEFAULT
stability_worst,eV/atom,P0,59,charge_formula_has_O,stoichiometric_window,electrode_state_stoichiometry,L0,RULE_SAFE_DEFAULT
stability_worst,eV/atom,P0,60,charge_formula_has_P,stoichiometric_window,electrode_state_stoichiometry,L0,RULE_SAFE_DEFAULT
stability_worst,eV/atom,P0,61,charge_formula_has_S,stoichiometric_window,electrode_state_stoichiometry,L0,RULE_SAFE_DEFAULT
stability_worst,eV/atom,P0,62,charge_formula_has_Si,stoichiometric_window,electrode_state_stoichiometry,L0,RULE_SAFE_DEFAULT
stability_worst,eV/atom,P0,63,charge_formula_n_atoms,stoichiometric_window,electrode_state_stoichiometry,L0,RULE_SAFE_DEFAULT
stability_worst,eV/atom,P0,64,charge_formula_n_elements,stoichiometric_window,electrode_state_stoichiometry,L0,RULE_SAFE_DEFAULT
stability_worst,eV/atom,P0,65,charge_formula_n_transition_metals,stoichiometric_window,electrode_state_stoichiometry,L0,RULE_SAFE_DEFAULT
stability_worst,eV/atom,P0,66,charge_formula_parse_ok,stoichiometric_window,electrode_state_stoichiometry,L0,RULE_SAFE_DEFAULT
stability_worst,eV/atom,P0,67,charge_formula_row_max,stoichiometric_window,electrode_state_stoichiometry,L0,RULE_SAFE_DEFAULT
stability_worst,eV/atom,P0,68,charge_formula_row_mean,stoichiometric_window,electrode_state_stoichiometry,L0,RULE_SAFE_DEFAULT
stability_worst,eV/atom,P0,69,charge_formula_row_min,stoichiometric_window,electrode_state_stoichiometry,L0,RULE_SAFE_DEFAULT
stability_worst,eV/atom,P0,70,charge_formula_row_range,stoichiometric_window,electrode_state_stoichiometry,L0,RULE_SAFE_DEFAULT
stability_worst,eV/atom,P0,71,charge_formula_row_std,stoichiometric_window,electrode_state_stoichiometry,L0,RULE_SAFE_DEFAULT
stability_worst,eV/atom,P0,72,charge_summary_band_gap,post_dft_electronic_summary,post_dft_electronic,L4,RULE_POST_DFT_ELECTRONIC
stability_worst,eV/atom,P0,73,charge_summary_density,relaxed_structure_summary,relaxed_structure,L0,RULE_SAFE_STRUCTURE
stability_worst,eV/atom,P0,74,charge_summary_density_atomic,relaxed_structure_summary,relaxed_structure,L0,RULE_SAFE_STRUCTURE
stability_worst,eV/atom,P0,75,charge_summary_energy_above_hull,post_dft_energy_stability_summary,post_dft_thermodynamics,L2,RULE_HULL_STABILITY
stability_worst,eV/atom,P0,76,charge_summary_formation_energy_per_atom,post_dft_energy_stability_summary,post_dft_thermodynamics,L4,RULE_FORMATION_ENERGY_STABILITY
stability_worst,eV/atom,P0,77,charge_summary_is_metal,post_dft_electronic_summary,post_dft_electronic,L4,RULE_POST_DFT_ELECTRONIC
stability_worst,eV/atom,P0,78,charge_summary_is_stable,post_dft_energy_stability_summary,post_dft_thermodynamics,L2,RULE_HULL_STABILITY
stability_worst,eV/atom,P0,79,charge_summary_nsites,relaxed_structure_summary,relaxed_structure,L0,RULE_SAFE_STRUCTURE
stability_worst,eV/atom,P0,80,charge_summary_symmetry_number,relaxed_structure_summary,relaxed_structure,L0,RULE_SAFE_STRUCTURE
stability_worst,eV/atom,P0,81,charge_summary_theoretical,post_dft_provenance_flag,post_dft_provenance,L4,RULE_POST_DFT_PROVENANCE
stability_worst,eV/atom,P0,82,charge_summary_volume,relaxed_structure_summary,relaxed_structure,L0,RULE_SAFE_STRUCTURE
stability_worst,eV/atom,P0,83,charge_summary_volume_per_site,relaxed_structure_summary,relaxed_structure,L0,RULE_SAFE_STRUCTURE
stability_worst,eV/atom,P0,84,discharge_formula_X_max,stoichiometric_window,electrode_state_stoichiometry,L0,RULE_SAFE_DEFAULT
stability_worst,eV/atom,P0,85,discharge_formula_X_mean,stoichiometric_window,electrode_state_stoichiometry,L0,RULE_SAFE_DEFAULT
stability_worst,eV/atom,P0,86,discharge_formula_X_min,stoichiometric_window,electrode_state_stoichiometry,L0,RULE_SAFE_DEFAULT
stability_worst,eV/atom,P0,87,discharge_formula_X_range,stoichiometric_window,electrode_state_stoichiometry,L0,RULE_SAFE_DEFAULT
stability_worst,eV/atom,P0,88,discharge_formula_X_std,stoichiometric_window,electrode_state_stoichiometry,L0,RULE_SAFE_DEFAULT
stability_worst,eV/atom,P0,89,discharge_formula_Z_max,stoichiometric_window,electrode_state_stoichiometry,L0,RULE_SAFE_DEFAULT
stability_worst,eV/atom,P0,90,discharge_formula_Z_mean,stoichiometric_window,electrode_state_stoichiometry,L0,RULE_SAFE_DEFAULT
stability_worst,eV/atom,P0,91,discharge_formula_Z_min,stoichiometric_window,electrode_state_stoichiometry,L0,RULE_SAFE_DEFAULT
stability_worst,eV/atom,P0,92,discharge_formula_Z_range,stoichiometric_window,electrode_state_stoichiometry,L0,RULE_SAFE_DEFAULT
stability_worst,eV/atom,P0,93,discharge_formula_Z_std,stoichiometric_window,electrode_state_stoichiometry,L0,RULE_SAFE_DEFAULT
stability_worst,eV/atom,P0,94,discharge_formula_atomic_mass_max,stoichiometric_window,electrode_state_stoichiometry,L0,RULE_SAFE_DEFAULT
stability_worst,eV/atom,P0,95,discharge_formula_atomic_mass_mean,stoichiometric_window,electrode_state_stoichiometry,L0,RULE_SAFE_DEFAULT
stability_worst,eV/atom,P0,96,discharge_formula_atomic_mass_min,stoichiometric_window,electrode_state_stoichiometry,L0,RULE_SAFE_DEFAULT
stability_worst,eV/atom,P0,97,discharge_formula_atomic_mass_range,stoichiometric_window,electrode_state_stoichiometry,L0,RULE_SAFE_DEFAULT
stability_worst,eV/atom,P0,98,discharge_formula_atomic_mass_std,stoichiometric_window,electrode_state_stoichiometry,L0,RULE_SAFE_DEFAULT
stability_worst,eV/atom,P0,99,discharge_formula_frac_Ag,stoichiometric_window,electrode_state_stoichiometry,L0,RULE_SAFE_DEFAULT
stability_worst,eV/atom,P0,100,discharge_formula_frac_Al,stoichiometric_window,electrode_state_stoichiometry,L0,RULE_SAFE_DEFAULT
stability_worst,eV/atom,P0,101,discharge_formula_frac_As,stoichiometric_window,electrode_state_stoichiometry,L0,RULE_SAFE_DEFAULT
stability_worst,eV/atom,P0,102,discharge_formula_frac_B,stoichiometric_window,electrode_state_stoichiometry,L0,RULE_SAFE_DEFAULT
stability_worst,eV/atom,P0,103,discharge_formula_frac_Br,stoichiometric_window,electrode_state_stoichiometry,L0,RULE_SAFE_DEFAULT
stability_worst,eV/atom,P0,104,discharge_formula_frac_C,stoichiometric_window,electrode_state_stoichiometry,L0,RULE_SAFE_DEFAULT
stability_worst,eV/atom,P0,105,discharge_formula_frac_Ca,stoichiometric_window,electrode_state_stoichiometry,L0,RULE_SAFE_DEFAULT
stability_worst,eV/atom,P0,106,discharge_formula_frac_Cl,stoichiometric_window,electrode_state_stoichiometry,L0,RULE_SAFE_DEFAULT
stability_worst,eV/atom,P0,107,discharge_formula_frac_Co,stoichiometric_window,electrode_state_stoichiometry,L0,RULE_SAFE_DEFAULT
stability_worst,eV/atom,P0,108,discharge_formula_frac_Cr,stoichiometric_window,electrode_state_stoichiometry,L0,RULE_SAFE_DEFAULT
stability_worst,eV/atom,P0,109,discharge_formula_frac_Cu,stoichiometric_window,electrode_state_stoichiometry,L0,RULE_SAFE_DEFAULT
stability_worst,eV/atom,P0,110,discharge_formula_frac_F,stoichiometric_window,electrode_state_stoichiometry,L0,RULE_SAFE_DEFAULT
stability_worst,eV/atom,P0,111,discharge_formula_frac_Fe,stoichiometric_window,electrode_state_stoichiometry,L0,RULE_SAFE_DEFAULT
stability_worst,eV/atom,P0,112,discharge_formula_frac_I,stoichiometric_window,electrode_state_stoichiometry,L0,RULE_SAFE_DEFAULT
stability_worst,eV/atom,P0,113,discharge_formula_frac_K,stoichiometric_window,electrode_state_stoichiometry,L0,RULE_SAFE_DEFAULT
stability_worst,eV/atom,P0,114,discharge_formula_frac_Li,stoichiometric_window,electrode_state_stoichiometry,L0,RULE_SAFE_DEFAULT
stability_worst,eV/atom,P0,115,discharge_formula_frac_Mg,stoichiometric_window,electrode_state_stoichiometry,L0,RULE_SAFE_DEFAULT
stability_worst,eV/atom,P0,116,discharge_formula_frac_Mn,stoichiometric_window,electrode_state_stoichiometry,L0,RULE_SAFE_DEFAULT
stability_worst,eV/atom,P0,117,discharge_formula_frac_N,stoichiometric_window,electrode_state_stoichiometry,L0,RULE_SAFE_DEFAULT
stability_worst,eV/atom,P0,118,discharge_formula_frac_Na,stoichiometric_window,electrode_state_stoichiometry,L0,RULE_SAFE_DEFAULT
stability_worst,eV/atom,P0,119,discharge_formula_frac_Ni,stoichiometric_window,electrode_state_stoichiometry,L0,RULE_SAFE_DEFAULT
stability_worst,eV/atom,P0,120,discharge_formula_frac_O,stoichiometric_window,electrode_state_stoichiometry,L0,RULE_SAFE_DEFAULT
stability_worst,eV/atom,P0,121,discharge_formula_frac_P,stoichiometric_window,electrode_state_stoichiometry,L0,RULE_SAFE_DEFAULT
stability_worst,eV/atom,P0,122,discharge_formula_frac_S,stoichiometric_window,electrode_state_stoichiometry,L0,RULE_SAFE_DEFAULT
stability_worst,eV/atom,P0,123,discharge_formula_frac_Si,stoichiometric_window,electrode_state_stoichiometry,L0,RULE_SAFE_DEFAULT
stability_worst,eV/atom,P0,124,discharge_formula_frac_Ti,stoichiometric_window,electrode_state_stoichiometry,L0,RULE_SAFE_DEFAULT
stability_worst,eV/atom,P0,125,discharge_formula_frac_V,stoichiometric_window,electrode_state_stoichiometry,L0,RULE_SAFE_DEFAULT
stability_worst,eV/atom,P0,126,discharge_formula_frac_Zn,stoichiometric_window,electrode_state_stoichiometry,L0,RULE_SAFE_DEFAULT
stability_worst,eV/atom,P0,127,discharge_formula_frac_transition_metals,stoichiometric_window,electrode_state_stoichiometry,L0,RULE_SAFE_DEFAULT
stability_worst,eV/atom,P0,128,discharge_formula_group_max,stoichiometric_window,electrode_state_stoichiometry,L0,RULE_SAFE_DEFAULT
stability_worst,eV/atom,P0,129,discharge_formula_group_mean,stoichiometric_window,electrode_state_stoichiometry,L0,RULE_SAFE_DEFAULT
stability_worst,eV/atom,P0,130,discharge_formula_group_min,stoichiometric_window,electrode_state_stoichiometry,L0,RULE_SAFE_DEFAULT
stability_worst,eV/atom,P0,131,discharge_formula_group_range,stoichiometric_window,electrode_state_stoichiometry,L0,RULE_SAFE_DEFAULT
stability_worst,eV/atom,P0,132,discharge_formula_group_std,stoichiometric_window,electrode_state_stoichiometry,L0,RULE_SAFE_DEFAULT
stability_worst,eV/atom,P0,133,discharge_formula_has_Br,stoichiometric_window,electrode_state_stoichiometry,L0,RULE_SAFE_DEFAULT
stability_worst,eV/atom,P0,134,discharge_formula_has_C,stoichiometric_window,electrode_state_stoichiometry,L0,RULE_SAFE_DEFAULT
stability_worst,eV/atom,P0,135,discharge_formula_has_Cl,stoichiometric_window,electrode_state_stoichiometry,L0,RULE_SAFE_DEFAULT
stability_worst,eV/atom,P0,136,discharge_formula_has_F,stoichiometric_window,electrode_state_stoichiometry,L0,RULE_SAFE_DEFAULT
stability_worst,eV/atom,P0,137,discharge_formula_has_I,stoichiometric_window,electrode_state_stoichiometry,L0,RULE_SAFE_DEFAULT
stability_worst,eV/atom,P0,138,discharge_formula_has_N,stoichiometric_window,electrode_state_stoichiometry,L0,RULE_SAFE_DEFAULT
stability_worst,eV/atom,P0,139,discharge_formula_has_O,stoichiometric_window,electrode_state_stoichiometry,L0,RULE_SAFE_DEFAULT
stability_worst,eV/atom,P0,140,discharge_formula_has_P,stoichiometric_window,electrode_state_stoichiometry,L0,RULE_SAFE_DEFAULT
stability_worst,eV/atom,P0,141,discharge_formula_has_S,stoichiometric_window,electrode_state_stoichiometry,L0,RULE_SAFE_DEFAULT
stability_worst,eV/atom,P0,142,discharge_formula_has_Si,stoichiometric_window,electrode_state_stoichiometry,L0,RULE_SAFE_DEFAULT
stability_worst,eV/atom,P0,143,discharge_formula_n_atoms,stoichiometric_window,electrode_state_stoichiometry,L0,RULE_SAFE_DEFAULT
stability_worst,eV/atom,P0,144,discharge_formula_n_elements,stoichiometric_window,electrode_state_stoichiometry,L0,RULE_SAFE_DEFAULT
stability_worst,eV/atom,P0,145,discharge_formula_n_transition_metals,stoichiometric_window,electrode_state_stoichiometry,L0,RULE_SAFE_DEFAULT
stability_worst,eV/atom,P0,146,discharge_formula_parse_ok,stoichiometric_window,electrode_state_stoichiometry,L0,RULE_SAFE_DEFAULT
stability_worst,eV/atom,P0,147,discharge_formula_row_max,stoichiometric_window,electrode_state_stoichiometry,L0,RULE_SAFE_DEFAULT
stability_worst,eV/atom,P0,148,discharge_formula_row_mean,stoichiometric_window,electrode_state_stoichiometry,L0,RULE_SAFE_DEFAULT
stability_worst,eV/atom,P0,149,discharge_formula_row_min,stoichiometric_window,electrode_state_stoichiometry,L0,RULE_SAFE_DEFAULT
stability_worst,eV/atom,P0,150,discharge_formula_row_range,stoichiometric_window,electrode_state_stoichiometry,L0,RULE_SAFE_DEFAULT
stability_worst,eV/atom,P0,151,discharge_formula_row_std,stoichiometric_window,electrode_state_stoichiometry,L0,RULE_SAFE_DEFAULT
stability_worst,eV/atom,P0,152,discharge_summary_band_gap,post_dft_electronic_summary,post_dft_electronic,L4,RULE_POST_DFT_ELECTRONIC
stability_worst,eV/atom,P0,153,discharge_summary_density,relaxed_structure_summary,relaxed_structure,L0,RULE_SAFE_STRUCTURE
stability_worst,eV/atom,P0,154,discharge_summary_density_atomic,relaxed_structure_summary,relaxed_structure,L0,RULE_SAFE_STRUCTURE
stability_worst,eV/atom,P0,155,discharge_summary_energy_above_hull,post_dft_energy_stability_summary,post_dft_thermodynamics,L2,RULE_HULL_STABILITY
stability_worst,eV/atom,P0,156,discharge_summary_formation_energy_per_atom,post_dft_energy_stability_summary,post_dft_thermodynamics,L4,RULE_FORMATION_ENERGY_STABILITY
stability_worst,eV/atom,P0,157,discharge_summary_is_metal,post_dft_electronic_summary,post_dft_electronic,L4,RULE_POST_DFT_ELECTRONIC
stability_worst,eV/atom,P0,158,discharge_summary_is_stable,post_dft_energy_stability_summary,post_dft_thermodynamics,L2,RULE_HULL_STABILITY
stability_worst,eV/atom,P0,159,discharge_summary_nsites,relaxed_structure_summary,relaxed_structure,L0,RULE_SAFE_STRUCTURE
stability_worst,eV/atom,P0,160,discharge_summary_symmetry_number,relaxed_structure_summary,relaxed_structure,L0,RULE_SAFE_STRUCTURE
stability_worst,eV/atom,P0,161,discharge_summary_theoretical,post_dft_provenance_flag,post_dft_provenance,L4,RULE_POST_DFT_PROVENANCE
stability_worst,eV/atom,P0,162,discharge_summary_volume,relaxed_structure_summary,relaxed_structure,L0,RULE_SAFE_STRUCTURE
stability_worst,eV/atom,P0,163,discharge_summary_volume_per_site,relaxed_structure_summary,relaxed_structure,L0,RULE_SAFE_STRUCTURE
stability_worst,eV/atom,P0,164,energy_grav,stored_electrode_target,stored_electrode_record,L4,RULE_OTHER_STORED_TARGET
stability_worst,eV/atom,P0,165,energy_vol,stored_electrode_target,stored_electrode_record,L4,RULE_OTHER_STORED_TARGET
stability_worst,eV/atom,P0,166,fracA_charge,stoichiometric_window,electrode_state_stoichiometry,L0,RULE_SAFE_DEFAULT
stability_worst,eV/atom,P0,167,fracA_discharge,stoichiometric_window,electrode_state_stoichiometry,L0,RULE_SAFE_DEFAULT
stability_worst,eV/atom,P0,168,fw_X_max,composition_known_framework,pre_dft_composition,L0,RULE_SAFE_DEFAULT
stability_worst,eV/atom,P0,169,fw_X_mean,composition_known_framework,pre_dft_composition,L0,RULE_SAFE_DEFAULT
stability_worst,eV/atom,P0,170,fw_X_min,composition_known_framework,pre_dft_composition,L0,RULE_SAFE_DEFAULT
stability_worst,eV/atom,P0,171,fw_X_range,composition_known_framework,pre_dft_composition,L0,RULE_SAFE_DEFAULT
stability_worst,eV/atom,P0,172,fw_X_std,composition_known_framework,pre_dft_composition,L0,RULE_SAFE_DEFAULT
stability_worst,eV/atom,P0,173,fw_Z_max,composition_known_framework,pre_dft_composition,L0,RULE_SAFE_DEFAULT
stability_worst,eV/atom,P0,174,fw_Z_mean,composition_known_framework,pre_dft_composition,L0,RULE_SAFE_DEFAULT
stability_worst,eV/atom,P0,175,fw_Z_min,composition_known_framework,pre_dft_composition,L0,RULE_SAFE_DEFAULT
stability_worst,eV/atom,P0,176,fw_Z_range,composition_known_framework,pre_dft_composition,L0,RULE_SAFE_DEFAULT
stability_worst,eV/atom,P0,177,fw_Z_std,composition_known_framework,pre_dft_composition,L0,RULE_SAFE_DEFAULT
stability_worst,eV/atom,P0,178,fw_atomic_mass_max,composition_known_framework,pre_dft_composition,L0,RULE_SAFE_DEFAULT
stability_worst,eV/atom,P0,179,fw_atomic_mass_mean,composition_known_framework,pre_dft_composition,L0,RULE_SAFE_DEFAULT
stability_worst,eV/atom,P0,180,fw_atomic_mass_min,composition_known_framework,pre_dft_composition,L0,RULE_SAFE_DEFAULT
stability_worst,eV/atom,P0,181,fw_atomic_mass_range,composition_known_framework,pre_dft_composition,L0,RULE_SAFE_DEFAULT
stability_worst,eV/atom,P0,182,fw_atomic_mass_std,composition_known_framework,pre_dft_composition,L0,RULE_SAFE_DEFAULT
stability_worst,eV/atom,P0,183,fw_frac_Ag,composition_known_framework,pre_dft_composition,L0,RULE_SAFE_DEFAULT
stability_worst,eV/atom,P0,184,fw_frac_Al,composition_known_framework,pre_dft_composition,L0,RULE_SAFE_DEFAULT
stability_worst,eV/atom,P0,185,fw_frac_As,composition_known_framework,pre_dft_composition,L0,RULE_SAFE_DEFAULT
stability_worst,eV/atom,P0,186,fw_frac_B,composition_known_framework,pre_dft_composition,L0,RULE_SAFE_DEFAULT
stability_worst,eV/atom,P0,187,fw_frac_Br,composition_known_framework,pre_dft_composition,L0,RULE_SAFE_DEFAULT
stability_worst,eV/atom,P0,188,fw_frac_C,composition_known_framework,pre_dft_composition,L0,RULE_SAFE_DEFAULT
stability_worst,eV/atom,P0,189,fw_frac_Ca,composition_known_framework,pre_dft_composition,L0,RULE_SAFE_DEFAULT
stability_worst,eV/atom,P0,190,fw_frac_Cl,composition_known_framework,pre_dft_composition,L0,RULE_SAFE_DEFAULT
stability_worst,eV/atom,P0,191,fw_frac_Co,composition_known_framework,pre_dft_composition,L0,RULE_SAFE_DEFAULT
stability_worst,eV/atom,P0,192,fw_frac_Cr,composition_known_framework,pre_dft_composition,L0,RULE_SAFE_DEFAULT
stability_worst,eV/atom,P0,193,fw_frac_Cu,composition_known_framework,pre_dft_composition,L0,RULE_SAFE_DEFAULT
stability_worst,eV/atom,P0,194,fw_frac_F,composition_known_framework,pre_dft_composition,L0,RULE_SAFE_DEFAULT
stability_worst,eV/atom,P0,195,fw_frac_Fe,composition_known_framework,pre_dft_composition,L0,RULE_SAFE_DEFAULT
stability_worst,eV/atom,P0,196,fw_frac_I,composition_known_framework,pre_dft_composition,L0,RULE_SAFE_DEFAULT
stability_worst,eV/atom,P0,197,fw_frac_K,composition_known_framework,pre_dft_composition,L0,RULE_SAFE_DEFAULT
stability_worst,eV/atom,P0,198,fw_frac_Li,composition_known_framework,pre_dft_composition,L0,RULE_SAFE_DEFAULT
stability_worst,eV/atom,P0,199,fw_frac_Mg,composition_known_framework,pre_dft_composition,L0,RULE_SAFE_DEFAULT
stability_worst,eV/atom,P0,200,fw_frac_Mn,composition_known_framework,pre_dft_composition,L0,RULE_SAFE_DEFAULT
stability_worst,eV/atom,P0,201,fw_frac_N,composition_known_framework,pre_dft_composition,L0,RULE_SAFE_DEFAULT
stability_worst,eV/atom,P0,202,fw_frac_Na,composition_known_framework,pre_dft_composition,L0,RULE_SAFE_DEFAULT
stability_worst,eV/atom,P0,203,fw_frac_Ni,composition_known_framework,pre_dft_composition,L0,RULE_SAFE_DEFAULT
stability_worst,eV/atom,P0,204,fw_frac_O,composition_known_framework,pre_dft_composition,L0,RULE_SAFE_DEFAULT
stability_worst,eV/atom,P0,205,fw_frac_P,composition_known_framework,pre_dft_composition,L0,RULE_SAFE_DEFAULT
stability_worst,eV/atom,P0,206,fw_frac_S,composition_known_framework,pre_dft_composition,L0,RULE_SAFE_DEFAULT
stability_worst,eV/atom,P0,207,fw_frac_Si,composition_known_framework,pre_dft_composition,L0,RULE_SAFE_DEFAULT
stability_worst,eV/atom,P0,208,fw_frac_Ti,composition_known_framework,pre_dft_composition,L0,RULE_SAFE_DEFAULT
stability_worst,eV/atom,P0,209,fw_frac_V,composition_known_framework,pre_dft_composition,L0,RULE_SAFE_DEFAULT
stability_worst,eV/atom,P0,210,fw_frac_Zn,composition_known_framework,pre_dft_composition,L0,RULE_SAFE_DEFAULT
stability_worst,eV/atom,P0,211,fw_frac_transition_metals,composition_known_framework,pre_dft_composition,L0,RULE_SAFE_DEFAULT
stability_worst,eV/atom,P0,212,fw_group_max,composition_known_framework,pre_dft_composition,L0,RULE_SAFE_DEFAULT
stability_worst,eV/atom,P0,213,fw_group_mean,composition_known_framework,pre_dft_composition,L0,RULE_SAFE_DEFAULT
stability_worst,eV/atom,P0,214,fw_group_min,composition_known_framework,pre_dft_composition,L0,RULE_SAFE_DEFAULT
stability_worst,eV/atom,P0,215,fw_group_range,composition_known_framework,pre_dft_composition,L0,RULE_SAFE_DEFAULT
stability_worst,eV/atom,P0,216,fw_group_std,composition_known_framework,pre_dft_composition,L0,RULE_SAFE_DEFAULT
stability_worst,eV/atom,P0,217,fw_has_Br,composition_known_framework,pre_dft_composition,L0,RULE_SAFE_DEFAULT
stability_worst,eV/atom,P0,218,fw_has_C,composition_known_framework,pre_dft_composition,L0,RULE_SAFE_DEFAULT
stability_worst,eV/atom,P0,219,fw_has_Cl,composition_known_framework,pre_dft_composition,L0,RULE_SAFE_DEFAULT
stability_worst,eV/atom,P0,220,fw_has_F,composition_known_framework,pre_dft_composition,L0,RULE_SAFE_DEFAULT
stability_worst,eV/atom,P0,221,fw_has_I,composition_known_framework,pre_dft_composition,L0,RULE_SAFE_DEFAULT
stability_worst,eV/atom,P0,222,fw_has_N,composition_known_framework,pre_dft_composition,L0,RULE_SAFE_DEFAULT
stability_worst,eV/atom,P0,223,fw_has_O,composition_known_framework,pre_dft_composition,L0,RULE_SAFE_DEFAULT
stability_worst,eV/atom,P0,224,fw_has_P,composition_known_framework,pre_dft_composition,L0,RULE_SAFE_DEFAULT
stability_worst,eV/atom,P0,225,fw_has_S,composition_known_framework,pre_dft_composition,L0,RULE_SAFE_DEFAULT
stability_worst,eV/atom,P0,226,fw_has_Si,composition_known_framework,pre_dft_composition,L0,RULE_SAFE_DEFAULT
stability_worst,eV/atom,P0,227,fw_n_atoms,composition_known_framework,pre_dft_composition,L0,RULE_SAFE_DEFAULT
stability_worst,eV/atom,P0,228,fw_n_elements,composition_known_framework,pre_dft_composition,L0,RULE_SAFE_DEFAULT
stability_worst,eV/atom,P0,229,fw_n_transition_metals,composition_known_framework,pre_dft_composition,L0,RULE_SAFE_DEFAULT
stability_worst,eV/atom,P0,230,fw_parse_ok,composition_known_framework,pre_dft_composition,L0,RULE_SAFE_DEFAULT
stability_worst,eV/atom,P0,231,fw_row_max,composition_known_framework,pre_dft_composition,L0,RULE_SAFE_DEFAULT
stability_worst,eV/atom,P0,232,fw_row_mean,composition_known_framework,pre_dft_composition,L0,RULE_SAFE_DEFAULT
stability_worst,eV/atom,P0,233,fw_row_min,composition_known_framework,pre_dft_composition,L0,RULE_SAFE_DEFAULT
stability_worst,eV/atom,P0,234,fw_row_range,composition_known_framework,pre_dft_composition,L0,RULE_SAFE_DEFAULT
stability_worst,eV/atom,P0,235,fw_row_std,composition_known_framework,pre_dft_composition,L0,RULE_SAFE_DEFAULT
stability_worst,eV/atom,P0,236,max_delta_volume,stored_electrode_target,stored_electrode_record,L4,RULE_OTHER_STORED_TARGET
stability_worst,eV/atom,P0,237,max_voltage_step,stored_electrode_process_descriptor,stored_electrode_record,L0,RULE_SAFE_DEFAULT
stability_worst,eV/atom,P0,238,num_steps,stored_electrode_process_descriptor,stored_electrode_record,L0,RULE_SAFE_DEFAULT
stability_worst,eV/atom,P0,239,stability_charge,stored_electrode_target,stored_electrode_record,L2,RULE_STABILITY_AGGREGATION
stability_worst,eV/atom,P0,240,stability_discharge,stored_electrode_target,stored_electrode_record,L2,RULE_STABILITY_AGGREGATION
stability_worst,eV/atom,P0,241,stoich_abs_wi_amount_delta,stoichiometric_window,electrode_state_stoichiometry,L0,RULE_SAFE_DEFAULT
stability_worst,eV/atom,P0,242,stoich_wi_amount_charge,stoichiometric_window,electrode_state_stoichiometry,L0,RULE_SAFE_DEFAULT
stability_worst,eV/atom,P0,243,stoich_wi_amount_delta,stoichiometric_window,electrode_state_stoichiometry,L0,RULE_SAFE_DEFAULT
stability_worst,eV/atom,P0,244,stoich_wi_amount_discharge,stoichiometric_window,electrode_state_stoichiometry,L0,RULE_SAFE_DEFAULT
stability_worst,eV/atom,P0,245,stored_abs_fracA_delta,other_numeric,derived_miscellaneous,L0,RULE_SAFE_DEFAULT
stability_worst,eV/atom,P0,246,stored_fracA_delta,stoichiometric_window,electrode_state_stoichiometry,L0,RULE_SAFE_DEFAULT
stability_worst,eV/atom,P0,247,summary_abs_delta_band_gap,post_dft_electronic_summary,post_dft_electronic,L4,RULE_POST_DFT_ELECTRONIC
stability_worst,eV/atom,P0,248,summary_abs_delta_density,relaxed_structure_summary,relaxed_structure,L0,RULE_SAFE_STRUCTURE
stability_worst,eV/atom,P0,249,summary_abs_delta_density_atomic,relaxed_structure_summary,relaxed_structure,L0,RULE_SAFE_STRUCTURE
stability_worst,eV/atom,P0,250,summary_abs_delta_energy_above_hull,post_dft_energy_stability_summary,post_dft_thermodynamics,L2,RULE_HULL_STABILITY
stability_worst,eV/atom,P0,251,summary_abs_delta_formation_energy_per_atom,post_dft_energy_stability_summary,post_dft_thermodynamics,L4,RULE_FORMATION_ENERGY_STABILITY
stability_worst,eV/atom,P0,252,summary_abs_delta_volume_fraction,relaxed_structure_summary,relaxed_structure,L0,RULE_SAFE_STRUCTURE
stability_worst,eV/atom,P0,253,summary_abs_delta_volume_per_site,relaxed_structure_summary,relaxed_structure,L0,RULE_SAFE_STRUCTURE
stability_worst,eV/atom,P0,254,summary_delta_band_gap,post_dft_electronic_summary,post_dft_electronic,L4,RULE_POST_DFT_ELECTRONIC
stability_worst,eV/atom,P0,255,summary_delta_density,relaxed_structure_summary,relaxed_structure,L0,RULE_SAFE_STRUCTURE
stability_worst,eV/atom,P0,256,summary_delta_density_atomic,relaxed_structure_summary,relaxed_structure,L0,RULE_SAFE_STRUCTURE
stability_worst,eV/atom,P0,257,summary_delta_energy_above_hull,post_dft_energy_stability_summary,post_dft_thermodynamics,L2,RULE_HULL_STABILITY
stability_worst,eV/atom,P0,258,summary_delta_formation_energy_per_atom,post_dft_energy_stability_summary,post_dft_thermodynamics,L4,RULE_FORMATION_ENERGY_STABILITY
stability_worst,eV/atom,P0,259,summary_delta_volume_fraction,relaxed_structure_summary,relaxed_structure,L0,RULE_SAFE_STRUCTURE
stability_worst,eV/atom,P0,260,summary_delta_volume_per_site,relaxed_structure_summary,relaxed_structure,L0,RULE_SAFE_STRUCTURE
stability_worst,eV/atom,P0,261,summary_worst_energy_above_hull,post_dft_energy_stability_summary,post_dft_thermodynamics,L2,RULE_HULL_STABILITY
stability_worst,eV/atom,P0,262,wi_X,composition_known_working_ion,pre_dft_composition,L0,RULE_SAFE_DEFAULT
stability_worst,eV/atom,P0,263,wi_Z,composition_known_working_ion,pre_dft_composition,L0,RULE_SAFE_DEFAULT
stability_worst,eV/atom,P0,264,wi_atomic_mass,composition_known_working_ion,pre_dft_composition,L0,RULE_SAFE_DEFAULT
stability_worst,eV/atom,P0,265,wi_group,composition_known_working_ion,pre_dft_composition,L0,RULE_SAFE_DEFAULT
stability_worst,eV/atom,P0,266,wi_row,composition_known_working_ion,pre_dft_composition,L0,RULE_SAFE_DEFAULT
stability_worst,eV/atom,P1,1,fw_X_max,composition_known_framework,pre_dft_composition,L0,RULE_SAFE_DEFAULT
stability_worst,eV/atom,P1,2,fw_X_mean,composition_known_framework,pre_dft_composition,L0,RULE_SAFE_DEFAULT
stability_worst,eV/atom,P1,3,fw_X_min,composition_known_framework,pre_dft_composition,L0,RULE_SAFE_DEFAULT
stability_worst,eV/atom,P1,4,fw_X_range,composition_known_framework,pre_dft_composition,L0,RULE_SAFE_DEFAULT
stability_worst,eV/atom,P1,5,fw_X_std,composition_known_framework,pre_dft_composition,L0,RULE_SAFE_DEFAULT
stability_worst,eV/atom,P1,6,fw_Z_max,composition_known_framework,pre_dft_composition,L0,RULE_SAFE_DEFAULT
stability_worst,eV/atom,P1,7,fw_Z_mean,composition_known_framework,pre_dft_composition,L0,RULE_SAFE_DEFAULT
stability_worst,eV/atom,P1,8,fw_Z_min,composition_known_framework,pre_dft_composition,L0,RULE_SAFE_DEFAULT
stability_worst,eV/atom,P1,9,fw_Z_range,composition_known_framework,pre_dft_composition,L0,RULE_SAFE_DEFAULT
stability_worst,eV/atom,P1,10,fw_Z_std,composition_known_framework,pre_dft_composition,L0,RULE_SAFE_DEFAULT
stability_worst,eV/atom,P1,11,fw_atomic_mass_max,composition_known_framework,pre_dft_composition,L0,RULE_SAFE_DEFAULT
stability_worst,eV/atom,P1,12,fw_atomic_mass_mean,composition_known_framework,pre_dft_composition,L0,RULE_SAFE_DEFAULT
stability_worst,eV/atom,P1,13,fw_atomic_mass_min,composition_known_framework,pre_dft_composition,L0,RULE_SAFE_DEFAULT
stability_worst,eV/atom,P1,14,fw_atomic_mass_range,composition_known_framework,pre_dft_composition,L0,RULE_SAFE_DEFAULT
stability_worst,eV/atom,P1,15,fw_atomic_mass_std,composition_known_framework,pre_dft_composition,L0,RULE_SAFE_DEFAULT
stability_worst,eV/atom,P1,16,fw_frac_Ag,composition_known_framework,pre_dft_composition,L0,RULE_SAFE_DEFAULT
stability_worst,eV/atom,P1,17,fw_frac_Al,composition_known_framework,pre_dft_composition,L0,RULE_SAFE_DEFAULT
stability_worst,eV/atom,P1,18,fw_frac_As,composition_known_framework,pre_dft_composition,L0,RULE_SAFE_DEFAULT
stability_worst,eV/atom,P1,19,fw_frac_B,composition_known_framework,pre_dft_composition,L0,RULE_SAFE_DEFAULT
stability_worst,eV/atom,P1,20,fw_frac_Br,composition_known_framework,pre_dft_composition,L0,RULE_SAFE_DEFAULT
stability_worst,eV/atom,P1,21,fw_frac_C,composition_known_framework,pre_dft_composition,L0,RULE_SAFE_DEFAULT
stability_worst,eV/atom,P1,22,fw_frac_Ca,composition_known_framework,pre_dft_composition,L0,RULE_SAFE_DEFAULT
stability_worst,eV/atom,P1,23,fw_frac_Cl,composition_known_framework,pre_dft_composition,L0,RULE_SAFE_DEFAULT
stability_worst,eV/atom,P1,24,fw_frac_Co,composition_known_framework,pre_dft_composition,L0,RULE_SAFE_DEFAULT
stability_worst,eV/atom,P1,25,fw_frac_Cr,composition_known_framework,pre_dft_composition,L0,RULE_SAFE_DEFAULT
stability_worst,eV/atom,P1,26,fw_frac_Cu,composition_known_framework,pre_dft_composition,L0,RULE_SAFE_DEFAULT
stability_worst,eV/atom,P1,27,fw_frac_F,composition_known_framework,pre_dft_composition,L0,RULE_SAFE_DEFAULT
stability_worst,eV/atom,P1,28,fw_frac_Fe,composition_known_framework,pre_dft_composition,L0,RULE_SAFE_DEFAULT
stability_worst,eV/atom,P1,29,fw_frac_I,composition_known_framework,pre_dft_composition,L0,RULE_SAFE_DEFAULT
stability_worst,eV/atom,P1,30,fw_frac_K,composition_known_framework,pre_dft_composition,L0,RULE_SAFE_DEFAULT
stability_worst,eV/atom,P1,31,fw_frac_Li,composition_known_framework,pre_dft_composition,L0,RULE_SAFE_DEFAULT
stability_worst,eV/atom,P1,32,fw_frac_Mg,composition_known_framework,pre_dft_composition,L0,RULE_SAFE_DEFAULT
stability_worst,eV/atom,P1,33,fw_frac_Mn,composition_known_framework,pre_dft_composition,L0,RULE_SAFE_DEFAULT
stability_worst,eV/atom,P1,34,fw_frac_N,composition_known_framework,pre_dft_composition,L0,RULE_SAFE_DEFAULT
stability_worst,eV/atom,P1,35,fw_frac_Na,composition_known_framework,pre_dft_composition,L0,RULE_SAFE_DEFAULT
stability_worst,eV/atom,P1,36,fw_frac_Ni,composition_known_framework,pre_dft_composition,L0,RULE_SAFE_DEFAULT
stability_worst,eV/atom,P1,37,fw_frac_O,composition_known_framework,pre_dft_composition,L0,RULE_SAFE_DEFAULT
stability_worst,eV/atom,P1,38,fw_frac_P,composition_known_framework,pre_dft_composition,L0,RULE_SAFE_DEFAULT
stability_worst,eV/atom,P1,39,fw_frac_S,composition_known_framework,pre_dft_composition,L0,RULE_SAFE_DEFAULT
stability_worst,eV/atom,P1,40,fw_frac_Si,composition_known_framework,pre_dft_composition,L0,RULE_SAFE_DEFAULT
stability_worst,eV/atom,P1,41,fw_frac_Ti,composition_known_framework,pre_dft_composition,L0,RULE_SAFE_DEFAULT
stability_worst,eV/atom,P1,42,fw_frac_V,composition_known_framework,pre_dft_composition,L0,RULE_SAFE_DEFAULT
stability_worst,eV/atom,P1,43,fw_frac_Zn,composition_known_framework,pre_dft_composition,L0,RULE_SAFE_DEFAULT
stability_worst,eV/atom,P1,44,fw_frac_transition_metals,composition_known_framework,pre_dft_composition,L0,RULE_SAFE_DEFAULT
stability_worst,eV/atom,P1,45,fw_group_max,composition_known_framework,pre_dft_composition,L0,RULE_SAFE_DEFAULT
stability_worst,eV/atom,P1,46,fw_group_mean,composition_known_framework,pre_dft_composition,L0,RULE_SAFE_DEFAULT
stability_worst,eV/atom,P1,47,fw_group_min,composition_known_framework,pre_dft_composition,L0,RULE_SAFE_DEFAULT
stability_worst,eV/atom,P1,48,fw_group_range,composition_known_framework,pre_dft_composition,L0,RULE_SAFE_DEFAULT
stability_worst,eV/atom,P1,49,fw_group_std,composition_known_framework,pre_dft_composition,L0,RULE_SAFE_DEFAULT
stability_worst,eV/atom,P1,50,fw_has_Br,composition_known_framework,pre_dft_composition,L0,RULE_SAFE_DEFAULT
stability_worst,eV/atom,P1,51,fw_has_C,composition_known_framework,pre_dft_composition,L0,RULE_SAFE_DEFAULT
stability_worst,eV/atom,P1,52,fw_has_Cl,composition_known_framework,pre_dft_composition,L0,RULE_SAFE_DEFAULT
stability_worst,eV/atom,P1,53,fw_has_F,composition_known_framework,pre_dft_composition,L0,RULE_SAFE_DEFAULT
stability_worst,eV/atom,P1,54,fw_has_I,composition_known_framework,pre_dft_composition,L0,RULE_SAFE_DEFAULT
stability_worst,eV/atom,P1,55,fw_has_N,composition_known_framework,pre_dft_composition,L0,RULE_SAFE_DEFAULT
stability_worst,eV/atom,P1,56,fw_has_O,composition_known_framework,pre_dft_composition,L0,RULE_SAFE_DEFAULT
stability_worst,eV/atom,P1,57,fw_has_P,composition_known_framework,pre_dft_composition,L0,RULE_SAFE_DEFAULT
stability_worst,eV/atom,P1,58,fw_has_S,composition_known_framework,pre_dft_composition,L0,RULE_SAFE_DEFAULT
stability_worst,eV/atom,P1,59,fw_has_Si,composition_known_framework,pre_dft_composition,L0,RULE_SAFE_DEFAULT
stability_worst,eV/atom,P1,60,fw_n_atoms,composition_known_framework,pre_dft_composition,L0,RULE_SAFE_DEFAULT
stability_worst,eV/atom,P1,61,fw_n_elements,composition_known_framework,pre_dft_composition,L0,RULE_SAFE_DEFAULT
stability_worst,eV/atom,P1,62,fw_n_transition_metals,composition_known_framework,pre_dft_composition,L0,RULE_SAFE_DEFAULT
stability_worst,eV/atom,P1,63,fw_parse_ok,composition_known_framework,pre_dft_composition,L0,RULE_SAFE_DEFAULT
stability_worst,eV/atom,P1,64,fw_row_max,composition_known_framework,pre_dft_composition,L0,RULE_SAFE_DEFAULT
stability_worst,eV/atom,P1,65,fw_row_mean,composition_known_framework,pre_dft_composition,L0,RULE_SAFE_DEFAULT
stability_worst,eV/atom,P1,66,fw_row_min,composition_known_framework,pre_dft_composition,L0,RULE_SAFE_DEFAULT
stability_worst,eV/atom,P1,67,fw_row_range,composition_known_framework,pre_dft_composition,L0,RULE_SAFE_DEFAULT
stability_worst,eV/atom,P1,68,fw_row_std,composition_known_framework,pre_dft_composition,L0,RULE_SAFE_DEFAULT
stability_worst,eV/atom,P1,69,wi_X,composition_known_working_ion,pre_dft_composition,L0,RULE_SAFE_DEFAULT
stability_worst,eV/atom,P1,70,wi_Z,composition_known_working_ion,pre_dft_composition,L0,RULE_SAFE_DEFAULT
stability_worst,eV/atom,P1,71,wi_atomic_mass,composition_known_working_ion,pre_dft_composition,L0,RULE_SAFE_DEFAULT
stability_worst,eV/atom,P1,72,wi_group,composition_known_working_ion,pre_dft_composition,L0,RULE_SAFE_DEFAULT
stability_worst,eV/atom,P1,73,wi_row,composition_known_working_ion,pre_dft_composition,L0,RULE_SAFE_DEFAULT
stability_worst,eV/atom,P2,1,charge_summary_density,relaxed_structure_summary,relaxed_structure,L0,RULE_SAFE_STRUCTURE
stability_worst,eV/atom,P2,2,charge_summary_density_atomic,relaxed_structure_summary,relaxed_structure,L0,RULE_SAFE_STRUCTURE
stability_worst,eV/atom,P2,3,charge_summary_nsites,relaxed_structure_summary,relaxed_structure,L0,RULE_SAFE_STRUCTURE
stability_worst,eV/atom,P2,4,charge_summary_symmetry_number,relaxed_structure_summary,relaxed_structure,L0,RULE_SAFE_STRUCTURE
stability_worst,eV/atom,P2,5,charge_summary_volume,relaxed_structure_summary,relaxed_structure,L0,RULE_SAFE_STRUCTURE
stability_worst,eV/atom,P2,6,charge_summary_volume_per_site,relaxed_structure_summary,relaxed_structure,L0,RULE_SAFE_STRUCTURE
stability_worst,eV/atom,P2,7,discharge_summary_density,relaxed_structure_summary,relaxed_structure,L0,RULE_SAFE_STRUCTURE
stability_worst,eV/atom,P2,8,discharge_summary_density_atomic,relaxed_structure_summary,relaxed_structure,L0,RULE_SAFE_STRUCTURE
stability_worst,eV/atom,P2,9,discharge_summary_nsites,relaxed_structure_summary,relaxed_structure,L0,RULE_SAFE_STRUCTURE
stability_worst,eV/atom,P2,10,discharge_summary_symmetry_number,relaxed_structure_summary,relaxed_structure,L0,RULE_SAFE_STRUCTURE
stability_worst,eV/atom,P2,11,discharge_summary_volume,relaxed_structure_summary,relaxed_structure,L0,RULE_SAFE_STRUCTURE
stability_worst,eV/atom,P2,12,discharge_summary_volume_per_site,relaxed_structure_summary,relaxed_structure,L0,RULE_SAFE_STRUCTURE
stability_worst,eV/atom,P2,13,fw_X_max,composition_known_framework,pre_dft_composition,L0,RULE_SAFE_DEFAULT
stability_worst,eV/atom,P2,14,fw_X_mean,composition_known_framework,pre_dft_composition,L0,RULE_SAFE_DEFAULT
stability_worst,eV/atom,P2,15,fw_X_min,composition_known_framework,pre_dft_composition,L0,RULE_SAFE_DEFAULT
stability_worst,eV/atom,P2,16,fw_X_range,composition_known_framework,pre_dft_composition,L0,RULE_SAFE_DEFAULT
stability_worst,eV/atom,P2,17,fw_X_std,composition_known_framework,pre_dft_composition,L0,RULE_SAFE_DEFAULT
stability_worst,eV/atom,P2,18,fw_Z_max,composition_known_framework,pre_dft_composition,L0,RULE_SAFE_DEFAULT
stability_worst,eV/atom,P2,19,fw_Z_mean,composition_known_framework,pre_dft_composition,L0,RULE_SAFE_DEFAULT
stability_worst,eV/atom,P2,20,fw_Z_min,composition_known_framework,pre_dft_composition,L0,RULE_SAFE_DEFAULT
stability_worst,eV/atom,P2,21,fw_Z_range,composition_known_framework,pre_dft_composition,L0,RULE_SAFE_DEFAULT
stability_worst,eV/atom,P2,22,fw_Z_std,composition_known_framework,pre_dft_composition,L0,RULE_SAFE_DEFAULT
stability_worst,eV/atom,P2,23,fw_atomic_mass_max,composition_known_framework,pre_dft_composition,L0,RULE_SAFE_DEFAULT
stability_worst,eV/atom,P2,24,fw_atomic_mass_mean,composition_known_framework,pre_dft_composition,L0,RULE_SAFE_DEFAULT
stability_worst,eV/atom,P2,25,fw_atomic_mass_min,composition_known_framework,pre_dft_composition,L0,RULE_SAFE_DEFAULT
stability_worst,eV/atom,P2,26,fw_atomic_mass_range,composition_known_framework,pre_dft_composition,L0,RULE_SAFE_DEFAULT
stability_worst,eV/atom,P2,27,fw_atomic_mass_std,composition_known_framework,pre_dft_composition,L0,RULE_SAFE_DEFAULT
stability_worst,eV/atom,P2,28,fw_frac_Ag,composition_known_framework,pre_dft_composition,L0,RULE_SAFE_DEFAULT
stability_worst,eV/atom,P2,29,fw_frac_Al,composition_known_framework,pre_dft_composition,L0,RULE_SAFE_DEFAULT
stability_worst,eV/atom,P2,30,fw_frac_As,composition_known_framework,pre_dft_composition,L0,RULE_SAFE_DEFAULT
stability_worst,eV/atom,P2,31,fw_frac_B,composition_known_framework,pre_dft_composition,L0,RULE_SAFE_DEFAULT
stability_worst,eV/atom,P2,32,fw_frac_Br,composition_known_framework,pre_dft_composition,L0,RULE_SAFE_DEFAULT
stability_worst,eV/atom,P2,33,fw_frac_C,composition_known_framework,pre_dft_composition,L0,RULE_SAFE_DEFAULT
stability_worst,eV/atom,P2,34,fw_frac_Ca,composition_known_framework,pre_dft_composition,L0,RULE_SAFE_DEFAULT
stability_worst,eV/atom,P2,35,fw_frac_Cl,composition_known_framework,pre_dft_composition,L0,RULE_SAFE_DEFAULT
stability_worst,eV/atom,P2,36,fw_frac_Co,composition_known_framework,pre_dft_composition,L0,RULE_SAFE_DEFAULT
stability_worst,eV/atom,P2,37,fw_frac_Cr,composition_known_framework,pre_dft_composition,L0,RULE_SAFE_DEFAULT
stability_worst,eV/atom,P2,38,fw_frac_Cu,composition_known_framework,pre_dft_composition,L0,RULE_SAFE_DEFAULT
stability_worst,eV/atom,P2,39,fw_frac_F,composition_known_framework,pre_dft_composition,L0,RULE_SAFE_DEFAULT
stability_worst,eV/atom,P2,40,fw_frac_Fe,composition_known_framework,pre_dft_composition,L0,RULE_SAFE_DEFAULT
stability_worst,eV/atom,P2,41,fw_frac_I,composition_known_framework,pre_dft_composition,L0,RULE_SAFE_DEFAULT
stability_worst,eV/atom,P2,42,fw_frac_K,composition_known_framework,pre_dft_composition,L0,RULE_SAFE_DEFAULT
stability_worst,eV/atom,P2,43,fw_frac_Li,composition_known_framework,pre_dft_composition,L0,RULE_SAFE_DEFAULT
stability_worst,eV/atom,P2,44,fw_frac_Mg,composition_known_framework,pre_dft_composition,L0,RULE_SAFE_DEFAULT
stability_worst,eV/atom,P2,45,fw_frac_Mn,composition_known_framework,pre_dft_composition,L0,RULE_SAFE_DEFAULT
stability_worst,eV/atom,P2,46,fw_frac_N,composition_known_framework,pre_dft_composition,L0,RULE_SAFE_DEFAULT
stability_worst,eV/atom,P2,47,fw_frac_Na,composition_known_framework,pre_dft_composition,L0,RULE_SAFE_DEFAULT
stability_worst,eV/atom,P2,48,fw_frac_Ni,composition_known_framework,pre_dft_composition,L0,RULE_SAFE_DEFAULT
stability_worst,eV/atom,P2,49,fw_frac_O,composition_known_framework,pre_dft_composition,L0,RULE_SAFE_DEFAULT
stability_worst,eV/atom,P2,50,fw_frac_P,composition_known_framework,pre_dft_composition,L0,RULE_SAFE_DEFAULT
stability_worst,eV/atom,P2,51,fw_frac_S,composition_known_framework,pre_dft_composition,L0,RULE_SAFE_DEFAULT
stability_worst,eV/atom,P2,52,fw_frac_Si,composition_known_framework,pre_dft_composition,L0,RULE_SAFE_DEFAULT
stability_worst,eV/atom,P2,53,fw_frac_Ti,composition_known_framework,pre_dft_composition,L0,RULE_SAFE_DEFAULT
stability_worst,eV/atom,P2,54,fw_frac_V,composition_known_framework,pre_dft_composition,L0,RULE_SAFE_DEFAULT
stability_worst,eV/atom,P2,55,fw_frac_Zn,composition_known_framework,pre_dft_composition,L0,RULE_SAFE_DEFAULT
stability_worst,eV/atom,P2,56,fw_frac_transition_metals,composition_known_framework,pre_dft_composition,L0,RULE_SAFE_DEFAULT
stability_worst,eV/atom,P2,57,fw_group_max,composition_known_framework,pre_dft_composition,L0,RULE_SAFE_DEFAULT
stability_worst,eV/atom,P2,58,fw_group_mean,composition_known_framework,pre_dft_composition,L0,RULE_SAFE_DEFAULT
stability_worst,eV/atom,P2,59,fw_group_min,composition_known_framework,pre_dft_composition,L0,RULE_SAFE_DEFAULT
stability_worst,eV/atom,P2,60,fw_group_range,composition_known_framework,pre_dft_composition,L0,RULE_SAFE_DEFAULT
stability_worst,eV/atom,P2,61,fw_group_std,composition_known_framework,pre_dft_composition,L0,RULE_SAFE_DEFAULT
stability_worst,eV/atom,P2,62,fw_has_Br,composition_known_framework,pre_dft_composition,L0,RULE_SAFE_DEFAULT
stability_worst,eV/atom,P2,63,fw_has_C,composition_known_framework,pre_dft_composition,L0,RULE_SAFE_DEFAULT
stability_worst,eV/atom,P2,64,fw_has_Cl,composition_known_framework,pre_dft_composition,L0,RULE_SAFE_DEFAULT
stability_worst,eV/atom,P2,65,fw_has_F,composition_known_framework,pre_dft_composition,L0,RULE_SAFE_DEFAULT
stability_worst,eV/atom,P2,66,fw_has_I,composition_known_framework,pre_dft_composition,L0,RULE_SAFE_DEFAULT
stability_worst,eV/atom,P2,67,fw_has_N,composition_known_framework,pre_dft_composition,L0,RULE_SAFE_DEFAULT
stability_worst,eV/atom,P2,68,fw_has_O,composition_known_framework,pre_dft_composition,L0,RULE_SAFE_DEFAULT
stability_worst,eV/atom,P2,69,fw_has_P,composition_known_framework,pre_dft_composition,L0,RULE_SAFE_DEFAULT
stability_worst,eV/atom,P2,70,fw_has_S,composition_known_framework,pre_dft_composition,L0,RULE_SAFE_DEFAULT
stability_worst,eV/atom,P2,71,fw_has_Si,composition_known_framework,pre_dft_composition,L0,RULE_SAFE_DEFAULT
stability_worst,eV/atom,P2,72,fw_n_atoms,composition_known_framework,pre_dft_composition,L0,RULE_SAFE_DEFAULT
stability_worst,eV/atom,P2,73,fw_n_elements,composition_known_framework,pre_dft_composition,L0,RULE_SAFE_DEFAULT
stability_worst,eV/atom,P2,74,fw_n_transition_metals,composition_known_framework,pre_dft_composition,L0,RULE_SAFE_DEFAULT
stability_worst,eV/atom,P2,75,fw_parse_ok,composition_known_framework,pre_dft_composition,L0,RULE_SAFE_DEFAULT
stability_worst,eV/atom,P2,76,fw_row_max,composition_known_framework,pre_dft_composition,L0,RULE_SAFE_DEFAULT
stability_worst,eV/atom,P2,77,fw_row_mean,composition_known_framework,pre_dft_composition,L0,RULE_SAFE_DEFAULT
stability_worst,eV/atom,P2,78,fw_row_min,composition_known_framework,pre_dft_composition,L0,RULE_SAFE_DEFAULT
stability_worst,eV/atom,P2,79,fw_row_range,composition_known_framework,pre_dft_composition,L0,RULE_SAFE_DEFAULT
stability_worst,eV/atom,P2,80,fw_row_std,composition_known_framework,pre_dft_composition,L0,RULE_SAFE_DEFAULT
stability_worst,eV/atom,P2,81,summary_abs_delta_density,relaxed_structure_summary,relaxed_structure,L0,RULE_SAFE_STRUCTURE
stability_worst,eV/atom,P2,82,summary_abs_delta_density_atomic,relaxed_structure_summary,relaxed_structure,L0,RULE_SAFE_STRUCTURE
stability_worst,eV/atom,P2,83,summary_abs_delta_volume_fraction,relaxed_structure_summary,relaxed_structure,L0,RULE_SAFE_STRUCTURE
stability_worst,eV/atom,P2,84,summary_abs_delta_volume_per_site,relaxed_structure_summary,relaxed_structure,L0,RULE_SAFE_STRUCTURE
stability_worst,eV/atom,P2,85,summary_delta_density,relaxed_structure_summary,relaxed_structure,L0,RULE_SAFE_STRUCTURE
stability_worst,eV/atom,P2,86,summary_delta_density_atomic,relaxed_structure_summary,relaxed_structure,L0,RULE_SAFE_STRUCTURE
stability_worst,eV/atom,P2,87,summary_delta_volume_fraction,relaxed_structure_summary,relaxed_structure,L0,RULE_SAFE_STRUCTURE
stability_worst,eV/atom,P2,88,summary_delta_volume_per_site,relaxed_structure_summary,relaxed_structure,L0,RULE_SAFE_STRUCTURE
stability_worst,eV/atom,P2,89,wi_X,composition_known_working_ion,pre_dft_composition,L0,RULE_SAFE_DEFAULT
stability_worst,eV/atom,P2,90,wi_Z,composition_known_working_ion,pre_dft_composition,L0,RULE_SAFE_DEFAULT
stability_worst,eV/atom,P2,91,wi_atomic_mass,composition_known_working_ion,pre_dft_composition,L0,RULE_SAFE_DEFAULT
stability_worst,eV/atom,P2,92,wi_group,composition_known_working_ion,pre_dft_composition,L0,RULE_SAFE_DEFAULT
stability_worst,eV/atom,P2,93,wi_row,composition_known_working_ion,pre_dft_composition,L0,RULE_SAFE_DEFAULT
stability_worst,eV/atom,P3,1,charge_summary_band_gap,post_dft_electronic_summary,post_dft_electronic,L4,RULE_POST_DFT_ELECTRONIC
stability_worst,eV/atom,P3,2,charge_summary_density,relaxed_structure_summary,relaxed_structure,L0,RULE_SAFE_STRUCTURE
stability_worst,eV/atom,P3,3,charge_summary_density_atomic,relaxed_structure_summary,relaxed_structure,L0,RULE_SAFE_STRUCTURE
stability_worst,eV/atom,P3,4,charge_summary_formation_energy_per_atom,post_dft_energy_stability_summary,post_dft_thermodynamics,L4,RULE_FORMATION_ENERGY_STABILITY
stability_worst,eV/atom,P3,5,charge_summary_is_metal,post_dft_electronic_summary,post_dft_electronic,L4,RULE_POST_DFT_ELECTRONIC
stability_worst,eV/atom,P3,6,charge_summary_nsites,relaxed_structure_summary,relaxed_structure,L0,RULE_SAFE_STRUCTURE
stability_worst,eV/atom,P3,7,charge_summary_symmetry_number,relaxed_structure_summary,relaxed_structure,L0,RULE_SAFE_STRUCTURE
stability_worst,eV/atom,P3,8,charge_summary_volume,relaxed_structure_summary,relaxed_structure,L0,RULE_SAFE_STRUCTURE
stability_worst,eV/atom,P3,9,charge_summary_volume_per_site,relaxed_structure_summary,relaxed_structure,L0,RULE_SAFE_STRUCTURE
stability_worst,eV/atom,P3,10,discharge_summary_band_gap,post_dft_electronic_summary,post_dft_electronic,L4,RULE_POST_DFT_ELECTRONIC
stability_worst,eV/atom,P3,11,discharge_summary_density,relaxed_structure_summary,relaxed_structure,L0,RULE_SAFE_STRUCTURE
stability_worst,eV/atom,P3,12,discharge_summary_density_atomic,relaxed_structure_summary,relaxed_structure,L0,RULE_SAFE_STRUCTURE
stability_worst,eV/atom,P3,13,discharge_summary_formation_energy_per_atom,post_dft_energy_stability_summary,post_dft_thermodynamics,L4,RULE_FORMATION_ENERGY_STABILITY
stability_worst,eV/atom,P3,14,discharge_summary_is_metal,post_dft_electronic_summary,post_dft_electronic,L4,RULE_POST_DFT_ELECTRONIC
stability_worst,eV/atom,P3,15,discharge_summary_nsites,relaxed_structure_summary,relaxed_structure,L0,RULE_SAFE_STRUCTURE
stability_worst,eV/atom,P3,16,discharge_summary_symmetry_number,relaxed_structure_summary,relaxed_structure,L0,RULE_SAFE_STRUCTURE
stability_worst,eV/atom,P3,17,discharge_summary_volume,relaxed_structure_summary,relaxed_structure,L0,RULE_SAFE_STRUCTURE
stability_worst,eV/atom,P3,18,discharge_summary_volume_per_site,relaxed_structure_summary,relaxed_structure,L0,RULE_SAFE_STRUCTURE
stability_worst,eV/atom,P3,19,fw_X_max,composition_known_framework,pre_dft_composition,L0,RULE_SAFE_DEFAULT
stability_worst,eV/atom,P3,20,fw_X_mean,composition_known_framework,pre_dft_composition,L0,RULE_SAFE_DEFAULT
stability_worst,eV/atom,P3,21,fw_X_min,composition_known_framework,pre_dft_composition,L0,RULE_SAFE_DEFAULT
stability_worst,eV/atom,P3,22,fw_X_range,composition_known_framework,pre_dft_composition,L0,RULE_SAFE_DEFAULT
stability_worst,eV/atom,P3,23,fw_X_std,composition_known_framework,pre_dft_composition,L0,RULE_SAFE_DEFAULT
stability_worst,eV/atom,P3,24,fw_Z_max,composition_known_framework,pre_dft_composition,L0,RULE_SAFE_DEFAULT
stability_worst,eV/atom,P3,25,fw_Z_mean,composition_known_framework,pre_dft_composition,L0,RULE_SAFE_DEFAULT
stability_worst,eV/atom,P3,26,fw_Z_min,composition_known_framework,pre_dft_composition,L0,RULE_SAFE_DEFAULT
stability_worst,eV/atom,P3,27,fw_Z_range,composition_known_framework,pre_dft_composition,L0,RULE_SAFE_DEFAULT
stability_worst,eV/atom,P3,28,fw_Z_std,composition_known_framework,pre_dft_composition,L0,RULE_SAFE_DEFAULT
stability_worst,eV/atom,P3,29,fw_atomic_mass_max,composition_known_framework,pre_dft_composition,L0,RULE_SAFE_DEFAULT
stability_worst,eV/atom,P3,30,fw_atomic_mass_mean,composition_known_framework,pre_dft_composition,L0,RULE_SAFE_DEFAULT
stability_worst,eV/atom,P3,31,fw_atomic_mass_min,composition_known_framework,pre_dft_composition,L0,RULE_SAFE_DEFAULT
stability_worst,eV/atom,P3,32,fw_atomic_mass_range,composition_known_framework,pre_dft_composition,L0,RULE_SAFE_DEFAULT
stability_worst,eV/atom,P3,33,fw_atomic_mass_std,composition_known_framework,pre_dft_composition,L0,RULE_SAFE_DEFAULT
stability_worst,eV/atom,P3,34,fw_frac_Ag,composition_known_framework,pre_dft_composition,L0,RULE_SAFE_DEFAULT
stability_worst,eV/atom,P3,35,fw_frac_Al,composition_known_framework,pre_dft_composition,L0,RULE_SAFE_DEFAULT
stability_worst,eV/atom,P3,36,fw_frac_As,composition_known_framework,pre_dft_composition,L0,RULE_SAFE_DEFAULT
stability_worst,eV/atom,P3,37,fw_frac_B,composition_known_framework,pre_dft_composition,L0,RULE_SAFE_DEFAULT
stability_worst,eV/atom,P3,38,fw_frac_Br,composition_known_framework,pre_dft_composition,L0,RULE_SAFE_DEFAULT
stability_worst,eV/atom,P3,39,fw_frac_C,composition_known_framework,pre_dft_composition,L0,RULE_SAFE_DEFAULT
stability_worst,eV/atom,P3,40,fw_frac_Ca,composition_known_framework,pre_dft_composition,L0,RULE_SAFE_DEFAULT
stability_worst,eV/atom,P3,41,fw_frac_Cl,composition_known_framework,pre_dft_composition,L0,RULE_SAFE_DEFAULT
stability_worst,eV/atom,P3,42,fw_frac_Co,composition_known_framework,pre_dft_composition,L0,RULE_SAFE_DEFAULT
stability_worst,eV/atom,P3,43,fw_frac_Cr,composition_known_framework,pre_dft_composition,L0,RULE_SAFE_DEFAULT
stability_worst,eV/atom,P3,44,fw_frac_Cu,composition_known_framework,pre_dft_composition,L0,RULE_SAFE_DEFAULT
stability_worst,eV/atom,P3,45,fw_frac_F,composition_known_framework,pre_dft_composition,L0,RULE_SAFE_DEFAULT
stability_worst,eV/atom,P3,46,fw_frac_Fe,composition_known_framework,pre_dft_composition,L0,RULE_SAFE_DEFAULT
stability_worst,eV/atom,P3,47,fw_frac_I,composition_known_framework,pre_dft_composition,L0,RULE_SAFE_DEFAULT
stability_worst,eV/atom,P3,48,fw_frac_K,composition_known_framework,pre_dft_composition,L0,RULE_SAFE_DEFAULT
stability_worst,eV/atom,P3,49,fw_frac_Li,composition_known_framework,pre_dft_composition,L0,RULE_SAFE_DEFAULT
stability_worst,eV/atom,P3,50,fw_frac_Mg,composition_known_framework,pre_dft_composition,L0,RULE_SAFE_DEFAULT
stability_worst,eV/atom,P3,51,fw_frac_Mn,composition_known_framework,pre_dft_composition,L0,RULE_SAFE_DEFAULT
stability_worst,eV/atom,P3,52,fw_frac_N,composition_known_framework,pre_dft_composition,L0,RULE_SAFE_DEFAULT
stability_worst,eV/atom,P3,53,fw_frac_Na,composition_known_framework,pre_dft_composition,L0,RULE_SAFE_DEFAULT
stability_worst,eV/atom,P3,54,fw_frac_Ni,composition_known_framework,pre_dft_composition,L0,RULE_SAFE_DEFAULT
stability_worst,eV/atom,P3,55,fw_frac_O,composition_known_framework,pre_dft_composition,L0,RULE_SAFE_DEFAULT
stability_worst,eV/atom,P3,56,fw_frac_P,composition_known_framework,pre_dft_composition,L0,RULE_SAFE_DEFAULT
stability_worst,eV/atom,P3,57,fw_frac_S,composition_known_framework,pre_dft_composition,L0,RULE_SAFE_DEFAULT
stability_worst,eV/atom,P3,58,fw_frac_Si,composition_known_framework,pre_dft_composition,L0,RULE_SAFE_DEFAULT
stability_worst,eV/atom,P3,59,fw_frac_Ti,composition_known_framework,pre_dft_composition,L0,RULE_SAFE_DEFAULT
stability_worst,eV/atom,P3,60,fw_frac_V,composition_known_framework,pre_dft_composition,L0,RULE_SAFE_DEFAULT
stability_worst,eV/atom,P3,61,fw_frac_Zn,composition_known_framework,pre_dft_composition,L0,RULE_SAFE_DEFAULT
stability_worst,eV/atom,P3,62,fw_frac_transition_metals,composition_known_framework,pre_dft_composition,L0,RULE_SAFE_DEFAULT
stability_worst,eV/atom,P3,63,fw_group_max,composition_known_framework,pre_dft_composition,L0,RULE_SAFE_DEFAULT
stability_worst,eV/atom,P3,64,fw_group_mean,composition_known_framework,pre_dft_composition,L0,RULE_SAFE_DEFAULT
stability_worst,eV/atom,P3,65,fw_group_min,composition_known_framework,pre_dft_composition,L0,RULE_SAFE_DEFAULT
stability_worst,eV/atom,P3,66,fw_group_range,composition_known_framework,pre_dft_composition,L0,RULE_SAFE_DEFAULT
stability_worst,eV/atom,P3,67,fw_group_std,composition_known_framework,pre_dft_composition,L0,RULE_SAFE_DEFAULT
stability_worst,eV/atom,P3,68,fw_has_Br,composition_known_framework,pre_dft_composition,L0,RULE_SAFE_DEFAULT
stability_worst,eV/atom,P3,69,fw_has_C,composition_known_framework,pre_dft_composition,L0,RULE_SAFE_DEFAULT
stability_worst,eV/atom,P3,70,fw_has_Cl,composition_known_framework,pre_dft_composition,L0,RULE_SAFE_DEFAULT
stability_worst,eV/atom,P3,71,fw_has_F,composition_known_framework,pre_dft_composition,L0,RULE_SAFE_DEFAULT
stability_worst,eV/atom,P3,72,fw_has_I,composition_known_framework,pre_dft_composition,L0,RULE_SAFE_DEFAULT
stability_worst,eV/atom,P3,73,fw_has_N,composition_known_framework,pre_dft_composition,L0,RULE_SAFE_DEFAULT
stability_worst,eV/atom,P3,74,fw_has_O,composition_known_framework,pre_dft_composition,L0,RULE_SAFE_DEFAULT
stability_worst,eV/atom,P3,75,fw_has_P,composition_known_framework,pre_dft_composition,L0,RULE_SAFE_DEFAULT
stability_worst,eV/atom,P3,76,fw_has_S,composition_known_framework,pre_dft_composition,L0,RULE_SAFE_DEFAULT
stability_worst,eV/atom,P3,77,fw_has_Si,composition_known_framework,pre_dft_composition,L0,RULE_SAFE_DEFAULT
stability_worst,eV/atom,P3,78,fw_n_atoms,composition_known_framework,pre_dft_composition,L0,RULE_SAFE_DEFAULT
stability_worst,eV/atom,P3,79,fw_n_elements,composition_known_framework,pre_dft_composition,L0,RULE_SAFE_DEFAULT
stability_worst,eV/atom,P3,80,fw_n_transition_metals,composition_known_framework,pre_dft_composition,L0,RULE_SAFE_DEFAULT
stability_worst,eV/atom,P3,81,fw_parse_ok,composition_known_framework,pre_dft_composition,L0,RULE_SAFE_DEFAULT
stability_worst,eV/atom,P3,82,fw_row_max,composition_known_framework,pre_dft_composition,L0,RULE_SAFE_DEFAULT
stability_worst,eV/atom,P3,83,fw_row_mean,composition_known_framework,pre_dft_composition,L0,RULE_SAFE_DEFAULT
stability_worst,eV/atom,P3,84,fw_row_min,composition_known_framework,pre_dft_composition,L0,RULE_SAFE_DEFAULT
stability_worst,eV/atom,P3,85,fw_row_range,composition_known_framework,pre_dft_composition,L0,RULE_SAFE_DEFAULT
stability_worst,eV/atom,P3,86,fw_row_std,composition_known_framework,pre_dft_composition,L0,RULE_SAFE_DEFAULT
stability_worst,eV/atom,P3,87,max_voltage_step,stored_electrode_process_descriptor,stored_electrode_record,L0,RULE_SAFE_DEFAULT
stability_worst,eV/atom,P3,88,num_steps,stored_electrode_process_descriptor,stored_electrode_record,L0,RULE_SAFE_DEFAULT
stability_worst,eV/atom,P3,89,summary_abs_delta_band_gap,post_dft_electronic_summary,post_dft_electronic,L4,RULE_POST_DFT_ELECTRONIC
stability_worst,eV/atom,P3,90,summary_abs_delta_density,relaxed_structure_summary,relaxed_structure,L0,RULE_SAFE_STRUCTURE
stability_worst,eV/atom,P3,91,summary_abs_delta_density_atomic,relaxed_structure_summary,relaxed_structure,L0,RULE_SAFE_STRUCTURE
stability_worst,eV/atom,P3,92,summary_abs_delta_formation_energy_per_atom,post_dft_energy_stability_summary,post_dft_thermodynamics,L4,RULE_FORMATION_ENERGY_STABILITY
stability_worst,eV/atom,P3,93,summary_abs_delta_volume_fraction,relaxed_structure_summary,relaxed_structure,L0,RULE_SAFE_STRUCTURE
stability_worst,eV/atom,P3,94,summary_abs_delta_volume_per_site,relaxed_structure_summary,relaxed_structure,L0,RULE_SAFE_STRUCTURE
stability_worst,eV/atom,P3,95,summary_delta_band_gap,post_dft_electronic_summary,post_dft_electronic,L4,RULE_POST_DFT_ELECTRONIC
stability_worst,eV/atom,P3,96,summary_delta_density,relaxed_structure_summary,relaxed_structure,L0,RULE_SAFE_STRUCTURE
stability_worst,eV/atom,P3,97,summary_delta_density_atomic,relaxed_structure_summary,relaxed_structure,L0,RULE_SAFE_STRUCTURE
stability_worst,eV/atom,P3,98,summary_delta_formation_energy_per_atom,post_dft_energy_stability_summary,post_dft_thermodynamics,L4,RULE_FORMATION_ENERGY_STABILITY
stability_worst,eV/atom,P3,99,summary_delta_volume_fraction,relaxed_structure_summary,relaxed_structure,L0,RULE_SAFE_STRUCTURE
stability_worst,eV/atom,P3,100,summary_delta_volume_per_site,relaxed_structure_summary,relaxed_structure,L0,RULE_SAFE_STRUCTURE
stability_worst,eV/atom,P3,101,wi_X,composition_known_working_ion,pre_dft_composition,L0,RULE_SAFE_DEFAULT
stability_worst,eV/atom,P3,102,wi_Z,composition_known_working_ion,pre_dft_composition,L0,RULE_SAFE_DEFAULT
stability_worst,eV/atom,P3,103,wi_atomic_mass,composition_known_working_ion,pre_dft_composition,L0,RULE_SAFE_DEFAULT
stability_worst,eV/atom,P3,104,wi_group,composition_known_working_ion,pre_dft_composition,L0,RULE_SAFE_DEFAULT
stability_worst,eV/atom,P3,105,wi_row,composition_known_working_ion,pre_dft_composition,L0,RULE_SAFE_DEFAULT
stability_worst,eV/atom,P4,1,average_voltage,stored_electrode_target,stored_electrode_record,L4,RULE_OTHER_STORED_TARGET
stability_worst,eV/atom,P4,2,capacity_grav,stored_electrode_target,stored_electrode_record,L4,RULE_OTHER_STORED_TARGET
stability_worst,eV/atom,P4,3,capacity_vol,stored_electrode_target,stored_electrode_record,L4,RULE_OTHER_STORED_TARGET
stability_worst,eV/atom,P4,4,charge_formula_X_max,stoichiometric_window,electrode_state_stoichiometry,L0,RULE_SAFE_DEFAULT
stability_worst,eV/atom,P4,5,charge_formula_X_mean,stoichiometric_window,electrode_state_stoichiometry,L0,RULE_SAFE_DEFAULT
stability_worst,eV/atom,P4,6,charge_formula_X_min,stoichiometric_window,electrode_state_stoichiometry,L0,RULE_SAFE_DEFAULT
stability_worst,eV/atom,P4,7,charge_formula_X_range,stoichiometric_window,electrode_state_stoichiometry,L0,RULE_SAFE_DEFAULT
stability_worst,eV/atom,P4,8,charge_formula_X_std,stoichiometric_window,electrode_state_stoichiometry,L0,RULE_SAFE_DEFAULT
stability_worst,eV/atom,P4,9,charge_formula_Z_max,stoichiometric_window,electrode_state_stoichiometry,L0,RULE_SAFE_DEFAULT
stability_worst,eV/atom,P4,10,charge_formula_Z_mean,stoichiometric_window,electrode_state_stoichiometry,L0,RULE_SAFE_DEFAULT
stability_worst,eV/atom,P4,11,charge_formula_Z_min,stoichiometric_window,electrode_state_stoichiometry,L0,RULE_SAFE_DEFAULT
stability_worst,eV/atom,P4,12,charge_formula_Z_range,stoichiometric_window,electrode_state_stoichiometry,L0,RULE_SAFE_DEFAULT
stability_worst,eV/atom,P4,13,charge_formula_Z_std,stoichiometric_window,electrode_state_stoichiometry,L0,RULE_SAFE_DEFAULT
stability_worst,eV/atom,P4,14,charge_formula_atomic_mass_max,stoichiometric_window,electrode_state_stoichiometry,L0,RULE_SAFE_DEFAULT
stability_worst,eV/atom,P4,15,charge_formula_atomic_mass_mean,stoichiometric_window,electrode_state_stoichiometry,L0,RULE_SAFE_DEFAULT
stability_worst,eV/atom,P4,16,charge_formula_atomic_mass_min,stoichiometric_window,electrode_state_stoichiometry,L0,RULE_SAFE_DEFAULT
stability_worst,eV/atom,P4,17,charge_formula_atomic_mass_range,stoichiometric_window,electrode_state_stoichiometry,L0,RULE_SAFE_DEFAULT
stability_worst,eV/atom,P4,18,charge_formula_atomic_mass_std,stoichiometric_window,electrode_state_stoichiometry,L0,RULE_SAFE_DEFAULT
stability_worst,eV/atom,P4,19,charge_formula_frac_Ag,stoichiometric_window,electrode_state_stoichiometry,L0,RULE_SAFE_DEFAULT
stability_worst,eV/atom,P4,20,charge_formula_frac_Al,stoichiometric_window,electrode_state_stoichiometry,L0,RULE_SAFE_DEFAULT
stability_worst,eV/atom,P4,21,charge_formula_frac_As,stoichiometric_window,electrode_state_stoichiometry,L0,RULE_SAFE_DEFAULT
stability_worst,eV/atom,P4,22,charge_formula_frac_B,stoichiometric_window,electrode_state_stoichiometry,L0,RULE_SAFE_DEFAULT
stability_worst,eV/atom,P4,23,charge_formula_frac_Br,stoichiometric_window,electrode_state_stoichiometry,L0,RULE_SAFE_DEFAULT
stability_worst,eV/atom,P4,24,charge_formula_frac_C,stoichiometric_window,electrode_state_stoichiometry,L0,RULE_SAFE_DEFAULT
stability_worst,eV/atom,P4,25,charge_formula_frac_Ca,stoichiometric_window,electrode_state_stoichiometry,L0,RULE_SAFE_DEFAULT
stability_worst,eV/atom,P4,26,charge_formula_frac_Cl,stoichiometric_window,electrode_state_stoichiometry,L0,RULE_SAFE_DEFAULT
stability_worst,eV/atom,P4,27,charge_formula_frac_Co,stoichiometric_window,electrode_state_stoichiometry,L0,RULE_SAFE_DEFAULT
stability_worst,eV/atom,P4,28,charge_formula_frac_Cr,stoichiometric_window,electrode_state_stoichiometry,L0,RULE_SAFE_DEFAULT
stability_worst,eV/atom,P4,29,charge_formula_frac_Cu,stoichiometric_window,electrode_state_stoichiometry,L0,RULE_SAFE_DEFAULT
stability_worst,eV/atom,P4,30,charge_formula_frac_F,stoichiometric_window,electrode_state_stoichiometry,L0,RULE_SAFE_DEFAULT
stability_worst,eV/atom,P4,31,charge_formula_frac_Fe,stoichiometric_window,electrode_state_stoichiometry,L0,RULE_SAFE_DEFAULT
stability_worst,eV/atom,P4,32,charge_formula_frac_I,stoichiometric_window,electrode_state_stoichiometry,L0,RULE_SAFE_DEFAULT
stability_worst,eV/atom,P4,33,charge_formula_frac_K,stoichiometric_window,electrode_state_stoichiometry,L0,RULE_SAFE_DEFAULT
stability_worst,eV/atom,P4,34,charge_formula_frac_Li,stoichiometric_window,electrode_state_stoichiometry,L0,RULE_SAFE_DEFAULT
stability_worst,eV/atom,P4,35,charge_formula_frac_Mg,stoichiometric_window,electrode_state_stoichiometry,L0,RULE_SAFE_DEFAULT
stability_worst,eV/atom,P4,36,charge_formula_frac_Mn,stoichiometric_window,electrode_state_stoichiometry,L0,RULE_SAFE_DEFAULT
stability_worst,eV/atom,P4,37,charge_formula_frac_N,stoichiometric_window,electrode_state_stoichiometry,L0,RULE_SAFE_DEFAULT
stability_worst,eV/atom,P4,38,charge_formula_frac_Na,stoichiometric_window,electrode_state_stoichiometry,L0,RULE_SAFE_DEFAULT
stability_worst,eV/atom,P4,39,charge_formula_frac_Ni,stoichiometric_window,electrode_state_stoichiometry,L0,RULE_SAFE_DEFAULT
stability_worst,eV/atom,P4,40,charge_formula_frac_O,stoichiometric_window,electrode_state_stoichiometry,L0,RULE_SAFE_DEFAULT
stability_worst,eV/atom,P4,41,charge_formula_frac_P,stoichiometric_window,electrode_state_stoichiometry,L0,RULE_SAFE_DEFAULT
stability_worst,eV/atom,P4,42,charge_formula_frac_S,stoichiometric_window,electrode_state_stoichiometry,L0,RULE_SAFE_DEFAULT
stability_worst,eV/atom,P4,43,charge_formula_frac_Si,stoichiometric_window,electrode_state_stoichiometry,L0,RULE_SAFE_DEFAULT
stability_worst,eV/atom,P4,44,charge_formula_frac_Ti,stoichiometric_window,electrode_state_stoichiometry,L0,RULE_SAFE_DEFAULT
stability_worst,eV/atom,P4,45,charge_formula_frac_V,stoichiometric_window,electrode_state_stoichiometry,L0,RULE_SAFE_DEFAULT
stability_worst,eV/atom,P4,46,charge_formula_frac_Zn,stoichiometric_window,electrode_state_stoichiometry,L0,RULE_SAFE_DEFAULT
stability_worst,eV/atom,P4,47,charge_formula_frac_transition_metals,stoichiometric_window,electrode_state_stoichiometry,L0,RULE_SAFE_DEFAULT
stability_worst,eV/atom,P4,48,charge_formula_group_max,stoichiometric_window,electrode_state_stoichiometry,L0,RULE_SAFE_DEFAULT
stability_worst,eV/atom,P4,49,charge_formula_group_mean,stoichiometric_window,electrode_state_stoichiometry,L0,RULE_SAFE_DEFAULT
stability_worst,eV/atom,P4,50,charge_formula_group_min,stoichiometric_window,electrode_state_stoichiometry,L0,RULE_SAFE_DEFAULT
stability_worst,eV/atom,P4,51,charge_formula_group_range,stoichiometric_window,electrode_state_stoichiometry,L0,RULE_SAFE_DEFAULT
stability_worst,eV/atom,P4,52,charge_formula_group_std,stoichiometric_window,electrode_state_stoichiometry,L0,RULE_SAFE_DEFAULT
stability_worst,eV/atom,P4,53,charge_formula_has_Br,stoichiometric_window,electrode_state_stoichiometry,L0,RULE_SAFE_DEFAULT
stability_worst,eV/atom,P4,54,charge_formula_has_C,stoichiometric_window,electrode_state_stoichiometry,L0,RULE_SAFE_DEFAULT
stability_worst,eV/atom,P4,55,charge_formula_has_Cl,stoichiometric_window,electrode_state_stoichiometry,L0,RULE_SAFE_DEFAULT
stability_worst,eV/atom,P4,56,charge_formula_has_F,stoichiometric_window,electrode_state_stoichiometry,L0,RULE_SAFE_DEFAULT
stability_worst,eV/atom,P4,57,charge_formula_has_I,stoichiometric_window,electrode_state_stoichiometry,L0,RULE_SAFE_DEFAULT
stability_worst,eV/atom,P4,58,charge_formula_has_N,stoichiometric_window,electrode_state_stoichiometry,L0,RULE_SAFE_DEFAULT
stability_worst,eV/atom,P4,59,charge_formula_has_O,stoichiometric_window,electrode_state_stoichiometry,L0,RULE_SAFE_DEFAULT
stability_worst,eV/atom,P4,60,charge_formula_has_P,stoichiometric_window,electrode_state_stoichiometry,L0,RULE_SAFE_DEFAULT
stability_worst,eV/atom,P4,61,charge_formula_has_S,stoichiometric_window,electrode_state_stoichiometry,L0,RULE_SAFE_DEFAULT
stability_worst,eV/atom,P4,62,charge_formula_has_Si,stoichiometric_window,electrode_state_stoichiometry,L0,RULE_SAFE_DEFAULT
stability_worst,eV/atom,P4,63,charge_formula_n_atoms,stoichiometric_window,electrode_state_stoichiometry,L0,RULE_SAFE_DEFAULT
stability_worst,eV/atom,P4,64,charge_formula_n_elements,stoichiometric_window,electrode_state_stoichiometry,L0,RULE_SAFE_DEFAULT
stability_worst,eV/atom,P4,65,charge_formula_n_transition_metals,stoichiometric_window,electrode_state_stoichiometry,L0,RULE_SAFE_DEFAULT
stability_worst,eV/atom,P4,66,charge_formula_parse_ok,stoichiometric_window,electrode_state_stoichiometry,L0,RULE_SAFE_DEFAULT
stability_worst,eV/atom,P4,67,charge_formula_row_max,stoichiometric_window,electrode_state_stoichiometry,L0,RULE_SAFE_DEFAULT
stability_worst,eV/atom,P4,68,charge_formula_row_mean,stoichiometric_window,electrode_state_stoichiometry,L0,RULE_SAFE_DEFAULT
stability_worst,eV/atom,P4,69,charge_formula_row_min,stoichiometric_window,electrode_state_stoichiometry,L0,RULE_SAFE_DEFAULT
stability_worst,eV/atom,P4,70,charge_formula_row_range,stoichiometric_window,electrode_state_stoichiometry,L0,RULE_SAFE_DEFAULT
stability_worst,eV/atom,P4,71,charge_formula_row_std,stoichiometric_window,electrode_state_stoichiometry,L0,RULE_SAFE_DEFAULT
stability_worst,eV/atom,P4,72,charge_summary_band_gap,post_dft_electronic_summary,post_dft_electronic,L4,RULE_POST_DFT_ELECTRONIC
stability_worst,eV/atom,P4,73,charge_summary_density,relaxed_structure_summary,relaxed_structure,L0,RULE_SAFE_STRUCTURE
stability_worst,eV/atom,P4,74,charge_summary_density_atomic,relaxed_structure_summary,relaxed_structure,L0,RULE_SAFE_STRUCTURE
stability_worst,eV/atom,P4,75,charge_summary_energy_above_hull,post_dft_energy_stability_summary,post_dft_thermodynamics,L2,RULE_HULL_STABILITY
stability_worst,eV/atom,P4,76,charge_summary_formation_energy_per_atom,post_dft_energy_stability_summary,post_dft_thermodynamics,L4,RULE_FORMATION_ENERGY_STABILITY
stability_worst,eV/atom,P4,77,charge_summary_is_metal,post_dft_electronic_summary,post_dft_electronic,L4,RULE_POST_DFT_ELECTRONIC
stability_worst,eV/atom,P4,78,charge_summary_is_stable,post_dft_energy_stability_summary,post_dft_thermodynamics,L2,RULE_HULL_STABILITY
stability_worst,eV/atom,P4,79,charge_summary_nsites,relaxed_structure_summary,relaxed_structure,L0,RULE_SAFE_STRUCTURE
stability_worst,eV/atom,P4,80,charge_summary_symmetry_number,relaxed_structure_summary,relaxed_structure,L0,RULE_SAFE_STRUCTURE
stability_worst,eV/atom,P4,81,charge_summary_theoretical,post_dft_provenance_flag,post_dft_provenance,L4,RULE_POST_DFT_PROVENANCE
stability_worst,eV/atom,P4,82,charge_summary_volume,relaxed_structure_summary,relaxed_structure,L0,RULE_SAFE_STRUCTURE
stability_worst,eV/atom,P4,83,charge_summary_volume_per_site,relaxed_structure_summary,relaxed_structure,L0,RULE_SAFE_STRUCTURE
stability_worst,eV/atom,P4,84,discharge_formula_X_max,stoichiometric_window,electrode_state_stoichiometry,L0,RULE_SAFE_DEFAULT
stability_worst,eV/atom,P4,85,discharge_formula_X_mean,stoichiometric_window,electrode_state_stoichiometry,L0,RULE_SAFE_DEFAULT
stability_worst,eV/atom,P4,86,discharge_formula_X_min,stoichiometric_window,electrode_state_stoichiometry,L0,RULE_SAFE_DEFAULT
stability_worst,eV/atom,P4,87,discharge_formula_X_range,stoichiometric_window,electrode_state_stoichiometry,L0,RULE_SAFE_DEFAULT
stability_worst,eV/atom,P4,88,discharge_formula_X_std,stoichiometric_window,electrode_state_stoichiometry,L0,RULE_SAFE_DEFAULT
stability_worst,eV/atom,P4,89,discharge_formula_Z_max,stoichiometric_window,electrode_state_stoichiometry,L0,RULE_SAFE_DEFAULT
stability_worst,eV/atom,P4,90,discharge_formula_Z_mean,stoichiometric_window,electrode_state_stoichiometry,L0,RULE_SAFE_DEFAULT
stability_worst,eV/atom,P4,91,discharge_formula_Z_min,stoichiometric_window,electrode_state_stoichiometry,L0,RULE_SAFE_DEFAULT
stability_worst,eV/atom,P4,92,discharge_formula_Z_range,stoichiometric_window,electrode_state_stoichiometry,L0,RULE_SAFE_DEFAULT
stability_worst,eV/atom,P4,93,discharge_formula_Z_std,stoichiometric_window,electrode_state_stoichiometry,L0,RULE_SAFE_DEFAULT
stability_worst,eV/atom,P4,94,discharge_formula_atomic_mass_max,stoichiometric_window,electrode_state_stoichiometry,L0,RULE_SAFE_DEFAULT
stability_worst,eV/atom,P4,95,discharge_formula_atomic_mass_mean,stoichiometric_window,electrode_state_stoichiometry,L0,RULE_SAFE_DEFAULT
stability_worst,eV/atom,P4,96,discharge_formula_atomic_mass_min,stoichiometric_window,electrode_state_stoichiometry,L0,RULE_SAFE_DEFAULT
stability_worst,eV/atom,P4,97,discharge_formula_atomic_mass_range,stoichiometric_window,electrode_state_stoichiometry,L0,RULE_SAFE_DEFAULT
stability_worst,eV/atom,P4,98,discharge_formula_atomic_mass_std,stoichiometric_window,electrode_state_stoichiometry,L0,RULE_SAFE_DEFAULT
stability_worst,eV/atom,P4,99,discharge_formula_frac_Ag,stoichiometric_window,electrode_state_stoichiometry,L0,RULE_SAFE_DEFAULT
stability_worst,eV/atom,P4,100,discharge_formula_frac_Al,stoichiometric_window,electrode_state_stoichiometry,L0,RULE_SAFE_DEFAULT
stability_worst,eV/atom,P4,101,discharge_formula_frac_As,stoichiometric_window,electrode_state_stoichiometry,L0,RULE_SAFE_DEFAULT
stability_worst,eV/atom,P4,102,discharge_formula_frac_B,stoichiometric_window,electrode_state_stoichiometry,L0,RULE_SAFE_DEFAULT
stability_worst,eV/atom,P4,103,discharge_formula_frac_Br,stoichiometric_window,electrode_state_stoichiometry,L0,RULE_SAFE_DEFAULT
stability_worst,eV/atom,P4,104,discharge_formula_frac_C,stoichiometric_window,electrode_state_stoichiometry,L0,RULE_SAFE_DEFAULT
stability_worst,eV/atom,P4,105,discharge_formula_frac_Ca,stoichiometric_window,electrode_state_stoichiometry,L0,RULE_SAFE_DEFAULT
stability_worst,eV/atom,P4,106,discharge_formula_frac_Cl,stoichiometric_window,electrode_state_stoichiometry,L0,RULE_SAFE_DEFAULT
stability_worst,eV/atom,P4,107,discharge_formula_frac_Co,stoichiometric_window,electrode_state_stoichiometry,L0,RULE_SAFE_DEFAULT
stability_worst,eV/atom,P4,108,discharge_formula_frac_Cr,stoichiometric_window,electrode_state_stoichiometry,L0,RULE_SAFE_DEFAULT
stability_worst,eV/atom,P4,109,discharge_formula_frac_Cu,stoichiometric_window,electrode_state_stoichiometry,L0,RULE_SAFE_DEFAULT
stability_worst,eV/atom,P4,110,discharge_formula_frac_F,stoichiometric_window,electrode_state_stoichiometry,L0,RULE_SAFE_DEFAULT
stability_worst,eV/atom,P4,111,discharge_formula_frac_Fe,stoichiometric_window,electrode_state_stoichiometry,L0,RULE_SAFE_DEFAULT
stability_worst,eV/atom,P4,112,discharge_formula_frac_I,stoichiometric_window,electrode_state_stoichiometry,L0,RULE_SAFE_DEFAULT
stability_worst,eV/atom,P4,113,discharge_formula_frac_K,stoichiometric_window,electrode_state_stoichiometry,L0,RULE_SAFE_DEFAULT
stability_worst,eV/atom,P4,114,discharge_formula_frac_Li,stoichiometric_window,electrode_state_stoichiometry,L0,RULE_SAFE_DEFAULT
stability_worst,eV/atom,P4,115,discharge_formula_frac_Mg,stoichiometric_window,electrode_state_stoichiometry,L0,RULE_SAFE_DEFAULT
stability_worst,eV/atom,P4,116,discharge_formula_frac_Mn,stoichiometric_window,electrode_state_stoichiometry,L0,RULE_SAFE_DEFAULT
stability_worst,eV/atom,P4,117,discharge_formula_frac_N,stoichiometric_window,electrode_state_stoichiometry,L0,RULE_SAFE_DEFAULT
stability_worst,eV/atom,P4,118,discharge_formula_frac_Na,stoichiometric_window,electrode_state_stoichiometry,L0,RULE_SAFE_DEFAULT
stability_worst,eV/atom,P4,119,discharge_formula_frac_Ni,stoichiometric_window,electrode_state_stoichiometry,L0,RULE_SAFE_DEFAULT
stability_worst,eV/atom,P4,120,discharge_formula_frac_O,stoichiometric_window,electrode_state_stoichiometry,L0,RULE_SAFE_DEFAULT
stability_worst,eV/atom,P4,121,discharge_formula_frac_P,stoichiometric_window,electrode_state_stoichiometry,L0,RULE_SAFE_DEFAULT
stability_worst,eV/atom,P4,122,discharge_formula_frac_S,stoichiometric_window,electrode_state_stoichiometry,L0,RULE_SAFE_DEFAULT
stability_worst,eV/atom,P4,123,discharge_formula_frac_Si,stoichiometric_window,electrode_state_stoichiometry,L0,RULE_SAFE_DEFAULT
stability_worst,eV/atom,P4,124,discharge_formula_frac_Ti,stoichiometric_window,electrode_state_stoichiometry,L0,RULE_SAFE_DEFAULT
stability_worst,eV/atom,P4,125,discharge_formula_frac_V,stoichiometric_window,electrode_state_stoichiometry,L0,RULE_SAFE_DEFAULT
stability_worst,eV/atom,P4,126,discharge_formula_frac_Zn,stoichiometric_window,electrode_state_stoichiometry,L0,RULE_SAFE_DEFAULT
stability_worst,eV/atom,P4,127,discharge_formula_frac_transition_metals,stoichiometric_window,electrode_state_stoichiometry,L0,RULE_SAFE_DEFAULT
stability_worst,eV/atom,P4,128,discharge_formula_group_max,stoichiometric_window,electrode_state_stoichiometry,L0,RULE_SAFE_DEFAULT
stability_worst,eV/atom,P4,129,discharge_formula_group_mean,stoichiometric_window,electrode_state_stoichiometry,L0,RULE_SAFE_DEFAULT
stability_worst,eV/atom,P4,130,discharge_formula_group_min,stoichiometric_window,electrode_state_stoichiometry,L0,RULE_SAFE_DEFAULT
stability_worst,eV/atom,P4,131,discharge_formula_group_range,stoichiometric_window,electrode_state_stoichiometry,L0,RULE_SAFE_DEFAULT
stability_worst,eV/atom,P4,132,discharge_formula_group_std,stoichiometric_window,electrode_state_stoichiometry,L0,RULE_SAFE_DEFAULT
stability_worst,eV/atom,P4,133,discharge_formula_has_Br,stoichiometric_window,electrode_state_stoichiometry,L0,RULE_SAFE_DEFAULT
stability_worst,eV/atom,P4,134,discharge_formula_has_C,stoichiometric_window,electrode_state_stoichiometry,L0,RULE_SAFE_DEFAULT
stability_worst,eV/atom,P4,135,discharge_formula_has_Cl,stoichiometric_window,electrode_state_stoichiometry,L0,RULE_SAFE_DEFAULT
stability_worst,eV/atom,P4,136,discharge_formula_has_F,stoichiometric_window,electrode_state_stoichiometry,L0,RULE_SAFE_DEFAULT
stability_worst,eV/atom,P4,137,discharge_formula_has_I,stoichiometric_window,electrode_state_stoichiometry,L0,RULE_SAFE_DEFAULT
stability_worst,eV/atom,P4,138,discharge_formula_has_N,stoichiometric_window,electrode_state_stoichiometry,L0,RULE_SAFE_DEFAULT
stability_worst,eV/atom,P4,139,discharge_formula_has_O,stoichiometric_window,electrode_state_stoichiometry,L0,RULE_SAFE_DEFAULT
stability_worst,eV/atom,P4,140,discharge_formula_has_P,stoichiometric_window,electrode_state_stoichiometry,L0,RULE_SAFE_DEFAULT
stability_worst,eV/atom,P4,141,discharge_formula_has_S,stoichiometric_window,electrode_state_stoichiometry,L0,RULE_SAFE_DEFAULT
stability_worst,eV/atom,P4,142,discharge_formula_has_Si,stoichiometric_window,electrode_state_stoichiometry,L0,RULE_SAFE_DEFAULT
stability_worst,eV/atom,P4,143,discharge_formula_n_atoms,stoichiometric_window,electrode_state_stoichiometry,L0,RULE_SAFE_DEFAULT
stability_worst,eV/atom,P4,144,discharge_formula_n_elements,stoichiometric_window,electrode_state_stoichiometry,L0,RULE_SAFE_DEFAULT
stability_worst,eV/atom,P4,145,discharge_formula_n_transition_metals,stoichiometric_window,electrode_state_stoichiometry,L0,RULE_SAFE_DEFAULT
stability_worst,eV/atom,P4,146,discharge_formula_parse_ok,stoichiometric_window,electrode_state_stoichiometry,L0,RULE_SAFE_DEFAULT
stability_worst,eV/atom,P4,147,discharge_formula_row_max,stoichiometric_window,electrode_state_stoichiometry,L0,RULE_SAFE_DEFAULT
stability_worst,eV/atom,P4,148,discharge_formula_row_mean,stoichiometric_window,electrode_state_stoichiometry,L0,RULE_SAFE_DEFAULT
stability_worst,eV/atom,P4,149,discharge_formula_row_min,stoichiometric_window,electrode_state_stoichiometry,L0,RULE_SAFE_DEFAULT
stability_worst,eV/atom,P4,150,discharge_formula_row_range,stoichiometric_window,electrode_state_stoichiometry,L0,RULE_SAFE_DEFAULT
stability_worst,eV/atom,P4,151,discharge_formula_row_std,stoichiometric_window,electrode_state_stoichiometry,L0,RULE_SAFE_DEFAULT
stability_worst,eV/atom,P4,152,discharge_summary_band_gap,post_dft_electronic_summary,post_dft_electronic,L4,RULE_POST_DFT_ELECTRONIC
stability_worst,eV/atom,P4,153,discharge_summary_density,relaxed_structure_summary,relaxed_structure,L0,RULE_SAFE_STRUCTURE
stability_worst,eV/atom,P4,154,discharge_summary_density_atomic,relaxed_structure_summary,relaxed_structure,L0,RULE_SAFE_STRUCTURE
stability_worst,eV/atom,P4,155,discharge_summary_energy_above_hull,post_dft_energy_stability_summary,post_dft_thermodynamics,L2,RULE_HULL_STABILITY
stability_worst,eV/atom,P4,156,discharge_summary_formation_energy_per_atom,post_dft_energy_stability_summary,post_dft_thermodynamics,L4,RULE_FORMATION_ENERGY_STABILITY
stability_worst,eV/atom,P4,157,discharge_summary_is_metal,post_dft_electronic_summary,post_dft_electronic,L4,RULE_POST_DFT_ELECTRONIC
stability_worst,eV/atom,P4,158,discharge_summary_is_stable,post_dft_energy_stability_summary,post_dft_thermodynamics,L2,RULE_HULL_STABILITY
stability_worst,eV/atom,P4,159,discharge_summary_nsites,relaxed_structure_summary,relaxed_structure,L0,RULE_SAFE_STRUCTURE
stability_worst,eV/atom,P4,160,discharge_summary_symmetry_number,relaxed_structure_summary,relaxed_structure,L0,RULE_SAFE_STRUCTURE
stability_worst,eV/atom,P4,161,discharge_summary_theoretical,post_dft_provenance_flag,post_dft_provenance,L4,RULE_POST_DFT_PROVENANCE
stability_worst,eV/atom,P4,162,discharge_summary_volume,relaxed_structure_summary,relaxed_structure,L0,RULE_SAFE_STRUCTURE
stability_worst,eV/atom,P4,163,discharge_summary_volume_per_site,relaxed_structure_summary,relaxed_structure,L0,RULE_SAFE_STRUCTURE
stability_worst,eV/atom,P4,164,energy_grav,stored_electrode_target,stored_electrode_record,L4,RULE_OTHER_STORED_TARGET
stability_worst,eV/atom,P4,165,energy_vol,stored_electrode_target,stored_electrode_record,L4,RULE_OTHER_STORED_TARGET
stability_worst,eV/atom,P4,166,fracA_charge,stoichiometric_window,electrode_state_stoichiometry,L0,RULE_SAFE_DEFAULT
stability_worst,eV/atom,P4,167,fracA_discharge,stoichiometric_window,electrode_state_stoichiometry,L0,RULE_SAFE_DEFAULT
stability_worst,eV/atom,P4,168,fw_X_max,composition_known_framework,pre_dft_composition,L0,RULE_SAFE_DEFAULT
stability_worst,eV/atom,P4,169,fw_X_mean,composition_known_framework,pre_dft_composition,L0,RULE_SAFE_DEFAULT
stability_worst,eV/atom,P4,170,fw_X_min,composition_known_framework,pre_dft_composition,L0,RULE_SAFE_DEFAULT
stability_worst,eV/atom,P4,171,fw_X_range,composition_known_framework,pre_dft_composition,L0,RULE_SAFE_DEFAULT
stability_worst,eV/atom,P4,172,fw_X_std,composition_known_framework,pre_dft_composition,L0,RULE_SAFE_DEFAULT
stability_worst,eV/atom,P4,173,fw_Z_max,composition_known_framework,pre_dft_composition,L0,RULE_SAFE_DEFAULT
stability_worst,eV/atom,P4,174,fw_Z_mean,composition_known_framework,pre_dft_composition,L0,RULE_SAFE_DEFAULT
stability_worst,eV/atom,P4,175,fw_Z_min,composition_known_framework,pre_dft_composition,L0,RULE_SAFE_DEFAULT
stability_worst,eV/atom,P4,176,fw_Z_range,composition_known_framework,pre_dft_composition,L0,RULE_SAFE_DEFAULT
stability_worst,eV/atom,P4,177,fw_Z_std,composition_known_framework,pre_dft_composition,L0,RULE_SAFE_DEFAULT
stability_worst,eV/atom,P4,178,fw_atomic_mass_max,composition_known_framework,pre_dft_composition,L0,RULE_SAFE_DEFAULT
stability_worst,eV/atom,P4,179,fw_atomic_mass_mean,composition_known_framework,pre_dft_composition,L0,RULE_SAFE_DEFAULT
stability_worst,eV/atom,P4,180,fw_atomic_mass_min,composition_known_framework,pre_dft_composition,L0,RULE_SAFE_DEFAULT
stability_worst,eV/atom,P4,181,fw_atomic_mass_range,composition_known_framework,pre_dft_composition,L0,RULE_SAFE_DEFAULT
stability_worst,eV/atom,P4,182,fw_atomic_mass_std,composition_known_framework,pre_dft_composition,L0,RULE_SAFE_DEFAULT
stability_worst,eV/atom,P4,183,fw_frac_Ag,composition_known_framework,pre_dft_composition,L0,RULE_SAFE_DEFAULT
stability_worst,eV/atom,P4,184,fw_frac_Al,composition_known_framework,pre_dft_composition,L0,RULE_SAFE_DEFAULT
stability_worst,eV/atom,P4,185,fw_frac_As,composition_known_framework,pre_dft_composition,L0,RULE_SAFE_DEFAULT
stability_worst,eV/atom,P4,186,fw_frac_B,composition_known_framework,pre_dft_composition,L0,RULE_SAFE_DEFAULT
stability_worst,eV/atom,P4,187,fw_frac_Br,composition_known_framework,pre_dft_composition,L0,RULE_SAFE_DEFAULT
stability_worst,eV/atom,P4,188,fw_frac_C,composition_known_framework,pre_dft_composition,L0,RULE_SAFE_DEFAULT
stability_worst,eV/atom,P4,189,fw_frac_Ca,composition_known_framework,pre_dft_composition,L0,RULE_SAFE_DEFAULT
stability_worst,eV/atom,P4,190,fw_frac_Cl,composition_known_framework,pre_dft_composition,L0,RULE_SAFE_DEFAULT
stability_worst,eV/atom,P4,191,fw_frac_Co,composition_known_framework,pre_dft_composition,L0,RULE_SAFE_DEFAULT
stability_worst,eV/atom,P4,192,fw_frac_Cr,composition_known_framework,pre_dft_composition,L0,RULE_SAFE_DEFAULT
stability_worst,eV/atom,P4,193,fw_frac_Cu,composition_known_framework,pre_dft_composition,L0,RULE_SAFE_DEFAULT
stability_worst,eV/atom,P4,194,fw_frac_F,composition_known_framework,pre_dft_composition,L0,RULE_SAFE_DEFAULT
stability_worst,eV/atom,P4,195,fw_frac_Fe,composition_known_framework,pre_dft_composition,L0,RULE_SAFE_DEFAULT
stability_worst,eV/atom,P4,196,fw_frac_I,composition_known_framework,pre_dft_composition,L0,RULE_SAFE_DEFAULT
stability_worst,eV/atom,P4,197,fw_frac_K,composition_known_framework,pre_dft_composition,L0,RULE_SAFE_DEFAULT
stability_worst,eV/atom,P4,198,fw_frac_Li,composition_known_framework,pre_dft_composition,L0,RULE_SAFE_DEFAULT
stability_worst,eV/atom,P4,199,fw_frac_Mg,composition_known_framework,pre_dft_composition,L0,RULE_SAFE_DEFAULT
stability_worst,eV/atom,P4,200,fw_frac_Mn,composition_known_framework,pre_dft_composition,L0,RULE_SAFE_DEFAULT
stability_worst,eV/atom,P4,201,fw_frac_N,composition_known_framework,pre_dft_composition,L0,RULE_SAFE_DEFAULT
stability_worst,eV/atom,P4,202,fw_frac_Na,composition_known_framework,pre_dft_composition,L0,RULE_SAFE_DEFAULT
stability_worst,eV/atom,P4,203,fw_frac_Ni,composition_known_framework,pre_dft_composition,L0,RULE_SAFE_DEFAULT
stability_worst,eV/atom,P4,204,fw_frac_O,composition_known_framework,pre_dft_composition,L0,RULE_SAFE_DEFAULT
stability_worst,eV/atom,P4,205,fw_frac_P,composition_known_framework,pre_dft_composition,L0,RULE_SAFE_DEFAULT
stability_worst,eV/atom,P4,206,fw_frac_S,composition_known_framework,pre_dft_composition,L0,RULE_SAFE_DEFAULT
stability_worst,eV/atom,P4,207,fw_frac_Si,composition_known_framework,pre_dft_composition,L0,RULE_SAFE_DEFAULT
stability_worst,eV/atom,P4,208,fw_frac_Ti,composition_known_framework,pre_dft_composition,L0,RULE_SAFE_DEFAULT
stability_worst,eV/atom,P4,209,fw_frac_V,composition_known_framework,pre_dft_composition,L0,RULE_SAFE_DEFAULT
stability_worst,eV/atom,P4,210,fw_frac_Zn,composition_known_framework,pre_dft_composition,L0,RULE_SAFE_DEFAULT
stability_worst,eV/atom,P4,211,fw_frac_transition_metals,composition_known_framework,pre_dft_composition,L0,RULE_SAFE_DEFAULT
stability_worst,eV/atom,P4,212,fw_group_max,composition_known_framework,pre_dft_composition,L0,RULE_SAFE_DEFAULT
stability_worst,eV/atom,P4,213,fw_group_mean,composition_known_framework,pre_dft_composition,L0,RULE_SAFE_DEFAULT
stability_worst,eV/atom,P4,214,fw_group_min,composition_known_framework,pre_dft_composition,L0,RULE_SAFE_DEFAULT
stability_worst,eV/atom,P4,215,fw_group_range,composition_known_framework,pre_dft_composition,L0,RULE_SAFE_DEFAULT
stability_worst,eV/atom,P4,216,fw_group_std,composition_known_framework,pre_dft_composition,L0,RULE_SAFE_DEFAULT
stability_worst,eV/atom,P4,217,fw_has_Br,composition_known_framework,pre_dft_composition,L0,RULE_SAFE_DEFAULT
stability_worst,eV/atom,P4,218,fw_has_C,composition_known_framework,pre_dft_composition,L0,RULE_SAFE_DEFAULT
stability_worst,eV/atom,P4,219,fw_has_Cl,composition_known_framework,pre_dft_composition,L0,RULE_SAFE_DEFAULT
stability_worst,eV/atom,P4,220,fw_has_F,composition_known_framework,pre_dft_composition,L0,RULE_SAFE_DEFAULT
stability_worst,eV/atom,P4,221,fw_has_I,composition_known_framework,pre_dft_composition,L0,RULE_SAFE_DEFAULT
stability_worst,eV/atom,P4,222,fw_has_N,composition_known_framework,pre_dft_composition,L0,RULE_SAFE_DEFAULT
stability_worst,eV/atom,P4,223,fw_has_O,composition_known_framework,pre_dft_composition,L0,RULE_SAFE_DEFAULT
stability_worst,eV/atom,P4,224,fw_has_P,composition_known_framework,pre_dft_composition,L0,RULE_SAFE_DEFAULT
stability_worst,eV/atom,P4,225,fw_has_S,composition_known_framework,pre_dft_composition,L0,RULE_SAFE_DEFAULT
stability_worst,eV/atom,P4,226,fw_has_Si,composition_known_framework,pre_dft_composition,L0,RULE_SAFE_DEFAULT
stability_worst,eV/atom,P4,227,fw_n_atoms,composition_known_framework,pre_dft_composition,L0,RULE_SAFE_DEFAULT
stability_worst,eV/atom,P4,228,fw_n_elements,composition_known_framework,pre_dft_composition,L0,RULE_SAFE_DEFAULT
stability_worst,eV/atom,P4,229,fw_n_transition_metals,composition_known_framework,pre_dft_composition,L0,RULE_SAFE_DEFAULT
stability_worst,eV/atom,P4,230,fw_parse_ok,composition_known_framework,pre_dft_composition,L0,RULE_SAFE_DEFAULT
stability_worst,eV/atom,P4,231,fw_row_max,composition_known_framework,pre_dft_composition,L0,RULE_SAFE_DEFAULT
stability_worst,eV/atom,P4,232,fw_row_mean,composition_known_framework,pre_dft_composition,L0,RULE_SAFE_DEFAULT
stability_worst,eV/atom,P4,233,fw_row_min,composition_known_framework,pre_dft_composition,L0,RULE_SAFE_DEFAULT
stability_worst,eV/atom,P4,234,fw_row_range,composition_known_framework,pre_dft_composition,L0,RULE_SAFE_DEFAULT
stability_worst,eV/atom,P4,235,fw_row_std,composition_known_framework,pre_dft_composition,L0,RULE_SAFE_DEFAULT
stability_worst,eV/atom,P4,236,max_delta_volume,stored_electrode_target,stored_electrode_record,L4,RULE_OTHER_STORED_TARGET
stability_worst,eV/atom,P4,237,max_voltage_step,stored_electrode_process_descriptor,stored_electrode_record,L0,RULE_SAFE_DEFAULT
stability_worst,eV/atom,P4,238,num_steps,stored_electrode_process_descriptor,stored_electrode_record,L0,RULE_SAFE_DEFAULT
stability_worst,eV/atom,P4,239,stability_charge,stored_electrode_target,stored_electrode_record,L2,RULE_STABILITY_AGGREGATION
stability_worst,eV/atom,P4,240,stability_discharge,stored_electrode_target,stored_electrode_record,L2,RULE_STABILITY_AGGREGATION
stability_worst,eV/atom,P4,241,stability_worst,stored_electrode_target,stored_electrode_record,L1,RULE_DIRECT_TARGET
stability_worst,eV/atom,P4,242,stoich_abs_wi_amount_delta,stoichiometric_window,electrode_state_stoichiometry,L0,RULE_SAFE_DEFAULT
stability_worst,eV/atom,P4,243,stoich_wi_amount_charge,stoichiometric_window,electrode_state_stoichiometry,L0,RULE_SAFE_DEFAULT
stability_worst,eV/atom,P4,244,stoich_wi_amount_delta,stoichiometric_window,electrode_state_stoichiometry,L0,RULE_SAFE_DEFAULT
stability_worst,eV/atom,P4,245,stoich_wi_amount_discharge,stoichiometric_window,electrode_state_stoichiometry,L0,RULE_SAFE_DEFAULT
stability_worst,eV/atom,P4,246,stored_abs_fracA_delta,other_numeric,derived_miscellaneous,L0,RULE_SAFE_DEFAULT
stability_worst,eV/atom,P4,247,stored_fracA_delta,stoichiometric_window,electrode_state_stoichiometry,L0,RULE_SAFE_DEFAULT
stability_worst,eV/atom,P4,248,summary_abs_delta_band_gap,post_dft_electronic_summary,post_dft_electronic,L4,RULE_POST_DFT_ELECTRONIC
stability_worst,eV/atom,P4,249,summary_abs_delta_density,relaxed_structure_summary,relaxed_structure,L0,RULE_SAFE_STRUCTURE
stability_worst,eV/atom,P4,250,summary_abs_delta_density_atomic,relaxed_structure_summary,relaxed_structure,L0,RULE_SAFE_STRUCTURE
stability_worst,eV/atom,P4,251,summary_abs_delta_energy_above_hull,post_dft_energy_stability_summary,post_dft_thermodynamics,L2,RULE_HULL_STABILITY
stability_worst,eV/atom,P4,252,summary_abs_delta_formation_energy_per_atom,post_dft_energy_stability_summary,post_dft_thermodynamics,L4,RULE_FORMATION_ENERGY_STABILITY
stability_worst,eV/atom,P4,253,summary_abs_delta_volume_fraction,relaxed_structure_summary,relaxed_structure,L0,RULE_SAFE_STRUCTURE
stability_worst,eV/atom,P4,254,summary_abs_delta_volume_per_site,relaxed_structure_summary,relaxed_structure,L0,RULE_SAFE_STRUCTURE
stability_worst,eV/atom,P4,255,summary_delta_band_gap,post_dft_electronic_summary,post_dft_electronic,L4,RULE_POST_DFT_ELECTRONIC
stability_worst,eV/atom,P4,256,summary_delta_density,relaxed_structure_summary,relaxed_structure,L0,RULE_SAFE_STRUCTURE
stability_worst,eV/atom,P4,257,summary_delta_density_atomic,relaxed_structure_summary,relaxed_structure,L0,RULE_SAFE_STRUCTURE
stability_worst,eV/atom,P4,258,summary_delta_energy_above_hull,post_dft_energy_stability_summary,post_dft_thermodynamics,L2,RULE_HULL_STABILITY
stability_worst,eV/atom,P4,259,summary_delta_formation_energy_per_atom,post_dft_energy_stability_summary,post_dft_thermodynamics,L4,RULE_FORMATION_ENERGY_STABILITY
stability_worst,eV/atom,P4,260,summary_delta_volume_fraction,relaxed_structure_summary,relaxed_structure,L0,RULE_SAFE_STRUCTURE
stability_worst,eV/atom,P4,261,summary_delta_volume_per_site,relaxed_structure_summary,relaxed_structure,L0,RULE_SAFE_STRUCTURE
stability_worst,eV/atom,P4,262,summary_worst_energy_above_hull,post_dft_energy_stability_summary,post_dft_thermodynamics,L2,RULE_HULL_STABILITY
stability_worst,eV/atom,P4,263,wi_X,composition_known_working_ion,pre_dft_composition,L0,RULE_SAFE_DEFAULT
stability_worst,eV/atom,P4,264,wi_Z,composition_known_working_ion,pre_dft_composition,L0,RULE_SAFE_DEFAULT
stability_worst,eV/atom,P4,265,wi_atomic_mass,composition_known_working_ion,pre_dft_composition,L0,RULE_SAFE_DEFAULT
stability_worst,eV/atom,P4,266,wi_group,composition_known_working_ion,pre_dft_composition,L0,RULE_SAFE_DEFAULT
stability_worst,eV/atom,P4,267,wi_row,composition_known_working_ion,pre_dft_composition,L0,RULE_SAFE_DEFAULT
