target,target_unit,is_primary_benchmark_target,feature,feature_origin,workflow_stage,leakage_level,leakage_reason,rule_id,dependency_path,allowed_P0,allowed_P1,allowed_P2,allowed_P3,allowed_P4
average_voltage,V,True,average_voltage,stored_electrode_target,stored_electrode_record,L1,The feature is the exact target column.,RULE_DIRECT_TARGET,feature::average_voltage -> target::average_voltage,False,False,False,False,True
average_voltage,V,True,capacity_grav,stored_electrode_target,stored_electrode_record,L4,A different stored electrode property is available only as a post-hoc computed-record descriptor.,RULE_OTHER_STORED_TARGET,feature::capacity_grav -> concept::stored_electrode_record -> target::average_voltage,True,False,False,False,True
average_voltage,V,True,capacity_vol,stored_electrode_target,stored_electrode_record,L4,A different stored electrode property is available only as a post-hoc computed-record descriptor.,RULE_OTHER_STORED_TARGET,feature::capacity_vol -> concept::stored_electrode_record -> target::average_voltage,True,False,False,False,True
average_voltage,V,True,charge_formula_X_max,stoichiometric_window,electrode_state_stoichiometry,L0,No direct target dependency is identified for this target.,RULE_SAFE_DEFAULT,feature::charge_formula_X_max -> target::average_voltage,True,False,False,False,True
average_voltage,V,True,charge_formula_X_mean,stoichiometric_window,electrode_state_stoichiometry,L0,No direct target dependency is identified for this target.,RULE_SAFE_DEFAULT,feature::charge_formula_X_mean -> target::average_voltage,True,False,False,False,True
average_voltage,V,True,charge_formula_X_min,stoichiometric_window,electrode_state_stoichiometry,L0,No direct target dependency is identified for this target.,RULE_SAFE_DEFAULT,feature::charge_formula_X_min -> target::average_voltage,True,False,False,False,True
average_voltage,V,True,charge_formula_X_range,stoichiometric_window,electrode_state_stoichiometry,L0,No direct target dependency is identified for this target.,RULE_SAFE_DEFAULT,feature::charge_formula_X_range -> target::average_voltage,True,False,False,False,True
average_voltage,V,True,charge_formula_X_std,stoichiometric_window,electrode_state_stoichiometry,L0,No direct target dependency is identified for this target.,RULE_SAFE_DEFAULT,feature::charge_formula_X_std -> target::average_voltage,True,False,False,False,True
average_voltage,V,True,charge_formula_Z_max,stoichiometric_window,electrode_state_stoichiometry,L0,No direct target dependency is identified for this target.,RULE_SAFE_DEFAULT,feature::charge_formula_Z_max -> target::average_voltage,True,False,False,False,True
average_voltage,V,True,charge_formula_Z_mean,stoichiometric_window,electrode_state_stoichiometry,L0,No direct target dependency is identified for this target.,RULE_SAFE_DEFAULT,feature::charge_formula_Z_mean -> target::average_voltage,True,False,False,False,True
average_voltage,V,True,charge_formula_Z_min,stoichiometric_window,electrode_state_stoichiometry,L0,No direct target dependency is identified for this target.,RULE_SAFE_DEFAULT,feature::charge_formula_Z_min -> target::average_voltage,True,False,False,False,True
average_voltage,V,True,charge_formula_Z_range,stoichiometric_window,electrode_state_stoichiometry,L0,No direct target dependency is identified for this target.,RULE_SAFE_DEFAULT,feature::charge_formula_Z_range -> target::average_voltage,True,False,False,False,True
average_voltage,V,True,charge_formula_Z_std,stoichiometric_window,electrode_state_stoichiometry,L0,No direct target dependency is identified for this target.,RULE_SAFE_DEFAULT,feature::charge_formula_Z_std -> target::average_voltage,True,False,False,False,True
average_voltage,V,True,charge_formula_atomic_mass_max,stoichiometric_window,electrode_state_stoichiometry,L0,No direct target dependency is identified for this target.,RULE_SAFE_DEFAULT,feature::charge_formula_atomic_mass_max -> target::average_voltage,True,False,False,False,True
average_voltage,V,True,charge_formula_atomic_mass_mean,stoichiometric_window,electrode_state_stoichiometry,L0,No direct target dependency is identified for this target.,RULE_SAFE_DEFAULT,feature::charge_formula_atomic_mass_mean -> target::average_voltage,True,False,False,False,True
average_voltage,V,True,charge_formula_atomic_mass_min,stoichiometric_window,electrode_state_stoichiometry,L0,No direct target dependency is identified for this target.,RULE_SAFE_DEFAULT,feature::charge_formula_atomic_mass_min -> target::average_voltage,True,False,False,False,True
average_voltage,V,True,charge_formula_atomic_mass_range,stoichiometric_window,electrode_state_stoichiometry,L0,No direct target dependency is identified for this target.,RULE_SAFE_DEFAULT,feature::charge_formula_atomic_mass_range -> target::average_voltage,True,False,False,False,True
average_voltage,V,True,charge_formula_atomic_mass_std,stoichiometric_window,electrode_state_stoichiometry,L0,No direct target dependency is identified for this target.,RULE_SAFE_DEFAULT,feature::charge_formula_atomic_mass_std -> target::average_voltage,True,False,False,False,True
average_voltage,V,True,charge_formula_frac_Ag,stoichiometric_window,electrode_state_stoichiometry,L0,No direct target dependency is identified for this target.,RULE_SAFE_DEFAULT,feature::charge_formula_frac_Ag -> target::average_voltage,True,False,False,False,True
average_voltage,V,True,charge_formula_frac_Al,stoichiometric_window,electrode_state_stoichiometry,L0,No direct target dependency is identified for this target.,RULE_SAFE_DEFAULT,feature::charge_formula_frac_Al -> target::average_voltage,True,False,False,False,True
average_voltage,V,True,charge_formula_frac_As,stoichiometric_window,electrode_state_stoichiometry,L0,No direct target dependency is identified for this target.,RULE_SAFE_DEFAULT,feature::charge_formula_frac_As -> target::average_voltage,True,False,False,False,True
average_voltage,V,True,charge_formula_frac_B,stoichiometric_window,electrode_state_stoichiometry,L0,No direct target dependency is identified for this target.,RULE_SAFE_DEFAULT,feature::charge_formula_frac_B -> target::average_voltage,True,False,False,False,True
average_voltage,V,True,charge_formula_frac_Br,stoichiometric_window,electrode_state_stoichiometry,L0,No direct target dependency is identified for this target.,RULE_SAFE_DEFAULT,feature::charge_formula_frac_Br -> target::average_voltage,True,False,False,False,True
average_voltage,V,True,charge_formula_frac_C,stoichiometric_window,electrode_state_stoichiometry,L0,No direct target dependency is identified for this target.,RULE_SAFE_DEFAULT,feature::charge_formula_frac_C -> target::average_voltage,True,False,False,False,True
average_voltage,V,True,charge_formula_frac_Ca,stoichiometric_window,electrode_state_stoichiometry,L0,No direct target dependency is identified for this target.,RULE_SAFE_DEFAULT,feature::charge_formula_frac_Ca -> target::average_voltage,True,False,False,False,True
average_voltage,V,True,charge_formula_frac_Cl,stoichiometric_window,electrode_state_stoichiometry,L0,No direct target dependency is identified for this target.,RULE_SAFE_DEFAULT,feature::charge_formula_frac_Cl -> target::average_voltage,True,False,False,False,True
average_voltage,V,True,charge_formula_frac_Co,stoichiometric_window,electrode_state_stoichiometry,L0,No direct target dependency is identified for this target.,RULE_SAFE_DEFAULT,feature::charge_formula_frac_Co -> target::average_voltage,True,False,False,False,True
average_voltage,V,True,charge_formula_frac_Cr,stoichiometric_window,electrode_state_stoichiometry,L0,No direct target dependency is identified for this target.,RULE_SAFE_DEFAULT,feature::charge_formula_frac_Cr -> target::average_voltage,True,False,False,False,True
average_voltage,V,True,charge_formula_frac_Cu,stoichiometric_window,electrode_state_stoichiometry,L0,No direct target dependency is identified for this target.,RULE_SAFE_DEFAULT,feature::charge_formula_frac_Cu -> target::average_voltage,True,False,False,False,True
average_voltage,V,True,charge_formula_frac_F,stoichiometric_window,electrode_state_stoichiometry,L0,No direct target dependency is identified for this target.,RULE_SAFE_DEFAULT,feature::charge_formula_frac_F -> target::average_voltage,True,False,False,False,True
average_voltage,V,True,charge_formula_frac_Fe,stoichiometric_window,electrode_state_stoichiometry,L0,No direct target dependency is identified for this target.,RULE_SAFE_DEFAULT,feature::charge_formula_frac_Fe -> target::average_voltage,True,False,False,False,True
average_voltage,V,True,charge_formula_frac_I,stoichiometric_window,electrode_state_stoichiometry,L0,No direct target dependency is identified for this target.,RULE_SAFE_DEFAULT,feature::charge_formula_frac_I -> target::average_voltage,True,False,False,False,True
average_voltage,V,True,charge_formula_frac_K,stoichiometric_window,electrode_state_stoichiometry,L0,No direct target dependency is identified for this target.,RULE_SAFE_DEFAULT,feature::charge_formula_frac_K -> target::average_voltage,True,False,False,False,True
average_voltage,V,True,charge_formula_frac_Li,stoichiometric_window,electrode_state_stoichiometry,L0,No direct target dependency is identified for this target.,RULE_SAFE_DEFAULT,feature::charge_formula_frac_Li -> target::average_voltage,True,False,False,False,True
average_voltage,V,True,charge_formula_frac_Mg,stoichiometric_window,electrode_state_stoichiometry,L0,No direct target dependency is identified for this target.,RULE_SAFE_DEFAULT,feature::charge_formula_frac_Mg -> target::average_voltage,True,False,False,False,True
average_voltage,V,True,charge_formula_frac_Mn,stoichiometric_window,electrode_state_stoichiometry,L0,No direct target dependency is identified for this target.,RULE_SAFE_DEFAULT,feature::charge_formula_frac_Mn -> target::average_voltage,True,False,False,False,True
average_voltage,V,True,charge_formula_frac_N,stoichiometric_window,electrode_state_stoichiometry,L0,No direct target dependency is identified for this target.,RULE_SAFE_DEFAULT,feature::charge_formula_frac_N -> target::average_voltage,True,False,False,False,True
average_voltage,V,True,charge_formula_frac_Na,stoichiometric_window,electrode_state_stoichiometry,L0,No direct target dependency is identified for this target.,RULE_SAFE_DEFAULT,feature::charge_formula_frac_Na -> target::average_voltage,True,False,False,False,True
average_voltage,V,True,charge_formula_frac_Ni,stoichiometric_window,electrode_state_stoichiometry,L0,No direct target dependency is identified for this target.,RULE_SAFE_DEFAULT,feature::charge_formula_frac_Ni -> target::average_voltage,True,False,False,False,True
average_voltage,V,True,charge_formula_frac_O,stoichiometric_window,electrode_state_stoichiometry,L0,No direct target dependency is identified for this target.,RULE_SAFE_DEFAULT,feature::charge_formula_frac_O -> target::average_voltage,True,False,False,False,True
average_voltage,V,True,charge_formula_frac_P,stoichiometric_window,electrode_state_stoichiometry,L0,No direct target dependency is identified for this target.,RULE_SAFE_DEFAULT,feature::charge_formula_frac_P -> target::average_voltage,True,False,False,False,True
average_voltage,V,True,charge_formula_frac_S,stoichiometric_window,electrode_state_stoichiometry,L0,No direct target dependency is identified for this target.,RULE_SAFE_DEFAULT,feature::charge_formula_frac_S -> target::average_voltage,True,False,False,False,True
average_voltage,V,True,charge_formula_frac_Si,stoichiometric_window,electrode_state_stoichiometry,L0,No direct target dependency is identified for this target.,RULE_SAFE_DEFAULT,feature::charge_formula_frac_Si -> target::average_voltage,True,False,False,False,True
average_voltage,V,True,charge_formula_frac_Ti,stoichiometric_window,electrode_state_stoichiometry,L0,No direct target dependency is identified for this target.,RULE_SAFE_DEFAULT,feature::charge_formula_frac_Ti -> target::average_voltage,True,False,False,False,True
average_voltage,V,True,charge_formula_frac_V,stoichiometric_window,electrode_state_stoichiometry,L0,No direct target dependency is identified for this target.,RULE_SAFE_DEFAULT,feature::charge_formula_frac_V -> target::average_voltage,True,False,False,False,True
average_voltage,V,True,charge_formula_frac_Zn,stoichiometric_window,electrode_state_stoichiometry,L0,No direct target dependency is identified for this target.,RULE_SAFE_DEFAULT,feature::charge_formula_frac_Zn -> target::average_voltage,True,False,False,False,True
average_voltage,V,True,charge_formula_frac_transition_metals,stoichiometric_window,electrode_state_stoichiometry,L0,No direct target dependency is identified for this target.,RULE_SAFE_DEFAULT,feature::charge_formula_frac_transition_metals -> target::average_voltage,True,False,False,False,True
average_voltage,V,True,charge_formula_group_max,stoichiometric_window,electrode_state_stoichiometry,L0,No direct target dependency is identified for this target.,RULE_SAFE_DEFAULT,feature::charge_formula_group_max -> target::average_voltage,True,False,False,False,True
average_voltage,V,True,charge_formula_group_mean,stoichiometric_window,electrode_state_stoichiometry,L0,No direct target dependency is identified for this target.,RULE_SAFE_DEFAULT,feature::charge_formula_group_mean -> target::average_voltage,True,False,False,False,True
average_voltage,V,True,charge_formula_group_min,stoichiometric_window,electrode_state_stoichiometry,L0,No direct target dependency is identified for this target.,RULE_SAFE_DEFAULT,feature::charge_formula_group_min -> target::average_voltage,True,False,False,False,True
average_voltage,V,True,charge_formula_group_range,stoichiometric_window,electrode_state_stoichiometry,L0,No direct target dependency is identified for this target.,RULE_SAFE_DEFAULT,feature::charge_formula_group_range -> target::average_voltage,True,False,False,False,True
average_voltage,V,True,charge_formula_group_std,stoichiometric_window,electrode_state_stoichiometry,L0,No direct target dependency is identified for this target.,RULE_SAFE_DEFAULT,feature::charge_formula_group_std -> target::average_voltage,True,False,False,False,True
average_voltage,V,True,charge_formula_has_Br,stoichiometric_window,electrode_state_stoichiometry,L0,No direct target dependency is identified for this target.,RULE_SAFE_DEFAULT,feature::charge_formula_has_Br -> target::average_voltage,True,False,False,False,True
average_voltage,V,True,charge_formula_has_C,stoichiometric_window,electrode_state_stoichiometry,L0,No direct target dependency is identified for this target.,RULE_SAFE_DEFAULT,feature::charge_formula_has_C -> target::average_voltage,True,False,False,False,True
average_voltage,V,True,charge_formula_has_Cl,stoichiometric_window,electrode_state_stoichiometry,L0,No direct target dependency is identified for this target.,RULE_SAFE_DEFAULT,feature::charge_formula_has_Cl -> target::average_voltage,True,False,False,False,True
average_voltage,V,True,charge_formula_has_F,stoichiometric_window,electrode_state_stoichiometry,L0,No direct target dependency is identified for this target.,RULE_SAFE_DEFAULT,feature::charge_formula_has_F -> target::average_voltage,True,False,False,False,True
average_voltage,V,True,charge_formula_has_I,stoichiometric_window,electrode_state_stoichiometry,L0,No direct target dependency is identified for this target.,RULE_SAFE_DEFAULT,feature::charge_formula_has_I -> target::average_voltage,True,False,False,False,True
average_voltage,V,True,charge_formula_has_N,stoichiometric_window,electrode_state_stoichiometry,L0,No direct target dependency is identified for this target.,RULE_SAFE_DEFAULT,feature::charge_formula_has_N -> target::average_voltage,True,False,False,False,True
average_voltage,V,True,charge_formula_has_O,stoichiometric_window,electrode_state_stoichiometry,L0,No direct target dependency is identified for this target.,RULE_SAFE_DEFAULT,feature::charge_formula_has_O -> target::average_voltage,True,False,False,False,True
average_voltage,V,True,charge_formula_has_P,stoichiometric_window,electrode_state_stoichiometry,L0,No direct target dependency is identified for this target.,RULE_SAFE_DEFAULT,feature::charge_formula_has_P -> target::average_voltage,True,False,False,False,True
average_voltage,V,True,charge_formula_has_S,stoichiometric_window,electrode_state_stoichiometry,L0,No direct target dependency is identified for this target.,RULE_SAFE_DEFAULT,feature::charge_formula_has_S -> target::average_voltage,True,False,False,False,True
average_voltage,V,True,charge_formula_has_Si,stoichiometric_window,electrode_state_stoichiometry,L0,No direct target dependency is identified for this target.,RULE_SAFE_DEFAULT,feature::charge_formula_has_Si -> target::average_voltage,True,False,False,False,True
average_voltage,V,True,charge_formula_n_atoms,stoichiometric_window,electrode_state_stoichiometry,L0,No direct target dependency is identified for this target.,RULE_SAFE_DEFAULT,feature::charge_formula_n_atoms -> target::average_voltage,True,False,False,False,True
average_voltage,V,True,charge_formula_n_elements,stoichiometric_window,electrode_state_stoichiometry,L0,No direct target dependency is identified for this target.,RULE_SAFE_DEFAULT,feature::charge_formula_n_elements -> target::average_voltage,True,False,False,False,True
average_voltage,V,True,charge_formula_n_transition_metals,stoichiometric_window,electrode_state_stoichiometry,L0,No direct target dependency is identified for this target.,RULE_SAFE_DEFAULT,feature::charge_formula_n_transition_metals -> target::average_voltage,True,False,False,False,True
average_voltage,V,True,charge_formula_parse_ok,stoichiometric_window,electrode_state_stoichiometry,L0,No direct target dependency is identified for this target.,RULE_SAFE_DEFAULT,feature::charge_formula_parse_ok -> target::average_voltage,True,False,False,False,True
average_voltage,V,True,charge_formula_row_max,stoichiometric_window,electrode_state_stoichiometry,L0,No direct target dependency is identified for this target.,RULE_SAFE_DEFAULT,feature::charge_formula_row_max -> target::average_voltage,True,False,False,False,True
average_voltage,V,True,charge_formula_row_mean,stoichiometric_window,electrode_state_stoichiometry,L0,No direct target dependency is identified for this target.,RULE_SAFE_DEFAULT,feature::charge_formula_row_mean -> target::average_voltage,True,False,False,False,True
average_voltage,V,True,charge_formula_row_min,stoichiometric_window,electrode_state_stoichiometry,L0,No direct target dependency is identified for this target.,RULE_SAFE_DEFAULT,feature::charge_formula_row_min -> target::average_voltage,True,False,False,False,True
average_voltage,V,True,charge_formula_row_range,stoichiometric_window,electrode_state_stoichiometry,L0,No direct target dependency is identified for this target.,RULE_SAFE_DEFAULT,feature::charge_formula_row_range -> target::average_voltage,True,False,False,False,True
average_voltage,V,True,charge_formula_row_std,stoichiometric_window,electrode_state_stoichiometry,L0,No direct target dependency is identified for this target.,RULE_SAFE_DEFAULT,feature::charge_formula_row_std -> target::average_voltage,True,False,False,False,True
average_voltage,V,True,charge_summary_band_gap,post_dft_electronic_summary,post_dft_electronic,L4,The electronic descriptor is generated in the same post-DFT record and is decision-support only.,RULE_POST_DFT_ELECTRONIC,feature::charge_summary_band_gap -> concept::post_dft_record -> target::average_voltage,True,False,False,True,True
average_voltage,V,True,charge_summary_density,relaxed_structure_summary,relaxed_structure,L0,The relaxed-structure summary is not target-defining for this target.,RULE_SAFE_STRUCTURE,feature::charge_summary_density -> target::average_voltage,True,False,True,True,True
average_voltage,V,True,charge_summary_density_atomic,relaxed_structure_summary,relaxed_structure,L0,The relaxed-structure summary is not target-defining for this target.,RULE_SAFE_STRUCTURE,feature::charge_summary_density_atomic -> target::average_voltage,True,False,True,True,True
average_voltage,V,True,charge_summary_energy_above_hull,post_dft_energy_stability_summary,post_dft_thermodynamics,L4,The hull/stability summary is a post-DFT decision-support descriptor for this target.,RULE_HULL_OTHER,feature::charge_summary_energy_above_hull -> concept::post_dft_thermodynamics -> target::average_voltage,True,False,False,True,True
average_voltage,V,True,charge_summary_formation_energy_per_atom,post_dft_energy_stability_summary,post_dft_thermodynamics,L2,Endpoint formation energies can reconstruct insertion-voltage trends.,RULE_FORMATION_ENERGY_VOLTAGE,feature::charge_summary_formation_energy_per_atom -> concept::insertion_energy_difference -> target::average_voltage,True,False,False,False,True
average_voltage,V,True,charge_summary_is_metal,post_dft_electronic_summary,post_dft_electronic,L4,The electronic descriptor is generated in the same post-DFT record and is decision-support only.,RULE_POST_DFT_ELECTRONIC,feature::charge_summary_is_metal -> concept::post_dft_record -> target::average_voltage,True,False,False,True,True
average_voltage,V,True,charge_summary_is_stable,post_dft_energy_stability_summary,post_dft_thermodynamics,L4,The hull/stability summary is a post-DFT decision-support descriptor for this target.,RULE_HULL_OTHER,feature::charge_summary_is_stable -> concept::post_dft_thermodynamics -> target::average_voltage,True,False,False,True,True
average_voltage,V,True,charge_summary_nsites,relaxed_structure_summary,relaxed_structure,L0,The relaxed-structure summary is not target-defining for this target.,RULE_SAFE_STRUCTURE,feature::charge_summary_nsites -> target::average_voltage,True,False,True,True,True
average_voltage,V,True,charge_summary_symmetry_number,relaxed_structure_summary,relaxed_structure,L0,The relaxed-structure summary is not target-defining for this target.,RULE_SAFE_STRUCTURE,feature::charge_summary_symmetry_number -> target::average_voltage,True,False,True,True,True
average_voltage,V,True,charge_summary_theoretical,post_dft_provenance_flag,post_dft_provenance,L4,The provenance flag is available only from the post-DFT record.,RULE_POST_DFT_PROVENANCE,feature::charge_summary_theoretical -> concept::post_dft_record -> target::average_voltage,True,False,False,False,True
average_voltage,V,True,charge_summary_volume,relaxed_structure_summary,relaxed_structure,L0,The relaxed-structure summary is not target-defining for this target.,RULE_SAFE_STRUCTURE,feature::charge_summary_volume -> target::average_voltage,True,False,True,True,True
average_voltage,V,True,charge_summary_volume_per_site,relaxed_structure_summary,relaxed_structure,L0,The relaxed-structure summary is not target-defining for this target.,RULE_SAFE_STRUCTURE,feature::charge_summary_volume_per_site -> target::average_voltage,True,False,True,True,True
average_voltage,V,True,discharge_formula_X_max,stoichiometric_window,electrode_state_stoichiometry,L0,No direct target dependency is identified for this target.,RULE_SAFE_DEFAULT,feature::discharge_formula_X_max -> target::average_voltage,True,False,False,False,True
average_voltage,V,True,discharge_formula_X_mean,stoichiometric_window,electrode_state_stoichiometry,L0,No direct target dependency is identified for this target.,RULE_SAFE_DEFAULT,feature::discharge_formula_X_mean -> target::average_voltage,True,False,False,False,True
average_voltage,V,True,discharge_formula_X_min,stoichiometric_window,electrode_state_stoichiometry,L0,No direct target dependency is identified for this target.,RULE_SAFE_DEFAULT,feature::discharge_formula_X_min -> target::average_voltage,True,False,False,False,True
average_voltage,V,True,discharge_formula_X_range,stoichiometric_window,electrode_state_stoichiometry,L0,No direct target dependency is identified for this target.,RULE_SAFE_DEFAULT,feature::discharge_formula_X_range -> target::average_voltage,True,False,False,False,True
average_voltage,V,True,discharge_formula_X_std,stoichiometric_window,electrode_state_stoichiometry,L0,No direct target dependency is identified for this target.,RULE_SAFE_DEFAULT,feature::discharge_formula_X_std -> target::average_voltage,True,False,False,False,True
average_voltage,V,True,discharge_formula_Z_max,stoichiometric_window,electrode_state_stoichiometry,L0,No direct target dependency is identified for this target.,RULE_SAFE_DEFAULT,feature::discharge_formula_Z_max -> target::average_voltage,True,False,False,False,True
average_voltage,V,True,discharge_formula_Z_mean,stoichiometric_window,electrode_state_stoichiometry,L0,No direct target dependency is identified for this target.,RULE_SAFE_DEFAULT,feature::discharge_formula_Z_mean -> target::average_voltage,True,False,False,False,True
average_voltage,V,True,discharge_formula_Z_min,stoichiometric_window,electrode_state_stoichiometry,L0,No direct target dependency is identified for this target.,RULE_SAFE_DEFAULT,feature::discharge_formula_Z_min -> target::average_voltage,True,False,False,False,True
average_voltage,V,True,discharge_formula_Z_range,stoichiometric_window,electrode_state_stoichiometry,L0,No direct target dependency is identified for this target.,RULE_SAFE_DEFAULT,feature::discharge_formula_Z_range -> target::average_voltage,True,False,False,False,True
average_voltage,V,True,discharge_formula_Z_std,stoichiometric_window,electrode_state_stoichiometry,L0,No direct target dependency is identified for this target.,RULE_SAFE_DEFAULT,feature::discharge_formula_Z_std -> target::average_voltage,True,False,False,False,True
average_voltage,V,True,discharge_formula_atomic_mass_max,stoichiometric_window,electrode_state_stoichiometry,L0,No direct target dependency is identified for this target.,RULE_SAFE_DEFAULT,feature::discharge_formula_atomic_mass_max -> target::average_voltage,True,False,False,False,True
average_voltage,V,True,discharge_formula_atomic_mass_mean,stoichiometric_window,electrode_state_stoichiometry,L0,No direct target dependency is identified for this target.,RULE_SAFE_DEFAULT,feature::discharge_formula_atomic_mass_mean -> target::average_voltage,True,False,False,False,True
average_voltage,V,True,discharge_formula_atomic_mass_min,stoichiometric_window,electrode_state_stoichiometry,L0,No direct target dependency is identified for this target.,RULE_SAFE_DEFAULT,feature::discharge_formula_atomic_mass_min -> target::average_voltage,True,False,False,False,True
average_voltage,V,True,discharge_formula_atomic_mass_range,stoichiometric_window,electrode_state_stoichiometry,L0,No direct target dependency is identified for this target.,RULE_SAFE_DEFAULT,feature::discharge_formula_atomic_mass_range -> target::average_voltage,True,False,False,False,True
average_voltage,V,True,discharge_formula_atomic_mass_std,stoichiometric_window,electrode_state_stoichiometry,L0,No direct target dependency is identified for this target.,RULE_SAFE_DEFAULT,feature::discharge_formula_atomic_mass_std -> target::average_voltage,True,False,False,False,True
average_voltage,V,True,discharge_formula_frac_Ag,stoichiometric_window,electrode_state_stoichiometry,L0,No direct target dependency is identified for this target.,RULE_SAFE_DEFAULT,feature::discharge_formula_frac_Ag -> target::average_voltage,True,False,False,False,True
average_voltage,V,True,discharge_formula_frac_Al,stoichiometric_window,electrode_state_stoichiometry,L0,No direct target dependency is identified for this target.,RULE_SAFE_DEFAULT,feature::discharge_formula_frac_Al -> target::average_voltage,True,False,False,False,True
average_voltage,V,True,discharge_formula_frac_As,stoichiometric_window,electrode_state_stoichiometry,L0,No direct target dependency is identified for this target.,RULE_SAFE_DEFAULT,feature::discharge_formula_frac_As -> target::average_voltage,True,False,False,False,True
average_voltage,V,True,discharge_formula_frac_B,stoichiometric_window,electrode_state_stoichiometry,L0,No direct target dependency is identified for this target.,RULE_SAFE_DEFAULT,feature::discharge_formula_frac_B -> target::average_voltage,True,False,False,False,True
average_voltage,V,True,discharge_formula_frac_Br,stoichiometric_window,electrode_state_stoichiometry,L0,No direct target dependency is identified for this target.,RULE_SAFE_DEFAULT,feature::discharge_formula_frac_Br -> target::average_voltage,True,False,False,False,True
average_voltage,V,True,discharge_formula_frac_C,stoichiometric_window,electrode_state_stoichiometry,L0,No direct target dependency is identified for this target.,RULE_SAFE_DEFAULT,feature::discharge_formula_frac_C -> target::average_voltage,True,False,False,False,True
average_voltage,V,True,discharge_formula_frac_Ca,stoichiometric_window,electrode_state_stoichiometry,L0,No direct target dependency is identified for this target.,RULE_SAFE_DEFAULT,feature::discharge_formula_frac_Ca -> target::average_voltage,True,False,False,False,True
average_voltage,V,True,discharge_formula_frac_Cl,stoichiometric_window,electrode_state_stoichiometry,L0,No direct target dependency is identified for this target.,RULE_SAFE_DEFAULT,feature::discharge_formula_frac_Cl -> target::average_voltage,True,False,False,False,True
average_voltage,V,True,discharge_formula_frac_Co,stoichiometric_window,electrode_state_stoichiometry,L0,No direct target dependency is identified for this target.,RULE_SAFE_DEFAULT,feature::discharge_formula_frac_Co -> target::average_voltage,True,False,False,False,True
average_voltage,V,True,discharge_formula_frac_Cr,stoichiometric_window,electrode_state_stoichiometry,L0,No direct target dependency is identified for this target.,RULE_SAFE_DEFAULT,feature::discharge_formula_frac_Cr -> target::average_voltage,True,False,False,False,True
average_voltage,V,True,discharge_formula_frac_Cu,stoichiometric_window,electrode_state_stoichiometry,L0,No direct target dependency is identified for this target.,RULE_SAFE_DEFAULT,feature::discharge_formula_frac_Cu -> target::average_voltage,True,False,False,False,True
average_voltage,V,True,discharge_formula_frac_F,stoichiometric_window,electrode_state_stoichiometry,L0,No direct target dependency is identified for this target.,RULE_SAFE_DEFAULT,feature::discharge_formula_frac_F -> target::average_voltage,True,False,False,False,True
average_voltage,V,True,discharge_formula_frac_Fe,stoichiometric_window,electrode_state_stoichiometry,L0,No direct target dependency is identified for this target.,RULE_SAFE_DEFAULT,feature::discharge_formula_frac_Fe -> target::average_voltage,True,False,False,False,True
average_voltage,V,True,discharge_formula_frac_I,stoichiometric_window,electrode_state_stoichiometry,L0,No direct target dependency is identified for this target.,RULE_SAFE_DEFAULT,feature::discharge_formula_frac_I -> target::average_voltage,True,False,False,False,True
average_voltage,V,True,discharge_formula_frac_K,stoichiometric_window,electrode_state_stoichiometry,L0,No direct target dependency is identified for this target.,RULE_SAFE_DEFAULT,feature::discharge_formula_frac_K -> target::average_voltage,True,False,False,False,True
average_voltage,V,True,discharge_formula_frac_Li,stoichiometric_window,electrode_state_stoichiometry,L0,No direct target dependency is identified for this target.,RULE_SAFE_DEFAULT,feature::discharge_formula_frac_Li -> target::average_voltage,True,False,False,False,True
average_voltage,V,True,discharge_formula_frac_Mg,stoichiometric_window,electrode_state_stoichiometry,L0,No direct target dependency is identified for this target.,RULE_SAFE_DEFAULT,feature::discharge_formula_frac_Mg -> target::average_voltage,True,False,False,False,True
average_voltage,V,True,discharge_formula_frac_Mn,stoichiometric_window,electrode_state_stoichiometry,L0,No direct target dependency is identified for this target.,RULE_SAFE_DEFAULT,feature::discharge_formula_frac_Mn -> target::average_voltage,True,False,False,False,True
average_voltage,V,True,discharge_formula_frac_N,stoichiometric_window,electrode_state_stoichiometry,L0,No direct target dependency is identified for this target.,RULE_SAFE_DEFAULT,feature::discharge_formula_frac_N -> target::average_voltage,True,False,False,False,True
average_voltage,V,True,discharge_formula_frac_Na,stoichiometric_window,electrode_state_stoichiometry,L0,No direct target dependency is identified for this target.,RULE_SAFE_DEFAULT,feature::discharge_formula_frac_Na -> target::average_voltage,True,False,False,False,True
average_voltage,V,True,discharge_formula_frac_Ni,stoichiometric_window,electrode_state_stoichiometry,L0,No direct target dependency is identified for this target.,RULE_SAFE_DEFAULT,feature::discharge_formula_frac_Ni -> target::average_voltage,True,False,False,False,True
average_voltage,V,True,discharge_formula_frac_O,stoichiometric_window,electrode_state_stoichiometry,L0,No direct target dependency is identified for this target.,RULE_SAFE_DEFAULT,feature::discharge_formula_frac_O -> target::average_voltage,True,False,False,False,True
average_voltage,V,True,discharge_formula_frac_P,stoichiometric_window,electrode_state_stoichiometry,L0,No direct target dependency is identified for this target.,RULE_SAFE_DEFAULT,feature::discharge_formula_frac_P -> target::average_voltage,True,False,False,False,True
average_voltage,V,True,discharge_formula_frac_S,stoichiometric_window,electrode_state_stoichiometry,L0,No direct target dependency is identified for this target.,RULE_SAFE_DEFAULT,feature::discharge_formula_frac_S -> target::average_voltage,True,False,False,False,True
average_voltage,V,True,discharge_formula_frac_Si,stoichiometric_window,electrode_state_stoichiometry,L0,No direct target dependency is identified for this target.,RULE_SAFE_DEFAULT,feature::discharge_formula_frac_Si -> target::average_voltage,True,False,False,False,True
average_voltage,V,True,discharge_formula_frac_Ti,stoichiometric_window,electrode_state_stoichiometry,L0,No direct target dependency is identified for this target.,RULE_SAFE_DEFAULT,feature::discharge_formula_frac_Ti -> target::average_voltage,True,False,False,False,True
average_voltage,V,True,discharge_formula_frac_V,stoichiometric_window,electrode_state_stoichiometry,L0,No direct target dependency is identified for this target.,RULE_SAFE_DEFAULT,feature::discharge_formula_frac_V -> target::average_voltage,True,False,False,False,True
average_voltage,V,True,discharge_formula_frac_Zn,stoichiometric_window,electrode_state_stoichiometry,L0,No direct target dependency is identified for this target.,RULE_SAFE_DEFAULT,feature::discharge_formula_frac_Zn -> target::average_voltage,True,False,False,False,True
average_voltage,V,True,discharge_formula_frac_transition_metals,stoichiometric_window,electrode_state_stoichiometry,L0,No direct target dependency is identified for this target.,RULE_SAFE_DEFAULT,feature::discharge_formula_frac_transition_metals -> target::average_voltage,True,False,False,False,True
average_voltage,V,True,discharge_formula_group_max,stoichiometric_window,electrode_state_stoichiometry,L0,No direct target dependency is identified for this target.,RULE_SAFE_DEFAULT,feature::discharge_formula_group_max -> target::average_voltage,True,False,False,False,True
average_voltage,V,True,discharge_formula_group_mean,stoichiometric_window,electrode_state_stoichiometry,L0,No direct target dependency is identified for this target.,RULE_SAFE_DEFAULT,feature::discharge_formula_group_mean -> target::average_voltage,True,False,False,False,True
average_voltage,V,True,discharge_formula_group_min,stoichiometric_window,electrode_state_stoichiometry,L0,No direct target dependency is identified for this target.,RULE_SAFE_DEFAULT,feature::discharge_formula_group_min -> target::average_voltage,True,False,False,False,True
average_voltage,V,True,discharge_formula_group_range,stoichiometric_window,electrode_state_stoichiometry,L0,No direct target dependency is identified for this target.,RULE_SAFE_DEFAULT,feature::discharge_formula_group_range -> target::average_voltage,True,False,False,False,True
average_voltage,V,True,discharge_formula_group_std,stoichiometric_window,electrode_state_stoichiometry,L0,No direct target dependency is identified for this target.,RULE_SAFE_DEFAULT,feature::discharge_formula_group_std -> target::average_voltage,True,False,False,False,True
average_voltage,V,True,discharge_formula_has_Br,stoichiometric_window,electrode_state_stoichiometry,L0,No direct target dependency is identified for this target.,RULE_SAFE_DEFAULT,feature::discharge_formula_has_Br -> target::average_voltage,True,False,False,False,True
average_voltage,V,True,discharge_formula_has_C,stoichiometric_window,electrode_state_stoichiometry,L0,No direct target dependency is identified for this target.,RULE_SAFE_DEFAULT,feature::discharge_formula_has_C -> target::average_voltage,True,False,False,False,True
average_voltage,V,True,discharge_formula_has_Cl,stoichiometric_window,electrode_state_stoichiometry,L0,No direct target dependency is identified for this target.,RULE_SAFE_DEFAULT,feature::discharge_formula_has_Cl -> target::average_voltage,True,False,False,False,True
average_voltage,V,True,discharge_formula_has_F,stoichiometric_window,electrode_state_stoichiometry,L0,No direct target dependency is identified for this target.,RULE_SAFE_DEFAULT,feature::discharge_formula_has_F -> target::average_voltage,True,False,False,False,True
average_voltage,V,True,discharge_formula_has_I,stoichiometric_window,electrode_state_stoichiometry,L0,No direct target dependency is identified for this target.,RULE_SAFE_DEFAULT,feature::discharge_formula_has_I -> target::average_voltage,True,False,False,False,True
average_voltage,V,True,discharge_formula_has_N,stoichiometric_window,electrode_state_stoichiometry,L0,No direct target dependency is identified for this target.,RULE_SAFE_DEFAULT,feature::discharge_formula_has_N -> target::average_voltage,True,False,False,False,True
average_voltage,V,True,discharge_formula_has_O,stoichiometric_window,electrode_state_stoichiometry,L0,No direct target dependency is identified for this target.,RULE_SAFE_DEFAULT,feature::discharge_formula_has_O -> target::average_voltage,True,False,False,False,True
average_voltage,V,True,discharge_formula_has_P,stoichiometric_window,electrode_state_stoichiometry,L0,No direct target dependency is identified for this target.,RULE_SAFE_DEFAULT,feature::discharge_formula_has_P -> target::average_voltage,True,False,False,False,True
average_voltage,V,True,discharge_formula_has_S,stoichiometric_window,electrode_state_stoichiometry,L0,No direct target dependency is identified for this target.,RULE_SAFE_DEFAULT,feature::discharge_formula_has_S -> target::average_voltage,True,False,False,False,True
average_voltage,V,True,discharge_formula_has_Si,stoichiometric_window,electrode_state_stoichiometry,L0,No direct target dependency is identified for this target.,RULE_SAFE_DEFAULT,feature::discharge_formula_has_Si -> target::average_voltage,True,False,False,False,True
average_voltage,V,True,discharge_formula_n_atoms,stoichiometric_window,electrode_state_stoichiometry,L0,No direct target dependency is identified for this target.,RULE_SAFE_DEFAULT,feature::discharge_formula_n_atoms -> target::average_voltage,True,False,False,False,True
average_voltage,V,True,discharge_formula_n_elements,stoichiometric_window,electrode_state_stoichiometry,L0,No direct target dependency is identified for this target.,RULE_SAFE_DEFAULT,feature::discharge_formula_n_elements -> target::average_voltage,True,False,False,False,True
average_voltage,V,True,discharge_formula_n_transition_metals,stoichiometric_window,electrode_state_stoichiometry,L0,No direct target dependency is identified for this target.,RULE_SAFE_DEFAULT,feature::discharge_formula_n_transition_metals -> target::average_voltage,True,False,False,False,True
average_voltage,V,True,discharge_formula_parse_ok,stoichiometric_window,electrode_state_stoichiometry,L0,No direct target dependency is identified for this target.,RULE_SAFE_DEFAULT,feature::discharge_formula_parse_ok -> target::average_voltage,True,False,False,False,True
average_voltage,V,True,discharge_formula_row_max,stoichiometric_window,electrode_state_stoichiometry,L0,No direct target dependency is identified for this target.,RULE_SAFE_DEFAULT,feature::discharge_formula_row_max -> target::average_voltage,True,False,False,False,True
average_voltage,V,True,discharge_formula_row_mean,stoichiometric_window,electrode_state_stoichiometry,L0,No direct target dependency is identified for this target.,RULE_SAFE_DEFAULT,feature::discharge_formula_row_mean -> target::average_voltage,True,False,False,False,True
average_voltage,V,True,discharge_formula_row_min,stoichiometric_window,electrode_state_stoichiometry,L0,No direct target dependency is identified for this target.,RULE_SAFE_DEFAULT,feature::discharge_formula_row_min -> target::average_voltage,True,False,False,False,True
average_voltage,V,True,discharge_formula_row_range,stoichiometric_window,electrode_state_stoichiometry,L0,No direct target dependency is identified for this target.,RULE_SAFE_DEFAULT,feature::discharge_formula_row_range -> target::average_voltage,True,False,False,False,True
average_voltage,V,True,discharge_formula_row_std,stoichiometric_window,electrode_state_stoichiometry,L0,No direct target dependency is identified for this target.,RULE_SAFE_DEFAULT,feature::discharge_formula_row_std -> target::average_voltage,True,False,False,False,True
average_voltage,V,True,discharge_summary_band_gap,post_dft_electronic_summary,post_dft_electronic,L4,The electronic descriptor is generated in the same post-DFT record and is decision-support only.,RULE_POST_DFT_ELECTRONIC,feature::discharge_summary_band_gap -> concept::post_dft_record -> target::average_voltage,True,False,False,True,True
average_voltage,V,True,discharge_summary_density,relaxed_structure_summary,relaxed_structure,L0,The relaxed-structure summary is not target-defining for this target.,RULE_SAFE_STRUCTURE,feature::discharge_summary_density -> target::average_voltage,True,False,True,True,True
average_voltage,V,True,discharge_summary_density_atomic,relaxed_structure_summary,relaxed_structure,L0,The relaxed-structure summary is not target-defining for this target.,RULE_SAFE_STRUCTURE,feature::discharge_summary_density_atomic -> target::average_voltage,True,False,True,True,True
average_voltage,V,True,discharge_summary_energy_above_hull,post_dft_energy_stability_summary,post_dft_thermodynamics,L4,The hull/stability summary is a post-DFT decision-support descriptor for this target.,RULE_HULL_OTHER,feature::discharge_summary_energy_above_hull -> concept::post_dft_thermodynamics -> target::average_voltage,True,False,False,True,True
average_voltage,V,True,discharge_summary_formation_energy_per_atom,post_dft_energy_stability_summary,post_dft_thermodynamics,L2,Endpoint formation energies can reconstruct insertion-voltage trends.,RULE_FORMATION_ENERGY_VOLTAGE,feature::discharge_summary_formation_energy_per_atom -> concept::insertion_energy_difference -> target::average_voltage,True,False,False,False,True
average_voltage,V,True,discharge_summary_is_metal,post_dft_electronic_summary,post_dft_electronic,L4,The electronic descriptor is generated in the same post-DFT record and is decision-support only.,RULE_POST_DFT_ELECTRONIC,feature::discharge_summary_is_metal -> concept::post_dft_record -> target::average_voltage,True,False,False,True,True
average_voltage,V,True,discharge_summary_is_stable,post_dft_energy_stability_summary,post_dft_thermodynamics,L4,The hull/stability summary is a post-DFT decision-support descriptor for this target.,RULE_HULL_OTHER,feature::discharge_summary_is_stable -> concept::post_dft_thermodynamics -> target::average_voltage,True,False,False,True,True
average_voltage,V,True,discharge_summary_nsites,relaxed_structure_summary,relaxed_structure,L0,The relaxed-structure summary is not target-defining for this target.,RULE_SAFE_STRUCTURE,feature::discharge_summary_nsites -> target::average_voltage,True,False,True,True,True
average_voltage,V,True,discharge_summary_symmetry_number,relaxed_structure_summary,relaxed_structure,L0,The relaxed-structure summary is not target-defining for this target.,RULE_SAFE_STRUCTURE,feature::discharge_summary_symmetry_number -> target::average_voltage,True,False,True,True,True
average_voltage,V,True,discharge_summary_theoretical,post_dft_provenance_flag,post_dft_provenance,L4,The provenance flag is available only from the post-DFT record.,RULE_POST_DFT_PROVENANCE,feature::discharge_summary_theoretical -> concept::post_dft_record -> target::average_voltage,True,False,False,False,True
average_voltage,V,True,discharge_summary_volume,relaxed_structure_summary,relaxed_structure,L0,The relaxed-structure summary is not target-defining for this target.,RULE_SAFE_STRUCTURE,feature::discharge_summary_volume -> target::average_voltage,True,False,True,True,True
average_voltage,V,True,discharge_summary_volume_per_site,relaxed_structure_summary,relaxed_structure,L0,The relaxed-structure summary is not target-defining for this target.,RULE_SAFE_STRUCTURE,feature::discharge_summary_volume_per_site -> target::average_voltage,True,False,True,True,True
average_voltage,V,True,energy_grav,stored_electrode_target,stored_electrode_record,L2,Stored energy is mathematically coupled to voltage and capacity.,RULE_ENERGY_VOLTAGE_RELATION,feature::energy_grav -> concept::energy_definition -> target::average_voltage,True,False,False,False,True
average_voltage,V,True,energy_vol,stored_electrode_target,stored_electrode_record,L2,Stored energy is mathematically coupled to voltage and capacity.,RULE_ENERGY_VOLTAGE_RELATION,feature::energy_vol -> concept::energy_definition -> target::average_voltage,True,False,False,False,True
average_voltage,V,True,fracA_charge,stoichiometric_window,electrode_state_stoichiometry,L0,No direct target dependency is identified for this target.,RULE_SAFE_DEFAULT,feature::fracA_charge -> target::average_voltage,True,False,False,False,True
average_voltage,V,True,fracA_discharge,stoichiometric_window,electrode_state_stoichiometry,L0,No direct target dependency is identified for this target.,RULE_SAFE_DEFAULT,feature::fracA_discharge -> target::average_voltage,True,False,False,False,True
average_voltage,V,True,max_delta_volume,stored_electrode_target,stored_electrode_record,L4,A different stored electrode property is available only as a post-hoc computed-record descriptor.,RULE_OTHER_STORED_TARGET,feature::max_delta_volume -> concept::stored_electrode_record -> target::average_voltage,True,False,False,False,True
average_voltage,V,True,max_voltage_step,stored_electrode_process_descriptor,stored_electrode_record,L4,A stored voltage-window descriptor is adjacent to the voltage target.,RULE_VOLTAGE_WINDOW,feature::max_voltage_step -> concept::voltage_window -> target::average_voltage,True,False,False,True,True
average_voltage,V,True,num_steps,stored_electrode_process_descriptor,stored_electrode_record,L0,No direct target dependency is identified for this target.,RULE_SAFE_DEFAULT,feature::num_steps -> target::average_voltage,True,False,False,True,True
average_voltage,V,True,stability_charge,stored_electrode_target,stored_electrode_record,L4,A different stored electrode property is available only as a post-hoc computed-record descriptor.,RULE_OTHER_STORED_TARGET,feature::stability_charge -> concept::stored_electrode_record -> target::average_voltage,True,False,False,False,True
average_voltage,V,True,stability_discharge,stored_electrode_target,stored_electrode_record,L4,A different stored electrode property is available only as a post-hoc computed-record descriptor.,RULE_OTHER_STORED_TARGET,feature::stability_discharge -> concept::stored_electrode_record -> target::average_voltage,True,False,False,False,True
average_voltage,V,True,stability_worst,stored_electrode_target,stored_electrode_record,L4,A different stored electrode property is available only as a post-hoc computed-record descriptor.,RULE_OTHER_STORED_TARGET,feature::stability_worst -> concept::stored_electrode_record -> target::average_voltage,True,False,False,False,True
average_voltage,V,True,stoich_abs_wi_amount_delta,stoichiometric_window,electrode_state_stoichiometry,L0,No direct target dependency is identified for this target.,RULE_SAFE_DEFAULT,feature::stoich_abs_wi_amount_delta -> target::average_voltage,True,False,False,False,True
average_voltage,V,True,stoich_wi_amount_charge,stoichiometric_window,electrode_state_stoichiometry,L0,No direct target dependency is identified for this target.,RULE_SAFE_DEFAULT,feature::stoich_wi_amount_charge -> target::average_voltage,True,False,False,False,True
average_voltage,V,True,stoich_wi_amount_delta,stoichiometric_window,electrode_state_stoichiometry,L0,No direct target dependency is identified for this target.,RULE_SAFE_DEFAULT,feature::stoich_wi_amount_delta -> target::average_voltage,True,False,False,False,True
average_voltage,V,True,stoich_wi_amount_discharge,stoichiometric_window,electrode_state_stoichiometry,L0,No direct target dependency is identified for this target.,RULE_SAFE_DEFAULT,feature::stoich_wi_amount_discharge -> target::average_voltage,True,False,False,False,True
average_voltage,V,True,stored_abs_fracA_delta,other_numeric,derived_miscellaneous,L0,No direct target dependency is identified for this target.,RULE_SAFE_DEFAULT,feature::stored_abs_fracA_delta -> target::average_voltage,True,False,False,False,True
average_voltage,V,True,stored_fracA_delta,stoichiometric_window,electrode_state_stoichiometry,L0,No direct target dependency is identified for this target.,RULE_SAFE_DEFAULT,feature::stored_fracA_delta -> target::average_voltage,True,False,False,False,True
average_voltage,V,True,summary_abs_delta_band_gap,post_dft_electronic_summary,post_dft_electronic,L4,The electronic descriptor is generated in the same post-DFT record and is decision-support only.,RULE_POST_DFT_ELECTRONIC,feature::summary_abs_delta_band_gap -> concept::post_dft_record -> target::average_voltage,True,False,False,True,True
average_voltage,V,True,summary_abs_delta_density,relaxed_structure_summary,relaxed_structure,L0,The relaxed-structure summary is not target-defining for this target.,RULE_SAFE_STRUCTURE,feature::summary_abs_delta_density -> target::average_voltage,True,False,True,True,True
average_voltage,V,True,summary_abs_delta_density_atomic,relaxed_structure_summary,relaxed_structure,L0,The relaxed-structure summary is not target-defining for this target.,RULE_SAFE_STRUCTURE,feature::summary_abs_delta_density_atomic -> target::average_voltage,True,False,True,True,True
average_voltage,V,True,summary_abs_delta_energy_above_hull,post_dft_energy_stability_summary,post_dft_thermodynamics,L4,The hull/stability summary is a post-DFT decision-support descriptor for this target.,RULE_HULL_OTHER,feature::summary_abs_delta_energy_above_hull -> concept::post_dft_thermodynamics -> target::average_voltage,True,False,False,True,True
average_voltage,V,True,summary_abs_delta_formation_energy_per_atom,post_dft_energy_stability_summary,post_dft_thermodynamics,L2,Endpoint formation energies can reconstruct insertion-voltage trends.,RULE_FORMATION_ENERGY_VOLTAGE,feature::summary_abs_delta_formation_energy_per_atom -> concept::insertion_energy_difference -> target::average_voltage,True,False,False,False,True
average_voltage,V,True,summary_abs_delta_volume_fraction,relaxed_structure_summary,relaxed_structure,L0,The relaxed-structure summary is not target-defining for this target.,RULE_SAFE_STRUCTURE,feature::summary_abs_delta_volume_fraction -> target::average_voltage,True,False,True,True,True
average_voltage,V,True,summary_abs_delta_volume_per_site,relaxed_structure_summary,relaxed_structure,L0,The relaxed-structure summary is not target-defining for this target.,RULE_SAFE_STRUCTURE,feature::summary_abs_delta_volume_per_site -> target::average_voltage,True,False,True,True,True
average_voltage,V,True,summary_delta_band_gap,post_dft_electronic_summary,post_dft_electronic,L4,The electronic descriptor is generated in the same post-DFT record and is decision-support only.,RULE_POST_DFT_ELECTRONIC,feature::summary_delta_band_gap -> concept::post_dft_record -> target::average_voltage,True,False,False,True,True
average_voltage,V,True,summary_delta_density,relaxed_structure_summary,relaxed_structure,L0,The relaxed-structure summary is not target-defining for this target.,RULE_SAFE_STRUCTURE,feature::summary_delta_density -> target::average_voltage,True,False,True,True,True
average_voltage,V,True,summary_delta_density_atomic,relaxed_structure_summary,relaxed_structure,L0,The relaxed-structure summary is not target-defining for this target.,RULE_SAFE_STRUCTURE,feature::summary_delta_density_atomic -> target::average_voltage,True,False,True,True,True
average_voltage,V,True,summary_delta_energy_above_hull,post_dft_energy_stability_summary,post_dft_thermodynamics,L4,The hull/stability summary is a post-DFT decision-support descriptor for this target.,RULE_HULL_OTHER,feature::summary_delta_energy_above_hull -> concept::post_dft_thermodynamics -> target::average_voltage,True,False,False,True,True
average_voltage,V,True,summary_delta_formation_energy_per_atom,post_dft_energy_stability_summary,post_dft_thermodynamics,L2,Endpoint formation energies can reconstruct insertion-voltage trends.,RULE_FORMATION_ENERGY_VOLTAGE,feature::summary_delta_formation_energy_per_atom -> concept::insertion_energy_difference -> target::average_voltage,True,False,False,False,True
average_voltage,V,True,summary_delta_volume_fraction,relaxed_structure_summary,relaxed_structure,L0,The relaxed-structure summary is not target-defining for this target.,RULE_SAFE_STRUCTURE,feature::summary_delta_volume_fraction -> target::average_voltage,True,False,True,True,True
average_voltage,V,True,summary_delta_volume_per_site,relaxed_structure_summary,relaxed_structure,L0,The relaxed-structure summary is not target-defining for this target.,RULE_SAFE_STRUCTURE,feature::summary_delta_volume_per_site -> target::average_voltage,True,False,True,True,True
average_voltage,V,True,summary_worst_energy_above_hull,post_dft_energy_stability_summary,post_dft_thermodynamics,L4,The hull/stability summary is a post-DFT decision-support descriptor for this target.,RULE_HULL_OTHER,feature::summary_worst_energy_above_hull -> concept::post_dft_thermodynamics -> target::average_voltage,True,False,False,True,True
average_voltage,V,True,wi_is_K,domain_label_onehot,validation_only,L5,Working-ion/domain labels encode validation-domain membership and must be controlled by split design.,RULE_DOMAIN_LABEL,feature::wi_is_K -> concept::validation_domain -> target::average_voltage,False,False,False,False,False
average_voltage,V,True,wi_is_Li,domain_label_onehot,validation_only,L5,Working-ion/domain labels encode validation-domain membership and must be controlled by split design.,RULE_DOMAIN_LABEL,feature::wi_is_Li -> concept::validation_domain -> target::average_voltage,False,False,False,False,False
average_voltage,V,True,wi_is_Na,domain_label_onehot,validation_only,L5,Working-ion/domain labels encode validation-domain membership and must be controlled by split design.,RULE_DOMAIN_LABEL,feature::wi_is_Na -> concept::validation_domain -> target::average_voltage,False,False,False,False,False
capacity_grav,mAh/g,True,average_voltage,stored_electrode_target,stored_electrode_record,L4,A different stored electrode property is available only as a post-hoc computed-record descriptor.,RULE_OTHER_STORED_TARGET,feature::average_voltage -> concept::stored_electrode_record -> target::capacity_grav,True,False,False,False,True
capacity_grav,mAh/g,True,capacity_grav,stored_electrode_target,stored_electrode_record,L1,The feature is the exact target column.,RULE_DIRECT_TARGET,feature::capacity_grav -> target::capacity_grav,False,False,False,False,True
capacity_grav,mAh/g,True,capacity_vol,stored_electrode_target,stored_electrode_record,L2,Capacity and energy variants are mathematically target-adjacent.,RULE_CAPACITY_ENERGY_RELATION,feature::capacity_vol -> concept::capacity_energy_relation -> target::capacity_grav,True,False,False,False,True
capacity_grav,mAh/g,True,charge_formula_X_max,stoichiometric_window,electrode_state_stoichiometry,L3,Working-ion insertion stoichiometry directly controls theoretical capacity and energy scale.,RULE_STOICHIOMETRIC_WINDOW,feature::charge_formula_X_max -> concept::working_ion_transfer -> target::capacity_grav,True,False,False,False,True
capacity_grav,mAh/g,True,charge_formula_X_mean,stoichiometric_window,electrode_state_stoichiometry,L3,Working-ion insertion stoichiometry directly controls theoretical capacity and energy scale.,RULE_STOICHIOMETRIC_WINDOW,feature::charge_formula_X_mean -> concept::working_ion_transfer -> target::capacity_grav,True,False,False,False,True
capacity_grav,mAh/g,True,charge_formula_X_min,stoichiometric_window,electrode_state_stoichiometry,L3,Working-ion insertion stoichiometry directly controls theoretical capacity and energy scale.,RULE_STOICHIOMETRIC_WINDOW,feature::charge_formula_X_min -> concept::working_ion_transfer -> target::capacity_grav,True,False,False,False,True
capacity_grav,mAh/g,True,charge_formula_X_range,stoichiometric_window,electrode_state_stoichiometry,L3,Working-ion insertion stoichiometry directly controls theoretical capacity and energy scale.,RULE_STOICHIOMETRIC_WINDOW,feature::charge_formula_X_range -> concept::working_ion_transfer -> target::capacity_grav,True,False,False,False,True
capacity_grav,mAh/g,True,charge_formula_X_std,stoichiometric_window,electrode_state_stoichiometry,L3,Working-ion insertion stoichiometry directly controls theoretical capacity and energy scale.,RULE_STOICHIOMETRIC_WINDOW,feature::charge_formula_X_std -> concept::working_ion_transfer -> target::capacity_grav,True,False,False,False,True
capacity_grav,mAh/g,True,charge_formula_Z_max,stoichiometric_window,electrode_state_stoichiometry,L3,Working-ion insertion stoichiometry directly controls theoretical capacity and energy scale.,RULE_STOICHIOMETRIC_WINDOW,feature::charge_formula_Z_max -> concept::working_ion_transfer -> target::capacity_grav,True,False,False,False,True
capacity_grav,mAh/g,True,charge_formula_Z_mean,stoichiometric_window,electrode_state_stoichiometry,L3,Working-ion insertion stoichiometry directly controls theoretical capacity and energy scale.,RULE_STOICHIOMETRIC_WINDOW,feature::charge_formula_Z_mean -> concept::working_ion_transfer -> target::capacity_grav,True,False,False,False,True
capacity_grav,mAh/g,True,charge_formula_Z_min,stoichiometric_window,electrode_state_stoichiometry,L3,Working-ion insertion stoichiometry directly controls theoretical capacity and energy scale.,RULE_STOICHIOMETRIC_WINDOW,feature::charge_formula_Z_min -> concept::working_ion_transfer -> target::capacity_grav,True,False,False,False,True
capacity_grav,mAh/g,True,charge_formula_Z_range,stoichiometric_window,electrode_state_stoichiometry,L3,Working-ion insertion stoichiometry directly controls theoretical capacity and energy scale.,RULE_STOICHIOMETRIC_WINDOW,feature::charge_formula_Z_range -> concept::working_ion_transfer -> target::capacity_grav,True,False,False,False,True
capacity_grav,mAh/g,True,charge_formula_Z_std,stoichiometric_window,electrode_state_stoichiometry,L3,Working-ion insertion stoichiometry directly controls theoretical capacity and energy scale.,RULE_STOICHIOMETRIC_WINDOW,feature::charge_formula_Z_std -> concept::working_ion_transfer -> target::capacity_grav,True,False,False,False,True
capacity_grav,mAh/g,True,charge_formula_atomic_mass_max,stoichiometric_window,electrode_state_stoichiometry,L3,Working-ion insertion stoichiometry directly controls theoretical capacity and energy scale.,RULE_STOICHIOMETRIC_WINDOW,feature::charge_formula_atomic_mass_max -> concept::working_ion_transfer -> target::capacity_grav,True,False,False,False,True
capacity_grav,mAh/g,True,charge_formula_atomic_mass_mean,stoichiometric_window,electrode_state_stoichiometry,L3,Working-ion insertion stoichiometry directly controls theoretical capacity and energy scale.,RULE_STOICHIOMETRIC_WINDOW,feature::charge_formula_atomic_mass_mean -> concept::working_ion_transfer -> target::capacity_grav,True,False,False,False,True
capacity_grav,mAh/g,True,charge_formula_atomic_mass_min,stoichiometric_window,electrode_state_stoichiometry,L3,Working-ion insertion stoichiometry directly controls theoretical capacity and energy scale.,RULE_STOICHIOMETRIC_WINDOW,feature::charge_formula_atomic_mass_min -> concept::working_ion_transfer -> target::capacity_grav,True,False,False,False,True
capacity_grav,mAh/g,True,charge_formula_atomic_mass_range,stoichiometric_window,electrode_state_stoichiometry,L3,Working-ion insertion stoichiometry directly controls theoretical capacity and energy scale.,RULE_STOICHIOMETRIC_WINDOW,feature::charge_formula_atomic_mass_range -> concept::working_ion_transfer -> target::capacity_grav,True,False,False,False,True
capacity_grav,mAh/g,True,charge_formula_atomic_mass_std,stoichiometric_window,electrode_state_stoichiometry,L3,Working-ion insertion stoichiometry directly controls theoretical capacity and energy scale.,RULE_STOICHIOMETRIC_WINDOW,feature::charge_formula_atomic_mass_std -> concept::working_ion_transfer -> target::capacity_grav,True,False,False,False,True
capacity_grav,mAh/g,True,charge_formula_frac_Ag,stoichiometric_window,electrode_state_stoichiometry,L3,Working-ion insertion stoichiometry directly controls theoretical capacity and energy scale.,RULE_STOICHIOMETRIC_WINDOW,feature::charge_formula_frac_Ag -> concept::working_ion_transfer -> target::capacity_grav,True,False,False,False,True
capacity_grav,mAh/g,True,charge_formula_frac_Al,stoichiometric_window,electrode_state_stoichiometry,L3,Working-ion insertion stoichiometry directly controls theoretical capacity and energy scale.,RULE_STOICHIOMETRIC_WINDOW,feature::charge_formula_frac_Al -> concept::working_ion_transfer -> target::capacity_grav,True,False,False,False,True
capacity_grav,mAh/g,True,charge_formula_frac_As,stoichiometric_window,electrode_state_stoichiometry,L3,Working-ion insertion stoichiometry directly controls theoretical capacity and energy scale.,RULE_STOICHIOMETRIC_WINDOW,feature::charge_formula_frac_As -> concept::working_ion_transfer -> target::capacity_grav,True,False,False,False,True
capacity_grav,mAh/g,True,charge_formula_frac_B,stoichiometric_window,electrode_state_stoichiometry,L3,Working-ion insertion stoichiometry directly controls theoretical capacity and energy scale.,RULE_STOICHIOMETRIC_WINDOW,feature::charge_formula_frac_B -> concept::working_ion_transfer -> target::capacity_grav,True,False,False,False,True
capacity_grav,mAh/g,True,charge_formula_frac_Br,stoichiometric_window,electrode_state_stoichiometry,L3,Working-ion insertion stoichiometry directly controls theoretical capacity and energy scale.,RULE_STOICHIOMETRIC_WINDOW,feature::charge_formula_frac_Br -> concept::working_ion_transfer -> target::capacity_grav,True,False,False,False,True
capacity_grav,mAh/g,True,charge_formula_frac_C,stoichiometric_window,electrode_state_stoichiometry,L3,Working-ion insertion stoichiometry directly controls theoretical capacity and energy scale.,RULE_STOICHIOMETRIC_WINDOW,feature::charge_formula_frac_C -> concept::working_ion_transfer -> target::capacity_grav,True,False,False,False,True
capacity_grav,mAh/g,True,charge_formula_frac_Ca,stoichiometric_window,electrode_state_stoichiometry,L3,Working-ion insertion stoichiometry directly controls theoretical capacity and energy scale.,RULE_STOICHIOMETRIC_WINDOW,feature::charge_formula_frac_Ca -> concept::working_ion_transfer -> target::capacity_grav,True,False,False,False,True
capacity_grav,mAh/g,True,charge_formula_frac_Cl,stoichiometric_window,electrode_state_stoichiometry,L3,Working-ion insertion stoichiometry directly controls theoretical capacity and energy scale.,RULE_STOICHIOMETRIC_WINDOW,feature::charge_formula_frac_Cl -> concept::working_ion_transfer -> target::capacity_grav,True,False,False,False,True
capacity_grav,mAh/g,True,charge_formula_frac_Co,stoichiometric_window,electrode_state_stoichiometry,L3,Working-ion insertion stoichiometry directly controls theoretical capacity and energy scale.,RULE_STOICHIOMETRIC_WINDOW,feature::charge_formula_frac_Co -> concept::working_ion_transfer -> target::capacity_grav,True,False,False,False,True
capacity_grav,mAh/g,True,charge_formula_frac_Cr,stoichiometric_window,electrode_state_stoichiometry,L3,Working-ion insertion stoichiometry directly controls theoretical capacity and energy scale.,RULE_STOICHIOMETRIC_WINDOW,feature::charge_formula_frac_Cr -> concept::working_ion_transfer -> target::capacity_grav,True,False,False,False,True
capacity_grav,mAh/g,True,charge_formula_frac_Cu,stoichiometric_window,electrode_state_stoichiometry,L3,Working-ion insertion stoichiometry directly controls theoretical capacity and energy scale.,RULE_STOICHIOMETRIC_WINDOW,feature::charge_formula_frac_Cu -> concept::working_ion_transfer -> target::capacity_grav,True,False,False,False,True
capacity_grav,mAh/g,True,charge_formula_frac_F,stoichiometric_window,electrode_state_stoichiometry,L3,Working-ion insertion stoichiometry directly controls theoretical capacity and energy scale.,RULE_STOICHIOMETRIC_WINDOW,feature::charge_formula_frac_F -> concept::working_ion_transfer -> target::capacity_grav,True,False,False,False,True
capacity_grav,mAh/g,True,charge_formula_frac_Fe,stoichiometric_window,electrode_state_stoichiometry,L3,Working-ion insertion stoichiometry directly controls theoretical capacity and energy scale.,RULE_STOICHIOMETRIC_WINDOW,feature::charge_formula_frac_Fe -> concept::working_ion_transfer -> target::capacity_grav,True,False,False,False,True
capacity_grav,mAh/g,True,charge_formula_frac_I,stoichiometric_window,electrode_state_stoichiometry,L3,Working-ion insertion stoichiometry directly controls theoretical capacity and energy scale.,RULE_STOICHIOMETRIC_WINDOW,feature::charge_formula_frac_I -> concept::working_ion_transfer -> target::capacity_grav,True,False,False,False,True
capacity_grav,mAh/g,True,charge_formula_frac_K,stoichiometric_window,electrode_state_stoichiometry,L3,Working-ion insertion stoichiometry directly controls theoretical capacity and energy scale.,RULE_STOICHIOMETRIC_WINDOW,feature::charge_formula_frac_K -> concept::working_ion_transfer -> target::capacity_grav,True,False,False,False,True
capacity_grav,mAh/g,True,charge_formula_frac_Li,stoichiometric_window,electrode_state_stoichiometry,L3,Working-ion insertion stoichiometry directly controls theoretical capacity and energy scale.,RULE_STOICHIOMETRIC_WINDOW,feature::charge_formula_frac_Li -> concept::working_ion_transfer -> target::capacity_grav,True,False,False,False,True
capacity_grav,mAh/g,True,charge_formula_frac_Mg,stoichiometric_window,electrode_state_stoichiometry,L3,Working-ion insertion stoichiometry directly controls theoretical capacity and energy scale.,RULE_STOICHIOMETRIC_WINDOW,feature::charge_formula_frac_Mg -> concept::working_ion_transfer -> target::capacity_grav,True,False,False,False,True
capacity_grav,mAh/g,True,charge_formula_frac_Mn,stoichiometric_window,electrode_state_stoichiometry,L3,Working-ion insertion stoichiometry directly controls theoretical capacity and energy scale.,RULE_STOICHIOMETRIC_WINDOW,feature::charge_formula_frac_Mn -> concept::working_ion_transfer -> target::capacity_grav,True,False,False,False,True
capacity_grav,mAh/g,True,charge_formula_frac_N,stoichiometric_window,electrode_state_stoichiometry,L3,Working-ion insertion stoichiometry directly controls theoretical capacity and energy scale.,RULE_STOICHIOMETRIC_WINDOW,feature::charge_formula_frac_N -> concept::working_ion_transfer -> target::capacity_grav,True,False,False,False,True
capacity_grav,mAh/g,True,charge_formula_frac_Na,stoichiometric_window,electrode_state_stoichiometry,L3,Working-ion insertion stoichiometry directly controls theoretical capacity and energy scale.,RULE_STOICHIOMETRIC_WINDOW,feature::charge_formula_frac_Na -> concept::working_ion_transfer -> target::capacity_grav,True,False,False,False,True
capacity_grav,mAh/g,True,charge_formula_frac_Ni,stoichiometric_window,electrode_state_stoichiometry,L3,Working-ion insertion stoichiometry directly controls theoretical capacity and energy scale.,RULE_STOICHIOMETRIC_WINDOW,feature::charge_formula_frac_Ni -> concept::working_ion_transfer -> target::capacity_grav,True,False,False,False,True
capacity_grav,mAh/g,True,charge_formula_frac_O,stoichiometric_window,electrode_state_stoichiometry,L3,Working-ion insertion stoichiometry directly controls theoretical capacity and energy scale.,RULE_STOICHIOMETRIC_WINDOW,feature::charge_formula_frac_O -> concept::working_ion_transfer -> target::capacity_grav,True,False,False,False,True
capacity_grav,mAh/g,True,charge_formula_frac_P,stoichiometric_window,electrode_state_stoichiometry,L3,Working-ion insertion stoichiometry directly controls theoretical capacity and energy scale.,RULE_STOICHIOMETRIC_WINDOW,feature::charge_formula_frac_P -> concept::working_ion_transfer -> target::capacity_grav,True,False,False,False,True
capacity_grav,mAh/g,True,charge_formula_frac_S,stoichiometric_window,electrode_state_stoichiometry,L3,Working-ion insertion stoichiometry directly controls theoretical capacity and energy scale.,RULE_STOICHIOMETRIC_WINDOW,feature::charge_formula_frac_S -> concept::working_ion_transfer -> target::capacity_grav,True,False,False,False,True
capacity_grav,mAh/g,True,charge_formula_frac_Si,stoichiometric_window,electrode_state_stoichiometry,L3,Working-ion insertion stoichiometry directly controls theoretical capacity and energy scale.,RULE_STOICHIOMETRIC_WINDOW,feature::charge_formula_frac_Si -> concept::working_ion_transfer -> target::capacity_grav,True,False,False,False,True
capacity_grav,mAh/g,True,charge_formula_frac_Ti,stoichiometric_window,electrode_state_stoichiometry,L3,Working-ion insertion stoichiometry directly controls theoretical capacity and energy scale.,RULE_STOICHIOMETRIC_WINDOW,feature::charge_formula_frac_Ti -> concept::working_ion_transfer -> target::capacity_grav,True,False,False,False,True
capacity_grav,mAh/g,True,charge_formula_frac_V,stoichiometric_window,electrode_state_stoichiometry,L3,Working-ion insertion stoichiometry directly controls theoretical capacity and energy scale.,RULE_STOICHIOMETRIC_WINDOW,feature::charge_formula_frac_V -> concept::working_ion_transfer -> target::capacity_grav,True,False,False,False,True
capacity_grav,mAh/g,True,charge_formula_frac_Zn,stoichiometric_window,electrode_state_stoichiometry,L3,Working-ion insertion stoichiometry directly controls theoretical capacity and energy scale.,RULE_STOICHIOMETRIC_WINDOW,feature::charge_formula_frac_Zn -> concept::working_ion_transfer -> target::capacity_grav,True,False,False,False,True
capacity_grav,mAh/g,True,charge_formula_frac_transition_metals,stoichiometric_window,electrode_state_stoichiometry,L3,Working-ion insertion stoichiometry directly controls theoretical capacity and energy scale.,RULE_STOICHIOMETRIC_WINDOW,feature::charge_formula_frac_transition_metals -> concept::working_ion_transfer -> target::capacity_grav,True,False,False,False,True
capacity_grav,mAh/g,True,charge_formula_group_max,stoichiometric_window,electrode_state_stoichiometry,L3,Working-ion insertion stoichiometry directly controls theoretical capacity and energy scale.,RULE_STOICHIOMETRIC_WINDOW,feature::charge_formula_group_max -> concept::working_ion_transfer -> target::capacity_grav,True,False,False,False,True
capacity_grav,mAh/g,True,charge_formula_group_mean,stoichiometric_window,electrode_state_stoichiometry,L3,Working-ion insertion stoichiometry directly controls theoretical capacity and energy scale.,RULE_STOICHIOMETRIC_WINDOW,feature::charge_formula_group_mean -> concept::working_ion_transfer -> target::capacity_grav,True,False,False,False,True
capacity_grav,mAh/g,True,charge_formula_group_min,stoichiometric_window,electrode_state_stoichiometry,L3,Working-ion insertion stoichiometry directly controls theoretical capacity and energy scale.,RULE_STOICHIOMETRIC_WINDOW,feature::charge_formula_group_min -> concept::working_ion_transfer -> target::capacity_grav,True,False,False,False,True
capacity_grav,mAh/g,True,charge_formula_group_range,stoichiometric_window,electrode_state_stoichiometry,L3,Working-ion insertion stoichiometry directly controls theoretical capacity and energy scale.,RULE_STOICHIOMETRIC_WINDOW,feature::charge_formula_group_range -> concept::working_ion_transfer -> target::capacity_grav,True,False,False,False,True
capacity_grav,mAh/g,True,charge_formula_group_std,stoichiometric_window,electrode_state_stoichiometry,L3,Working-ion insertion stoichiometry directly controls theoretical capacity and energy scale.,RULE_STOICHIOMETRIC_WINDOW,feature::charge_formula_group_std -> concept::working_ion_transfer -> target::capacity_grav,True,False,False,False,True
capacity_grav,mAh/g,True,charge_formula_has_Br,stoichiometric_window,electrode_state_stoichiometry,L3,Working-ion insertion stoichiometry directly controls theoretical capacity and energy scale.,RULE_STOICHIOMETRIC_WINDOW,feature::charge_formula_has_Br -> concept::working_ion_transfer -> target::capacity_grav,True,False,False,False,True
capacity_grav,mAh/g,True,charge_formula_has_C,stoichiometric_window,electrode_state_stoichiometry,L3,Working-ion insertion stoichiometry directly controls theoretical capacity and energy scale.,RULE_STOICHIOMETRIC_WINDOW,feature::charge_formula_has_C -> concept::working_ion_transfer -> target::capacity_grav,True,False,False,False,True
capacity_grav,mAh/g,True,charge_formula_has_Cl,stoichiometric_window,electrode_state_stoichiometry,L3,Working-ion insertion stoichiometry directly controls theoretical capacity and energy scale.,RULE_STOICHIOMETRIC_WINDOW,feature::charge_formula_has_Cl -> concept::working_ion_transfer -> target::capacity_grav,True,False,False,False,True
capacity_grav,mAh/g,True,charge_formula_has_F,stoichiometric_window,electrode_state_stoichiometry,L3,Working-ion insertion stoichiometry directly controls theoretical capacity and energy scale.,RULE_STOICHIOMETRIC_WINDOW,feature::charge_formula_has_F -> concept::working_ion_transfer -> target::capacity_grav,True,False,False,False,True
capacity_grav,mAh/g,True,charge_formula_has_I,stoichiometric_window,electrode_state_stoichiometry,L3,Working-ion insertion stoichiometry directly controls theoretical capacity and energy scale.,RULE_STOICHIOMETRIC_WINDOW,feature::charge_formula_has_I -> concept::working_ion_transfer -> target::capacity_grav,True,False,False,False,True
capacity_grav,mAh/g,True,charge_formula_has_N,stoichiometric_window,electrode_state_stoichiometry,L3,Working-ion insertion stoichiometry directly controls theoretical capacity and energy scale.,RULE_STOICHIOMETRIC_WINDOW,feature::charge_formula_has_N -> concept::working_ion_transfer -> target::capacity_grav,True,False,False,False,True
capacity_grav,mAh/g,True,charge_formula_has_O,stoichiometric_window,electrode_state_stoichiometry,L3,Working-ion insertion stoichiometry directly controls theoretical capacity and energy scale.,RULE_STOICHIOMETRIC_WINDOW,feature::charge_formula_has_O -> concept::working_ion_transfer -> target::capacity_grav,True,False,False,False,True
capacity_grav,mAh/g,True,charge_formula_has_P,stoichiometric_window,electrode_state_stoichiometry,L3,Working-ion insertion stoichiometry directly controls theoretical capacity and energy scale.,RULE_STOICHIOMETRIC_WINDOW,feature::charge_formula_has_P -> concept::working_ion_transfer -> target::capacity_grav,True,False,False,False,True
capacity_grav,mAh/g,True,charge_formula_has_S,stoichiometric_window,electrode_state_stoichiometry,L3,Working-ion insertion stoichiometry directly controls theoretical capacity and energy scale.,RULE_STOICHIOMETRIC_WINDOW,feature::charge_formula_has_S -> concept::working_ion_transfer -> target::capacity_grav,True,False,False,False,True
capacity_grav,mAh/g,True,charge_formula_has_Si,stoichiometric_window,electrode_state_stoichiometry,L3,Working-ion insertion stoichiometry directly controls theoretical capacity and energy scale.,RULE_STOICHIOMETRIC_WINDOW,feature::charge_formula_has_Si -> concept::working_ion_transfer -> target::capacity_grav,True,False,False,False,True
capacity_grav,mAh/g,True,charge_formula_n_atoms,stoichiometric_window,electrode_state_stoichiometry,L3,Working-ion insertion stoichiometry directly controls theoretical capacity and energy scale.,RULE_STOICHIOMETRIC_WINDOW,feature::charge_formula_n_atoms -> concept::working_ion_transfer -> target::capacity_grav,True,False,False,False,True
capacity_grav,mAh/g,True,charge_formula_n_elements,stoichiometric_window,electrode_state_stoichiometry,L3,Working-ion insertion stoichiometry directly controls theoretical capacity and energy scale.,RULE_STOICHIOMETRIC_WINDOW,feature::charge_formula_n_elements -> concept::working_ion_transfer -> target::capacity_grav,True,False,False,False,True
capacity_grav,mAh/g,True,charge_formula_n_transition_metals,stoichiometric_window,electrode_state_stoichiometry,L3,Working-ion insertion stoichiometry directly controls theoretical capacity and energy scale.,RULE_STOICHIOMETRIC_WINDOW,feature::charge_formula_n_transition_metals -> concept::working_ion_transfer -> target::capacity_grav,True,False,False,False,True
capacity_grav,mAh/g,True,charge_formula_parse_ok,stoichiometric_window,electrode_state_stoichiometry,L3,Working-ion insertion stoichiometry directly controls theoretical capacity and energy scale.,RULE_STOICHIOMETRIC_WINDOW,feature::charge_formula_parse_ok -> concept::working_ion_transfer -> target::capacity_grav,True,False,False,False,True
capacity_grav,mAh/g,True,charge_formula_row_max,stoichiometric_window,electrode_state_stoichiometry,L3,Working-ion insertion stoichiometry directly controls theoretical capacity and energy scale.,RULE_STOICHIOMETRIC_WINDOW,feature::charge_formula_row_max -> concept::working_ion_transfer -> target::capacity_grav,True,False,False,False,True
capacity_grav,mAh/g,True,charge_formula_row_mean,stoichiometric_window,electrode_state_stoichiometry,L3,Working-ion insertion stoichiometry directly controls theoretical capacity and energy scale.,RULE_STOICHIOMETRIC_WINDOW,feature::charge_formula_row_mean -> concept::working_ion_transfer -> target::capacity_grav,True,False,False,False,True
capacity_grav,mAh/g,True,charge_formula_row_min,stoichiometric_window,electrode_state_stoichiometry,L3,Working-ion insertion stoichiometry directly controls theoretical capacity and energy scale.,RULE_STOICHIOMETRIC_WINDOW,feature::charge_formula_row_min -> concept::working_ion_transfer -> target::capacity_grav,True,False,False,False,True
capacity_grav,mAh/g,True,charge_formula_row_range,stoichiometric_window,electrode_state_stoichiometry,L3,Working-ion insertion stoichiometry directly controls theoretical capacity and energy scale.,RULE_STOICHIOMETRIC_WINDOW,feature::charge_formula_row_range -> concept::working_ion_transfer -> target::capacity_grav,True,False,False,False,True
capacity_grav,mAh/g,True,charge_formula_row_std,stoichiometric_window,electrode_state_stoichiometry,L3,Working-ion insertion stoichiometry directly controls theoretical capacity and energy scale.,RULE_STOICHIOMETRIC_WINDOW,feature::charge_formula_row_std -> concept::working_ion_transfer -> target::capacity_grav,True,False,False,False,True
capacity_grav,mAh/g,True,charge_summary_band_gap,post_dft_electronic_summary,post_dft_electronic,L4,The electronic descriptor is generated in the same post-DFT record and is decision-support only.,RULE_POST_DFT_ELECTRONIC,feature::charge_summary_band_gap -> concept::post_dft_record -> target::capacity_grav,True,False,False,True,True
capacity_grav,mAh/g,True,charge_summary_density,relaxed_structure_summary,relaxed_structure,L0,The relaxed-structure summary is not target-defining for this target.,RULE_SAFE_STRUCTURE,feature::charge_summary_density -> target::capacity_grav,True,False,True,True,True
capacity_grav,mAh/g,True,charge_summary_density_atomic,relaxed_structure_summary,relaxed_structure,L0,The relaxed-structure summary is not target-defining for this target.,RULE_SAFE_STRUCTURE,feature::charge_summary_density_atomic -> target::capacity_grav,True,False,True,True,True
capacity_grav,mAh/g,True,charge_summary_energy_above_hull,post_dft_energy_stability_summary,post_dft_thermodynamics,L4,The hull/stability summary is a post-DFT decision-support descriptor for this target.,RULE_HULL_OTHER,feature::charge_summary_energy_above_hull -> concept::post_dft_thermodynamics -> target::capacity_grav,True,False,False,True,True
capacity_grav,mAh/g,True,charge_summary_formation_energy_per_atom,post_dft_energy_stability_summary,post_dft_thermodynamics,L4,The thermodynamic summary is a post-DFT decision-support descriptor.,RULE_POST_DFT_ENERGY_DEFAULT,feature::charge_summary_formation_energy_per_atom -> concept::post_dft_thermodynamics -> target::capacity_grav,True,False,False,True,True
capacity_grav,mAh/g,True,charge_summary_is_metal,post_dft_electronic_summary,post_dft_electronic,L4,The electronic descriptor is generated in the same post-DFT record and is decision-support only.,RULE_POST_DFT_ELECTRONIC,feature::charge_summary_is_metal -> concept::post_dft_record -> target::capacity_grav,True,False,False,True,True
capacity_grav,mAh/g,True,charge_summary_is_stable,post_dft_energy_stability_summary,post_dft_thermodynamics,L4,The hull/stability summary is a post-DFT decision-support descriptor for this target.,RULE_HULL_OTHER,feature::charge_summary_is_stable -> concept::post_dft_thermodynamics -> target::capacity_grav,True,False,False,True,True
capacity_grav,mAh/g,True,charge_summary_nsites,relaxed_structure_summary,relaxed_structure,L0,The relaxed-structure summary is not target-defining for this target.,RULE_SAFE_STRUCTURE,feature::charge_summary_nsites -> target::capacity_grav,True,False,True,True,True
capacity_grav,mAh/g,True,charge_summary_symmetry_number,relaxed_structure_summary,relaxed_structure,L0,The relaxed-structure summary is not target-defining for this target.,RULE_SAFE_STRUCTURE,feature::charge_summary_symmetry_number -> target::capacity_grav,True,False,True,True,True
capacity_grav,mAh/g,True,charge_summary_theoretical,post_dft_provenance_flag,post_dft_provenance,L4,The provenance flag is available only from the post-DFT record.,RULE_POST_DFT_PROVENANCE,feature::charge_summary_theoretical -> concept::post_dft_record -> target::capacity_grav,True,False,False,False,True
capacity_grav,mAh/g,True,charge_summary_volume,relaxed_structure_summary,relaxed_structure,L0,The relaxed-structure summary is not target-defining for this target.,RULE_SAFE_STRUCTURE,feature::charge_summary_volume -> target::capacity_grav,True,False,True,True,True
capacity_grav,mAh/g,True,charge_summary_volume_per_site,relaxed_structure_summary,relaxed_structure,L0,The relaxed-structure summary is not target-defining for this target.,RULE_SAFE_STRUCTURE,feature::charge_summary_volume_per_site -> target::capacity_grav,True,False,True,True,True
capacity_grav,mAh/g,True,discharge_formula_X_max,stoichiometric_window,electrode_state_stoichiometry,L3,Working-ion insertion stoichiometry directly controls theoretical capacity and energy scale.,RULE_STOICHIOMETRIC_WINDOW,feature::discharge_formula_X_max -> concept::working_ion_transfer -> target::capacity_grav,True,False,False,False,True
capacity_grav,mAh/g,True,discharge_formula_X_mean,stoichiometric_window,electrode_state_stoichiometry,L3,Working-ion insertion stoichiometry directly controls theoretical capacity and energy scale.,RULE_STOICHIOMETRIC_WINDOW,feature::discharge_formula_X_mean -> concept::working_ion_transfer -> target::capacity_grav,True,False,False,False,True
capacity_grav,mAh/g,True,discharge_formula_X_min,stoichiometric_window,electrode_state_stoichiometry,L3,Working-ion insertion stoichiometry directly controls theoretical capacity and energy scale.,RULE_STOICHIOMETRIC_WINDOW,feature::discharge_formula_X_min -> concept::working_ion_transfer -> target::capacity_grav,True,False,False,False,True
capacity_grav,mAh/g,True,discharge_formula_X_range,stoichiometric_window,electrode_state_stoichiometry,L3,Working-ion insertion stoichiometry directly controls theoretical capacity and energy scale.,RULE_STOICHIOMETRIC_WINDOW,feature::discharge_formula_X_range -> concept::working_ion_transfer -> target::capacity_grav,True,False,False,False,True
capacity_grav,mAh/g,True,discharge_formula_X_std,stoichiometric_window,electrode_state_stoichiometry,L3,Working-ion insertion stoichiometry directly controls theoretical capacity and energy scale.,RULE_STOICHIOMETRIC_WINDOW,feature::discharge_formula_X_std -> concept::working_ion_transfer -> target::capacity_grav,True,False,False,False,True
capacity_grav,mAh/g,True,discharge_formula_Z_max,stoichiometric_window,electrode_state_stoichiometry,L3,Working-ion insertion stoichiometry directly controls theoretical capacity and energy scale.,RULE_STOICHIOMETRIC_WINDOW,feature::discharge_formula_Z_max -> concept::working_ion_transfer -> target::capacity_grav,True,False,False,False,True
capacity_grav,mAh/g,True,discharge_formula_Z_mean,stoichiometric_window,electrode_state_stoichiometry,L3,Working-ion insertion stoichiometry directly controls theoretical capacity and energy scale.,RULE_STOICHIOMETRIC_WINDOW,feature::discharge_formula_Z_mean -> concept::working_ion_transfer -> target::capacity_grav,True,False,False,False,True
capacity_grav,mAh/g,True,discharge_formula_Z_min,stoichiometric_window,electrode_state_stoichiometry,L3,Working-ion insertion stoichiometry directly controls theoretical capacity and energy scale.,RULE_STOICHIOMETRIC_WINDOW,feature::discharge_formula_Z_min -> concept::working_ion_transfer -> target::capacity_grav,True,False,False,False,True
capacity_grav,mAh/g,True,discharge_formula_Z_range,stoichiometric_window,electrode_state_stoichiometry,L3,Working-ion insertion stoichiometry directly controls theoretical capacity and energy scale.,RULE_STOICHIOMETRIC_WINDOW,feature::discharge_formula_Z_range -> concept::working_ion_transfer -> target::capacity_grav,True,False,False,False,True
capacity_grav,mAh/g,True,discharge_formula_Z_std,stoichiometric_window,electrode_state_stoichiometry,L3,Working-ion insertion stoichiometry directly controls theoretical capacity and energy scale.,RULE_STOICHIOMETRIC_WINDOW,feature::discharge_formula_Z_std -> concept::working_ion_transfer -> target::capacity_grav,True,False,False,False,True
capacity_grav,mAh/g,True,discharge_formula_atomic_mass_max,stoichiometric_window,electrode_state_stoichiometry,L3,Working-ion insertion stoichiometry directly controls theoretical capacity and energy scale.,RULE_STOICHIOMETRIC_WINDOW,feature::discharge_formula_atomic_mass_max -> concept::working_ion_transfer -> target::capacity_grav,True,False,False,False,True
capacity_grav,mAh/g,True,discharge_formula_atomic_mass_mean,stoichiometric_window,electrode_state_stoichiometry,L3,Working-ion insertion stoichiometry directly controls theoretical capacity and energy scale.,RULE_STOICHIOMETRIC_WINDOW,feature::discharge_formula_atomic_mass_mean -> concept::working_ion_transfer -> target::capacity_grav,True,False,False,False,True
capacity_grav,mAh/g,True,discharge_formula_atomic_mass_min,stoichiometric_window,electrode_state_stoichiometry,L3,Working-ion insertion stoichiometry directly controls theoretical capacity and energy scale.,RULE_STOICHIOMETRIC_WINDOW,feature::discharge_formula_atomic_mass_min -> concept::working_ion_transfer -> target::capacity_grav,True,False,False,False,True
capacity_grav,mAh/g,True,discharge_formula_atomic_mass_range,stoichiometric_window,electrode_state_stoichiometry,L3,Working-ion insertion stoichiometry directly controls theoretical capacity and energy scale.,RULE_STOICHIOMETRIC_WINDOW,feature::discharge_formula_atomic_mass_range -> concept::working_ion_transfer -> target::capacity_grav,True,False,False,False,True
capacity_grav,mAh/g,True,discharge_formula_atomic_mass_std,stoichiometric_window,electrode_state_stoichiometry,L3,Working-ion insertion stoichiometry directly controls theoretical capacity and energy scale.,RULE_STOICHIOMETRIC_WINDOW,feature::discharge_formula_atomic_mass_std -> concept::working_ion_transfer -> target::capacity_grav,True,False,False,False,True
capacity_grav,mAh/g,True,discharge_formula_frac_Ag,stoichiometric_window,electrode_state_stoichiometry,L3,Working-ion insertion stoichiometry directly controls theoretical capacity and energy scale.,RULE_STOICHIOMETRIC_WINDOW,feature::discharge_formula_frac_Ag -> concept::working_ion_transfer -> target::capacity_grav,True,False,False,False,True
capacity_grav,mAh/g,True,discharge_formula_frac_Al,stoichiometric_window,electrode_state_stoichiometry,L3,Working-ion insertion stoichiometry directly controls theoretical capacity and energy scale.,RULE_STOICHIOMETRIC_WINDOW,feature::discharge_formula_frac_Al -> concept::working_ion_transfer -> target::capacity_grav,True,False,False,False,True
capacity_grav,mAh/g,True,discharge_formula_frac_As,stoichiometric_window,electrode_state_stoichiometry,L3,Working-ion insertion stoichiometry directly controls theoretical capacity and energy scale.,RULE_STOICHIOMETRIC_WINDOW,feature::discharge_formula_frac_As -> concept::working_ion_transfer -> target::capacity_grav,True,False,False,False,True
capacity_grav,mAh/g,True,discharge_formula_frac_B,stoichiometric_window,electrode_state_stoichiometry,L3,Working-ion insertion stoichiometry directly controls theoretical capacity and energy scale.,RULE_STOICHIOMETRIC_WINDOW,feature::discharge_formula_frac_B -> concept::working_ion_transfer -> target::capacity_grav,True,False,False,False,True
capacity_grav,mAh/g,True,discharge_formula_frac_Br,stoichiometric_window,electrode_state_stoichiometry,L3,Working-ion insertion stoichiometry directly controls theoretical capacity and energy scale.,RULE_STOICHIOMETRIC_WINDOW,feature::discharge_formula_frac_Br -> concept::working_ion_transfer -> target::capacity_grav,True,False,False,False,True
capacity_grav,mAh/g,True,discharge_formula_frac_C,stoichiometric_window,electrode_state_stoichiometry,L3,Working-ion insertion stoichiometry directly controls theoretical capacity and energy scale.,RULE_STOICHIOMETRIC_WINDOW,feature::discharge_formula_frac_C -> concept::working_ion_transfer -> target::capacity_grav,True,False,False,False,True
capacity_grav,mAh/g,True,discharge_formula_frac_Ca,stoichiometric_window,electrode_state_stoichiometry,L3,Working-ion insertion stoichiometry directly controls theoretical capacity and energy scale.,RULE_STOICHIOMETRIC_WINDOW,feature::discharge_formula_frac_Ca -> concept::working_ion_transfer -> target::capacity_grav,True,False,False,False,True
capacity_grav,mAh/g,True,discharge_formula_frac_Cl,stoichiometric_window,electrode_state_stoichiometry,L3,Working-ion insertion stoichiometry directly controls theoretical capacity and energy scale.,RULE_STOICHIOMETRIC_WINDOW,feature::discharge_formula_frac_Cl -> concept::working_ion_transfer -> target::capacity_grav,True,False,False,False,True
capacity_grav,mAh/g,True,discharge_formula_frac_Co,stoichiometric_window,electrode_state_stoichiometry,L3,Working-ion insertion stoichiometry directly controls theoretical capacity and energy scale.,RULE_STOICHIOMETRIC_WINDOW,feature::discharge_formula_frac_Co -> concept::working_ion_transfer -> target::capacity_grav,True,False,False,False,True
capacity_grav,mAh/g,True,discharge_formula_frac_Cr,stoichiometric_window,electrode_state_stoichiometry,L3,Working-ion insertion stoichiometry directly controls theoretical capacity and energy scale.,RULE_STOICHIOMETRIC_WINDOW,feature::discharge_formula_frac_Cr -> concept::working_ion_transfer -> target::capacity_grav,True,False,False,False,True
capacity_grav,mAh/g,True,discharge_formula_frac_Cu,stoichiometric_window,electrode_state_stoichiometry,L3,Working-ion insertion stoichiometry directly controls theoretical capacity and energy scale.,RULE_STOICHIOMETRIC_WINDOW,feature::discharge_formula_frac_Cu -> concept::working_ion_transfer -> target::capacity_grav,True,False,False,False,True
capacity_grav,mAh/g,True,discharge_formula_frac_F,stoichiometric_window,electrode_state_stoichiometry,L3,Working-ion insertion stoichiometry directly controls theoretical capacity and energy scale.,RULE_STOICHIOMETRIC_WINDOW,feature::discharge_formula_frac_F -> concept::working_ion_transfer -> target::capacity_grav,True,False,False,False,True
capacity_grav,mAh/g,True,discharge_formula_frac_Fe,stoichiometric_window,electrode_state_stoichiometry,L3,Working-ion insertion stoichiometry directly controls theoretical capacity and energy scale.,RULE_STOICHIOMETRIC_WINDOW,feature::discharge_formula_frac_Fe -> concept::working_ion_transfer -> target::capacity_grav,True,False,False,False,True
capacity_grav,mAh/g,True,discharge_formula_frac_I,stoichiometric_window,electrode_state_stoichiometry,L3,Working-ion insertion stoichiometry directly controls theoretical capacity and energy scale.,RULE_STOICHIOMETRIC_WINDOW,feature::discharge_formula_frac_I -> concept::working_ion_transfer -> target::capacity_grav,True,False,False,False,True
capacity_grav,mAh/g,True,discharge_formula_frac_K,stoichiometric_window,electrode_state_stoichiometry,L3,Working-ion insertion stoichiometry directly controls theoretical capacity and energy scale.,RULE_STOICHIOMETRIC_WINDOW,feature::discharge_formula_frac_K -> concept::working_ion_transfer -> target::capacity_grav,True,False,False,False,True
capacity_grav,mAh/g,True,discharge_formula_frac_Li,stoichiometric_window,electrode_state_stoichiometry,L3,Working-ion insertion stoichiometry directly controls theoretical capacity and energy scale.,RULE_STOICHIOMETRIC_WINDOW,feature::discharge_formula_frac_Li -> concept::working_ion_transfer -> target::capacity_grav,True,False,False,False,True
capacity_grav,mAh/g,True,discharge_formula_frac_Mg,stoichiometric_window,electrode_state_stoichiometry,L3,Working-ion insertion stoichiometry directly controls theoretical capacity and energy scale.,RULE_STOICHIOMETRIC_WINDOW,feature::discharge_formula_frac_Mg -> concept::working_ion_transfer -> target::capacity_grav,True,False,False,False,True
capacity_grav,mAh/g,True,discharge_formula_frac_Mn,stoichiometric_window,electrode_state_stoichiometry,L3,Working-ion insertion stoichiometry directly controls theoretical capacity and energy scale.,RULE_STOICHIOMETRIC_WINDOW,feature::discharge_formula_frac_Mn -> concept::working_ion_transfer -> target::capacity_grav,True,False,False,False,True
capacity_grav,mAh/g,True,discharge_formula_frac_N,stoichiometric_window,electrode_state_stoichiometry,L3,Working-ion insertion stoichiometry directly controls theoretical capacity and energy scale.,RULE_STOICHIOMETRIC_WINDOW,feature::discharge_formula_frac_N -> concept::working_ion_transfer -> target::capacity_grav,True,False,False,False,True
capacity_grav,mAh/g,True,discharge_formula_frac_Na,stoichiometric_window,electrode_state_stoichiometry,L3,Working-ion insertion stoichiometry directly controls theoretical capacity and energy scale.,RULE_STOICHIOMETRIC_WINDOW,feature::discharge_formula_frac_Na -> concept::working_ion_transfer -> target::capacity_grav,True,False,False,False,True
capacity_grav,mAh/g,True,discharge_formula_frac_Ni,stoichiometric_window,electrode_state_stoichiometry,L3,Working-ion insertion stoichiometry directly controls theoretical capacity and energy scale.,RULE_STOICHIOMETRIC_WINDOW,feature::discharge_formula_frac_Ni -> concept::working_ion_transfer -> target::capacity_grav,True,False,False,False,True
capacity_grav,mAh/g,True,discharge_formula_frac_O,stoichiometric_window,electrode_state_stoichiometry,L3,Working-ion insertion stoichiometry directly controls theoretical capacity and energy scale.,RULE_STOICHIOMETRIC_WINDOW,feature::discharge_formula_frac_O -> concept::working_ion_transfer -> target::capacity_grav,True,False,False,False,True
capacity_grav,mAh/g,True,discharge_formula_frac_P,stoichiometric_window,electrode_state_stoichiometry,L3,Working-ion insertion stoichiometry directly controls theoretical capacity and energy scale.,RULE_STOICHIOMETRIC_WINDOW,feature::discharge_formula_frac_P -> concept::working_ion_transfer -> target::capacity_grav,True,False,False,False,True
capacity_grav,mAh/g,True,discharge_formula_frac_S,stoichiometric_window,electrode_state_stoichiometry,L3,Working-ion insertion stoichiometry directly controls theoretical capacity and energy scale.,RULE_STOICHIOMETRIC_WINDOW,feature::discharge_formula_frac_S -> concept::working_ion_transfer -> target::capacity_grav,True,False,False,False,True
capacity_grav,mAh/g,True,discharge_formula_frac_Si,stoichiometric_window,electrode_state_stoichiometry,L3,Working-ion insertion stoichiometry directly controls theoretical capacity and energy scale.,RULE_STOICHIOMETRIC_WINDOW,feature::discharge_formula_frac_Si -> concept::working_ion_transfer -> target::capacity_grav,True,False,False,False,True
capacity_grav,mAh/g,True,discharge_formula_frac_Ti,stoichiometric_window,electrode_state_stoichiometry,L3,Working-ion insertion stoichiometry directly controls theoretical capacity and energy scale.,RULE_STOICHIOMETRIC_WINDOW,feature::discharge_formula_frac_Ti -> concept::working_ion_transfer -> target::capacity_grav,True,False,False,False,True
capacity_grav,mAh/g,True,discharge_formula_frac_V,stoichiometric_window,electrode_state_stoichiometry,L3,Working-ion insertion stoichiometry directly controls theoretical capacity and energy scale.,RULE_STOICHIOMETRIC_WINDOW,feature::discharge_formula_frac_V -> concept::working_ion_transfer -> target::capacity_grav,True,False,False,False,True
capacity_grav,mAh/g,True,discharge_formula_frac_Zn,stoichiometric_window,electrode_state_stoichiometry,L3,Working-ion insertion stoichiometry directly controls theoretical capacity and energy scale.,RULE_STOICHIOMETRIC_WINDOW,feature::discharge_formula_frac_Zn -> concept::working_ion_transfer -> target::capacity_grav,True,False,False,False,True
capacity_grav,mAh/g,True,discharge_formula_frac_transition_metals,stoichiometric_window,electrode_state_stoichiometry,L3,Working-ion insertion stoichiometry directly controls theoretical capacity and energy scale.,RULE_STOICHIOMETRIC_WINDOW,feature::discharge_formula_frac_transition_metals -> concept::working_ion_transfer -> target::capacity_grav,True,False,False,False,True
capacity_grav,mAh/g,True,discharge_formula_group_max,stoichiometric_window,electrode_state_stoichiometry,L3,Working-ion insertion stoichiometry directly controls theoretical capacity and energy scale.,RULE_STOICHIOMETRIC_WINDOW,feature::discharge_formula_group_max -> concept::working_ion_transfer -> target::capacity_grav,True,False,False,False,True
capacity_grav,mAh/g,True,discharge_formula_group_mean,stoichiometric_window,electrode_state_stoichiometry,L3,Working-ion insertion stoichiometry directly controls theoretical capacity and energy scale.,RULE_STOICHIOMETRIC_WINDOW,feature::discharge_formula_group_mean -> concept::working_ion_transfer -> target::capacity_grav,True,False,False,False,True
capacity_grav,mAh/g,True,discharge_formula_group_min,stoichiometric_window,electrode_state_stoichiometry,L3,Working-ion insertion stoichiometry directly controls theoretical capacity and energy scale.,RULE_STOICHIOMETRIC_WINDOW,feature::discharge_formula_group_min -> concept::working_ion_transfer -> target::capacity_grav,True,False,False,False,True
capacity_grav,mAh/g,True,discharge_formula_group_range,stoichiometric_window,electrode_state_stoichiometry,L3,Working-ion insertion stoichiometry directly controls theoretical capacity and energy scale.,RULE_STOICHIOMETRIC_WINDOW,feature::discharge_formula_group_range -> concept::working_ion_transfer -> target::capacity_grav,True,False,False,False,True
capacity_grav,mAh/g,True,discharge_formula_group_std,stoichiometric_window,electrode_state_stoichiometry,L3,Working-ion insertion stoichiometry directly controls theoretical capacity and energy scale.,RULE_STOICHIOMETRIC_WINDOW,feature::discharge_formula_group_std -> concept::working_ion_transfer -> target::capacity_grav,True,False,False,False,True
capacity_grav,mAh/g,True,discharge_formula_has_Br,stoichiometric_window,electrode_state_stoichiometry,L3,Working-ion insertion stoichiometry directly controls theoretical capacity and energy scale.,RULE_STOICHIOMETRIC_WINDOW,feature::discharge_formula_has_Br -> concept::working_ion_transfer -> target::capacity_grav,True,False,False,False,True
capacity_grav,mAh/g,True,discharge_formula_has_C,stoichiometric_window,electrode_state_stoichiometry,L3,Working-ion insertion stoichiometry directly controls theoretical capacity and energy scale.,RULE_STOICHIOMETRIC_WINDOW,feature::discharge_formula_has_C -> concept::working_ion_transfer -> target::capacity_grav,True,False,False,False,True
capacity_grav,mAh/g,True,discharge_formula_has_Cl,stoichiometric_window,electrode_state_stoichiometry,L3,Working-ion insertion stoichiometry directly controls theoretical capacity and energy scale.,RULE_STOICHIOMETRIC_WINDOW,feature::discharge_formula_has_Cl -> concept::working_ion_transfer -> target::capacity_grav,True,False,False,False,True
capacity_grav,mAh/g,True,discharge_formula_has_F,stoichiometric_window,electrode_state_stoichiometry,L3,Working-ion insertion stoichiometry directly controls theoretical capacity and energy scale.,RULE_STOICHIOMETRIC_WINDOW,feature::discharge_formula_has_F -> concept::working_ion_transfer -> target::capacity_grav,True,False,False,False,True
capacity_grav,mAh/g,True,discharge_formula_has_I,stoichiometric_window,electrode_state_stoichiometry,L3,Working-ion insertion stoichiometry directly controls theoretical capacity and energy scale.,RULE_STOICHIOMETRIC_WINDOW,feature::discharge_formula_has_I -> concept::working_ion_transfer -> target::capacity_grav,True,False,False,False,True
capacity_grav,mAh/g,True,discharge_formula_has_N,stoichiometric_window,electrode_state_stoichiometry,L3,Working-ion insertion stoichiometry directly controls theoretical capacity and energy scale.,RULE_STOICHIOMETRIC_WINDOW,feature::discharge_formula_has_N -> concept::working_ion_transfer -> target::capacity_grav,True,False,False,False,True
capacity_grav,mAh/g,True,discharge_formula_has_O,stoichiometric_window,electrode_state_stoichiometry,L3,Working-ion insertion stoichiometry directly controls theoretical capacity and energy scale.,RULE_STOICHIOMETRIC_WINDOW,feature::discharge_formula_has_O -> concept::working_ion_transfer -> target::capacity_grav,True,False,False,False,True
capacity_grav,mAh/g,True,discharge_formula_has_P,stoichiometric_window,electrode_state_stoichiometry,L3,Working-ion insertion stoichiometry directly controls theoretical capacity and energy scale.,RULE_STOICHIOMETRIC_WINDOW,feature::discharge_formula_has_P -> concept::working_ion_transfer -> target::capacity_grav,True,False,False,False,True
capacity_grav,mAh/g,True,discharge_formula_has_S,stoichiometric_window,electrode_state_stoichiometry,L3,Working-ion insertion stoichiometry directly controls theoretical capacity and energy scale.,RULE_STOICHIOMETRIC_WINDOW,feature::discharge_formula_has_S -> concept::working_ion_transfer -> target::capacity_grav,True,False,False,False,True
capacity_grav,mAh/g,True,discharge_formula_has_Si,stoichiometric_window,electrode_state_stoichiometry,L3,Working-ion insertion stoichiometry directly controls theoretical capacity and energy scale.,RULE_STOICHIOMETRIC_WINDOW,feature::discharge_formula_has_Si -> concept::working_ion_transfer -> target::capacity_grav,True,False,False,False,True
capacity_grav,mAh/g,True,discharge_formula_n_atoms,stoichiometric_window,electrode_state_stoichiometry,L3,Working-ion insertion stoichiometry directly controls theoretical capacity and energy scale.,RULE_STOICHIOMETRIC_WINDOW,feature::discharge_formula_n_atoms -> concept::working_ion_transfer -> target::capacity_grav,True,False,False,False,True
capacity_grav,mAh/g,True,discharge_formula_n_elements,stoichiometric_window,electrode_state_stoichiometry,L3,Working-ion insertion stoichiometry directly controls theoretical capacity and energy scale.,RULE_STOICHIOMETRIC_WINDOW,feature::discharge_formula_n_elements -> concept::working_ion_transfer -> target::capacity_grav,True,False,False,False,True
capacity_grav,mAh/g,True,discharge_formula_n_transition_metals,stoichiometric_window,electrode_state_stoichiometry,L3,Working-ion insertion stoichiometry directly controls theoretical capacity and energy scale.,RULE_STOICHIOMETRIC_WINDOW,feature::discharge_formula_n_transition_metals -> concept::working_ion_transfer -> target::capacity_grav,True,False,False,False,True
capacity_grav,mAh/g,True,discharge_formula_parse_ok,stoichiometric_window,electrode_state_stoichiometry,L3,Working-ion insertion stoichiometry directly controls theoretical capacity and energy scale.,RULE_STOICHIOMETRIC_WINDOW,feature::discharge_formula_parse_ok -> concept::working_ion_transfer -> target::capacity_grav,True,False,False,False,True
capacity_grav,mAh/g,True,discharge_formula_row_max,stoichiometric_window,electrode_state_stoichiometry,L3,Working-ion insertion stoichiometry directly controls theoretical capacity and energy scale.,RULE_STOICHIOMETRIC_WINDOW,feature::discharge_formula_row_max -> concept::working_ion_transfer -> target::capacity_grav,True,False,False,False,True
capacity_grav,mAh/g,True,discharge_formula_row_mean,stoichiometric_window,electrode_state_stoichiometry,L3,Working-ion insertion stoichiometry directly controls theoretical capacity and energy scale.,RULE_STOICHIOMETRIC_WINDOW,feature::discharge_formula_row_mean -> concept::working_ion_transfer -> target::capacity_grav,True,False,False,False,True
capacity_grav,mAh/g,True,discharge_formula_row_min,stoichiometric_window,electrode_state_stoichiometry,L3,Working-ion insertion stoichiometry directly controls theoretical capacity and energy scale.,RULE_STOICHIOMETRIC_WINDOW,feature::discharge_formula_row_min -> concept::working_ion_transfer -> target::capacity_grav,True,False,False,False,True
capacity_grav,mAh/g,True,discharge_formula_row_range,stoichiometric_window,electrode_state_stoichiometry,L3,Working-ion insertion stoichiometry directly controls theoretical capacity and energy scale.,RULE_STOICHIOMETRIC_WINDOW,feature::discharge_formula_row_range -> concept::working_ion_transfer -> target::capacity_grav,True,False,False,False,True
capacity_grav,mAh/g,True,discharge_formula_row_std,stoichiometric_window,electrode_state_stoichiometry,L3,Working-ion insertion stoichiometry directly controls theoretical capacity and energy scale.,RULE_STOICHIOMETRIC_WINDOW,feature::discharge_formula_row_std -> concept::working_ion_transfer -> target::capacity_grav,True,False,False,False,True
capacity_grav,mAh/g,True,discharge_summary_band_gap,post_dft_electronic_summary,post_dft_electronic,L4,The electronic descriptor is generated in the same post-DFT record and is decision-support only.,RULE_POST_DFT_ELECTRONIC,feature::discharge_summary_band_gap -> concept::post_dft_record -> target::capacity_grav,True,False,False,True,True
capacity_grav,mAh/g,True,discharge_summary_density,relaxed_structure_summary,relaxed_structure,L0,The relaxed-structure summary is not target-defining for this target.,RULE_SAFE_STRUCTURE,feature::discharge_summary_density -> target::capacity_grav,True,False,True,True,True
capacity_grav,mAh/g,True,discharge_summary_density_atomic,relaxed_structure_summary,relaxed_structure,L0,The relaxed-structure summary is not target-defining for this target.,RULE_SAFE_STRUCTURE,feature::discharge_summary_density_atomic -> target::capacity_grav,True,False,True,True,True
capacity_grav,mAh/g,True,discharge_summary_energy_above_hull,post_dft_energy_stability_summary,post_dft_thermodynamics,L4,The hull/stability summary is a post-DFT decision-support descriptor for this target.,RULE_HULL_OTHER,feature::discharge_summary_energy_above_hull -> concept::post_dft_thermodynamics -> target::capacity_grav,True,False,False,True,True
capacity_grav,mAh/g,True,discharge_summary_formation_energy_per_atom,post_dft_energy_stability_summary,post_dft_thermodynamics,L4,The thermodynamic summary is a post-DFT decision-support descriptor.,RULE_POST_DFT_ENERGY_DEFAULT,feature::discharge_summary_formation_energy_per_atom -> concept::post_dft_thermodynamics -> target::capacity_grav,True,False,False,True,True
capacity_grav,mAh/g,True,discharge_summary_is_metal,post_dft_electronic_summary,post_dft_electronic,L4,The electronic descriptor is generated in the same post-DFT record and is decision-support only.,RULE_POST_DFT_ELECTRONIC,feature::discharge_summary_is_metal -> concept::post_dft_record -> target::capacity_grav,True,False,False,True,True
capacity_grav,mAh/g,True,discharge_summary_is_stable,post_dft_energy_stability_summary,post_dft_thermodynamics,L4,The hull/stability summary is a post-DFT decision-support descriptor for this target.,RULE_HULL_OTHER,feature::discharge_summary_is_stable -> concept::post_dft_thermodynamics -> target::capacity_grav,True,False,False,True,True
capacity_grav,mAh/g,True,discharge_summary_nsites,relaxed_structure_summary,relaxed_structure,L0,The relaxed-structure summary is not target-defining for this target.,RULE_SAFE_STRUCTURE,feature::discharge_summary_nsites -> target::capacity_grav,True,False,True,True,True
capacity_grav,mAh/g,True,discharge_summary_symmetry_number,relaxed_structure_summary,relaxed_structure,L0,The relaxed-structure summary is not target-defining for this target.,RULE_SAFE_STRUCTURE,feature::discharge_summary_symmetry_number -> target::capacity_grav,True,False,True,True,True
capacity_grav,mAh/g,True,discharge_summary_theoretical,post_dft_provenance_flag,post_dft_provenance,L4,The provenance flag is available only from the post-DFT record.,RULE_POST_DFT_PROVENANCE,feature::discharge_summary_theoretical -> concept::post_dft_record -> target::capacity_grav,True,False,False,False,True
capacity_grav,mAh/g,True,discharge_summary_volume,relaxed_structure_summary,relaxed_structure,L0,The relaxed-structure summary is not target-defining for this target.,RULE_SAFE_STRUCTURE,feature::discharge_summary_volume -> target::capacity_grav,True,False,True,True,True
capacity_grav,mAh/g,True,discharge_summary_volume_per_site,relaxed_structure_summary,relaxed_structure,L0,The relaxed-structure summary is not target-defining for this target.,RULE_SAFE_STRUCTURE,feature::discharge_summary_volume_per_site -> target::capacity_grav,True,False,True,True,True
capacity_grav,mAh/g,True,energy_grav,stored_electrode_target,stored_electrode_record,L2,Capacity and energy variants are mathematically target-adjacent.,RULE_CAPACITY_ENERGY_RELATION,feature::energy_grav -> concept::capacity_energy_relation -> target::capacity_grav,True,False,False,False,True
capacity_grav,mAh/g,True,energy_vol,stored_electrode_target,stored_electrode_record,L2,Capacity and energy variants are mathematically target-adjacent.,RULE_CAPACITY_ENERGY_RELATION,feature::energy_vol -> concept::capacity_energy_relation -> target::capacity_grav,True,False,False,False,True
capacity_grav,mAh/g,True,fracA_charge,stoichiometric_window,electrode_state_stoichiometry,L3,Working-ion insertion stoichiometry directly controls theoretical capacity and energy scale.,RULE_STOICHIOMETRIC_WINDOW,feature::fracA_charge -> concept::working_ion_transfer -> target::capacity_grav,True,False,False,False,True
capacity_grav,mAh/g,True,fracA_discharge,stoichiometric_window,electrode_state_stoichiometry,L3,Working-ion insertion stoichiometry directly controls theoretical capacity and energy scale.,RULE_STOICHIOMETRIC_WINDOW,feature::fracA_discharge -> concept::working_ion_transfer -> target::capacity_grav,True,False,False,False,True
capacity_grav,mAh/g,True,max_delta_volume,stored_electrode_target,stored_electrode_record,L4,A different stored electrode property is available only as a post-hoc computed-record descriptor.,RULE_OTHER_STORED_TARGET,feature::max_delta_volume -> concept::stored_electrode_record -> target::capacity_grav,True,False,False,False,True
capacity_grav,mAh/g,True,max_voltage_step,stored_electrode_process_descriptor,stored_electrode_record,L0,No direct target dependency is identified for this target.,RULE_SAFE_DEFAULT,feature::max_voltage_step -> target::capacity_grav,True,False,False,True,True
capacity_grav,mAh/g,True,num_steps,stored_electrode_process_descriptor,stored_electrode_record,L0,No direct target dependency is identified for this target.,RULE_SAFE_DEFAULT,feature::num_steps -> target::capacity_grav,True,False,False,True,True
capacity_grav,mAh/g,True,stability_charge,stored_electrode_target,stored_electrode_record,L4,A different stored electrode property is available only as a post-hoc computed-record descriptor.,RULE_OTHER_STORED_TARGET,feature::stability_charge -> concept::stored_electrode_record -> target::capacity_grav,True,False,False,False,True
capacity_grav,mAh/g,True,stability_discharge,stored_electrode_target,stored_electrode_record,L4,A different stored electrode property is available only as a post-hoc computed-record descriptor.,RULE_OTHER_STORED_TARGET,feature::stability_discharge -> concept::stored_electrode_record -> target::capacity_grav,True,False,False,False,True
capacity_grav,mAh/g,True,stability_worst,stored_electrode_target,stored_electrode_record,L4,A different stored electrode property is available only as a post-hoc computed-record descriptor.,RULE_OTHER_STORED_TARGET,feature::stability_worst -> concept::stored_electrode_record -> target::capacity_grav,True,False,False,False,True
capacity_grav,mAh/g,True,stoich_abs_wi_amount_delta,stoichiometric_window,electrode_state_stoichiometry,L3,Working-ion insertion stoichiometry directly controls theoretical capacity and energy scale.,RULE_STOICHIOMETRIC_WINDOW,feature::stoich_abs_wi_amount_delta -> concept::working_ion_transfer -> target::capacity_grav,True,False,False,False,True
capacity_grav,mAh/g,True,stoich_wi_amount_charge,stoichiometric_window,electrode_state_stoichiometry,L3,Working-ion insertion stoichiometry directly controls theoretical capacity and energy scale.,RULE_STOICHIOMETRIC_WINDOW,feature::stoich_wi_amount_charge -> concept::working_ion_transfer -> target::capacity_grav,True,False,False,False,True
capacity_grav,mAh/g,True,stoich_wi_amount_delta,stoichiometric_window,electrode_state_stoichiometry,L3,Working-ion insertion stoichiometry directly controls theoretical capacity and energy scale.,RULE_STOICHIOMETRIC_WINDOW,feature::stoich_wi_amount_delta -> concept::working_ion_transfer -> target::capacity_grav,True,False,False,False,True
capacity_grav,mAh/g,True,stoich_wi_amount_discharge,stoichiometric_window,electrode_state_stoichiometry,L3,Working-ion insertion stoichiometry directly controls theoretical capacity and energy scale.,RULE_STOICHIOMETRIC_WINDOW,feature::stoich_wi_amount_discharge -> concept::working_ion_transfer -> target::capacity_grav,True,False,False,False,True
capacity_grav,mAh/g,True,stored_abs_fracA_delta,other_numeric,derived_miscellaneous,L0,No direct target dependency is identified for this target.,RULE_SAFE_DEFAULT,feature::stored_abs_fracA_delta -> target::capacity_grav,True,False,False,False,True
capacity_grav,mAh/g,True,stored_fracA_delta,stoichiometric_window,electrode_state_stoichiometry,L3,Working-ion insertion stoichiometry directly controls theoretical capacity and energy scale.,RULE_STOICHIOMETRIC_WINDOW,feature::stored_fracA_delta -> concept::working_ion_transfer -> target::capacity_grav,True,False,False,False,True
capacity_grav,mAh/g,True,summary_abs_delta_band_gap,post_dft_electronic_summary,post_dft_electronic,L4,The electronic descriptor is generated in the same post-DFT record and is decision-support only.,RULE_POST_DFT_ELECTRONIC,feature::summary_abs_delta_band_gap -> concept::post_dft_record -> target::capacity_grav,True,False,False,True,True
capacity_grav,mAh/g,True,summary_abs_delta_density,relaxed_structure_summary,relaxed_structure,L0,The relaxed-structure summary is not target-defining for this target.,RULE_SAFE_STRUCTURE,feature::summary_abs_delta_density -> target::capacity_grav,True,False,True,True,True
capacity_grav,mAh/g,True,summary_abs_delta_density_atomic,relaxed_structure_summary,relaxed_structure,L0,The relaxed-structure summary is not target-defining for this target.,RULE_SAFE_STRUCTURE,feature::summary_abs_delta_density_atomic -> target::capacity_grav,True,False,True,True,True
capacity_grav,mAh/g,True,summary_abs_delta_energy_above_hull,post_dft_energy_stability_summary,post_dft_thermodynamics,L4,The hull/stability summary is a post-DFT decision-support descriptor for this target.,RULE_HULL_OTHER,feature::summary_abs_delta_energy_above_hull -> concept::post_dft_thermodynamics -> target::capacity_grav,True,False,False,True,True
capacity_grav,mAh/g,True,summary_abs_delta_formation_energy_per_atom,post_dft_energy_stability_summary,post_dft_thermodynamics,L4,The thermodynamic summary is a post-DFT decision-support descriptor.,RULE_POST_DFT_ENERGY_DEFAULT,feature::summary_abs_delta_formation_energy_per_atom -> concept::post_dft_thermodynamics -> target::capacity_grav,True,False,False,True,True
capacity_grav,mAh/g,True,summary_abs_delta_volume_fraction,relaxed_structure_summary,relaxed_structure,L0,The relaxed-structure summary is not target-defining for this target.,RULE_SAFE_STRUCTURE,feature::summary_abs_delta_volume_fraction -> target::capacity_grav,True,False,True,True,True
capacity_grav,mAh/g,True,summary_abs_delta_volume_per_site,relaxed_structure_summary,relaxed_structure,L0,The relaxed-structure summary is not target-defining for this target.,RULE_SAFE_STRUCTURE,feature::summary_abs_delta_volume_per_site -> target::capacity_grav,True,False,True,True,True
capacity_grav,mAh/g,True,summary_delta_band_gap,post_dft_electronic_summary,post_dft_electronic,L4,The electronic descriptor is generated in the same post-DFT record and is decision-support only.,RULE_POST_DFT_ELECTRONIC,feature::summary_delta_band_gap -> concept::post_dft_record -> target::capacity_grav,True,False,False,True,True
capacity_grav,mAh/g,True,summary_delta_density,relaxed_structure_summary,relaxed_structure,L0,The relaxed-structure summary is not target-defining for this target.,RULE_SAFE_STRUCTURE,feature::summary_delta_density -> target::capacity_grav,True,False,True,True,True
capacity_grav,mAh/g,True,summary_delta_density_atomic,relaxed_structure_summary,relaxed_structure,L0,The relaxed-structure summary is not target-defining for this target.,RULE_SAFE_STRUCTURE,feature::summary_delta_density_atomic -> target::capacity_grav,True,False,True,True,True
capacity_grav,mAh/g,True,summary_delta_energy_above_hull,post_dft_energy_stability_summary,post_dft_thermodynamics,L4,The hull/stability summary is a post-DFT decision-support descriptor for this target.,RULE_HULL_OTHER,feature::summary_delta_energy_above_hull -> concept::post_dft_thermodynamics -> target::capacity_grav,True,False,False,True,True
capacity_grav,mAh/g,True,summary_delta_formation_energy_per_atom,post_dft_energy_stability_summary,post_dft_thermodynamics,L4,The thermodynamic summary is a post-DFT decision-support descriptor.,RULE_POST_DFT_ENERGY_DEFAULT,feature::summary_delta_formation_energy_per_atom -> concept::post_dft_thermodynamics -> target::capacity_grav,True,False,False,True,True
capacity_grav,mAh/g,True,summary_delta_volume_fraction,relaxed_structure_summary,relaxed_structure,L0,The relaxed-structure summary is not target-defining for this target.,RULE_SAFE_STRUCTURE,feature::summary_delta_volume_fraction -> target::capacity_grav,True,False,True,True,True
capacity_grav,mAh/g,True,summary_delta_volume_per_site,relaxed_structure_summary,relaxed_structure,L0,The relaxed-structure summary is not target-defining for this target.,RULE_SAFE_STRUCTURE,feature::summary_delta_volume_per_site -> target::capacity_grav,True,False,True,True,True
capacity_grav,mAh/g,True,summary_worst_energy_above_hull,post_dft_energy_stability_summary,post_dft_thermodynamics,L4,The hull/stability summary is a post-DFT decision-support descriptor for this target.,RULE_HULL_OTHER,feature::summary_worst_energy_above_hull -> concept::post_dft_thermodynamics -> target::capacity_grav,True,False,False,True,True
capacity_grav,mAh/g,True,wi_is_K,domain_label_onehot,validation_only,L5,Working-ion/domain labels encode validation-domain membership and must be controlled by split design.,RULE_DOMAIN_LABEL,feature::wi_is_K -> concept::validation_domain -> target::capacity_grav,False,False,False,False,False
capacity_grav,mAh/g,True,wi_is_Li,domain_label_onehot,validation_only,L5,Working-ion/domain labels encode validation-domain membership and must be controlled by split design.,RULE_DOMAIN_LABEL,feature::wi_is_Li -> concept::validation_domain -> target::capacity_grav,False,False,False,False,False
capacity_grav,mAh/g,True,wi_is_Na,domain_label_onehot,validation_only,L5,Working-ion/domain labels encode validation-domain membership and must be controlled by split design.,RULE_DOMAIN_LABEL,feature::wi_is_Na -> concept::validation_domain -> target::capacity_grav,False,False,False,False,False
capacity_vol,mAh/cm3,False,average_voltage,stored_electrode_target,stored_electrode_record,L4,A different stored electrode property is available only as a post-hoc computed-record descriptor.,RULE_OTHER_STORED_TARGET,feature::average_voltage -> concept::stored_electrode_record -> target::capacity_vol,True,False,False,False,True
capacity_vol,mAh/cm3,False,capacity_grav,stored_electrode_target,stored_electrode_record,L2,Capacity and energy variants are mathematically target-adjacent.,RULE_CAPACITY_ENERGY_RELATION,feature::capacity_grav -> concept::capacity_energy_relation -> target::capacity_vol,True,False,False,False,True
capacity_vol,mAh/cm3,False,capacity_vol,stored_electrode_target,stored_electrode_record,L1,The feature is the exact target column.,RULE_DIRECT_TARGET,feature::capacity_vol -> target::capacity_vol,False,False,False,False,True
capacity_vol,mAh/cm3,False,charge_formula_X_max,stoichiometric_window,electrode_state_stoichiometry,L3,Working-ion insertion stoichiometry directly controls theoretical capacity and energy scale.,RULE_STOICHIOMETRIC_WINDOW,feature::charge_formula_X_max -> concept::working_ion_transfer -> target::capacity_vol,True,False,False,False,True
capacity_vol,mAh/cm3,False,charge_formula_X_mean,stoichiometric_window,electrode_state_stoichiometry,L3,Working-ion insertion stoichiometry directly controls theoretical capacity and energy scale.,RULE_STOICHIOMETRIC_WINDOW,feature::charge_formula_X_mean -> concept::working_ion_transfer -> target::capacity_vol,True,False,False,False,True
capacity_vol,mAh/cm3,False,charge_formula_X_min,stoichiometric_window,electrode_state_stoichiometry,L3,Working-ion insertion stoichiometry directly controls theoretical capacity and energy scale.,RULE_STOICHIOMETRIC_WINDOW,feature::charge_formula_X_min -> concept::working_ion_transfer -> target::capacity_vol,True,False,False,False,True
capacity_vol,mAh/cm3,False,charge_formula_X_range,stoichiometric_window,electrode_state_stoichiometry,L3,Working-ion insertion stoichiometry directly controls theoretical capacity and energy scale.,RULE_STOICHIOMETRIC_WINDOW,feature::charge_formula_X_range -> concept::working_ion_transfer -> target::capacity_vol,True,False,False,False,True
capacity_vol,mAh/cm3,False,charge_formula_X_std,stoichiometric_window,electrode_state_stoichiometry,L3,Working-ion insertion stoichiometry directly controls theoretical capacity and energy scale.,RULE_STOICHIOMETRIC_WINDOW,feature::charge_formula_X_std -> concept::working_ion_transfer -> target::capacity_vol,True,False,False,False,True
capacity_vol,mAh/cm3,False,charge_formula_Z_max,stoichiometric_window,electrode_state_stoichiometry,L3,Working-ion insertion stoichiometry directly controls theoretical capacity and energy scale.,RULE_STOICHIOMETRIC_WINDOW,feature::charge_formula_Z_max -> concept::working_ion_transfer -> target::capacity_vol,True,False,False,False,True
capacity_vol,mAh/cm3,False,charge_formula_Z_mean,stoichiometric_window,electrode_state_stoichiometry,L3,Working-ion insertion stoichiometry directly controls theoretical capacity and energy scale.,RULE_STOICHIOMETRIC_WINDOW,feature::charge_formula_Z_mean -> concept::working_ion_transfer -> target::capacity_vol,True,False,False,False,True
capacity_vol,mAh/cm3,False,charge_formula_Z_min,stoichiometric_window,electrode_state_stoichiometry,L3,Working-ion insertion stoichiometry directly controls theoretical capacity and energy scale.,RULE_STOICHIOMETRIC_WINDOW,feature::charge_formula_Z_min -> concept::working_ion_transfer -> target::capacity_vol,True,False,False,False,True
capacity_vol,mAh/cm3,False,charge_formula_Z_range,stoichiometric_window,electrode_state_stoichiometry,L3,Working-ion insertion stoichiometry directly controls theoretical capacity and energy scale.,RULE_STOICHIOMETRIC_WINDOW,feature::charge_formula_Z_range -> concept::working_ion_transfer -> target::capacity_vol,True,False,False,False,True
capacity_vol,mAh/cm3,False,charge_formula_Z_std,stoichiometric_window,electrode_state_stoichiometry,L3,Working-ion insertion stoichiometry directly controls theoretical capacity and energy scale.,RULE_STOICHIOMETRIC_WINDOW,feature::charge_formula_Z_std -> concept::working_ion_transfer -> target::capacity_vol,True,False,False,False,True
capacity_vol,mAh/cm3,False,charge_formula_atomic_mass_max,stoichiometric_window,electrode_state_stoichiometry,L3,Working-ion insertion stoichiometry directly controls theoretical capacity and energy scale.,RULE_STOICHIOMETRIC_WINDOW,feature::charge_formula_atomic_mass_max -> concept::working_ion_transfer -> target::capacity_vol,True,False,False,False,True
capacity_vol,mAh/cm3,False,charge_formula_atomic_mass_mean,stoichiometric_window,electrode_state_stoichiometry,L3,Working-ion insertion stoichiometry directly controls theoretical capacity and energy scale.,RULE_STOICHIOMETRIC_WINDOW,feature::charge_formula_atomic_mass_mean -> concept::working_ion_transfer -> target::capacity_vol,True,False,False,False,True
capacity_vol,mAh/cm3,False,charge_formula_atomic_mass_min,stoichiometric_window,electrode_state_stoichiometry,L3,Working-ion insertion stoichiometry directly controls theoretical capacity and energy scale.,RULE_STOICHIOMETRIC_WINDOW,feature::charge_formula_atomic_mass_min -> concept::working_ion_transfer -> target::capacity_vol,True,False,False,False,True
capacity_vol,mAh/cm3,False,charge_formula_atomic_mass_range,stoichiometric_window,electrode_state_stoichiometry,L3,Working-ion insertion stoichiometry directly controls theoretical capacity and energy scale.,RULE_STOICHIOMETRIC_WINDOW,feature::charge_formula_atomic_mass_range -> concept::working_ion_transfer -> target::capacity_vol,True,False,False,False,True
capacity_vol,mAh/cm3,False,charge_formula_atomic_mass_std,stoichiometric_window,electrode_state_stoichiometry,L3,Working-ion insertion stoichiometry directly controls theoretical capacity and energy scale.,RULE_STOICHIOMETRIC_WINDOW,feature::charge_formula_atomic_mass_std -> concept::working_ion_transfer -> target::capacity_vol,True,False,False,False,True
capacity_vol,mAh/cm3,False,charge_formula_frac_Ag,stoichiometric_window,electrode_state_stoichiometry,L3,Working-ion insertion stoichiometry directly controls theoretical capacity and energy scale.,RULE_STOICHIOMETRIC_WINDOW,feature::charge_formula_frac_Ag -> concept::working_ion_transfer -> target::capacity_vol,True,False,False,False,True
capacity_vol,mAh/cm3,False,charge_formula_frac_Al,stoichiometric_window,electrode_state_stoichiometry,L3,Working-ion insertion stoichiometry directly controls theoretical capacity and energy scale.,RULE_STOICHIOMETRIC_WINDOW,feature::charge_formula_frac_Al -> concept::working_ion_transfer -> target::capacity_vol,True,False,False,False,True
capacity_vol,mAh/cm3,False,charge_formula_frac_As,stoichiometric_window,electrode_state_stoichiometry,L3,Working-ion insertion stoichiometry directly controls theoretical capacity and energy scale.,RULE_STOICHIOMETRIC_WINDOW,feature::charge_formula_frac_As -> concept::working_ion_transfer -> target::capacity_vol,True,False,False,False,True
capacity_vol,mAh/cm3,False,charge_formula_frac_B,stoichiometric_window,electrode_state_stoichiometry,L3,Working-ion insertion stoichiometry directly controls theoretical capacity and energy scale.,RULE_STOICHIOMETRIC_WINDOW,feature::charge_formula_frac_B -> concept::working_ion_transfer -> target::capacity_vol,True,False,False,False,True
capacity_vol,mAh/cm3,False,charge_formula_frac_Br,stoichiometric_window,electrode_state_stoichiometry,L3,Working-ion insertion stoichiometry directly controls theoretical capacity and energy scale.,RULE_STOICHIOMETRIC_WINDOW,feature::charge_formula_frac_Br -> concept::working_ion_transfer -> target::capacity_vol,True,False,False,False,True
capacity_vol,mAh/cm3,False,charge_formula_frac_C,stoichiometric_window,electrode_state_stoichiometry,L3,Working-ion insertion stoichiometry directly controls theoretical capacity and energy scale.,RULE_STOICHIOMETRIC_WINDOW,feature::charge_formula_frac_C -> concept::working_ion_transfer -> target::capacity_vol,True,False,False,False,True
capacity_vol,mAh/cm3,False,charge_formula_frac_Ca,stoichiometric_window,electrode_state_stoichiometry,L3,Working-ion insertion stoichiometry directly controls theoretical capacity and energy scale.,RULE_STOICHIOMETRIC_WINDOW,feature::charge_formula_frac_Ca -> concept::working_ion_transfer -> target::capacity_vol,True,False,False,False,True
capacity_vol,mAh/cm3,False,charge_formula_frac_Cl,stoichiometric_window,electrode_state_stoichiometry,L3,Working-ion insertion stoichiometry directly controls theoretical capacity and energy scale.,RULE_STOICHIOMETRIC_WINDOW,feature::charge_formula_frac_Cl -> concept::working_ion_transfer -> target::capacity_vol,True,False,False,False,True
capacity_vol,mAh/cm3,False,charge_formula_frac_Co,stoichiometric_window,electrode_state_stoichiometry,L3,Working-ion insertion stoichiometry directly controls theoretical capacity and energy scale.,RULE_STOICHIOMETRIC_WINDOW,feature::charge_formula_frac_Co -> concept::working_ion_transfer -> target::capacity_vol,True,False,False,False,True
capacity_vol,mAh/cm3,False,charge_formula_frac_Cr,stoichiometric_window,electrode_state_stoichiometry,L3,Working-ion insertion stoichiometry directly controls theoretical capacity and energy scale.,RULE_STOICHIOMETRIC_WINDOW,feature::charge_formula_frac_Cr -> concept::working_ion_transfer -> target::capacity_vol,True,False,False,False,True
capacity_vol,mAh/cm3,False,charge_formula_frac_Cu,stoichiometric_window,electrode_state_stoichiometry,L3,Working-ion insertion stoichiometry directly controls theoretical capacity and energy scale.,RULE_STOICHIOMETRIC_WINDOW,feature::charge_formula_frac_Cu -> concept::working_ion_transfer -> target::capacity_vol,True,False,False,False,True
capacity_vol,mAh/cm3,False,charge_formula_frac_F,stoichiometric_window,electrode_state_stoichiometry,L3,Working-ion insertion stoichiometry directly controls theoretical capacity and energy scale.,RULE_STOICHIOMETRIC_WINDOW,feature::charge_formula_frac_F -> concept::working_ion_transfer -> target::capacity_vol,True,False,False,False,True
capacity_vol,mAh/cm3,False,charge_formula_frac_Fe,stoichiometric_window,electrode_state_stoichiometry,L3,Working-ion insertion stoichiometry directly controls theoretical capacity and energy scale.,RULE_STOICHIOMETRIC_WINDOW,feature::charge_formula_frac_Fe -> concept::working_ion_transfer -> target::capacity_vol,True,False,False,False,True
capacity_vol,mAh/cm3,False,charge_formula_frac_I,stoichiometric_window,electrode_state_stoichiometry,L3,Working-ion insertion stoichiometry directly controls theoretical capacity and energy scale.,RULE_STOICHIOMETRIC_WINDOW,feature::charge_formula_frac_I -> concept::working_ion_transfer -> target::capacity_vol,True,False,False,False,True
capacity_vol,mAh/cm3,False,charge_formula_frac_K,stoichiometric_window,electrode_state_stoichiometry,L3,Working-ion insertion stoichiometry directly controls theoretical capacity and energy scale.,RULE_STOICHIOMETRIC_WINDOW,feature::charge_formula_frac_K -> concept::working_ion_transfer -> target::capacity_vol,True,False,False,False,True
capacity_vol,mAh/cm3,False,charge_formula_frac_Li,stoichiometric_window,electrode_state_stoichiometry,L3,Working-ion insertion stoichiometry directly controls theoretical capacity and energy scale.,RULE_STOICHIOMETRIC_WINDOW,feature::charge_formula_frac_Li -> concept::working_ion_transfer -> target::capacity_vol,True,False,False,False,True
capacity_vol,mAh/cm3,False,charge_formula_frac_Mg,stoichiometric_window,electrode_state_stoichiometry,L3,Working-ion insertion stoichiometry directly controls theoretical capacity and energy scale.,RULE_STOICHIOMETRIC_WINDOW,feature::charge_formula_frac_Mg -> concept::working_ion_transfer -> target::capacity_vol,True,False,False,False,True
capacity_vol,mAh/cm3,False,charge_formula_frac_Mn,stoichiometric_window,electrode_state_stoichiometry,L3,Working-ion insertion stoichiometry directly controls theoretical capacity and energy scale.,RULE_STOICHIOMETRIC_WINDOW,feature::charge_formula_frac_Mn -> concept::working_ion_transfer -> target::capacity_vol,True,False,False,False,True
capacity_vol,mAh/cm3,False,charge_formula_frac_N,stoichiometric_window,electrode_state_stoichiometry,L3,Working-ion insertion stoichiometry directly controls theoretical capacity and energy scale.,RULE_STOICHIOMETRIC_WINDOW,feature::charge_formula_frac_N -> concept::working_ion_transfer -> target::capacity_vol,True,False,False,False,True
capacity_vol,mAh/cm3,False,charge_formula_frac_Na,stoichiometric_window,electrode_state_stoichiometry,L3,Working-ion insertion stoichiometry directly controls theoretical capacity and energy scale.,RULE_STOICHIOMETRIC_WINDOW,feature::charge_formula_frac_Na -> concept::working_ion_transfer -> target::capacity_vol,True,False,False,False,True
capacity_vol,mAh/cm3,False,charge_formula_frac_Ni,stoichiometric_window,electrode_state_stoichiometry,L3,Working-ion insertion stoichiometry directly controls theoretical capacity and energy scale.,RULE_STOICHIOMETRIC_WINDOW,feature::charge_formula_frac_Ni -> concept::working_ion_transfer -> target::capacity_vol,True,False,False,False,True
capacity_vol,mAh/cm3,False,charge_formula_frac_O,stoichiometric_window,electrode_state_stoichiometry,L3,Working-ion insertion stoichiometry directly controls theoretical capacity and energy scale.,RULE_STOICHIOMETRIC_WINDOW,feature::charge_formula_frac_O -> concept::working_ion_transfer -> target::capacity_vol,True,False,False,False,True
capacity_vol,mAh/cm3,False,charge_formula_frac_P,stoichiometric_window,electrode_state_stoichiometry,L3,Working-ion insertion stoichiometry directly controls theoretical capacity and energy scale.,RULE_STOICHIOMETRIC_WINDOW,feature::charge_formula_frac_P -> concept::working_ion_transfer -> target::capacity_vol,True,False,False,False,True
capacity_vol,mAh/cm3,False,charge_formula_frac_S,stoichiometric_window,electrode_state_stoichiometry,L3,Working-ion insertion stoichiometry directly controls theoretical capacity and energy scale.,RULE_STOICHIOMETRIC_WINDOW,feature::charge_formula_frac_S -> concept::working_ion_transfer -> target::capacity_vol,True,False,False,False,True
capacity_vol,mAh/cm3,False,charge_formula_frac_Si,stoichiometric_window,electrode_state_stoichiometry,L3,Working-ion insertion stoichiometry directly controls theoretical capacity and energy scale.,RULE_STOICHIOMETRIC_WINDOW,feature::charge_formula_frac_Si -> concept::working_ion_transfer -> target::capacity_vol,True,False,False,False,True
capacity_vol,mAh/cm3,False,charge_formula_frac_Ti,stoichiometric_window,electrode_state_stoichiometry,L3,Working-ion insertion stoichiometry directly controls theoretical capacity and energy scale.,RULE_STOICHIOMETRIC_WINDOW,feature::charge_formula_frac_Ti -> concept::working_ion_transfer -> target::capacity_vol,True,False,False,False,True
capacity_vol,mAh/cm3,False,charge_formula_frac_V,stoichiometric_window,electrode_state_stoichiometry,L3,Working-ion insertion stoichiometry directly controls theoretical capacity and energy scale.,RULE_STOICHIOMETRIC_WINDOW,feature::charge_formula_frac_V -> concept::working_ion_transfer -> target::capacity_vol,True,False,False,False,True
capacity_vol,mAh/cm3,False,charge_formula_frac_Zn,stoichiometric_window,electrode_state_stoichiometry,L3,Working-ion insertion stoichiometry directly controls theoretical capacity and energy scale.,RULE_STOICHIOMETRIC_WINDOW,feature::charge_formula_frac_Zn -> concept::working_ion_transfer -> target::capacity_vol,True,False,False,False,True
capacity_vol,mAh/cm3,False,charge_formula_frac_transition_metals,stoichiometric_window,electrode_state_stoichiometry,L3,Working-ion insertion stoichiometry directly controls theoretical capacity and energy scale.,RULE_STOICHIOMETRIC_WINDOW,feature::charge_formula_frac_transition_metals -> concept::working_ion_transfer -> target::capacity_vol,True,False,False,False,True
capacity_vol,mAh/cm3,False,charge_formula_group_max,stoichiometric_window,electrode_state_stoichiometry,L3,Working-ion insertion stoichiometry directly controls theoretical capacity and energy scale.,RULE_STOICHIOMETRIC_WINDOW,feature::charge_formula_group_max -> concept::working_ion_transfer -> target::capacity_vol,True,False,False,False,True
capacity_vol,mAh/cm3,False,charge_formula_group_mean,stoichiometric_window,electrode_state_stoichiometry,L3,Working-ion insertion stoichiometry directly controls theoretical capacity and energy scale.,RULE_STOICHIOMETRIC_WINDOW,feature::charge_formula_group_mean -> concept::working_ion_transfer -> target::capacity_vol,True,False,False,False,True
capacity_vol,mAh/cm3,False,charge_formula_group_min,stoichiometric_window,electrode_state_stoichiometry,L3,Working-ion insertion stoichiometry directly controls theoretical capacity and energy scale.,RULE_STOICHIOMETRIC_WINDOW,feature::charge_formula_group_min -> concept::working_ion_transfer -> target::capacity_vol,True,False,False,False,True
capacity_vol,mAh/cm3,False,charge_formula_group_range,stoichiometric_window,electrode_state_stoichiometry,L3,Working-ion insertion stoichiometry directly controls theoretical capacity and energy scale.,RULE_STOICHIOMETRIC_WINDOW,feature::charge_formula_group_range -> concept::working_ion_transfer -> target::capacity_vol,True,False,False,False,True
capacity_vol,mAh/cm3,False,charge_formula_group_std,stoichiometric_window,electrode_state_stoichiometry,L3,Working-ion insertion stoichiometry directly controls theoretical capacity and energy scale.,RULE_STOICHIOMETRIC_WINDOW,feature::charge_formula_group_std -> concept::working_ion_transfer -> target::capacity_vol,True,False,False,False,True
capacity_vol,mAh/cm3,False,charge_formula_has_Br,stoichiometric_window,electrode_state_stoichiometry,L3,Working-ion insertion stoichiometry directly controls theoretical capacity and energy scale.,RULE_STOICHIOMETRIC_WINDOW,feature::charge_formula_has_Br -> concept::working_ion_transfer -> target::capacity_vol,True,False,False,False,True
capacity_vol,mAh/cm3,False,charge_formula_has_C,stoichiometric_window,electrode_state_stoichiometry,L3,Working-ion insertion stoichiometry directly controls theoretical capacity and energy scale.,RULE_STOICHIOMETRIC_WINDOW,feature::charge_formula_has_C -> concept::working_ion_transfer -> target::capacity_vol,True,False,False,False,True
capacity_vol,mAh/cm3,False,charge_formula_has_Cl,stoichiometric_window,electrode_state_stoichiometry,L3,Working-ion insertion stoichiometry directly controls theoretical capacity and energy scale.,RULE_STOICHIOMETRIC_WINDOW,feature::charge_formula_has_Cl -> concept::working_ion_transfer -> target::capacity_vol,True,False,False,False,True
capacity_vol,mAh/cm3,False,charge_formula_has_F,stoichiometric_window,electrode_state_stoichiometry,L3,Working-ion insertion stoichiometry directly controls theoretical capacity and energy scale.,RULE_STOICHIOMETRIC_WINDOW,feature::charge_formula_has_F -> concept::working_ion_transfer -> target::capacity_vol,True,False,False,False,True
capacity_vol,mAh/cm3,False,charge_formula_has_I,stoichiometric_window,electrode_state_stoichiometry,L3,Working-ion insertion stoichiometry directly controls theoretical capacity and energy scale.,RULE_STOICHIOMETRIC_WINDOW,feature::charge_formula_has_I -> concept::working_ion_transfer -> target::capacity_vol,True,False,False,False,True
capacity_vol,mAh/cm3,False,charge_formula_has_N,stoichiometric_window,electrode_state_stoichiometry,L3,Working-ion insertion stoichiometry directly controls theoretical capacity and energy scale.,RULE_STOICHIOMETRIC_WINDOW,feature::charge_formula_has_N -> concept::working_ion_transfer -> target::capacity_vol,True,False,False,False,True
capacity_vol,mAh/cm3,False,charge_formula_has_O,stoichiometric_window,electrode_state_stoichiometry,L3,Working-ion insertion stoichiometry directly controls theoretical capacity and energy scale.,RULE_STOICHIOMETRIC_WINDOW,feature::charge_formula_has_O -> concept::working_ion_transfer -> target::capacity_vol,True,False,False,False,True
capacity_vol,mAh/cm3,False,charge_formula_has_P,stoichiometric_window,electrode_state_stoichiometry,L3,Working-ion insertion stoichiometry directly controls theoretical capacity and energy scale.,RULE_STOICHIOMETRIC_WINDOW,feature::charge_formula_has_P -> concept::working_ion_transfer -> target::capacity_vol,True,False,False,False,True
capacity_vol,mAh/cm3,False,charge_formula_has_S,stoichiometric_window,electrode_state_stoichiometry,L3,Working-ion insertion stoichiometry directly controls theoretical capacity and energy scale.,RULE_STOICHIOMETRIC_WINDOW,feature::charge_formula_has_S -> concept::working_ion_transfer -> target::capacity_vol,True,False,False,False,True
capacity_vol,mAh/cm3,False,charge_formula_has_Si,stoichiometric_window,electrode_state_stoichiometry,L3,Working-ion insertion stoichiometry directly controls theoretical capacity and energy scale.,RULE_STOICHIOMETRIC_WINDOW,feature::charge_formula_has_Si -> concept::working_ion_transfer -> target::capacity_vol,True,False,False,False,True
capacity_vol,mAh/cm3,False,charge_formula_n_atoms,stoichiometric_window,electrode_state_stoichiometry,L3,Working-ion insertion stoichiometry directly controls theoretical capacity and energy scale.,RULE_STOICHIOMETRIC_WINDOW,feature::charge_formula_n_atoms -> concept::working_ion_transfer -> target::capacity_vol,True,False,False,False,True
capacity_vol,mAh/cm3,False,charge_formula_n_elements,stoichiometric_window,electrode_state_stoichiometry,L3,Working-ion insertion stoichiometry directly controls theoretical capacity and energy scale.,RULE_STOICHIOMETRIC_WINDOW,feature::charge_formula_n_elements -> concept::working_ion_transfer -> target::capacity_vol,True,False,False,False,True
capacity_vol,mAh/cm3,False,charge_formula_n_transition_metals,stoichiometric_window,electrode_state_stoichiometry,L3,Working-ion insertion stoichiometry directly controls theoretical capacity and energy scale.,RULE_STOICHIOMETRIC_WINDOW,feature::charge_formula_n_transition_metals -> concept::working_ion_transfer -> target::capacity_vol,True,False,False,False,True
capacity_vol,mAh/cm3,False,charge_formula_parse_ok,stoichiometric_window,electrode_state_stoichiometry,L3,Working-ion insertion stoichiometry directly controls theoretical capacity and energy scale.,RULE_STOICHIOMETRIC_WINDOW,feature::charge_formula_parse_ok -> concept::working_ion_transfer -> target::capacity_vol,True,False,False,False,True
capacity_vol,mAh/cm3,False,charge_formula_row_max,stoichiometric_window,electrode_state_stoichiometry,L3,Working-ion insertion stoichiometry directly controls theoretical capacity and energy scale.,RULE_STOICHIOMETRIC_WINDOW,feature::charge_formula_row_max -> concept::working_ion_transfer -> target::capacity_vol,True,False,False,False,True
capacity_vol,mAh/cm3,False,charge_formula_row_mean,stoichiometric_window,electrode_state_stoichiometry,L3,Working-ion insertion stoichiometry directly controls theoretical capacity and energy scale.,RULE_STOICHIOMETRIC_WINDOW,feature::charge_formula_row_mean -> concept::working_ion_transfer -> target::capacity_vol,True,False,False,False,True
capacity_vol,mAh/cm3,False,charge_formula_row_min,stoichiometric_window,electrode_state_stoichiometry,L3,Working-ion insertion stoichiometry directly controls theoretical capacity and energy scale.,RULE_STOICHIOMETRIC_WINDOW,feature::charge_formula_row_min -> concept::working_ion_transfer -> target::capacity_vol,True,False,False,False,True
capacity_vol,mAh/cm3,False,charge_formula_row_range,stoichiometric_window,electrode_state_stoichiometry,L3,Working-ion insertion stoichiometry directly controls theoretical capacity and energy scale.,RULE_STOICHIOMETRIC_WINDOW,feature::charge_formula_row_range -> concept::working_ion_transfer -> target::capacity_vol,True,False,False,False,True
capacity_vol,mAh/cm3,False,charge_formula_row_std,stoichiometric_window,electrode_state_stoichiometry,L3,Working-ion insertion stoichiometry directly controls theoretical capacity and energy scale.,RULE_STOICHIOMETRIC_WINDOW,feature::charge_formula_row_std -> concept::working_ion_transfer -> target::capacity_vol,True,False,False,False,True
capacity_vol,mAh/cm3,False,charge_summary_band_gap,post_dft_electronic_summary,post_dft_electronic,L4,The electronic descriptor is generated in the same post-DFT record and is decision-support only.,RULE_POST_DFT_ELECTRONIC,feature::charge_summary_band_gap -> concept::post_dft_record -> target::capacity_vol,True,False,False,True,True
capacity_vol,mAh/cm3,False,charge_summary_density,relaxed_structure_summary,relaxed_structure,L0,The relaxed-structure summary is not target-defining for this target.,RULE_SAFE_STRUCTURE,feature::charge_summary_density -> target::capacity_vol,True,False,True,True,True
capacity_vol,mAh/cm3,False,charge_summary_density_atomic,relaxed_structure_summary,relaxed_structure,L0,The relaxed-structure summary is not target-defining for this target.,RULE_SAFE_STRUCTURE,feature::charge_summary_density_atomic -> target::capacity_vol,True,False,True,True,True
capacity_vol,mAh/cm3,False,charge_summary_energy_above_hull,post_dft_energy_stability_summary,post_dft_thermodynamics,L4,The hull/stability summary is a post-DFT decision-support descriptor for this target.,RULE_HULL_OTHER,feature::charge_summary_energy_above_hull -> concept::post_dft_thermodynamics -> target::capacity_vol,True,False,False,True,True
capacity_vol,mAh/cm3,False,charge_summary_formation_energy_per_atom,post_dft_energy_stability_summary,post_dft_thermodynamics,L4,The thermodynamic summary is a post-DFT decision-support descriptor.,RULE_POST_DFT_ENERGY_DEFAULT,feature::charge_summary_formation_energy_per_atom -> concept::post_dft_thermodynamics -> target::capacity_vol,True,False,False,True,True
capacity_vol,mAh/cm3,False,charge_summary_is_metal,post_dft_electronic_summary,post_dft_electronic,L4,The electronic descriptor is generated in the same post-DFT record and is decision-support only.,RULE_POST_DFT_ELECTRONIC,feature::charge_summary_is_metal -> concept::post_dft_record -> target::capacity_vol,True,False,False,True,True
capacity_vol,mAh/cm3,False,charge_summary_is_stable,post_dft_energy_stability_summary,post_dft_thermodynamics,L4,The hull/stability summary is a post-DFT decision-support descriptor for this target.,RULE_HULL_OTHER,feature::charge_summary_is_stable -> concept::post_dft_thermodynamics -> target::capacity_vol,True,False,False,True,True
capacity_vol,mAh/cm3,False,charge_summary_nsites,relaxed_structure_summary,relaxed_structure,L0,The relaxed-structure summary is not target-defining for this target.,RULE_SAFE_STRUCTURE,feature::charge_summary_nsites -> target::capacity_vol,True,False,True,True,True
capacity_vol,mAh/cm3,False,charge_summary_symmetry_number,relaxed_structure_summary,relaxed_structure,L0,The relaxed-structure summary is not target-defining for this target.,RULE_SAFE_STRUCTURE,feature::charge_summary_symmetry_number -> target::capacity_vol,True,False,True,True,True
capacity_vol,mAh/cm3,False,charge_summary_theoretical,post_dft_provenance_flag,post_dft_provenance,L4,The provenance flag is available only from the post-DFT record.,RULE_POST_DFT_PROVENANCE,feature::charge_summary_theoretical -> concept::post_dft_record -> target::capacity_vol,True,False,False,False,True
capacity_vol,mAh/cm3,False,charge_summary_volume,relaxed_structure_summary,relaxed_structure,L0,The relaxed-structure summary is not target-defining for this target.,RULE_SAFE_STRUCTURE,feature::charge_summary_volume -> target::capacity_vol,True,False,True,True,True
capacity_vol,mAh/cm3,False,charge_summary_volume_per_site,relaxed_structure_summary,relaxed_structure,L0,The relaxed-structure summary is not target-defining for this target.,RULE_SAFE_STRUCTURE,feature::charge_summary_volume_per_site -> target::capacity_vol,True,False,True,True,True
capacity_vol,mAh/cm3,False,discharge_formula_X_max,stoichiometric_window,electrode_state_stoichiometry,L3,Working-ion insertion stoichiometry directly controls theoretical capacity and energy scale.,RULE_STOICHIOMETRIC_WINDOW,feature::discharge_formula_X_max -> concept::working_ion_transfer -> target::capacity_vol,True,False,False,False,True
capacity_vol,mAh/cm3,False,discharge_formula_X_mean,stoichiometric_window,electrode_state_stoichiometry,L3,Working-ion insertion stoichiometry directly controls theoretical capacity and energy scale.,RULE_STOICHIOMETRIC_WINDOW,feature::discharge_formula_X_mean -> concept::working_ion_transfer -> target::capacity_vol,True,False,False,False,True
capacity_vol,mAh/cm3,False,discharge_formula_X_min,stoichiometric_window,electrode_state_stoichiometry,L3,Working-ion insertion stoichiometry directly controls theoretical capacity and energy scale.,RULE_STOICHIOMETRIC_WINDOW,feature::discharge_formula_X_min -> concept::working_ion_transfer -> target::capacity_vol,True,False,False,False,True
capacity_vol,mAh/cm3,False,discharge_formula_X_range,stoichiometric_window,electrode_state_stoichiometry,L3,Working-ion insertion stoichiometry directly controls theoretical capacity and energy scale.,RULE_STOICHIOMETRIC_WINDOW,feature::discharge_formula_X_range -> concept::working_ion_transfer -> target::capacity_vol,True,False,False,False,True
capacity_vol,mAh/cm3,False,discharge_formula_X_std,stoichiometric_window,electrode_state_stoichiometry,L3,Working-ion insertion stoichiometry directly controls theoretical capacity and energy scale.,RULE_STOICHIOMETRIC_WINDOW,feature::discharge_formula_X_std -> concept::working_ion_transfer -> target::capacity_vol,True,False,False,False,True
capacity_vol,mAh/cm3,False,discharge_formula_Z_max,stoichiometric_window,electrode_state_stoichiometry,L3,Working-ion insertion stoichiometry directly controls theoretical capacity and energy scale.,RULE_STOICHIOMETRIC_WINDOW,feature::discharge_formula_Z_max -> concept::working_ion_transfer -> target::capacity_vol,True,False,False,False,True
capacity_vol,mAh/cm3,False,discharge_formula_Z_mean,stoichiometric_window,electrode_state_stoichiometry,L3,Working-ion insertion stoichiometry directly controls theoretical capacity and energy scale.,RULE_STOICHIOMETRIC_WINDOW,feature::discharge_formula_Z_mean -> concept::working_ion_transfer -> target::capacity_vol,True,False,False,False,True
capacity_vol,mAh/cm3,False,discharge_formula_Z_min,stoichiometric_window,electrode_state_stoichiometry,L3,Working-ion insertion stoichiometry directly controls theoretical capacity and energy scale.,RULE_STOICHIOMETRIC_WINDOW,feature::discharge_formula_Z_min -> concept::working_ion_transfer -> target::capacity_vol,True,False,False,False,True
capacity_vol,mAh/cm3,False,discharge_formula_Z_range,stoichiometric_window,electrode_state_stoichiometry,L3,Working-ion insertion stoichiometry directly controls theoretical capacity and energy scale.,RULE_STOICHIOMETRIC_WINDOW,feature::discharge_formula_Z_range -> concept::working_ion_transfer -> target::capacity_vol,True,False,False,False,True
capacity_vol,mAh/cm3,False,discharge_formula_Z_std,stoichiometric_window,electrode_state_stoichiometry,L3,Working-ion insertion stoichiometry directly controls theoretical capacity and energy scale.,RULE_STOICHIOMETRIC_WINDOW,feature::discharge_formula_Z_std -> concept::working_ion_transfer -> target::capacity_vol,True,False,False,False,True
capacity_vol,mAh/cm3,False,discharge_formula_atomic_mass_max,stoichiometric_window,electrode_state_stoichiometry,L3,Working-ion insertion stoichiometry directly controls theoretical capacity and energy scale.,RULE_STOICHIOMETRIC_WINDOW,feature::discharge_formula_atomic_mass_max -> concept::working_ion_transfer -> target::capacity_vol,True,False,False,False,True
capacity_vol,mAh/cm3,False,discharge_formula_atomic_mass_mean,stoichiometric_window,electrode_state_stoichiometry,L3,Working-ion insertion stoichiometry directly controls theoretical capacity and energy scale.,RULE_STOICHIOMETRIC_WINDOW,feature::discharge_formula_atomic_mass_mean -> concept::working_ion_transfer -> target::capacity_vol,True,False,False,False,True
capacity_vol,mAh/cm3,False,discharge_formula_atomic_mass_min,stoichiometric_window,electrode_state_stoichiometry,L3,Working-ion insertion stoichiometry directly controls theoretical capacity and energy scale.,RULE_STOICHIOMETRIC_WINDOW,feature::discharge_formula_atomic_mass_min -> concept::working_ion_transfer -> target::capacity_vol,True,False,False,False,True
capacity_vol,mAh/cm3,False,discharge_formula_atomic_mass_range,stoichiometric_window,electrode_state_stoichiometry,L3,Working-ion insertion stoichiometry directly controls theoretical capacity and energy scale.,RULE_STOICHIOMETRIC_WINDOW,feature::discharge_formula_atomic_mass_range -> concept::working_ion_transfer -> target::capacity_vol,True,False,False,False,True
capacity_vol,mAh/cm3,False,discharge_formula_atomic_mass_std,stoichiometric_window,electrode_state_stoichiometry,L3,Working-ion insertion stoichiometry directly controls theoretical capacity and energy scale.,RULE_STOICHIOMETRIC_WINDOW,feature::discharge_formula_atomic_mass_std -> concept::working_ion_transfer -> target::capacity_vol,True,False,False,False,True
capacity_vol,mAh/cm3,False,discharge_formula_frac_Ag,stoichiometric_window,electrode_state_stoichiometry,L3,Working-ion insertion stoichiometry directly controls theoretical capacity and energy scale.,RULE_STOICHIOMETRIC_WINDOW,feature::discharge_formula_frac_Ag -> concept::working_ion_transfer -> target::capacity_vol,True,False,False,False,True
capacity_vol,mAh/cm3,False,discharge_formula_frac_Al,stoichiometric_window,electrode_state_stoichiometry,L3,Working-ion insertion stoichiometry directly controls theoretical capacity and energy scale.,RULE_STOICHIOMETRIC_WINDOW,feature::discharge_formula_frac_Al -> concept::working_ion_transfer -> target::capacity_vol,True,False,False,False,True
capacity_vol,mAh/cm3,False,discharge_formula_frac_As,stoichiometric_window,electrode_state_stoichiometry,L3,Working-ion insertion stoichiometry directly controls theoretical capacity and energy scale.,RULE_STOICHIOMETRIC_WINDOW,feature::discharge_formula_frac_As -> concept::working_ion_transfer -> target::capacity_vol,True,False,False,False,True
capacity_vol,mAh/cm3,False,discharge_formula_frac_B,stoichiometric_window,electrode_state_stoichiometry,L3,Working-ion insertion stoichiometry directly controls theoretical capacity and energy scale.,RULE_STOICHIOMETRIC_WINDOW,feature::discharge_formula_frac_B -> concept::working_ion_transfer -> target::capacity_vol,True,False,False,False,True
capacity_vol,mAh/cm3,False,discharge_formula_frac_Br,stoichiometric_window,electrode_state_stoichiometry,L3,Working-ion insertion stoichiometry directly controls theoretical capacity and energy scale.,RULE_STOICHIOMETRIC_WINDOW,feature::discharge_formula_frac_Br -> concept::working_ion_transfer -> target::capacity_vol,True,False,False,False,True
capacity_vol,mAh/cm3,False,discharge_formula_frac_C,stoichiometric_window,electrode_state_stoichiometry,L3,Working-ion insertion stoichiometry directly controls theoretical capacity and energy scale.,RULE_STOICHIOMETRIC_WINDOW,feature::discharge_formula_frac_C -> concept::working_ion_transfer -> target::capacity_vol,True,False,False,False,True
capacity_vol,mAh/cm3,False,discharge_formula_frac_Ca,stoichiometric_window,electrode_state_stoichiometry,L3,Working-ion insertion stoichiometry directly controls theoretical capacity and energy scale.,RULE_STOICHIOMETRIC_WINDOW,feature::discharge_formula_frac_Ca -> concept::working_ion_transfer -> target::capacity_vol,True,False,False,False,True
capacity_vol,mAh/cm3,False,discharge_formula_frac_Cl,stoichiometric_window,electrode_state_stoichiometry,L3,Working-ion insertion stoichiometry directly controls theoretical capacity and energy scale.,RULE_STOICHIOMETRIC_WINDOW,feature::discharge_formula_frac_Cl -> concept::working_ion_transfer -> target::capacity_vol,True,False,False,False,True
capacity_vol,mAh/cm3,False,discharge_formula_frac_Co,stoichiometric_window,electrode_state_stoichiometry,L3,Working-ion insertion stoichiometry directly controls theoretical capacity and energy scale.,RULE_STOICHIOMETRIC_WINDOW,feature::discharge_formula_frac_Co -> concept::working_ion_transfer -> target::capacity_vol,True,False,False,False,True
capacity_vol,mAh/cm3,False,discharge_formula_frac_Cr,stoichiometric_window,electrode_state_stoichiometry,L3,Working-ion insertion stoichiometry directly controls theoretical capacity and energy scale.,RULE_STOICHIOMETRIC_WINDOW,feature::discharge_formula_frac_Cr -> concept::working_ion_transfer -> target::capacity_vol,True,False,False,False,True
capacity_vol,mAh/cm3,False,discharge_formula_frac_Cu,stoichiometric_window,electrode_state_stoichiometry,L3,Working-ion insertion stoichiometry directly controls theoretical capacity and energy scale.,RULE_STOICHIOMETRIC_WINDOW,feature::discharge_formula_frac_Cu -> concept::working_ion_transfer -> target::capacity_vol,True,False,False,False,True
capacity_vol,mAh/cm3,False,discharge_formula_frac_F,stoichiometric_window,electrode_state_stoichiometry,L3,Working-ion insertion stoichiometry directly controls theoretical capacity and energy scale.,RULE_STOICHIOMETRIC_WINDOW,feature::discharge_formula_frac_F -> concept::working_ion_transfer -> target::capacity_vol,True,False,False,False,True
capacity_vol,mAh/cm3,False,discharge_formula_frac_Fe,stoichiometric_window,electrode_state_stoichiometry,L3,Working-ion insertion stoichiometry directly controls theoretical capacity and energy scale.,RULE_STOICHIOMETRIC_WINDOW,feature::discharge_formula_frac_Fe -> concept::working_ion_transfer -> target::capacity_vol,True,False,False,False,True
capacity_vol,mAh/cm3,False,discharge_formula_frac_I,stoichiometric_window,electrode_state_stoichiometry,L3,Working-ion insertion stoichiometry directly controls theoretical capacity and energy scale.,RULE_STOICHIOMETRIC_WINDOW,feature::discharge_formula_frac_I -> concept::working_ion_transfer -> target::capacity_vol,True,False,False,False,True
capacity_vol,mAh/cm3,False,discharge_formula_frac_K,stoichiometric_window,electrode_state_stoichiometry,L3,Working-ion insertion stoichiometry directly controls theoretical capacity and energy scale.,RULE_STOICHIOMETRIC_WINDOW,feature::discharge_formula_frac_K -> concept::working_ion_transfer -> target::capacity_vol,True,False,False,False,True
capacity_vol,mAh/cm3,False,discharge_formula_frac_Li,stoichiometric_window,electrode_state_stoichiometry,L3,Working-ion insertion stoichiometry directly controls theoretical capacity and energy scale.,RULE_STOICHIOMETRIC_WINDOW,feature::discharge_formula_frac_Li -> concept::working_ion_transfer -> target::capacity_vol,True,False,False,False,True
capacity_vol,mAh/cm3,False,discharge_formula_frac_Mg,stoichiometric_window,electrode_state_stoichiometry,L3,Working-ion insertion stoichiometry directly controls theoretical capacity and energy scale.,RULE_STOICHIOMETRIC_WINDOW,feature::discharge_formula_frac_Mg -> concept::working_ion_transfer -> target::capacity_vol,True,False,False,False,True
capacity_vol,mAh/cm3,False,discharge_formula_frac_Mn,stoichiometric_window,electrode_state_stoichiometry,L3,Working-ion insertion stoichiometry directly controls theoretical capacity and energy scale.,RULE_STOICHIOMETRIC_WINDOW,feature::discharge_formula_frac_Mn -> concept::working_ion_transfer -> target::capacity_vol,True,False,False,False,True
capacity_vol,mAh/cm3,False,discharge_formula_frac_N,stoichiometric_window,electrode_state_stoichiometry,L3,Working-ion insertion stoichiometry directly controls theoretical capacity and energy scale.,RULE_STOICHIOMETRIC_WINDOW,feature::discharge_formula_frac_N -> concept::working_ion_transfer -> target::capacity_vol,True,False,False,False,True
capacity_vol,mAh/cm3,False,discharge_formula_frac_Na,stoichiometric_window,electrode_state_stoichiometry,L3,Working-ion insertion stoichiometry directly controls theoretical capacity and energy scale.,RULE_STOICHIOMETRIC_WINDOW,feature::discharge_formula_frac_Na -> concept::working_ion_transfer -> target::capacity_vol,True,False,False,False,True
capacity_vol,mAh/cm3,False,discharge_formula_frac_Ni,stoichiometric_window,electrode_state_stoichiometry,L3,Working-ion insertion stoichiometry directly controls theoretical capacity and energy scale.,RULE_STOICHIOMETRIC_WINDOW,feature::discharge_formula_frac_Ni -> concept::working_ion_transfer -> target::capacity_vol,True,False,False,False,True
capacity_vol,mAh/cm3,False,discharge_formula_frac_O,stoichiometric_window,electrode_state_stoichiometry,L3,Working-ion insertion stoichiometry directly controls theoretical capacity and energy scale.,RULE_STOICHIOMETRIC_WINDOW,feature::discharge_formula_frac_O -> concept::working_ion_transfer -> target::capacity_vol,True,False,False,False,True
capacity_vol,mAh/cm3,False,discharge_formula_frac_P,stoichiometric_window,electrode_state_stoichiometry,L3,Working-ion insertion stoichiometry directly controls theoretical capacity and energy scale.,RULE_STOICHIOMETRIC_WINDOW,feature::discharge_formula_frac_P -> concept::working_ion_transfer -> target::capacity_vol,True,False,False,False,True
capacity_vol,mAh/cm3,False,discharge_formula_frac_S,stoichiometric_window,electrode_state_stoichiometry,L3,Working-ion insertion stoichiometry directly controls theoretical capacity and energy scale.,RULE_STOICHIOMETRIC_WINDOW,feature::discharge_formula_frac_S -> concept::working_ion_transfer -> target::capacity_vol,True,False,False,False,True
capacity_vol,mAh/cm3,False,discharge_formula_frac_Si,stoichiometric_window,electrode_state_stoichiometry,L3,Working-ion insertion stoichiometry directly controls theoretical capacity and energy scale.,RULE_STOICHIOMETRIC_WINDOW,feature::discharge_formula_frac_Si -> concept::working_ion_transfer -> target::capacity_vol,True,False,False,False,True
capacity_vol,mAh/cm3,False,discharge_formula_frac_Ti,stoichiometric_window,electrode_state_stoichiometry,L3,Working-ion insertion stoichiometry directly controls theoretical capacity and energy scale.,RULE_STOICHIOMETRIC_WINDOW,feature::discharge_formula_frac_Ti -> concept::working_ion_transfer -> target::capacity_vol,True,False,False,False,True
capacity_vol,mAh/cm3,False,discharge_formula_frac_V,stoichiometric_window,electrode_state_stoichiometry,L3,Working-ion insertion stoichiometry directly controls theoretical capacity and energy scale.,RULE_STOICHIOMETRIC_WINDOW,feature::discharge_formula_frac_V -> concept::working_ion_transfer -> target::capacity_vol,True,False,False,False,True
capacity_vol,mAh/cm3,False,discharge_formula_frac_Zn,stoichiometric_window,electrode_state_stoichiometry,L3,Working-ion insertion stoichiometry directly controls theoretical capacity and energy scale.,RULE_STOICHIOMETRIC_WINDOW,feature::discharge_formula_frac_Zn -> concept::working_ion_transfer -> target::capacity_vol,True,False,False,False,True
capacity_vol,mAh/cm3,False,discharge_formula_frac_transition_metals,stoichiometric_window,electrode_state_stoichiometry,L3,Working-ion insertion stoichiometry directly controls theoretical capacity and energy scale.,RULE_STOICHIOMETRIC_WINDOW,feature::discharge_formula_frac_transition_metals -> concept::working_ion_transfer -> target::capacity_vol,True,False,False,False,True
capacity_vol,mAh/cm3,False,discharge_formula_group_max,stoichiometric_window,electrode_state_stoichiometry,L3,Working-ion insertion stoichiometry directly controls theoretical capacity and energy scale.,RULE_STOICHIOMETRIC_WINDOW,feature::discharge_formula_group_max -> concept::working_ion_transfer -> target::capacity_vol,True,False,False,False,True
capacity_vol,mAh/cm3,False,discharge_formula_group_mean,stoichiometric_window,electrode_state_stoichiometry,L3,Working-ion insertion stoichiometry directly controls theoretical capacity and energy scale.,RULE_STOICHIOMETRIC_WINDOW,feature::discharge_formula_group_mean -> concept::working_ion_transfer -> target::capacity_vol,True,False,False,False,True
capacity_vol,mAh/cm3,False,discharge_formula_group_min,stoichiometric_window,electrode_state_stoichiometry,L3,Working-ion insertion stoichiometry directly controls theoretical capacity and energy scale.,RULE_STOICHIOMETRIC_WINDOW,feature::discharge_formula_group_min -> concept::working_ion_transfer -> target::capacity_vol,True,False,False,False,True
capacity_vol,mAh/cm3,False,discharge_formula_group_range,stoichiometric_window,electrode_state_stoichiometry,L3,Working-ion insertion stoichiometry directly controls theoretical capacity and energy scale.,RULE_STOICHIOMETRIC_WINDOW,feature::discharge_formula_group_range -> concept::working_ion_transfer -> target::capacity_vol,True,False,False,False,True
capacity_vol,mAh/cm3,False,discharge_formula_group_std,stoichiometric_window,electrode_state_stoichiometry,L3,Working-ion insertion stoichiometry directly controls theoretical capacity and energy scale.,RULE_STOICHIOMETRIC_WINDOW,feature::discharge_formula_group_std -> concept::working_ion_transfer -> target::capacity_vol,True,False,False,False,True
capacity_vol,mAh/cm3,False,discharge_formula_has_Br,stoichiometric_window,electrode_state_stoichiometry,L3,Working-ion insertion stoichiometry directly controls theoretical capacity and energy scale.,RULE_STOICHIOMETRIC_WINDOW,feature::discharge_formula_has_Br -> concept::working_ion_transfer -> target::capacity_vol,True,False,False,False,True
capacity_vol,mAh/cm3,False,discharge_formula_has_C,stoichiometric_window,electrode_state_stoichiometry,L3,Working-ion insertion stoichiometry directly controls theoretical capacity and energy scale.,RULE_STOICHIOMETRIC_WINDOW,feature::discharge_formula_has_C -> concept::working_ion_transfer -> target::capacity_vol,True,False,False,False,True
capacity_vol,mAh/cm3,False,discharge_formula_has_Cl,stoichiometric_window,electrode_state_stoichiometry,L3,Working-ion insertion stoichiometry directly controls theoretical capacity and energy scale.,RULE_STOICHIOMETRIC_WINDOW,feature::discharge_formula_has_Cl -> concept::working_ion_transfer -> target::capacity_vol,True,False,False,False,True
capacity_vol,mAh/cm3,False,discharge_formula_has_F,stoichiometric_window,electrode_state_stoichiometry,L3,Working-ion insertion stoichiometry directly controls theoretical capacity and energy scale.,RULE_STOICHIOMETRIC_WINDOW,feature::discharge_formula_has_F -> concept::working_ion_transfer -> target::capacity_vol,True,False,False,False,True
capacity_vol,mAh/cm3,False,discharge_formula_has_I,stoichiometric_window,electrode_state_stoichiometry,L3,Working-ion insertion stoichiometry directly controls theoretical capacity and energy scale.,RULE_STOICHIOMETRIC_WINDOW,feature::discharge_formula_has_I -> concept::working_ion_transfer -> target::capacity_vol,True,False,False,False,True
capacity_vol,mAh/cm3,False,discharge_formula_has_N,stoichiometric_window,electrode_state_stoichiometry,L3,Working-ion insertion stoichiometry directly controls theoretical capacity and energy scale.,RULE_STOICHIOMETRIC_WINDOW,feature::discharge_formula_has_N -> concept::working_ion_transfer -> target::capacity_vol,True,False,False,False,True
capacity_vol,mAh/cm3,False,discharge_formula_has_O,stoichiometric_window,electrode_state_stoichiometry,L3,Working-ion insertion stoichiometry directly controls theoretical capacity and energy scale.,RULE_STOICHIOMETRIC_WINDOW,feature::discharge_formula_has_O -> concept::working_ion_transfer -> target::capacity_vol,True,False,False,False,True
capacity_vol,mAh/cm3,False,discharge_formula_has_P,stoichiometric_window,electrode_state_stoichiometry,L3,Working-ion insertion stoichiometry directly controls theoretical capacity and energy scale.,RULE_STOICHIOMETRIC_WINDOW,feature::discharge_formula_has_P -> concept::working_ion_transfer -> target::capacity_vol,True,False,False,False,True
capacity_vol,mAh/cm3,False,discharge_formula_has_S,stoichiometric_window,electrode_state_stoichiometry,L3,Working-ion insertion stoichiometry directly controls theoretical capacity and energy scale.,RULE_STOICHIOMETRIC_WINDOW,feature::discharge_formula_has_S -> concept::working_ion_transfer -> target::capacity_vol,True,False,False,False,True
capacity_vol,mAh/cm3,False,discharge_formula_has_Si,stoichiometric_window,electrode_state_stoichiometry,L3,Working-ion insertion stoichiometry directly controls theoretical capacity and energy scale.,RULE_STOICHIOMETRIC_WINDOW,feature::discharge_formula_has_Si -> concept::working_ion_transfer -> target::capacity_vol,True,False,False,False,True
capacity_vol,mAh/cm3,False,discharge_formula_n_atoms,stoichiometric_window,electrode_state_stoichiometry,L3,Working-ion insertion stoichiometry directly controls theoretical capacity and energy scale.,RULE_STOICHIOMETRIC_WINDOW,feature::discharge_formula_n_atoms -> concept::working_ion_transfer -> target::capacity_vol,True,False,False,False,True
capacity_vol,mAh/cm3,False,discharge_formula_n_elements,stoichiometric_window,electrode_state_stoichiometry,L3,Working-ion insertion stoichiometry directly controls theoretical capacity and energy scale.,RULE_STOICHIOMETRIC_WINDOW,feature::discharge_formula_n_elements -> concept::working_ion_transfer -> target::capacity_vol,True,False,False,False,True
capacity_vol,mAh/cm3,False,discharge_formula_n_transition_metals,stoichiometric_window,electrode_state_stoichiometry,L3,Working-ion insertion stoichiometry directly controls theoretical capacity and energy scale.,RULE_STOICHIOMETRIC_WINDOW,feature::discharge_formula_n_transition_metals -> concept::working_ion_transfer -> target::capacity_vol,True,False,False,False,True
capacity_vol,mAh/cm3,False,discharge_formula_parse_ok,stoichiometric_window,electrode_state_stoichiometry,L3,Working-ion insertion stoichiometry directly controls theoretical capacity and energy scale.,RULE_STOICHIOMETRIC_WINDOW,feature::discharge_formula_parse_ok -> concept::working_ion_transfer -> target::capacity_vol,True,False,False,False,True
capacity_vol,mAh/cm3,False,discharge_formula_row_max,stoichiometric_window,electrode_state_stoichiometry,L3,Working-ion insertion stoichiometry directly controls theoretical capacity and energy scale.,RULE_STOICHIOMETRIC_WINDOW,feature::discharge_formula_row_max -> concept::working_ion_transfer -> target::capacity_vol,True,False,False,False,True
capacity_vol,mAh/cm3,False,discharge_formula_row_mean,stoichiometric_window,electrode_state_stoichiometry,L3,Working-ion insertion stoichiometry directly controls theoretical capacity and energy scale.,RULE_STOICHIOMETRIC_WINDOW,feature::discharge_formula_row_mean -> concept::working_ion_transfer -> target::capacity_vol,True,False,False,False,True
capacity_vol,mAh/cm3,False,discharge_formula_row_min,stoichiometric_window,electrode_state_stoichiometry,L3,Working-ion insertion stoichiometry directly controls theoretical capacity and energy scale.,RULE_STOICHIOMETRIC_WINDOW,feature::discharge_formula_row_min -> concept::working_ion_transfer -> target::capacity_vol,True,False,False,False,True
capacity_vol,mAh/cm3,False,discharge_formula_row_range,stoichiometric_window,electrode_state_stoichiometry,L3,Working-ion insertion stoichiometry directly controls theoretical capacity and energy scale.,RULE_STOICHIOMETRIC_WINDOW,feature::discharge_formula_row_range -> concept::working_ion_transfer -> target::capacity_vol,True,False,False,False,True
capacity_vol,mAh/cm3,False,discharge_formula_row_std,stoichiometric_window,electrode_state_stoichiometry,L3,Working-ion insertion stoichiometry directly controls theoretical capacity and energy scale.,RULE_STOICHIOMETRIC_WINDOW,feature::discharge_formula_row_std -> concept::working_ion_transfer -> target::capacity_vol,True,False,False,False,True
capacity_vol,mAh/cm3,False,discharge_summary_band_gap,post_dft_electronic_summary,post_dft_electronic,L4,The electronic descriptor is generated in the same post-DFT record and is decision-support only.,RULE_POST_DFT_ELECTRONIC,feature::discharge_summary_band_gap -> concept::post_dft_record -> target::capacity_vol,True,False,False,True,True
capacity_vol,mAh/cm3,False,discharge_summary_density,relaxed_structure_summary,relaxed_structure,L0,The relaxed-structure summary is not target-defining for this target.,RULE_SAFE_STRUCTURE,feature::discharge_summary_density -> target::capacity_vol,True,False,True,True,True
capacity_vol,mAh/cm3,False,discharge_summary_density_atomic,relaxed_structure_summary,relaxed_structure,L0,The relaxed-structure summary is not target-defining for this target.,RULE_SAFE_STRUCTURE,feature::discharge_summary_density_atomic -> target::capacity_vol,True,False,True,True,True
capacity_vol,mAh/cm3,False,discharge_summary_energy_above_hull,post_dft_energy_stability_summary,post_dft_thermodynamics,L4,The hull/stability summary is a post-DFT decision-support descriptor for this target.,RULE_HULL_OTHER,feature::discharge_summary_energy_above_hull -> concept::post_dft_thermodynamics -> target::capacity_vol,True,False,False,True,True
capacity_vol,mAh/cm3,False,discharge_summary_formation_energy_per_atom,post_dft_energy_stability_summary,post_dft_thermodynamics,L4,The thermodynamic summary is a post-DFT decision-support descriptor.,RULE_POST_DFT_ENERGY_DEFAULT,feature::discharge_summary_formation_energy_per_atom -> concept::post_dft_thermodynamics -> target::capacity_vol,True,False,False,True,True
capacity_vol,mAh/cm3,False,discharge_summary_is_metal,post_dft_electronic_summary,post_dft_electronic,L4,The electronic descriptor is generated in the same post-DFT record and is decision-support only.,RULE_POST_DFT_ELECTRONIC,feature::discharge_summary_is_metal -> concept::post_dft_record -> target::capacity_vol,True,False,False,True,True
capacity_vol,mAh/cm3,False,discharge_summary_is_stable,post_dft_energy_stability_summary,post_dft_thermodynamics,L4,The hull/stability summary is a post-DFT decision-support descriptor for this target.,RULE_HULL_OTHER,feature::discharge_summary_is_stable -> concept::post_dft_thermodynamics -> target::capacity_vol,True,False,False,True,True
capacity_vol,mAh/cm3,False,discharge_summary_nsites,relaxed_structure_summary,relaxed_structure,L0,The relaxed-structure summary is not target-defining for this target.,RULE_SAFE_STRUCTURE,feature::discharge_summary_nsites -> target::capacity_vol,True,False,True,True,True
capacity_vol,mAh/cm3,False,discharge_summary_symmetry_number,relaxed_structure_summary,relaxed_structure,L0,The relaxed-structure summary is not target-defining for this target.,RULE_SAFE_STRUCTURE,feature::discharge_summary_symmetry_number -> target::capacity_vol,True,False,True,True,True
capacity_vol,mAh/cm3,False,discharge_summary_theoretical,post_dft_provenance_flag,post_dft_provenance,L4,The provenance flag is available only from the post-DFT record.,RULE_POST_DFT_PROVENANCE,feature::discharge_summary_theoretical -> concept::post_dft_record -> target::capacity_vol,True,False,False,False,True
capacity_vol,mAh/cm3,False,discharge_summary_volume,relaxed_structure_summary,relaxed_structure,L0,The relaxed-structure summary is not target-defining for this target.,RULE_SAFE_STRUCTURE,feature::discharge_summary_volume -> target::capacity_vol,True,False,True,True,True
capacity_vol,mAh/cm3,False,discharge_summary_volume_per_site,relaxed_structure_summary,relaxed_structure,L0,The relaxed-structure summary is not target-defining for this target.,RULE_SAFE_STRUCTURE,feature::discharge_summary_volume_per_site -> target::capacity_vol,True,False,True,True,True
capacity_vol,mAh/cm3,False,energy_grav,stored_electrode_target,stored_electrode_record,L2,Capacity and energy variants are mathematically target-adjacent.,RULE_CAPACITY_ENERGY_RELATION,feature::energy_grav -> concept::capacity_energy_relation -> target::capacity_vol,True,False,False,False,True
capacity_vol,mAh/cm3,False,energy_vol,stored_electrode_target,stored_electrode_record,L2,Capacity and energy variants are mathematically target-adjacent.,RULE_CAPACITY_ENERGY_RELATION,feature::energy_vol -> concept::capacity_energy_relation -> target::capacity_vol,True,False,False,False,True
capacity_vol,mAh/cm3,False,fracA_charge,stoichiometric_window,electrode_state_stoichiometry,L3,Working-ion insertion stoichiometry directly controls theoretical capacity and energy scale.,RULE_STOICHIOMETRIC_WINDOW,feature::fracA_charge -> concept::working_ion_transfer -> target::capacity_vol,True,False,False,False,True
capacity_vol,mAh/cm3,False,fracA_discharge,stoichiometric_window,electrode_state_stoichiometry,L3,Working-ion insertion stoichiometry directly controls theoretical capacity and energy scale.,RULE_STOICHIOMETRIC_WINDOW,feature::fracA_discharge -> concept::working_ion_transfer -> target::capacity_vol,True,False,False,False,True
capacity_vol,mAh/cm3,False,max_delta_volume,stored_electrode_target,stored_electrode_record,L4,A different stored electrode property is available only as a post-hoc computed-record descriptor.,RULE_OTHER_STORED_TARGET,feature::max_delta_volume -> concept::stored_electrode_record -> target::capacity_vol,True,False,False,False,True
capacity_vol,mAh/cm3,False,max_voltage_step,stored_electrode_process_descriptor,stored_electrode_record,L0,No direct target dependency is identified for this target.,RULE_SAFE_DEFAULT,feature::max_voltage_step -> target::capacity_vol,True,False,False,True,True
capacity_vol,mAh/cm3,False,num_steps,stored_electrode_process_descriptor,stored_electrode_record,L0,No direct target dependency is identified for this target.,RULE_SAFE_DEFAULT,feature::num_steps -> target::capacity_vol,True,False,False,True,True
capacity_vol,mAh/cm3,False,stability_charge,stored_electrode_target,stored_electrode_record,L4,A different stored electrode property is available only as a post-hoc computed-record descriptor.,RULE_OTHER_STORED_TARGET,feature::stability_charge -> concept::stored_electrode_record -> target::capacity_vol,True,False,False,False,True
capacity_vol,mAh/cm3,False,stability_discharge,stored_electrode_target,stored_electrode_record,L4,A different stored electrode property is available only as a post-hoc computed-record descriptor.,RULE_OTHER_STORED_TARGET,feature::stability_discharge -> concept::stored_electrode_record -> target::capacity_vol,True,False,False,False,True
capacity_vol,mAh/cm3,False,stability_worst,stored_electrode_target,stored_electrode_record,L4,A different stored electrode property is available only as a post-hoc computed-record descriptor.,RULE_OTHER_STORED_TARGET,feature::stability_worst -> concept::stored_electrode_record -> target::capacity_vol,True,False,False,False,True
capacity_vol,mAh/cm3,False,stoich_abs_wi_amount_delta,stoichiometric_window,electrode_state_stoichiometry,L3,Working-ion insertion stoichiometry directly controls theoretical capacity and energy scale.,RULE_STOICHIOMETRIC_WINDOW,feature::stoich_abs_wi_amount_delta -> concept::working_ion_transfer -> target::capacity_vol,True,False,False,False,True
capacity_vol,mAh/cm3,False,stoich_wi_amount_charge,stoichiometric_window,electrode_state_stoichiometry,L3,Working-ion insertion stoichiometry directly controls theoretical capacity and energy scale.,RULE_STOICHIOMETRIC_WINDOW,feature::stoich_wi_amount_charge -> concept::working_ion_transfer -> target::capacity_vol,True,False,False,False,True
capacity_vol,mAh/cm3,False,stoich_wi_amount_delta,stoichiometric_window,electrode_state_stoichiometry,L3,Working-ion insertion stoichiometry directly controls theoretical capacity and energy scale.,RULE_STOICHIOMETRIC_WINDOW,feature::stoich_wi_amount_delta -> concept::working_ion_transfer -> target::capacity_vol,True,False,False,False,True
capacity_vol,mAh/cm3,False,stoich_wi_amount_discharge,stoichiometric_window,electrode_state_stoichiometry,L3,Working-ion insertion stoichiometry directly controls theoretical capacity and energy scale.,RULE_STOICHIOMETRIC_WINDOW,feature::stoich_wi_amount_discharge -> concept::working_ion_transfer -> target::capacity_vol,True,False,False,False,True
capacity_vol,mAh/cm3,False,stored_abs_fracA_delta,other_numeric,derived_miscellaneous,L0,No direct target dependency is identified for this target.,RULE_SAFE_DEFAULT,feature::stored_abs_fracA_delta -> target::capacity_vol,True,False,False,False,True
capacity_vol,mAh/cm3,False,stored_fracA_delta,stoichiometric_window,electrode_state_stoichiometry,L3,Working-ion insertion stoichiometry directly controls theoretical capacity and energy scale.,RULE_STOICHIOMETRIC_WINDOW,feature::stored_fracA_delta -> concept::working_ion_transfer -> target::capacity_vol,True,False,False,False,True
capacity_vol,mAh/cm3,False,summary_abs_delta_band_gap,post_dft_electronic_summary,post_dft_electronic,L4,The electronic descriptor is generated in the same post-DFT record and is decision-support only.,RULE_POST_DFT_ELECTRONIC,feature::summary_abs_delta_band_gap -> concept::post_dft_record -> target::capacity_vol,True,False,False,True,True
capacity_vol,mAh/cm3,False,summary_abs_delta_density,relaxed_structure_summary,relaxed_structure,L0,The relaxed-structure summary is not target-defining for this target.,RULE_SAFE_STRUCTURE,feature::summary_abs_delta_density -> target::capacity_vol,True,False,True,True,True
capacity_vol,mAh/cm3,False,summary_abs_delta_density_atomic,relaxed_structure_summary,relaxed_structure,L0,The relaxed-structure summary is not target-defining for this target.,RULE_SAFE_STRUCTURE,feature::summary_abs_delta_density_atomic -> target::capacity_vol,True,False,True,True,True
capacity_vol,mAh/cm3,False,summary_abs_delta_energy_above_hull,post_dft_energy_stability_summary,post_dft_thermodynamics,L4,The hull/stability summary is a post-DFT decision-support descriptor for this target.,RULE_HULL_OTHER,feature::summary_abs_delta_energy_above_hull -> concept::post_dft_thermodynamics -> target::capacity_vol,True,False,False,True,True
capacity_vol,mAh/cm3,False,summary_abs_delta_formation_energy_per_atom,post_dft_energy_stability_summary,post_dft_thermodynamics,L4,The thermodynamic summary is a post-DFT decision-support descriptor.,RULE_POST_DFT_ENERGY_DEFAULT,feature::summary_abs_delta_formation_energy_per_atom -> concept::post_dft_thermodynamics -> target::capacity_vol,True,False,False,True,True
capacity_vol,mAh/cm3,False,summary_abs_delta_volume_fraction,relaxed_structure_summary,relaxed_structure,L0,The relaxed-structure summary is not target-defining for this target.,RULE_SAFE_STRUCTURE,feature::summary_abs_delta_volume_fraction -> target::capacity_vol,True,False,True,True,True
capacity_vol,mAh/cm3,False,summary_abs_delta_volume_per_site,relaxed_structure_summary,relaxed_structure,L0,The relaxed-structure summary is not target-defining for this target.,RULE_SAFE_STRUCTURE,feature::summary_abs_delta_volume_per_site -> target::capacity_vol,True,False,True,True,True
capacity_vol,mAh/cm3,False,summary_delta_band_gap,post_dft_electronic_summary,post_dft_electronic,L4,The electronic descriptor is generated in the same post-DFT record and is decision-support only.,RULE_POST_DFT_ELECTRONIC,feature::summary_delta_band_gap -> concept::post_dft_record -> target::capacity_vol,True,False,False,True,True
capacity_vol,mAh/cm3,False,summary_delta_density,relaxed_structure_summary,relaxed_structure,L0,The relaxed-structure summary is not target-defining for this target.,RULE_SAFE_STRUCTURE,feature::summary_delta_density -> target::capacity_vol,True,False,True,True,True
capacity_vol,mAh/cm3,False,summary_delta_density_atomic,relaxed_structure_summary,relaxed_structure,L0,The relaxed-structure summary is not target-defining for this target.,RULE_SAFE_STRUCTURE,feature::summary_delta_density_atomic -> target::capacity_vol,True,False,True,True,True
capacity_vol,mAh/cm3,False,summary_delta_energy_above_hull,post_dft_energy_stability_summary,post_dft_thermodynamics,L4,The hull/stability summary is a post-DFT decision-support descriptor for this target.,RULE_HULL_OTHER,feature::summary_delta_energy_above_hull -> concept::post_dft_thermodynamics -> target::capacity_vol,True,False,False,True,True
capacity_vol,mAh/cm3,False,summary_delta_formation_energy_per_atom,post_dft_energy_stability_summary,post_dft_thermodynamics,L4,The thermodynamic summary is a post-DFT decision-support descriptor.,RULE_POST_DFT_ENERGY_DEFAULT,feature::summary_delta_formation_energy_per_atom -> concept::post_dft_thermodynamics -> target::capacity_vol,True,False,False,True,True
capacity_vol,mAh/cm3,False,summary_delta_volume_fraction,relaxed_structure_summary,relaxed_structure,L0,The relaxed-structure summary is not target-defining for this target.,RULE_SAFE_STRUCTURE,feature::summary_delta_volume_fraction -> target::capacity_vol,True,False,True,True,True
capacity_vol,mAh/cm3,False,summary_delta_volume_per_site,relaxed_structure_summary,relaxed_structure,L0,The relaxed-structure summary is not target-defining for this target.,RULE_SAFE_STRUCTURE,feature::summary_delta_volume_per_site -> target::capacity_vol,True,False,True,True,True
capacity_vol,mAh/cm3,False,summary_worst_energy_above_hull,post_dft_energy_stability_summary,post_dft_thermodynamics,L4,The hull/stability summary is a post-DFT decision-support descriptor for this target.,RULE_HULL_OTHER,feature::summary_worst_energy_above_hull -> concept::post_dft_thermodynamics -> target::capacity_vol,True,False,False,True,True
capacity_vol,mAh/cm3,False,wi_is_K,domain_label_onehot,validation_only,L5,Working-ion/domain labels encode validation-domain membership and must be controlled by split design.,RULE_DOMAIN_LABEL,feature::wi_is_K -> concept::validation_domain -> target::capacity_vol,False,False,False,False,False
capacity_vol,mAh/cm3,False,wi_is_Li,domain_label_onehot,validation_only,L5,Working-ion/domain labels encode validation-domain membership and must be controlled by split design.,RULE_DOMAIN_LABEL,feature::wi_is_Li -> concept::validation_domain -> target::capacity_vol,False,False,False,False,False
capacity_vol,mAh/cm3,False,wi_is_Na,domain_label_onehot,validation_only,L5,Working-ion/domain labels encode validation-domain membership and must be controlled by split design.,RULE_DOMAIN_LABEL,feature::wi_is_Na -> concept::validation_domain -> target::capacity_vol,False,False,False,False,False
energy_grav,Wh/kg,True,average_voltage,stored_electrode_target,stored_electrode_record,L2,"Energy is defined by voltage and capacity, with unit-related energy/capacity variants.",RULE_ENERGY_DEFINITION,feature::average_voltage -> concept::energy_definition -> target::energy_grav,True,False,False,False,True
energy_grav,Wh/kg,True,capacity_grav,stored_electrode_target,stored_electrode_record,L2,"Energy is defined by voltage and capacity, with unit-related energy/capacity variants.",RULE_ENERGY_DEFINITION,feature::capacity_grav -> concept::energy_definition -> target::energy_grav,True,False,False,False,True
energy_grav,Wh/kg,True,capacity_vol,stored_electrode_target,stored_electrode_record,L2,"Energy is defined by voltage and capacity, with unit-related energy/capacity variants.",RULE_ENERGY_DEFINITION,feature::capacity_vol -> concept::energy_definition -> target::energy_grav,True,False,False,False,True
energy_grav,Wh/kg,True,charge_formula_X_max,stoichiometric_window,electrode_state_stoichiometry,L3,Working-ion insertion stoichiometry directly controls theoretical capacity and energy scale.,RULE_STOICHIOMETRIC_WINDOW,feature::charge_formula_X_max -> concept::working_ion_transfer -> target::energy_grav,True,False,False,False,True
energy_grav,Wh/kg,True,charge_formula_X_mean,stoichiometric_window,electrode_state_stoichiometry,L3,Working-ion insertion stoichiometry directly controls theoretical capacity and energy scale.,RULE_STOICHIOMETRIC_WINDOW,feature::charge_formula_X_mean -> concept::working_ion_transfer -> target::energy_grav,True,False,False,False,True
energy_grav,Wh/kg,True,charge_formula_X_min,stoichiometric_window,electrode_state_stoichiometry,L3,Working-ion insertion stoichiometry directly controls theoretical capacity and energy scale.,RULE_STOICHIOMETRIC_WINDOW,feature::charge_formula_X_min -> concept::working_ion_transfer -> target::energy_grav,True,False,False,False,True
energy_grav,Wh/kg,True,charge_formula_X_range,stoichiometric_window,electrode_state_stoichiometry,L3,Working-ion insertion stoichiometry directly controls theoretical capacity and energy scale.,RULE_STOICHIOMETRIC_WINDOW,feature::charge_formula_X_range -> concept::working_ion_transfer -> target::energy_grav,True,False,False,False,True
energy_grav,Wh/kg,True,charge_formula_X_std,stoichiometric_window,electrode_state_stoichiometry,L3,Working-ion insertion stoichiometry directly controls theoretical capacity and energy scale.,RULE_STOICHIOMETRIC_WINDOW,feature::charge_formula_X_std -> concept::working_ion_transfer -> target::energy_grav,True,False,False,False,True
energy_grav,Wh/kg,True,charge_formula_Z_max,stoichiometric_window,electrode_state_stoichiometry,L3,Working-ion insertion stoichiometry directly controls theoretical capacity and energy scale.,RULE_STOICHIOMETRIC_WINDOW,feature::charge_formula_Z_max -> concept::working_ion_transfer -> target::energy_grav,True,False,False,False,True
energy_grav,Wh/kg,True,charge_formula_Z_mean,stoichiometric_window,electrode_state_stoichiometry,L3,Working-ion insertion stoichiometry directly controls theoretical capacity and energy scale.,RULE_STOICHIOMETRIC_WINDOW,feature::charge_formula_Z_mean -> concept::working_ion_transfer -> target::energy_grav,True,False,False,False,True
energy_grav,Wh/kg,True,charge_formula_Z_min,stoichiometric_window,electrode_state_stoichiometry,L3,Working-ion insertion stoichiometry directly controls theoretical capacity and energy scale.,RULE_STOICHIOMETRIC_WINDOW,feature::charge_formula_Z_min -> concept::working_ion_transfer -> target::energy_grav,True,False,False,False,True
energy_grav,Wh/kg,True,charge_formula_Z_range,stoichiometric_window,electrode_state_stoichiometry,L3,Working-ion insertion stoichiometry directly controls theoretical capacity and energy scale.,RULE_STOICHIOMETRIC_WINDOW,feature::charge_formula_Z_range -> concept::working_ion_transfer -> target::energy_grav,True,False,False,False,True
energy_grav,Wh/kg,True,charge_formula_Z_std,stoichiometric_window,electrode_state_stoichiometry,L3,Working-ion insertion stoichiometry directly controls theoretical capacity and energy scale.,RULE_STOICHIOMETRIC_WINDOW,feature::charge_formula_Z_std -> concept::working_ion_transfer -> target::energy_grav,True,False,False,False,True
energy_grav,Wh/kg,True,charge_formula_atomic_mass_max,stoichiometric_window,electrode_state_stoichiometry,L3,Working-ion insertion stoichiometry directly controls theoretical capacity and energy scale.,RULE_STOICHIOMETRIC_WINDOW,feature::charge_formula_atomic_mass_max -> concept::working_ion_transfer -> target::energy_grav,True,False,False,False,True
energy_grav,Wh/kg,True,charge_formula_atomic_mass_mean,stoichiometric_window,electrode_state_stoichiometry,L3,Working-ion insertion stoichiometry directly controls theoretical capacity and energy scale.,RULE_STOICHIOMETRIC_WINDOW,feature::charge_formula_atomic_mass_mean -> concept::working_ion_transfer -> target::energy_grav,True,False,False,False,True
energy_grav,Wh/kg,True,charge_formula_atomic_mass_min,stoichiometric_window,electrode_state_stoichiometry,L3,Working-ion insertion stoichiometry directly controls theoretical capacity and energy scale.,RULE_STOICHIOMETRIC_WINDOW,feature::charge_formula_atomic_mass_min -> concept::working_ion_transfer -> target::energy_grav,True,False,False,False,True
energy_grav,Wh/kg,True,charge_formula_atomic_mass_range,stoichiometric_window,electrode_state_stoichiometry,L3,Working-ion insertion stoichiometry directly controls theoretical capacity and energy scale.,RULE_STOICHIOMETRIC_WINDOW,feature::charge_formula_atomic_mass_range -> concept::working_ion_transfer -> target::energy_grav,True,False,False,False,True
energy_grav,Wh/kg,True,charge_formula_atomic_mass_std,stoichiometric_window,electrode_state_stoichiometry,L3,Working-ion insertion stoichiometry directly controls theoretical capacity and energy scale.,RULE_STOICHIOMETRIC_WINDOW,feature::charge_formula_atomic_mass_std -> concept::working_ion_transfer -> target::energy_grav,True,False,False,False,True
energy_grav,Wh/kg,True,charge_formula_frac_Ag,stoichiometric_window,electrode_state_stoichiometry,L3,Working-ion insertion stoichiometry directly controls theoretical capacity and energy scale.,RULE_STOICHIOMETRIC_WINDOW,feature::charge_formula_frac_Ag -> concept::working_ion_transfer -> target::energy_grav,True,False,False,False,True
energy_grav,Wh/kg,True,charge_formula_frac_Al,stoichiometric_window,electrode_state_stoichiometry,L3,Working-ion insertion stoichiometry directly controls theoretical capacity and energy scale.,RULE_STOICHIOMETRIC_WINDOW,feature::charge_formula_frac_Al -> concept::working_ion_transfer -> target::energy_grav,True,False,False,False,True
energy_grav,Wh/kg,True,charge_formula_frac_As,stoichiometric_window,electrode_state_stoichiometry,L3,Working-ion insertion stoichiometry directly controls theoretical capacity and energy scale.,RULE_STOICHIOMETRIC_WINDOW,feature::charge_formula_frac_As -> concept::working_ion_transfer -> target::energy_grav,True,False,False,False,True
energy_grav,Wh/kg,True,charge_formula_frac_B,stoichiometric_window,electrode_state_stoichiometry,L3,Working-ion insertion stoichiometry directly controls theoretical capacity and energy scale.,RULE_STOICHIOMETRIC_WINDOW,feature::charge_formula_frac_B -> concept::working_ion_transfer -> target::energy_grav,True,False,False,False,True
energy_grav,Wh/kg,True,charge_formula_frac_Br,stoichiometric_window,electrode_state_stoichiometry,L3,Working-ion insertion stoichiometry directly controls theoretical capacity and energy scale.,RULE_STOICHIOMETRIC_WINDOW,feature::charge_formula_frac_Br -> concept::working_ion_transfer -> target::energy_grav,True,False,False,False,True
energy_grav,Wh/kg,True,charge_formula_frac_C,stoichiometric_window,electrode_state_stoichiometry,L3,Working-ion insertion stoichiometry directly controls theoretical capacity and energy scale.,RULE_STOICHIOMETRIC_WINDOW,feature::charge_formula_frac_C -> concept::working_ion_transfer -> target::energy_grav,True,False,False,False,True
energy_grav,Wh/kg,True,charge_formula_frac_Ca,stoichiometric_window,electrode_state_stoichiometry,L3,Working-ion insertion stoichiometry directly controls theoretical capacity and energy scale.,RULE_STOICHIOMETRIC_WINDOW,feature::charge_formula_frac_Ca -> concept::working_ion_transfer -> target::energy_grav,True,False,False,False,True
energy_grav,Wh/kg,True,charge_formula_frac_Cl,stoichiometric_window,electrode_state_stoichiometry,L3,Working-ion insertion stoichiometry directly controls theoretical capacity and energy scale.,RULE_STOICHIOMETRIC_WINDOW,feature::charge_formula_frac_Cl -> concept::working_ion_transfer -> target::energy_grav,True,False,False,False,True
energy_grav,Wh/kg,True,charge_formula_frac_Co,stoichiometric_window,electrode_state_stoichiometry,L3,Working-ion insertion stoichiometry directly controls theoretical capacity and energy scale.,RULE_STOICHIOMETRIC_WINDOW,feature::charge_formula_frac_Co -> concept::working_ion_transfer -> target::energy_grav,True,False,False,False,True
energy_grav,Wh/kg,True,charge_formula_frac_Cr,stoichiometric_window,electrode_state_stoichiometry,L3,Working-ion insertion stoichiometry directly controls theoretical capacity and energy scale.,RULE_STOICHIOMETRIC_WINDOW,feature::charge_formula_frac_Cr -> concept::working_ion_transfer -> target::energy_grav,True,False,False,False,True
energy_grav,Wh/kg,True,charge_formula_frac_Cu,stoichiometric_window,electrode_state_stoichiometry,L3,Working-ion insertion stoichiometry directly controls theoretical capacity and energy scale.,RULE_STOICHIOMETRIC_WINDOW,feature::charge_formula_frac_Cu -> concept::working_ion_transfer -> target::energy_grav,True,False,False,False,True
energy_grav,Wh/kg,True,charge_formula_frac_F,stoichiometric_window,electrode_state_stoichiometry,L3,Working-ion insertion stoichiometry directly controls theoretical capacity and energy scale.,RULE_STOICHIOMETRIC_WINDOW,feature::charge_formula_frac_F -> concept::working_ion_transfer -> target::energy_grav,True,False,False,False,True
energy_grav,Wh/kg,True,charge_formula_frac_Fe,stoichiometric_window,electrode_state_stoichiometry,L3,Working-ion insertion stoichiometry directly controls theoretical capacity and energy scale.,RULE_STOICHIOMETRIC_WINDOW,feature::charge_formula_frac_Fe -> concept::working_ion_transfer -> target::energy_grav,True,False,False,False,True
energy_grav,Wh/kg,True,charge_formula_frac_I,stoichiometric_window,electrode_state_stoichiometry,L3,Working-ion insertion stoichiometry directly controls theoretical capacity and energy scale.,RULE_STOICHIOMETRIC_WINDOW,feature::charge_formula_frac_I -> concept::working_ion_transfer -> target::energy_grav,True,False,False,False,True
energy_grav,Wh/kg,True,charge_formula_frac_K,stoichiometric_window,electrode_state_stoichiometry,L3,Working-ion insertion stoichiometry directly controls theoretical capacity and energy scale.,RULE_STOICHIOMETRIC_WINDOW,feature::charge_formula_frac_K -> concept::working_ion_transfer -> target::energy_grav,True,False,False,False,True
energy_grav,Wh/kg,True,charge_formula_frac_Li,stoichiometric_window,electrode_state_stoichiometry,L3,Working-ion insertion stoichiometry directly controls theoretical capacity and energy scale.,RULE_STOICHIOMETRIC_WINDOW,feature::charge_formula_frac_Li -> concept::working_ion_transfer -> target::energy_grav,True,False,False,False,True
energy_grav,Wh/kg,True,charge_formula_frac_Mg,stoichiometric_window,electrode_state_stoichiometry,L3,Working-ion insertion stoichiometry directly controls theoretical capacity and energy scale.,RULE_STOICHIOMETRIC_WINDOW,feature::charge_formula_frac_Mg -> concept::working_ion_transfer -> target::energy_grav,True,False,False,False,True
energy_grav,Wh/kg,True,charge_formula_frac_Mn,stoichiometric_window,electrode_state_stoichiometry,L3,Working-ion insertion stoichiometry directly controls theoretical capacity and energy scale.,RULE_STOICHIOMETRIC_WINDOW,feature::charge_formula_frac_Mn -> concept::working_ion_transfer -> target::energy_grav,True,False,False,False,True
energy_grav,Wh/kg,True,charge_formula_frac_N,stoichiometric_window,electrode_state_stoichiometry,L3,Working-ion insertion stoichiometry directly controls theoretical capacity and energy scale.,RULE_STOICHIOMETRIC_WINDOW,feature::charge_formula_frac_N -> concept::working_ion_transfer -> target::energy_grav,True,False,False,False,True
energy_grav,Wh/kg,True,charge_formula_frac_Na,stoichiometric_window,electrode_state_stoichiometry,L3,Working-ion insertion stoichiometry directly controls theoretical capacity and energy scale.,RULE_STOICHIOMETRIC_WINDOW,feature::charge_formula_frac_Na -> concept::working_ion_transfer -> target::energy_grav,True,False,False,False,True
energy_grav,Wh/kg,True,charge_formula_frac_Ni,stoichiometric_window,electrode_state_stoichiometry,L3,Working-ion insertion stoichiometry directly controls theoretical capacity and energy scale.,RULE_STOICHIOMETRIC_WINDOW,feature::charge_formula_frac_Ni -> concept::working_ion_transfer -> target::energy_grav,True,False,False,False,True
energy_grav,Wh/kg,True,charge_formula_frac_O,stoichiometric_window,electrode_state_stoichiometry,L3,Working-ion insertion stoichiometry directly controls theoretical capacity and energy scale.,RULE_STOICHIOMETRIC_WINDOW,feature::charge_formula_frac_O -> concept::working_ion_transfer -> target::energy_grav,True,False,False,False,True
energy_grav,Wh/kg,True,charge_formula_frac_P,stoichiometric_window,electrode_state_stoichiometry,L3,Working-ion insertion stoichiometry directly controls theoretical capacity and energy scale.,RULE_STOICHIOMETRIC_WINDOW,feature::charge_formula_frac_P -> concept::working_ion_transfer -> target::energy_grav,True,False,False,False,True
energy_grav,Wh/kg,True,charge_formula_frac_S,stoichiometric_window,electrode_state_stoichiometry,L3,Working-ion insertion stoichiometry directly controls theoretical capacity and energy scale.,RULE_STOICHIOMETRIC_WINDOW,feature::charge_formula_frac_S -> concept::working_ion_transfer -> target::energy_grav,True,False,False,False,True
energy_grav,Wh/kg,True,charge_formula_frac_Si,stoichiometric_window,electrode_state_stoichiometry,L3,Working-ion insertion stoichiometry directly controls theoretical capacity and energy scale.,RULE_STOICHIOMETRIC_WINDOW,feature::charge_formula_frac_Si -> concept::working_ion_transfer -> target::energy_grav,True,False,False,False,True
energy_grav,Wh/kg,True,charge_formula_frac_Ti,stoichiometric_window,electrode_state_stoichiometry,L3,Working-ion insertion stoichiometry directly controls theoretical capacity and energy scale.,RULE_STOICHIOMETRIC_WINDOW,feature::charge_formula_frac_Ti -> concept::working_ion_transfer -> target::energy_grav,True,False,False,False,True
energy_grav,Wh/kg,True,charge_formula_frac_V,stoichiometric_window,electrode_state_stoichiometry,L3,Working-ion insertion stoichiometry directly controls theoretical capacity and energy scale.,RULE_STOICHIOMETRIC_WINDOW,feature::charge_formula_frac_V -> concept::working_ion_transfer -> target::energy_grav,True,False,False,False,True
energy_grav,Wh/kg,True,charge_formula_frac_Zn,stoichiometric_window,electrode_state_stoichiometry,L3,Working-ion insertion stoichiometry directly controls theoretical capacity and energy scale.,RULE_STOICHIOMETRIC_WINDOW,feature::charge_formula_frac_Zn -> concept::working_ion_transfer -> target::energy_grav,True,False,False,False,True
energy_grav,Wh/kg,True,charge_formula_frac_transition_metals,stoichiometric_window,electrode_state_stoichiometry,L3,Working-ion insertion stoichiometry directly controls theoretical capacity and energy scale.,RULE_STOICHIOMETRIC_WINDOW,feature::charge_formula_frac_transition_metals -> concept::working_ion_transfer -> target::energy_grav,True,False,False,False,True
energy_grav,Wh/kg,True,charge_formula_group_max,stoichiometric_window,electrode_state_stoichiometry,L3,Working-ion insertion stoichiometry directly controls theoretical capacity and energy scale.,RULE_STOICHIOMETRIC_WINDOW,feature::charge_formula_group_max -> concept::working_ion_transfer -> target::energy_grav,True,False,False,False,True
energy_grav,Wh/kg,True,charge_formula_group_mean,stoichiometric_window,electrode_state_stoichiometry,L3,Working-ion insertion stoichiometry directly controls theoretical capacity and energy scale.,RULE_STOICHIOMETRIC_WINDOW,feature::charge_formula_group_mean -> concept::working_ion_transfer -> target::energy_grav,True,False,False,False,True
energy_grav,Wh/kg,True,charge_formula_group_min,stoichiometric_window,electrode_state_stoichiometry,L3,Working-ion insertion stoichiometry directly controls theoretical capacity and energy scale.,RULE_STOICHIOMETRIC_WINDOW,feature::charge_formula_group_min -> concept::working_ion_transfer -> target::energy_grav,True,False,False,False,True
energy_grav,Wh/kg,True,charge_formula_group_range,stoichiometric_window,electrode_state_stoichiometry,L3,Working-ion insertion stoichiometry directly controls theoretical capacity and energy scale.,RULE_STOICHIOMETRIC_WINDOW,feature::charge_formula_group_range -> concept::working_ion_transfer -> target::energy_grav,True,False,False,False,True
energy_grav,Wh/kg,True,charge_formula_group_std,stoichiometric_window,electrode_state_stoichiometry,L3,Working-ion insertion stoichiometry directly controls theoretical capacity and energy scale.,RULE_STOICHIOMETRIC_WINDOW,feature::charge_formula_group_std -> concept::working_ion_transfer -> target::energy_grav,True,False,False,False,True
energy_grav,Wh/kg,True,charge_formula_has_Br,stoichiometric_window,electrode_state_stoichiometry,L3,Working-ion insertion stoichiometry directly controls theoretical capacity and energy scale.,RULE_STOICHIOMETRIC_WINDOW,feature::charge_formula_has_Br -> concept::working_ion_transfer -> target::energy_grav,True,False,False,False,True
energy_grav,Wh/kg,True,charge_formula_has_C,stoichiometric_window,electrode_state_stoichiometry,L3,Working-ion insertion stoichiometry directly controls theoretical capacity and energy scale.,RULE_STOICHIOMETRIC_WINDOW,feature::charge_formula_has_C -> concept::working_ion_transfer -> target::energy_grav,True,False,False,False,True
energy_grav,Wh/kg,True,charge_formula_has_Cl,stoichiometric_window,electrode_state_stoichiometry,L3,Working-ion insertion stoichiometry directly controls theoretical capacity and energy scale.,RULE_STOICHIOMETRIC_WINDOW,feature::charge_formula_has_Cl -> concept::working_ion_transfer -> target::energy_grav,True,False,False,False,True
energy_grav,Wh/kg,True,charge_formula_has_F,stoichiometric_window,electrode_state_stoichiometry,L3,Working-ion insertion stoichiometry directly controls theoretical capacity and energy scale.,RULE_STOICHIOMETRIC_WINDOW,feature::charge_formula_has_F -> concept::working_ion_transfer -> target::energy_grav,True,False,False,False,True
energy_grav,Wh/kg,True,charge_formula_has_I,stoichiometric_window,electrode_state_stoichiometry,L3,Working-ion insertion stoichiometry directly controls theoretical capacity and energy scale.,RULE_STOICHIOMETRIC_WINDOW,feature::charge_formula_has_I -> concept::working_ion_transfer -> target::energy_grav,True,False,False,False,True
energy_grav,Wh/kg,True,charge_formula_has_N,stoichiometric_window,electrode_state_stoichiometry,L3,Working-ion insertion stoichiometry directly controls theoretical capacity and energy scale.,RULE_STOICHIOMETRIC_WINDOW,feature::charge_formula_has_N -> concept::working_ion_transfer -> target::energy_grav,True,False,False,False,True
energy_grav,Wh/kg,True,charge_formula_has_O,stoichiometric_window,electrode_state_stoichiometry,L3,Working-ion insertion stoichiometry directly controls theoretical capacity and energy scale.,RULE_STOICHIOMETRIC_WINDOW,feature::charge_formula_has_O -> concept::working_ion_transfer -> target::energy_grav,True,False,False,False,True
energy_grav,Wh/kg,True,charge_formula_has_P,stoichiometric_window,electrode_state_stoichiometry,L3,Working-ion insertion stoichiometry directly controls theoretical capacity and energy scale.,RULE_STOICHIOMETRIC_WINDOW,feature::charge_formula_has_P -> concept::working_ion_transfer -> target::energy_grav,True,False,False,False,True
energy_grav,Wh/kg,True,charge_formula_has_S,stoichiometric_window,electrode_state_stoichiometry,L3,Working-ion insertion stoichiometry directly controls theoretical capacity and energy scale.,RULE_STOICHIOMETRIC_WINDOW,feature::charge_formula_has_S -> concept::working_ion_transfer -> target::energy_grav,True,False,False,False,True
energy_grav,Wh/kg,True,charge_formula_has_Si,stoichiometric_window,electrode_state_stoichiometry,L3,Working-ion insertion stoichiometry directly controls theoretical capacity and energy scale.,RULE_STOICHIOMETRIC_WINDOW,feature::charge_formula_has_Si -> concept::working_ion_transfer -> target::energy_grav,True,False,False,False,True
energy_grav,Wh/kg,True,charge_formula_n_atoms,stoichiometric_window,electrode_state_stoichiometry,L3,Working-ion insertion stoichiometry directly controls theoretical capacity and energy scale.,RULE_STOICHIOMETRIC_WINDOW,feature::charge_formula_n_atoms -> concept::working_ion_transfer -> target::energy_grav,True,False,False,False,True
energy_grav,Wh/kg,True,charge_formula_n_elements,stoichiometric_window,electrode_state_stoichiometry,L3,Working-ion insertion stoichiometry directly controls theoretical capacity and energy scale.,RULE_STOICHIOMETRIC_WINDOW,feature::charge_formula_n_elements -> concept::working_ion_transfer -> target::energy_grav,True,False,False,False,True
energy_grav,Wh/kg,True,charge_formula_n_transition_metals,stoichiometric_window,electrode_state_stoichiometry,L3,Working-ion insertion stoichiometry directly controls theoretical capacity and energy scale.,RULE_STOICHIOMETRIC_WINDOW,feature::charge_formula_n_transition_metals -> concept::working_ion_transfer -> target::energy_grav,True,False,False,False,True
energy_grav,Wh/kg,True,charge_formula_parse_ok,stoichiometric_window,electrode_state_stoichiometry,L3,Working-ion insertion stoichiometry directly controls theoretical capacity and energy scale.,RULE_STOICHIOMETRIC_WINDOW,feature::charge_formula_parse_ok -> concept::working_ion_transfer -> target::energy_grav,True,False,False,False,True
energy_grav,Wh/kg,True,charge_formula_row_max,stoichiometric_window,electrode_state_stoichiometry,L3,Working-ion insertion stoichiometry directly controls theoretical capacity and energy scale.,RULE_STOICHIOMETRIC_WINDOW,feature::charge_formula_row_max -> concept::working_ion_transfer -> target::energy_grav,True,False,False,False,True
energy_grav,Wh/kg,True,charge_formula_row_mean,stoichiometric_window,electrode_state_stoichiometry,L3,Working-ion insertion stoichiometry directly controls theoretical capacity and energy scale.,RULE_STOICHIOMETRIC_WINDOW,feature::charge_formula_row_mean -> concept::working_ion_transfer -> target::energy_grav,True,False,False,False,True
energy_grav,Wh/kg,True,charge_formula_row_min,stoichiometric_window,electrode_state_stoichiometry,L3,Working-ion insertion stoichiometry directly controls theoretical capacity and energy scale.,RULE_STOICHIOMETRIC_WINDOW,feature::charge_formula_row_min -> concept::working_ion_transfer -> target::energy_grav,True,False,False,False,True
energy_grav,Wh/kg,True,charge_formula_row_range,stoichiometric_window,electrode_state_stoichiometry,L3,Working-ion insertion stoichiometry directly controls theoretical capacity and energy scale.,RULE_STOICHIOMETRIC_WINDOW,feature::charge_formula_row_range -> concept::working_ion_transfer -> target::energy_grav,True,False,False,False,True
energy_grav,Wh/kg,True,charge_formula_row_std,stoichiometric_window,electrode_state_stoichiometry,L3,Working-ion insertion stoichiometry directly controls theoretical capacity and energy scale.,RULE_STOICHIOMETRIC_WINDOW,feature::charge_formula_row_std -> concept::working_ion_transfer -> target::energy_grav,True,False,False,False,True
energy_grav,Wh/kg,True,charge_summary_band_gap,post_dft_electronic_summary,post_dft_electronic,L4,The electronic descriptor is generated in the same post-DFT record and is decision-support only.,RULE_POST_DFT_ELECTRONIC,feature::charge_summary_band_gap -> concept::post_dft_record -> target::energy_grav,True,False,False,True,True
energy_grav,Wh/kg,True,charge_summary_density,relaxed_structure_summary,relaxed_structure,L0,The relaxed-structure summary is not target-defining for this target.,RULE_SAFE_STRUCTURE,feature::charge_summary_density -> target::energy_grav,True,False,True,True,True
energy_grav,Wh/kg,True,charge_summary_density_atomic,relaxed_structure_summary,relaxed_structure,L0,The relaxed-structure summary is not target-defining for this target.,RULE_SAFE_STRUCTURE,feature::charge_summary_density_atomic -> target::energy_grav,True,False,True,True,True
energy_grav,Wh/kg,True,charge_summary_energy_above_hull,post_dft_energy_stability_summary,post_dft_thermodynamics,L4,The hull/stability summary is a post-DFT decision-support descriptor for this target.,RULE_HULL_OTHER,feature::charge_summary_energy_above_hull -> concept::post_dft_thermodynamics -> target::energy_grav,True,False,False,True,True
energy_grav,Wh/kg,True,charge_summary_formation_energy_per_atom,post_dft_energy_stability_summary,post_dft_thermodynamics,L2,Endpoint formation energies are target-defining or strongly target-adjacent for electrode energy.,RULE_FORMATION_ENERGY_ENERGY,feature::charge_summary_formation_energy_per_atom -> concept::insertion_energy_difference -> target::energy_grav,True,False,False,False,True
energy_grav,Wh/kg,True,charge_summary_is_metal,post_dft_electronic_summary,post_dft_electronic,L4,The electronic descriptor is generated in the same post-DFT record and is decision-support only.,RULE_POST_DFT_ELECTRONIC,feature::charge_summary_is_metal -> concept::post_dft_record -> target::energy_grav,True,False,False,True,True
energy_grav,Wh/kg,True,charge_summary_is_stable,post_dft_energy_stability_summary,post_dft_thermodynamics,L4,The hull/stability summary is a post-DFT decision-support descriptor for this target.,RULE_HULL_OTHER,feature::charge_summary_is_stable -> concept::post_dft_thermodynamics -> target::energy_grav,True,False,False,True,True
energy_grav,Wh/kg,True,charge_summary_nsites,relaxed_structure_summary,relaxed_structure,L0,The relaxed-structure summary is not target-defining for this target.,RULE_SAFE_STRUCTURE,feature::charge_summary_nsites -> target::energy_grav,True,False,True,True,True
energy_grav,Wh/kg,True,charge_summary_symmetry_number,relaxed_structure_summary,relaxed_structure,L0,The relaxed-structure summary is not target-defining for this target.,RULE_SAFE_STRUCTURE,feature::charge_summary_symmetry_number -> target::energy_grav,True,False,True,True,True
energy_grav,Wh/kg,True,charge_summary_theoretical,post_dft_provenance_flag,post_dft_provenance,L4,The provenance flag is available only from the post-DFT record.,RULE_POST_DFT_PROVENANCE,feature::charge_summary_theoretical -> concept::post_dft_record -> target::energy_grav,True,False,False,False,True
energy_grav,Wh/kg,True,charge_summary_volume,relaxed_structure_summary,relaxed_structure,L0,The relaxed-structure summary is not target-defining for this target.,RULE_SAFE_STRUCTURE,feature::charge_summary_volume -> target::energy_grav,True,False,True,True,True
energy_grav,Wh/kg,True,charge_summary_volume_per_site,relaxed_structure_summary,relaxed_structure,L0,The relaxed-structure summary is not target-defining for this target.,RULE_SAFE_STRUCTURE,feature::charge_summary_volume_per_site -> target::energy_grav,True,False,True,True,True
energy_grav,Wh/kg,True,discharge_formula_X_max,stoichiometric_window,electrode_state_stoichiometry,L3,Working-ion insertion stoichiometry directly controls theoretical capacity and energy scale.,RULE_STOICHIOMETRIC_WINDOW,feature::discharge_formula_X_max -> concept::working_ion_transfer -> target::energy_grav,True,False,False,False,True
energy_grav,Wh/kg,True,discharge_formula_X_mean,stoichiometric_window,electrode_state_stoichiometry,L3,Working-ion insertion stoichiometry directly controls theoretical capacity and energy scale.,RULE_STOICHIOMETRIC_WINDOW,feature::discharge_formula_X_mean -> concept::working_ion_transfer -> target::energy_grav,True,False,False,False,True
energy_grav,Wh/kg,True,discharge_formula_X_min,stoichiometric_window,electrode_state_stoichiometry,L3,Working-ion insertion stoichiometry directly controls theoretical capacity and energy scale.,RULE_STOICHIOMETRIC_WINDOW,feature::discharge_formula_X_min -> concept::working_ion_transfer -> target::energy_grav,True,False,False,False,True
energy_grav,Wh/kg,True,discharge_formula_X_range,stoichiometric_window,electrode_state_stoichiometry,L3,Working-ion insertion stoichiometry directly controls theoretical capacity and energy scale.,RULE_STOICHIOMETRIC_WINDOW,feature::discharge_formula_X_range -> concept::working_ion_transfer -> target::energy_grav,True,False,False,False,True
energy_grav,Wh/kg,True,discharge_formula_X_std,stoichiometric_window,electrode_state_stoichiometry,L3,Working-ion insertion stoichiometry directly controls theoretical capacity and energy scale.,RULE_STOICHIOMETRIC_WINDOW,feature::discharge_formula_X_std -> concept::working_ion_transfer -> target::energy_grav,True,False,False,False,True
energy_grav,Wh/kg,True,discharge_formula_Z_max,stoichiometric_window,electrode_state_stoichiometry,L3,Working-ion insertion stoichiometry directly controls theoretical capacity and energy scale.,RULE_STOICHIOMETRIC_WINDOW,feature::discharge_formula_Z_max -> concept::working_ion_transfer -> target::energy_grav,True,False,False,False,True
energy_grav,Wh/kg,True,discharge_formula_Z_mean,stoichiometric_window,electrode_state_stoichiometry,L3,Working-ion insertion stoichiometry directly controls theoretical capacity and energy scale.,RULE_STOICHIOMETRIC_WINDOW,feature::discharge_formula_Z_mean -> concept::working_ion_transfer -> target::energy_grav,True,False,False,False,True
energy_grav,Wh/kg,True,discharge_formula_Z_min,stoichiometric_window,electrode_state_stoichiometry,L3,Working-ion insertion stoichiometry directly controls theoretical capacity and energy scale.,RULE_STOICHIOMETRIC_WINDOW,feature::discharge_formula_Z_min -> concept::working_ion_transfer -> target::energy_grav,True,False,False,False,True
energy_grav,Wh/kg,True,discharge_formula_Z_range,stoichiometric_window,electrode_state_stoichiometry,L3,Working-ion insertion stoichiometry directly controls theoretical capacity and energy scale.,RULE_STOICHIOMETRIC_WINDOW,feature::discharge_formula_Z_range -> concept::working_ion_transfer -> target::energy_grav,True,False,False,False,True
energy_grav,Wh/kg,True,discharge_formula_Z_std,stoichiometric_window,electrode_state_stoichiometry,L3,Working-ion insertion stoichiometry directly controls theoretical capacity and energy scale.,RULE_STOICHIOMETRIC_WINDOW,feature::discharge_formula_Z_std -> concept::working_ion_transfer -> target::energy_grav,True,False,False,False,True
energy_grav,Wh/kg,True,discharge_formula_atomic_mass_max,stoichiometric_window,electrode_state_stoichiometry,L3,Working-ion insertion stoichiometry directly controls theoretical capacity and energy scale.,RULE_STOICHIOMETRIC_WINDOW,feature::discharge_formula_atomic_mass_max -> concept::working_ion_transfer -> target::energy_grav,True,False,False,False,True
energy_grav,Wh/kg,True,discharge_formula_atomic_mass_mean,stoichiometric_window,electrode_state_stoichiometry,L3,Working-ion insertion stoichiometry directly controls theoretical capacity and energy scale.,RULE_STOICHIOMETRIC_WINDOW,feature::discharge_formula_atomic_mass_mean -> concept::working_ion_transfer -> target::energy_grav,True,False,False,False,True
energy_grav,Wh/kg,True,discharge_formula_atomic_mass_min,stoichiometric_window,electrode_state_stoichiometry,L3,Working-ion insertion stoichiometry directly controls theoretical capacity and energy scale.,RULE_STOICHIOMETRIC_WINDOW,feature::discharge_formula_atomic_mass_min -> concept::working_ion_transfer -> target::energy_grav,True,False,False,False,True
energy_grav,Wh/kg,True,discharge_formula_atomic_mass_range,stoichiometric_window,electrode_state_stoichiometry,L3,Working-ion insertion stoichiometry directly controls theoretical capacity and energy scale.,RULE_STOICHIOMETRIC_WINDOW,feature::discharge_formula_atomic_mass_range -> concept::working_ion_transfer -> target::energy_grav,True,False,False,False,True
energy_grav,Wh/kg,True,discharge_formula_atomic_mass_std,stoichiometric_window,electrode_state_stoichiometry,L3,Working-ion insertion stoichiometry directly controls theoretical capacity and energy scale.,RULE_STOICHIOMETRIC_WINDOW,feature::discharge_formula_atomic_mass_std -> concept::working_ion_transfer -> target::energy_grav,True,False,False,False,True
energy_grav,Wh/kg,True,discharge_formula_frac_Ag,stoichiometric_window,electrode_state_stoichiometry,L3,Working-ion insertion stoichiometry directly controls theoretical capacity and energy scale.,RULE_STOICHIOMETRIC_WINDOW,feature::discharge_formula_frac_Ag -> concept::working_ion_transfer -> target::energy_grav,True,False,False,False,True
energy_grav,Wh/kg,True,discharge_formula_frac_Al,stoichiometric_window,electrode_state_stoichiometry,L3,Working-ion insertion stoichiometry directly controls theoretical capacity and energy scale.,RULE_STOICHIOMETRIC_WINDOW,feature::discharge_formula_frac_Al -> concept::working_ion_transfer -> target::energy_grav,True,False,False,False,True
energy_grav,Wh/kg,True,discharge_formula_frac_As,stoichiometric_window,electrode_state_stoichiometry,L3,Working-ion insertion stoichiometry directly controls theoretical capacity and energy scale.,RULE_STOICHIOMETRIC_WINDOW,feature::discharge_formula_frac_As -> concept::working_ion_transfer -> target::energy_grav,True,False,False,False,True
energy_grav,Wh/kg,True,discharge_formula_frac_B,stoichiometric_window,electrode_state_stoichiometry,L3,Working-ion insertion stoichiometry directly controls theoretical capacity and energy scale.,RULE_STOICHIOMETRIC_WINDOW,feature::discharge_formula_frac_B -> concept::working_ion_transfer -> target::energy_grav,True,False,False,False,True
energy_grav,Wh/kg,True,discharge_formula_frac_Br,stoichiometric_window,electrode_state_stoichiometry,L3,Working-ion insertion stoichiometry directly controls theoretical capacity and energy scale.,RULE_STOICHIOMETRIC_WINDOW,feature::discharge_formula_frac_Br -> concept::working_ion_transfer -> target::energy_grav,True,False,False,False,True
energy_grav,Wh/kg,True,discharge_formula_frac_C,stoichiometric_window,electrode_state_stoichiometry,L3,Working-ion insertion stoichiometry directly controls theoretical capacity and energy scale.,RULE_STOICHIOMETRIC_WINDOW,feature::discharge_formula_frac_C -> concept::working_ion_transfer -> target::energy_grav,True,False,False,False,True
energy_grav,Wh/kg,True,discharge_formula_frac_Ca,stoichiometric_window,electrode_state_stoichiometry,L3,Working-ion insertion stoichiometry directly controls theoretical capacity and energy scale.,RULE_STOICHIOMETRIC_WINDOW,feature::discharge_formula_frac_Ca -> concept::working_ion_transfer -> target::energy_grav,True,False,False,False,True
energy_grav,Wh/kg,True,discharge_formula_frac_Cl,stoichiometric_window,electrode_state_stoichiometry,L3,Working-ion insertion stoichiometry directly controls theoretical capacity and energy scale.,RULE_STOICHIOMETRIC_WINDOW,feature::discharge_formula_frac_Cl -> concept::working_ion_transfer -> target::energy_grav,True,False,False,False,True
energy_grav,Wh/kg,True,discharge_formula_frac_Co,stoichiometric_window,electrode_state_stoichiometry,L3,Working-ion insertion stoichiometry directly controls theoretical capacity and energy scale.,RULE_STOICHIOMETRIC_WINDOW,feature::discharge_formula_frac_Co -> concept::working_ion_transfer -> target::energy_grav,True,False,False,False,True
energy_grav,Wh/kg,True,discharge_formula_frac_Cr,stoichiometric_window,electrode_state_stoichiometry,L3,Working-ion insertion stoichiometry directly controls theoretical capacity and energy scale.,RULE_STOICHIOMETRIC_WINDOW,feature::discharge_formula_frac_Cr -> concept::working_ion_transfer -> target::energy_grav,True,False,False,False,True
energy_grav,Wh/kg,True,discharge_formula_frac_Cu,stoichiometric_window,electrode_state_stoichiometry,L3,Working-ion insertion stoichiometry directly controls theoretical capacity and energy scale.,RULE_STOICHIOMETRIC_WINDOW,feature::discharge_formula_frac_Cu -> concept::working_ion_transfer -> target::energy_grav,True,False,False,False,True
energy_grav,Wh/kg,True,discharge_formula_frac_F,stoichiometric_window,electrode_state_stoichiometry,L3,Working-ion insertion stoichiometry directly controls theoretical capacity and energy scale.,RULE_STOICHIOMETRIC_WINDOW,feature::discharge_formula_frac_F -> concept::working_ion_transfer -> target::energy_grav,True,False,False,False,True
energy_grav,Wh/kg,True,discharge_formula_frac_Fe,stoichiometric_window,electrode_state_stoichiometry,L3,Working-ion insertion stoichiometry directly controls theoretical capacity and energy scale.,RULE_STOICHIOMETRIC_WINDOW,feature::discharge_formula_frac_Fe -> concept::working_ion_transfer -> target::energy_grav,True,False,False,False,True
energy_grav,Wh/kg,True,discharge_formula_frac_I,stoichiometric_window,electrode_state_stoichiometry,L3,Working-ion insertion stoichiometry directly controls theoretical capacity and energy scale.,RULE_STOICHIOMETRIC_WINDOW,feature::discharge_formula_frac_I -> concept::working_ion_transfer -> target::energy_grav,True,False,False,False,True
energy_grav,Wh/kg,True,discharge_formula_frac_K,stoichiometric_window,electrode_state_stoichiometry,L3,Working-ion insertion stoichiometry directly controls theoretical capacity and energy scale.,RULE_STOICHIOMETRIC_WINDOW,feature::discharge_formula_frac_K -> concept::working_ion_transfer -> target::energy_grav,True,False,False,False,True
energy_grav,Wh/kg,True,discharge_formula_frac_Li,stoichiometric_window,electrode_state_stoichiometry,L3,Working-ion insertion stoichiometry directly controls theoretical capacity and energy scale.,RULE_STOICHIOMETRIC_WINDOW,feature::discharge_formula_frac_Li -> concept::working_ion_transfer -> target::energy_grav,True,False,False,False,True
energy_grav,Wh/kg,True,discharge_formula_frac_Mg,stoichiometric_window,electrode_state_stoichiometry,L3,Working-ion insertion stoichiometry directly controls theoretical capacity and energy scale.,RULE_STOICHIOMETRIC_WINDOW,feature::discharge_formula_frac_Mg -> concept::working_ion_transfer -> target::energy_grav,True,False,False,False,True
energy_grav,Wh/kg,True,discharge_formula_frac_Mn,stoichiometric_window,electrode_state_stoichiometry,L3,Working-ion insertion stoichiometry directly controls theoretical capacity and energy scale.,RULE_STOICHIOMETRIC_WINDOW,feature::discharge_formula_frac_Mn -> concept::working_ion_transfer -> target::energy_grav,True,False,False,False,True
energy_grav,Wh/kg,True,discharge_formula_frac_N,stoichiometric_window,electrode_state_stoichiometry,L3,Working-ion insertion stoichiometry directly controls theoretical capacity and energy scale.,RULE_STOICHIOMETRIC_WINDOW,feature::discharge_formula_frac_N -> concept::working_ion_transfer -> target::energy_grav,True,False,False,False,True
energy_grav,Wh/kg,True,discharge_formula_frac_Na,stoichiometric_window,electrode_state_stoichiometry,L3,Working-ion insertion stoichiometry directly controls theoretical capacity and energy scale.,RULE_STOICHIOMETRIC_WINDOW,feature::discharge_formula_frac_Na -> concept::working_ion_transfer -> target::energy_grav,True,False,False,False,True
energy_grav,Wh/kg,True,discharge_formula_frac_Ni,stoichiometric_window,electrode_state_stoichiometry,L3,Working-ion insertion stoichiometry directly controls theoretical capacity and energy scale.,RULE_STOICHIOMETRIC_WINDOW,feature::discharge_formula_frac_Ni -> concept::working_ion_transfer -> target::energy_grav,True,False,False,False,True
energy_grav,Wh/kg,True,discharge_formula_frac_O,stoichiometric_window,electrode_state_stoichiometry,L3,Working-ion insertion stoichiometry directly controls theoretical capacity and energy scale.,RULE_STOICHIOMETRIC_WINDOW,feature::discharge_formula_frac_O -> concept::working_ion_transfer -> target::energy_grav,True,False,False,False,True
energy_grav,Wh/kg,True,discharge_formula_frac_P,stoichiometric_window,electrode_state_stoichiometry,L3,Working-ion insertion stoichiometry directly controls theoretical capacity and energy scale.,RULE_STOICHIOMETRIC_WINDOW,feature::discharge_formula_frac_P -> concept::working_ion_transfer -> target::energy_grav,True,False,False,False,True
energy_grav,Wh/kg,True,discharge_formula_frac_S,stoichiometric_window,electrode_state_stoichiometry,L3,Working-ion insertion stoichiometry directly controls theoretical capacity and energy scale.,RULE_STOICHIOMETRIC_WINDOW,feature::discharge_formula_frac_S -> concept::working_ion_transfer -> target::energy_grav,True,False,False,False,True
energy_grav,Wh/kg,True,discharge_formula_frac_Si,stoichiometric_window,electrode_state_stoichiometry,L3,Working-ion insertion stoichiometry directly controls theoretical capacity and energy scale.,RULE_STOICHIOMETRIC_WINDOW,feature::discharge_formula_frac_Si -> concept::working_ion_transfer -> target::energy_grav,True,False,False,False,True
energy_grav,Wh/kg,True,discharge_formula_frac_Ti,stoichiometric_window,electrode_state_stoichiometry,L3,Working-ion insertion stoichiometry directly controls theoretical capacity and energy scale.,RULE_STOICHIOMETRIC_WINDOW,feature::discharge_formula_frac_Ti -> concept::working_ion_transfer -> target::energy_grav,True,False,False,False,True
energy_grav,Wh/kg,True,discharge_formula_frac_V,stoichiometric_window,electrode_state_stoichiometry,L3,Working-ion insertion stoichiometry directly controls theoretical capacity and energy scale.,RULE_STOICHIOMETRIC_WINDOW,feature::discharge_formula_frac_V -> concept::working_ion_transfer -> target::energy_grav,True,False,False,False,True
energy_grav,Wh/kg,True,discharge_formula_frac_Zn,stoichiometric_window,electrode_state_stoichiometry,L3,Working-ion insertion stoichiometry directly controls theoretical capacity and energy scale.,RULE_STOICHIOMETRIC_WINDOW,feature::discharge_formula_frac_Zn -> concept::working_ion_transfer -> target::energy_grav,True,False,False,False,True
energy_grav,Wh/kg,True,discharge_formula_frac_transition_metals,stoichiometric_window,electrode_state_stoichiometry,L3,Working-ion insertion stoichiometry directly controls theoretical capacity and energy scale.,RULE_STOICHIOMETRIC_WINDOW,feature::discharge_formula_frac_transition_metals -> concept::working_ion_transfer -> target::energy_grav,True,False,False,False,True
energy_grav,Wh/kg,True,discharge_formula_group_max,stoichiometric_window,electrode_state_stoichiometry,L3,Working-ion insertion stoichiometry directly controls theoretical capacity and energy scale.,RULE_STOICHIOMETRIC_WINDOW,feature::discharge_formula_group_max -> concept::working_ion_transfer -> target::energy_grav,True,False,False,False,True
energy_grav,Wh/kg,True,discharge_formula_group_mean,stoichiometric_window,electrode_state_stoichiometry,L3,Working-ion insertion stoichiometry directly controls theoretical capacity and energy scale.,RULE_STOICHIOMETRIC_WINDOW,feature::discharge_formula_group_mean -> concept::working_ion_transfer -> target::energy_grav,True,False,False,False,True
energy_grav,Wh/kg,True,discharge_formula_group_min,stoichiometric_window,electrode_state_stoichiometry,L3,Working-ion insertion stoichiometry directly controls theoretical capacity and energy scale.,RULE_STOICHIOMETRIC_WINDOW,feature::discharge_formula_group_min -> concept::working_ion_transfer -> target::energy_grav,True,False,False,False,True
energy_grav,Wh/kg,True,discharge_formula_group_range,stoichiometric_window,electrode_state_stoichiometry,L3,Working-ion insertion stoichiometry directly controls theoretical capacity and energy scale.,RULE_STOICHIOMETRIC_WINDOW,feature::discharge_formula_group_range -> concept::working_ion_transfer -> target::energy_grav,True,False,False,False,True
energy_grav,Wh/kg,True,discharge_formula_group_std,stoichiometric_window,electrode_state_stoichiometry,L3,Working-ion insertion stoichiometry directly controls theoretical capacity and energy scale.,RULE_STOICHIOMETRIC_WINDOW,feature::discharge_formula_group_std -> concept::working_ion_transfer -> target::energy_grav,True,False,False,False,True
energy_grav,Wh/kg,True,discharge_formula_has_Br,stoichiometric_window,electrode_state_stoichiometry,L3,Working-ion insertion stoichiometry directly controls theoretical capacity and energy scale.,RULE_STOICHIOMETRIC_WINDOW,feature::discharge_formula_has_Br -> concept::working_ion_transfer -> target::energy_grav,True,False,False,False,True
energy_grav,Wh/kg,True,discharge_formula_has_C,stoichiometric_window,electrode_state_stoichiometry,L3,Working-ion insertion stoichiometry directly controls theoretical capacity and energy scale.,RULE_STOICHIOMETRIC_WINDOW,feature::discharge_formula_has_C -> concept::working_ion_transfer -> target::energy_grav,True,False,False,False,True
energy_grav,Wh/kg,True,discharge_formula_has_Cl,stoichiometric_window,electrode_state_stoichiometry,L3,Working-ion insertion stoichiometry directly controls theoretical capacity and energy scale.,RULE_STOICHIOMETRIC_WINDOW,feature::discharge_formula_has_Cl -> concept::working_ion_transfer -> target::energy_grav,True,False,False,False,True
energy_grav,Wh/kg,True,discharge_formula_has_F,stoichiometric_window,electrode_state_stoichiometry,L3,Working-ion insertion stoichiometry directly controls theoretical capacity and energy scale.,RULE_STOICHIOMETRIC_WINDOW,feature::discharge_formula_has_F -> concept::working_ion_transfer -> target::energy_grav,True,False,False,False,True
energy_grav,Wh/kg,True,discharge_formula_has_I,stoichiometric_window,electrode_state_stoichiometry,L3,Working-ion insertion stoichiometry directly controls theoretical capacity and energy scale.,RULE_STOICHIOMETRIC_WINDOW,feature::discharge_formula_has_I -> concept::working_ion_transfer -> target::energy_grav,True,False,False,False,True
energy_grav,Wh/kg,True,discharge_formula_has_N,stoichiometric_window,electrode_state_stoichiometry,L3,Working-ion insertion stoichiometry directly controls theoretical capacity and energy scale.,RULE_STOICHIOMETRIC_WINDOW,feature::discharge_formula_has_N -> concept::working_ion_transfer -> target::energy_grav,True,False,False,False,True
energy_grav,Wh/kg,True,discharge_formula_has_O,stoichiometric_window,electrode_state_stoichiometry,L3,Working-ion insertion stoichiometry directly controls theoretical capacity and energy scale.,RULE_STOICHIOMETRIC_WINDOW,feature::discharge_formula_has_O -> concept::working_ion_transfer -> target::energy_grav,True,False,False,False,True
energy_grav,Wh/kg,True,discharge_formula_has_P,stoichiometric_window,electrode_state_stoichiometry,L3,Working-ion insertion stoichiometry directly controls theoretical capacity and energy scale.,RULE_STOICHIOMETRIC_WINDOW,feature::discharge_formula_has_P -> concept::working_ion_transfer -> target::energy_grav,True,False,False,False,True
energy_grav,Wh/kg,True,discharge_formula_has_S,stoichiometric_window,electrode_state_stoichiometry,L3,Working-ion insertion stoichiometry directly controls theoretical capacity and energy scale.,RULE_STOICHIOMETRIC_WINDOW,feature::discharge_formula_has_S -> concept::working_ion_transfer -> target::energy_grav,True,False,False,False,True
energy_grav,Wh/kg,True,discharge_formula_has_Si,stoichiometric_window,electrode_state_stoichiometry,L3,Working-ion insertion stoichiometry directly controls theoretical capacity and energy scale.,RULE_STOICHIOMETRIC_WINDOW,feature::discharge_formula_has_Si -> concept::working_ion_transfer -> target::energy_grav,True,False,False,False,True
energy_grav,Wh/kg,True,discharge_formula_n_atoms,stoichiometric_window,electrode_state_stoichiometry,L3,Working-ion insertion stoichiometry directly controls theoretical capacity and energy scale.,RULE_STOICHIOMETRIC_WINDOW,feature::discharge_formula_n_atoms -> concept::working_ion_transfer -> target::energy_grav,True,False,False,False,True
energy_grav,Wh/kg,True,discharge_formula_n_elements,stoichiometric_window,electrode_state_stoichiometry,L3,Working-ion insertion stoichiometry directly controls theoretical capacity and energy scale.,RULE_STOICHIOMETRIC_WINDOW,feature::discharge_formula_n_elements -> concept::working_ion_transfer -> target::energy_grav,True,False,False,False,True
energy_grav,Wh/kg,True,discharge_formula_n_transition_metals,stoichiometric_window,electrode_state_stoichiometry,L3,Working-ion insertion stoichiometry directly controls theoretical capacity and energy scale.,RULE_STOICHIOMETRIC_WINDOW,feature::discharge_formula_n_transition_metals -> concept::working_ion_transfer -> target::energy_grav,True,False,False,False,True
energy_grav,Wh/kg,True,discharge_formula_parse_ok,stoichiometric_window,electrode_state_stoichiometry,L3,Working-ion insertion stoichiometry directly controls theoretical capacity and energy scale.,RULE_STOICHIOMETRIC_WINDOW,feature::discharge_formula_parse_ok -> concept::working_ion_transfer -> target::energy_grav,True,False,False,False,True
energy_grav,Wh/kg,True,discharge_formula_row_max,stoichiometric_window,electrode_state_stoichiometry,L3,Working-ion insertion stoichiometry directly controls theoretical capacity and energy scale.,RULE_STOICHIOMETRIC_WINDOW,feature::discharge_formula_row_max -> concept::working_ion_transfer -> target::energy_grav,True,False,False,False,True
energy_grav,Wh/kg,True,discharge_formula_row_mean,stoichiometric_window,electrode_state_stoichiometry,L3,Working-ion insertion stoichiometry directly controls theoretical capacity and energy scale.,RULE_STOICHIOMETRIC_WINDOW,feature::discharge_formula_row_mean -> concept::working_ion_transfer -> target::energy_grav,True,False,False,False,True
energy_grav,Wh/kg,True,discharge_formula_row_min,stoichiometric_window,electrode_state_stoichiometry,L3,Working-ion insertion stoichiometry directly controls theoretical capacity and energy scale.,RULE_STOICHIOMETRIC_WINDOW,feature::discharge_formula_row_min -> concept::working_ion_transfer -> target::energy_grav,True,False,False,False,True
energy_grav,Wh/kg,True,discharge_formula_row_range,stoichiometric_window,electrode_state_stoichiometry,L3,Working-ion insertion stoichiometry directly controls theoretical capacity and energy scale.,RULE_STOICHIOMETRIC_WINDOW,feature::discharge_formula_row_range -> concept::working_ion_transfer -> target::energy_grav,True,False,False,False,True
energy_grav,Wh/kg,True,discharge_formula_row_std,stoichiometric_window,electrode_state_stoichiometry,L3,Working-ion insertion stoichiometry directly controls theoretical capacity and energy scale.,RULE_STOICHIOMETRIC_WINDOW,feature::discharge_formula_row_std -> concept::working_ion_transfer -> target::energy_grav,True,False,False,False,True
energy_grav,Wh/kg,True,discharge_summary_band_gap,post_dft_electronic_summary,post_dft_electronic,L4,The electronic descriptor is generated in the same post-DFT record and is decision-support only.,RULE_POST_DFT_ELECTRONIC,feature::discharge_summary_band_gap -> concept::post_dft_record -> target::energy_grav,True,False,False,True,True
energy_grav,Wh/kg,True,discharge_summary_density,relaxed_structure_summary,relaxed_structure,L0,The relaxed-structure summary is not target-defining for this target.,RULE_SAFE_STRUCTURE,feature::discharge_summary_density -> target::energy_grav,True,False,True,True,True
energy_grav,Wh/kg,True,discharge_summary_density_atomic,relaxed_structure_summary,relaxed_structure,L0,The relaxed-structure summary is not target-defining for this target.,RULE_SAFE_STRUCTURE,feature::discharge_summary_density_atomic -> target::energy_grav,True,False,True,True,True
energy_grav,Wh/kg,True,discharge_summary_energy_above_hull,post_dft_energy_stability_summary,post_dft_thermodynamics,L4,The hull/stability summary is a post-DFT decision-support descriptor for this target.,RULE_HULL_OTHER,feature::discharge_summary_energy_above_hull -> concept::post_dft_thermodynamics -> target::energy_grav,True,False,False,True,True
energy_grav,Wh/kg,True,discharge_summary_formation_energy_per_atom,post_dft_energy_stability_summary,post_dft_thermodynamics,L2,Endpoint formation energies are target-defining or strongly target-adjacent for electrode energy.,RULE_FORMATION_ENERGY_ENERGY,feature::discharge_summary_formation_energy_per_atom -> concept::insertion_energy_difference -> target::energy_grav,True,False,False,False,True
energy_grav,Wh/kg,True,discharge_summary_is_metal,post_dft_electronic_summary,post_dft_electronic,L4,The electronic descriptor is generated in the same post-DFT record and is decision-support only.,RULE_POST_DFT_ELECTRONIC,feature::discharge_summary_is_metal -> concept::post_dft_record -> target::energy_grav,True,False,False,True,True
energy_grav,Wh/kg,True,discharge_summary_is_stable,post_dft_energy_stability_summary,post_dft_thermodynamics,L4,The hull/stability summary is a post-DFT decision-support descriptor for this target.,RULE_HULL_OTHER,feature::discharge_summary_is_stable -> concept::post_dft_thermodynamics -> target::energy_grav,True,False,False,True,True
energy_grav,Wh/kg,True,discharge_summary_nsites,relaxed_structure_summary,relaxed_structure,L0,The relaxed-structure summary is not target-defining for this target.,RULE_SAFE_STRUCTURE,feature::discharge_summary_nsites -> target::energy_grav,True,False,True,True,True
energy_grav,Wh/kg,True,discharge_summary_symmetry_number,relaxed_structure_summary,relaxed_structure,L0,The relaxed-structure summary is not target-defining for this target.,RULE_SAFE_STRUCTURE,feature::discharge_summary_symmetry_number -> target::energy_grav,True,False,True,True,True
energy_grav,Wh/kg,True,discharge_summary_theoretical,post_dft_provenance_flag,post_dft_provenance,L4,The provenance flag is available only from the post-DFT record.,RULE_POST_DFT_PROVENANCE,feature::discharge_summary_theoretical -> concept::post_dft_record -> target::energy_grav,True,False,False,False,True
energy_grav,Wh/kg,True,discharge_summary_volume,relaxed_structure_summary,relaxed_structure,L0,The relaxed-structure summary is not target-defining for this target.,RULE_SAFE_STRUCTURE,feature::discharge_summary_volume -> target::energy_grav,True,False,True,True,True
energy_grav,Wh/kg,True,discharge_summary_volume_per_site,relaxed_structure_summary,relaxed_structure,L0,The relaxed-structure summary is not target-defining for this target.,RULE_SAFE_STRUCTURE,feature::discharge_summary_volume_per_site -> target::energy_grav,True,False,True,True,True
energy_grav,Wh/kg,True,energy_grav,stored_electrode_target,stored_electrode_record,L1,The feature is the exact target column.,RULE_DIRECT_TARGET,feature::energy_grav -> target::energy_grav,False,False,False,False,True
energy_grav,Wh/kg,True,energy_vol,stored_electrode_target,stored_electrode_record,L2,"Energy is defined by voltage and capacity, with unit-related energy/capacity variants.",RULE_ENERGY_DEFINITION,feature::energy_vol -> concept::energy_definition -> target::energy_grav,True,False,False,False,True
energy_grav,Wh/kg,True,fracA_charge,stoichiometric_window,electrode_state_stoichiometry,L3,Working-ion insertion stoichiometry directly controls theoretical capacity and energy scale.,RULE_STOICHIOMETRIC_WINDOW,feature::fracA_charge -> concept::working_ion_transfer -> target::energy_grav,True,False,False,False,True
energy_grav,Wh/kg,True,fracA_discharge,stoichiometric_window,electrode_state_stoichiometry,L3,Working-ion insertion stoichiometry directly controls theoretical capacity and energy scale.,RULE_STOICHIOMETRIC_WINDOW,feature::fracA_discharge -> concept::working_ion_transfer -> target::energy_grav,True,False,False,False,True
energy_grav,Wh/kg,True,max_delta_volume,stored_electrode_target,stored_electrode_record,L4,A different stored electrode property is available only as a post-hoc computed-record descriptor.,RULE_OTHER_STORED_TARGET,feature::max_delta_volume -> concept::stored_electrode_record -> target::energy_grav,True,False,False,False,True
energy_grav,Wh/kg,True,max_voltage_step,stored_electrode_process_descriptor,stored_electrode_record,L0,No direct target dependency is identified for this target.,RULE_SAFE_DEFAULT,feature::max_voltage_step -> target::energy_grav,True,False,False,True,True
energy_grav,Wh/kg,True,num_steps,stored_electrode_process_descriptor,stored_electrode_record,L0,No direct target dependency is identified for this target.,RULE_SAFE_DEFAULT,feature::num_steps -> target::energy_grav,True,False,False,True,True
energy_grav,Wh/kg,True,stability_charge,stored_electrode_target,stored_electrode_record,L4,A different stored electrode property is available only as a post-hoc computed-record descriptor.,RULE_OTHER_STORED_TARGET,feature::stability_charge -> concept::stored_electrode_record -> target::energy_grav,True,False,False,False,True
energy_grav,Wh/kg,True,stability_discharge,stored_electrode_target,stored_electrode_record,L4,A different stored electrode property is available only as a post-hoc computed-record descriptor.,RULE_OTHER_STORED_TARGET,feature::stability_discharge -> concept::stored_electrode_record -> target::energy_grav,True,False,False,False,True
energy_grav,Wh/kg,True,stability_worst,stored_electrode_target,stored_electrode_record,L4,A different stored electrode property is available only as a post-hoc computed-record descriptor.,RULE_OTHER_STORED_TARGET,feature::stability_worst -> concept::stored_electrode_record -> target::energy_grav,True,False,False,False,True
energy_grav,Wh/kg,True,stoich_abs_wi_amount_delta,stoichiometric_window,electrode_state_stoichiometry,L3,Working-ion insertion stoichiometry directly controls theoretical capacity and energy scale.,RULE_STOICHIOMETRIC_WINDOW,feature::stoich_abs_wi_amount_delta -> concept::working_ion_transfer -> target::energy_grav,True,False,False,False,True
energy_grav,Wh/kg,True,stoich_wi_amount_charge,stoichiometric_window,electrode_state_stoichiometry,L3,Working-ion insertion stoichiometry directly controls theoretical capacity and energy scale.,RULE_STOICHIOMETRIC_WINDOW,feature::stoich_wi_amount_charge -> concept::working_ion_transfer -> target::energy_grav,True,False,False,False,True
energy_grav,Wh/kg,True,stoich_wi_amount_delta,stoichiometric_window,electrode_state_stoichiometry,L3,Working-ion insertion stoichiometry directly controls theoretical capacity and energy scale.,RULE_STOICHIOMETRIC_WINDOW,feature::stoich_wi_amount_delta -> concept::working_ion_transfer -> target::energy_grav,True,False,False,False,True
energy_grav,Wh/kg,True,stoich_wi_amount_discharge,stoichiometric_window,electrode_state_stoichiometry,L3,Working-ion insertion stoichiometry directly controls theoretical capacity and energy scale.,RULE_STOICHIOMETRIC_WINDOW,feature::stoich_wi_amount_discharge -> concept::working_ion_transfer -> target::energy_grav,True,False,False,False,True
energy_grav,Wh/kg,True,stored_abs_fracA_delta,other_numeric,derived_miscellaneous,L0,No direct target dependency is identified for this target.,RULE_SAFE_DEFAULT,feature::stored_abs_fracA_delta -> target::energy_grav,True,False,False,False,True
energy_grav,Wh/kg,True,stored_fracA_delta,stoichiometric_window,electrode_state_stoichiometry,L3,Working-ion insertion stoichiometry directly controls theoretical capacity and energy scale.,RULE_STOICHIOMETRIC_WINDOW,feature::stored_fracA_delta -> concept::working_ion_transfer -> target::energy_grav,True,False,False,False,True
energy_grav,Wh/kg,True,summary_abs_delta_band_gap,post_dft_electronic_summary,post_dft_electronic,L4,The electronic descriptor is generated in the same post-DFT record and is decision-support only.,RULE_POST_DFT_ELECTRONIC,feature::summary_abs_delta_band_gap -> concept::post_dft_record -> target::energy_grav,True,False,False,True,True
energy_grav,Wh/kg,True,summary_abs_delta_density,relaxed_structure_summary,relaxed_structure,L0,The relaxed-structure summary is not target-defining for this target.,RULE_SAFE_STRUCTURE,feature::summary_abs_delta_density -> target::energy_grav,True,False,True,True,True
energy_grav,Wh/kg,True,summary_abs_delta_density_atomic,relaxed_structure_summary,relaxed_structure,L0,The relaxed-structure summary is not target-defining for this target.,RULE_SAFE_STRUCTURE,feature::summary_abs_delta_density_atomic -> target::energy_grav,True,False,True,True,True
energy_grav,Wh/kg,True,summary_abs_delta_energy_above_hull,post_dft_energy_stability_summary,post_dft_thermodynamics,L4,The hull/stability summary is a post-DFT decision-support descriptor for this target.,RULE_HULL_OTHER,feature::summary_abs_delta_energy_above_hull -> concept::post_dft_thermodynamics -> target::energy_grav,True,False,False,True,True
energy_grav,Wh/kg,True,summary_abs_delta_formation_energy_per_atom,post_dft_energy_stability_summary,post_dft_thermodynamics,L2,Endpoint formation energies are target-defining or strongly target-adjacent for electrode energy.,RULE_FORMATION_ENERGY_ENERGY,feature::summary_abs_delta_formation_energy_per_atom -> concept::insertion_energy_difference -> target::energy_grav,True,False,False,False,True
energy_grav,Wh/kg,True,summary_abs_delta_volume_fraction,relaxed_structure_summary,relaxed_structure,L0,The relaxed-structure summary is not target-defining for this target.,RULE_SAFE_STRUCTURE,feature::summary_abs_delta_volume_fraction -> target::energy_grav,True,False,True,True,True
energy_grav,Wh/kg,True,summary_abs_delta_volume_per_site,relaxed_structure_summary,relaxed_structure,L0,The relaxed-structure summary is not target-defining for this target.,RULE_SAFE_STRUCTURE,feature::summary_abs_delta_volume_per_site -> target::energy_grav,True,False,True,True,True
energy_grav,Wh/kg,True,summary_delta_band_gap,post_dft_electronic_summary,post_dft_electronic,L4,The electronic descriptor is generated in the same post-DFT record and is decision-support only.,RULE_POST_DFT_ELECTRONIC,feature::summary_delta_band_gap -> concept::post_dft_record -> target::energy_grav,True,False,False,True,True
energy_grav,Wh/kg,True,summary_delta_density,relaxed_structure_summary,relaxed_structure,L0,The relaxed-structure summary is not target-defining for this target.,RULE_SAFE_STRUCTURE,feature::summary_delta_density -> target::energy_grav,True,False,True,True,True
energy_grav,Wh/kg,True,summary_delta_density_atomic,relaxed_structure_summary,relaxed_structure,L0,The relaxed-structure summary is not target-defining for this target.,RULE_SAFE_STRUCTURE,feature::summary_delta_density_atomic -> target::energy_grav,True,False,True,True,True
energy_grav,Wh/kg,True,summary_delta_energy_above_hull,post_dft_energy_stability_summary,post_dft_thermodynamics,L4,The hull/stability summary is a post-DFT decision-support descriptor for this target.,RULE_HULL_OTHER,feature::summary_delta_energy_above_hull -> concept::post_dft_thermodynamics -> target::energy_grav,True,False,False,True,True
energy_grav,Wh/kg,True,summary_delta_formation_energy_per_atom,post_dft_energy_stability_summary,post_dft_thermodynamics,L2,Endpoint formation energies are target-defining or strongly target-adjacent for electrode energy.,RULE_FORMATION_ENERGY_ENERGY,feature::summary_delta_formation_energy_per_atom -> concept::insertion_energy_difference -> target::energy_grav,True,False,False,False,True
energy_grav,Wh/kg,True,summary_delta_volume_fraction,relaxed_structure_summary,relaxed_structure,L0,The relaxed-structure summary is not target-defining for this target.,RULE_SAFE_STRUCTURE,feature::summary_delta_volume_fraction -> target::energy_grav,True,False,True,True,True
energy_grav,Wh/kg,True,summary_delta_volume_per_site,relaxed_structure_summary,relaxed_structure,L0,The relaxed-structure summary is not target-defining for this target.,RULE_SAFE_STRUCTURE,feature::summary_delta_volume_per_site -> target::energy_grav,True,False,True,True,True
energy_grav,Wh/kg,True,summary_worst_energy_above_hull,post_dft_energy_stability_summary,post_dft_thermodynamics,L4,The hull/stability summary is a post-DFT decision-support descriptor for this target.,RULE_HULL_OTHER,feature::summary_worst_energy_above_hull -> concept::post_dft_thermodynamics -> target::energy_grav,True,False,False,True,True
energy_grav,Wh/kg,True,wi_is_K,domain_label_onehot,validation_only,L5,Working-ion/domain labels encode validation-domain membership and must be controlled by split design.,RULE_DOMAIN_LABEL,feature::wi_is_K -> concept::validation_domain -> target::energy_grav,False,False,False,False,False
energy_grav,Wh/kg,True,wi_is_Li,domain_label_onehot,validation_only,L5,Working-ion/domain labels encode validation-domain membership and must be controlled by split design.,RULE_DOMAIN_LABEL,feature::wi_is_Li -> concept::validation_domain -> target::energy_grav,False,False,False,False,False
energy_grav,Wh/kg,True,wi_is_Na,domain_label_onehot,validation_only,L5,Working-ion/domain labels encode validation-domain membership and must be controlled by split design.,RULE_DOMAIN_LABEL,feature::wi_is_Na -> concept::validation_domain -> target::energy_grav,False,False,False,False,False
energy_vol,Wh/L_or_Wh/dm3_database_dependent,False,average_voltage,stored_electrode_target,stored_electrode_record,L2,"Energy is defined by voltage and capacity, with unit-related energy/capacity variants.",RULE_ENERGY_DEFINITION,feature::average_voltage -> concept::energy_definition -> target::energy_vol,True,False,False,False,True
energy_vol,Wh/L_or_Wh/dm3_database_dependent,False,capacity_grav,stored_electrode_target,stored_electrode_record,L2,"Energy is defined by voltage and capacity, with unit-related energy/capacity variants.",RULE_ENERGY_DEFINITION,feature::capacity_grav -> concept::energy_definition -> target::energy_vol,True,False,False,False,True
energy_vol,Wh/L_or_Wh/dm3_database_dependent,False,capacity_vol,stored_electrode_target,stored_electrode_record,L2,"Energy is defined by voltage and capacity, with unit-related energy/capacity variants.",RULE_ENERGY_DEFINITION,feature::capacity_vol -> concept::energy_definition -> target::energy_vol,True,False,False,False,True
energy_vol,Wh/L_or_Wh/dm3_database_dependent,False,charge_formula_X_max,stoichiometric_window,electrode_state_stoichiometry,L3,Working-ion insertion stoichiometry directly controls theoretical capacity and energy scale.,RULE_STOICHIOMETRIC_WINDOW,feature::charge_formula_X_max -> concept::working_ion_transfer -> target::energy_vol,True,False,False,False,True
energy_vol,Wh/L_or_Wh/dm3_database_dependent,False,charge_formula_X_mean,stoichiometric_window,electrode_state_stoichiometry,L3,Working-ion insertion stoichiometry directly controls theoretical capacity and energy scale.,RULE_STOICHIOMETRIC_WINDOW,feature::charge_formula_X_mean -> concept::working_ion_transfer -> target::energy_vol,True,False,False,False,True
energy_vol,Wh/L_or_Wh/dm3_database_dependent,False,charge_formula_X_min,stoichiometric_window,electrode_state_stoichiometry,L3,Working-ion insertion stoichiometry directly controls theoretical capacity and energy scale.,RULE_STOICHIOMETRIC_WINDOW,feature::charge_formula_X_min -> concept::working_ion_transfer -> target::energy_vol,True,False,False,False,True
energy_vol,Wh/L_or_Wh/dm3_database_dependent,False,charge_formula_X_range,stoichiometric_window,electrode_state_stoichiometry,L3,Working-ion insertion stoichiometry directly controls theoretical capacity and energy scale.,RULE_STOICHIOMETRIC_WINDOW,feature::charge_formula_X_range -> concept::working_ion_transfer -> target::energy_vol,True,False,False,False,True
energy_vol,Wh/L_or_Wh/dm3_database_dependent,False,charge_formula_X_std,stoichiometric_window,electrode_state_stoichiometry,L3,Working-ion insertion stoichiometry directly controls theoretical capacity and energy scale.,RULE_STOICHIOMETRIC_WINDOW,feature::charge_formula_X_std -> concept::working_ion_transfer -> target::energy_vol,True,False,False,False,True
energy_vol,Wh/L_or_Wh/dm3_database_dependent,False,charge_formula_Z_max,stoichiometric_window,electrode_state_stoichiometry,L3,Working-ion insertion stoichiometry directly controls theoretical capacity and energy scale.,RULE_STOICHIOMETRIC_WINDOW,feature::charge_formula_Z_max -> concept::working_ion_transfer -> target::energy_vol,True,False,False,False,True
energy_vol,Wh/L_or_Wh/dm3_database_dependent,False,charge_formula_Z_mean,stoichiometric_window,electrode_state_stoichiometry,L3,Working-ion insertion stoichiometry directly controls theoretical capacity and energy scale.,RULE_STOICHIOMETRIC_WINDOW,feature::charge_formula_Z_mean -> concept::working_ion_transfer -> target::energy_vol,True,False,False,False,True
energy_vol,Wh/L_or_Wh/dm3_database_dependent,False,charge_formula_Z_min,stoichiometric_window,electrode_state_stoichiometry,L3,Working-ion insertion stoichiometry directly controls theoretical capacity and energy scale.,RULE_STOICHIOMETRIC_WINDOW,feature::charge_formula_Z_min -> concept::working_ion_transfer -> target::energy_vol,True,False,False,False,True
energy_vol,Wh/L_or_Wh/dm3_database_dependent,False,charge_formula_Z_range,stoichiometric_window,electrode_state_stoichiometry,L3,Working-ion insertion stoichiometry directly controls theoretical capacity and energy scale.,RULE_STOICHIOMETRIC_WINDOW,feature::charge_formula_Z_range -> concept::working_ion_transfer -> target::energy_vol,True,False,False,False,True
energy_vol,Wh/L_or_Wh/dm3_database_dependent,False,charge_formula_Z_std,stoichiometric_window,electrode_state_stoichiometry,L3,Working-ion insertion stoichiometry directly controls theoretical capacity and energy scale.,RULE_STOICHIOMETRIC_WINDOW,feature::charge_formula_Z_std -> concept::working_ion_transfer -> target::energy_vol,True,False,False,False,True
energy_vol,Wh/L_or_Wh/dm3_database_dependent,False,charge_formula_atomic_mass_max,stoichiometric_window,electrode_state_stoichiometry,L3,Working-ion insertion stoichiometry directly controls theoretical capacity and energy scale.,RULE_STOICHIOMETRIC_WINDOW,feature::charge_formula_atomic_mass_max -> concept::working_ion_transfer -> target::energy_vol,True,False,False,False,True
energy_vol,Wh/L_or_Wh/dm3_database_dependent,False,charge_formula_atomic_mass_mean,stoichiometric_window,electrode_state_stoichiometry,L3,Working-ion insertion stoichiometry directly controls theoretical capacity and energy scale.,RULE_STOICHIOMETRIC_WINDOW,feature::charge_formula_atomic_mass_mean -> concept::working_ion_transfer -> target::energy_vol,True,False,False,False,True
energy_vol,Wh/L_or_Wh/dm3_database_dependent,False,charge_formula_atomic_mass_min,stoichiometric_window,electrode_state_stoichiometry,L3,Working-ion insertion stoichiometry directly controls theoretical capacity and energy scale.,RULE_STOICHIOMETRIC_WINDOW,feature::charge_formula_atomic_mass_min -> concept::working_ion_transfer -> target::energy_vol,True,False,False,False,True
energy_vol,Wh/L_or_Wh/dm3_database_dependent,False,charge_formula_atomic_mass_range,stoichiometric_window,electrode_state_stoichiometry,L3,Working-ion insertion stoichiometry directly controls theoretical capacity and energy scale.,RULE_STOICHIOMETRIC_WINDOW,feature::charge_formula_atomic_mass_range -> concept::working_ion_transfer -> target::energy_vol,True,False,False,False,True
energy_vol,Wh/L_or_Wh/dm3_database_dependent,False,charge_formula_atomic_mass_std,stoichiometric_window,electrode_state_stoichiometry,L3,Working-ion insertion stoichiometry directly controls theoretical capacity and energy scale.,RULE_STOICHIOMETRIC_WINDOW,feature::charge_formula_atomic_mass_std -> concept::working_ion_transfer -> target::energy_vol,True,False,False,False,True
energy_vol,Wh/L_or_Wh/dm3_database_dependent,False,charge_formula_frac_Ag,stoichiometric_window,electrode_state_stoichiometry,L3,Working-ion insertion stoichiometry directly controls theoretical capacity and energy scale.,RULE_STOICHIOMETRIC_WINDOW,feature::charge_formula_frac_Ag -> concept::working_ion_transfer -> target::energy_vol,True,False,False,False,True
energy_vol,Wh/L_or_Wh/dm3_database_dependent,False,charge_formula_frac_Al,stoichiometric_window,electrode_state_stoichiometry,L3,Working-ion insertion stoichiometry directly controls theoretical capacity and energy scale.,RULE_STOICHIOMETRIC_WINDOW,feature::charge_formula_frac_Al -> concept::working_ion_transfer -> target::energy_vol,True,False,False,False,True
energy_vol,Wh/L_or_Wh/dm3_database_dependent,False,charge_formula_frac_As,stoichiometric_window,electrode_state_stoichiometry,L3,Working-ion insertion stoichiometry directly controls theoretical capacity and energy scale.,RULE_STOICHIOMETRIC_WINDOW,feature::charge_formula_frac_As -> concept::working_ion_transfer -> target::energy_vol,True,False,False,False,True
energy_vol,Wh/L_or_Wh/dm3_database_dependent,False,charge_formula_frac_B,stoichiometric_window,electrode_state_stoichiometry,L3,Working-ion insertion stoichiometry directly controls theoretical capacity and energy scale.,RULE_STOICHIOMETRIC_WINDOW,feature::charge_formula_frac_B -> concept::working_ion_transfer -> target::energy_vol,True,False,False,False,True
energy_vol,Wh/L_or_Wh/dm3_database_dependent,False,charge_formula_frac_Br,stoichiometric_window,electrode_state_stoichiometry,L3,Working-ion insertion stoichiometry directly controls theoretical capacity and energy scale.,RULE_STOICHIOMETRIC_WINDOW,feature::charge_formula_frac_Br -> concept::working_ion_transfer -> target::energy_vol,True,False,False,False,True
energy_vol,Wh/L_or_Wh/dm3_database_dependent,False,charge_formula_frac_C,stoichiometric_window,electrode_state_stoichiometry,L3,Working-ion insertion stoichiometry directly controls theoretical capacity and energy scale.,RULE_STOICHIOMETRIC_WINDOW,feature::charge_formula_frac_C -> concept::working_ion_transfer -> target::energy_vol,True,False,False,False,True
energy_vol,Wh/L_or_Wh/dm3_database_dependent,False,charge_formula_frac_Ca,stoichiometric_window,electrode_state_stoichiometry,L3,Working-ion insertion stoichiometry directly controls theoretical capacity and energy scale.,RULE_STOICHIOMETRIC_WINDOW,feature::charge_formula_frac_Ca -> concept::working_ion_transfer -> target::energy_vol,True,False,False,False,True
energy_vol,Wh/L_or_Wh/dm3_database_dependent,False,charge_formula_frac_Cl,stoichiometric_window,electrode_state_stoichiometry,L3,Working-ion insertion stoichiometry directly controls theoretical capacity and energy scale.,RULE_STOICHIOMETRIC_WINDOW,feature::charge_formula_frac_Cl -> concept::working_ion_transfer -> target::energy_vol,True,False,False,False,True
energy_vol,Wh/L_or_Wh/dm3_database_dependent,False,charge_formula_frac_Co,stoichiometric_window,electrode_state_stoichiometry,L3,Working-ion insertion stoichiometry directly controls theoretical capacity and energy scale.,RULE_STOICHIOMETRIC_WINDOW,feature::charge_formula_frac_Co -> concept::working_ion_transfer -> target::energy_vol,True,False,False,False,True
energy_vol,Wh/L_or_Wh/dm3_database_dependent,False,charge_formula_frac_Cr,stoichiometric_window,electrode_state_stoichiometry,L3,Working-ion insertion stoichiometry directly controls theoretical capacity and energy scale.,RULE_STOICHIOMETRIC_WINDOW,feature::charge_formula_frac_Cr -> concept::working_ion_transfer -> target::energy_vol,True,False,False,False,True
energy_vol,Wh/L_or_Wh/dm3_database_dependent,False,charge_formula_frac_Cu,stoichiometric_window,electrode_state_stoichiometry,L3,Working-ion insertion stoichiometry directly controls theoretical capacity and energy scale.,RULE_STOICHIOMETRIC_WINDOW,feature::charge_formula_frac_Cu -> concept::working_ion_transfer -> target::energy_vol,True,False,False,False,True
energy_vol,Wh/L_or_Wh/dm3_database_dependent,False,charge_formula_frac_F,stoichiometric_window,electrode_state_stoichiometry,L3,Working-ion insertion stoichiometry directly controls theoretical capacity and energy scale.,RULE_STOICHIOMETRIC_WINDOW,feature::charge_formula_frac_F -> concept::working_ion_transfer -> target::energy_vol,True,False,False,False,True
energy_vol,Wh/L_or_Wh/dm3_database_dependent,False,charge_formula_frac_Fe,stoichiometric_window,electrode_state_stoichiometry,L3,Working-ion insertion stoichiometry directly controls theoretical capacity and energy scale.,RULE_STOICHIOMETRIC_WINDOW,feature::charge_formula_frac_Fe -> concept::working_ion_transfer -> target::energy_vol,True,False,False,False,True
energy_vol,Wh/L_or_Wh/dm3_database_dependent,False,charge_formula_frac_I,stoichiometric_window,electrode_state_stoichiometry,L3,Working-ion insertion stoichiometry directly controls theoretical capacity and energy scale.,RULE_STOICHIOMETRIC_WINDOW,feature::charge_formula_frac_I -> concept::working_ion_transfer -> target::energy_vol,True,False,False,False,True
energy_vol,Wh/L_or_Wh/dm3_database_dependent,False,charge_formula_frac_K,stoichiometric_window,electrode_state_stoichiometry,L3,Working-ion insertion stoichiometry directly controls theoretical capacity and energy scale.,RULE_STOICHIOMETRIC_WINDOW,feature::charge_formula_frac_K -> concept::working_ion_transfer -> target::energy_vol,True,False,False,False,True
energy_vol,Wh/L_or_Wh/dm3_database_dependent,False,charge_formula_frac_Li,stoichiometric_window,electrode_state_stoichiometry,L3,Working-ion insertion stoichiometry directly controls theoretical capacity and energy scale.,RULE_STOICHIOMETRIC_WINDOW,feature::charge_formula_frac_Li -> concept::working_ion_transfer -> target::energy_vol,True,False,False,False,True
energy_vol,Wh/L_or_Wh/dm3_database_dependent,False,charge_formula_frac_Mg,stoichiometric_window,electrode_state_stoichiometry,L3,Working-ion insertion stoichiometry directly controls theoretical capacity and energy scale.,RULE_STOICHIOMETRIC_WINDOW,feature::charge_formula_frac_Mg -> concept::working_ion_transfer -> target::energy_vol,True,False,False,False,True
energy_vol,Wh/L_or_Wh/dm3_database_dependent,False,charge_formula_frac_Mn,stoichiometric_window,electrode_state_stoichiometry,L3,Working-ion insertion stoichiometry directly controls theoretical capacity and energy scale.,RULE_STOICHIOMETRIC_WINDOW,feature::charge_formula_frac_Mn -> concept::working_ion_transfer -> target::energy_vol,True,False,False,False,True
energy_vol,Wh/L_or_Wh/dm3_database_dependent,False,charge_formula_frac_N,stoichiometric_window,electrode_state_stoichiometry,L3,Working-ion insertion stoichiometry directly controls theoretical capacity and energy scale.,RULE_STOICHIOMETRIC_WINDOW,feature::charge_formula_frac_N -> concept::working_ion_transfer -> target::energy_vol,True,False,False,False,True
energy_vol,Wh/L_or_Wh/dm3_database_dependent,False,charge_formula_frac_Na,stoichiometric_window,electrode_state_stoichiometry,L3,Working-ion insertion stoichiometry directly controls theoretical capacity and energy scale.,RULE_STOICHIOMETRIC_WINDOW,feature::charge_formula_frac_Na -> concept::working_ion_transfer -> target::energy_vol,True,False,False,False,True
energy_vol,Wh/L_or_Wh/dm3_database_dependent,False,charge_formula_frac_Ni,stoichiometric_window,electrode_state_stoichiometry,L3,Working-ion insertion stoichiometry directly controls theoretical capacity and energy scale.,RULE_STOICHIOMETRIC_WINDOW,feature::charge_formula_frac_Ni -> concept::working_ion_transfer -> target::energy_vol,True,False,False,False,True
energy_vol,Wh/L_or_Wh/dm3_database_dependent,False,charge_formula_frac_O,stoichiometric_window,electrode_state_stoichiometry,L3,Working-ion insertion stoichiometry directly controls theoretical capacity and energy scale.,RULE_STOICHIOMETRIC_WINDOW,feature::charge_formula_frac_O -> concept::working_ion_transfer -> target::energy_vol,True,False,False,False,True
energy_vol,Wh/L_or_Wh/dm3_database_dependent,False,charge_formula_frac_P,stoichiometric_window,electrode_state_stoichiometry,L3,Working-ion insertion stoichiometry directly controls theoretical capacity and energy scale.,RULE_STOICHIOMETRIC_WINDOW,feature::charge_formula_frac_P -> concept::working_ion_transfer -> target::energy_vol,True,False,False,False,True
energy_vol,Wh/L_or_Wh/dm3_database_dependent,False,charge_formula_frac_S,stoichiometric_window,electrode_state_stoichiometry,L3,Working-ion insertion stoichiometry directly controls theoretical capacity and energy scale.,RULE_STOICHIOMETRIC_WINDOW,feature::charge_formula_frac_S -> concept::working_ion_transfer -> target::energy_vol,True,False,False,False,True
energy_vol,Wh/L_or_Wh/dm3_database_dependent,False,charge_formula_frac_Si,stoichiometric_window,electrode_state_stoichiometry,L3,Working-ion insertion stoichiometry directly controls theoretical capacity and energy scale.,RULE_STOICHIOMETRIC_WINDOW,feature::charge_formula_frac_Si -> concept::working_ion_transfer -> target::energy_vol,True,False,False,False,True
energy_vol,Wh/L_or_Wh/dm3_database_dependent,False,charge_formula_frac_Ti,stoichiometric_window,electrode_state_stoichiometry,L3,Working-ion insertion stoichiometry directly controls theoretical capacity and energy scale.,RULE_STOICHIOMETRIC_WINDOW,feature::charge_formula_frac_Ti -> concept::working_ion_transfer -> target::energy_vol,True,False,False,False,True
energy_vol,Wh/L_or_Wh/dm3_database_dependent,False,charge_formula_frac_V,stoichiometric_window,electrode_state_stoichiometry,L3,Working-ion insertion stoichiometry directly controls theoretical capacity and energy scale.,RULE_STOICHIOMETRIC_WINDOW,feature::charge_formula_frac_V -> concept::working_ion_transfer -> target::energy_vol,True,False,False,False,True
energy_vol,Wh/L_or_Wh/dm3_database_dependent,False,charge_formula_frac_Zn,stoichiometric_window,electrode_state_stoichiometry,L3,Working-ion insertion stoichiometry directly controls theoretical capacity and energy scale.,RULE_STOICHIOMETRIC_WINDOW,feature::charge_formula_frac_Zn -> concept::working_ion_transfer -> target::energy_vol,True,False,False,False,True
energy_vol,Wh/L_or_Wh/dm3_database_dependent,False,charge_formula_frac_transition_metals,stoichiometric_window,electrode_state_stoichiometry,L3,Working-ion insertion stoichiometry directly controls theoretical capacity and energy scale.,RULE_STOICHIOMETRIC_WINDOW,feature::charge_formula_frac_transition_metals -> concept::working_ion_transfer -> target::energy_vol,True,False,False,False,True
energy_vol,Wh/L_or_Wh/dm3_database_dependent,False,charge_formula_group_max,stoichiometric_window,electrode_state_stoichiometry,L3,Working-ion insertion stoichiometry directly controls theoretical capacity and energy scale.,RULE_STOICHIOMETRIC_WINDOW,feature::charge_formula_group_max -> concept::working_ion_transfer -> target::energy_vol,True,False,False,False,True
energy_vol,Wh/L_or_Wh/dm3_database_dependent,False,charge_formula_group_mean,stoichiometric_window,electrode_state_stoichiometry,L3,Working-ion insertion stoichiometry directly controls theoretical capacity and energy scale.,RULE_STOICHIOMETRIC_WINDOW,feature::charge_formula_group_mean -> concept::working_ion_transfer -> target::energy_vol,True,False,False,False,True
energy_vol,Wh/L_or_Wh/dm3_database_dependent,False,charge_formula_group_min,stoichiometric_window,electrode_state_stoichiometry,L3,Working-ion insertion stoichiometry directly controls theoretical capacity and energy scale.,RULE_STOICHIOMETRIC_WINDOW,feature::charge_formula_group_min -> concept::working_ion_transfer -> target::energy_vol,True,False,False,False,True
energy_vol,Wh/L_or_Wh/dm3_database_dependent,False,charge_formula_group_range,stoichiometric_window,electrode_state_stoichiometry,L3,Working-ion insertion stoichiometry directly controls theoretical capacity and energy scale.,RULE_STOICHIOMETRIC_WINDOW,feature::charge_formula_group_range -> concept::working_ion_transfer -> target::energy_vol,True,False,False,False,True
energy_vol,Wh/L_or_Wh/dm3_database_dependent,False,charge_formula_group_std,stoichiometric_window,electrode_state_stoichiometry,L3,Working-ion insertion stoichiometry directly controls theoretical capacity and energy scale.,RULE_STOICHIOMETRIC_WINDOW,feature::charge_formula_group_std -> concept::working_ion_transfer -> target::energy_vol,True,False,False,False,True
energy_vol,Wh/L_or_Wh/dm3_database_dependent,False,charge_formula_has_Br,stoichiometric_window,electrode_state_stoichiometry,L3,Working-ion insertion stoichiometry directly controls theoretical capacity and energy scale.,RULE_STOICHIOMETRIC_WINDOW,feature::charge_formula_has_Br -> concept::working_ion_transfer -> target::energy_vol,True,False,False,False,True
energy_vol,Wh/L_or_Wh/dm3_database_dependent,False,charge_formula_has_C,stoichiometric_window,electrode_state_stoichiometry,L3,Working-ion insertion stoichiometry directly controls theoretical capacity and energy scale.,RULE_STOICHIOMETRIC_WINDOW,feature::charge_formula_has_C -> concept::working_ion_transfer -> target::energy_vol,True,False,False,False,True
energy_vol,Wh/L_or_Wh/dm3_database_dependent,False,charge_formula_has_Cl,stoichiometric_window,electrode_state_stoichiometry,L3,Working-ion insertion stoichiometry directly controls theoretical capacity and energy scale.,RULE_STOICHIOMETRIC_WINDOW,feature::charge_formula_has_Cl -> concept::working_ion_transfer -> target::energy_vol,True,False,False,False,True
energy_vol,Wh/L_or_Wh/dm3_database_dependent,False,charge_formula_has_F,stoichiometric_window,electrode_state_stoichiometry,L3,Working-ion insertion stoichiometry directly controls theoretical capacity and energy scale.,RULE_STOICHIOMETRIC_WINDOW,feature::charge_formula_has_F -> concept::working_ion_transfer -> target::energy_vol,True,False,False,False,True
energy_vol,Wh/L_or_Wh/dm3_database_dependent,False,charge_formula_has_I,stoichiometric_window,electrode_state_stoichiometry,L3,Working-ion insertion stoichiometry directly controls theoretical capacity and energy scale.,RULE_STOICHIOMETRIC_WINDOW,feature::charge_formula_has_I -> concept::working_ion_transfer -> target::energy_vol,True,False,False,False,True
energy_vol,Wh/L_or_Wh/dm3_database_dependent,False,charge_formula_has_N,stoichiometric_window,electrode_state_stoichiometry,L3,Working-ion insertion stoichiometry directly controls theoretical capacity and energy scale.,RULE_STOICHIOMETRIC_WINDOW,feature::charge_formula_has_N -> concept::working_ion_transfer -> target::energy_vol,True,False,False,False,True
energy_vol,Wh/L_or_Wh/dm3_database_dependent,False,charge_formula_has_O,stoichiometric_window,electrode_state_stoichiometry,L3,Working-ion insertion stoichiometry directly controls theoretical capacity and energy scale.,RULE_STOICHIOMETRIC_WINDOW,feature::charge_formula_has_O -> concept::working_ion_transfer -> target::energy_vol,True,False,False,False,True
energy_vol,Wh/L_or_Wh/dm3_database_dependent,False,charge_formula_has_P,stoichiometric_window,electrode_state_stoichiometry,L3,Working-ion insertion stoichiometry directly controls theoretical capacity and energy scale.,RULE_STOICHIOMETRIC_WINDOW,feature::charge_formula_has_P -> concept::working_ion_transfer -> target::energy_vol,True,False,False,False,True
energy_vol,Wh/L_or_Wh/dm3_database_dependent,False,charge_formula_has_S,stoichiometric_window,electrode_state_stoichiometry,L3,Working-ion insertion stoichiometry directly controls theoretical capacity and energy scale.,RULE_STOICHIOMETRIC_WINDOW,feature::charge_formula_has_S -> concept::working_ion_transfer -> target::energy_vol,True,False,False,False,True
energy_vol,Wh/L_or_Wh/dm3_database_dependent,False,charge_formula_has_Si,stoichiometric_window,electrode_state_stoichiometry,L3,Working-ion insertion stoichiometry directly controls theoretical capacity and energy scale.,RULE_STOICHIOMETRIC_WINDOW,feature::charge_formula_has_Si -> concept::working_ion_transfer -> target::energy_vol,True,False,False,False,True
energy_vol,Wh/L_or_Wh/dm3_database_dependent,False,charge_formula_n_atoms,stoichiometric_window,electrode_state_stoichiometry,L3,Working-ion insertion stoichiometry directly controls theoretical capacity and energy scale.,RULE_STOICHIOMETRIC_WINDOW,feature::charge_formula_n_atoms -> concept::working_ion_transfer -> target::energy_vol,True,False,False,False,True
energy_vol,Wh/L_or_Wh/dm3_database_dependent,False,charge_formula_n_elements,stoichiometric_window,electrode_state_stoichiometry,L3,Working-ion insertion stoichiometry directly controls theoretical capacity and energy scale.,RULE_STOICHIOMETRIC_WINDOW,feature::charge_formula_n_elements -> concept::working_ion_transfer -> target::energy_vol,True,False,False,False,True
energy_vol,Wh/L_or_Wh/dm3_database_dependent,False,charge_formula_n_transition_metals,stoichiometric_window,electrode_state_stoichiometry,L3,Working-ion insertion stoichiometry directly controls theoretical capacity and energy scale.,RULE_STOICHIOMETRIC_WINDOW,feature::charge_formula_n_transition_metals -> concept::working_ion_transfer -> target::energy_vol,True,False,False,False,True
energy_vol,Wh/L_or_Wh/dm3_database_dependent,False,charge_formula_parse_ok,stoichiometric_window,electrode_state_stoichiometry,L3,Working-ion insertion stoichiometry directly controls theoretical capacity and energy scale.,RULE_STOICHIOMETRIC_WINDOW,feature::charge_formula_parse_ok -> concept::working_ion_transfer -> target::energy_vol,True,False,False,False,True
energy_vol,Wh/L_or_Wh/dm3_database_dependent,False,charge_formula_row_max,stoichiometric_window,electrode_state_stoichiometry,L3,Working-ion insertion stoichiometry directly controls theoretical capacity and energy scale.,RULE_STOICHIOMETRIC_WINDOW,feature::charge_formula_row_max -> concept::working_ion_transfer -> target::energy_vol,True,False,False,False,True
energy_vol,Wh/L_or_Wh/dm3_database_dependent,False,charge_formula_row_mean,stoichiometric_window,electrode_state_stoichiometry,L3,Working-ion insertion stoichiometry directly controls theoretical capacity and energy scale.,RULE_STOICHIOMETRIC_WINDOW,feature::charge_formula_row_mean -> concept::working_ion_transfer -> target::energy_vol,True,False,False,False,True
energy_vol,Wh/L_or_Wh/dm3_database_dependent,False,charge_formula_row_min,stoichiometric_window,electrode_state_stoichiometry,L3,Working-ion insertion stoichiometry directly controls theoretical capacity and energy scale.,RULE_STOICHIOMETRIC_WINDOW,feature::charge_formula_row_min -> concept::working_ion_transfer -> target::energy_vol,True,False,False,False,True
energy_vol,Wh/L_or_Wh/dm3_database_dependent,False,charge_formula_row_range,stoichiometric_window,electrode_state_stoichiometry,L3,Working-ion insertion stoichiometry directly controls theoretical capacity and energy scale.,RULE_STOICHIOMETRIC_WINDOW,feature::charge_formula_row_range -> concept::working_ion_transfer -> target::energy_vol,True,False,False,False,True
energy_vol,Wh/L_or_Wh/dm3_database_dependent,False,charge_formula_row_std,stoichiometric_window,electrode_state_stoichiometry,L3,Working-ion insertion stoichiometry directly controls theoretical capacity and energy scale.,RULE_STOICHIOMETRIC_WINDOW,feature::charge_formula_row_std -> concept::working_ion_transfer -> target::energy_vol,True,False,False,False,True
energy_vol,Wh/L_or_Wh/dm3_database_dependent,False,charge_summary_band_gap,post_dft_electronic_summary,post_dft_electronic,L4,The electronic descriptor is generated in the same post-DFT record and is decision-support only.,RULE_POST_DFT_ELECTRONIC,feature::charge_summary_band_gap -> concept::post_dft_record -> target::energy_vol,True,False,False,True,True
energy_vol,Wh/L_or_Wh/dm3_database_dependent,False,charge_summary_density,relaxed_structure_summary,relaxed_structure,L0,The relaxed-structure summary is not target-defining for this target.,RULE_SAFE_STRUCTURE,feature::charge_summary_density -> target::energy_vol,True,False,True,True,True
energy_vol,Wh/L_or_Wh/dm3_database_dependent,False,charge_summary_density_atomic,relaxed_structure_summary,relaxed_structure,L0,The relaxed-structure summary is not target-defining for this target.,RULE_SAFE_STRUCTURE,feature::charge_summary_density_atomic -> target::energy_vol,True,False,True,True,True
energy_vol,Wh/L_or_Wh/dm3_database_dependent,False,charge_summary_energy_above_hull,post_dft_energy_stability_summary,post_dft_thermodynamics,L4,The hull/stability summary is a post-DFT decision-support descriptor for this target.,RULE_HULL_OTHER,feature::charge_summary_energy_above_hull -> concept::post_dft_thermodynamics -> target::energy_vol,True,False,False,True,True
energy_vol,Wh/L_or_Wh/dm3_database_dependent,False,charge_summary_formation_energy_per_atom,post_dft_energy_stability_summary,post_dft_thermodynamics,L2,Endpoint formation energies are target-defining or strongly target-adjacent for electrode energy.,RULE_FORMATION_ENERGY_ENERGY,feature::charge_summary_formation_energy_per_atom -> concept::insertion_energy_difference -> target::energy_vol,True,False,False,False,True
energy_vol,Wh/L_or_Wh/dm3_database_dependent,False,charge_summary_is_metal,post_dft_electronic_summary,post_dft_electronic,L4,The electronic descriptor is generated in the same post-DFT record and is decision-support only.,RULE_POST_DFT_ELECTRONIC,feature::charge_summary_is_metal -> concept::post_dft_record -> target::energy_vol,True,False,False,True,True
energy_vol,Wh/L_or_Wh/dm3_database_dependent,False,charge_summary_is_stable,post_dft_energy_stability_summary,post_dft_thermodynamics,L4,The hull/stability summary is a post-DFT decision-support descriptor for this target.,RULE_HULL_OTHER,feature::charge_summary_is_stable -> concept::post_dft_thermodynamics -> target::energy_vol,True,False,False,True,True
energy_vol,Wh/L_or_Wh/dm3_database_dependent,False,charge_summary_nsites,relaxed_structure_summary,relaxed_structure,L0,The relaxed-structure summary is not target-defining for this target.,RULE_SAFE_STRUCTURE,feature::charge_summary_nsites -> target::energy_vol,True,False,True,True,True
energy_vol,Wh/L_or_Wh/dm3_database_dependent,False,charge_summary_symmetry_number,relaxed_structure_summary,relaxed_structure,L0,The relaxed-structure summary is not target-defining for this target.,RULE_SAFE_STRUCTURE,feature::charge_summary_symmetry_number -> target::energy_vol,True,False,True,True,True
energy_vol,Wh/L_or_Wh/dm3_database_dependent,False,charge_summary_theoretical,post_dft_provenance_flag,post_dft_provenance,L4,The provenance flag is available only from the post-DFT record.,RULE_POST_DFT_PROVENANCE,feature::charge_summary_theoretical -> concept::post_dft_record -> target::energy_vol,True,False,False,False,True
energy_vol,Wh/L_or_Wh/dm3_database_dependent,False,charge_summary_volume,relaxed_structure_summary,relaxed_structure,L0,The relaxed-structure summary is not target-defining for this target.,RULE_SAFE_STRUCTURE,feature::charge_summary_volume -> target::energy_vol,True,False,True,True,True
energy_vol,Wh/L_or_Wh/dm3_database_dependent,False,charge_summary_volume_per_site,relaxed_structure_summary,relaxed_structure,L0,The relaxed-structure summary is not target-defining for this target.,RULE_SAFE_STRUCTURE,feature::charge_summary_volume_per_site -> target::energy_vol,True,False,True,True,True
energy_vol,Wh/L_or_Wh/dm3_database_dependent,False,discharge_formula_X_max,stoichiometric_window,electrode_state_stoichiometry,L3,Working-ion insertion stoichiometry directly controls theoretical capacity and energy scale.,RULE_STOICHIOMETRIC_WINDOW,feature::discharge_formula_X_max -> concept::working_ion_transfer -> target::energy_vol,True,False,False,False,True
energy_vol,Wh/L_or_Wh/dm3_database_dependent,False,discharge_formula_X_mean,stoichiometric_window,electrode_state_stoichiometry,L3,Working-ion insertion stoichiometry directly controls theoretical capacity and energy scale.,RULE_STOICHIOMETRIC_WINDOW,feature::discharge_formula_X_mean -> concept::working_ion_transfer -> target::energy_vol,True,False,False,False,True
energy_vol,Wh/L_or_Wh/dm3_database_dependent,False,discharge_formula_X_min,stoichiometric_window,electrode_state_stoichiometry,L3,Working-ion insertion stoichiometry directly controls theoretical capacity and energy scale.,RULE_STOICHIOMETRIC_WINDOW,feature::discharge_formula_X_min -> concept::working_ion_transfer -> target::energy_vol,True,False,False,False,True
energy_vol,Wh/L_or_Wh/dm3_database_dependent,False,discharge_formula_X_range,stoichiometric_window,electrode_state_stoichiometry,L3,Working-ion insertion stoichiometry directly controls theoretical capacity and energy scale.,RULE_STOICHIOMETRIC_WINDOW,feature::discharge_formula_X_range -> concept::working_ion_transfer -> target::energy_vol,True,False,False,False,True
energy_vol,Wh/L_or_Wh/dm3_database_dependent,False,discharge_formula_X_std,stoichiometric_window,electrode_state_stoichiometry,L3,Working-ion insertion stoichiometry directly controls theoretical capacity and energy scale.,RULE_STOICHIOMETRIC_WINDOW,feature::discharge_formula_X_std -> concept::working_ion_transfer -> target::energy_vol,True,False,False,False,True
energy_vol,Wh/L_or_Wh/dm3_database_dependent,False,discharge_formula_Z_max,stoichiometric_window,electrode_state_stoichiometry,L3,Working-ion insertion stoichiometry directly controls theoretical capacity and energy scale.,RULE_STOICHIOMETRIC_WINDOW,feature::discharge_formula_Z_max -> concept::working_ion_transfer -> target::energy_vol,True,False,False,False,True
energy_vol,Wh/L_or_Wh/dm3_database_dependent,False,discharge_formula_Z_mean,stoichiometric_window,electrode_state_stoichiometry,L3,Working-ion insertion stoichiometry directly controls theoretical capacity and energy scale.,RULE_STOICHIOMETRIC_WINDOW,feature::discharge_formula_Z_mean -> concept::working_ion_transfer -> target::energy_vol,True,False,False,False,True
energy_vol,Wh/L_or_Wh/dm3_database_dependent,False,discharge_formula_Z_min,stoichiometric_window,electrode_state_stoichiometry,L3,Working-ion insertion stoichiometry directly controls theoretical capacity and energy scale.,RULE_STOICHIOMETRIC_WINDOW,feature::discharge_formula_Z_min -> concept::working_ion_transfer -> target::energy_vol,True,False,False,False,True
energy_vol,Wh/L_or_Wh/dm3_database_dependent,False,discharge_formula_Z_range,stoichiometric_window,electrode_state_stoichiometry,L3,Working-ion insertion stoichiometry directly controls theoretical capacity and energy scale.,RULE_STOICHIOMETRIC_WINDOW,feature::discharge_formula_Z_range -> concept::working_ion_transfer -> target::energy_vol,True,False,False,False,True
energy_vol,Wh/L_or_Wh/dm3_database_dependent,False,discharge_formula_Z_std,stoichiometric_window,electrode_state_stoichiometry,L3,Working-ion insertion stoichiometry directly controls theoretical capacity and energy scale.,RULE_STOICHIOMETRIC_WINDOW,feature::discharge_formula_Z_std -> concept::working_ion_transfer -> target::energy_vol,True,False,False,False,True
energy_vol,Wh/L_or_Wh/dm3_database_dependent,False,discharge_formula_atomic_mass_max,stoichiometric_window,electrode_state_stoichiometry,L3,Working-ion insertion stoichiometry directly controls theoretical capacity and energy scale.,RULE_STOICHIOMETRIC_WINDOW,feature::discharge_formula_atomic_mass_max -> concept::working_ion_transfer -> target::energy_vol,True,False,False,False,True
energy_vol,Wh/L_or_Wh/dm3_database_dependent,False,discharge_formula_atomic_mass_mean,stoichiometric_window,electrode_state_stoichiometry,L3,Working-ion insertion stoichiometry directly controls theoretical capacity and energy scale.,RULE_STOICHIOMETRIC_WINDOW,feature::discharge_formula_atomic_mass_mean -> concept::working_ion_transfer -> target::energy_vol,True,False,False,False,True
energy_vol,Wh/L_or_Wh/dm3_database_dependent,False,discharge_formula_atomic_mass_min,stoichiometric_window,electrode_state_stoichiometry,L3,Working-ion insertion stoichiometry directly controls theoretical capacity and energy scale.,RULE_STOICHIOMETRIC_WINDOW,feature::discharge_formula_atomic_mass_min -> concept::working_ion_transfer -> target::energy_vol,True,False,False,False,True
energy_vol,Wh/L_or_Wh/dm3_database_dependent,False,discharge_formula_atomic_mass_range,stoichiometric_window,electrode_state_stoichiometry,L3,Working-ion insertion stoichiometry directly controls theoretical capacity and energy scale.,RULE_STOICHIOMETRIC_WINDOW,feature::discharge_formula_atomic_mass_range -> concept::working_ion_transfer -> target::energy_vol,True,False,False,False,True
energy_vol,Wh/L_or_Wh/dm3_database_dependent,False,discharge_formula_atomic_mass_std,stoichiometric_window,electrode_state_stoichiometry,L3,Working-ion insertion stoichiometry directly controls theoretical capacity and energy scale.,RULE_STOICHIOMETRIC_WINDOW,feature::discharge_formula_atomic_mass_std -> concept::working_ion_transfer -> target::energy_vol,True,False,False,False,True
energy_vol,Wh/L_or_Wh/dm3_database_dependent,False,discharge_formula_frac_Ag,stoichiometric_window,electrode_state_stoichiometry,L3,Working-ion insertion stoichiometry directly controls theoretical capacity and energy scale.,RULE_STOICHIOMETRIC_WINDOW,feature::discharge_formula_frac_Ag -> concept::working_ion_transfer -> target::energy_vol,True,False,False,False,True
energy_vol,Wh/L_or_Wh/dm3_database_dependent,False,discharge_formula_frac_Al,stoichiometric_window,electrode_state_stoichiometry,L3,Working-ion insertion stoichiometry directly controls theoretical capacity and energy scale.,RULE_STOICHIOMETRIC_WINDOW,feature::discharge_formula_frac_Al -> concept::working_ion_transfer -> target::energy_vol,True,False,False,False,True
energy_vol,Wh/L_or_Wh/dm3_database_dependent,False,discharge_formula_frac_As,stoichiometric_window,electrode_state_stoichiometry,L3,Working-ion insertion stoichiometry directly controls theoretical capacity and energy scale.,RULE_STOICHIOMETRIC_WINDOW,feature::discharge_formula_frac_As -> concept::working_ion_transfer -> target::energy_vol,True,False,False,False,True
energy_vol,Wh/L_or_Wh/dm3_database_dependent,False,discharge_formula_frac_B,stoichiometric_window,electrode_state_stoichiometry,L3,Working-ion insertion stoichiometry directly controls theoretical capacity and energy scale.,RULE_STOICHIOMETRIC_WINDOW,feature::discharge_formula_frac_B -> concept::working_ion_transfer -> target::energy_vol,True,False,False,False,True
energy_vol,Wh/L_or_Wh/dm3_database_dependent,False,discharge_formula_frac_Br,stoichiometric_window,electrode_state_stoichiometry,L3,Working-ion insertion stoichiometry directly controls theoretical capacity and energy scale.,RULE_STOICHIOMETRIC_WINDOW,feature::discharge_formula_frac_Br -> concept::working_ion_transfer -> target::energy_vol,True,False,False,False,True
energy_vol,Wh/L_or_Wh/dm3_database_dependent,False,discharge_formula_frac_C,stoichiometric_window,electrode_state_stoichiometry,L3,Working-ion insertion stoichiometry directly controls theoretical capacity and energy scale.,RULE_STOICHIOMETRIC_WINDOW,feature::discharge_formula_frac_C -> concept::working_ion_transfer -> target::energy_vol,True,False,False,False,True
energy_vol,Wh/L_or_Wh/dm3_database_dependent,False,discharge_formula_frac_Ca,stoichiometric_window,electrode_state_stoichiometry,L3,Working-ion insertion stoichiometry directly controls theoretical capacity and energy scale.,RULE_STOICHIOMETRIC_WINDOW,feature::discharge_formula_frac_Ca -> concept::working_ion_transfer -> target::energy_vol,True,False,False,False,True
energy_vol,Wh/L_or_Wh/dm3_database_dependent,False,discharge_formula_frac_Cl,stoichiometric_window,electrode_state_stoichiometry,L3,Working-ion insertion stoichiometry directly controls theoretical capacity and energy scale.,RULE_STOICHIOMETRIC_WINDOW,feature::discharge_formula_frac_Cl -> concept::working_ion_transfer -> target::energy_vol,True,False,False,False,True
energy_vol,Wh/L_or_Wh/dm3_database_dependent,False,discharge_formula_frac_Co,stoichiometric_window,electrode_state_stoichiometry,L3,Working-ion insertion stoichiometry directly controls theoretical capacity and energy scale.,RULE_STOICHIOMETRIC_WINDOW,feature::discharge_formula_frac_Co -> concept::working_ion_transfer -> target::energy_vol,True,False,False,False,True
energy_vol,Wh/L_or_Wh/dm3_database_dependent,False,discharge_formula_frac_Cr,stoichiometric_window,electrode_state_stoichiometry,L3,Working-ion insertion stoichiometry directly controls theoretical capacity and energy scale.,RULE_STOICHIOMETRIC_WINDOW,feature::discharge_formula_frac_Cr -> concept::working_ion_transfer -> target::energy_vol,True,False,False,False,True
energy_vol,Wh/L_or_Wh/dm3_database_dependent,False,discharge_formula_frac_Cu,stoichiometric_window,electrode_state_stoichiometry,L3,Working-ion insertion stoichiometry directly controls theoretical capacity and energy scale.,RULE_STOICHIOMETRIC_WINDOW,feature::discharge_formula_frac_Cu -> concept::working_ion_transfer -> target::energy_vol,True,False,False,False,True
energy_vol,Wh/L_or_Wh/dm3_database_dependent,False,discharge_formula_frac_F,stoichiometric_window,electrode_state_stoichiometry,L3,Working-ion insertion stoichiometry directly controls theoretical capacity and energy scale.,RULE_STOICHIOMETRIC_WINDOW,feature::discharge_formula_frac_F -> concept::working_ion_transfer -> target::energy_vol,True,False,False,False,True
energy_vol,Wh/L_or_Wh/dm3_database_dependent,False,discharge_formula_frac_Fe,stoichiometric_window,electrode_state_stoichiometry,L3,Working-ion insertion stoichiometry directly controls theoretical capacity and energy scale.,RULE_STOICHIOMETRIC_WINDOW,feature::discharge_formula_frac_Fe -> concept::working_ion_transfer -> target::energy_vol,True,False,False,False,True
energy_vol,Wh/L_or_Wh/dm3_database_dependent,False,discharge_formula_frac_I,stoichiometric_window,electrode_state_stoichiometry,L3,Working-ion insertion stoichiometry directly controls theoretical capacity and energy scale.,RULE_STOICHIOMETRIC_WINDOW,feature::discharge_formula_frac_I -> concept::working_ion_transfer -> target::energy_vol,True,False,False,False,True
energy_vol,Wh/L_or_Wh/dm3_database_dependent,False,discharge_formula_frac_K,stoichiometric_window,electrode_state_stoichiometry,L3,Working-ion insertion stoichiometry directly controls theoretical capacity and energy scale.,RULE_STOICHIOMETRIC_WINDOW,feature::discharge_formula_frac_K -> concept::working_ion_transfer -> target::energy_vol,True,False,False,False,True
energy_vol,Wh/L_or_Wh/dm3_database_dependent,False,discharge_formula_frac_Li,stoichiometric_window,electrode_state_stoichiometry,L3,Working-ion insertion stoichiometry directly controls theoretical capacity and energy scale.,RULE_STOICHIOMETRIC_WINDOW,feature::discharge_formula_frac_Li -> concept::working_ion_transfer -> target::energy_vol,True,False,False,False,True
energy_vol,Wh/L_or_Wh/dm3_database_dependent,False,discharge_formula_frac_Mg,stoichiometric_window,electrode_state_stoichiometry,L3,Working-ion insertion stoichiometry directly controls theoretical capacity and energy scale.,RULE_STOICHIOMETRIC_WINDOW,feature::discharge_formula_frac_Mg -> concept::working_ion_transfer -> target::energy_vol,True,False,False,False,True
energy_vol,Wh/L_or_Wh/dm3_database_dependent,False,discharge_formula_frac_Mn,stoichiometric_window,electrode_state_stoichiometry,L3,Working-ion insertion stoichiometry directly controls theoretical capacity and energy scale.,RULE_STOICHIOMETRIC_WINDOW,feature::discharge_formula_frac_Mn -> concept::working_ion_transfer -> target::energy_vol,True,False,False,False,True
energy_vol,Wh/L_or_Wh/dm3_database_dependent,False,discharge_formula_frac_N,stoichiometric_window,electrode_state_stoichiometry,L3,Working-ion insertion stoichiometry directly controls theoretical capacity and energy scale.,RULE_STOICHIOMETRIC_WINDOW,feature::discharge_formula_frac_N -> concept::working_ion_transfer -> target::energy_vol,True,False,False,False,True
energy_vol,Wh/L_or_Wh/dm3_database_dependent,False,discharge_formula_frac_Na,stoichiometric_window,electrode_state_stoichiometry,L3,Working-ion insertion stoichiometry directly controls theoretical capacity and energy scale.,RULE_STOICHIOMETRIC_WINDOW,feature::discharge_formula_frac_Na -> concept::working_ion_transfer -> target::energy_vol,True,False,False,False,True
energy_vol,Wh/L_or_Wh/dm3_database_dependent,False,discharge_formula_frac_Ni,stoichiometric_window,electrode_state_stoichiometry,L3,Working-ion insertion stoichiometry directly controls theoretical capacity and energy scale.,RULE_STOICHIOMETRIC_WINDOW,feature::discharge_formula_frac_Ni -> concept::working_ion_transfer -> target::energy_vol,True,False,False,False,True
energy_vol,Wh/L_or_Wh/dm3_database_dependent,False,discharge_formula_frac_O,stoichiometric_window,electrode_state_stoichiometry,L3,Working-ion insertion stoichiometry directly controls theoretical capacity and energy scale.,RULE_STOICHIOMETRIC_WINDOW,feature::discharge_formula_frac_O -> concept::working_ion_transfer -> target::energy_vol,True,False,False,False,True
energy_vol,Wh/L_or_Wh/dm3_database_dependent,False,discharge_formula_frac_P,stoichiometric_window,electrode_state_stoichiometry,L3,Working-ion insertion stoichiometry directly controls theoretical capacity and energy scale.,RULE_STOICHIOMETRIC_WINDOW,feature::discharge_formula_frac_P -> concept::working_ion_transfer -> target::energy_vol,True,False,False,False,True
energy_vol,Wh/L_or_Wh/dm3_database_dependent,False,discharge_formula_frac_S,stoichiometric_window,electrode_state_stoichiometry,L3,Working-ion insertion stoichiometry directly controls theoretical capacity and energy scale.,RULE_STOICHIOMETRIC_WINDOW,feature::discharge_formula_frac_S -> concept::working_ion_transfer -> target::energy_vol,True,False,False,False,True
energy_vol,Wh/L_or_Wh/dm3_database_dependent,False,discharge_formula_frac_Si,stoichiometric_window,electrode_state_stoichiometry,L3,Working-ion insertion stoichiometry directly controls theoretical capacity and energy scale.,RULE_STOICHIOMETRIC_WINDOW,feature::discharge_formula_frac_Si -> concept::working_ion_transfer -> target::energy_vol,True,False,False,False,True
energy_vol,Wh/L_or_Wh/dm3_database_dependent,False,discharge_formula_frac_Ti,stoichiometric_window,electrode_state_stoichiometry,L3,Working-ion insertion stoichiometry directly controls theoretical capacity and energy scale.,RULE_STOICHIOMETRIC_WINDOW,feature::discharge_formula_frac_Ti -> concept::working_ion_transfer -> target::energy_vol,True,False,False,False,True
energy_vol,Wh/L_or_Wh/dm3_database_dependent,False,discharge_formula_frac_V,stoichiometric_window,electrode_state_stoichiometry,L3,Working-ion insertion stoichiometry directly controls theoretical capacity and energy scale.,RULE_STOICHIOMETRIC_WINDOW,feature::discharge_formula_frac_V -> concept::working_ion_transfer -> target::energy_vol,True,False,False,False,True
energy_vol,Wh/L_or_Wh/dm3_database_dependent,False,discharge_formula_frac_Zn,stoichiometric_window,electrode_state_stoichiometry,L3,Working-ion insertion stoichiometry directly controls theoretical capacity and energy scale.,RULE_STOICHIOMETRIC_WINDOW,feature::discharge_formula_frac_Zn -> concept::working_ion_transfer -> target::energy_vol,True,False,False,False,True
energy_vol,Wh/L_or_Wh/dm3_database_dependent,False,discharge_formula_frac_transition_metals,stoichiometric_window,electrode_state_stoichiometry,L3,Working-ion insertion stoichiometry directly controls theoretical capacity and energy scale.,RULE_STOICHIOMETRIC_WINDOW,feature::discharge_formula_frac_transition_metals -> concept::working_ion_transfer -> target::energy_vol,True,False,False,False,True
energy_vol,Wh/L_or_Wh/dm3_database_dependent,False,discharge_formula_group_max,stoichiometric_window,electrode_state_stoichiometry,L3,Working-ion insertion stoichiometry directly controls theoretical capacity and energy scale.,RULE_STOICHIOMETRIC_WINDOW,feature::discharge_formula_group_max -> concept::working_ion_transfer -> target::energy_vol,True,False,False,False,True
energy_vol,Wh/L_or_Wh/dm3_database_dependent,False,discharge_formula_group_mean,stoichiometric_window,electrode_state_stoichiometry,L3,Working-ion insertion stoichiometry directly controls theoretical capacity and energy scale.,RULE_STOICHIOMETRIC_WINDOW,feature::discharge_formula_group_mean -> concept::working_ion_transfer -> target::energy_vol,True,False,False,False,True
energy_vol,Wh/L_or_Wh/dm3_database_dependent,False,discharge_formula_group_min,stoichiometric_window,electrode_state_stoichiometry,L3,Working-ion insertion stoichiometry directly controls theoretical capacity and energy scale.,RULE_STOICHIOMETRIC_WINDOW,feature::discharge_formula_group_min -> concept::working_ion_transfer -> target::energy_vol,True,False,False,False,True
energy_vol,Wh/L_or_Wh/dm3_database_dependent,False,discharge_formula_group_range,stoichiometric_window,electrode_state_stoichiometry,L3,Working-ion insertion stoichiometry directly controls theoretical capacity and energy scale.,RULE_STOICHIOMETRIC_WINDOW,feature::discharge_formula_group_range -> concept::working_ion_transfer -> target::energy_vol,True,False,False,False,True
energy_vol,Wh/L_or_Wh/dm3_database_dependent,False,discharge_formula_group_std,stoichiometric_window,electrode_state_stoichiometry,L3,Working-ion insertion stoichiometry directly controls theoretical capacity and energy scale.,RULE_STOICHIOMETRIC_WINDOW,feature::discharge_formula_group_std -> concept::working_ion_transfer -> target::energy_vol,True,False,False,False,True
energy_vol,Wh/L_or_Wh/dm3_database_dependent,False,discharge_formula_has_Br,stoichiometric_window,electrode_state_stoichiometry,L3,Working-ion insertion stoichiometry directly controls theoretical capacity and energy scale.,RULE_STOICHIOMETRIC_WINDOW,feature::discharge_formula_has_Br -> concept::working_ion_transfer -> target::energy_vol,True,False,False,False,True
energy_vol,Wh/L_or_Wh/dm3_database_dependent,False,discharge_formula_has_C,stoichiometric_window,electrode_state_stoichiometry,L3,Working-ion insertion stoichiometry directly controls theoretical capacity and energy scale.,RULE_STOICHIOMETRIC_WINDOW,feature::discharge_formula_has_C -> concept::working_ion_transfer -> target::energy_vol,True,False,False,False,True
energy_vol,Wh/L_or_Wh/dm3_database_dependent,False,discharge_formula_has_Cl,stoichiometric_window,electrode_state_stoichiometry,L3,Working-ion insertion stoichiometry directly controls theoretical capacity and energy scale.,RULE_STOICHIOMETRIC_WINDOW,feature::discharge_formula_has_Cl -> concept::working_ion_transfer -> target::energy_vol,True,False,False,False,True
energy_vol,Wh/L_or_Wh/dm3_database_dependent,False,discharge_formula_has_F,stoichiometric_window,electrode_state_stoichiometry,L3,Working-ion insertion stoichiometry directly controls theoretical capacity and energy scale.,RULE_STOICHIOMETRIC_WINDOW,feature::discharge_formula_has_F -> concept::working_ion_transfer -> target::energy_vol,True,False,False,False,True
energy_vol,Wh/L_or_Wh/dm3_database_dependent,False,discharge_formula_has_I,stoichiometric_window,electrode_state_stoichiometry,L3,Working-ion insertion stoichiometry directly controls theoretical capacity and energy scale.,RULE_STOICHIOMETRIC_WINDOW,feature::discharge_formula_has_I -> concept::working_ion_transfer -> target::energy_vol,True,False,False,False,True
energy_vol,Wh/L_or_Wh/dm3_database_dependent,False,discharge_formula_has_N,stoichiometric_window,electrode_state_stoichiometry,L3,Working-ion insertion stoichiometry directly controls theoretical capacity and energy scale.,RULE_STOICHIOMETRIC_WINDOW,feature::discharge_formula_has_N -> concept::working_ion_transfer -> target::energy_vol,True,False,False,False,True
energy_vol,Wh/L_or_Wh/dm3_database_dependent,False,discharge_formula_has_O,stoichiometric_window,electrode_state_stoichiometry,L3,Working-ion insertion stoichiometry directly controls theoretical capacity and energy scale.,RULE_STOICHIOMETRIC_WINDOW,feature::discharge_formula_has_O -> concept::working_ion_transfer -> target::energy_vol,True,False,False,False,True
energy_vol,Wh/L_or_Wh/dm3_database_dependent,False,discharge_formula_has_P,stoichiometric_window,electrode_state_stoichiometry,L3,Working-ion insertion stoichiometry directly controls theoretical capacity and energy scale.,RULE_STOICHIOMETRIC_WINDOW,feature::discharge_formula_has_P -> concept::working_ion_transfer -> target::energy_vol,True,False,False,False,True
energy_vol,Wh/L_or_Wh/dm3_database_dependent,False,discharge_formula_has_S,stoichiometric_window,electrode_state_stoichiometry,L3,Working-ion insertion stoichiometry directly controls theoretical capacity and energy scale.,RULE_STOICHIOMETRIC_WINDOW,feature::discharge_formula_has_S -> concept::working_ion_transfer -> target::energy_vol,True,False,False,False,True
energy_vol,Wh/L_or_Wh/dm3_database_dependent,False,discharge_formula_has_Si,stoichiometric_window,electrode_state_stoichiometry,L3,Working-ion insertion stoichiometry directly controls theoretical capacity and energy scale.,RULE_STOICHIOMETRIC_WINDOW,feature::discharge_formula_has_Si -> concept::working_ion_transfer -> target::energy_vol,True,False,False,False,True
energy_vol,Wh/L_or_Wh/dm3_database_dependent,False,discharge_formula_n_atoms,stoichiometric_window,electrode_state_stoichiometry,L3,Working-ion insertion stoichiometry directly controls theoretical capacity and energy scale.,RULE_STOICHIOMETRIC_WINDOW,feature::discharge_formula_n_atoms -> concept::working_ion_transfer -> target::energy_vol,True,False,False,False,True
energy_vol,Wh/L_or_Wh/dm3_database_dependent,False,discharge_formula_n_elements,stoichiometric_window,electrode_state_stoichiometry,L3,Working-ion insertion stoichiometry directly controls theoretical capacity and energy scale.,RULE_STOICHIOMETRIC_WINDOW,feature::discharge_formula_n_elements -> concept::working_ion_transfer -> target::energy_vol,True,False,False,False,True
energy_vol,Wh/L_or_Wh/dm3_database_dependent,False,discharge_formula_n_transition_metals,stoichiometric_window,electrode_state_stoichiometry,L3,Working-ion insertion stoichiometry directly controls theoretical capacity and energy scale.,RULE_STOICHIOMETRIC_WINDOW,feature::discharge_formula_n_transition_metals -> concept::working_ion_transfer -> target::energy_vol,True,False,False,False,True
energy_vol,Wh/L_or_Wh/dm3_database_dependent,False,discharge_formula_parse_ok,stoichiometric_window,electrode_state_stoichiometry,L3,Working-ion insertion stoichiometry directly controls theoretical capacity and energy scale.,RULE_STOICHIOMETRIC_WINDOW,feature::discharge_formula_parse_ok -> concept::working_ion_transfer -> target::energy_vol,True,False,False,False,True
energy_vol,Wh/L_or_Wh/dm3_database_dependent,False,discharge_formula_row_max,stoichiometric_window,electrode_state_stoichiometry,L3,Working-ion insertion stoichiometry directly controls theoretical capacity and energy scale.,RULE_STOICHIOMETRIC_WINDOW,feature::discharge_formula_row_max -> concept::working_ion_transfer -> target::energy_vol,True,False,False,False,True
energy_vol,Wh/L_or_Wh/dm3_database_dependent,False,discharge_formula_row_mean,stoichiometric_window,electrode_state_stoichiometry,L3,Working-ion insertion stoichiometry directly controls theoretical capacity and energy scale.,RULE_STOICHIOMETRIC_WINDOW,feature::discharge_formula_row_mean -> concept::working_ion_transfer -> target::energy_vol,True,False,False,False,True
energy_vol,Wh/L_or_Wh/dm3_database_dependent,False,discharge_formula_row_min,stoichiometric_window,electrode_state_stoichiometry,L3,Working-ion insertion stoichiometry directly controls theoretical capacity and energy scale.,RULE_STOICHIOMETRIC_WINDOW,feature::discharge_formula_row_min -> concept::working_ion_transfer -> target::energy_vol,True,False,False,False,True
energy_vol,Wh/L_or_Wh/dm3_database_dependent,False,discharge_formula_row_range,stoichiometric_window,electrode_state_stoichiometry,L3,Working-ion insertion stoichiometry directly controls theoretical capacity and energy scale.,RULE_STOICHIOMETRIC_WINDOW,feature::discharge_formula_row_range -> concept::working_ion_transfer -> target::energy_vol,True,False,False,False,True
energy_vol,Wh/L_or_Wh/dm3_database_dependent,False,discharge_formula_row_std,stoichiometric_window,electrode_state_stoichiometry,L3,Working-ion insertion stoichiometry directly controls theoretical capacity and energy scale.,RULE_STOICHIOMETRIC_WINDOW,feature::discharge_formula_row_std -> concept::working_ion_transfer -> target::energy_vol,True,False,False,False,True
energy_vol,Wh/L_or_Wh/dm3_database_dependent,False,discharge_summary_band_gap,post_dft_electronic_summary,post_dft_electronic,L4,The electronic descriptor is generated in the same post-DFT record and is decision-support only.,RULE_POST_DFT_ELECTRONIC,feature::discharge_summary_band_gap -> concept::post_dft_record -> target::energy_vol,True,False,False,True,True
energy_vol,Wh/L_or_Wh/dm3_database_dependent,False,discharge_summary_density,relaxed_structure_summary,relaxed_structure,L0,The relaxed-structure summary is not target-defining for this target.,RULE_SAFE_STRUCTURE,feature::discharge_summary_density -> target::energy_vol,True,False,True,True,True
energy_vol,Wh/L_or_Wh/dm3_database_dependent,False,discharge_summary_density_atomic,relaxed_structure_summary,relaxed_structure,L0,The relaxed-structure summary is not target-defining for this target.,RULE_SAFE_STRUCTURE,feature::discharge_summary_density_atomic -> target::energy_vol,True,False,True,True,True
energy_vol,Wh/L_or_Wh/dm3_database_dependent,False,discharge_summary_energy_above_hull,post_dft_energy_stability_summary,post_dft_thermodynamics,L4,The hull/stability summary is a post-DFT decision-support descriptor for this target.,RULE_HULL_OTHER,feature::discharge_summary_energy_above_hull -> concept::post_dft_thermodynamics -> target::energy_vol,True,False,False,True,True
energy_vol,Wh/L_or_Wh/dm3_database_dependent,False,discharge_summary_formation_energy_per_atom,post_dft_energy_stability_summary,post_dft_thermodynamics,L2,Endpoint formation energies are target-defining or strongly target-adjacent for electrode energy.,RULE_FORMATION_ENERGY_ENERGY,feature::discharge_summary_formation_energy_per_atom -> concept::insertion_energy_difference -> target::energy_vol,True,False,False,False,True
energy_vol,Wh/L_or_Wh/dm3_database_dependent,False,discharge_summary_is_metal,post_dft_electronic_summary,post_dft_electronic,L4,The electronic descriptor is generated in the same post-DFT record and is decision-support only.,RULE_POST_DFT_ELECTRONIC,feature::discharge_summary_is_metal -> concept::post_dft_record -> target::energy_vol,True,False,False,True,True
energy_vol,Wh/L_or_Wh/dm3_database_dependent,False,discharge_summary_is_stable,post_dft_energy_stability_summary,post_dft_thermodynamics,L4,The hull/stability summary is a post-DFT decision-support descriptor for this target.,RULE_HULL_OTHER,feature::discharge_summary_is_stable -> concept::post_dft_thermodynamics -> target::energy_vol,True,False,False,True,True
energy_vol,Wh/L_or_Wh/dm3_database_dependent,False,discharge_summary_nsites,relaxed_structure_summary,relaxed_structure,L0,The relaxed-structure summary is not target-defining for this target.,RULE_SAFE_STRUCTURE,feature::discharge_summary_nsites -> target::energy_vol,True,False,True,True,True
energy_vol,Wh/L_or_Wh/dm3_database_dependent,False,discharge_summary_symmetry_number,relaxed_structure_summary,relaxed_structure,L0,The relaxed-structure summary is not target-defining for this target.,RULE_SAFE_STRUCTURE,feature::discharge_summary_symmetry_number -> target::energy_vol,True,False,True,True,True
energy_vol,Wh/L_or_Wh/dm3_database_dependent,False,discharge_summary_theoretical,post_dft_provenance_flag,post_dft_provenance,L4,The provenance flag is available only from the post-DFT record.,RULE_POST_DFT_PROVENANCE,feature::discharge_summary_theoretical -> concept::post_dft_record -> target::energy_vol,True,False,False,False,True
energy_vol,Wh/L_or_Wh/dm3_database_dependent,False,discharge_summary_volume,relaxed_structure_summary,relaxed_structure,L0,The relaxed-structure summary is not target-defining for this target.,RULE_SAFE_STRUCTURE,feature::discharge_summary_volume -> target::energy_vol,True,False,True,True,True
energy_vol,Wh/L_or_Wh/dm3_database_dependent,False,discharge_summary_volume_per_site,relaxed_structure_summary,relaxed_structure,L0,The relaxed-structure summary is not target-defining for this target.,RULE_SAFE_STRUCTURE,feature::discharge_summary_volume_per_site -> target::energy_vol,True,False,True,True,True
energy_vol,Wh/L_or_Wh/dm3_database_dependent,False,energy_grav,stored_electrode_target,stored_electrode_record,L2,"Energy is defined by voltage and capacity, with unit-related energy/capacity variants.",RULE_ENERGY_DEFINITION,feature::energy_grav -> concept::energy_definition -> target::energy_vol,True,False,False,False,True
energy_vol,Wh/L_or_Wh/dm3_database_dependent,False,energy_vol,stored_electrode_target,stored_electrode_record,L1,The feature is the exact target column.,RULE_DIRECT_TARGET,feature::energy_vol -> target::energy_vol,False,False,False,False,True
energy_vol,Wh/L_or_Wh/dm3_database_dependent,False,fracA_charge,stoichiometric_window,electrode_state_stoichiometry,L3,Working-ion insertion stoichiometry directly controls theoretical capacity and energy scale.,RULE_STOICHIOMETRIC_WINDOW,feature::fracA_charge -> concept::working_ion_transfer -> target::energy_vol,True,False,False,False,True
energy_vol,Wh/L_or_Wh/dm3_database_dependent,False,fracA_discharge,stoichiometric_window,electrode_state_stoichiometry,L3,Working-ion insertion stoichiometry directly controls theoretical capacity and energy scale.,RULE_STOICHIOMETRIC_WINDOW,feature::fracA_discharge -> concept::working_ion_transfer -> target::energy_vol,True,False,False,False,True
energy_vol,Wh/L_or_Wh/dm3_database_dependent,False,max_delta_volume,stored_electrode_target,stored_electrode_record,L4,A different stored electrode property is available only as a post-hoc computed-record descriptor.,RULE_OTHER_STORED_TARGET,feature::max_delta_volume -> concept::stored_electrode_record -> target::energy_vol,True,False,False,False,True
energy_vol,Wh/L_or_Wh/dm3_database_dependent,False,max_voltage_step,stored_electrode_process_descriptor,stored_electrode_record,L0,No direct target dependency is identified for this target.,RULE_SAFE_DEFAULT,feature::max_voltage_step -> target::energy_vol,True,False,False,True,True
energy_vol,Wh/L_or_Wh/dm3_database_dependent,False,num_steps,stored_electrode_process_descriptor,stored_electrode_record,L0,No direct target dependency is identified for this target.,RULE_SAFE_DEFAULT,feature::num_steps -> target::energy_vol,True,False,False,True,True
energy_vol,Wh/L_or_Wh/dm3_database_dependent,False,stability_charge,stored_electrode_target,stored_electrode_record,L4,A different stored electrode property is available only as a post-hoc computed-record descriptor.,RULE_OTHER_STORED_TARGET,feature::stability_charge -> concept::stored_electrode_record -> target::energy_vol,True,False,False,False,True
energy_vol,Wh/L_or_Wh/dm3_database_dependent,False,stability_discharge,stored_electrode_target,stored_electrode_record,L4,A different stored electrode property is available only as a post-hoc computed-record descriptor.,RULE_OTHER_STORED_TARGET,feature::stability_discharge -> concept::stored_electrode_record -> target::energy_vol,True,False,False,False,True
energy_vol,Wh/L_or_Wh/dm3_database_dependent,False,stability_worst,stored_electrode_target,stored_electrode_record,L4,A different stored electrode property is available only as a post-hoc computed-record descriptor.,RULE_OTHER_STORED_TARGET,feature::stability_worst -> concept::stored_electrode_record -> target::energy_vol,True,False,False,False,True
energy_vol,Wh/L_or_Wh/dm3_database_dependent,False,stoich_abs_wi_amount_delta,stoichiometric_window,electrode_state_stoichiometry,L3,Working-ion insertion stoichiometry directly controls theoretical capacity and energy scale.,RULE_STOICHIOMETRIC_WINDOW,feature::stoich_abs_wi_amount_delta -> concept::working_ion_transfer -> target::energy_vol,True,False,False,False,True
energy_vol,Wh/L_or_Wh/dm3_database_dependent,False,stoich_wi_amount_charge,stoichiometric_window,electrode_state_stoichiometry,L3,Working-ion insertion stoichiometry directly controls theoretical capacity and energy scale.,RULE_STOICHIOMETRIC_WINDOW,feature::stoich_wi_amount_charge -> concept::working_ion_transfer -> target::energy_vol,True,False,False,False,True
energy_vol,Wh/L_or_Wh/dm3_database_dependent,False,stoich_wi_amount_delta,stoichiometric_window,electrode_state_stoichiometry,L3,Working-ion insertion stoichiometry directly controls theoretical capacity and energy scale.,RULE_STOICHIOMETRIC_WINDOW,feature::stoich_wi_amount_delta -> concept::working_ion_transfer -> target::energy_vol,True,False,False,False,True
energy_vol,Wh/L_or_Wh/dm3_database_dependent,False,stoich_wi_amount_discharge,stoichiometric_window,electrode_state_stoichiometry,L3,Working-ion insertion stoichiometry directly controls theoretical capacity and energy scale.,RULE_STOICHIOMETRIC_WINDOW,feature::stoich_wi_amount_discharge -> concept::working_ion_transfer -> target::energy_vol,True,False,False,False,True
energy_vol,Wh/L_or_Wh/dm3_database_dependent,False,stored_abs_fracA_delta,other_numeric,derived_miscellaneous,L0,No direct target dependency is identified for this target.,RULE_SAFE_DEFAULT,feature::stored_abs_fracA_delta -> target::energy_vol,True,False,False,False,True
energy_vol,Wh/L_or_Wh/dm3_database_dependent,False,stored_fracA_delta,stoichiometric_window,electrode_state_stoichiometry,L3,Working-ion insertion stoichiometry directly controls theoretical capacity and energy scale.,RULE_STOICHIOMETRIC_WINDOW,feature::stored_fracA_delta -> concept::working_ion_transfer -> target::energy_vol,True,False,False,False,True
energy_vol,Wh/L_or_Wh/dm3_database_dependent,False,summary_abs_delta_band_gap,post_dft_electronic_summary,post_dft_electronic,L4,The electronic descriptor is generated in the same post-DFT record and is decision-support only.,RULE_POST_DFT_ELECTRONIC,feature::summary_abs_delta_band_gap -> concept::post_dft_record -> target::energy_vol,True,False,False,True,True
energy_vol,Wh/L_or_Wh/dm3_database_dependent,False,summary_abs_delta_density,relaxed_structure_summary,relaxed_structure,L0,The relaxed-structure summary is not target-defining for this target.,RULE_SAFE_STRUCTURE,feature::summary_abs_delta_density -> target::energy_vol,True,False,True,True,True
energy_vol,Wh/L_or_Wh/dm3_database_dependent,False,summary_abs_delta_density_atomic,relaxed_structure_summary,relaxed_structure,L0,The relaxed-structure summary is not target-defining for this target.,RULE_SAFE_STRUCTURE,feature::summary_abs_delta_density_atomic -> target::energy_vol,True,False,True,True,True
energy_vol,Wh/L_or_Wh/dm3_database_dependent,False,summary_abs_delta_energy_above_hull,post_dft_energy_stability_summary,post_dft_thermodynamics,L4,The hull/stability summary is a post-DFT decision-support descriptor for this target.,RULE_HULL_OTHER,feature::summary_abs_delta_energy_above_hull -> concept::post_dft_thermodynamics -> target::energy_vol,True,False,False,True,True
energy_vol,Wh/L_or_Wh/dm3_database_dependent,False,summary_abs_delta_formation_energy_per_atom,post_dft_energy_stability_summary,post_dft_thermodynamics,L2,Endpoint formation energies are target-defining or strongly target-adjacent for electrode energy.,RULE_FORMATION_ENERGY_ENERGY,feature::summary_abs_delta_formation_energy_per_atom -> concept::insertion_energy_difference -> target::energy_vol,True,False,False,False,True
energy_vol,Wh/L_or_Wh/dm3_database_dependent,False,summary_abs_delta_volume_fraction,relaxed_structure_summary,relaxed_structure,L0,The relaxed-structure summary is not target-defining for this target.,RULE_SAFE_STRUCTURE,feature::summary_abs_delta_volume_fraction -> target::energy_vol,True,False,True,True,True
energy_vol,Wh/L_or_Wh/dm3_database_dependent,False,summary_abs_delta_volume_per_site,relaxed_structure_summary,relaxed_structure,L0,The relaxed-structure summary is not target-defining for this target.,RULE_SAFE_STRUCTURE,feature::summary_abs_delta_volume_per_site -> target::energy_vol,True,False,True,True,True
energy_vol,Wh/L_or_Wh/dm3_database_dependent,False,summary_delta_band_gap,post_dft_electronic_summary,post_dft_electronic,L4,The electronic descriptor is generated in the same post-DFT record and is decision-support only.,RULE_POST_DFT_ELECTRONIC,feature::summary_delta_band_gap -> concept::post_dft_record -> target::energy_vol,True,False,False,True,True
energy_vol,Wh/L_or_Wh/dm3_database_dependent,False,summary_delta_density,relaxed_structure_summary,relaxed_structure,L0,The relaxed-structure summary is not target-defining for this target.,RULE_SAFE_STRUCTURE,feature::summary_delta_density -> target::energy_vol,True,False,True,True,True
energy_vol,Wh/L_or_Wh/dm3_database_dependent,False,summary_delta_density_atomic,relaxed_structure_summary,relaxed_structure,L0,The relaxed-structure summary is not target-defining for this target.,RULE_SAFE_STRUCTURE,feature::summary_delta_density_atomic -> target::energy_vol,True,False,True,True,True
energy_vol,Wh/L_or_Wh/dm3_database_dependent,False,summary_delta_energy_above_hull,post_dft_energy_stability_summary,post_dft_thermodynamics,L4,The hull/stability summary is a post-DFT decision-support descriptor for this target.,RULE_HULL_OTHER,feature::summary_delta_energy_above_hull -> concept::post_dft_thermodynamics -> target::energy_vol,True,False,False,True,True
energy_vol,Wh/L_or_Wh/dm3_database_dependent,False,summary_delta_formation_energy_per_atom,post_dft_energy_stability_summary,post_dft_thermodynamics,L2,Endpoint formation energies are target-defining or strongly target-adjacent for electrode energy.,RULE_FORMATION_ENERGY_ENERGY,feature::summary_delta_formation_energy_per_atom -> concept::insertion_energy_difference -> target::energy_vol,True,False,False,False,True
energy_vol,Wh/L_or_Wh/dm3_database_dependent,False,summary_delta_volume_fraction,relaxed_structure_summary,relaxed_structure,L0,The relaxed-structure summary is not target-defining for this target.,RULE_SAFE_STRUCTURE,feature::summary_delta_volume_fraction -> target::energy_vol,True,False,True,True,True
energy_vol,Wh/L_or_Wh/dm3_database_dependent,False,summary_delta_volume_per_site,relaxed_structure_summary,relaxed_structure,L0,The relaxed-structure summary is not target-defining for this target.,RULE_SAFE_STRUCTURE,feature::summary_delta_volume_per_site -> target::energy_vol,True,False,True,True,True
energy_vol,Wh/L_or_Wh/dm3_database_dependent,False,summary_worst_energy_above_hull,post_dft_energy_stability_summary,post_dft_thermodynamics,L4,The hull/stability summary is a post-DFT decision-support descriptor for this target.,RULE_HULL_OTHER,feature::summary_worst_energy_above_hull -> concept::post_dft_thermodynamics -> target::energy_vol,True,False,False,True,True
energy_vol,Wh/L_or_Wh/dm3_database_dependent,False,wi_is_K,domain_label_onehot,validation_only,L5,Working-ion/domain labels encode validation-domain membership and must be controlled by split design.,RULE_DOMAIN_LABEL,feature::wi_is_K -> concept::validation_domain -> target::energy_vol,False,False,False,False,False
energy_vol,Wh/L_or_Wh/dm3_database_dependent,False,wi_is_Li,domain_label_onehot,validation_only,L5,Working-ion/domain labels encode validation-domain membership and must be controlled by split design.,RULE_DOMAIN_LABEL,feature::wi_is_Li -> concept::validation_domain -> target::energy_vol,False,False,False,False,False
energy_vol,Wh/L_or_Wh/dm3_database_dependent,False,wi_is_Na,domain_label_onehot,validation_only,L5,Working-ion/domain labels encode validation-domain membership and must be controlled by split design.,RULE_DOMAIN_LABEL,feature::wi_is_Na -> concept::validation_domain -> target::energy_vol,False,False,False,False,False
max_delta_volume,fraction_or_database_convention,True,average_voltage,stored_electrode_target,stored_electrode_record,L4,A different stored electrode property is available only as a post-hoc computed-record descriptor.,RULE_OTHER_STORED_TARGET,feature::average_voltage -> concept::stored_electrode_record -> target::max_delta_volume,True,False,False,False,True
max_delta_volume,fraction_or_database_convention,True,capacity_grav,stored_electrode_target,stored_electrode_record,L4,A different stored electrode property is available only as a post-hoc computed-record descriptor.,RULE_OTHER_STORED_TARGET,feature::capacity_grav -> concept::stored_electrode_record -> target::max_delta_volume,True,False,False,False,True
max_delta_volume,fraction_or_database_convention,True,capacity_vol,stored_electrode_target,stored_electrode_record,L4,A different stored electrode property is available only as a post-hoc computed-record descriptor.,RULE_OTHER_STORED_TARGET,feature::capacity_vol -> concept::stored_electrode_record -> target::max_delta_volume,True,False,False,False,True
max_delta_volume,fraction_or_database_convention,True,charge_formula_X_max,stoichiometric_window,electrode_state_stoichiometry,L0,No direct target dependency is identified for this target.,RULE_SAFE_DEFAULT,feature::charge_formula_X_max -> target::max_delta_volume,True,False,False,False,True
max_delta_volume,fraction_or_database_convention,True,charge_formula_X_mean,stoichiometric_window,electrode_state_stoichiometry,L0,No direct target dependency is identified for this target.,RULE_SAFE_DEFAULT,feature::charge_formula_X_mean -> target::max_delta_volume,True,False,False,False,True
max_delta_volume,fraction_or_database_convention,True,charge_formula_X_min,stoichiometric_window,electrode_state_stoichiometry,L0,No direct target dependency is identified for this target.,RULE_SAFE_DEFAULT,feature::charge_formula_X_min -> target::max_delta_volume,True,False,False,False,True
max_delta_volume,fraction_or_database_convention,True,charge_formula_X_range,stoichiometric_window,electrode_state_stoichiometry,L0,No direct target dependency is identified for this target.,RULE_SAFE_DEFAULT,feature::charge_formula_X_range -> target::max_delta_volume,True,False,False,False,True
max_delta_volume,fraction_or_database_convention,True,charge_formula_X_std,stoichiometric_window,electrode_state_stoichiometry,L0,No direct target dependency is identified for this target.,RULE_SAFE_DEFAULT,feature::charge_formula_X_std -> target::max_delta_volume,True,False,False,False,True
max_delta_volume,fraction_or_database_convention,True,charge_formula_Z_max,stoichiometric_window,electrode_state_stoichiometry,L0,No direct target dependency is identified for this target.,RULE_SAFE_DEFAULT,feature::charge_formula_Z_max -> target::max_delta_volume,True,False,False,False,True
max_delta_volume,fraction_or_database_convention,True,charge_formula_Z_mean,stoichiometric_window,electrode_state_stoichiometry,L0,No direct target dependency is identified for this target.,RULE_SAFE_DEFAULT,feature::charge_formula_Z_mean -> target::max_delta_volume,True,False,False,False,True
max_delta_volume,fraction_or_database_convention,True,charge_formula_Z_min,stoichiometric_window,electrode_state_stoichiometry,L0,No direct target dependency is identified for this target.,RULE_SAFE_DEFAULT,feature::charge_formula_Z_min -> target::max_delta_volume,True,False,False,False,True
max_delta_volume,fraction_or_database_convention,True,charge_formula_Z_range,stoichiometric_window,electrode_state_stoichiometry,L0,No direct target dependency is identified for this target.,RULE_SAFE_DEFAULT,feature::charge_formula_Z_range -> target::max_delta_volume,True,False,False,False,True
max_delta_volume,fraction_or_database_convention,True,charge_formula_Z_std,stoichiometric_window,electrode_state_stoichiometry,L0,No direct target dependency is identified for this target.,RULE_SAFE_DEFAULT,feature::charge_formula_Z_std -> target::max_delta_volume,True,False,False,False,True
max_delta_volume,fraction_or_database_convention,True,charge_formula_atomic_mass_max,stoichiometric_window,electrode_state_stoichiometry,L0,No direct target dependency is identified for this target.,RULE_SAFE_DEFAULT,feature::charge_formula_atomic_mass_max -> target::max_delta_volume,True,False,False,False,True
max_delta_volume,fraction_or_database_convention,True,charge_formula_atomic_mass_mean,stoichiometric_window,electrode_state_stoichiometry,L0,No direct target dependency is identified for this target.,RULE_SAFE_DEFAULT,feature::charge_formula_atomic_mass_mean -> target::max_delta_volume,True,False,False,False,True
max_delta_volume,fraction_or_database_convention,True,charge_formula_atomic_mass_min,stoichiometric_window,electrode_state_stoichiometry,L0,No direct target dependency is identified for this target.,RULE_SAFE_DEFAULT,feature::charge_formula_atomic_mass_min -> target::max_delta_volume,True,False,False,False,True
max_delta_volume,fraction_or_database_convention,True,charge_formula_atomic_mass_range,stoichiometric_window,electrode_state_stoichiometry,L0,No direct target dependency is identified for this target.,RULE_SAFE_DEFAULT,feature::charge_formula_atomic_mass_range -> target::max_delta_volume,True,False,False,False,True
max_delta_volume,fraction_or_database_convention,True,charge_formula_atomic_mass_std,stoichiometric_window,electrode_state_stoichiometry,L0,No direct target dependency is identified for this target.,RULE_SAFE_DEFAULT,feature::charge_formula_atomic_mass_std -> target::max_delta_volume,True,False,False,False,True
max_delta_volume,fraction_or_database_convention,True,charge_formula_frac_Ag,stoichiometric_window,electrode_state_stoichiometry,L0,No direct target dependency is identified for this target.,RULE_SAFE_DEFAULT,feature::charge_formula_frac_Ag -> target::max_delta_volume,True,False,False,False,True
max_delta_volume,fraction_or_database_convention,True,charge_formula_frac_Al,stoichiometric_window,electrode_state_stoichiometry,L0,No direct target dependency is identified for this target.,RULE_SAFE_DEFAULT,feature::charge_formula_frac_Al -> target::max_delta_volume,True,False,False,False,True
max_delta_volume,fraction_or_database_convention,True,charge_formula_frac_As,stoichiometric_window,electrode_state_stoichiometry,L0,No direct target dependency is identified for this target.,RULE_SAFE_DEFAULT,feature::charge_formula_frac_As -> target::max_delta_volume,True,False,False,False,True
max_delta_volume,fraction_or_database_convention,True,charge_formula_frac_B,stoichiometric_window,electrode_state_stoichiometry,L0,No direct target dependency is identified for this target.,RULE_SAFE_DEFAULT,feature::charge_formula_frac_B -> target::max_delta_volume,True,False,False,False,True
max_delta_volume,fraction_or_database_convention,True,charge_formula_frac_Br,stoichiometric_window,electrode_state_stoichiometry,L0,No direct target dependency is identified for this target.,RULE_SAFE_DEFAULT,feature::charge_formula_frac_Br -> target::max_delta_volume,True,False,False,False,True
max_delta_volume,fraction_or_database_convention,True,charge_formula_frac_C,stoichiometric_window,electrode_state_stoichiometry,L0,No direct target dependency is identified for this target.,RULE_SAFE_DEFAULT,feature::charge_formula_frac_C -> target::max_delta_volume,True,False,False,False,True
max_delta_volume,fraction_or_database_convention,True,charge_formula_frac_Ca,stoichiometric_window,electrode_state_stoichiometry,L0,No direct target dependency is identified for this target.,RULE_SAFE_DEFAULT,feature::charge_formula_frac_Ca -> target::max_delta_volume,True,False,False,False,True
max_delta_volume,fraction_or_database_convention,True,charge_formula_frac_Cl,stoichiometric_window,electrode_state_stoichiometry,L0,No direct target dependency is identified for this target.,RULE_SAFE_DEFAULT,feature::charge_formula_frac_Cl -> target::max_delta_volume,True,False,False,False,True
max_delta_volume,fraction_or_database_convention,True,charge_formula_frac_Co,stoichiometric_window,electrode_state_stoichiometry,L0,No direct target dependency is identified for this target.,RULE_SAFE_DEFAULT,feature::charge_formula_frac_Co -> target::max_delta_volume,True,False,False,False,True
max_delta_volume,fraction_or_database_convention,True,charge_formula_frac_Cr,stoichiometric_window,electrode_state_stoichiometry,L0,No direct target dependency is identified for this target.,RULE_SAFE_DEFAULT,feature::charge_formula_frac_Cr -> target::max_delta_volume,True,False,False,False,True
max_delta_volume,fraction_or_database_convention,True,charge_formula_frac_Cu,stoichiometric_window,electrode_state_stoichiometry,L0,No direct target dependency is identified for this target.,RULE_SAFE_DEFAULT,feature::charge_formula_frac_Cu -> target::max_delta_volume,True,False,False,False,True
max_delta_volume,fraction_or_database_convention,True,charge_formula_frac_F,stoichiometric_window,electrode_state_stoichiometry,L0,No direct target dependency is identified for this target.,RULE_SAFE_DEFAULT,feature::charge_formula_frac_F -> target::max_delta_volume,True,False,False,False,True
max_delta_volume,fraction_or_database_convention,True,charge_formula_frac_Fe,stoichiometric_window,electrode_state_stoichiometry,L0,No direct target dependency is identified for this target.,RULE_SAFE_DEFAULT,feature::charge_formula_frac_Fe -> target::max_delta_volume,True,False,False,False,True
max_delta_volume,fraction_or_database_convention,True,charge_formula_frac_I,stoichiometric_window,electrode_state_stoichiometry,L0,No direct target dependency is identified for this target.,RULE_SAFE_DEFAULT,feature::charge_formula_frac_I -> target::max_delta_volume,True,False,False,False,True
max_delta_volume,fraction_or_database_convention,True,charge_formula_frac_K,stoichiometric_window,electrode_state_stoichiometry,L0,No direct target dependency is identified for this target.,RULE_SAFE_DEFAULT,feature::charge_formula_frac_K -> target::max_delta_volume,True,False,False,False,True
max_delta_volume,fraction_or_database_convention,True,charge_formula_frac_Li,stoichiometric_window,electrode_state_stoichiometry,L0,No direct target dependency is identified for this target.,RULE_SAFE_DEFAULT,feature::charge_formula_frac_Li -> target::max_delta_volume,True,False,False,False,True
max_delta_volume,fraction_or_database_convention,True,charge_formula_frac_Mg,stoichiometric_window,electrode_state_stoichiometry,L0,No direct target dependency is identified for this target.,RULE_SAFE_DEFAULT,feature::charge_formula_frac_Mg -> target::max_delta_volume,True,False,False,False,True
max_delta_volume,fraction_or_database_convention,True,charge_formula_frac_Mn,stoichiometric_window,electrode_state_stoichiometry,L0,No direct target dependency is identified for this target.,RULE_SAFE_DEFAULT,feature::charge_formula_frac_Mn -> target::max_delta_volume,True,False,False,False,True
max_delta_volume,fraction_or_database_convention,True,charge_formula_frac_N,stoichiometric_window,electrode_state_stoichiometry,L0,No direct target dependency is identified for this target.,RULE_SAFE_DEFAULT,feature::charge_formula_frac_N -> target::max_delta_volume,True,False,False,False,True
max_delta_volume,fraction_or_database_convention,True,charge_formula_frac_Na,stoichiometric_window,electrode_state_stoichiometry,L0,No direct target dependency is identified for this target.,RULE_SAFE_DEFAULT,feature::charge_formula_frac_Na -> target::max_delta_volume,True,False,False,False,True
max_delta_volume,fraction_or_database_convention,True,charge_formula_frac_Ni,stoichiometric_window,electrode_state_stoichiometry,L0,No direct target dependency is identified for this target.,RULE_SAFE_DEFAULT,feature::charge_formula_frac_Ni -> target::max_delta_volume,True,False,False,False,True
max_delta_volume,fraction_or_database_convention,True,charge_formula_frac_O,stoichiometric_window,electrode_state_stoichiometry,L0,No direct target dependency is identified for this target.,RULE_SAFE_DEFAULT,feature::charge_formula_frac_O -> target::max_delta_volume,True,False,False,False,True
max_delta_volume,fraction_or_database_convention,True,charge_formula_frac_P,stoichiometric_window,electrode_state_stoichiometry,L0,No direct target dependency is identified for this target.,RULE_SAFE_DEFAULT,feature::charge_formula_frac_P -> target::max_delta_volume,True,False,False,False,True
max_delta_volume,fraction_or_database_convention,True,charge_formula_frac_S,stoichiometric_window,electrode_state_stoichiometry,L0,No direct target dependency is identified for this target.,RULE_SAFE_DEFAULT,feature::charge_formula_frac_S -> target::max_delta_volume,True,False,False,False,True
max_delta_volume,fraction_or_database_convention,True,charge_formula_frac_Si,stoichiometric_window,electrode_state_stoichiometry,L0,No direct target dependency is identified for this target.,RULE_SAFE_DEFAULT,feature::charge_formula_frac_Si -> target::max_delta_volume,True,False,False,False,True
max_delta_volume,fraction_or_database_convention,True,charge_formula_frac_Ti,stoichiometric_window,electrode_state_stoichiometry,L0,No direct target dependency is identified for this target.,RULE_SAFE_DEFAULT,feature::charge_formula_frac_Ti -> target::max_delta_volume,True,False,False,False,True
max_delta_volume,fraction_or_database_convention,True,charge_formula_frac_V,stoichiometric_window,electrode_state_stoichiometry,L0,No direct target dependency is identified for this target.,RULE_SAFE_DEFAULT,feature::charge_formula_frac_V -> target::max_delta_volume,True,False,False,False,True
max_delta_volume,fraction_or_database_convention,True,charge_formula_frac_Zn,stoichiometric_window,electrode_state_stoichiometry,L0,No direct target dependency is identified for this target.,RULE_SAFE_DEFAULT,feature::charge_formula_frac_Zn -> target::max_delta_volume,True,False,False,False,True
max_delta_volume,fraction_or_database_convention,True,charge_formula_frac_transition_metals,stoichiometric_window,electrode_state_stoichiometry,L0,No direct target dependency is identified for this target.,RULE_SAFE_DEFAULT,feature::charge_formula_frac_transition_metals -> target::max_delta_volume,True,False,False,False,True
max_delta_volume,fraction_or_database_convention,True,charge_formula_group_max,stoichiometric_window,electrode_state_stoichiometry,L0,No direct target dependency is identified for this target.,RULE_SAFE_DEFAULT,feature::charge_formula_group_max -> target::max_delta_volume,True,False,False,False,True
max_delta_volume,fraction_or_database_convention,True,charge_formula_group_mean,stoichiometric_window,electrode_state_stoichiometry,L0,No direct target dependency is identified for this target.,RULE_SAFE_DEFAULT,feature::charge_formula_group_mean -> target::max_delta_volume,True,False,False,False,True
max_delta_volume,fraction_or_database_convention,True,charge_formula_group_min,stoichiometric_window,electrode_state_stoichiometry,L0,No direct target dependency is identified for this target.,RULE_SAFE_DEFAULT,feature::charge_formula_group_min -> target::max_delta_volume,True,False,False,False,True
max_delta_volume,fraction_or_database_convention,True,charge_formula_group_range,stoichiometric_window,electrode_state_stoichiometry,L0,No direct target dependency is identified for this target.,RULE_SAFE_DEFAULT,feature::charge_formula_group_range -> target::max_delta_volume,True,False,False,False,True
max_delta_volume,fraction_or_database_convention,True,charge_formula_group_std,stoichiometric_window,electrode_state_stoichiometry,L0,No direct target dependency is identified for this target.,RULE_SAFE_DEFAULT,feature::charge_formula_group_std -> target::max_delta_volume,True,False,False,False,True
max_delta_volume,fraction_or_database_convention,True,charge_formula_has_Br,stoichiometric_window,electrode_state_stoichiometry,L0,No direct target dependency is identified for this target.,RULE_SAFE_DEFAULT,feature::charge_formula_has_Br -> target::max_delta_volume,True,False,False,False,True
max_delta_volume,fraction_or_database_convention,True,charge_formula_has_C,stoichiometric_window,electrode_state_stoichiometry,L0,No direct target dependency is identified for this target.,RULE_SAFE_DEFAULT,feature::charge_formula_has_C -> target::max_delta_volume,True,False,False,False,True
max_delta_volume,fraction_or_database_convention,True,charge_formula_has_Cl,stoichiometric_window,electrode_state_stoichiometry,L0,No direct target dependency is identified for this target.,RULE_SAFE_DEFAULT,feature::charge_formula_has_Cl -> target::max_delta_volume,True,False,False,False,True
max_delta_volume,fraction_or_database_convention,True,charge_formula_has_F,stoichiometric_window,electrode_state_stoichiometry,L0,No direct target dependency is identified for this target.,RULE_SAFE_DEFAULT,feature::charge_formula_has_F -> target::max_delta_volume,True,False,False,False,True
max_delta_volume,fraction_or_database_convention,True,charge_formula_has_I,stoichiometric_window,electrode_state_stoichiometry,L0,No direct target dependency is identified for this target.,RULE_SAFE_DEFAULT,feature::charge_formula_has_I -> target::max_delta_volume,True,False,False,False,True
max_delta_volume,fraction_or_database_convention,True,charge_formula_has_N,stoichiometric_window,electrode_state_stoichiometry,L0,No direct target dependency is identified for this target.,RULE_SAFE_DEFAULT,feature::charge_formula_has_N -> target::max_delta_volume,True,False,False,False,True
max_delta_volume,fraction_or_database_convention,True,charge_formula_has_O,stoichiometric_window,electrode_state_stoichiometry,L0,No direct target dependency is identified for this target.,RULE_SAFE_DEFAULT,feature::charge_formula_has_O -> target::max_delta_volume,True,False,False,False,True
max_delta_volume,fraction_or_database_convention,True,charge_formula_has_P,stoichiometric_window,electrode_state_stoichiometry,L0,No direct target dependency is identified for this target.,RULE_SAFE_DEFAULT,feature::charge_formula_has_P -> target::max_delta_volume,True,False,False,False,True
max_delta_volume,fraction_or_database_convention,True,charge_formula_has_S,stoichiometric_window,electrode_state_stoichiometry,L0,No direct target dependency is identified for this target.,RULE_SAFE_DEFAULT,feature::charge_formula_has_S -> target::max_delta_volume,True,False,False,False,True
max_delta_volume,fraction_or_database_convention,True,charge_formula_has_Si,stoichiometric_window,electrode_state_stoichiometry,L0,No direct target dependency is identified for this target.,RULE_SAFE_DEFAULT,feature::charge_formula_has_Si -> target::max_delta_volume,True,False,False,False,True
max_delta_volume,fraction_or_database_convention,True,charge_formula_n_atoms,stoichiometric_window,electrode_state_stoichiometry,L0,No direct target dependency is identified for this target.,RULE_SAFE_DEFAULT,feature::charge_formula_n_atoms -> target::max_delta_volume,True,False,False,False,True
max_delta_volume,fraction_or_database_convention,True,charge_formula_n_elements,stoichiometric_window,electrode_state_stoichiometry,L0,No direct target dependency is identified for this target.,RULE_SAFE_DEFAULT,feature::charge_formula_n_elements -> target::max_delta_volume,True,False,False,False,True
max_delta_volume,fraction_or_database_convention,True,charge_formula_n_transition_metals,stoichiometric_window,electrode_state_stoichiometry,L0,No direct target dependency is identified for this target.,RULE_SAFE_DEFAULT,feature::charge_formula_n_transition_metals -> target::max_delta_volume,True,False,False,False,True
max_delta_volume,fraction_or_database_convention,True,charge_formula_parse_ok,stoichiometric_window,electrode_state_stoichiometry,L0,No direct target dependency is identified for this target.,RULE_SAFE_DEFAULT,feature::charge_formula_parse_ok -> target::max_delta_volume,True,False,False,False,True
max_delta_volume,fraction_or_database_convention,True,charge_formula_row_max,stoichiometric_window,electrode_state_stoichiometry,L0,No direct target dependency is identified for this target.,RULE_SAFE_DEFAULT,feature::charge_formula_row_max -> target::max_delta_volume,True,False,False,False,True
max_delta_volume,fraction_or_database_convention,True,charge_formula_row_mean,stoichiometric_window,electrode_state_stoichiometry,L0,No direct target dependency is identified for this target.,RULE_SAFE_DEFAULT,feature::charge_formula_row_mean -> target::max_delta_volume,True,False,False,False,True
max_delta_volume,fraction_or_database_convention,True,charge_formula_row_min,stoichiometric_window,electrode_state_stoichiometry,L0,No direct target dependency is identified for this target.,RULE_SAFE_DEFAULT,feature::charge_formula_row_min -> target::max_delta_volume,True,False,False,False,True
max_delta_volume,fraction_or_database_convention,True,charge_formula_row_range,stoichiometric_window,electrode_state_stoichiometry,L0,No direct target dependency is identified for this target.,RULE_SAFE_DEFAULT,feature::charge_formula_row_range -> target::max_delta_volume,True,False,False,False,True
max_delta_volume,fraction_or_database_convention,True,charge_formula_row_std,stoichiometric_window,electrode_state_stoichiometry,L0,No direct target dependency is identified for this target.,RULE_SAFE_DEFAULT,feature::charge_formula_row_std -> target::max_delta_volume,True,False,False,False,True
max_delta_volume,fraction_or_database_convention,True,charge_summary_band_gap,post_dft_electronic_summary,post_dft_electronic,L4,The electronic descriptor is generated in the same post-DFT record and is decision-support only.,RULE_POST_DFT_ELECTRONIC,feature::charge_summary_band_gap -> concept::post_dft_record -> target::max_delta_volume,True,False,False,True,True
max_delta_volume,fraction_or_database_convention,True,charge_summary_density,relaxed_structure_summary,relaxed_structure,L2,Endpoint volume/density descriptors define or strongly encode the volume-change target.,RULE_VOLUME_CHANGE,feature::charge_summary_density -> concept::volume_change_definition -> target::max_delta_volume,True,False,False,False,True
max_delta_volume,fraction_or_database_convention,True,charge_summary_density_atomic,relaxed_structure_summary,relaxed_structure,L2,Endpoint volume/density descriptors define or strongly encode the volume-change target.,RULE_VOLUME_CHANGE,feature::charge_summary_density_atomic -> concept::volume_change_definition -> target::max_delta_volume,True,False,False,False,True
max_delta_volume,fraction_or_database_convention,True,charge_summary_energy_above_hull,post_dft_energy_stability_summary,post_dft_thermodynamics,L4,The hull/stability summary is a post-DFT decision-support descriptor for this target.,RULE_HULL_OTHER,feature::charge_summary_energy_above_hull -> concept::post_dft_thermodynamics -> target::max_delta_volume,True,False,False,True,True
max_delta_volume,fraction_or_database_convention,True,charge_summary_formation_energy_per_atom,post_dft_energy_stability_summary,post_dft_thermodynamics,L4,The thermodynamic summary is a post-DFT decision-support descriptor.,RULE_POST_DFT_ENERGY_DEFAULT,feature::charge_summary_formation_energy_per_atom -> concept::post_dft_thermodynamics -> target::max_delta_volume,True,False,False,True,True
max_delta_volume,fraction_or_database_convention,True,charge_summary_is_metal,post_dft_electronic_summary,post_dft_electronic,L4,The electronic descriptor is generated in the same post-DFT record and is decision-support only.,RULE_POST_DFT_ELECTRONIC,feature::charge_summary_is_metal -> concept::post_dft_record -> target::max_delta_volume,True,False,False,True,True
max_delta_volume,fraction_or_database_convention,True,charge_summary_is_stable,post_dft_energy_stability_summary,post_dft_thermodynamics,L4,The hull/stability summary is a post-DFT decision-support descriptor for this target.,RULE_HULL_OTHER,feature::charge_summary_is_stable -> concept::post_dft_thermodynamics -> target::max_delta_volume,True,False,False,True,True
max_delta_volume,fraction_or_database_convention,True,charge_summary_nsites,relaxed_structure_summary,relaxed_structure,L0,The relaxed-structure summary is not target-defining for this target.,RULE_SAFE_STRUCTURE,feature::charge_summary_nsites -> target::max_delta_volume,True,False,True,True,True
max_delta_volume,fraction_or_database_convention,True,charge_summary_symmetry_number,relaxed_structure_summary,relaxed_structure,L0,The relaxed-structure summary is not target-defining for this target.,RULE_SAFE_STRUCTURE,feature::charge_summary_symmetry_number -> target::max_delta_volume,True,False,True,True,True
max_delta_volume,fraction_or_database_convention,True,charge_summary_theoretical,post_dft_provenance_flag,post_dft_provenance,L4,The provenance flag is available only from the post-DFT record.,RULE_POST_DFT_PROVENANCE,feature::charge_summary_theoretical -> concept::post_dft_record -> target::max_delta_volume,True,False,False,False,True
max_delta_volume,fraction_or_database_convention,True,charge_summary_volume,relaxed_structure_summary,relaxed_structure,L2,Endpoint volume/density descriptors define or strongly encode the volume-change target.,RULE_VOLUME_CHANGE,feature::charge_summary_volume -> concept::volume_change_definition -> target::max_delta_volume,True,False,False,False,True
max_delta_volume,fraction_or_database_convention,True,charge_summary_volume_per_site,relaxed_structure_summary,relaxed_structure,L2,Endpoint volume/density descriptors define or strongly encode the volume-change target.,RULE_VOLUME_CHANGE,feature::charge_summary_volume_per_site -> concept::volume_change_definition -> target::max_delta_volume,True,False,False,False,True
max_delta_volume,fraction_or_database_convention,True,discharge_formula_X_max,stoichiometric_window,electrode_state_stoichiometry,L0,No direct target dependency is identified for this target.,RULE_SAFE_DEFAULT,feature::discharge_formula_X_max -> target::max_delta_volume,True,False,False,False,True
max_delta_volume,fraction_or_database_convention,True,discharge_formula_X_mean,stoichiometric_window,electrode_state_stoichiometry,L0,No direct target dependency is identified for this target.,RULE_SAFE_DEFAULT,feature::discharge_formula_X_mean -> target::max_delta_volume,True,False,False,False,True
max_delta_volume,fraction_or_database_convention,True,discharge_formula_X_min,stoichiometric_window,electrode_state_stoichiometry,L0,No direct target dependency is identified for this target.,RULE_SAFE_DEFAULT,feature::discharge_formula_X_min -> target::max_delta_volume,True,False,False,False,True
max_delta_volume,fraction_or_database_convention,True,discharge_formula_X_range,stoichiometric_window,electrode_state_stoichiometry,L0,No direct target dependency is identified for this target.,RULE_SAFE_DEFAULT,feature::discharge_formula_X_range -> target::max_delta_volume,True,False,False,False,True
max_delta_volume,fraction_or_database_convention,True,discharge_formula_X_std,stoichiometric_window,electrode_state_stoichiometry,L0,No direct target dependency is identified for this target.,RULE_SAFE_DEFAULT,feature::discharge_formula_X_std -> target::max_delta_volume,True,False,False,False,True
max_delta_volume,fraction_or_database_convention,True,discharge_formula_Z_max,stoichiometric_window,electrode_state_stoichiometry,L0,No direct target dependency is identified for this target.,RULE_SAFE_DEFAULT,feature::discharge_formula_Z_max -> target::max_delta_volume,True,False,False,False,True
max_delta_volume,fraction_or_database_convention,True,discharge_formula_Z_mean,stoichiometric_window,electrode_state_stoichiometry,L0,No direct target dependency is identified for this target.,RULE_SAFE_DEFAULT,feature::discharge_formula_Z_mean -> target::max_delta_volume,True,False,False,False,True
max_delta_volume,fraction_or_database_convention,True,discharge_formula_Z_min,stoichiometric_window,electrode_state_stoichiometry,L0,No direct target dependency is identified for this target.,RULE_SAFE_DEFAULT,feature::discharge_formula_Z_min -> target::max_delta_volume,True,False,False,False,True
max_delta_volume,fraction_or_database_convention,True,discharge_formula_Z_range,stoichiometric_window,electrode_state_stoichiometry,L0,No direct target dependency is identified for this target.,RULE_SAFE_DEFAULT,feature::discharge_formula_Z_range -> target::max_delta_volume,True,False,False,False,True
max_delta_volume,fraction_or_database_convention,True,discharge_formula_Z_std,stoichiometric_window,electrode_state_stoichiometry,L0,No direct target dependency is identified for this target.,RULE_SAFE_DEFAULT,feature::discharge_formula_Z_std -> target::max_delta_volume,True,False,False,False,True
max_delta_volume,fraction_or_database_convention,True,discharge_formula_atomic_mass_max,stoichiometric_window,electrode_state_stoichiometry,L0,No direct target dependency is identified for this target.,RULE_SAFE_DEFAULT,feature::discharge_formula_atomic_mass_max -> target::max_delta_volume,True,False,False,False,True
max_delta_volume,fraction_or_database_convention,True,discharge_formula_atomic_mass_mean,stoichiometric_window,electrode_state_stoichiometry,L0,No direct target dependency is identified for this target.,RULE_SAFE_DEFAULT,feature::discharge_formula_atomic_mass_mean -> target::max_delta_volume,True,False,False,False,True
max_delta_volume,fraction_or_database_convention,True,discharge_formula_atomic_mass_min,stoichiometric_window,electrode_state_stoichiometry,L0,No direct target dependency is identified for this target.,RULE_SAFE_DEFAULT,feature::discharge_formula_atomic_mass_min -> target::max_delta_volume,True,False,False,False,True
max_delta_volume,fraction_or_database_convention,True,discharge_formula_atomic_mass_range,stoichiometric_window,electrode_state_stoichiometry,L0,No direct target dependency is identified for this target.,RULE_SAFE_DEFAULT,feature::discharge_formula_atomic_mass_range -> target::max_delta_volume,True,False,False,False,True
max_delta_volume,fraction_or_database_convention,True,discharge_formula_atomic_mass_std,stoichiometric_window,electrode_state_stoichiometry,L0,No direct target dependency is identified for this target.,RULE_SAFE_DEFAULT,feature::discharge_formula_atomic_mass_std -> target::max_delta_volume,True,False,False,False,True
max_delta_volume,fraction_or_database_convention,True,discharge_formula_frac_Ag,stoichiometric_window,electrode_state_stoichiometry,L0,No direct target dependency is identified for this target.,RULE_SAFE_DEFAULT,feature::discharge_formula_frac_Ag -> target::max_delta_volume,True,False,False,False,True
max_delta_volume,fraction_or_database_convention,True,discharge_formula_frac_Al,stoichiometric_window,electrode_state_stoichiometry,L0,No direct target dependency is identified for this target.,RULE_SAFE_DEFAULT,feature::discharge_formula_frac_Al -> target::max_delta_volume,True,False,False,False,True
max_delta_volume,fraction_or_database_convention,True,discharge_formula_frac_As,stoichiometric_window,electrode_state_stoichiometry,L0,No direct target dependency is identified for this target.,RULE_SAFE_DEFAULT,feature::discharge_formula_frac_As -> target::max_delta_volume,True,False,False,False,True
max_delta_volume,fraction_or_database_convention,True,discharge_formula_frac_B,stoichiometric_window,electrode_state_stoichiometry,L0,No direct target dependency is identified for this target.,RULE_SAFE_DEFAULT,feature::discharge_formula_frac_B -> target::max_delta_volume,True,False,False,False,True
max_delta_volume,fraction_or_database_convention,True,discharge_formula_frac_Br,stoichiometric_window,electrode_state_stoichiometry,L0,No direct target dependency is identified for this target.,RULE_SAFE_DEFAULT,feature::discharge_formula_frac_Br -> target::max_delta_volume,True,False,False,False,True
max_delta_volume,fraction_or_database_convention,True,discharge_formula_frac_C,stoichiometric_window,electrode_state_stoichiometry,L0,No direct target dependency is identified for this target.,RULE_SAFE_DEFAULT,feature::discharge_formula_frac_C -> target::max_delta_volume,True,False,False,False,True
max_delta_volume,fraction_or_database_convention,True,discharge_formula_frac_Ca,stoichiometric_window,electrode_state_stoichiometry,L0,No direct target dependency is identified for this target.,RULE_SAFE_DEFAULT,feature::discharge_formula_frac_Ca -> target::max_delta_volume,True,False,False,False,True
max_delta_volume,fraction_or_database_convention,True,discharge_formula_frac_Cl,stoichiometric_window,electrode_state_stoichiometry,L0,No direct target dependency is identified for this target.,RULE_SAFE_DEFAULT,feature::discharge_formula_frac_Cl -> target::max_delta_volume,True,False,False,False,True
max_delta_volume,fraction_or_database_convention,True,discharge_formula_frac_Co,stoichiometric_window,electrode_state_stoichiometry,L0,No direct target dependency is identified for this target.,RULE_SAFE_DEFAULT,feature::discharge_formula_frac_Co -> target::max_delta_volume,True,False,False,False,True
max_delta_volume,fraction_or_database_convention,True,discharge_formula_frac_Cr,stoichiometric_window,electrode_state_stoichiometry,L0,No direct target dependency is identified for this target.,RULE_SAFE_DEFAULT,feature::discharge_formula_frac_Cr -> target::max_delta_volume,True,False,False,False,True
max_delta_volume,fraction_or_database_convention,True,discharge_formula_frac_Cu,stoichiometric_window,electrode_state_stoichiometry,L0,No direct target dependency is identified for this target.,RULE_SAFE_DEFAULT,feature::discharge_formula_frac_Cu -> target::max_delta_volume,True,False,False,False,True
max_delta_volume,fraction_or_database_convention,True,discharge_formula_frac_F,stoichiometric_window,electrode_state_stoichiometry,L0,No direct target dependency is identified for this target.,RULE_SAFE_DEFAULT,feature::discharge_formula_frac_F -> target::max_delta_volume,True,False,False,False,True
max_delta_volume,fraction_or_database_convention,True,discharge_formula_frac_Fe,stoichiometric_window,electrode_state_stoichiometry,L0,No direct target dependency is identified for this target.,RULE_SAFE_DEFAULT,feature::discharge_formula_frac_Fe -> target::max_delta_volume,True,False,False,False,True
max_delta_volume,fraction_or_database_convention,True,discharge_formula_frac_I,stoichiometric_window,electrode_state_stoichiometry,L0,No direct target dependency is identified for this target.,RULE_SAFE_DEFAULT,feature::discharge_formula_frac_I -> target::max_delta_volume,True,False,False,False,True
max_delta_volume,fraction_or_database_convention,True,discharge_formula_frac_K,stoichiometric_window,electrode_state_stoichiometry,L0,No direct target dependency is identified for this target.,RULE_SAFE_DEFAULT,feature::discharge_formula_frac_K -> target::max_delta_volume,True,False,False,False,True
max_delta_volume,fraction_or_database_convention,True,discharge_formula_frac_Li,stoichiometric_window,electrode_state_stoichiometry,L0,No direct target dependency is identified for this target.,RULE_SAFE_DEFAULT,feature::discharge_formula_frac_Li -> target::max_delta_volume,True,False,False,False,True
max_delta_volume,fraction_or_database_convention,True,discharge_formula_frac_Mg,stoichiometric_window,electrode_state_stoichiometry,L0,No direct target dependency is identified for this target.,RULE_SAFE_DEFAULT,feature::discharge_formula_frac_Mg -> target::max_delta_volume,True,False,False,False,True
max_delta_volume,fraction_or_database_convention,True,discharge_formula_frac_Mn,stoichiometric_window,electrode_state_stoichiometry,L0,No direct target dependency is identified for this target.,RULE_SAFE_DEFAULT,feature::discharge_formula_frac_Mn -> target::max_delta_volume,True,False,False,False,True
max_delta_volume,fraction_or_database_convention,True,discharge_formula_frac_N,stoichiometric_window,electrode_state_stoichiometry,L0,No direct target dependency is identified for this target.,RULE_SAFE_DEFAULT,feature::discharge_formula_frac_N -> target::max_delta_volume,True,False,False,False,True
max_delta_volume,fraction_or_database_convention,True,discharge_formula_frac_Na,stoichiometric_window,electrode_state_stoichiometry,L0,No direct target dependency is identified for this target.,RULE_SAFE_DEFAULT,feature::discharge_formula_frac_Na -> target::max_delta_volume,True,False,False,False,True
max_delta_volume,fraction_or_database_convention,True,discharge_formula_frac_Ni,stoichiometric_window,electrode_state_stoichiometry,L0,No direct target dependency is identified for this target.,RULE_SAFE_DEFAULT,feature::discharge_formula_frac_Ni -> target::max_delta_volume,True,False,False,False,True
max_delta_volume,fraction_or_database_convention,True,discharge_formula_frac_O,stoichiometric_window,electrode_state_stoichiometry,L0,No direct target dependency is identified for this target.,RULE_SAFE_DEFAULT,feature::discharge_formula_frac_O -> target::max_delta_volume,True,False,False,False,True
max_delta_volume,fraction_or_database_convention,True,discharge_formula_frac_P,stoichiometric_window,electrode_state_stoichiometry,L0,No direct target dependency is identified for this target.,RULE_SAFE_DEFAULT,feature::discharge_formula_frac_P -> target::max_delta_volume,True,False,False,False,True
max_delta_volume,fraction_or_database_convention,True,discharge_formula_frac_S,stoichiometric_window,electrode_state_stoichiometry,L0,No direct target dependency is identified for this target.,RULE_SAFE_DEFAULT,feature::discharge_formula_frac_S -> target::max_delta_volume,True,False,False,False,True
max_delta_volume,fraction_or_database_convention,True,discharge_formula_frac_Si,stoichiometric_window,electrode_state_stoichiometry,L0,No direct target dependency is identified for this target.,RULE_SAFE_DEFAULT,feature::discharge_formula_frac_Si -> target::max_delta_volume,True,False,False,False,True
max_delta_volume,fraction_or_database_convention,True,discharge_formula_frac_Ti,stoichiometric_window,electrode_state_stoichiometry,L0,No direct target dependency is identified for this target.,RULE_SAFE_DEFAULT,feature::discharge_formula_frac_Ti -> target::max_delta_volume,True,False,False,False,True
max_delta_volume,fraction_or_database_convention,True,discharge_formula_frac_V,stoichiometric_window,electrode_state_stoichiometry,L0,No direct target dependency is identified for this target.,RULE_SAFE_DEFAULT,feature::discharge_formula_frac_V -> target::max_delta_volume,True,False,False,False,True
max_delta_volume,fraction_or_database_convention,True,discharge_formula_frac_Zn,stoichiometric_window,electrode_state_stoichiometry,L0,No direct target dependency is identified for this target.,RULE_SAFE_DEFAULT,feature::discharge_formula_frac_Zn -> target::max_delta_volume,True,False,False,False,True
max_delta_volume,fraction_or_database_convention,True,discharge_formula_frac_transition_metals,stoichiometric_window,electrode_state_stoichiometry,L0,No direct target dependency is identified for this target.,RULE_SAFE_DEFAULT,feature::discharge_formula_frac_transition_metals -> target::max_delta_volume,True,False,False,False,True
max_delta_volume,fraction_or_database_convention,True,discharge_formula_group_max,stoichiometric_window,electrode_state_stoichiometry,L0,No direct target dependency is identified for this target.,RULE_SAFE_DEFAULT,feature::discharge_formula_group_max -> target::max_delta_volume,True,False,False,False,True
max_delta_volume,fraction_or_database_convention,True,discharge_formula_group_mean,stoichiometric_window,electrode_state_stoichiometry,L0,No direct target dependency is identified for this target.,RULE_SAFE_DEFAULT,feature::discharge_formula_group_mean -> target::max_delta_volume,True,False,False,False,True
max_delta_volume,fraction_or_database_convention,True,discharge_formula_group_min,stoichiometric_window,electrode_state_stoichiometry,L0,No direct target dependency is identified for this target.,RULE_SAFE_DEFAULT,feature::discharge_formula_group_min -> target::max_delta_volume,True,False,False,False,True
max_delta_volume,fraction_or_database_convention,True,discharge_formula_group_range,stoichiometric_window,electrode_state_stoichiometry,L0,No direct target dependency is identified for this target.,RULE_SAFE_DEFAULT,feature::discharge_formula_group_range -> target::max_delta_volume,True,False,False,False,True
max_delta_volume,fraction_or_database_convention,True,discharge_formula_group_std,stoichiometric_window,electrode_state_stoichiometry,L0,No direct target dependency is identified for this target.,RULE_SAFE_DEFAULT,feature::discharge_formula_group_std -> target::max_delta_volume,True,False,False,False,True
max_delta_volume,fraction_or_database_convention,True,discharge_formula_has_Br,stoichiometric_window,electrode_state_stoichiometry,L0,No direct target dependency is identified for this target.,RULE_SAFE_DEFAULT,feature::discharge_formula_has_Br -> target::max_delta_volume,True,False,False,False,True
max_delta_volume,fraction_or_database_convention,True,discharge_formula_has_C,stoichiometric_window,electrode_state_stoichiometry,L0,No direct target dependency is identified for this target.,RULE_SAFE_DEFAULT,feature::discharge_formula_has_C -> target::max_delta_volume,True,False,False,False,True
max_delta_volume,fraction_or_database_convention,True,discharge_formula_has_Cl,stoichiometric_window,electrode_state_stoichiometry,L0,No direct target dependency is identified for this target.,RULE_SAFE_DEFAULT,feature::discharge_formula_has_Cl -> target::max_delta_volume,True,False,False,False,True
max_delta_volume,fraction_or_database_convention,True,discharge_formula_has_F,stoichiometric_window,electrode_state_stoichiometry,L0,No direct target dependency is identified for this target.,RULE_SAFE_DEFAULT,feature::discharge_formula_has_F -> target::max_delta_volume,True,False,False,False,True
max_delta_volume,fraction_or_database_convention,True,discharge_formula_has_I,stoichiometric_window,electrode_state_stoichiometry,L0,No direct target dependency is identified for this target.,RULE_SAFE_DEFAULT,feature::discharge_formula_has_I -> target::max_delta_volume,True,False,False,False,True
max_delta_volume,fraction_or_database_convention,True,discharge_formula_has_N,stoichiometric_window,electrode_state_stoichiometry,L0,No direct target dependency is identified for this target.,RULE_SAFE_DEFAULT,feature::discharge_formula_has_N -> target::max_delta_volume,True,False,False,False,True
max_delta_volume,fraction_or_database_convention,True,discharge_formula_has_O,stoichiometric_window,electrode_state_stoichiometry,L0,No direct target dependency is identified for this target.,RULE_SAFE_DEFAULT,feature::discharge_formula_has_O -> target::max_delta_volume,True,False,False,False,True
max_delta_volume,fraction_or_database_convention,True,discharge_formula_has_P,stoichiometric_window,electrode_state_stoichiometry,L0,No direct target dependency is identified for this target.,RULE_SAFE_DEFAULT,feature::discharge_formula_has_P -> target::max_delta_volume,True,False,False,False,True
max_delta_volume,fraction_or_database_convention,True,discharge_formula_has_S,stoichiometric_window,electrode_state_stoichiometry,L0,No direct target dependency is identified for this target.,RULE_SAFE_DEFAULT,feature::discharge_formula_has_S -> target::max_delta_volume,True,False,False,False,True
max_delta_volume,fraction_or_database_convention,True,discharge_formula_has_Si,stoichiometric_window,electrode_state_stoichiometry,L0,No direct target dependency is identified for this target.,RULE_SAFE_DEFAULT,feature::discharge_formula_has_Si -> target::max_delta_volume,True,False,False,False,True
max_delta_volume,fraction_or_database_convention,True,discharge_formula_n_atoms,stoichiometric_window,electrode_state_stoichiometry,L0,No direct target dependency is identified for this target.,RULE_SAFE_DEFAULT,feature::discharge_formula_n_atoms -> target::max_delta_volume,True,False,False,False,True
max_delta_volume,fraction_or_database_convention,True,discharge_formula_n_elements,stoichiometric_window,electrode_state_stoichiometry,L0,No direct target dependency is identified for this target.,RULE_SAFE_DEFAULT,feature::discharge_formula_n_elements -> target::max_delta_volume,True,False,False,False,True
max_delta_volume,fraction_or_database_convention,True,discharge_formula_n_transition_metals,stoichiometric_window,electrode_state_stoichiometry,L0,No direct target dependency is identified for this target.,RULE_SAFE_DEFAULT,feature::discharge_formula_n_transition_metals -> target::max_delta_volume,True,False,False,False,True
max_delta_volume,fraction_or_database_convention,True,discharge_formula_parse_ok,stoichiometric_window,electrode_state_stoichiometry,L0,No direct target dependency is identified for this target.,RULE_SAFE_DEFAULT,feature::discharge_formula_parse_ok -> target::max_delta_volume,True,False,False,False,True
max_delta_volume,fraction_or_database_convention,True,discharge_formula_row_max,stoichiometric_window,electrode_state_stoichiometry,L0,No direct target dependency is identified for this target.,RULE_SAFE_DEFAULT,feature::discharge_formula_row_max -> target::max_delta_volume,True,False,False,False,True
max_delta_volume,fraction_or_database_convention,True,discharge_formula_row_mean,stoichiometric_window,electrode_state_stoichiometry,L0,No direct target dependency is identified for this target.,RULE_SAFE_DEFAULT,feature::discharge_formula_row_mean -> target::max_delta_volume,True,False,False,False,True
max_delta_volume,fraction_or_database_convention,True,discharge_formula_row_min,stoichiometric_window,electrode_state_stoichiometry,L0,No direct target dependency is identified for this target.,RULE_SAFE_DEFAULT,feature::discharge_formula_row_min -> target::max_delta_volume,True,False,False,False,True
max_delta_volume,fraction_or_database_convention,True,discharge_formula_row_range,stoichiometric_window,electrode_state_stoichiometry,L0,No direct target dependency is identified for this target.,RULE_SAFE_DEFAULT,feature::discharge_formula_row_range -> target::max_delta_volume,True,False,False,False,True
max_delta_volume,fraction_or_database_convention,True,discharge_formula_row_std,stoichiometric_window,electrode_state_stoichiometry,L0,No direct target dependency is identified for this target.,RULE_SAFE_DEFAULT,feature::discharge_formula_row_std -> target::max_delta_volume,True,False,False,False,True
max_delta_volume,fraction_or_database_convention,True,discharge_summary_band_gap,post_dft_electronic_summary,post_dft_electronic,L4,The electronic descriptor is generated in the same post-DFT record and is decision-support only.,RULE_POST_DFT_ELECTRONIC,feature::discharge_summary_band_gap -> concept::post_dft_record -> target::max_delta_volume,True,False,False,True,True
max_delta_volume,fraction_or_database_convention,True,discharge_summary_density,relaxed_structure_summary,relaxed_structure,L2,Endpoint volume/density descriptors define or strongly encode the volume-change target.,RULE_VOLUME_CHANGE,feature::discharge_summary_density -> concept::volume_change_definition -> target::max_delta_volume,True,False,False,False,True
max_delta_volume,fraction_or_database_convention,True,discharge_summary_density_atomic,relaxed_structure_summary,relaxed_structure,L2,Endpoint volume/density descriptors define or strongly encode the volume-change target.,RULE_VOLUME_CHANGE,feature::discharge_summary_density_atomic -> concept::volume_change_definition -> target::max_delta_volume,True,False,False,False,True
max_delta_volume,fraction_or_database_convention,True,discharge_summary_energy_above_hull,post_dft_energy_stability_summary,post_dft_thermodynamics,L4,The hull/stability summary is a post-DFT decision-support descriptor for this target.,RULE_HULL_OTHER,feature::discharge_summary_energy_above_hull -> concept::post_dft_thermodynamics -> target::max_delta_volume,True,False,False,True,True
max_delta_volume,fraction_or_database_convention,True,discharge_summary_formation_energy_per_atom,post_dft_energy_stability_summary,post_dft_thermodynamics,L4,The thermodynamic summary is a post-DFT decision-support descriptor.,RULE_POST_DFT_ENERGY_DEFAULT,feature::discharge_summary_formation_energy_per_atom -> concept::post_dft_thermodynamics -> target::max_delta_volume,True,False,False,True,True
max_delta_volume,fraction_or_database_convention,True,discharge_summary_is_metal,post_dft_electronic_summary,post_dft_electronic,L4,The electronic descriptor is generated in the same post-DFT record and is decision-support only.,RULE_POST_DFT_ELECTRONIC,feature::discharge_summary_is_metal -> concept::post_dft_record -> target::max_delta_volume,True,False,False,True,True
max_delta_volume,fraction_or_database_convention,True,discharge_summary_is_stable,post_dft_energy_stability_summary,post_dft_thermodynamics,L4,The hull/stability summary is a post-DFT decision-support descriptor for this target.,RULE_HULL_OTHER,feature::discharge_summary_is_stable -> concept::post_dft_thermodynamics -> target::max_delta_volume,True,False,False,True,True
max_delta_volume,fraction_or_database_convention,True,discharge_summary_nsites,relaxed_structure_summary,relaxed_structure,L0,The relaxed-structure summary is not target-defining for this target.,RULE_SAFE_STRUCTURE,feature::discharge_summary_nsites -> target::max_delta_volume,True,False,True,True,True
max_delta_volume,fraction_or_database_convention,True,discharge_summary_symmetry_number,relaxed_structure_summary,relaxed_structure,L0,The relaxed-structure summary is not target-defining for this target.,RULE_SAFE_STRUCTURE,feature::discharge_summary_symmetry_number -> target::max_delta_volume,True,False,True,True,True
max_delta_volume,fraction_or_database_convention,True,discharge_summary_theoretical,post_dft_provenance_flag,post_dft_provenance,L4,The provenance flag is available only from the post-DFT record.,RULE_POST_DFT_PROVENANCE,feature::discharge_summary_theoretical -> concept::post_dft_record -> target::max_delta_volume,True,False,False,False,True
max_delta_volume,fraction_or_database_convention,True,discharge_summary_volume,relaxed_structure_summary,relaxed_structure,L2,Endpoint volume/density descriptors define or strongly encode the volume-change target.,RULE_VOLUME_CHANGE,feature::discharge_summary_volume -> concept::volume_change_definition -> target::max_delta_volume,True,False,False,False,True
max_delta_volume,fraction_or_database_convention,True,discharge_summary_volume_per_site,relaxed_structure_summary,relaxed_structure,L2,Endpoint volume/density descriptors define or strongly encode the volume-change target.,RULE_VOLUME_CHANGE,feature::discharge_summary_volume_per_site -> concept::volume_change_definition -> target::max_delta_volume,True,False,False,False,True
max_delta_volume,fraction_or_database_convention,True,energy_grav,stored_electrode_target,stored_electrode_record,L4,A different stored electrode property is available only as a post-hoc computed-record descriptor.,RULE_OTHER_STORED_TARGET,feature::energy_grav -> concept::stored_electrode_record -> target::max_delta_volume,True,False,False,False,True
max_delta_volume,fraction_or_database_convention,True,energy_vol,stored_electrode_target,stored_electrode_record,L4,A different stored electrode property is available only as a post-hoc computed-record descriptor.,RULE_OTHER_STORED_TARGET,feature::energy_vol -> concept::stored_electrode_record -> target::max_delta_volume,True,False,False,False,True
max_delta_volume,fraction_or_database_convention,True,fracA_charge,stoichiometric_window,electrode_state_stoichiometry,L0,No direct target dependency is identified for this target.,RULE_SAFE_DEFAULT,feature::fracA_charge -> target::max_delta_volume,True,False,False,False,True
max_delta_volume,fraction_or_database_convention,True,fracA_discharge,stoichiometric_window,electrode_state_stoichiometry,L0,No direct target dependency is identified for this target.,RULE_SAFE_DEFAULT,feature::fracA_discharge -> target::max_delta_volume,True,False,False,False,True
max_delta_volume,fraction_or_database_convention,True,max_delta_volume,stored_electrode_target,stored_electrode_record,L1,The feature is the exact target column.,RULE_DIRECT_TARGET,feature::max_delta_volume -> target::max_delta_volume,False,False,False,False,True
max_delta_volume,fraction_or_database_convention,True,max_voltage_step,stored_electrode_process_descriptor,stored_electrode_record,L0,No direct target dependency is identified for this target.,RULE_SAFE_DEFAULT,feature::max_voltage_step -> target::max_delta_volume,True,False,False,True,True
max_delta_volume,fraction_or_database_convention,True,num_steps,stored_electrode_process_descriptor,stored_electrode_record,L0,No direct target dependency is identified for this target.,RULE_SAFE_DEFAULT,feature::num_steps -> target::max_delta_volume,True,False,False,True,True
max_delta_volume,fraction_or_database_convention,True,stability_charge,stored_electrode_target,stored_electrode_record,L4,A different stored electrode property is available only as a post-hoc computed-record descriptor.,RULE_OTHER_STORED_TARGET,feature::stability_charge -> concept::stored_electrode_record -> target::max_delta_volume,True,False,False,False,True
max_delta_volume,fraction_or_database_convention,True,stability_discharge,stored_electrode_target,stored_electrode_record,L4,A different stored electrode property is available only as a post-hoc computed-record descriptor.,RULE_OTHER_STORED_TARGET,feature::stability_discharge -> concept::stored_electrode_record -> target::max_delta_volume,True,False,False,False,True
max_delta_volume,fraction_or_database_convention,True,stability_worst,stored_electrode_target,stored_electrode_record,L4,A different stored electrode property is available only as a post-hoc computed-record descriptor.,RULE_OTHER_STORED_TARGET,feature::stability_worst -> concept::stored_electrode_record -> target::max_delta_volume,True,False,False,False,True
max_delta_volume,fraction_or_database_convention,True,stoich_abs_wi_amount_delta,stoichiometric_window,electrode_state_stoichiometry,L0,No direct target dependency is identified for this target.,RULE_SAFE_DEFAULT,feature::stoich_abs_wi_amount_delta -> target::max_delta_volume,True,False,False,False,True
max_delta_volume,fraction_or_database_convention,True,stoich_wi_amount_charge,stoichiometric_window,electrode_state_stoichiometry,L0,No direct target dependency is identified for this target.,RULE_SAFE_DEFAULT,feature::stoich_wi_amount_charge -> target::max_delta_volume,True,False,False,False,True
max_delta_volume,fraction_or_database_convention,True,stoich_wi_amount_delta,stoichiometric_window,electrode_state_stoichiometry,L0,No direct target dependency is identified for this target.,RULE_SAFE_DEFAULT,feature::stoich_wi_amount_delta -> target::max_delta_volume,True,False,False,False,True
max_delta_volume,fraction_or_database_convention,True,stoich_wi_amount_discharge,stoichiometric_window,electrode_state_stoichiometry,L0,No direct target dependency is identified for this target.,RULE_SAFE_DEFAULT,feature::stoich_wi_amount_discharge -> target::max_delta_volume,True,False,False,False,True
max_delta_volume,fraction_or_database_convention,True,stored_abs_fracA_delta,other_numeric,derived_miscellaneous,L0,No direct target dependency is identified for this target.,RULE_SAFE_DEFAULT,feature::stored_abs_fracA_delta -> target::max_delta_volume,True,False,False,False,True
max_delta_volume,fraction_or_database_convention,True,stored_fracA_delta,stoichiometric_window,electrode_state_stoichiometry,L0,No direct target dependency is identified for this target.,RULE_SAFE_DEFAULT,feature::stored_fracA_delta -> target::max_delta_volume,True,False,False,False,True
max_delta_volume,fraction_or_database_convention,True,summary_abs_delta_band_gap,post_dft_electronic_summary,post_dft_electronic,L4,The electronic descriptor is generated in the same post-DFT record and is decision-support only.,RULE_POST_DFT_ELECTRONIC,feature::summary_abs_delta_band_gap -> concept::post_dft_record -> target::max_delta_volume,True,False,False,True,True
max_delta_volume,fraction_or_database_convention,True,summary_abs_delta_density,relaxed_structure_summary,relaxed_structure,L2,Endpoint volume/density descriptors define or strongly encode the volume-change target.,RULE_VOLUME_CHANGE,feature::summary_abs_delta_density -> concept::volume_change_definition -> target::max_delta_volume,True,False,False,False,True
max_delta_volume,fraction_or_database_convention,True,summary_abs_delta_density_atomic,relaxed_structure_summary,relaxed_structure,L2,Endpoint volume/density descriptors define or strongly encode the volume-change target.,RULE_VOLUME_CHANGE,feature::summary_abs_delta_density_atomic -> concept::volume_change_definition -> target::max_delta_volume,True,False,False,False,True
max_delta_volume,fraction_or_database_convention,True,summary_abs_delta_energy_above_hull,post_dft_energy_stability_summary,post_dft_thermodynamics,L4,The hull/stability summary is a post-DFT decision-support descriptor for this target.,RULE_HULL_OTHER,feature::summary_abs_delta_energy_above_hull -> concept::post_dft_thermodynamics -> target::max_delta_volume,True,False,False,True,True
max_delta_volume,fraction_or_database_convention,True,summary_abs_delta_formation_energy_per_atom,post_dft_energy_stability_summary,post_dft_thermodynamics,L4,The thermodynamic summary is a post-DFT decision-support descriptor.,RULE_POST_DFT_ENERGY_DEFAULT,feature::summary_abs_delta_formation_energy_per_atom -> concept::post_dft_thermodynamics -> target::max_delta_volume,True,False,False,True,True
max_delta_volume,fraction_or_database_convention,True,summary_abs_delta_volume_fraction,relaxed_structure_summary,relaxed_structure,L2,Endpoint volume/density descriptors define or strongly encode the volume-change target.,RULE_VOLUME_CHANGE,feature::summary_abs_delta_volume_fraction -> concept::volume_change_definition -> target::max_delta_volume,True,False,False,False,True
max_delta_volume,fraction_or_database_convention,True,summary_abs_delta_volume_per_site,relaxed_structure_summary,relaxed_structure,L2,Endpoint volume/density descriptors define or strongly encode the volume-change target.,RULE_VOLUME_CHANGE,feature::summary_abs_delta_volume_per_site -> concept::volume_change_definition -> target::max_delta_volume,True,False,False,False,True
max_delta_volume,fraction_or_database_convention,True,summary_delta_band_gap,post_dft_electronic_summary,post_dft_electronic,L4,The electronic descriptor is generated in the same post-DFT record and is decision-support only.,RULE_POST_DFT_ELECTRONIC,feature::summary_delta_band_gap -> concept::post_dft_record -> target::max_delta_volume,True,False,False,True,True
max_delta_volume,fraction_or_database_convention,True,summary_delta_density,relaxed_structure_summary,relaxed_structure,L2,Endpoint volume/density descriptors define or strongly encode the volume-change target.,RULE_VOLUME_CHANGE,feature::summary_delta_density -> concept::volume_change_definition -> target::max_delta_volume,True,False,False,False,True
max_delta_volume,fraction_or_database_convention,True,summary_delta_density_atomic,relaxed_structure_summary,relaxed_structure,L2,Endpoint volume/density descriptors define or strongly encode the volume-change target.,RULE_VOLUME_CHANGE,feature::summary_delta_density_atomic -> concept::volume_change_definition -> target::max_delta_volume,True,False,False,False,True
max_delta_volume,fraction_or_database_convention,True,summary_delta_energy_above_hull,post_dft_energy_stability_summary,post_dft_thermodynamics,L4,The hull/stability summary is a post-DFT decision-support descriptor for this target.,RULE_HULL_OTHER,feature::summary_delta_energy_above_hull -> concept::post_dft_thermodynamics -> target::max_delta_volume,True,False,False,True,True
max_delta_volume,fraction_or_database_convention,True,summary_delta_formation_energy_per_atom,post_dft_energy_stability_summary,post_dft_thermodynamics,L4,The thermodynamic summary is a post-DFT decision-support descriptor.,RULE_POST_DFT_ENERGY_DEFAULT,feature::summary_delta_formation_energy_per_atom -> concept::post_dft_thermodynamics -> target::max_delta_volume,True,False,False,True,True
max_delta_volume,fraction_or_database_convention,True,summary_delta_volume_fraction,relaxed_structure_summary,relaxed_structure,L2,Endpoint volume/density descriptors define or strongly encode the volume-change target.,RULE_VOLUME_CHANGE,feature::summary_delta_volume_fraction -> concept::volume_change_definition -> target::max_delta_volume,True,False,False,False,True
max_delta_volume,fraction_or_database_convention,True,summary_delta_volume_per_site,relaxed_structure_summary,relaxed_structure,L2,Endpoint volume/density descriptors define or strongly encode the volume-change target.,RULE_VOLUME_CHANGE,feature::summary_delta_volume_per_site -> concept::volume_change_definition -> target::max_delta_volume,True,False,False,False,True
max_delta_volume,fraction_or_database_convention,True,summary_worst_energy_above_hull,post_dft_energy_stability_summary,post_dft_thermodynamics,L4,The hull/stability summary is a post-DFT decision-support descriptor for this target.,RULE_HULL_OTHER,feature::summary_worst_energy_above_hull -> concept::post_dft_thermodynamics -> target::max_delta_volume,True,False,False,True,True
max_delta_volume,fraction_or_database_convention,True,wi_is_K,domain_label_onehot,validation_only,L5,Working-ion/domain labels encode validation-domain membership and must be controlled by split design.,RULE_DOMAIN_LABEL,feature::wi_is_K -> concept::validation_domain -> target::max_delta_volume,False,False,False,False,False
max_delta_volume,fraction_or_database_convention,True,wi_is_Li,domain_label_onehot,validation_only,L5,Working-ion/domain labels encode validation-domain membership and must be controlled by split design.,RULE_DOMAIN_LABEL,feature::wi_is_Li -> concept::validation_domain -> target::max_delta_volume,False,False,False,False,False
max_delta_volume,fraction_or_database_convention,True,wi_is_Na,domain_label_onehot,validation_only,L5,Working-ion/domain labels encode validation-domain membership and must be controlled by split design.,RULE_DOMAIN_LABEL,feature::wi_is_Na -> concept::validation_domain -> target::max_delta_volume,False,False,False,False,False
stability_charge,eV/atom,False,average_voltage,stored_electrode_target,stored_electrode_record,L4,A different stored electrode property is available only as a post-hoc computed-record descriptor.,RULE_OTHER_STORED_TARGET,feature::average_voltage -> concept::stored_electrode_record -> target::stability_charge,True,False,False,False,True
stability_charge,eV/atom,False,capacity_grav,stored_electrode_target,stored_electrode_record,L4,A different stored electrode property is available only as a post-hoc computed-record descriptor.,RULE_OTHER_STORED_TARGET,feature::capacity_grav -> concept::stored_electrode_record -> target::stability_charge,True,False,False,False,True
stability_charge,eV/atom,False,capacity_vol,stored_electrode_target,stored_electrode_record,L4,A different stored electrode property is available only as a post-hoc computed-record descriptor.,RULE_OTHER_STORED_TARGET,feature::capacity_vol -> concept::stored_electrode_record -> target::stability_charge,True,False,False,False,True
stability_charge,eV/atom,False,charge_formula_X_max,stoichiometric_window,electrode_state_stoichiometry,L0,No direct target dependency is identified for this target.,RULE_SAFE_DEFAULT,feature::charge_formula_X_max -> target::stability_charge,True,False,False,False,True
stability_charge,eV/atom,False,charge_formula_X_mean,stoichiometric_window,electrode_state_stoichiometry,L0,No direct target dependency is identified for this target.,RULE_SAFE_DEFAULT,feature::charge_formula_X_mean -> target::stability_charge,True,False,False,False,True
stability_charge,eV/atom,False,charge_formula_X_min,stoichiometric_window,electrode_state_stoichiometry,L0,No direct target dependency is identified for this target.,RULE_SAFE_DEFAULT,feature::charge_formula_X_min -> target::stability_charge,True,False,False,False,True
stability_charge,eV/atom,False,charge_formula_X_range,stoichiometric_window,electrode_state_stoichiometry,L0,No direct target dependency is identified for this target.,RULE_SAFE_DEFAULT,feature::charge_formula_X_range -> target::stability_charge,True,False,False,False,True
stability_charge,eV/atom,False,charge_formula_X_std,stoichiometric_window,electrode_state_stoichiometry,L0,No direct target dependency is identified for this target.,RULE_SAFE_DEFAULT,feature::charge_formula_X_std -> target::stability_charge,True,False,False,False,True
stability_charge,eV/atom,False,charge_formula_Z_max,stoichiometric_window,electrode_state_stoichiometry,L0,No direct target dependency is identified for this target.,RULE_SAFE_DEFAULT,feature::charge_formula_Z_max -> target::stability_charge,True,False,False,False,True
stability_charge,eV/atom,False,charge_formula_Z_mean,stoichiometric_window,electrode_state_stoichiometry,L0,No direct target dependency is identified for this target.,RULE_SAFE_DEFAULT,feature::charge_formula_Z_mean -> target::stability_charge,True,False,False,False,True
stability_charge,eV/atom,False,charge_formula_Z_min,stoichiometric_window,electrode_state_stoichiometry,L0,No direct target dependency is identified for this target.,RULE_SAFE_DEFAULT,feature::charge_formula_Z_min -> target::stability_charge,True,False,False,False,True
stability_charge,eV/atom,False,charge_formula_Z_range,stoichiometric_window,electrode_state_stoichiometry,L0,No direct target dependency is identified for this target.,RULE_SAFE_DEFAULT,feature::charge_formula_Z_range -> target::stability_charge,True,False,False,False,True
stability_charge,eV/atom,False,charge_formula_Z_std,stoichiometric_window,electrode_state_stoichiometry,L0,No direct target dependency is identified for this target.,RULE_SAFE_DEFAULT,feature::charge_formula_Z_std -> target::stability_charge,True,False,False,False,True
stability_charge,eV/atom,False,charge_formula_atomic_mass_max,stoichiometric_window,electrode_state_stoichiometry,L0,No direct target dependency is identified for this target.,RULE_SAFE_DEFAULT,feature::charge_formula_atomic_mass_max -> target::stability_charge,True,False,False,False,True
stability_charge,eV/atom,False,charge_formula_atomic_mass_mean,stoichiometric_window,electrode_state_stoichiometry,L0,No direct target dependency is identified for this target.,RULE_SAFE_DEFAULT,feature::charge_formula_atomic_mass_mean -> target::stability_charge,True,False,False,False,True
stability_charge,eV/atom,False,charge_formula_atomic_mass_min,stoichiometric_window,electrode_state_stoichiometry,L0,No direct target dependency is identified for this target.,RULE_SAFE_DEFAULT,feature::charge_formula_atomic_mass_min -> target::stability_charge,True,False,False,False,True
stability_charge,eV/atom,False,charge_formula_atomic_mass_range,stoichiometric_window,electrode_state_stoichiometry,L0,No direct target dependency is identified for this target.,RULE_SAFE_DEFAULT,feature::charge_formula_atomic_mass_range -> target::stability_charge,True,False,False,False,True
stability_charge,eV/atom,False,charge_formula_atomic_mass_std,stoichiometric_window,electrode_state_stoichiometry,L0,No direct target dependency is identified for this target.,RULE_SAFE_DEFAULT,feature::charge_formula_atomic_mass_std -> target::stability_charge,True,False,False,False,True
stability_charge,eV/atom,False,charge_formula_frac_Ag,stoichiometric_window,electrode_state_stoichiometry,L0,No direct target dependency is identified for this target.,RULE_SAFE_DEFAULT,feature::charge_formula_frac_Ag -> target::stability_charge,True,False,False,False,True
stability_charge,eV/atom,False,charge_formula_frac_Al,stoichiometric_window,electrode_state_stoichiometry,L0,No direct target dependency is identified for this target.,RULE_SAFE_DEFAULT,feature::charge_formula_frac_Al -> target::stability_charge,True,False,False,False,True
stability_charge,eV/atom,False,charge_formula_frac_As,stoichiometric_window,electrode_state_stoichiometry,L0,No direct target dependency is identified for this target.,RULE_SAFE_DEFAULT,feature::charge_formula_frac_As -> target::stability_charge,True,False,False,False,True
stability_charge,eV/atom,False,charge_formula_frac_B,stoichiometric_window,electrode_state_stoichiometry,L0,No direct target dependency is identified for this target.,RULE_SAFE_DEFAULT,feature::charge_formula_frac_B -> target::stability_charge,True,False,False,False,True
stability_charge,eV/atom,False,charge_formula_frac_Br,stoichiometric_window,electrode_state_stoichiometry,L0,No direct target dependency is identified for this target.,RULE_SAFE_DEFAULT,feature::charge_formula_frac_Br -> target::stability_charge,True,False,False,False,True
stability_charge,eV/atom,False,charge_formula_frac_C,stoichiometric_window,electrode_state_stoichiometry,L0,No direct target dependency is identified for this target.,RULE_SAFE_DEFAULT,feature::charge_formula_frac_C -> target::stability_charge,True,False,False,False,True
stability_charge,eV/atom,False,charge_formula_frac_Ca,stoichiometric_window,electrode_state_stoichiometry,L0,No direct target dependency is identified for this target.,RULE_SAFE_DEFAULT,feature::charge_formula_frac_Ca -> target::stability_charge,True,False,False,False,True
stability_charge,eV/atom,False,charge_formula_frac_Cl,stoichiometric_window,electrode_state_stoichiometry,L0,No direct target dependency is identified for this target.,RULE_SAFE_DEFAULT,feature::charge_formula_frac_Cl -> target::stability_charge,True,False,False,False,True
stability_charge,eV/atom,False,charge_formula_frac_Co,stoichiometric_window,electrode_state_stoichiometry,L0,No direct target dependency is identified for this target.,RULE_SAFE_DEFAULT,feature::charge_formula_frac_Co -> target::stability_charge,True,False,False,False,True
stability_charge,eV/atom,False,charge_formula_frac_Cr,stoichiometric_window,electrode_state_stoichiometry,L0,No direct target dependency is identified for this target.,RULE_SAFE_DEFAULT,feature::charge_formula_frac_Cr -> target::stability_charge,True,False,False,False,True
stability_charge,eV/atom,False,charge_formula_frac_Cu,stoichiometric_window,electrode_state_stoichiometry,L0,No direct target dependency is identified for this target.,RULE_SAFE_DEFAULT,feature::charge_formula_frac_Cu -> target::stability_charge,True,False,False,False,True
stability_charge,eV/atom,False,charge_formula_frac_F,stoichiometric_window,electrode_state_stoichiometry,L0,No direct target dependency is identified for this target.,RULE_SAFE_DEFAULT,feature::charge_formula_frac_F -> target::stability_charge,True,False,False,False,True
stability_charge,eV/atom,False,charge_formula_frac_Fe,stoichiometric_window,electrode_state_stoichiometry,L0,No direct target dependency is identified for this target.,RULE_SAFE_DEFAULT,feature::charge_formula_frac_Fe -> target::stability_charge,True,False,False,False,True
stability_charge,eV/atom,False,charge_formula_frac_I,stoichiometric_window,electrode_state_stoichiometry,L0,No direct target dependency is identified for this target.,RULE_SAFE_DEFAULT,feature::charge_formula_frac_I -> target::stability_charge,True,False,False,False,True
stability_charge,eV/atom,False,charge_formula_frac_K,stoichiometric_window,electrode_state_stoichiometry,L0,No direct target dependency is identified for this target.,RULE_SAFE_DEFAULT,feature::charge_formula_frac_K -> target::stability_charge,True,False,False,False,True
stability_charge,eV/atom,False,charge_formula_frac_Li,stoichiometric_window,electrode_state_stoichiometry,L0,No direct target dependency is identified for this target.,RULE_SAFE_DEFAULT,feature::charge_formula_frac_Li -> target::stability_charge,True,False,False,False,True
stability_charge,eV/atom,False,charge_formula_frac_Mg,stoichiometric_window,electrode_state_stoichiometry,L0,No direct target dependency is identified for this target.,RULE_SAFE_DEFAULT,feature::charge_formula_frac_Mg -> target::stability_charge,True,False,False,False,True
stability_charge,eV/atom,False,charge_formula_frac_Mn,stoichiometric_window,electrode_state_stoichiometry,L0,No direct target dependency is identified for this target.,RULE_SAFE_DEFAULT,feature::charge_formula_frac_Mn -> target::stability_charge,True,False,False,False,True
stability_charge,eV/atom,False,charge_formula_frac_N,stoichiometric_window,electrode_state_stoichiometry,L0,No direct target dependency is identified for this target.,RULE_SAFE_DEFAULT,feature::charge_formula_frac_N -> target::stability_charge,True,False,False,False,True
stability_charge,eV/atom,False,charge_formula_frac_Na,stoichiometric_window,electrode_state_stoichiometry,L0,No direct target dependency is identified for this target.,RULE_SAFE_DEFAULT,feature::charge_formula_frac_Na -> target::stability_charge,True,False,False,False,True
stability_charge,eV/atom,False,charge_formula_frac_Ni,stoichiometric_window,electrode_state_stoichiometry,L0,No direct target dependency is identified for this target.,RULE_SAFE_DEFAULT,feature::charge_formula_frac_Ni -> target::stability_charge,True,False,False,False,True
stability_charge,eV/atom,False,charge_formula_frac_O,stoichiometric_window,electrode_state_stoichiometry,L0,No direct target dependency is identified for this target.,RULE_SAFE_DEFAULT,feature::charge_formula_frac_O -> target::stability_charge,True,False,False,False,True
stability_charge,eV/atom,False,charge_formula_frac_P,stoichiometric_window,electrode_state_stoichiometry,L0,No direct target dependency is identified for this target.,RULE_SAFE_DEFAULT,feature::charge_formula_frac_P -> target::stability_charge,True,False,False,False,True
stability_charge,eV/atom,False,charge_formula_frac_S,stoichiometric_window,electrode_state_stoichiometry,L0,No direct target dependency is identified for this target.,RULE_SAFE_DEFAULT,feature::charge_formula_frac_S -> target::stability_charge,True,False,False,False,True
stability_charge,eV/atom,False,charge_formula_frac_Si,stoichiometric_window,electrode_state_stoichiometry,L0,No direct target dependency is identified for this target.,RULE_SAFE_DEFAULT,feature::charge_formula_frac_Si -> target::stability_charge,True,False,False,False,True
stability_charge,eV/atom,False,charge_formula_frac_Ti,stoichiometric_window,electrode_state_stoichiometry,L0,No direct target dependency is identified for this target.,RULE_SAFE_DEFAULT,feature::charge_formula_frac_Ti -> target::stability_charge,True,False,False,False,True
stability_charge,eV/atom,False,charge_formula_frac_V,stoichiometric_window,electrode_state_stoichiometry,L0,No direct target dependency is identified for this target.,RULE_SAFE_DEFAULT,feature::charge_formula_frac_V -> target::stability_charge,True,False,False,False,True
stability_charge,eV/atom,False,charge_formula_frac_Zn,stoichiometric_window,electrode_state_stoichiometry,L0,No direct target dependency is identified for this target.,RULE_SAFE_DEFAULT,feature::charge_formula_frac_Zn -> target::stability_charge,True,False,False,False,True
stability_charge,eV/atom,False,charge_formula_frac_transition_metals,stoichiometric_window,electrode_state_stoichiometry,L0,No direct target dependency is identified for this target.,RULE_SAFE_DEFAULT,feature::charge_formula_frac_transition_metals -> target::stability_charge,True,False,False,False,True
stability_charge,eV/atom,False,charge_formula_group_max,stoichiometric_window,electrode_state_stoichiometry,L0,No direct target dependency is identified for this target.,RULE_SAFE_DEFAULT,feature::charge_formula_group_max -> target::stability_charge,True,False,False,False,True
stability_charge,eV/atom,False,charge_formula_group_mean,stoichiometric_window,electrode_state_stoichiometry,L0,No direct target dependency is identified for this target.,RULE_SAFE_DEFAULT,feature::charge_formula_group_mean -> target::stability_charge,True,False,False,False,True
stability_charge,eV/atom,False,charge_formula_group_min,stoichiometric_window,electrode_state_stoichiometry,L0,No direct target dependency is identified for this target.,RULE_SAFE_DEFAULT,feature::charge_formula_group_min -> target::stability_charge,True,False,False,False,True
stability_charge,eV/atom,False,charge_formula_group_range,stoichiometric_window,electrode_state_stoichiometry,L0,No direct target dependency is identified for this target.,RULE_SAFE_DEFAULT,feature::charge_formula_group_range -> target::stability_charge,True,False,False,False,True
stability_charge,eV/atom,False,charge_formula_group_std,stoichiometric_window,electrode_state_stoichiometry,L0,No direct target dependency is identified for this target.,RULE_SAFE_DEFAULT,feature::charge_formula_group_std -> target::stability_charge,True,False,False,False,True
stability_charge,eV/atom,False,charge_formula_has_Br,stoichiometric_window,electrode_state_stoichiometry,L0,No direct target dependency is identified for this target.,RULE_SAFE_DEFAULT,feature::charge_formula_has_Br -> target::stability_charge,True,False,False,False,True
stability_charge,eV/atom,False,charge_formula_has_C,stoichiometric_window,electrode_state_stoichiometry,L0,No direct target dependency is identified for this target.,RULE_SAFE_DEFAULT,feature::charge_formula_has_C -> target::stability_charge,True,False,False,False,True
stability_charge,eV/atom,False,charge_formula_has_Cl,stoichiometric_window,electrode_state_stoichiometry,L0,No direct target dependency is identified for this target.,RULE_SAFE_DEFAULT,feature::charge_formula_has_Cl -> target::stability_charge,True,False,False,False,True
stability_charge,eV/atom,False,charge_formula_has_F,stoichiometric_window,electrode_state_stoichiometry,L0,No direct target dependency is identified for this target.,RULE_SAFE_DEFAULT,feature::charge_formula_has_F -> target::stability_charge,True,False,False,False,True
stability_charge,eV/atom,False,charge_formula_has_I,stoichiometric_window,electrode_state_stoichiometry,L0,No direct target dependency is identified for this target.,RULE_SAFE_DEFAULT,feature::charge_formula_has_I -> target::stability_charge,True,False,False,False,True
stability_charge,eV/atom,False,charge_formula_has_N,stoichiometric_window,electrode_state_stoichiometry,L0,No direct target dependency is identified for this target.,RULE_SAFE_DEFAULT,feature::charge_formula_has_N -> target::stability_charge,True,False,False,False,True
stability_charge,eV/atom,False,charge_formula_has_O,stoichiometric_window,electrode_state_stoichiometry,L0,No direct target dependency is identified for this target.,RULE_SAFE_DEFAULT,feature::charge_formula_has_O -> target::stability_charge,True,False,False,False,True
stability_charge,eV/atom,False,charge_formula_has_P,stoichiometric_window,electrode_state_stoichiometry,L0,No direct target dependency is identified for this target.,RULE_SAFE_DEFAULT,feature::charge_formula_has_P -> target::stability_charge,True,False,False,False,True
stability_charge,eV/atom,False,charge_formula_has_S,stoichiometric_window,electrode_state_stoichiometry,L0,No direct target dependency is identified for this target.,RULE_SAFE_DEFAULT,feature::charge_formula_has_S -> target::stability_charge,True,False,False,False,True
stability_charge,eV/atom,False,charge_formula_has_Si,stoichiometric_window,electrode_state_stoichiometry,L0,No direct target dependency is identified for this target.,RULE_SAFE_DEFAULT,feature::charge_formula_has_Si -> target::stability_charge,True,False,False,False,True
stability_charge,eV/atom,False,charge_formula_n_atoms,stoichiometric_window,electrode_state_stoichiometry,L0,No direct target dependency is identified for this target.,RULE_SAFE_DEFAULT,feature::charge_formula_n_atoms -> target::stability_charge,True,False,False,False,True
stability_charge,eV/atom,False,charge_formula_n_elements,stoichiometric_window,electrode_state_stoichiometry,L0,No direct target dependency is identified for this target.,RULE_SAFE_DEFAULT,feature::charge_formula_n_elements -> target::stability_charge,True,False,False,False,True
stability_charge,eV/atom,False,charge_formula_n_transition_metals,stoichiometric_window,electrode_state_stoichiometry,L0,No direct target dependency is identified for this target.,RULE_SAFE_DEFAULT,feature::charge_formula_n_transition_metals -> target::stability_charge,True,False,False,False,True
stability_charge,eV/atom,False,charge_formula_parse_ok,stoichiometric_window,electrode_state_stoichiometry,L0,No direct target dependency is identified for this target.,RULE_SAFE_DEFAULT,feature::charge_formula_parse_ok -> target::stability_charge,True,False,False,False,True
stability_charge,eV/atom,False,charge_formula_row_max,stoichiometric_window,electrode_state_stoichiometry,L0,No direct target dependency is identified for this target.,RULE_SAFE_DEFAULT,feature::charge_formula_row_max -> target::stability_charge,True,False,False,False,True
stability_charge,eV/atom,False,charge_formula_row_mean,stoichiometric_window,electrode_state_stoichiometry,L0,No direct target dependency is identified for this target.,RULE_SAFE_DEFAULT,feature::charge_formula_row_mean -> target::stability_charge,True,False,False,False,True
stability_charge,eV/atom,False,charge_formula_row_min,stoichiometric_window,electrode_state_stoichiometry,L0,No direct target dependency is identified for this target.,RULE_SAFE_DEFAULT,feature::charge_formula_row_min -> target::stability_charge,True,False,False,False,True
stability_charge,eV/atom,False,charge_formula_row_range,stoichiometric_window,electrode_state_stoichiometry,L0,No direct target dependency is identified for this target.,RULE_SAFE_DEFAULT,feature::charge_formula_row_range -> target::stability_charge,True,False,False,False,True
stability_charge,eV/atom,False,charge_formula_row_std,stoichiometric_window,electrode_state_stoichiometry,L0,No direct target dependency is identified for this target.,RULE_SAFE_DEFAULT,feature::charge_formula_row_std -> target::stability_charge,True,False,False,False,True
stability_charge,eV/atom,False,charge_summary_band_gap,post_dft_electronic_summary,post_dft_electronic,L4,The electronic descriptor is generated in the same post-DFT record and is decision-support only.,RULE_POST_DFT_ELECTRONIC,feature::charge_summary_band_gap -> concept::post_dft_record -> target::stability_charge,True,False,False,True,True
stability_charge,eV/atom,False,charge_summary_density,relaxed_structure_summary,relaxed_structure,L0,The relaxed-structure summary is not target-defining for this target.,RULE_SAFE_STRUCTURE,feature::charge_summary_density -> target::stability_charge,True,False,True,True,True
stability_charge,eV/atom,False,charge_summary_density_atomic,relaxed_structure_summary,relaxed_structure,L0,The relaxed-structure summary is not target-defining for this target.,RULE_SAFE_STRUCTURE,feature::charge_summary_density_atomic -> target::stability_charge,True,False,True,True,True
stability_charge,eV/atom,False,charge_summary_energy_above_hull,post_dft_energy_stability_summary,post_dft_thermodynamics,L2,Endpoint hull/stability descriptors define or directly reconstruct stability targets.,RULE_HULL_STABILITY,feature::charge_summary_energy_above_hull -> concept::hull_stability -> target::stability_charge,True,False,False,False,True
stability_charge,eV/atom,False,charge_summary_formation_energy_per_atom,post_dft_energy_stability_summary,post_dft_thermodynamics,L4,Formation energy is post-DFT adjacent to stability but is not the direct hull target.,RULE_FORMATION_ENERGY_STABILITY,feature::charge_summary_formation_energy_per_atom -> concept::post_dft_thermodynamics -> target::stability_charge,True,False,False,True,True
stability_charge,eV/atom,False,charge_summary_is_metal,post_dft_electronic_summary,post_dft_electronic,L4,The electronic descriptor is generated in the same post-DFT record and is decision-support only.,RULE_POST_DFT_ELECTRONIC,feature::charge_summary_is_metal -> concept::post_dft_record -> target::stability_charge,True,False,False,True,True
stability_charge,eV/atom,False,charge_summary_is_stable,post_dft_energy_stability_summary,post_dft_thermodynamics,L2,Endpoint hull/stability descriptors define or directly reconstruct stability targets.,RULE_HULL_STABILITY,feature::charge_summary_is_stable -> concept::hull_stability -> target::stability_charge,True,False,False,False,True
stability_charge,eV/atom,False,charge_summary_nsites,relaxed_structure_summary,relaxed_structure,L0,The relaxed-structure summary is not target-defining for this target.,RULE_SAFE_STRUCTURE,feature::charge_summary_nsites -> target::stability_charge,True,False,True,True,True
stability_charge,eV/atom,False,charge_summary_symmetry_number,relaxed_structure_summary,relaxed_structure,L0,The relaxed-structure summary is not target-defining for this target.,RULE_SAFE_STRUCTURE,feature::charge_summary_symmetry_number -> target::stability_charge,True,False,True,True,True
stability_charge,eV/atom,False,charge_summary_theoretical,post_dft_provenance_flag,post_dft_provenance,L4,The provenance flag is available only from the post-DFT record.,RULE_POST_DFT_PROVENANCE,feature::charge_summary_theoretical -> concept::post_dft_record -> target::stability_charge,True,False,False,False,True
stability_charge,eV/atom,False,charge_summary_volume,relaxed_structure_summary,relaxed_structure,L0,The relaxed-structure summary is not target-defining for this target.,RULE_SAFE_STRUCTURE,feature::charge_summary_volume -> target::stability_charge,True,False,True,True,True
stability_charge,eV/atom,False,charge_summary_volume_per_site,relaxed_structure_summary,relaxed_structure,L0,The relaxed-structure summary is not target-defining for this target.,RULE_SAFE_STRUCTURE,feature::charge_summary_volume_per_site -> target::stability_charge,True,False,True,True,True
stability_charge,eV/atom,False,discharge_formula_X_max,stoichiometric_window,electrode_state_stoichiometry,L0,No direct target dependency is identified for this target.,RULE_SAFE_DEFAULT,feature::discharge_formula_X_max -> target::stability_charge,True,False,False,False,True
stability_charge,eV/atom,False,discharge_formula_X_mean,stoichiometric_window,electrode_state_stoichiometry,L0,No direct target dependency is identified for this target.,RULE_SAFE_DEFAULT,feature::discharge_formula_X_mean -> target::stability_charge,True,False,False,False,True
stability_charge,eV/atom,False,discharge_formula_X_min,stoichiometric_window,electrode_state_stoichiometry,L0,No direct target dependency is identified for this target.,RULE_SAFE_DEFAULT,feature::discharge_formula_X_min -> target::stability_charge,True,False,False,False,True
stability_charge,eV/atom,False,discharge_formula_X_range,stoichiometric_window,electrode_state_stoichiometry,L0,No direct target dependency is identified for this target.,RULE_SAFE_DEFAULT,feature::discharge_formula_X_range -> target::stability_charge,True,False,False,False,True
stability_charge,eV/atom,False,discharge_formula_X_std,stoichiometric_window,electrode_state_stoichiometry,L0,No direct target dependency is identified for this target.,RULE_SAFE_DEFAULT,feature::discharge_formula_X_std -> target::stability_charge,True,False,False,False,True
stability_charge,eV/atom,False,discharge_formula_Z_max,stoichiometric_window,electrode_state_stoichiometry,L0,No direct target dependency is identified for this target.,RULE_SAFE_DEFAULT,feature::discharge_formula_Z_max -> target::stability_charge,True,False,False,False,True
stability_charge,eV/atom,False,discharge_formula_Z_mean,stoichiometric_window,electrode_state_stoichiometry,L0,No direct target dependency is identified for this target.,RULE_SAFE_DEFAULT,feature::discharge_formula_Z_mean -> target::stability_charge,True,False,False,False,True
stability_charge,eV/atom,False,discharge_formula_Z_min,stoichiometric_window,electrode_state_stoichiometry,L0,No direct target dependency is identified for this target.,RULE_SAFE_DEFAULT,feature::discharge_formula_Z_min -> target::stability_charge,True,False,False,False,True
stability_charge,eV/atom,False,discharge_formula_Z_range,stoichiometric_window,electrode_state_stoichiometry,L0,No direct target dependency is identified for this target.,RULE_SAFE_DEFAULT,feature::discharge_formula_Z_range -> target::stability_charge,True,False,False,False,True
stability_charge,eV/atom,False,discharge_formula_Z_std,stoichiometric_window,electrode_state_stoichiometry,L0,No direct target dependency is identified for this target.,RULE_SAFE_DEFAULT,feature::discharge_formula_Z_std -> target::stability_charge,True,False,False,False,True
stability_charge,eV/atom,False,discharge_formula_atomic_mass_max,stoichiometric_window,electrode_state_stoichiometry,L0,No direct target dependency is identified for this target.,RULE_SAFE_DEFAULT,feature::discharge_formula_atomic_mass_max -> target::stability_charge,True,False,False,False,True
stability_charge,eV/atom,False,discharge_formula_atomic_mass_mean,stoichiometric_window,electrode_state_stoichiometry,L0,No direct target dependency is identified for this target.,RULE_SAFE_DEFAULT,feature::discharge_formula_atomic_mass_mean -> target::stability_charge,True,False,False,False,True
stability_charge,eV/atom,False,discharge_formula_atomic_mass_min,stoichiometric_window,electrode_state_stoichiometry,L0,No direct target dependency is identified for this target.,RULE_SAFE_DEFAULT,feature::discharge_formula_atomic_mass_min -> target::stability_charge,True,False,False,False,True
stability_charge,eV/atom,False,discharge_formula_atomic_mass_range,stoichiometric_window,electrode_state_stoichiometry,L0,No direct target dependency is identified for this target.,RULE_SAFE_DEFAULT,feature::discharge_formula_atomic_mass_range -> target::stability_charge,True,False,False,False,True
stability_charge,eV/atom,False,discharge_formula_atomic_mass_std,stoichiometric_window,electrode_state_stoichiometry,L0,No direct target dependency is identified for this target.,RULE_SAFE_DEFAULT,feature::discharge_formula_atomic_mass_std -> target::stability_charge,True,False,False,False,True
stability_charge,eV/atom,False,discharge_formula_frac_Ag,stoichiometric_window,electrode_state_stoichiometry,L0,No direct target dependency is identified for this target.,RULE_SAFE_DEFAULT,feature::discharge_formula_frac_Ag -> target::stability_charge,True,False,False,False,True
stability_charge,eV/atom,False,discharge_formula_frac_Al,stoichiometric_window,electrode_state_stoichiometry,L0,No direct target dependency is identified for this target.,RULE_SAFE_DEFAULT,feature::discharge_formula_frac_Al -> target::stability_charge,True,False,False,False,True
stability_charge,eV/atom,False,discharge_formula_frac_As,stoichiometric_window,electrode_state_stoichiometry,L0,No direct target dependency is identified for this target.,RULE_SAFE_DEFAULT,feature::discharge_formula_frac_As -> target::stability_charge,True,False,False,False,True
stability_charge,eV/atom,False,discharge_formula_frac_B,stoichiometric_window,electrode_state_stoichiometry,L0,No direct target dependency is identified for this target.,RULE_SAFE_DEFAULT,feature::discharge_formula_frac_B -> target::stability_charge,True,False,False,False,True
stability_charge,eV/atom,False,discharge_formula_frac_Br,stoichiometric_window,electrode_state_stoichiometry,L0,No direct target dependency is identified for this target.,RULE_SAFE_DEFAULT,feature::discharge_formula_frac_Br -> target::stability_charge,True,False,False,False,True
stability_charge,eV/atom,False,discharge_formula_frac_C,stoichiometric_window,electrode_state_stoichiometry,L0,No direct target dependency is identified for this target.,RULE_SAFE_DEFAULT,feature::discharge_formula_frac_C -> target::stability_charge,True,False,False,False,True
stability_charge,eV/atom,False,discharge_formula_frac_Ca,stoichiometric_window,electrode_state_stoichiometry,L0,No direct target dependency is identified for this target.,RULE_SAFE_DEFAULT,feature::discharge_formula_frac_Ca -> target::stability_charge,True,False,False,False,True
stability_charge,eV/atom,False,discharge_formula_frac_Cl,stoichiometric_window,electrode_state_stoichiometry,L0,No direct target dependency is identified for this target.,RULE_SAFE_DEFAULT,feature::discharge_formula_frac_Cl -> target::stability_charge,True,False,False,False,True
stability_charge,eV/atom,False,discharge_formula_frac_Co,stoichiometric_window,electrode_state_stoichiometry,L0,No direct target dependency is identified for this target.,RULE_SAFE_DEFAULT,feature::discharge_formula_frac_Co -> target::stability_charge,True,False,False,False,True
stability_charge,eV/atom,False,discharge_formula_frac_Cr,stoichiometric_window,electrode_state_stoichiometry,L0,No direct target dependency is identified for this target.,RULE_SAFE_DEFAULT,feature::discharge_formula_frac_Cr -> target::stability_charge,True,False,False,False,True
stability_charge,eV/atom,False,discharge_formula_frac_Cu,stoichiometric_window,electrode_state_stoichiometry,L0,No direct target dependency is identified for this target.,RULE_SAFE_DEFAULT,feature::discharge_formula_frac_Cu -> target::stability_charge,True,False,False,False,True
stability_charge,eV/atom,False,discharge_formula_frac_F,stoichiometric_window,electrode_state_stoichiometry,L0,No direct target dependency is identified for this target.,RULE_SAFE_DEFAULT,feature::discharge_formula_frac_F -> target::stability_charge,True,False,False,False,True
stability_charge,eV/atom,False,discharge_formula_frac_Fe,stoichiometric_window,electrode_state_stoichiometry,L0,No direct target dependency is identified for this target.,RULE_SAFE_DEFAULT,feature::discharge_formula_frac_Fe -> target::stability_charge,True,False,False,False,True
stability_charge,eV/atom,False,discharge_formula_frac_I,stoichiometric_window,electrode_state_stoichiometry,L0,No direct target dependency is identified for this target.,RULE_SAFE_DEFAULT,feature::discharge_formula_frac_I -> target::stability_charge,True,False,False,False,True
stability_charge,eV/atom,False,discharge_formula_frac_K,stoichiometric_window,electrode_state_stoichiometry,L0,No direct target dependency is identified for this target.,RULE_SAFE_DEFAULT,feature::discharge_formula_frac_K -> target::stability_charge,True,False,False,False,True
stability_charge,eV/atom,False,discharge_formula_frac_Li,stoichiometric_window,electrode_state_stoichiometry,L0,No direct target dependency is identified for this target.,RULE_SAFE_DEFAULT,feature::discharge_formula_frac_Li -> target::stability_charge,True,False,False,False,True
stability_charge,eV/atom,False,discharge_formula_frac_Mg,stoichiometric_window,electrode_state_stoichiometry,L0,No direct target dependency is identified for this target.,RULE_SAFE_DEFAULT,feature::discharge_formula_frac_Mg -> target::stability_charge,True,False,False,False,True
stability_charge,eV/atom,False,discharge_formula_frac_Mn,stoichiometric_window,electrode_state_stoichiometry,L0,No direct target dependency is identified for this target.,RULE_SAFE_DEFAULT,feature::discharge_formula_frac_Mn -> target::stability_charge,True,False,False,False,True
stability_charge,eV/atom,False,discharge_formula_frac_N,stoichiometric_window,electrode_state_stoichiometry,L0,No direct target dependency is identified for this target.,RULE_SAFE_DEFAULT,feature::discharge_formula_frac_N -> target::stability_charge,True,False,False,False,True
stability_charge,eV/atom,False,discharge_formula_frac_Na,stoichiometric_window,electrode_state_stoichiometry,L0,No direct target dependency is identified for this target.,RULE_SAFE_DEFAULT,feature::discharge_formula_frac_Na -> target::stability_charge,True,False,False,False,True
stability_charge,eV/atom,False,discharge_formula_frac_Ni,stoichiometric_window,electrode_state_stoichiometry,L0,No direct target dependency is identified for this target.,RULE_SAFE_DEFAULT,feature::discharge_formula_frac_Ni -> target::stability_charge,True,False,False,False,True
stability_charge,eV/atom,False,discharge_formula_frac_O,stoichiometric_window,electrode_state_stoichiometry,L0,No direct target dependency is identified for this target.,RULE_SAFE_DEFAULT,feature::discharge_formula_frac_O -> target::stability_charge,True,False,False,False,True
stability_charge,eV/atom,False,discharge_formula_frac_P,stoichiometric_window,electrode_state_stoichiometry,L0,No direct target dependency is identified for this target.,RULE_SAFE_DEFAULT,feature::discharge_formula_frac_P -> target::stability_charge,True,False,False,False,True
stability_charge,eV/atom,False,discharge_formula_frac_S,stoichiometric_window,electrode_state_stoichiometry,L0,No direct target dependency is identified for this target.,RULE_SAFE_DEFAULT,feature::discharge_formula_frac_S -> target::stability_charge,True,False,False,False,True
stability_charge,eV/atom,False,discharge_formula_frac_Si,stoichiometric_window,electrode_state_stoichiometry,L0,No direct target dependency is identified for this target.,RULE_SAFE_DEFAULT,feature::discharge_formula_frac_Si -> target::stability_charge,True,False,False,False,True
stability_charge,eV/atom,False,discharge_formula_frac_Ti,stoichiometric_window,electrode_state_stoichiometry,L0,No direct target dependency is identified for this target.,RULE_SAFE_DEFAULT,feature::discharge_formula_frac_Ti -> target::stability_charge,True,False,False,False,True
stability_charge,eV/atom,False,discharge_formula_frac_V,stoichiometric_window,electrode_state_stoichiometry,L0,No direct target dependency is identified for this target.,RULE_SAFE_DEFAULT,feature::discharge_formula_frac_V -> target::stability_charge,True,False,False,False,True
stability_charge,eV/atom,False,discharge_formula_frac_Zn,stoichiometric_window,electrode_state_stoichiometry,L0,No direct target dependency is identified for this target.,RULE_SAFE_DEFAULT,feature::discharge_formula_frac_Zn -> target::stability_charge,True,False,False,False,True
stability_charge,eV/atom,False,discharge_formula_frac_transition_metals,stoichiometric_window,electrode_state_stoichiometry,L0,No direct target dependency is identified for this target.,RULE_SAFE_DEFAULT,feature::discharge_formula_frac_transition_metals -> target::stability_charge,True,False,False,False,True
stability_charge,eV/atom,False,discharge_formula_group_max,stoichiometric_window,electrode_state_stoichiometry,L0,No direct target dependency is identified for this target.,RULE_SAFE_DEFAULT,feature::discharge_formula_group_max -> target::stability_charge,True,False,False,False,True
stability_charge,eV/atom,False,discharge_formula_group_mean,stoichiometric_window,electrode_state_stoichiometry,L0,No direct target dependency is identified for this target.,RULE_SAFE_DEFAULT,feature::discharge_formula_group_mean -> target::stability_charge,True,False,False,False,True
stability_charge,eV/atom,False,discharge_formula_group_min,stoichiometric_window,electrode_state_stoichiometry,L0,No direct target dependency is identified for this target.,RULE_SAFE_DEFAULT,feature::discharge_formula_group_min -> target::stability_charge,True,False,False,False,True
stability_charge,eV/atom,False,discharge_formula_group_range,stoichiometric_window,electrode_state_stoichiometry,L0,No direct target dependency is identified for this target.,RULE_SAFE_DEFAULT,feature::discharge_formula_group_range -> target::stability_charge,True,False,False,False,True
stability_charge,eV/atom,False,discharge_formula_group_std,stoichiometric_window,electrode_state_stoichiometry,L0,No direct target dependency is identified for this target.,RULE_SAFE_DEFAULT,feature::discharge_formula_group_std -> target::stability_charge,True,False,False,False,True
stability_charge,eV/atom,False,discharge_formula_has_Br,stoichiometric_window,electrode_state_stoichiometry,L0,No direct target dependency is identified for this target.,RULE_SAFE_DEFAULT,feature::discharge_formula_has_Br -> target::stability_charge,True,False,False,False,True
stability_charge,eV/atom,False,discharge_formula_has_C,stoichiometric_window,electrode_state_stoichiometry,L0,No direct target dependency is identified for this target.,RULE_SAFE_DEFAULT,feature::discharge_formula_has_C -> target::stability_charge,True,False,False,False,True
stability_charge,eV/atom,False,discharge_formula_has_Cl,stoichiometric_window,electrode_state_stoichiometry,L0,No direct target dependency is identified for this target.,RULE_SAFE_DEFAULT,feature::discharge_formula_has_Cl -> target::stability_charge,True,False,False,False,True
stability_charge,eV/atom,False,discharge_formula_has_F,stoichiometric_window,electrode_state_stoichiometry,L0,No direct target dependency is identified for this target.,RULE_SAFE_DEFAULT,feature::discharge_formula_has_F -> target::stability_charge,True,False,False,False,True
stability_charge,eV/atom,False,discharge_formula_has_I,stoichiometric_window,electrode_state_stoichiometry,L0,No direct target dependency is identified for this target.,RULE_SAFE_DEFAULT,feature::discharge_formula_has_I -> target::stability_charge,True,False,False,False,True
stability_charge,eV/atom,False,discharge_formula_has_N,stoichiometric_window,electrode_state_stoichiometry,L0,No direct target dependency is identified for this target.,RULE_SAFE_DEFAULT,feature::discharge_formula_has_N -> target::stability_charge,True,False,False,False,True
stability_charge,eV/atom,False,discharge_formula_has_O,stoichiometric_window,electrode_state_stoichiometry,L0,No direct target dependency is identified for this target.,RULE_SAFE_DEFAULT,feature::discharge_formula_has_O -> target::stability_charge,True,False,False,False,True
stability_charge,eV/atom,False,discharge_formula_has_P,stoichiometric_window,electrode_state_stoichiometry,L0,No direct target dependency is identified for this target.,RULE_SAFE_DEFAULT,feature::discharge_formula_has_P -> target::stability_charge,True,False,False,False,True
stability_charge,eV/atom,False,discharge_formula_has_S,stoichiometric_window,electrode_state_stoichiometry,L0,No direct target dependency is identified for this target.,RULE_SAFE_DEFAULT,feature::discharge_formula_has_S -> target::stability_charge,True,False,False,False,True
stability_charge,eV/atom,False,discharge_formula_has_Si,stoichiometric_window,electrode_state_stoichiometry,L0,No direct target dependency is identified for this target.,RULE_SAFE_DEFAULT,feature::discharge_formula_has_Si -> target::stability_charge,True,False,False,False,True
stability_charge,eV/atom,False,discharge_formula_n_atoms,stoichiometric_window,electrode_state_stoichiometry,L0,No direct target dependency is identified for this target.,RULE_SAFE_DEFAULT,feature::discharge_formula_n_atoms -> target::stability_charge,True,False,False,False,True
stability_charge,eV/atom,False,discharge_formula_n_elements,stoichiometric_window,electrode_state_stoichiometry,L0,No direct target dependency is identified for this target.,RULE_SAFE_DEFAULT,feature::discharge_formula_n_elements -> target::stability_charge,True,False,False,False,True
stability_charge,eV/atom,False,discharge_formula_n_transition_metals,stoichiometric_window,electrode_state_stoichiometry,L0,No direct target dependency is identified for this target.,RULE_SAFE_DEFAULT,feature::discharge_formula_n_transition_metals -> target::stability_charge,True,False,False,False,True
stability_charge,eV/atom,False,discharge_formula_parse_ok,stoichiometric_window,electrode_state_stoichiometry,L0,No direct target dependency is identified for this target.,RULE_SAFE_DEFAULT,feature::discharge_formula_parse_ok -> target::stability_charge,True,False,False,False,True
stability_charge,eV/atom,False,discharge_formula_row_max,stoichiometric_window,electrode_state_stoichiometry,L0,No direct target dependency is identified for this target.,RULE_SAFE_DEFAULT,feature::discharge_formula_row_max -> target::stability_charge,True,False,False,False,True
stability_charge,eV/atom,False,discharge_formula_row_mean,stoichiometric_window,electrode_state_stoichiometry,L0,No direct target dependency is identified for this target.,RULE_SAFE_DEFAULT,feature::discharge_formula_row_mean -> target::stability_charge,True,False,False,False,True
stability_charge,eV/atom,False,discharge_formula_row_min,stoichiometric_window,electrode_state_stoichiometry,L0,No direct target dependency is identified for this target.,RULE_SAFE_DEFAULT,feature::discharge_formula_row_min -> target::stability_charge,True,False,False,False,True
stability_charge,eV/atom,False,discharge_formula_row_range,stoichiometric_window,electrode_state_stoichiometry,L0,No direct target dependency is identified for this target.,RULE_SAFE_DEFAULT,feature::discharge_formula_row_range -> target::stability_charge,True,False,False,False,True
stability_charge,eV/atom,False,discharge_formula_row_std,stoichiometric_window,electrode_state_stoichiometry,L0,No direct target dependency is identified for this target.,RULE_SAFE_DEFAULT,feature::discharge_formula_row_std -> target::stability_charge,True,False,False,False,True
stability_charge,eV/atom,False,discharge_summary_band_gap,post_dft_electronic_summary,post_dft_electronic,L4,The electronic descriptor is generated in the same post-DFT record and is decision-support only.,RULE_POST_DFT_ELECTRONIC,feature::discharge_summary_band_gap -> concept::post_dft_record -> target::stability_charge,True,False,False,True,True
stability_charge,eV/atom,False,discharge_summary_density,relaxed_structure_summary,relaxed_structure,L0,The relaxed-structure summary is not target-defining for this target.,RULE_SAFE_STRUCTURE,feature::discharge_summary_density -> target::stability_charge,True,False,True,True,True
stability_charge,eV/atom,False,discharge_summary_density_atomic,relaxed_structure_summary,relaxed_structure,L0,The relaxed-structure summary is not target-defining for this target.,RULE_SAFE_STRUCTURE,feature::discharge_summary_density_atomic -> target::stability_charge,True,False,True,True,True
stability_charge,eV/atom,False,discharge_summary_energy_above_hull,post_dft_energy_stability_summary,post_dft_thermodynamics,L2,Endpoint hull/stability descriptors define or directly reconstruct stability targets.,RULE_HULL_STABILITY,feature::discharge_summary_energy_above_hull -> concept::hull_stability -> target::stability_charge,True,False,False,False,True
stability_charge,eV/atom,False,discharge_summary_formation_energy_per_atom,post_dft_energy_stability_summary,post_dft_thermodynamics,L4,Formation energy is post-DFT adjacent to stability but is not the direct hull target.,RULE_FORMATION_ENERGY_STABILITY,feature::discharge_summary_formation_energy_per_atom -> concept::post_dft_thermodynamics -> target::stability_charge,True,False,False,True,True
stability_charge,eV/atom,False,discharge_summary_is_metal,post_dft_electronic_summary,post_dft_electronic,L4,The electronic descriptor is generated in the same post-DFT record and is decision-support only.,RULE_POST_DFT_ELECTRONIC,feature::discharge_summary_is_metal -> concept::post_dft_record -> target::stability_charge,True,False,False,True,True
stability_charge,eV/atom,False,discharge_summary_is_stable,post_dft_energy_stability_summary,post_dft_thermodynamics,L2,Endpoint hull/stability descriptors define or directly reconstruct stability targets.,RULE_HULL_STABILITY,feature::discharge_summary_is_stable -> concept::hull_stability -> target::stability_charge,True,False,False,False,True
stability_charge,eV/atom,False,discharge_summary_nsites,relaxed_structure_summary,relaxed_structure,L0,The relaxed-structure summary is not target-defining for this target.,RULE_SAFE_STRUCTURE,feature::discharge_summary_nsites -> target::stability_charge,True,False,True,True,True
stability_charge,eV/atom,False,discharge_summary_symmetry_number,relaxed_structure_summary,relaxed_structure,L0,The relaxed-structure summary is not target-defining for this target.,RULE_SAFE_STRUCTURE,feature::discharge_summary_symmetry_number -> target::stability_charge,True,False,True,True,True
stability_charge,eV/atom,False,discharge_summary_theoretical,post_dft_provenance_flag,post_dft_provenance,L4,The provenance flag is available only from the post-DFT record.,RULE_POST_DFT_PROVENANCE,feature::discharge_summary_theoretical -> concept::post_dft_record -> target::stability_charge,True,False,False,False,True
stability_charge,eV/atom,False,discharge_summary_volume,relaxed_structure_summary,relaxed_structure,L0,The relaxed-structure summary is not target-defining for this target.,RULE_SAFE_STRUCTURE,feature::discharge_summary_volume -> target::stability_charge,True,False,True,True,True
stability_charge,eV/atom,False,discharge_summary_volume_per_site,relaxed_structure_summary,relaxed_structure,L0,The relaxed-structure summary is not target-defining for this target.,RULE_SAFE_STRUCTURE,feature::discharge_summary_volume_per_site -> target::stability_charge,True,False,True,True,True
stability_charge,eV/atom,False,energy_grav,stored_electrode_target,stored_electrode_record,L4,A different stored electrode property is available only as a post-hoc computed-record descriptor.,RULE_OTHER_STORED_TARGET,feature::energy_grav -> concept::stored_electrode_record -> target::stability_charge,True,False,False,False,True
stability_charge,eV/atom,False,energy_vol,stored_electrode_target,stored_electrode_record,L4,A different stored electrode property is available only as a post-hoc computed-record descriptor.,RULE_OTHER_STORED_TARGET,feature::energy_vol -> concept::stored_electrode_record -> target::stability_charge,True,False,False,False,True
stability_charge,eV/atom,False,fracA_charge,stoichiometric_window,electrode_state_stoichiometry,L0,No direct target dependency is identified for this target.,RULE_SAFE_DEFAULT,feature::fracA_charge -> target::stability_charge,True,False,False,False,True
stability_charge,eV/atom,False,fracA_discharge,stoichiometric_window,electrode_state_stoichiometry,L0,No direct target dependency is identified for this target.,RULE_SAFE_DEFAULT,feature::fracA_discharge -> target::stability_charge,True,False,False,False,True
stability_charge,eV/atom,False,max_delta_volume,stored_electrode_target,stored_electrode_record,L4,A different stored electrode property is available only as a post-hoc computed-record descriptor.,RULE_OTHER_STORED_TARGET,feature::max_delta_volume -> concept::stored_electrode_record -> target::stability_charge,True,False,False,False,True
stability_charge,eV/atom,False,max_voltage_step,stored_electrode_process_descriptor,stored_electrode_record,L0,No direct target dependency is identified for this target.,RULE_SAFE_DEFAULT,feature::max_voltage_step -> target::stability_charge,True,False,False,True,True
stability_charge,eV/atom,False,num_steps,stored_electrode_process_descriptor,stored_electrode_record,L0,No direct target dependency is identified for this target.,RULE_SAFE_DEFAULT,feature::num_steps -> target::stability_charge,True,False,False,True,True
stability_charge,eV/atom,False,stability_charge,stored_electrode_target,stored_electrode_record,L1,The feature is the exact target column.,RULE_DIRECT_TARGET,feature::stability_charge -> target::stability_charge,False,False,False,False,True
stability_charge,eV/atom,False,stability_discharge,stored_electrode_target,stored_electrode_record,L2,Endpoint and worst-case stability values are definitionally linked.,RULE_STABILITY_AGGREGATION,feature::stability_discharge -> concept::stability_aggregation -> target::stability_charge,True,False,False,False,True
stability_charge,eV/atom,False,stability_worst,stored_electrode_target,stored_electrode_record,L2,Endpoint and worst-case stability values are definitionally linked.,RULE_STABILITY_AGGREGATION,feature::stability_worst -> concept::stability_aggregation -> target::stability_charge,True,False,False,False,True
stability_charge,eV/atom,False,stoich_abs_wi_amount_delta,stoichiometric_window,electrode_state_stoichiometry,L0,No direct target dependency is identified for this target.,RULE_SAFE_DEFAULT,feature::stoich_abs_wi_amount_delta -> target::stability_charge,True,False,False,False,True
stability_charge,eV/atom,False,stoich_wi_amount_charge,stoichiometric_window,electrode_state_stoichiometry,L0,No direct target dependency is identified for this target.,RULE_SAFE_DEFAULT,feature::stoich_wi_amount_charge -> target::stability_charge,True,False,False,False,True
stability_charge,eV/atom,False,stoich_wi_amount_delta,stoichiometric_window,electrode_state_stoichiometry,L0,No direct target dependency is identified for this target.,RULE_SAFE_DEFAULT,feature::stoich_wi_amount_delta -> target::stability_charge,True,False,False,False,True
stability_charge,eV/atom,False,stoich_wi_amount_discharge,stoichiometric_window,electrode_state_stoichiometry,L0,No direct target dependency is identified for this target.,RULE_SAFE_DEFAULT,feature::stoich_wi_amount_discharge -> target::stability_charge,True,False,False,False,True
stability_charge,eV/atom,False,stored_abs_fracA_delta,other_numeric,derived_miscellaneous,L0,No direct target dependency is identified for this target.,RULE_SAFE_DEFAULT,feature::stored_abs_fracA_delta -> target::stability_charge,True,False,False,False,True
stability_charge,eV/atom,False,stored_fracA_delta,stoichiometric_window,electrode_state_stoichiometry,L0,No direct target dependency is identified for this target.,RULE_SAFE_DEFAULT,feature::stored_fracA_delta -> target::stability_charge,True,False,False,False,True
stability_charge,eV/atom,False,summary_abs_delta_band_gap,post_dft_electronic_summary,post_dft_electronic,L4,The electronic descriptor is generated in the same post-DFT record and is decision-support only.,RULE_POST_DFT_ELECTRONIC,feature::summary_abs_delta_band_gap -> concept::post_dft_record -> target::stability_charge,True,False,False,True,True
stability_charge,eV/atom,False,summary_abs_delta_density,relaxed_structure_summary,relaxed_structure,L0,The relaxed-structure summary is not target-defining for this target.,RULE_SAFE_STRUCTURE,feature::summary_abs_delta_density -> target::stability_charge,True,False,True,True,True
stability_charge,eV/atom,False,summary_abs_delta_density_atomic,relaxed_structure_summary,relaxed_structure,L0,The relaxed-structure summary is not target-defining for this target.,RULE_SAFE_STRUCTURE,feature::summary_abs_delta_density_atomic -> target::stability_charge,True,False,True,True,True
stability_charge,eV/atom,False,summary_abs_delta_energy_above_hull,post_dft_energy_stability_summary,post_dft_thermodynamics,L2,Endpoint hull/stability descriptors define or directly reconstruct stability targets.,RULE_HULL_STABILITY,feature::summary_abs_delta_energy_above_hull -> concept::hull_stability -> target::stability_charge,True,False,False,False,True
stability_charge,eV/atom,False,summary_abs_delta_formation_energy_per_atom,post_dft_energy_stability_summary,post_dft_thermodynamics,L4,Formation energy is post-DFT adjacent to stability but is not the direct hull target.,RULE_FORMATION_ENERGY_STABILITY,feature::summary_abs_delta_formation_energy_per_atom -> concept::post_dft_thermodynamics -> target::stability_charge,True,False,False,True,True
stability_charge,eV/atom,False,summary_abs_delta_volume_fraction,relaxed_structure_summary,relaxed_structure,L0,The relaxed-structure summary is not target-defining for this target.,RULE_SAFE_STRUCTURE,feature::summary_abs_delta_volume_fraction -> target::stability_charge,True,False,True,True,True
stability_charge,eV/atom,False,summary_abs_delta_volume_per_site,relaxed_structure_summary,relaxed_structure,L0,The relaxed-structure summary is not target-defining for this target.,RULE_SAFE_STRUCTURE,feature::summary_abs_delta_volume_per_site -> target::stability_charge,True,False,True,True,True
stability_charge,eV/atom,False,summary_delta_band_gap,post_dft_electronic_summary,post_dft_electronic,L4,The electronic descriptor is generated in the same post-DFT record and is decision-support only.,RULE_POST_DFT_ELECTRONIC,feature::summary_delta_band_gap -> concept::post_dft_record -> target::stability_charge,True,False,False,True,True
stability_charge,eV/atom,False,summary_delta_density,relaxed_structure_summary,relaxed_structure,L0,The relaxed-structure summary is not target-defining for this target.,RULE_SAFE_STRUCTURE,feature::summary_delta_density -> target::stability_charge,True,False,True,True,True
stability_charge,eV/atom,False,summary_delta_density_atomic,relaxed_structure_summary,relaxed_structure,L0,The relaxed-structure summary is not target-defining for this target.,RULE_SAFE_STRUCTURE,feature::summary_delta_density_atomic -> target::stability_charge,True,False,True,True,True
stability_charge,eV/atom,False,summary_delta_energy_above_hull,post_dft_energy_stability_summary,post_dft_thermodynamics,L2,Endpoint hull/stability descriptors define or directly reconstruct stability targets.,RULE_HULL_STABILITY,feature::summary_delta_energy_above_hull -> concept::hull_stability -> target::stability_charge,True,False,False,False,True
stability_charge,eV/atom,False,summary_delta_formation_energy_per_atom,post_dft_energy_stability_summary,post_dft_thermodynamics,L4,Formation energy is post-DFT adjacent to stability but is not the direct hull target.,RULE_FORMATION_ENERGY_STABILITY,feature::summary_delta_formation_energy_per_atom -> concept::post_dft_thermodynamics -> target::stability_charge,True,False,False,True,True
stability_charge,eV/atom,False,summary_delta_volume_fraction,relaxed_structure_summary,relaxed_structure,L0,The relaxed-structure summary is not target-defining for this target.,RULE_SAFE_STRUCTURE,feature::summary_delta_volume_fraction -> target::stability_charge,True,False,True,True,True
stability_charge,eV/atom,False,summary_delta_volume_per_site,relaxed_structure_summary,relaxed_structure,L0,The relaxed-structure summary is not target-defining for this target.,RULE_SAFE_STRUCTURE,feature::summary_delta_volume_per_site -> target::stability_charge,True,False,True,True,True
stability_charge,eV/atom,False,summary_worst_energy_above_hull,post_dft_energy_stability_summary,post_dft_thermodynamics,L2,Endpoint hull/stability descriptors define or directly reconstruct stability targets.,RULE_HULL_STABILITY,feature::summary_worst_energy_above_hull -> concept::hull_stability -> target::stability_charge,True,False,False,False,True
stability_charge,eV/atom,False,wi_is_K,domain_label_onehot,validation_only,L5,Working-ion/domain labels encode validation-domain membership and must be controlled by split design.,RULE_DOMAIN_LABEL,feature::wi_is_K -> concept::validation_domain -> target::stability_charge,False,False,False,False,False
stability_charge,eV/atom,False,wi_is_Li,domain_label_onehot,validation_only,L5,Working-ion/domain labels encode validation-domain membership and must be controlled by split design.,RULE_DOMAIN_LABEL,feature::wi_is_Li -> concept::validation_domain -> target::stability_charge,False,False,False,False,False
stability_charge,eV/atom,False,wi_is_Na,domain_label_onehot,validation_only,L5,Working-ion/domain labels encode validation-domain membership and must be controlled by split design.,RULE_DOMAIN_LABEL,feature::wi_is_Na -> concept::validation_domain -> target::stability_charge,False,False,False,False,False
stability_discharge,eV/atom,False,average_voltage,stored_electrode_target,stored_electrode_record,L4,A different stored electrode property is available only as a post-hoc computed-record descriptor.,RULE_OTHER_STORED_TARGET,feature::average_voltage -> concept::stored_electrode_record -> target::stability_discharge,True,False,False,False,True
stability_discharge,eV/atom,False,capacity_grav,stored_electrode_target,stored_electrode_record,L4,A different stored electrode property is available only as a post-hoc computed-record descriptor.,RULE_OTHER_STORED_TARGET,feature::capacity_grav -> concept::stored_electrode_record -> target::stability_discharge,True,False,False,False,True
stability_discharge,eV/atom,False,capacity_vol,stored_electrode_target,stored_electrode_record,L4,A different stored electrode property is available only as a post-hoc computed-record descriptor.,RULE_OTHER_STORED_TARGET,feature::capacity_vol -> concept::stored_electrode_record -> target::stability_discharge,True,False,False,False,True
stability_discharge,eV/atom,False,charge_formula_X_max,stoichiometric_window,electrode_state_stoichiometry,L0,No direct target dependency is identified for this target.,RULE_SAFE_DEFAULT,feature::charge_formula_X_max -> target::stability_discharge,True,False,False,False,True
stability_discharge,eV/atom,False,charge_formula_X_mean,stoichiometric_window,electrode_state_stoichiometry,L0,No direct target dependency is identified for this target.,RULE_SAFE_DEFAULT,feature::charge_formula_X_mean -> target::stability_discharge,True,False,False,False,True
stability_discharge,eV/atom,False,charge_formula_X_min,stoichiometric_window,electrode_state_stoichiometry,L0,No direct target dependency is identified for this target.,RULE_SAFE_DEFAULT,feature::charge_formula_X_min -> target::stability_discharge,True,False,False,False,True
stability_discharge,eV/atom,False,charge_formula_X_range,stoichiometric_window,electrode_state_stoichiometry,L0,No direct target dependency is identified for this target.,RULE_SAFE_DEFAULT,feature::charge_formula_X_range -> target::stability_discharge,True,False,False,False,True
stability_discharge,eV/atom,False,charge_formula_X_std,stoichiometric_window,electrode_state_stoichiometry,L0,No direct target dependency is identified for this target.,RULE_SAFE_DEFAULT,feature::charge_formula_X_std -> target::stability_discharge,True,False,False,False,True
stability_discharge,eV/atom,False,charge_formula_Z_max,stoichiometric_window,electrode_state_stoichiometry,L0,No direct target dependency is identified for this target.,RULE_SAFE_DEFAULT,feature::charge_formula_Z_max -> target::stability_discharge,True,False,False,False,True
stability_discharge,eV/atom,False,charge_formula_Z_mean,stoichiometric_window,electrode_state_stoichiometry,L0,No direct target dependency is identified for this target.,RULE_SAFE_DEFAULT,feature::charge_formula_Z_mean -> target::stability_discharge,True,False,False,False,True
stability_discharge,eV/atom,False,charge_formula_Z_min,stoichiometric_window,electrode_state_stoichiometry,L0,No direct target dependency is identified for this target.,RULE_SAFE_DEFAULT,feature::charge_formula_Z_min -> target::stability_discharge,True,False,False,False,True
stability_discharge,eV/atom,False,charge_formula_Z_range,stoichiometric_window,electrode_state_stoichiometry,L0,No direct target dependency is identified for this target.,RULE_SAFE_DEFAULT,feature::charge_formula_Z_range -> target::stability_discharge,True,False,False,False,True
stability_discharge,eV/atom,False,charge_formula_Z_std,stoichiometric_window,electrode_state_stoichiometry,L0,No direct target dependency is identified for this target.,RULE_SAFE_DEFAULT,feature::charge_formula_Z_std -> target::stability_discharge,True,False,False,False,True
stability_discharge,eV/atom,False,charge_formula_atomic_mass_max,stoichiometric_window,electrode_state_stoichiometry,L0,No direct target dependency is identified for this target.,RULE_SAFE_DEFAULT,feature::charge_formula_atomic_mass_max -> target::stability_discharge,True,False,False,False,True
stability_discharge,eV/atom,False,charge_formula_atomic_mass_mean,stoichiometric_window,electrode_state_stoichiometry,L0,No direct target dependency is identified for this target.,RULE_SAFE_DEFAULT,feature::charge_formula_atomic_mass_mean -> target::stability_discharge,True,False,False,False,True
stability_discharge,eV/atom,False,charge_formula_atomic_mass_min,stoichiometric_window,electrode_state_stoichiometry,L0,No direct target dependency is identified for this target.,RULE_SAFE_DEFAULT,feature::charge_formula_atomic_mass_min -> target::stability_discharge,True,False,False,False,True
stability_discharge,eV/atom,False,charge_formula_atomic_mass_range,stoichiometric_window,electrode_state_stoichiometry,L0,No direct target dependency is identified for this target.,RULE_SAFE_DEFAULT,feature::charge_formula_atomic_mass_range -> target::stability_discharge,True,False,False,False,True
stability_discharge,eV/atom,False,charge_formula_atomic_mass_std,stoichiometric_window,electrode_state_stoichiometry,L0,No direct target dependency is identified for this target.,RULE_SAFE_DEFAULT,feature::charge_formula_atomic_mass_std -> target::stability_discharge,True,False,False,False,True
stability_discharge,eV/atom,False,charge_formula_frac_Ag,stoichiometric_window,electrode_state_stoichiometry,L0,No direct target dependency is identified for this target.,RULE_SAFE_DEFAULT,feature::charge_formula_frac_Ag -> target::stability_discharge,True,False,False,False,True
stability_discharge,eV/atom,False,charge_formula_frac_Al,stoichiometric_window,electrode_state_stoichiometry,L0,No direct target dependency is identified for this target.,RULE_SAFE_DEFAULT,feature::charge_formula_frac_Al -> target::stability_discharge,True,False,False,False,True
stability_discharge,eV/atom,False,charge_formula_frac_As,stoichiometric_window,electrode_state_stoichiometry,L0,No direct target dependency is identified for this target.,RULE_SAFE_DEFAULT,feature::charge_formula_frac_As -> target::stability_discharge,True,False,False,False,True
stability_discharge,eV/atom,False,charge_formula_frac_B,stoichiometric_window,electrode_state_stoichiometry,L0,No direct target dependency is identified for this target.,RULE_SAFE_DEFAULT,feature::charge_formula_frac_B -> target::stability_discharge,True,False,False,False,True
stability_discharge,eV/atom,False,charge_formula_frac_Br,stoichiometric_window,electrode_state_stoichiometry,L0,No direct target dependency is identified for this target.,RULE_SAFE_DEFAULT,feature::charge_formula_frac_Br -> target::stability_discharge,True,False,False,False,True
stability_discharge,eV/atom,False,charge_formula_frac_C,stoichiometric_window,electrode_state_stoichiometry,L0,No direct target dependency is identified for this target.,RULE_SAFE_DEFAULT,feature::charge_formula_frac_C -> target::stability_discharge,True,False,False,False,True
stability_discharge,eV/atom,False,charge_formula_frac_Ca,stoichiometric_window,electrode_state_stoichiometry,L0,No direct target dependency is identified for this target.,RULE_SAFE_DEFAULT,feature::charge_formula_frac_Ca -> target::stability_discharge,True,False,False,False,True
stability_discharge,eV/atom,False,charge_formula_frac_Cl,stoichiometric_window,electrode_state_stoichiometry,L0,No direct target dependency is identified for this target.,RULE_SAFE_DEFAULT,feature::charge_formula_frac_Cl -> target::stability_discharge,True,False,False,False,True
stability_discharge,eV/atom,False,charge_formula_frac_Co,stoichiometric_window,electrode_state_stoichiometry,L0,No direct target dependency is identified for this target.,RULE_SAFE_DEFAULT,feature::charge_formula_frac_Co -> target::stability_discharge,True,False,False,False,True
stability_discharge,eV/atom,False,charge_formula_frac_Cr,stoichiometric_window,electrode_state_stoichiometry,L0,No direct target dependency is identified for this target.,RULE_SAFE_DEFAULT,feature::charge_formula_frac_Cr -> target::stability_discharge,True,False,False,False,True
stability_discharge,eV/atom,False,charge_formula_frac_Cu,stoichiometric_window,electrode_state_stoichiometry,L0,No direct target dependency is identified for this target.,RULE_SAFE_DEFAULT,feature::charge_formula_frac_Cu -> target::stability_discharge,True,False,False,False,True
stability_discharge,eV/atom,False,charge_formula_frac_F,stoichiometric_window,electrode_state_stoichiometry,L0,No direct target dependency is identified for this target.,RULE_SAFE_DEFAULT,feature::charge_formula_frac_F -> target::stability_discharge,True,False,False,False,True
stability_discharge,eV/atom,False,charge_formula_frac_Fe,stoichiometric_window,electrode_state_stoichiometry,L0,No direct target dependency is identified for this target.,RULE_SAFE_DEFAULT,feature::charge_formula_frac_Fe -> target::stability_discharge,True,False,False,False,True
stability_discharge,eV/atom,False,charge_formula_frac_I,stoichiometric_window,electrode_state_stoichiometry,L0,No direct target dependency is identified for this target.,RULE_SAFE_DEFAULT,feature::charge_formula_frac_I -> target::stability_discharge,True,False,False,False,True
stability_discharge,eV/atom,False,charge_formula_frac_K,stoichiometric_window,electrode_state_stoichiometry,L0,No direct target dependency is identified for this target.,RULE_SAFE_DEFAULT,feature::charge_formula_frac_K -> target::stability_discharge,True,False,False,False,True
stability_discharge,eV/atom,False,charge_formula_frac_Li,stoichiometric_window,electrode_state_stoichiometry,L0,No direct target dependency is identified for this target.,RULE_SAFE_DEFAULT,feature::charge_formula_frac_Li -> target::stability_discharge,True,False,False,False,True
stability_discharge,eV/atom,False,charge_formula_frac_Mg,stoichiometric_window,electrode_state_stoichiometry,L0,No direct target dependency is identified for this target.,RULE_SAFE_DEFAULT,feature::charge_formula_frac_Mg -> target::stability_discharge,True,False,False,False,True
stability_discharge,eV/atom,False,charge_formula_frac_Mn,stoichiometric_window,electrode_state_stoichiometry,L0,No direct target dependency is identified for this target.,RULE_SAFE_DEFAULT,feature::charge_formula_frac_Mn -> target::stability_discharge,True,False,False,False,True
stability_discharge,eV/atom,False,charge_formula_frac_N,stoichiometric_window,electrode_state_stoichiometry,L0,No direct target dependency is identified for this target.,RULE_SAFE_DEFAULT,feature::charge_formula_frac_N -> target::stability_discharge,True,False,False,False,True
stability_discharge,eV/atom,False,charge_formula_frac_Na,stoichiometric_window,electrode_state_stoichiometry,L0,No direct target dependency is identified for this target.,RULE_SAFE_DEFAULT,feature::charge_formula_frac_Na -> target::stability_discharge,True,False,False,False,True
stability_discharge,eV/atom,False,charge_formula_frac_Ni,stoichiometric_window,electrode_state_stoichiometry,L0,No direct target dependency is identified for this target.,RULE_SAFE_DEFAULT,feature::charge_formula_frac_Ni -> target::stability_discharge,True,False,False,False,True
stability_discharge,eV/atom,False,charge_formula_frac_O,stoichiometric_window,electrode_state_stoichiometry,L0,No direct target dependency is identified for this target.,RULE_SAFE_DEFAULT,feature::charge_formula_frac_O -> target::stability_discharge,True,False,False,False,True
stability_discharge,eV/atom,False,charge_formula_frac_P,stoichiometric_window,electrode_state_stoichiometry,L0,No direct target dependency is identified for this target.,RULE_SAFE_DEFAULT,feature::charge_formula_frac_P -> target::stability_discharge,True,False,False,False,True
stability_discharge,eV/atom,False,charge_formula_frac_S,stoichiometric_window,electrode_state_stoichiometry,L0,No direct target dependency is identified for this target.,RULE_SAFE_DEFAULT,feature::charge_formula_frac_S -> target::stability_discharge,True,False,False,False,True
stability_discharge,eV/atom,False,charge_formula_frac_Si,stoichiometric_window,electrode_state_stoichiometry,L0,No direct target dependency is identified for this target.,RULE_SAFE_DEFAULT,feature::charge_formula_frac_Si -> target::stability_discharge,True,False,False,False,True
stability_discharge,eV/atom,False,charge_formula_frac_Ti,stoichiometric_window,electrode_state_stoichiometry,L0,No direct target dependency is identified for this target.,RULE_SAFE_DEFAULT,feature::charge_formula_frac_Ti -> target::stability_discharge,True,False,False,False,True
stability_discharge,eV/atom,False,charge_formula_frac_V,stoichiometric_window,electrode_state_stoichiometry,L0,No direct target dependency is identified for this target.,RULE_SAFE_DEFAULT,feature::charge_formula_frac_V -> target::stability_discharge,True,False,False,False,True
stability_discharge,eV/atom,False,charge_formula_frac_Zn,stoichiometric_window,electrode_state_stoichiometry,L0,No direct target dependency is identified for this target.,RULE_SAFE_DEFAULT,feature::charge_formula_frac_Zn -> target::stability_discharge,True,False,False,False,True
stability_discharge,eV/atom,False,charge_formula_frac_transition_metals,stoichiometric_window,electrode_state_stoichiometry,L0,No direct target dependency is identified for this target.,RULE_SAFE_DEFAULT,feature::charge_formula_frac_transition_metals -> target::stability_discharge,True,False,False,False,True
stability_discharge,eV/atom,False,charge_formula_group_max,stoichiometric_window,electrode_state_stoichiometry,L0,No direct target dependency is identified for this target.,RULE_SAFE_DEFAULT,feature::charge_formula_group_max -> target::stability_discharge,True,False,False,False,True
stability_discharge,eV/atom,False,charge_formula_group_mean,stoichiometric_window,electrode_state_stoichiometry,L0,No direct target dependency is identified for this target.,RULE_SAFE_DEFAULT,feature::charge_formula_group_mean -> target::stability_discharge,True,False,False,False,True
stability_discharge,eV/atom,False,charge_formula_group_min,stoichiometric_window,electrode_state_stoichiometry,L0,No direct target dependency is identified for this target.,RULE_SAFE_DEFAULT,feature::charge_formula_group_min -> target::stability_discharge,True,False,False,False,True
stability_discharge,eV/atom,False,charge_formula_group_range,stoichiometric_window,electrode_state_stoichiometry,L0,No direct target dependency is identified for this target.,RULE_SAFE_DEFAULT,feature::charge_formula_group_range -> target::stability_discharge,True,False,False,False,True
stability_discharge,eV/atom,False,charge_formula_group_std,stoichiometric_window,electrode_state_stoichiometry,L0,No direct target dependency is identified for this target.,RULE_SAFE_DEFAULT,feature::charge_formula_group_std -> target::stability_discharge,True,False,False,False,True
stability_discharge,eV/atom,False,charge_formula_has_Br,stoichiometric_window,electrode_state_stoichiometry,L0,No direct target dependency is identified for this target.,RULE_SAFE_DEFAULT,feature::charge_formula_has_Br -> target::stability_discharge,True,False,False,False,True
stability_discharge,eV/atom,False,charge_formula_has_C,stoichiometric_window,electrode_state_stoichiometry,L0,No direct target dependency is identified for this target.,RULE_SAFE_DEFAULT,feature::charge_formula_has_C -> target::stability_discharge,True,False,False,False,True
stability_discharge,eV/atom,False,charge_formula_has_Cl,stoichiometric_window,electrode_state_stoichiometry,L0,No direct target dependency is identified for this target.,RULE_SAFE_DEFAULT,feature::charge_formula_has_Cl -> target::stability_discharge,True,False,False,False,True
stability_discharge,eV/atom,False,charge_formula_has_F,stoichiometric_window,electrode_state_stoichiometry,L0,No direct target dependency is identified for this target.,RULE_SAFE_DEFAULT,feature::charge_formula_has_F -> target::stability_discharge,True,False,False,False,True
stability_discharge,eV/atom,False,charge_formula_has_I,stoichiometric_window,electrode_state_stoichiometry,L0,No direct target dependency is identified for this target.,RULE_SAFE_DEFAULT,feature::charge_formula_has_I -> target::stability_discharge,True,False,False,False,True
stability_discharge,eV/atom,False,charge_formula_has_N,stoichiometric_window,electrode_state_stoichiometry,L0,No direct target dependency is identified for this target.,RULE_SAFE_DEFAULT,feature::charge_formula_has_N -> target::stability_discharge,True,False,False,False,True
stability_discharge,eV/atom,False,charge_formula_has_O,stoichiometric_window,electrode_state_stoichiometry,L0,No direct target dependency is identified for this target.,RULE_SAFE_DEFAULT,feature::charge_formula_has_O -> target::stability_discharge,True,False,False,False,True
stability_discharge,eV/atom,False,charge_formula_has_P,stoichiometric_window,electrode_state_stoichiometry,L0,No direct target dependency is identified for this target.,RULE_SAFE_DEFAULT,feature::charge_formula_has_P -> target::stability_discharge,True,False,False,False,True
stability_discharge,eV/atom,False,charge_formula_has_S,stoichiometric_window,electrode_state_stoichiometry,L0,No direct target dependency is identified for this target.,RULE_SAFE_DEFAULT,feature::charge_formula_has_S -> target::stability_discharge,True,False,False,False,True
stability_discharge,eV/atom,False,charge_formula_has_Si,stoichiometric_window,electrode_state_stoichiometry,L0,No direct target dependency is identified for this target.,RULE_SAFE_DEFAULT,feature::charge_formula_has_Si -> target::stability_discharge,True,False,False,False,True
stability_discharge,eV/atom,False,charge_formula_n_atoms,stoichiometric_window,electrode_state_stoichiometry,L0,No direct target dependency is identified for this target.,RULE_SAFE_DEFAULT,feature::charge_formula_n_atoms -> target::stability_discharge,True,False,False,False,True
stability_discharge,eV/atom,False,charge_formula_n_elements,stoichiometric_window,electrode_state_stoichiometry,L0,No direct target dependency is identified for this target.,RULE_SAFE_DEFAULT,feature::charge_formula_n_elements -> target::stability_discharge,True,False,False,False,True
stability_discharge,eV/atom,False,charge_formula_n_transition_metals,stoichiometric_window,electrode_state_stoichiometry,L0,No direct target dependency is identified for this target.,RULE_SAFE_DEFAULT,feature::charge_formula_n_transition_metals -> target::stability_discharge,True,False,False,False,True
stability_discharge,eV/atom,False,charge_formula_parse_ok,stoichiometric_window,electrode_state_stoichiometry,L0,No direct target dependency is identified for this target.,RULE_SAFE_DEFAULT,feature::charge_formula_parse_ok -> target::stability_discharge,True,False,False,False,True
stability_discharge,eV/atom,False,charge_formula_row_max,stoichiometric_window,electrode_state_stoichiometry,L0,No direct target dependency is identified for this target.,RULE_SAFE_DEFAULT,feature::charge_formula_row_max -> target::stability_discharge,True,False,False,False,True
stability_discharge,eV/atom,False,charge_formula_row_mean,stoichiometric_window,electrode_state_stoichiometry,L0,No direct target dependency is identified for this target.,RULE_SAFE_DEFAULT,feature::charge_formula_row_mean -> target::stability_discharge,True,False,False,False,True
stability_discharge,eV/atom,False,charge_formula_row_min,stoichiometric_window,electrode_state_stoichiometry,L0,No direct target dependency is identified for this target.,RULE_SAFE_DEFAULT,feature::charge_formula_row_min -> target::stability_discharge,True,False,False,False,True
stability_discharge,eV/atom,False,charge_formula_row_range,stoichiometric_window,electrode_state_stoichiometry,L0,No direct target dependency is identified for this target.,RULE_SAFE_DEFAULT,feature::charge_formula_row_range -> target::stability_discharge,True,False,False,False,True
stability_discharge,eV/atom,False,charge_formula_row_std,stoichiometric_window,electrode_state_stoichiometry,L0,No direct target dependency is identified for this target.,RULE_SAFE_DEFAULT,feature::charge_formula_row_std -> target::stability_discharge,True,False,False,False,True
stability_discharge,eV/atom,False,charge_summary_band_gap,post_dft_electronic_summary,post_dft_electronic,L4,The electronic descriptor is generated in the same post-DFT record and is decision-support only.,RULE_POST_DFT_ELECTRONIC,feature::charge_summary_band_gap -> concept::post_dft_record -> target::stability_discharge,True,False,False,True,True
stability_discharge,eV/atom,False,charge_summary_density,relaxed_structure_summary,relaxed_structure,L0,The relaxed-structure summary is not target-defining for this target.,RULE_SAFE_STRUCTURE,feature::charge_summary_density -> target::stability_discharge,True,False,True,True,True
stability_discharge,eV/atom,False,charge_summary_density_atomic,relaxed_structure_summary,relaxed_structure,L0,The relaxed-structure summary is not target-defining for this target.,RULE_SAFE_STRUCTURE,feature::charge_summary_density_atomic -> target::stability_discharge,True,False,True,True,True
stability_discharge,eV/atom,False,charge_summary_energy_above_hull,post_dft_energy_stability_summary,post_dft_thermodynamics,L2,Endpoint hull/stability descriptors define or directly reconstruct stability targets.,RULE_HULL_STABILITY,feature::charge_summary_energy_above_hull -> concept::hull_stability -> target::stability_discharge,True,False,False,False,True
stability_discharge,eV/atom,False,charge_summary_formation_energy_per_atom,post_dft_energy_stability_summary,post_dft_thermodynamics,L4,Formation energy is post-DFT adjacent to stability but is not the direct hull target.,RULE_FORMATION_ENERGY_STABILITY,feature::charge_summary_formation_energy_per_atom -> concept::post_dft_thermodynamics -> target::stability_discharge,True,False,False,True,True
stability_discharge,eV/atom,False,charge_summary_is_metal,post_dft_electronic_summary,post_dft_electronic,L4,The electronic descriptor is generated in the same post-DFT record and is decision-support only.,RULE_POST_DFT_ELECTRONIC,feature::charge_summary_is_metal -> concept::post_dft_record -> target::stability_discharge,True,False,False,True,True
stability_discharge,eV/atom,False,charge_summary_is_stable,post_dft_energy_stability_summary,post_dft_thermodynamics,L2,Endpoint hull/stability descriptors define or directly reconstruct stability targets.,RULE_HULL_STABILITY,feature::charge_summary_is_stable -> concept::hull_stability -> target::stability_discharge,True,False,False,False,True
stability_discharge,eV/atom,False,charge_summary_nsites,relaxed_structure_summary,relaxed_structure,L0,The relaxed-structure summary is not target-defining for this target.,RULE_SAFE_STRUCTURE,feature::charge_summary_nsites -> target::stability_discharge,True,False,True,True,True
stability_discharge,eV/atom,False,charge_summary_symmetry_number,relaxed_structure_summary,relaxed_structure,L0,The relaxed-structure summary is not target-defining for this target.,RULE_SAFE_STRUCTURE,feature::charge_summary_symmetry_number -> target::stability_discharge,True,False,True,True,True
stability_discharge,eV/atom,False,charge_summary_theoretical,post_dft_provenance_flag,post_dft_provenance,L4,The provenance flag is available only from the post-DFT record.,RULE_POST_DFT_PROVENANCE,feature::charge_summary_theoretical -> concept::post_dft_record -> target::stability_discharge,True,False,False,False,True
stability_discharge,eV/atom,False,charge_summary_volume,relaxed_structure_summary,relaxed_structure,L0,The relaxed-structure summary is not target-defining for this target.,RULE_SAFE_STRUCTURE,feature::charge_summary_volume -> target::stability_discharge,True,False,True,True,True
stability_discharge,eV/atom,False,charge_summary_volume_per_site,relaxed_structure_summary,relaxed_structure,L0,The relaxed-structure summary is not target-defining for this target.,RULE_SAFE_STRUCTURE,feature::charge_summary_volume_per_site -> target::stability_discharge,True,False,True,True,True
stability_discharge,eV/atom,False,discharge_formula_X_max,stoichiometric_window,electrode_state_stoichiometry,L0,No direct target dependency is identified for this target.,RULE_SAFE_DEFAULT,feature::discharge_formula_X_max -> target::stability_discharge,True,False,False,False,True
stability_discharge,eV/atom,False,discharge_formula_X_mean,stoichiometric_window,electrode_state_stoichiometry,L0,No direct target dependency is identified for this target.,RULE_SAFE_DEFAULT,feature::discharge_formula_X_mean -> target::stability_discharge,True,False,False,False,True
stability_discharge,eV/atom,False,discharge_formula_X_min,stoichiometric_window,electrode_state_stoichiometry,L0,No direct target dependency is identified for this target.,RULE_SAFE_DEFAULT,feature::discharge_formula_X_min -> target::stability_discharge,True,False,False,False,True
stability_discharge,eV/atom,False,discharge_formula_X_range,stoichiometric_window,electrode_state_stoichiometry,L0,No direct target dependency is identified for this target.,RULE_SAFE_DEFAULT,feature::discharge_formula_X_range -> target::stability_discharge,True,False,False,False,True
stability_discharge,eV/atom,False,discharge_formula_X_std,stoichiometric_window,electrode_state_stoichiometry,L0,No direct target dependency is identified for this target.,RULE_SAFE_DEFAULT,feature::discharge_formula_X_std -> target::stability_discharge,True,False,False,False,True
stability_discharge,eV/atom,False,discharge_formula_Z_max,stoichiometric_window,electrode_state_stoichiometry,L0,No direct target dependency is identified for this target.,RULE_SAFE_DEFAULT,feature::discharge_formula_Z_max -> target::stability_discharge,True,False,False,False,True
stability_discharge,eV/atom,False,discharge_formula_Z_mean,stoichiometric_window,electrode_state_stoichiometry,L0,No direct target dependency is identified for this target.,RULE_SAFE_DEFAULT,feature::discharge_formula_Z_mean -> target::stability_discharge,True,False,False,False,True
stability_discharge,eV/atom,False,discharge_formula_Z_min,stoichiometric_window,electrode_state_stoichiometry,L0,No direct target dependency is identified for this target.,RULE_SAFE_DEFAULT,feature::discharge_formula_Z_min -> target::stability_discharge,True,False,False,False,True
stability_discharge,eV/atom,False,discharge_formula_Z_range,stoichiometric_window,electrode_state_stoichiometry,L0,No direct target dependency is identified for this target.,RULE_SAFE_DEFAULT,feature::discharge_formula_Z_range -> target::stability_discharge,True,False,False,False,True
stability_discharge,eV/atom,False,discharge_formula_Z_std,stoichiometric_window,electrode_state_stoichiometry,L0,No direct target dependency is identified for this target.,RULE_SAFE_DEFAULT,feature::discharge_formula_Z_std -> target::stability_discharge,True,False,False,False,True
stability_discharge,eV/atom,False,discharge_formula_atomic_mass_max,stoichiometric_window,electrode_state_stoichiometry,L0,No direct target dependency is identified for this target.,RULE_SAFE_DEFAULT,feature::discharge_formula_atomic_mass_max -> target::stability_discharge,True,False,False,False,True
stability_discharge,eV/atom,False,discharge_formula_atomic_mass_mean,stoichiometric_window,electrode_state_stoichiometry,L0,No direct target dependency is identified for this target.,RULE_SAFE_DEFAULT,feature::discharge_formula_atomic_mass_mean -> target::stability_discharge,True,False,False,False,True
stability_discharge,eV/atom,False,discharge_formula_atomic_mass_min,stoichiometric_window,electrode_state_stoichiometry,L0,No direct target dependency is identified for this target.,RULE_SAFE_DEFAULT,feature::discharge_formula_atomic_mass_min -> target::stability_discharge,True,False,False,False,True
stability_discharge,eV/atom,False,discharge_formula_atomic_mass_range,stoichiometric_window,electrode_state_stoichiometry,L0,No direct target dependency is identified for this target.,RULE_SAFE_DEFAULT,feature::discharge_formula_atomic_mass_range -> target::stability_discharge,True,False,False,False,True
stability_discharge,eV/atom,False,discharge_formula_atomic_mass_std,stoichiometric_window,electrode_state_stoichiometry,L0,No direct target dependency is identified for this target.,RULE_SAFE_DEFAULT,feature::discharge_formula_atomic_mass_std -> target::stability_discharge,True,False,False,False,True
stability_discharge,eV/atom,False,discharge_formula_frac_Ag,stoichiometric_window,electrode_state_stoichiometry,L0,No direct target dependency is identified for this target.,RULE_SAFE_DEFAULT,feature::discharge_formula_frac_Ag -> target::stability_discharge,True,False,False,False,True
stability_discharge,eV/atom,False,discharge_formula_frac_Al,stoichiometric_window,electrode_state_stoichiometry,L0,No direct target dependency is identified for this target.,RULE_SAFE_DEFAULT,feature::discharge_formula_frac_Al -> target::stability_discharge,True,False,False,False,True
stability_discharge,eV/atom,False,discharge_formula_frac_As,stoichiometric_window,electrode_state_stoichiometry,L0,No direct target dependency is identified for this target.,RULE_SAFE_DEFAULT,feature::discharge_formula_frac_As -> target::stability_discharge,True,False,False,False,True
stability_discharge,eV/atom,False,discharge_formula_frac_B,stoichiometric_window,electrode_state_stoichiometry,L0,No direct target dependency is identified for this target.,RULE_SAFE_DEFAULT,feature::discharge_formula_frac_B -> target::stability_discharge,True,False,False,False,True
stability_discharge,eV/atom,False,discharge_formula_frac_Br,stoichiometric_window,electrode_state_stoichiometry,L0,No direct target dependency is identified for this target.,RULE_SAFE_DEFAULT,feature::discharge_formula_frac_Br -> target::stability_discharge,True,False,False,False,True
stability_discharge,eV/atom,False,discharge_formula_frac_C,stoichiometric_window,electrode_state_stoichiometry,L0,No direct target dependency is identified for this target.,RULE_SAFE_DEFAULT,feature::discharge_formula_frac_C -> target::stability_discharge,True,False,False,False,True
stability_discharge,eV/atom,False,discharge_formula_frac_Ca,stoichiometric_window,electrode_state_stoichiometry,L0,No direct target dependency is identified for this target.,RULE_SAFE_DEFAULT,feature::discharge_formula_frac_Ca -> target::stability_discharge,True,False,False,False,True
stability_discharge,eV/atom,False,discharge_formula_frac_Cl,stoichiometric_window,electrode_state_stoichiometry,L0,No direct target dependency is identified for this target.,RULE_SAFE_DEFAULT,feature::discharge_formula_frac_Cl -> target::stability_discharge,True,False,False,False,True
stability_discharge,eV/atom,False,discharge_formula_frac_Co,stoichiometric_window,electrode_state_stoichiometry,L0,No direct target dependency is identified for this target.,RULE_SAFE_DEFAULT,feature::discharge_formula_frac_Co -> target::stability_discharge,True,False,False,False,True
stability_discharge,eV/atom,False,discharge_formula_frac_Cr,stoichiometric_window,electrode_state_stoichiometry,L0,No direct target dependency is identified for this target.,RULE_SAFE_DEFAULT,feature::discharge_formula_frac_Cr -> target::stability_discharge,True,False,False,False,True
stability_discharge,eV/atom,False,discharge_formula_frac_Cu,stoichiometric_window,electrode_state_stoichiometry,L0,No direct target dependency is identified for this target.,RULE_SAFE_DEFAULT,feature::discharge_formula_frac_Cu -> target::stability_discharge,True,False,False,False,True
stability_discharge,eV/atom,False,discharge_formula_frac_F,stoichiometric_window,electrode_state_stoichiometry,L0,No direct target dependency is identified for this target.,RULE_SAFE_DEFAULT,feature::discharge_formula_frac_F -> target::stability_discharge,True,False,False,False,True
stability_discharge,eV/atom,False,discharge_formula_frac_Fe,stoichiometric_window,electrode_state_stoichiometry,L0,No direct target dependency is identified for this target.,RULE_SAFE_DEFAULT,feature::discharge_formula_frac_Fe -> target::stability_discharge,True,False,False,False,True
stability_discharge,eV/atom,False,discharge_formula_frac_I,stoichiometric_window,electrode_state_stoichiometry,L0,No direct target dependency is identified for this target.,RULE_SAFE_DEFAULT,feature::discharge_formula_frac_I -> target::stability_discharge,True,False,False,False,True
stability_discharge,eV/atom,False,discharge_formula_frac_K,stoichiometric_window,electrode_state_stoichiometry,L0,No direct target dependency is identified for this target.,RULE_SAFE_DEFAULT,feature::discharge_formula_frac_K -> target::stability_discharge,True,False,False,False,True
stability_discharge,eV/atom,False,discharge_formula_frac_Li,stoichiometric_window,electrode_state_stoichiometry,L0,No direct target dependency is identified for this target.,RULE_SAFE_DEFAULT,feature::discharge_formula_frac_Li -> target::stability_discharge,True,False,False,False,True
stability_discharge,eV/atom,False,discharge_formula_frac_Mg,stoichiometric_window,electrode_state_stoichiometry,L0,No direct target dependency is identified for this target.,RULE_SAFE_DEFAULT,feature::discharge_formula_frac_Mg -> target::stability_discharge,True,False,False,False,True
stability_discharge,eV/atom,False,discharge_formula_frac_Mn,stoichiometric_window,electrode_state_stoichiometry,L0,No direct target dependency is identified for this target.,RULE_SAFE_DEFAULT,feature::discharge_formula_frac_Mn -> target::stability_discharge,True,False,False,False,True
stability_discharge,eV/atom,False,discharge_formula_frac_N,stoichiometric_window,electrode_state_stoichiometry,L0,No direct target dependency is identified for this target.,RULE_SAFE_DEFAULT,feature::discharge_formula_frac_N -> target::stability_discharge,True,False,False,False,True
stability_discharge,eV/atom,False,discharge_formula_frac_Na,stoichiometric_window,electrode_state_stoichiometry,L0,No direct target dependency is identified for this target.,RULE_SAFE_DEFAULT,feature::discharge_formula_frac_Na -> target::stability_discharge,True,False,False,False,True
stability_discharge,eV/atom,False,discharge_formula_frac_Ni,stoichiometric_window,electrode_state_stoichiometry,L0,No direct target dependency is identified for this target.,RULE_SAFE_DEFAULT,feature::discharge_formula_frac_Ni -> target::stability_discharge,True,False,False,False,True
stability_discharge,eV/atom,False,discharge_formula_frac_O,stoichiometric_window,electrode_state_stoichiometry,L0,No direct target dependency is identified for this target.,RULE_SAFE_DEFAULT,feature::discharge_formula_frac_O -> target::stability_discharge,True,False,False,False,True
stability_discharge,eV/atom,False,discharge_formula_frac_P,stoichiometric_window,electrode_state_stoichiometry,L0,No direct target dependency is identified for this target.,RULE_SAFE_DEFAULT,feature::discharge_formula_frac_P -> target::stability_discharge,True,False,False,False,True
stability_discharge,eV/atom,False,discharge_formula_frac_S,stoichiometric_window,electrode_state_stoichiometry,L0,No direct target dependency is identified for this target.,RULE_SAFE_DEFAULT,feature::discharge_formula_frac_S -> target::stability_discharge,True,False,False,False,True
stability_discharge,eV/atom,False,discharge_formula_frac_Si,stoichiometric_window,electrode_state_stoichiometry,L0,No direct target dependency is identified for this target.,RULE_SAFE_DEFAULT,feature::discharge_formula_frac_Si -> target::stability_discharge,True,False,False,False,True
stability_discharge,eV/atom,False,discharge_formula_frac_Ti,stoichiometric_window,electrode_state_stoichiometry,L0,No direct target dependency is identified for this target.,RULE_SAFE_DEFAULT,feature::discharge_formula_frac_Ti -> target::stability_discharge,True,False,False,False,True
stability_discharge,eV/atom,False,discharge_formula_frac_V,stoichiometric_window,electrode_state_stoichiometry,L0,No direct target dependency is identified for this target.,RULE_SAFE_DEFAULT,feature::discharge_formula_frac_V -> target::stability_discharge,True,False,False,False,True
stability_discharge,eV/atom,False,discharge_formula_frac_Zn,stoichiometric_window,electrode_state_stoichiometry,L0,No direct target dependency is identified for this target.,RULE_SAFE_DEFAULT,feature::discharge_formula_frac_Zn -> target::stability_discharge,True,False,False,False,True
stability_discharge,eV/atom,False,discharge_formula_frac_transition_metals,stoichiometric_window,electrode_state_stoichiometry,L0,No direct target dependency is identified for this target.,RULE_SAFE_DEFAULT,feature::discharge_formula_frac_transition_metals -> target::stability_discharge,True,False,False,False,True
stability_discharge,eV/atom,False,discharge_formula_group_max,stoichiometric_window,electrode_state_stoichiometry,L0,No direct target dependency is identified for this target.,RULE_SAFE_DEFAULT,feature::discharge_formula_group_max -> target::stability_discharge,True,False,False,False,True
stability_discharge,eV/atom,False,discharge_formula_group_mean,stoichiometric_window,electrode_state_stoichiometry,L0,No direct target dependency is identified for this target.,RULE_SAFE_DEFAULT,feature::discharge_formula_group_mean -> target::stability_discharge,True,False,False,False,True
stability_discharge,eV/atom,False,discharge_formula_group_min,stoichiometric_window,electrode_state_stoichiometry,L0,No direct target dependency is identified for this target.,RULE_SAFE_DEFAULT,feature::discharge_formula_group_min -> target::stability_discharge,True,False,False,False,True
stability_discharge,eV/atom,False,discharge_formula_group_range,stoichiometric_window,electrode_state_stoichiometry,L0,No direct target dependency is identified for this target.,RULE_SAFE_DEFAULT,feature::discharge_formula_group_range -> target::stability_discharge,True,False,False,False,True
stability_discharge,eV/atom,False,discharge_formula_group_std,stoichiometric_window,electrode_state_stoichiometry,L0,No direct target dependency is identified for this target.,RULE_SAFE_DEFAULT,feature::discharge_formula_group_std -> target::stability_discharge,True,False,False,False,True
stability_discharge,eV/atom,False,discharge_formula_has_Br,stoichiometric_window,electrode_state_stoichiometry,L0,No direct target dependency is identified for this target.,RULE_SAFE_DEFAULT,feature::discharge_formula_has_Br -> target::stability_discharge,True,False,False,False,True
stability_discharge,eV/atom,False,discharge_formula_has_C,stoichiometric_window,electrode_state_stoichiometry,L0,No direct target dependency is identified for this target.,RULE_SAFE_DEFAULT,feature::discharge_formula_has_C -> target::stability_discharge,True,False,False,False,True
stability_discharge,eV/atom,False,discharge_formula_has_Cl,stoichiometric_window,electrode_state_stoichiometry,L0,No direct target dependency is identified for this target.,RULE_SAFE_DEFAULT,feature::discharge_formula_has_Cl -> target::stability_discharge,True,False,False,False,True
stability_discharge,eV/atom,False,discharge_formula_has_F,stoichiometric_window,electrode_state_stoichiometry,L0,No direct target dependency is identified for this target.,RULE_SAFE_DEFAULT,feature::discharge_formula_has_F -> target::stability_discharge,True,False,False,False,True
stability_discharge,eV/atom,False,discharge_formula_has_I,stoichiometric_window,electrode_state_stoichiometry,L0,No direct target dependency is identified for this target.,RULE_SAFE_DEFAULT,feature::discharge_formula_has_I -> target::stability_discharge,True,False,False,False,True
stability_discharge,eV/atom,False,discharge_formula_has_N,stoichiometric_window,electrode_state_stoichiometry,L0,No direct target dependency is identified for this target.,RULE_SAFE_DEFAULT,feature::discharge_formula_has_N -> target::stability_discharge,True,False,False,False,True
stability_discharge,eV/atom,False,discharge_formula_has_O,stoichiometric_window,electrode_state_stoichiometry,L0,No direct target dependency is identified for this target.,RULE_SAFE_DEFAULT,feature::discharge_formula_has_O -> target::stability_discharge,True,False,False,False,True
stability_discharge,eV/atom,False,discharge_formula_has_P,stoichiometric_window,electrode_state_stoichiometry,L0,No direct target dependency is identified for this target.,RULE_SAFE_DEFAULT,feature::discharge_formula_has_P -> target::stability_discharge,True,False,False,False,True
stability_discharge,eV/atom,False,discharge_formula_has_S,stoichiometric_window,electrode_state_stoichiometry,L0,No direct target dependency is identified for this target.,RULE_SAFE_DEFAULT,feature::discharge_formula_has_S -> target::stability_discharge,True,False,False,False,True
stability_discharge,eV/atom,False,discharge_formula_has_Si,stoichiometric_window,electrode_state_stoichiometry,L0,No direct target dependency is identified for this target.,RULE_SAFE_DEFAULT,feature::discharge_formula_has_Si -> target::stability_discharge,True,False,False,False,True
stability_discharge,eV/atom,False,discharge_formula_n_atoms,stoichiometric_window,electrode_state_stoichiometry,L0,No direct target dependency is identified for this target.,RULE_SAFE_DEFAULT,feature::discharge_formula_n_atoms -> target::stability_discharge,True,False,False,False,True
stability_discharge,eV/atom,False,discharge_formula_n_elements,stoichiometric_window,electrode_state_stoichiometry,L0,No direct target dependency is identified for this target.,RULE_SAFE_DEFAULT,feature::discharge_formula_n_elements -> target::stability_discharge,True,False,False,False,True
stability_discharge,eV/atom,False,discharge_formula_n_transition_metals,stoichiometric_window,electrode_state_stoichiometry,L0,No direct target dependency is identified for this target.,RULE_SAFE_DEFAULT,feature::discharge_formula_n_transition_metals -> target::stability_discharge,True,False,False,False,True
stability_discharge,eV/atom,False,discharge_formula_parse_ok,stoichiometric_window,electrode_state_stoichiometry,L0,No direct target dependency is identified for this target.,RULE_SAFE_DEFAULT,feature::discharge_formula_parse_ok -> target::stability_discharge,True,False,False,False,True
stability_discharge,eV/atom,False,discharge_formula_row_max,stoichiometric_window,electrode_state_stoichiometry,L0,No direct target dependency is identified for this target.,RULE_SAFE_DEFAULT,feature::discharge_formula_row_max -> target::stability_discharge,True,False,False,False,True
stability_discharge,eV/atom,False,discharge_formula_row_mean,stoichiometric_window,electrode_state_stoichiometry,L0,No direct target dependency is identified for this target.,RULE_SAFE_DEFAULT,feature::discharge_formula_row_mean -> target::stability_discharge,True,False,False,False,True
stability_discharge,eV/atom,False,discharge_formula_row_min,stoichiometric_window,electrode_state_stoichiometry,L0,No direct target dependency is identified for this target.,RULE_SAFE_DEFAULT,feature::discharge_formula_row_min -> target::stability_discharge,True,False,False,False,True
stability_discharge,eV/atom,False,discharge_formula_row_range,stoichiometric_window,electrode_state_stoichiometry,L0,No direct target dependency is identified for this target.,RULE_SAFE_DEFAULT,feature::discharge_formula_row_range -> target::stability_discharge,True,False,False,False,True
stability_discharge,eV/atom,False,discharge_formula_row_std,stoichiometric_window,electrode_state_stoichiometry,L0,No direct target dependency is identified for this target.,RULE_SAFE_DEFAULT,feature::discharge_formula_row_std -> target::stability_discharge,True,False,False,False,True
stability_discharge,eV/atom,False,discharge_summary_band_gap,post_dft_electronic_summary,post_dft_electronic,L4,The electronic descriptor is generated in the same post-DFT record and is decision-support only.,RULE_POST_DFT_ELECTRONIC,feature::discharge_summary_band_gap -> concept::post_dft_record -> target::stability_discharge,True,False,False,True,True
stability_discharge,eV/atom,False,discharge_summary_density,relaxed_structure_summary,relaxed_structure,L0,The relaxed-structure summary is not target-defining for this target.,RULE_SAFE_STRUCTURE,feature::discharge_summary_density -> target::stability_discharge,True,False,True,True,True
stability_discharge,eV/atom,False,discharge_summary_density_atomic,relaxed_structure_summary,relaxed_structure,L0,The relaxed-structure summary is not target-defining for this target.,RULE_SAFE_STRUCTURE,feature::discharge_summary_density_atomic -> target::stability_discharge,True,False,True,True,True
stability_discharge,eV/atom,False,discharge_summary_energy_above_hull,post_dft_energy_stability_summary,post_dft_thermodynamics,L2,Endpoint hull/stability descriptors define or directly reconstruct stability targets.,RULE_HULL_STABILITY,feature::discharge_summary_energy_above_hull -> concept::hull_stability -> target::stability_discharge,True,False,False,False,True
stability_discharge,eV/atom,False,discharge_summary_formation_energy_per_atom,post_dft_energy_stability_summary,post_dft_thermodynamics,L4,Formation energy is post-DFT adjacent to stability but is not the direct hull target.,RULE_FORMATION_ENERGY_STABILITY,feature::discharge_summary_formation_energy_per_atom -> concept::post_dft_thermodynamics -> target::stability_discharge,True,False,False,True,True
stability_discharge,eV/atom,False,discharge_summary_is_metal,post_dft_electronic_summary,post_dft_electronic,L4,The electronic descriptor is generated in the same post-DFT record and is decision-support only.,RULE_POST_DFT_ELECTRONIC,feature::discharge_summary_is_metal -> concept::post_dft_record -> target::stability_discharge,True,False,False,True,True
stability_discharge,eV/atom,False,discharge_summary_is_stable,post_dft_energy_stability_summary,post_dft_thermodynamics,L2,Endpoint hull/stability descriptors define or directly reconstruct stability targets.,RULE_HULL_STABILITY,feature::discharge_summary_is_stable -> concept::hull_stability -> target::stability_discharge,True,False,False,False,True
stability_discharge,eV/atom,False,discharge_summary_nsites,relaxed_structure_summary,relaxed_structure,L0,The relaxed-structure summary is not target-defining for this target.,RULE_SAFE_STRUCTURE,feature::discharge_summary_nsites -> target::stability_discharge,True,False,True,True,True
stability_discharge,eV/atom,False,discharge_summary_symmetry_number,relaxed_structure_summary,relaxed_structure,L0,The relaxed-structure summary is not target-defining for this target.,RULE_SAFE_STRUCTURE,feature::discharge_summary_symmetry_number -> target::stability_discharge,True,False,True,True,True
stability_discharge,eV/atom,False,discharge_summary_theoretical,post_dft_provenance_flag,post_dft_provenance,L4,The provenance flag is available only from the post-DFT record.,RULE_POST_DFT_PROVENANCE,feature::discharge_summary_theoretical -> concept::post_dft_record -> target::stability_discharge,True,False,False,False,True
stability_discharge,eV/atom,False,discharge_summary_volume,relaxed_structure_summary,relaxed_structure,L0,The relaxed-structure summary is not target-defining for this target.,RULE_SAFE_STRUCTURE,feature::discharge_summary_volume -> target::stability_discharge,True,False,True,True,True
stability_discharge,eV/atom,False,discharge_summary_volume_per_site,relaxed_structure_summary,relaxed_structure,L0,The relaxed-structure summary is not target-defining for this target.,RULE_SAFE_STRUCTURE,feature::discharge_summary_volume_per_site -> target::stability_discharge,True,False,True,True,True
stability_discharge,eV/atom,False,energy_grav,stored_electrode_target,stored_electrode_record,L4,A different stored electrode property is available only as a post-hoc computed-record descriptor.,RULE_OTHER_STORED_TARGET,feature::energy_grav -> concept::stored_electrode_record -> target::stability_discharge,True,False,False,False,True
stability_discharge,eV/atom,False,energy_vol,stored_electrode_target,stored_electrode_record,L4,A different stored electrode property is available only as a post-hoc computed-record descriptor.,RULE_OTHER_STORED_TARGET,feature::energy_vol -> concept::stored_electrode_record -> target::stability_discharge,True,False,False,False,True
stability_discharge,eV/atom,False,fracA_charge,stoichiometric_window,electrode_state_stoichiometry,L0,No direct target dependency is identified for this target.,RULE_SAFE_DEFAULT,feature::fracA_charge -> target::stability_discharge,True,False,False,False,True
stability_discharge,eV/atom,False,fracA_discharge,stoichiometric_window,electrode_state_stoichiometry,L0,No direct target dependency is identified for this target.,RULE_SAFE_DEFAULT,feature::fracA_discharge -> target::stability_discharge,True,False,False,False,True
stability_discharge,eV/atom,False,max_delta_volume,stored_electrode_target,stored_electrode_record,L4,A different stored electrode property is available only as a post-hoc computed-record descriptor.,RULE_OTHER_STORED_TARGET,feature::max_delta_volume -> concept::stored_electrode_record -> target::stability_discharge,True,False,False,False,True
stability_discharge,eV/atom,False,max_voltage_step,stored_electrode_process_descriptor,stored_electrode_record,L0,No direct target dependency is identified for this target.,RULE_SAFE_DEFAULT,feature::max_voltage_step -> target::stability_discharge,True,False,False,True,True
stability_discharge,eV/atom,False,num_steps,stored_electrode_process_descriptor,stored_electrode_record,L0,No direct target dependency is identified for this target.,RULE_SAFE_DEFAULT,feature::num_steps -> target::stability_discharge,True,False,False,True,True
stability_discharge,eV/atom,False,stability_charge,stored_electrode_target,stored_electrode_record,L2,Endpoint and worst-case stability values are definitionally linked.,RULE_STABILITY_AGGREGATION,feature::stability_charge -> concept::stability_aggregation -> target::stability_discharge,True,False,False,False,True
stability_discharge,eV/atom,False,stability_discharge,stored_electrode_target,stored_electrode_record,L1,The feature is the exact target column.,RULE_DIRECT_TARGET,feature::stability_discharge -> target::stability_discharge,False,False,False,False,True
stability_discharge,eV/atom,False,stability_worst,stored_electrode_target,stored_electrode_record,L2,Endpoint and worst-case stability values are definitionally linked.,RULE_STABILITY_AGGREGATION,feature::stability_worst -> concept::stability_aggregation -> target::stability_discharge,True,False,False,False,True
stability_discharge,eV/atom,False,stoich_abs_wi_amount_delta,stoichiometric_window,electrode_state_stoichiometry,L0,No direct target dependency is identified for this target.,RULE_SAFE_DEFAULT,feature::stoich_abs_wi_amount_delta -> target::stability_discharge,True,False,False,False,True
stability_discharge,eV/atom,False,stoich_wi_amount_charge,stoichiometric_window,electrode_state_stoichiometry,L0,No direct target dependency is identified for this target.,RULE_SAFE_DEFAULT,feature::stoich_wi_amount_charge -> target::stability_discharge,True,False,False,False,True
stability_discharge,eV/atom,False,stoich_wi_amount_delta,stoichiometric_window,electrode_state_stoichiometry,L0,No direct target dependency is identified for this target.,RULE_SAFE_DEFAULT,feature::stoich_wi_amount_delta -> target::stability_discharge,True,False,False,False,True
stability_discharge,eV/atom,False,stoich_wi_amount_discharge,stoichiometric_window,electrode_state_stoichiometry,L0,No direct target dependency is identified for this target.,RULE_SAFE_DEFAULT,feature::stoich_wi_amount_discharge -> target::stability_discharge,True,False,False,False,True
stability_discharge,eV/atom,False,stored_abs_fracA_delta,other_numeric,derived_miscellaneous,L0,No direct target dependency is identified for this target.,RULE_SAFE_DEFAULT,feature::stored_abs_fracA_delta -> target::stability_discharge,True,False,False,False,True
stability_discharge,eV/atom,False,stored_fracA_delta,stoichiometric_window,electrode_state_stoichiometry,L0,No direct target dependency is identified for this target.,RULE_SAFE_DEFAULT,feature::stored_fracA_delta -> target::stability_discharge,True,False,False,False,True
stability_discharge,eV/atom,False,summary_abs_delta_band_gap,post_dft_electronic_summary,post_dft_electronic,L4,The electronic descriptor is generated in the same post-DFT record and is decision-support only.,RULE_POST_DFT_ELECTRONIC,feature::summary_abs_delta_band_gap -> concept::post_dft_record -> target::stability_discharge,True,False,False,True,True
stability_discharge,eV/atom,False,summary_abs_delta_density,relaxed_structure_summary,relaxed_structure,L0,The relaxed-structure summary is not target-defining for this target.,RULE_SAFE_STRUCTURE,feature::summary_abs_delta_density -> target::stability_discharge,True,False,True,True,True
stability_discharge,eV/atom,False,summary_abs_delta_density_atomic,relaxed_structure_summary,relaxed_structure,L0,The relaxed-structure summary is not target-defining for this target.,RULE_SAFE_STRUCTURE,feature::summary_abs_delta_density_atomic -> target::stability_discharge,True,False,True,True,True
stability_discharge,eV/atom,False,summary_abs_delta_energy_above_hull,post_dft_energy_stability_summary,post_dft_thermodynamics,L2,Endpoint hull/stability descriptors define or directly reconstruct stability targets.,RULE_HULL_STABILITY,feature::summary_abs_delta_energy_above_hull -> concept::hull_stability -> target::stability_discharge,True,False,False,False,True
stability_discharge,eV/atom,False,summary_abs_delta_formation_energy_per_atom,post_dft_energy_stability_summary,post_dft_thermodynamics,L4,Formation energy is post-DFT adjacent to stability but is not the direct hull target.,RULE_FORMATION_ENERGY_STABILITY,feature::summary_abs_delta_formation_energy_per_atom -> concept::post_dft_thermodynamics -> target::stability_discharge,True,False,False,True,True
stability_discharge,eV/atom,False,summary_abs_delta_volume_fraction,relaxed_structure_summary,relaxed_structure,L0,The relaxed-structure summary is not target-defining for this target.,RULE_SAFE_STRUCTURE,feature::summary_abs_delta_volume_fraction -> target::stability_discharge,True,False,True,True,True
stability_discharge,eV/atom,False,summary_abs_delta_volume_per_site,relaxed_structure_summary,relaxed_structure,L0,The relaxed-structure summary is not target-defining for this target.,RULE_SAFE_STRUCTURE,feature::summary_abs_delta_volume_per_site -> target::stability_discharge,True,False,True,True,True
stability_discharge,eV/atom,False,summary_delta_band_gap,post_dft_electronic_summary,post_dft_electronic,L4,The electronic descriptor is generated in the same post-DFT record and is decision-support only.,RULE_POST_DFT_ELECTRONIC,feature::summary_delta_band_gap -> concept::post_dft_record -> target::stability_discharge,True,False,False,True,True
stability_discharge,eV/atom,False,summary_delta_density,relaxed_structure_summary,relaxed_structure,L0,The relaxed-structure summary is not target-defining for this target.,RULE_SAFE_STRUCTURE,feature::summary_delta_density -> target::stability_discharge,True,False,True,True,True
stability_discharge,eV/atom,False,summary_delta_density_atomic,relaxed_structure_summary,relaxed_structure,L0,The relaxed-structure summary is not target-defining for this target.,RULE_SAFE_STRUCTURE,feature::summary_delta_density_atomic -> target::stability_discharge,True,False,True,True,True
stability_discharge,eV/atom,False,summary_delta_energy_above_hull,post_dft_energy_stability_summary,post_dft_thermodynamics,L2,Endpoint hull/stability descriptors define or directly reconstruct stability targets.,RULE_HULL_STABILITY,feature::summary_delta_energy_above_hull -> concept::hull_stability -> target::stability_discharge,True,False,False,False,True
stability_discharge,eV/atom,False,summary_delta_formation_energy_per_atom,post_dft_energy_stability_summary,post_dft_thermodynamics,L4,Formation energy is post-DFT adjacent to stability but is not the direct hull target.,RULE_FORMATION_ENERGY_STABILITY,feature::summary_delta_formation_energy_per_atom -> concept::post_dft_thermodynamics -> target::stability_discharge,True,False,False,True,True
stability_discharge,eV/atom,False,summary_delta_volume_fraction,relaxed_structure_summary,relaxed_structure,L0,The relaxed-structure summary is not target-defining for this target.,RULE_SAFE_STRUCTURE,feature::summary_delta_volume_fraction -> target::stability_discharge,True,False,True,True,True
stability_discharge,eV/atom,False,summary_delta_volume_per_site,relaxed_structure_summary,relaxed_structure,L0,The relaxed-structure summary is not target-defining for this target.,RULE_SAFE_STRUCTURE,feature::summary_delta_volume_per_site -> target::stability_discharge,True,False,True,True,True
stability_discharge,eV/atom,False,summary_worst_energy_above_hull,post_dft_energy_stability_summary,post_dft_thermodynamics,L2,Endpoint hull/stability descriptors define or directly reconstruct stability targets.,RULE_HULL_STABILITY,feature::summary_worst_energy_above_hull -> concept::hull_stability -> target::stability_discharge,True,False,False,False,True
stability_discharge,eV/atom,False,wi_is_K,domain_label_onehot,validation_only,L5,Working-ion/domain labels encode validation-domain membership and must be controlled by split design.,RULE_DOMAIN_LABEL,feature::wi_is_K -> concept::validation_domain -> target::stability_discharge,False,False,False,False,False
stability_discharge,eV/atom,False,wi_is_Li,domain_label_onehot,validation_only,L5,Working-ion/domain labels encode validation-domain membership and must be controlled by split design.,RULE_DOMAIN_LABEL,feature::wi_is_Li -> concept::validation_domain -> target::stability_discharge,False,False,False,False,False
stability_discharge,eV/atom,False,wi_is_Na,domain_label_onehot,validation_only,L5,Working-ion/domain labels encode validation-domain membership and must be controlled by split design.,RULE_DOMAIN_LABEL,feature::wi_is_Na -> concept::validation_domain -> target::stability_discharge,False,False,False,False,False
stability_worst,eV/atom,True,average_voltage,stored_electrode_target,stored_electrode_record,L4,A different stored electrode property is available only as a post-hoc computed-record descriptor.,RULE_OTHER_STORED_TARGET,feature::average_voltage -> concept::stored_electrode_record -> target::stability_worst,True,False,False,False,True
stability_worst,eV/atom,True,capacity_grav,stored_electrode_target,stored_electrode_record,L4,A different stored electrode property is available only as a post-hoc computed-record descriptor.,RULE_OTHER_STORED_TARGET,feature::capacity_grav -> concept::stored_electrode_record -> target::stability_worst,True,False,False,False,True
stability_worst,eV/atom,True,capacity_vol,stored_electrode_target,stored_electrode_record,L4,A different stored electrode property is available only as a post-hoc computed-record descriptor.,RULE_OTHER_STORED_TARGET,feature::capacity_vol -> concept::stored_electrode_record -> target::stability_worst,True,False,False,False,True
stability_worst,eV/atom,True,charge_formula_X_max,stoichiometric_window,electrode_state_stoichiometry,L0,No direct target dependency is identified for this target.,RULE_SAFE_DEFAULT,feature::charge_formula_X_max -> target::stability_worst,True,False,False,False,True
stability_worst,eV/atom,True,charge_formula_X_mean,stoichiometric_window,electrode_state_stoichiometry,L0,No direct target dependency is identified for this target.,RULE_SAFE_DEFAULT,feature::charge_formula_X_mean -> target::stability_worst,True,False,False,False,True
stability_worst,eV/atom,True,charge_formula_X_min,stoichiometric_window,electrode_state_stoichiometry,L0,No direct target dependency is identified for this target.,RULE_SAFE_DEFAULT,feature::charge_formula_X_min -> target::stability_worst,True,False,False,False,True
stability_worst,eV/atom,True,charge_formula_X_range,stoichiometric_window,electrode_state_stoichiometry,L0,No direct target dependency is identified for this target.,RULE_SAFE_DEFAULT,feature::charge_formula_X_range -> target::stability_worst,True,False,False,False,True
stability_worst,eV/atom,True,charge_formula_X_std,stoichiometric_window,electrode_state_stoichiometry,L0,No direct target dependency is identified for this target.,RULE_SAFE_DEFAULT,feature::charge_formula_X_std -> target::stability_worst,True,False,False,False,True
stability_worst,eV/atom,True,charge_formula_Z_max,stoichiometric_window,electrode_state_stoichiometry,L0,No direct target dependency is identified for this target.,RULE_SAFE_DEFAULT,feature::charge_formula_Z_max -> target::stability_worst,True,False,False,False,True
stability_worst,eV/atom,True,charge_formula_Z_mean,stoichiometric_window,electrode_state_stoichiometry,L0,No direct target dependency is identified for this target.,RULE_SAFE_DEFAULT,feature::charge_formula_Z_mean -> target::stability_worst,True,False,False,False,True
stability_worst,eV/atom,True,charge_formula_Z_min,stoichiometric_window,electrode_state_stoichiometry,L0,No direct target dependency is identified for this target.,RULE_SAFE_DEFAULT,feature::charge_formula_Z_min -> target::stability_worst,True,False,False,False,True
stability_worst,eV/atom,True,charge_formula_Z_range,stoichiometric_window,electrode_state_stoichiometry,L0,No direct target dependency is identified for this target.,RULE_SAFE_DEFAULT,feature::charge_formula_Z_range -> target::stability_worst,True,False,False,False,True
stability_worst,eV/atom,True,charge_formula_Z_std,stoichiometric_window,electrode_state_stoichiometry,L0,No direct target dependency is identified for this target.,RULE_SAFE_DEFAULT,feature::charge_formula_Z_std -> target::stability_worst,True,False,False,False,True
stability_worst,eV/atom,True,charge_formula_atomic_mass_max,stoichiometric_window,electrode_state_stoichiometry,L0,No direct target dependency is identified for this target.,RULE_SAFE_DEFAULT,feature::charge_formula_atomic_mass_max -> target::stability_worst,True,False,False,False,True
stability_worst,eV/atom,True,charge_formula_atomic_mass_mean,stoichiometric_window,electrode_state_stoichiometry,L0,No direct target dependency is identified for this target.,RULE_SAFE_DEFAULT,feature::charge_formula_atomic_mass_mean -> target::stability_worst,True,False,False,False,True
stability_worst,eV/atom,True,charge_formula_atomic_mass_min,stoichiometric_window,electrode_state_stoichiometry,L0,No direct target dependency is identified for this target.,RULE_SAFE_DEFAULT,feature::charge_formula_atomic_mass_min -> target::stability_worst,True,False,False,False,True
stability_worst,eV/atom,True,charge_formula_atomic_mass_range,stoichiometric_window,electrode_state_stoichiometry,L0,No direct target dependency is identified for this target.,RULE_SAFE_DEFAULT,feature::charge_formula_atomic_mass_range -> target::stability_worst,True,False,False,False,True
stability_worst,eV/atom,True,charge_formula_atomic_mass_std,stoichiometric_window,electrode_state_stoichiometry,L0,No direct target dependency is identified for this target.,RULE_SAFE_DEFAULT,feature::charge_formula_atomic_mass_std -> target::stability_worst,True,False,False,False,True
stability_worst,eV/atom,True,charge_formula_frac_Ag,stoichiometric_window,electrode_state_stoichiometry,L0,No direct target dependency is identified for this target.,RULE_SAFE_DEFAULT,feature::charge_formula_frac_Ag -> target::stability_worst,True,False,False,False,True
stability_worst,eV/atom,True,charge_formula_frac_Al,stoichiometric_window,electrode_state_stoichiometry,L0,No direct target dependency is identified for this target.,RULE_SAFE_DEFAULT,feature::charge_formula_frac_Al -> target::stability_worst,True,False,False,False,True
stability_worst,eV/atom,True,charge_formula_frac_As,stoichiometric_window,electrode_state_stoichiometry,L0,No direct target dependency is identified for this target.,RULE_SAFE_DEFAULT,feature::charge_formula_frac_As -> target::stability_worst,True,False,False,False,True
stability_worst,eV/atom,True,charge_formula_frac_B,stoichiometric_window,electrode_state_stoichiometry,L0,No direct target dependency is identified for this target.,RULE_SAFE_DEFAULT,feature::charge_formula_frac_B -> target::stability_worst,True,False,False,False,True
stability_worst,eV/atom,True,charge_formula_frac_Br,stoichiometric_window,electrode_state_stoichiometry,L0,No direct target dependency is identified for this target.,RULE_SAFE_DEFAULT,feature::charge_formula_frac_Br -> target::stability_worst,True,False,False,False,True
stability_worst,eV/atom,True,charge_formula_frac_C,stoichiometric_window,electrode_state_stoichiometry,L0,No direct target dependency is identified for this target.,RULE_SAFE_DEFAULT,feature::charge_formula_frac_C -> target::stability_worst,True,False,False,False,True
stability_worst,eV/atom,True,charge_formula_frac_Ca,stoichiometric_window,electrode_state_stoichiometry,L0,No direct target dependency is identified for this target.,RULE_SAFE_DEFAULT,feature::charge_formula_frac_Ca -> target::stability_worst,True,False,False,False,True
stability_worst,eV/atom,True,charge_formula_frac_Cl,stoichiometric_window,electrode_state_stoichiometry,L0,No direct target dependency is identified for this target.,RULE_SAFE_DEFAULT,feature::charge_formula_frac_Cl -> target::stability_worst,True,False,False,False,True
stability_worst,eV/atom,True,charge_formula_frac_Co,stoichiometric_window,electrode_state_stoichiometry,L0,No direct target dependency is identified for this target.,RULE_SAFE_DEFAULT,feature::charge_formula_frac_Co -> target::stability_worst,True,False,False,False,True
stability_worst,eV/atom,True,charge_formula_frac_Cr,stoichiometric_window,electrode_state_stoichiometry,L0,No direct target dependency is identified for this target.,RULE_SAFE_DEFAULT,feature::charge_formula_frac_Cr -> target::stability_worst,True,False,False,False,True
stability_worst,eV/atom,True,charge_formula_frac_Cu,stoichiometric_window,electrode_state_stoichiometry,L0,No direct target dependency is identified for this target.,RULE_SAFE_DEFAULT,feature::charge_formula_frac_Cu -> target::stability_worst,True,False,False,False,True
stability_worst,eV/atom,True,charge_formula_frac_F,stoichiometric_window,electrode_state_stoichiometry,L0,No direct target dependency is identified for this target.,RULE_SAFE_DEFAULT,feature::charge_formula_frac_F -> target::stability_worst,True,False,False,False,True
stability_worst,eV/atom,True,charge_formula_frac_Fe,stoichiometric_window,electrode_state_stoichiometry,L0,No direct target dependency is identified for this target.,RULE_SAFE_DEFAULT,feature::charge_formula_frac_Fe -> target::stability_worst,True,False,False,False,True
stability_worst,eV/atom,True,charge_formula_frac_I,stoichiometric_window,electrode_state_stoichiometry,L0,No direct target dependency is identified for this target.,RULE_SAFE_DEFAULT,feature::charge_formula_frac_I -> target::stability_worst,True,False,False,False,True
stability_worst,eV/atom,True,charge_formula_frac_K,stoichiometric_window,electrode_state_stoichiometry,L0,No direct target dependency is identified for this target.,RULE_SAFE_DEFAULT,feature::charge_formula_frac_K -> target::stability_worst,True,False,False,False,True
stability_worst,eV/atom,True,charge_formula_frac_Li,stoichiometric_window,electrode_state_stoichiometry,L0,No direct target dependency is identified for this target.,RULE_SAFE_DEFAULT,feature::charge_formula_frac_Li -> target::stability_worst,True,False,False,False,True
stability_worst,eV/atom,True,charge_formula_frac_Mg,stoichiometric_window,electrode_state_stoichiometry,L0,No direct target dependency is identified for this target.,RULE_SAFE_DEFAULT,feature::charge_formula_frac_Mg -> target::stability_worst,True,False,False,False,True
stability_worst,eV/atom,True,charge_formula_frac_Mn,stoichiometric_window,electrode_state_stoichiometry,L0,No direct target dependency is identified for this target.,RULE_SAFE_DEFAULT,feature::charge_formula_frac_Mn -> target::stability_worst,True,False,False,False,True
stability_worst,eV/atom,True,charge_formula_frac_N,stoichiometric_window,electrode_state_stoichiometry,L0,No direct target dependency is identified for this target.,RULE_SAFE_DEFAULT,feature::charge_formula_frac_N -> target::stability_worst,True,False,False,False,True
stability_worst,eV/atom,True,charge_formula_frac_Na,stoichiometric_window,electrode_state_stoichiometry,L0,No direct target dependency is identified for this target.,RULE_SAFE_DEFAULT,feature::charge_formula_frac_Na -> target::stability_worst,True,False,False,False,True
stability_worst,eV/atom,True,charge_formula_frac_Ni,stoichiometric_window,electrode_state_stoichiometry,L0,No direct target dependency is identified for this target.,RULE_SAFE_DEFAULT,feature::charge_formula_frac_Ni -> target::stability_worst,True,False,False,False,True
stability_worst,eV/atom,True,charge_formula_frac_O,stoichiometric_window,electrode_state_stoichiometry,L0,No direct target dependency is identified for this target.,RULE_SAFE_DEFAULT,feature::charge_formula_frac_O -> target::stability_worst,True,False,False,False,True
stability_worst,eV/atom,True,charge_formula_frac_P,stoichiometric_window,electrode_state_stoichiometry,L0,No direct target dependency is identified for this target.,RULE_SAFE_DEFAULT,feature::charge_formula_frac_P -> target::stability_worst,True,False,False,False,True
stability_worst,eV/atom,True,charge_formula_frac_S,stoichiometric_window,electrode_state_stoichiometry,L0,No direct target dependency is identified for this target.,RULE_SAFE_DEFAULT,feature::charge_formula_frac_S -> target::stability_worst,True,False,False,False,True
stability_worst,eV/atom,True,charge_formula_frac_Si,stoichiometric_window,electrode_state_stoichiometry,L0,No direct target dependency is identified for this target.,RULE_SAFE_DEFAULT,feature::charge_formula_frac_Si -> target::stability_worst,True,False,False,False,True
stability_worst,eV/atom,True,charge_formula_frac_Ti,stoichiometric_window,electrode_state_stoichiometry,L0,No direct target dependency is identified for this target.,RULE_SAFE_DEFAULT,feature::charge_formula_frac_Ti -> target::stability_worst,True,False,False,False,True
stability_worst,eV/atom,True,charge_formula_frac_V,stoichiometric_window,electrode_state_stoichiometry,L0,No direct target dependency is identified for this target.,RULE_SAFE_DEFAULT,feature::charge_formula_frac_V -> target::stability_worst,True,False,False,False,True
stability_worst,eV/atom,True,charge_formula_frac_Zn,stoichiometric_window,electrode_state_stoichiometry,L0,No direct target dependency is identified for this target.,RULE_SAFE_DEFAULT,feature::charge_formula_frac_Zn -> target::stability_worst,True,False,False,False,True
stability_worst,eV/atom,True,charge_formula_frac_transition_metals,stoichiometric_window,electrode_state_stoichiometry,L0,No direct target dependency is identified for this target.,RULE_SAFE_DEFAULT,feature::charge_formula_frac_transition_metals -> target::stability_worst,True,False,False,False,True
stability_worst,eV/atom,True,charge_formula_group_max,stoichiometric_window,electrode_state_stoichiometry,L0,No direct target dependency is identified for this target.,RULE_SAFE_DEFAULT,feature::charge_formula_group_max -> target::stability_worst,True,False,False,False,True
stability_worst,eV/atom,True,charge_formula_group_mean,stoichiometric_window,electrode_state_stoichiometry,L0,No direct target dependency is identified for this target.,RULE_SAFE_DEFAULT,feature::charge_formula_group_mean -> target::stability_worst,True,False,False,False,True
stability_worst,eV/atom,True,charge_formula_group_min,stoichiometric_window,electrode_state_stoichiometry,L0,No direct target dependency is identified for this target.,RULE_SAFE_DEFAULT,feature::charge_formula_group_min -> target::stability_worst,True,False,False,False,True
stability_worst,eV/atom,True,charge_formula_group_range,stoichiometric_window,electrode_state_stoichiometry,L0,No direct target dependency is identified for this target.,RULE_SAFE_DEFAULT,feature::charge_formula_group_range -> target::stability_worst,True,False,False,False,True
stability_worst,eV/atom,True,charge_formula_group_std,stoichiometric_window,electrode_state_stoichiometry,L0,No direct target dependency is identified for this target.,RULE_SAFE_DEFAULT,feature::charge_formula_group_std -> target::stability_worst,True,False,False,False,True
stability_worst,eV/atom,True,charge_formula_has_Br,stoichiometric_window,electrode_state_stoichiometry,L0,No direct target dependency is identified for this target.,RULE_SAFE_DEFAULT,feature::charge_formula_has_Br -> target::stability_worst,True,False,False,False,True
stability_worst,eV/atom,True,charge_formula_has_C,stoichiometric_window,electrode_state_stoichiometry,L0,No direct target dependency is identified for this target.,RULE_SAFE_DEFAULT,feature::charge_formula_has_C -> target::stability_worst,True,False,False,False,True
stability_worst,eV/atom,True,charge_formula_has_Cl,stoichiometric_window,electrode_state_stoichiometry,L0,No direct target dependency is identified for this target.,RULE_SAFE_DEFAULT,feature::charge_formula_has_Cl -> target::stability_worst,True,False,False,False,True
stability_worst,eV/atom,True,charge_formula_has_F,stoichiometric_window,electrode_state_stoichiometry,L0,No direct target dependency is identified for this target.,RULE_SAFE_DEFAULT,feature::charge_formula_has_F -> target::stability_worst,True,False,False,False,True
stability_worst,eV/atom,True,charge_formula_has_I,stoichiometric_window,electrode_state_stoichiometry,L0,No direct target dependency is identified for this target.,RULE_SAFE_DEFAULT,feature::charge_formula_has_I -> target::stability_worst,True,False,False,False,True
stability_worst,eV/atom,True,charge_formula_has_N,stoichiometric_window,electrode_state_stoichiometry,L0,No direct target dependency is identified for this target.,RULE_SAFE_DEFAULT,feature::charge_formula_has_N -> target::stability_worst,True,False,False,False,True
stability_worst,eV/atom,True,charge_formula_has_O,stoichiometric_window,electrode_state_stoichiometry,L0,No direct target dependency is identified for this target.,RULE_SAFE_DEFAULT,feature::charge_formula_has_O -> target::stability_worst,True,False,False,False,True
stability_worst,eV/atom,True,charge_formula_has_P,stoichiometric_window,electrode_state_stoichiometry,L0,No direct target dependency is identified for this target.,RULE_SAFE_DEFAULT,feature::charge_formula_has_P -> target::stability_worst,True,False,False,False,True
stability_worst,eV/atom,True,charge_formula_has_S,stoichiometric_window,electrode_state_stoichiometry,L0,No direct target dependency is identified for this target.,RULE_SAFE_DEFAULT,feature::charge_formula_has_S -> target::stability_worst,True,False,False,False,True
stability_worst,eV/atom,True,charge_formula_has_Si,stoichiometric_window,electrode_state_stoichiometry,L0,No direct target dependency is identified for this target.,RULE_SAFE_DEFAULT,feature::charge_formula_has_Si -> target::stability_worst,True,False,False,False,True
stability_worst,eV/atom,True,charge_formula_n_atoms,stoichiometric_window,electrode_state_stoichiometry,L0,No direct target dependency is identified for this target.,RULE_SAFE_DEFAULT,feature::charge_formula_n_atoms -> target::stability_worst,True,False,False,False,True
stability_worst,eV/atom,True,charge_formula_n_elements,stoichiometric_window,electrode_state_stoichiometry,L0,No direct target dependency is identified for this target.,RULE_SAFE_DEFAULT,feature::charge_formula_n_elements -> target::stability_worst,True,False,False,False,True
stability_worst,eV/atom,True,charge_formula_n_transition_metals,stoichiometric_window,electrode_state_stoichiometry,L0,No direct target dependency is identified for this target.,RULE_SAFE_DEFAULT,feature::charge_formula_n_transition_metals -> target::stability_worst,True,False,False,False,True
stability_worst,eV/atom,True,charge_formula_parse_ok,stoichiometric_window,electrode_state_stoichiometry,L0,No direct target dependency is identified for this target.,RULE_SAFE_DEFAULT,feature::charge_formula_parse_ok -> target::stability_worst,True,False,False,False,True
stability_worst,eV/atom,True,charge_formula_row_max,stoichiometric_window,electrode_state_stoichiometry,L0,No direct target dependency is identified for this target.,RULE_SAFE_DEFAULT,feature::charge_formula_row_max -> target::stability_worst,True,False,False,False,True
stability_worst,eV/atom,True,charge_formula_row_mean,stoichiometric_window,electrode_state_stoichiometry,L0,No direct target dependency is identified for this target.,RULE_SAFE_DEFAULT,feature::charge_formula_row_mean -> target::stability_worst,True,False,False,False,True
stability_worst,eV/atom,True,charge_formula_row_min,stoichiometric_window,electrode_state_stoichiometry,L0,No direct target dependency is identified for this target.,RULE_SAFE_DEFAULT,feature::charge_formula_row_min -> target::stability_worst,True,False,False,False,True
stability_worst,eV/atom,True,charge_formula_row_range,stoichiometric_window,electrode_state_stoichiometry,L0,No direct target dependency is identified for this target.,RULE_SAFE_DEFAULT,feature::charge_formula_row_range -> target::stability_worst,True,False,False,False,True
stability_worst,eV/atom,True,charge_formula_row_std,stoichiometric_window,electrode_state_stoichiometry,L0,No direct target dependency is identified for this target.,RULE_SAFE_DEFAULT,feature::charge_formula_row_std -> target::stability_worst,True,False,False,False,True
stability_worst,eV/atom,True,charge_summary_band_gap,post_dft_electronic_summary,post_dft_electronic,L4,The electronic descriptor is generated in the same post-DFT record and is decision-support only.,RULE_POST_DFT_ELECTRONIC,feature::charge_summary_band_gap -> concept::post_dft_record -> target::stability_worst,True,False,False,True,True
stability_worst,eV/atom,True,charge_summary_density,relaxed_structure_summary,relaxed_structure,L0,The relaxed-structure summary is not target-defining for this target.,RULE_SAFE_STRUCTURE,feature::charge_summary_density -> target::stability_worst,True,False,True,True,True
stability_worst,eV/atom,True,charge_summary_density_atomic,relaxed_structure_summary,relaxed_structure,L0,The relaxed-structure summary is not target-defining for this target.,RULE_SAFE_STRUCTURE,feature::charge_summary_density_atomic -> target::stability_worst,True,False,True,True,True
stability_worst,eV/atom,True,charge_summary_energy_above_hull,post_dft_energy_stability_summary,post_dft_thermodynamics,L2,Endpoint hull/stability descriptors define or directly reconstruct stability targets.,RULE_HULL_STABILITY,feature::charge_summary_energy_above_hull -> concept::hull_stability -> target::stability_worst,True,False,False,False,True
stability_worst,eV/atom,True,charge_summary_formation_energy_per_atom,post_dft_energy_stability_summary,post_dft_thermodynamics,L4,Formation energy is post-DFT adjacent to stability but is not the direct hull target.,RULE_FORMATION_ENERGY_STABILITY,feature::charge_summary_formation_energy_per_atom -> concept::post_dft_thermodynamics -> target::stability_worst,True,False,False,True,True
stability_worst,eV/atom,True,charge_summary_is_metal,post_dft_electronic_summary,post_dft_electronic,L4,The electronic descriptor is generated in the same post-DFT record and is decision-support only.,RULE_POST_DFT_ELECTRONIC,feature::charge_summary_is_metal -> concept::post_dft_record -> target::stability_worst,True,False,False,True,True
stability_worst,eV/atom,True,charge_summary_is_stable,post_dft_energy_stability_summary,post_dft_thermodynamics,L2,Endpoint hull/stability descriptors define or directly reconstruct stability targets.,RULE_HULL_STABILITY,feature::charge_summary_is_stable -> concept::hull_stability -> target::stability_worst,True,False,False,False,True
stability_worst,eV/atom,True,charge_summary_nsites,relaxed_structure_summary,relaxed_structure,L0,The relaxed-structure summary is not target-defining for this target.,RULE_SAFE_STRUCTURE,feature::charge_summary_nsites -> target::stability_worst,True,False,True,True,True
stability_worst,eV/atom,True,charge_summary_symmetry_number,relaxed_structure_summary,relaxed_structure,L0,The relaxed-structure summary is not target-defining for this target.,RULE_SAFE_STRUCTURE,feature::charge_summary_symmetry_number -> target::stability_worst,True,False,True,True,True
stability_worst,eV/atom,True,charge_summary_theoretical,post_dft_provenance_flag,post_dft_provenance,L4,The provenance flag is available only from the post-DFT record.,RULE_POST_DFT_PROVENANCE,feature::charge_summary_theoretical -> concept::post_dft_record -> target::stability_worst,True,False,False,False,True
stability_worst,eV/atom,True,charge_summary_volume,relaxed_structure_summary,relaxed_structure,L0,The relaxed-structure summary is not target-defining for this target.,RULE_SAFE_STRUCTURE,feature::charge_summary_volume -> target::stability_worst,True,False,True,True,True
stability_worst,eV/atom,True,charge_summary_volume_per_site,relaxed_structure_summary,relaxed_structure,L0,The relaxed-structure summary is not target-defining for this target.,RULE_SAFE_STRUCTURE,feature::charge_summary_volume_per_site -> target::stability_worst,True,False,True,True,True
stability_worst,eV/atom,True,discharge_formula_X_max,stoichiometric_window,electrode_state_stoichiometry,L0,No direct target dependency is identified for this target.,RULE_SAFE_DEFAULT,feature::discharge_formula_X_max -> target::stability_worst,True,False,False,False,True
stability_worst,eV/atom,True,discharge_formula_X_mean,stoichiometric_window,electrode_state_stoichiometry,L0,No direct target dependency is identified for this target.,RULE_SAFE_DEFAULT,feature::discharge_formula_X_mean -> target::stability_worst,True,False,False,False,True
stability_worst,eV/atom,True,discharge_formula_X_min,stoichiometric_window,electrode_state_stoichiometry,L0,No direct target dependency is identified for this target.,RULE_SAFE_DEFAULT,feature::discharge_formula_X_min -> target::stability_worst,True,False,False,False,True
stability_worst,eV/atom,True,discharge_formula_X_range,stoichiometric_window,electrode_state_stoichiometry,L0,No direct target dependency is identified for this target.,RULE_SAFE_DEFAULT,feature::discharge_formula_X_range -> target::stability_worst,True,False,False,False,True
stability_worst,eV/atom,True,discharge_formula_X_std,stoichiometric_window,electrode_state_stoichiometry,L0,No direct target dependency is identified for this target.,RULE_SAFE_DEFAULT,feature::discharge_formula_X_std -> target::stability_worst,True,False,False,False,True
stability_worst,eV/atom,True,discharge_formula_Z_max,stoichiometric_window,electrode_state_stoichiometry,L0,No direct target dependency is identified for this target.,RULE_SAFE_DEFAULT,feature::discharge_formula_Z_max -> target::stability_worst,True,False,False,False,True
stability_worst,eV/atom,True,discharge_formula_Z_mean,stoichiometric_window,electrode_state_stoichiometry,L0,No direct target dependency is identified for this target.,RULE_SAFE_DEFAULT,feature::discharge_formula_Z_mean -> target::stability_worst,True,False,False,False,True
stability_worst,eV/atom,True,discharge_formula_Z_min,stoichiometric_window,electrode_state_stoichiometry,L0,No direct target dependency is identified for this target.,RULE_SAFE_DEFAULT,feature::discharge_formula_Z_min -> target::stability_worst,True,False,False,False,True
stability_worst,eV/atom,True,discharge_formula_Z_range,stoichiometric_window,electrode_state_stoichiometry,L0,No direct target dependency is identified for this target.,RULE_SAFE_DEFAULT,feature::discharge_formula_Z_range -> target::stability_worst,True,False,False,False,True
stability_worst,eV/atom,True,discharge_formula_Z_std,stoichiometric_window,electrode_state_stoichiometry,L0,No direct target dependency is identified for this target.,RULE_SAFE_DEFAULT,feature::discharge_formula_Z_std -> target::stability_worst,True,False,False,False,True
stability_worst,eV/atom,True,discharge_formula_atomic_mass_max,stoichiometric_window,electrode_state_stoichiometry,L0,No direct target dependency is identified for this target.,RULE_SAFE_DEFAULT,feature::discharge_formula_atomic_mass_max -> target::stability_worst,True,False,False,False,True
stability_worst,eV/atom,True,discharge_formula_atomic_mass_mean,stoichiometric_window,electrode_state_stoichiometry,L0,No direct target dependency is identified for this target.,RULE_SAFE_DEFAULT,feature::discharge_formula_atomic_mass_mean -> target::stability_worst,True,False,False,False,True
stability_worst,eV/atom,True,discharge_formula_atomic_mass_min,stoichiometric_window,electrode_state_stoichiometry,L0,No direct target dependency is identified for this target.,RULE_SAFE_DEFAULT,feature::discharge_formula_atomic_mass_min -> target::stability_worst,True,False,False,False,True
stability_worst,eV/atom,True,discharge_formula_atomic_mass_range,stoichiometric_window,electrode_state_stoichiometry,L0,No direct target dependency is identified for this target.,RULE_SAFE_DEFAULT,feature::discharge_formula_atomic_mass_range -> target::stability_worst,True,False,False,False,True
stability_worst,eV/atom,True,discharge_formula_atomic_mass_std,stoichiometric_window,electrode_state_stoichiometry,L0,No direct target dependency is identified for this target.,RULE_SAFE_DEFAULT,feature::discharge_formula_atomic_mass_std -> target::stability_worst,True,False,False,False,True
stability_worst,eV/atom,True,discharge_formula_frac_Ag,stoichiometric_window,electrode_state_stoichiometry,L0,No direct target dependency is identified for this target.,RULE_SAFE_DEFAULT,feature::discharge_formula_frac_Ag -> target::stability_worst,True,False,False,False,True
stability_worst,eV/atom,True,discharge_formula_frac_Al,stoichiometric_window,electrode_state_stoichiometry,L0,No direct target dependency is identified for this target.,RULE_SAFE_DEFAULT,feature::discharge_formula_frac_Al -> target::stability_worst,True,False,False,False,True
stability_worst,eV/atom,True,discharge_formula_frac_As,stoichiometric_window,electrode_state_stoichiometry,L0,No direct target dependency is identified for this target.,RULE_SAFE_DEFAULT,feature::discharge_formula_frac_As -> target::stability_worst,True,False,False,False,True
stability_worst,eV/atom,True,discharge_formula_frac_B,stoichiometric_window,electrode_state_stoichiometry,L0,No direct target dependency is identified for this target.,RULE_SAFE_DEFAULT,feature::discharge_formula_frac_B -> target::stability_worst,True,False,False,False,True
stability_worst,eV/atom,True,discharge_formula_frac_Br,stoichiometric_window,electrode_state_stoichiometry,L0,No direct target dependency is identified for this target.,RULE_SAFE_DEFAULT,feature::discharge_formula_frac_Br -> target::stability_worst,True,False,False,False,True
stability_worst,eV/atom,True,discharge_formula_frac_C,stoichiometric_window,electrode_state_stoichiometry,L0,No direct target dependency is identified for this target.,RULE_SAFE_DEFAULT,feature::discharge_formula_frac_C -> target::stability_worst,True,False,False,False,True
stability_worst,eV/atom,True,discharge_formula_frac_Ca,stoichiometric_window,electrode_state_stoichiometry,L0,No direct target dependency is identified for this target.,RULE_SAFE_DEFAULT,feature::discharge_formula_frac_Ca -> target::stability_worst,True,False,False,False,True
stability_worst,eV/atom,True,discharge_formula_frac_Cl,stoichiometric_window,electrode_state_stoichiometry,L0,No direct target dependency is identified for this target.,RULE_SAFE_DEFAULT,feature::discharge_formula_frac_Cl -> target::stability_worst,True,False,False,False,True
stability_worst,eV/atom,True,discharge_formula_frac_Co,stoichiometric_window,electrode_state_stoichiometry,L0,No direct target dependency is identified for this target.,RULE_SAFE_DEFAULT,feature::discharge_formula_frac_Co -> target::stability_worst,True,False,False,False,True
stability_worst,eV/atom,True,discharge_formula_frac_Cr,stoichiometric_window,electrode_state_stoichiometry,L0,No direct target dependency is identified for this target.,RULE_SAFE_DEFAULT,feature::discharge_formula_frac_Cr -> target::stability_worst,True,False,False,False,True
stability_worst,eV/atom,True,discharge_formula_frac_Cu,stoichiometric_window,electrode_state_stoichiometry,L0,No direct target dependency is identified for this target.,RULE_SAFE_DEFAULT,feature::discharge_formula_frac_Cu -> target::stability_worst,True,False,False,False,True
stability_worst,eV/atom,True,discharge_formula_frac_F,stoichiometric_window,electrode_state_stoichiometry,L0,No direct target dependency is identified for this target.,RULE_SAFE_DEFAULT,feature::discharge_formula_frac_F -> target::stability_worst,True,False,False,False,True
stability_worst,eV/atom,True,discharge_formula_frac_Fe,stoichiometric_window,electrode_state_stoichiometry,L0,No direct target dependency is identified for this target.,RULE_SAFE_DEFAULT,feature::discharge_formula_frac_Fe -> target::stability_worst,True,False,False,False,True
stability_worst,eV/atom,True,discharge_formula_frac_I,stoichiometric_window,electrode_state_stoichiometry,L0,No direct target dependency is identified for this target.,RULE_SAFE_DEFAULT,feature::discharge_formula_frac_I -> target::stability_worst,True,False,False,False,True
stability_worst,eV/atom,True,discharge_formula_frac_K,stoichiometric_window,electrode_state_stoichiometry,L0,No direct target dependency is identified for this target.,RULE_SAFE_DEFAULT,feature::discharge_formula_frac_K -> target::stability_worst,True,False,False,False,True
stability_worst,eV/atom,True,discharge_formula_frac_Li,stoichiometric_window,electrode_state_stoichiometry,L0,No direct target dependency is identified for this target.,RULE_SAFE_DEFAULT,feature::discharge_formula_frac_Li -> target::stability_worst,True,False,False,False,True
stability_worst,eV/atom,True,discharge_formula_frac_Mg,stoichiometric_window,electrode_state_stoichiometry,L0,No direct target dependency is identified for this target.,RULE_SAFE_DEFAULT,feature::discharge_formula_frac_Mg -> target::stability_worst,True,False,False,False,True
stability_worst,eV/atom,True,discharge_formula_frac_Mn,stoichiometric_window,electrode_state_stoichiometry,L0,No direct target dependency is identified for this target.,RULE_SAFE_DEFAULT,feature::discharge_formula_frac_Mn -> target::stability_worst,True,False,False,False,True
stability_worst,eV/atom,True,discharge_formula_frac_N,stoichiometric_window,electrode_state_stoichiometry,L0,No direct target dependency is identified for this target.,RULE_SAFE_DEFAULT,feature::discharge_formula_frac_N -> target::stability_worst,True,False,False,False,True
stability_worst,eV/atom,True,discharge_formula_frac_Na,stoichiometric_window,electrode_state_stoichiometry,L0,No direct target dependency is identified for this target.,RULE_SAFE_DEFAULT,feature::discharge_formula_frac_Na -> target::stability_worst,True,False,False,False,True
stability_worst,eV/atom,True,discharge_formula_frac_Ni,stoichiometric_window,electrode_state_stoichiometry,L0,No direct target dependency is identified for this target.,RULE_SAFE_DEFAULT,feature::discharge_formula_frac_Ni -> target::stability_worst,True,False,False,False,True
stability_worst,eV/atom,True,discharge_formula_frac_O,stoichiometric_window,electrode_state_stoichiometry,L0,No direct target dependency is identified for this target.,RULE_SAFE_DEFAULT,feature::discharge_formula_frac_O -> target::stability_worst,True,False,False,False,True
stability_worst,eV/atom,True,discharge_formula_frac_P,stoichiometric_window,electrode_state_stoichiometry,L0,No direct target dependency is identified for this target.,RULE_SAFE_DEFAULT,feature::discharge_formula_frac_P -> target::stability_worst,True,False,False,False,True
stability_worst,eV/atom,True,discharge_formula_frac_S,stoichiometric_window,electrode_state_stoichiometry,L0,No direct target dependency is identified for this target.,RULE_SAFE_DEFAULT,feature::discharge_formula_frac_S -> target::stability_worst,True,False,False,False,True
stability_worst,eV/atom,True,discharge_formula_frac_Si,stoichiometric_window,electrode_state_stoichiometry,L0,No direct target dependency is identified for this target.,RULE_SAFE_DEFAULT,feature::discharge_formula_frac_Si -> target::stability_worst,True,False,False,False,True
stability_worst,eV/atom,True,discharge_formula_frac_Ti,stoichiometric_window,electrode_state_stoichiometry,L0,No direct target dependency is identified for this target.,RULE_SAFE_DEFAULT,feature::discharge_formula_frac_Ti -> target::stability_worst,True,False,False,False,True
stability_worst,eV/atom,True,discharge_formula_frac_V,stoichiometric_window,electrode_state_stoichiometry,L0,No direct target dependency is identified for this target.,RULE_SAFE_DEFAULT,feature::discharge_formula_frac_V -> target::stability_worst,True,False,False,False,True
stability_worst,eV/atom,True,discharge_formula_frac_Zn,stoichiometric_window,electrode_state_stoichiometry,L0,No direct target dependency is identified for this target.,RULE_SAFE_DEFAULT,feature::discharge_formula_frac_Zn -> target::stability_worst,True,False,False,False,True
stability_worst,eV/atom,True,discharge_formula_frac_transition_metals,stoichiometric_window,electrode_state_stoichiometry,L0,No direct target dependency is identified for this target.,RULE_SAFE_DEFAULT,feature::discharge_formula_frac_transition_metals -> target::stability_worst,True,False,False,False,True
stability_worst,eV/atom,True,discharge_formula_group_max,stoichiometric_window,electrode_state_stoichiometry,L0,No direct target dependency is identified for this target.,RULE_SAFE_DEFAULT,feature::discharge_formula_group_max -> target::stability_worst,True,False,False,False,True
stability_worst,eV/atom,True,discharge_formula_group_mean,stoichiometric_window,electrode_state_stoichiometry,L0,No direct target dependency is identified for this target.,RULE_SAFE_DEFAULT,feature::discharge_formula_group_mean -> target::stability_worst,True,False,False,False,True
stability_worst,eV/atom,True,discharge_formula_group_min,stoichiometric_window,electrode_state_stoichiometry,L0,No direct target dependency is identified for this target.,RULE_SAFE_DEFAULT,feature::discharge_formula_group_min -> target::stability_worst,True,False,False,False,True
stability_worst,eV/atom,True,discharge_formula_group_range,stoichiometric_window,electrode_state_stoichiometry,L0,No direct target dependency is identified for this target.,RULE_SAFE_DEFAULT,feature::discharge_formula_group_range -> target::stability_worst,True,False,False,False,True
stability_worst,eV/atom,True,discharge_formula_group_std,stoichiometric_window,electrode_state_stoichiometry,L0,No direct target dependency is identified for this target.,RULE_SAFE_DEFAULT,feature::discharge_formula_group_std -> target::stability_worst,True,False,False,False,True
stability_worst,eV/atom,True,discharge_formula_has_Br,stoichiometric_window,electrode_state_stoichiometry,L0,No direct target dependency is identified for this target.,RULE_SAFE_DEFAULT,feature::discharge_formula_has_Br -> target::stability_worst,True,False,False,False,True
stability_worst,eV/atom,True,discharge_formula_has_C,stoichiometric_window,electrode_state_stoichiometry,L0,No direct target dependency is identified for this target.,RULE_SAFE_DEFAULT,feature::discharge_formula_has_C -> target::stability_worst,True,False,False,False,True
stability_worst,eV/atom,True,discharge_formula_has_Cl,stoichiometric_window,electrode_state_stoichiometry,L0,No direct target dependency is identified for this target.,RULE_SAFE_DEFAULT,feature::discharge_formula_has_Cl -> target::stability_worst,True,False,False,False,True
stability_worst,eV/atom,True,discharge_formula_has_F,stoichiometric_window,electrode_state_stoichiometry,L0,No direct target dependency is identified for this target.,RULE_SAFE_DEFAULT,feature::discharge_formula_has_F -> target::stability_worst,True,False,False,False,True
stability_worst,eV/atom,True,discharge_formula_has_I,stoichiometric_window,electrode_state_stoichiometry,L0,No direct target dependency is identified for this target.,RULE_SAFE_DEFAULT,feature::discharge_formula_has_I -> target::stability_worst,True,False,False,False,True
stability_worst,eV/atom,True,discharge_formula_has_N,stoichiometric_window,electrode_state_stoichiometry,L0,No direct target dependency is identified for this target.,RULE_SAFE_DEFAULT,feature::discharge_formula_has_N -> target::stability_worst,True,False,False,False,True
stability_worst,eV/atom,True,discharge_formula_has_O,stoichiometric_window,electrode_state_stoichiometry,L0,No direct target dependency is identified for this target.,RULE_SAFE_DEFAULT,feature::discharge_formula_has_O -> target::stability_worst,True,False,False,False,True
stability_worst,eV/atom,True,discharge_formula_has_P,stoichiometric_window,electrode_state_stoichiometry,L0,No direct target dependency is identified for this target.,RULE_SAFE_DEFAULT,feature::discharge_formula_has_P -> target::stability_worst,True,False,False,False,True
stability_worst,eV/atom,True,discharge_formula_has_S,stoichiometric_window,electrode_state_stoichiometry,L0,No direct target dependency is identified for this target.,RULE_SAFE_DEFAULT,feature::discharge_formula_has_S -> target::stability_worst,True,False,False,False,True
stability_worst,eV/atom,True,discharge_formula_has_Si,stoichiometric_window,electrode_state_stoichiometry,L0,No direct target dependency is identified for this target.,RULE_SAFE_DEFAULT,feature::discharge_formula_has_Si -> target::stability_worst,True,False,False,False,True
stability_worst,eV/atom,True,discharge_formula_n_atoms,stoichiometric_window,electrode_state_stoichiometry,L0,No direct target dependency is identified for this target.,RULE_SAFE_DEFAULT,feature::discharge_formula_n_atoms -> target::stability_worst,True,False,False,False,True
stability_worst,eV/atom,True,discharge_formula_n_elements,stoichiometric_window,electrode_state_stoichiometry,L0,No direct target dependency is identified for this target.,RULE_SAFE_DEFAULT,feature::discharge_formula_n_elements -> target::stability_worst,True,False,False,False,True
stability_worst,eV/atom,True,discharge_formula_n_transition_metals,stoichiometric_window,electrode_state_stoichiometry,L0,No direct target dependency is identified for this target.,RULE_SAFE_DEFAULT,feature::discharge_formula_n_transition_metals -> target::stability_worst,True,False,False,False,True
stability_worst,eV/atom,True,discharge_formula_parse_ok,stoichiometric_window,electrode_state_stoichiometry,L0,No direct target dependency is identified for this target.,RULE_SAFE_DEFAULT,feature::discharge_formula_parse_ok -> target::stability_worst,True,False,False,False,True
stability_worst,eV/atom,True,discharge_formula_row_max,stoichiometric_window,electrode_state_stoichiometry,L0,No direct target dependency is identified for this target.,RULE_SAFE_DEFAULT,feature::discharge_formula_row_max -> target::stability_worst,True,False,False,False,True
stability_worst,eV/atom,True,discharge_formula_row_mean,stoichiometric_window,electrode_state_stoichiometry,L0,No direct target dependency is identified for this target.,RULE_SAFE_DEFAULT,feature::discharge_formula_row_mean -> target::stability_worst,True,False,False,False,True
stability_worst,eV/atom,True,discharge_formula_row_min,stoichiometric_window,electrode_state_stoichiometry,L0,No direct target dependency is identified for this target.,RULE_SAFE_DEFAULT,feature::discharge_formula_row_min -> target::stability_worst,True,False,False,False,True
stability_worst,eV/atom,True,discharge_formula_row_range,stoichiometric_window,electrode_state_stoichiometry,L0,No direct target dependency is identified for this target.,RULE_SAFE_DEFAULT,feature::discharge_formula_row_range -> target::stability_worst,True,False,False,False,True
stability_worst,eV/atom,True,discharge_formula_row_std,stoichiometric_window,electrode_state_stoichiometry,L0,No direct target dependency is identified for this target.,RULE_SAFE_DEFAULT,feature::discharge_formula_row_std -> target::stability_worst,True,False,False,False,True
stability_worst,eV/atom,True,discharge_summary_band_gap,post_dft_electronic_summary,post_dft_electronic,L4,The electronic descriptor is generated in the same post-DFT record and is decision-support only.,RULE_POST_DFT_ELECTRONIC,feature::discharge_summary_band_gap -> concept::post_dft_record -> target::stability_worst,True,False,False,True,True
stability_worst,eV/atom,True,discharge_summary_density,relaxed_structure_summary,relaxed_structure,L0,The relaxed-structure summary is not target-defining for this target.,RULE_SAFE_STRUCTURE,feature::discharge_summary_density -> target::stability_worst,True,False,True,True,True
stability_worst,eV/atom,True,discharge_summary_density_atomic,relaxed_structure_summary,relaxed_structure,L0,The relaxed-structure summary is not target-defining for this target.,RULE_SAFE_STRUCTURE,feature::discharge_summary_density_atomic -> target::stability_worst,True,False,True,True,True
stability_worst,eV/atom,True,discharge_summary_energy_above_hull,post_dft_energy_stability_summary,post_dft_thermodynamics,L2,Endpoint hull/stability descriptors define or directly reconstruct stability targets.,RULE_HULL_STABILITY,feature::discharge_summary_energy_above_hull -> concept::hull_stability -> target::stability_worst,True,False,False,False,True
stability_worst,eV/atom,True,discharge_summary_formation_energy_per_atom,post_dft_energy_stability_summary,post_dft_thermodynamics,L4,Formation energy is post-DFT adjacent to stability but is not the direct hull target.,RULE_FORMATION_ENERGY_STABILITY,feature::discharge_summary_formation_energy_per_atom -> concept::post_dft_thermodynamics -> target::stability_worst,True,False,False,True,True
stability_worst,eV/atom,True,discharge_summary_is_metal,post_dft_electronic_summary,post_dft_electronic,L4,The electronic descriptor is generated in the same post-DFT record and is decision-support only.,RULE_POST_DFT_ELECTRONIC,feature::discharge_summary_is_metal -> concept::post_dft_record -> target::stability_worst,True,False,False,True,True
stability_worst,eV/atom,True,discharge_summary_is_stable,post_dft_energy_stability_summary,post_dft_thermodynamics,L2,Endpoint hull/stability descriptors define or directly reconstruct stability targets.,RULE_HULL_STABILITY,feature::discharge_summary_is_stable -> concept::hull_stability -> target::stability_worst,True,False,False,False,True
stability_worst,eV/atom,True,discharge_summary_nsites,relaxed_structure_summary,relaxed_structure,L0,The relaxed-structure summary is not target-defining for this target.,RULE_SAFE_STRUCTURE,feature::discharge_summary_nsites -> target::stability_worst,True,False,True,True,True
stability_worst,eV/atom,True,discharge_summary_symmetry_number,relaxed_structure_summary,relaxed_structure,L0,The relaxed-structure summary is not target-defining for this target.,RULE_SAFE_STRUCTURE,feature::discharge_summary_symmetry_number -> target::stability_worst,True,False,True,True,True
stability_worst,eV/atom,True,discharge_summary_theoretical,post_dft_provenance_flag,post_dft_provenance,L4,The provenance flag is available only from the post-DFT record.,RULE_POST_DFT_PROVENANCE,feature::discharge_summary_theoretical -> concept::post_dft_record -> target::stability_worst,True,False,False,False,True
stability_worst,eV/atom,True,discharge_summary_volume,relaxed_structure_summary,relaxed_structure,L0,The relaxed-structure summary is not target-defining for this target.,RULE_SAFE_STRUCTURE,feature::discharge_summary_volume -> target::stability_worst,True,False,True,True,True
stability_worst,eV/atom,True,discharge_summary_volume_per_site,relaxed_structure_summary,relaxed_structure,L0,The relaxed-structure summary is not target-defining for this target.,RULE_SAFE_STRUCTURE,feature::discharge_summary_volume_per_site -> target::stability_worst,True,False,True,True,True
stability_worst,eV/atom,True,energy_grav,stored_electrode_target,stored_electrode_record,L4,A different stored electrode property is available only as a post-hoc computed-record descriptor.,RULE_OTHER_STORED_TARGET,feature::energy_grav -> concept::stored_electrode_record -> target::stability_worst,True,False,False,False,True
stability_worst,eV/atom,True,energy_vol,stored_electrode_target,stored_electrode_record,L4,A different stored electrode property is available only as a post-hoc computed-record descriptor.,RULE_OTHER_STORED_TARGET,feature::energy_vol -> concept::stored_electrode_record -> target::stability_worst,True,False,False,False,True
stability_worst,eV/atom,True,fracA_charge,stoichiometric_window,electrode_state_stoichiometry,L0,No direct target dependency is identified for this target.,RULE_SAFE_DEFAULT,feature::fracA_charge -> target::stability_worst,True,False,False,False,True
stability_worst,eV/atom,True,fracA_discharge,stoichiometric_window,electrode_state_stoichiometry,L0,No direct target dependency is identified for this target.,RULE_SAFE_DEFAULT,feature::fracA_discharge -> target::stability_worst,True,False,False,False,True
stability_worst,eV/atom,True,max_delta_volume,stored_electrode_target,stored_electrode_record,L4,A different stored electrode property is available only as a post-hoc computed-record descriptor.,RULE_OTHER_STORED_TARGET,feature::max_delta_volume -> concept::stored_electrode_record -> target::stability_worst,True,False,False,False,True
stability_worst,eV/atom,True,max_voltage_step,stored_electrode_process_descriptor,stored_electrode_record,L0,No direct target dependency is identified for this target.,RULE_SAFE_DEFAULT,feature::max_voltage_step -> target::stability_worst,True,False,False,True,True
stability_worst,eV/atom,True,num_steps,stored_electrode_process_descriptor,stored_electrode_record,L0,No direct target dependency is identified for this target.,RULE_SAFE_DEFAULT,feature::num_steps -> target::stability_worst,True,False,False,True,True
stability_worst,eV/atom,True,stability_charge,stored_electrode_target,stored_electrode_record,L2,Endpoint and worst-case stability values are definitionally linked.,RULE_STABILITY_AGGREGATION,feature::stability_charge -> concept::stability_aggregation -> target::stability_worst,True,False,False,False,True
stability_worst,eV/atom,True,stability_discharge,stored_electrode_target,stored_electrode_record,L2,Endpoint and worst-case stability values are definitionally linked.,RULE_STABILITY_AGGREGATION,feature::stability_discharge -> concept::stability_aggregation -> target::stability_worst,True,False,False,False,True
stability_worst,eV/atom,True,stability_worst,stored_electrode_target,stored_electrode_record,L1,The feature is the exact target column.,RULE_DIRECT_TARGET,feature::stability_worst -> target::stability_worst,False,False,False,False,True
stability_worst,eV/atom,True,stoich_abs_wi_amount_delta,stoichiometric_window,electrode_state_stoichiometry,L0,No direct target dependency is identified for this target.,RULE_SAFE_DEFAULT,feature::stoich_abs_wi_amount_delta -> target::stability_worst,True,False,False,False,True
stability_worst,eV/atom,True,stoich_wi_amount_charge,stoichiometric_window,electrode_state_stoichiometry,L0,No direct target dependency is identified for this target.,RULE_SAFE_DEFAULT,feature::stoich_wi_amount_charge -> target::stability_worst,True,False,False,False,True
stability_worst,eV/atom,True,stoich_wi_amount_delta,stoichiometric_window,electrode_state_stoichiometry,L0,No direct target dependency is identified for this target.,RULE_SAFE_DEFAULT,feature::stoich_wi_amount_delta -> target::stability_worst,True,False,False,False,True
stability_worst,eV/atom,True,stoich_wi_amount_discharge,stoichiometric_window,electrode_state_stoichiometry,L0,No direct target dependency is identified for this target.,RULE_SAFE_DEFAULT,feature::stoich_wi_amount_discharge -> target::stability_worst,True,False,False,False,True
stability_worst,eV/atom,True,stored_abs_fracA_delta,other_numeric,derived_miscellaneous,L0,No direct target dependency is identified for this target.,RULE_SAFE_DEFAULT,feature::stored_abs_fracA_delta -> target::stability_worst,True,False,False,False,True
stability_worst,eV/atom,True,stored_fracA_delta,stoichiometric_window,electrode_state_stoichiometry,L0,No direct target dependency is identified for this target.,RULE_SAFE_DEFAULT,feature::stored_fracA_delta -> target::stability_worst,True,False,False,False,True
stability_worst,eV/atom,True,summary_abs_delta_band_gap,post_dft_electronic_summary,post_dft_electronic,L4,The electronic descriptor is generated in the same post-DFT record and is decision-support only.,RULE_POST_DFT_ELECTRONIC,feature::summary_abs_delta_band_gap -> concept::post_dft_record -> target::stability_worst,True,False,False,True,True
stability_worst,eV/atom,True,summary_abs_delta_density,relaxed_structure_summary,relaxed_structure,L0,The relaxed-structure summary is not target-defining for this target.,RULE_SAFE_STRUCTURE,feature::summary_abs_delta_density -> target::stability_worst,True,False,True,True,True
stability_worst,eV/atom,True,summary_abs_delta_density_atomic,relaxed_structure_summary,relaxed_structure,L0,The relaxed-structure summary is not target-defining for this target.,RULE_SAFE_STRUCTURE,feature::summary_abs_delta_density_atomic -> target::stability_worst,True,False,True,True,True
stability_worst,eV/atom,True,summary_abs_delta_energy_above_hull,post_dft_energy_stability_summary,post_dft_thermodynamics,L2,Endpoint hull/stability descriptors define or directly reconstruct stability targets.,RULE_HULL_STABILITY,feature::summary_abs_delta_energy_above_hull -> concept::hull_stability -> target::stability_worst,True,False,False,False,True
stability_worst,eV/atom,True,summary_abs_delta_formation_energy_per_atom,post_dft_energy_stability_summary,post_dft_thermodynamics,L4,Formation energy is post-DFT adjacent to stability but is not the direct hull target.,RULE_FORMATION_ENERGY_STABILITY,feature::summary_abs_delta_formation_energy_per_atom -> concept::post_dft_thermodynamics -> target::stability_worst,True,False,False,True,True
stability_worst,eV/atom,True,summary_abs_delta_volume_fraction,relaxed_structure_summary,relaxed_structure,L0,The relaxed-structure summary is not target-defining for this target.,RULE_SAFE_STRUCTURE,feature::summary_abs_delta_volume_fraction -> target::stability_worst,True,False,True,True,True
stability_worst,eV/atom,True,summary_abs_delta_volume_per_site,relaxed_structure_summary,relaxed_structure,L0,The relaxed-structure summary is not target-defining for this target.,RULE_SAFE_STRUCTURE,feature::summary_abs_delta_volume_per_site -> target::stability_worst,True,False,True,True,True
stability_worst,eV/atom,True,summary_delta_band_gap,post_dft_electronic_summary,post_dft_electronic,L4,The electronic descriptor is generated in the same post-DFT record and is decision-support only.,RULE_POST_DFT_ELECTRONIC,feature::summary_delta_band_gap -> concept::post_dft_record -> target::stability_worst,True,False,False,True,True
stability_worst,eV/atom,True,summary_delta_density,relaxed_structure_summary,relaxed_structure,L0,The relaxed-structure summary is not target-defining for this target.,RULE_SAFE_STRUCTURE,feature::summary_delta_density -> target::stability_worst,True,False,True,True,True
stability_worst,eV/atom,True,summary_delta_density_atomic,relaxed_structure_summary,relaxed_structure,L0,The relaxed-structure summary is not target-defining for this target.,RULE_SAFE_STRUCTURE,feature::summary_delta_density_atomic -> target::stability_worst,True,False,True,True,True
stability_worst,eV/atom,True,summary_delta_energy_above_hull,post_dft_energy_stability_summary,post_dft_thermodynamics,L2,Endpoint hull/stability descriptors define or directly reconstruct stability targets.,RULE_HULL_STABILITY,feature::summary_delta_energy_above_hull -> concept::hull_stability -> target::stability_worst,True,False,False,False,True
stability_worst,eV/atom,True,summary_delta_formation_energy_per_atom,post_dft_energy_stability_summary,post_dft_thermodynamics,L4,Formation energy is post-DFT adjacent to stability but is not the direct hull target.,RULE_FORMATION_ENERGY_STABILITY,feature::summary_delta_formation_energy_per_atom -> concept::post_dft_thermodynamics -> target::stability_worst,True,False,False,True,True
stability_worst,eV/atom,True,summary_delta_volume_fraction,relaxed_structure_summary,relaxed_structure,L0,The relaxed-structure summary is not target-defining for this target.,RULE_SAFE_STRUCTURE,feature::summary_delta_volume_fraction -> target::stability_worst,True,False,True,True,True
stability_worst,eV/atom,True,summary_delta_volume_per_site,relaxed_structure_summary,relaxed_structure,L0,The relaxed-structure summary is not target-defining for this target.,RULE_SAFE_STRUCTURE,feature::summary_delta_volume_per_site -> target::stability_worst,True,False,True,True,True
stability_worst,eV/atom,True,summary_worst_energy_above_hull,post_dft_energy_stability_summary,post_dft_thermodynamics,L2,Endpoint hull/stability descriptors define or directly reconstruct stability targets.,RULE_HULL_STABILITY,feature::summary_worst_energy_above_hull -> concept::hull_stability -> target::stability_worst,True,False,False,False,True
stability_worst,eV/atom,True,wi_is_K,domain_label_onehot,validation_only,L5,Working-ion/domain labels encode validation-domain membership and must be controlled by split design.,RULE_DOMAIN_LABEL,feature::wi_is_K -> concept::validation_domain -> target::stability_worst,False,False,False,False,False
stability_worst,eV/atom,True,wi_is_Li,domain_label_onehot,validation_only,L5,Working-ion/domain labels encode validation-domain membership and must be controlled by split design.,RULE_DOMAIN_LABEL,feature::wi_is_Li -> concept::validation_domain -> target::stability_worst,False,False,False,False,False
stability_worst,eV/atom,True,wi_is_Na,domain_label_onehot,validation_only,L5,Working-ion/domain labels encode validation-domain membership and must be controlled by split design.,RULE_DOMAIN_LABEL,feature::wi_is_Na -> concept::validation_domain -> target::stability_worst,False,False,False,False,False
