protocol,split_name,model_variant,target,target_unit,n_folds,n_test_min,n_test_median,n_features,rmse_mean,rmse_sd,rmse_ci95_low,rmse_ci95_high,mae_mean,mae_sd,mae_ci95_low,mae_ci95_high,r2_mean,r2_sd,r2_ci95_low,r2_ci95_high,spearman_mean,spearman_sd,spearman_ci95_low,spearman_ci95_high
P1,framework_groupkfold,softconstrained_direct,average_voltage,V,5,640,640.0,73.0,0.7982944915341557,0.023827737558827587,0.7774085586889828,0.8191804243793285,0.6057987923916679,0.02001419976461657,0.5882555728056023,0.6233420119777335,0.48536468333613775,0.06084964516929715,0.432027617678064,0.5387017489942114,0.6623183119367858,0.03131120095862314,0.6348728342069357,0.6897637896666359
P1,framework_groupkfold,softconstrained_direct,capacity_grav,mAh/g,5,640,640.0,73.0,66.40219423200953,6.033042672166877,61.11399916976966,71.6903892942494,47.03061418517444,3.2700944855982703,44.16424998861763,49.89697838173126,0.22984887579715457,0.08327265712485825,0.1568571735738542,0.30284057802045494,0.5391967936848951,0.04798663426632167,0.49713465420237607,0.5812589331674142
P1,framework_groupkfold,softconstrained_direct,energy_grav,Wh/kg,5,640,640.0,73.0,228.16015569415768,15.942558273846796,214.18588723221302,242.13442415610234,165.890837078921,8.804460916959219,158.17338681762112,173.6082873402209,0.34143498816415513,0.08050951104320425,0.27086529026922823,0.412004686059082,0.6159314711698907,0.054380014258557464,0.5682652870380701,0.6635976553017112
P1,framework_groupkfold,softconstrained_direct,max_delta_volume,database_volume_change,5,640,640.0,73.0,0.07565511115005583,0.02499688004371116,0.053744379732822575,0.09756584256728908,0.04214909401599119,0.0031815668005001274,0.039360327756768274,0.04493786027521411,0.10033658970954809,0.057678426630403914,0.049779219659467716,0.15089395975962847,0.3597659658787467,0.048917280531061993,0.3168880789783291,0.4026438527791643
P1,framework_groupkfold,softconstrained_direct,stability_charge,eV/atom,5,640,640.0,73.0,0.1074742744626063,0.01490885290825394,0.094406088703401,0.12054246022181159,0.050693584341684736,0.005751532766396415,0.04565214359141665,0.05573502509195282,0.0008847721561063227,0.20169665995442862,-0.1759101453010564,0.17767968961326905,0.3429500437174357,0.11510641045788814,0.24205482641294213,0.4438452610219293
P1,framework_groupkfold,softconstrained_direct,stability_discharge,eV/atom,5,640,640.0,73.0,0.08064096138838747,0.013795857015537002,0.0685483595433011,0.09273356323347384,0.038386288867325216,0.0023488924052121316,0.03632739389608939,0.04044518383856104,0.01312523265225946,0.09936504992308573,-0.07397207378428708,0.10022253908880599,0.3694528103111331,0.07076162562595242,0.30742751071270896,0.4314781099095572
P1,framework_groupkfold,softconstrained_direct,stability_worst,eV/atom,5,640,640.0,73.0,0.10594892669074789,0.013620862285830176,0.09400971448930234,0.11788813889219343,0.048718216222002994,0.004415855395172475,0.044847548307776375,0.05258888413622961,0.026491947878232357,0.16208164574034212,-0.11557887861170177,0.1685627743681665,0.3568148675637304,0.06757980223173728,0.297578559138837,0.41605117598862373
P1,framework_groupkfold,softconstrained_hardderived,average_voltage,V,5,640,640.0,73.0,0.7982944915341557,0.023827737558827587,0.7774085586889828,0.8191804243793285,0.6057987923916679,0.02001419976461657,0.5882555728056023,0.6233420119777335,0.48536468333613775,0.06084964516929715,0.432027617678064,0.5387017489942114,0.6623183119367858,0.03131120095862314,0.6348728342069357,0.6897637896666359
P1,framework_groupkfold,softconstrained_hardderived,capacity_grav,mAh/g,5,640,640.0,73.0,66.40219423200953,6.033042672166877,61.11399916976966,71.6903892942494,47.03061418517444,3.2700944855982703,44.16424998861763,49.89697838173126,0.22984887579715457,0.08327265712485825,0.1568571735738542,0.30284057802045494,0.5391967936848951,0.04798663426632167,0.49713465420237607,0.5812589331674142
P1,framework_groupkfold,softconstrained_hardderived,energy_grav,Wh/kg,5,640,640.0,73.0,228.49273630452572,16.934125158292627,213.6493211471005,243.33615146195095,165.18754598231675,9.642415554144259,156.73559609694055,173.63949586769294,0.3390755369361346,0.08766804144420308,0.2622311104877199,0.41591996338454934,0.616180619660382,0.057134694123889204,0.5660998521659897,0.6662613871547742
P1,framework_groupkfold,softconstrained_hardderived,max_delta_volume,database_volume_change,5,640,640.0,73.0,0.07565511115005583,0.02499688004371116,0.053744379732822575,0.09756584256728908,0.04214909401599119,0.0031815668005001274,0.039360327756768274,0.04493786027521411,0.10033658970954809,0.057678426630403914,0.049779219659467716,0.15089395975962847,0.3597659658787467,0.048917280531061993,0.3168880789783291,0.4026438527791643
P1,framework_groupkfold,softconstrained_hardderived,stability_charge,eV/atom,5,640,640.0,73.0,0.1074742744626063,0.01490885290825394,0.094406088703401,0.12054246022181159,0.050693584341684736,0.005751532766396415,0.04565214359141665,0.05573502509195282,0.0008847721561063227,0.20169665995442862,-0.1759101453010564,0.17767968961326905,0.3429500437174357,0.11510641045788814,0.24205482641294213,0.4438452610219293
P1,framework_groupkfold,softconstrained_hardderived,stability_discharge,eV/atom,5,640,640.0,73.0,0.08064096138838747,0.013795857015537002,0.0685483595433011,0.09273356323347384,0.038386288867325216,0.0023488924052121316,0.03632739389608939,0.04044518383856104,0.01312523265225946,0.09936504992308573,-0.07397207378428708,0.10022253908880599,0.3694528103111331,0.07076162562595242,0.30742751071270896,0.4314781099095572
P1,framework_groupkfold,softconstrained_hardderived,stability_worst,eV/atom,5,640,640.0,73.0,0.10607107229307397,0.013979539313400149,0.09381746581510773,0.1183246787710402,0.04794213867150198,0.003535614155005475,0.044843036223123314,0.05104124111988065,0.026154247770582294,0.14709743112055548,-0.1027823355074705,0.15509083104863508,0.35882276735545904,0.06898603422253936,0.2983538422437269,0.41929169246719117
P1,framework_groupkfold,unconstrained_direct,average_voltage,V,5,640,640.0,73.0,0.7938213468184226,0.030845510020639275,0.766784065193357,0.8208586284434883,0.5945686559328506,0.025446785552999156,0.5722635649491472,0.6168737469165539,0.4897602380112668,0.07870107970399583,0.4207757000759274,0.5587447759466061,0.6701595957394402,0.06368604800519505,0.6143363133767312,0.7259828781021491
P1,framework_groupkfold,unconstrained_direct,capacity_grav,mAh/g,5,640,640.0,73.0,67.71835387086546,6.443034395478946,62.070785218118665,73.36592252361226,48.026288258380234,3.0508205720432526,45.35212612137278,50.70045039538769,0.19947328001500308,0.08663307445375824,0.12353604213226876,0.2754105178977374,0.5295204621779904,0.04454843195474364,0.49047203989839283,0.568568884457588
P1,framework_groupkfold,unconstrained_direct,energy_grav,Wh/kg,5,640,640.0,73.0,231.0502867609608,14.813190861010202,218.065952483233,244.0346210386886,169.1930061316262,9.979294136348335,160.44576914954095,177.94024311371143,0.3250673001833908,0.07380233786099026,0.2603766987960032,0.3897579015707784,0.6056564206854553,0.04481460116282884,0.5663746908082817,0.6449381505626289
P1,framework_groupkfold,unconstrained_direct,max_delta_volume,database_volume_change,5,640,640.0,73.0,0.07630330854455888,0.02593939344132967,0.05356642770882815,0.09904018938028962,0.04183245514048104,0.002439227106326823,0.03969437831253674,0.04397053196842534,0.08800018921529569,0.07213358142918869,0.02477231733311222,0.15122806109747916,0.36531321708766534,0.02950602427378078,0.3394500464870677,0.39117638768826296
P1,framework_groupkfold,unconstrained_direct,stability_charge,eV/atom,5,640,640.0,73.0,0.10930606020503009,0.012395122416848215,0.09844125637013648,0.12017086403992369,0.05061845567566161,0.003667685359328379,0.04740358771251432,0.0538333236388089,-0.031000956929315836,0.14882263195203504,-0.1614497454103074,0.09944783155167572,0.34462318898687705,0.09553460502665094,0.2608834155379487,0.4283629624358054
P1,framework_groupkfold,unconstrained_direct,stability_discharge,eV/atom,5,640,640.0,73.0,0.08229087267745135,0.013513418926214847,0.07044583873309149,0.0941359066218112,0.0395194838107781,0.0030655423871401377,0.03683241743388159,0.04220655018767461,-0.030997283390085416,0.12195765304991946,-0.13789787960769956,0.07590331282752874,0.3502767911878634,0.0536838140913629,0.303220853408762,0.39733272896696487
P1,framework_groupkfold,unconstrained_direct,stability_worst,eV/atom,5,640,640.0,73.0,0.1096452298336025,0.011760001223900675,0.09933713426997043,0.11995332539723458,0.05164517751186091,0.0034497524858931967,0.04862133613477053,0.05466901888895129,-0.04508619539265424,0.16532023976207705,-0.18999577470516485,0.09982338391985637,0.3225166678436032,0.04755548189185557,0.2808324500801271,0.36420088560707936
P1,framework_groupkfold,unconstrained_hardderived,average_voltage,V,5,640,640.0,73.0,0.7938213468184226,0.030845510020639275,0.766784065193357,0.8208586284434883,0.5945686559328506,0.025446785552999156,0.5722635649491472,0.6168737469165539,0.4897602380112668,0.07870107970399583,0.4207757000759274,0.5587447759466061,0.6701595957394402,0.06368604800519505,0.6143363133767312,0.7259828781021491
P1,framework_groupkfold,unconstrained_hardderived,capacity_grav,mAh/g,5,640,640.0,73.0,67.71835387086546,6.443034395478946,62.070785218118665,73.36592252361226,48.026288258380234,3.0508205720432526,45.35212612137278,50.70045039538769,0.19947328001500308,0.08663307445375824,0.12353604213226876,0.2754105178977374,0.5295204621779904,0.04454843195474364,0.49047203989839283,0.568568884457588
P1,framework_groupkfold,unconstrained_hardderived,energy_grav,Wh/kg,5,640,640.0,73.0,234.37247510409566,17.219946775973227,219.2785262525739,249.46642395561742,169.73385764961424,9.30659325080738,161.5762689916978,177.89144630753069,0.3045840295726988,0.09266548131004863,0.22335915394491285,0.3858089052004848,0.6032740650814935,0.04252297996779292,0.5660010297464656,0.6405471004165214
P1,framework_groupkfold,unconstrained_hardderived,max_delta_volume,database_volume_change,5,640,640.0,73.0,0.07630330854455888,0.02593939344132967,0.05356642770882815,0.09904018938028962,0.04183245514048104,0.002439227106326823,0.03969437831253674,0.04397053196842534,0.08800018921529569,0.07213358142918869,0.02477231733311222,0.15122806109747916,0.36531321708766534,0.02950602427378078,0.3394500464870677,0.39117638768826296
P1,framework_groupkfold,unconstrained_hardderived,stability_charge,eV/atom,5,640,640.0,73.0,0.10930606020503009,0.012395122416848215,0.09844125637013648,0.12017086403992369,0.05061845567566161,0.003667685359328379,0.04740358771251432,0.0538333236388089,-0.031000956929315836,0.14882263195203504,-0.1614497454103074,0.09944783155167572,0.34462318898687705,0.09553460502665094,0.2608834155379487,0.4283629624358054
P1,framework_groupkfold,unconstrained_hardderived,stability_discharge,eV/atom,5,640,640.0,73.0,0.08229087267745135,0.013513418926214847,0.07044583873309149,0.0941359066218112,0.0395194838107781,0.0030655423871401377,0.03683241743388159,0.04220655018767461,-0.030997283390085416,0.12195765304991946,-0.13789787960769956,0.07590331282752874,0.3502767911878634,0.0536838140913629,0.303220853408762,0.39733272896696487
P1,framework_groupkfold,unconstrained_hardderived,stability_worst,eV/atom,5,640,640.0,73.0,0.10812089472576022,0.012000955623008257,0.09760159331910234,0.11864019613241811,0.04865782960028312,0.0018665827972320238,0.047021697640348054,0.05029396156021819,-0.011056453626460901,0.10628111823907621,-0.10421596122850962,0.08210305397558781,0.33999524775890505,0.0590434457875587,0.28824138566343754,0.39174910985437256
P1,leave_chemical_system_out,softconstrained_direct,average_voltage,V,75,7,17.0,73.0,0.7784252088979975,0.31311152365490963,0.7075614000903314,0.8492890177056636,0.6484548467451167,0.29470927155054466,0.5817558596582616,0.7151538338319717,-1.3161336026140544,3.2157299252217264,-2.043921797497471,-0.5883454077306381,0.29172396669077777,0.3486432170710052,0.21228722322361354,0.371160710157942
P1,leave_chemical_system_out,softconstrained_direct,capacity_grav,mAh/g,75,7,17.0,73.0,61.06347795138566,24.77189574444447,55.45707016623985,66.66988573653146,49.53041179433469,19.616101374126053,45.09087012208405,53.96995346658533,-4.290255404240122e+26,3.7154701687954207e+27,-1.2699155996550758e+27,4.1186451880705134e+26,0.29770770498944615,0.3185773069191393,0.22512134000348488,0.3702940699754074
P1,leave_chemical_system_out,softconstrained_direct,energy_grav,Wh/kg,75,7,17.0,73.0,218.58565955243378,99.23287526978109,196.12714567064205,241.0441734342255,175.83581290817554,81.80017629974974,157.32269021605916,194.34893560029192,-0.47898127620781794,1.7756238642456803,-0.8808427872805106,-0.0771197651351253,0.30330976184288566,0.3127934477358258,0.23204122240378278,0.37457830128198855
P1,leave_chemical_system_out,softconstrained_direct,max_delta_volume,database_volume_change,75,7,17.0,73.0,0.05576846576970721,0.0329586359598099,0.048309224251047715,0.06322770728836671,0.0424613324294247,0.02463062925645709,0.036886896260266755,0.04803576859858265,-3.784007851866548,18.503968353640698,-7.971850127006451,0.40383442327335484,0.1660663221385361,0.33179509734558943,0.09046834477666324,0.24166429950040894
P1,leave_chemical_system_out,softconstrained_direct,stability_charge,eV/atom,75,7,17.0,73.0,0.06604235395753742,0.05566423290650533,0.053444352095237915,0.07864035581983693,0.04701330461146109,0.03425853060663105,0.039259869239291534,0.054766739983630644,-8.75812599787539,43.28017680125657,-18.553352114773176,1.0371001190223996,0.05161307356682825,0.35183928570389134,-0.028551879346734928,0.13177802648039144
P1,leave_chemical_system_out,softconstrained_direct,stability_discharge,eV/atom,75,7,17.0,73.0,0.054598549530420835,0.042732177048597796,0.04492734743297069,0.06426975162787098,0.03823342050995389,0.020489221811943455,0.033596273080338176,0.0428705679395696,-1.7362568584342954,7.015761879139352,-3.3240732461549314,-0.1484404707136593,0.12927431476492143,0.3348835406557707,0.05297264988833125,0.2055759796415116
P1,leave_chemical_system_out,softconstrained_direct,stability_worst,eV/atom,75,7,17.0,73.0,0.06694958595440072,0.054038691967397426,0.05471947863962011,0.07917969326918133,0.04737499192149097,0.03281923107592947,0.03994730069814748,0.05480268314483446,-3.1072378805213154,10.126729846236461,-5.3991325999935285,-0.8153431610491024,0.0787270212932057,0.35873398502630294,-0.003008856951872252,0.16046289953828366
P1,leave_chemical_system_out,softconstrained_hardderived,average_voltage,V,75,7,17.0,73.0,0.7784252088979975,0.31311152365490963,0.7075614000903314,0.8492890177056636,0.6484548467451167,0.29470927155054466,0.5817558596582616,0.7151538338319717,-1.3161336026140544,3.2157299252217264,-2.043921797497471,-0.5883454077306381,0.29172396669077777,0.3486432170710052,0.21228722322361354,0.371160710157942
P1,leave_chemical_system_out,softconstrained_hardderived,capacity_grav,mAh/g,75,7,17.0,73.0,61.06347795138566,24.77189574444447,55.45707016623985,66.66988573653146,49.53041179433469,19.616101374126053,45.09087012208405,53.96995346658533,-4.290255404240122e+26,3.7154701687954207e+27,-1.2699155996550758e+27,4.1186451880705134e+26,0.29770770498944615,0.3185773069191393,0.22512134000348488,0.3702940699754074
P1,leave_chemical_system_out,softconstrained_hardderived,energy_grav,Wh/kg,75,7,17.0,73.0,218.37925408301953,96.63977157082934,196.50761481572937,240.2508933503097,175.78709711942375,79.28207037068927,157.84387544861585,193.73031879023165,-0.40771365068814225,1.29599318844313,-0.7010245210446426,-0.1144027803316418,0.3186848814250557,0.30011192338928777,0.25030576861742915,0.38706399423268223
P1,leave_chemical_system_out,softconstrained_hardderived,max_delta_volume,database_volume_change,75,7,17.0,73.0,0.05576846576970721,0.0329586359598099,0.048309224251047715,0.06322770728836671,0.0424613324294247,0.02463062925645709,0.036886896260266755,0.04803576859858265,-3.784007851866548,18.503968353640698,-7.971850127006451,0.40383442327335484,0.1660663221385361,0.33179509734558943,0.09046834477666324,0.24166429950040894
P1,leave_chemical_system_out,softconstrained_hardderived,stability_charge,eV/atom,75,7,17.0,73.0,0.06604235395753742,0.05566423290650533,0.053444352095237915,0.07864035581983693,0.04701330461146109,0.03425853060663105,0.039259869239291534,0.054766739983630644,-8.75812599787539,43.28017680125657,-18.553352114773176,1.0371001190223996,0.05161307356682825,0.35183928570389134,-0.028551879346734928,0.13177802648039144
P1,leave_chemical_system_out,softconstrained_hardderived,stability_discharge,eV/atom,75,7,17.0,73.0,0.054598549530420835,0.042732177048597796,0.04492734743297069,0.06426975162787098,0.03823342050995389,0.020489221811943455,0.033596273080338176,0.0428705679395696,-1.7362568584342954,7.015761879139352,-3.3240732461549314,-0.1484404707136593,0.12927431476492143,0.3348835406557707,0.05297264988833125,0.2055759796415116
P1,leave_chemical_system_out,softconstrained_hardderived,stability_worst,eV/atom,75,7,17.0,73.0,0.06625609493429846,0.055412386637336906,0.053715091248428076,0.07879709862016884,0.04671515994649297,0.03393405654446774,0.03903515996768036,0.05439515992530559,-2.604824541976778,8.438619351282155,-4.5146638903649805,-0.6949851935885758,0.07165036403089142,0.33947767768981474,-0.005698053706954129,0.148998781768737
P1,leave_chemical_system_out,unconstrained_direct,average_voltage,V,75,7,17.0,73.0,0.7602429140785725,0.34808970830210767,0.6814627968567513,0.8390230313003937,0.6338025581169712,0.3266242862912875,0.5598805232282267,0.7077245930057157,-1.2309131901278207,4.074103664547739,-2.152969650321587,-0.30885672993405444,0.2881600219763113,0.28419474923958365,0.22340756363302416,0.35291248031959843
P1,leave_chemical_system_out,unconstrained_direct,capacity_grav,mAh/g,75,7,17.0,73.0,65.11499987824486,26.116349970781,59.204313457379556,71.02568629911016,53.242419075591165,21.11292552161567,48.464114208143314,58.020723943039016,-2.0076398178889183e+27,1.7386670839409677e+28,-5.942613860951199e+27,1.9273342251733616e+27,0.25787046153712456,0.33270259092021237,0.1820657159642105,0.3336752071100386
P1,leave_chemical_system_out,unconstrained_direct,energy_grav,Wh/kg,75,7,17.0,73.0,224.06758873548907,108.9103835362296,199.41884854863156,248.71632892234658,181.1387808216596,91.42486019108449,160.44738710601655,201.83017453730264,-0.5166878397439038,1.4520063274674568,-0.8453078074030271,-0.18806787208478037,0.2707313112069249,0.34132384919039216,0.19296225183686916,0.34850037057698063
P1,leave_chemical_system_out,unconstrained_direct,max_delta_volume,database_volume_change,75,7,17.0,73.0,0.05651432408903425,0.02910024919087738,0.04992831770112966,0.06310033047693885,0.043077321818735644,0.0206264696135438,0.03840911228748167,0.047745531349989614,-2.428266449012536,7.416251677468691,-4.106722210739444,-0.7498106872856276,0.10508849032900053,0.3394795336295343,0.02773964972387928,0.1824373309341218
P1,leave_chemical_system_out,unconstrained_direct,stability_charge,eV/atom,75,7,17.0,73.0,0.07380937596165456,0.05795672312961675,0.06069253471916329,0.08692621720414583,0.05600939556337867,0.03989421618500269,0.04698048447359866,0.06503830665315867,-14.015267447912338,83.90959964328415,-33.00579758503672,4.975262689212043,0.006352722250242666,0.3480963482499481,-0.07295941968698658,0.0856648641874719
P1,leave_chemical_system_out,unconstrained_direct,stability_discharge,eV/atom,75,7,17.0,73.0,0.05737499488830822,0.04272645633251892,0.04770508751078957,0.06704490226582686,0.04217465324428078,0.02215355185549294,0.03716083246638891,0.047188474022172654,-1.4834672975795533,2.819907628445535,-2.1216724735017336,-0.8452621216573731,0.11281015212036026,0.33715305305769727,0.03599138934643549,0.18962891489428502
P1,leave_chemical_system_out,unconstrained_direct,stability_worst,eV/atom,75,7,17.0,73.0,0.07314159793929412,0.056832900596998574,0.06027910167956041,0.08600409419902783,0.05584664235184288,0.03963424161681417,0.046876569045737906,0.06481671565794786,-3.5477728613957984,8.855125729499962,-5.551876477060634,-1.543669245730963,0.05442527206119355,0.35752699091341256,-0.02703559816130606,0.13588614228369317
P1,leave_chemical_system_out,unconstrained_hardderived,average_voltage,V,75,7,17.0,73.0,0.7602429140785725,0.34808970830210767,0.6814627968567513,0.8390230313003937,0.6338025581169712,0.3266242862912875,0.5598805232282267,0.7077245930057157,-1.2309131901278207,4.074103664547739,-2.152969650321587,-0.30885672993405444,0.2881600219763113,0.28419474923958365,0.22340756363302416,0.35291248031959843
P1,leave_chemical_system_out,unconstrained_hardderived,capacity_grav,mAh/g,75,7,17.0,73.0,65.11499987824486,26.116349970781,59.204313457379556,71.02568629911016,53.242419075591165,21.11292552161567,48.464114208143314,58.020723943039016,-2.0076398178889183e+27,1.7386670839409677e+28,-5.942613860951199e+27,1.9273342251733616e+27,0.25787046153712456,0.33270259092021237,0.1820657159642105,0.3336752071100386
P1,leave_chemical_system_out,unconstrained_hardderived,energy_grav,Wh/kg,75,7,17.0,73.0,227.78653573221624,107.13236068189427,203.54019999900044,252.03287146543204,185.12553099569385,90.74007521832974,164.58911870908673,205.66194328230097,-0.5938455446816127,1.6495661609988617,-0.9671775117843384,-0.2205135775788869,0.253124477602898,0.3723880201578533,0.16827759064481904,0.337971364560977
P1,leave_chemical_system_out,unconstrained_hardderived,max_delta_volume,database_volume_change,75,7,17.0,73.0,0.05651432408903425,0.02910024919087738,0.04992831770112966,0.06310033047693885,0.043077321818735644,0.0206264696135438,0.03840911228748167,0.047745531349989614,-2.428266449012536,7.416251677468691,-4.106722210739444,-0.7498106872856276,0.10508849032900053,0.3394795336295343,0.02773964972387928,0.1824373309341218
P1,leave_chemical_system_out,unconstrained_hardderived,stability_charge,eV/atom,75,7,17.0,73.0,0.07380937596165456,0.05795672312961675,0.06069253471916329,0.08692621720414583,0.05600939556337867,0.03989421618500269,0.04698048447359866,0.06503830665315867,-14.015267447912338,83.90959964328415,-33.00579758503672,4.975262689212043,0.006352722250242666,0.3480963482499481,-0.07295941968698658,0.0856648641874719
P1,leave_chemical_system_out,unconstrained_hardderived,stability_discharge,eV/atom,75,7,17.0,73.0,0.05737499488830822,0.04272645633251892,0.04770508751078957,0.06704490226582686,0.04217465324428078,0.02215355185549294,0.03716083246638891,0.047188474022172654,-1.4834672975795533,2.819907628445535,-2.1216724735017336,-0.8452621216573731,0.11281015212036026,0.33715305305769727,0.03599138934643549,0.18962891489428502
P1,leave_chemical_system_out,unconstrained_hardderived,stability_worst,eV/atom,75,7,17.0,73.0,0.07093139381968704,0.05662779712823624,0.058115316844770774,0.08374747079460329,0.052834608213652684,0.03851346610341472,0.044118190284937735,0.06155102614236763,-3.475406216009323,13.166266732143246,-6.455212891683248,-0.49559954033539855,-0.00030596991892476187,0.33337819410594594,-0.0762646485509747,0.07565270871312518
P1,leave_family_out,softconstrained_direct,average_voltage,V,10,10,118.5,73.0,1.3276984934632858,0.3434252570789896,1.1148413138571855,1.5405556730693861,1.1242104190043203,0.39488085914394344,0.8794607268217185,1.368960111186922,-2.1458716068503434,4.085641146988881,-4.678178225261523,0.3864350115608364,0.2973192909135627,0.13170753933897084,0.21568611228539708,0.3789524695417283
P1,leave_family_out,softconstrained_direct,capacity_grav,mAh/g,10,10,118.5,73.0,95.13900188698224,60.590169428736324,57.58482580176149,132.693177972203,69.22643556233024,36.805000640808906,46.41445982578331,92.03841129887716,-0.1452838603854834,0.17873072663707232,-0.25606231245537814,-0.034505408315588654,0.3311987370872165,0.23067774264585397,0.1882231909228738,0.4741742832515592
P1,leave_family_out,softconstrained_direct,energy_grav,Wh/kg,10,10,118.5,73.0,288.53532219762366,85.67825175473635,235.4313915863118,341.6392528089355,226.9439549527138,59.42641572518898,190.11108088587156,263.77682901955603,-0.4194835039865823,0.7393390223894019,-0.8777305776499582,0.038763569676793674,0.2914009686962815,0.28146649047994204,0.11694623048986108,0.46585570690270195
P1,leave_family_out,softconstrained_direct,max_delta_volume,database_volume_change,10,10,118.5,73.0,0.1216655141362762,0.1013070005675537,0.05887478465244189,0.1844562436201105,0.08007376380667845,0.040656177886594945,0.054874803683270724,0.10527272393008619,-1.4852898210030487,2.0774375296624314,-2.77289894193064,-0.1976807000754579,0.031212957006534314,0.20292818470367213,-0.0945632349544269,0.15698914896749552
P1,leave_family_out,softconstrained_direct,stability_charge,eV/atom,10,10,118.5,73.0,0.15394449013844141,0.1264881690467727,0.0755463107330081,0.23234266954387472,0.0911122386412286,0.07071517023659449,0.04728252203868802,0.13494195524376917,-0.336382214397714,0.4033470487526282,-0.5863793052645093,-0.08638512353091865,0.19380553190138947,0.3137126204867697,-0.0006355647483363147,0.38824662855111525
P1,leave_family_out,softconstrained_direct,stability_discharge,eV/atom,10,10,118.5,73.0,0.09665055144260029,0.03594927080704757,0.07436896255199621,0.11893214033320437,0.059228039014401636,0.020786292496376594,0.046344561448194245,0.07211151658060903,-0.40524935863479367,0.6863550864812314,-0.8306566485916103,0.02015793132202298,0.2078709261990827,0.08833600795082243,0.15311970123093965,0.26262215116722576
P1,leave_family_out,softconstrained_direct,stability_worst,eV/atom,10,10,118.5,73.0,0.15583179765570304,0.1216064554057852,0.0804593357123556,0.2312042595990505,0.0883798179596157,0.06548880010798148,0.04778943912336604,0.12897019679586536,-0.26091276884471365,0.2872897475498823,-0.43897679917650523,-0.08284873851292204,0.16316553954885796,0.23865661285827688,0.0152446383913942,0.31108644070632174
P1,leave_family_out,softconstrained_hardderived,average_voltage,V,10,10,118.5,73.0,1.3276984934632858,0.3434252570789896,1.1148413138571855,1.5405556730693861,1.1242104190043203,0.39488085914394344,0.8794607268217185,1.368960111186922,-2.1458716068503434,4.085641146988881,-4.678178225261523,0.3864350115608364,0.2973192909135627,0.13170753933897084,0.21568611228539708,0.3789524695417283
P1,leave_family_out,softconstrained_hardderived,capacity_grav,mAh/g,10,10,118.5,73.0,95.13900188698224,60.590169428736324,57.58482580176149,132.693177972203,69.22643556233024,36.805000640808906,46.41445982578331,92.03841129887716,-0.1452838603854834,0.17873072663707232,-0.25606231245537814,-0.034505408315588654,0.3311987370872165,0.23067774264585397,0.1882231909228738,0.4741742832515592
P1,leave_family_out,softconstrained_hardderived,energy_grav,Wh/kg,10,10,118.5,73.0,286.2348481340483,91.89468454271669,229.27793256258823,343.1917637055084,221.3370018723213,64.19315719003049,181.54967083645005,261.12433290819257,-0.4338059869307155,0.9725507076065669,-1.036599160635574,0.16898718677414293,0.3059677611081585,0.2827942196066036,0.13069008786316272,0.48124543435315426
P1,leave_family_out,softconstrained_hardderived,max_delta_volume,database_volume_change,10,10,118.5,73.0,0.1216655141362762,0.1013070005675537,0.05887478465244189,0.1844562436201105,0.08007376380667845,0.040656177886594945,0.054874803683270724,0.10527272393008619,-1.4852898210030487,2.0774375296624314,-2.77289894193064,-0.1976807000754579,0.031212957006534314,0.20292818470367213,-0.0945632349544269,0.15698914896749552
P1,leave_family_out,softconstrained_hardderived,stability_charge,eV/atom,10,10,118.5,73.0,0.15394449013844141,0.1264881690467727,0.0755463107330081,0.23234266954387472,0.0911122386412286,0.07071517023659449,0.04728252203868802,0.13494195524376917,-0.336382214397714,0.4033470487526282,-0.5863793052645093,-0.08638512353091865,0.19380553190138947,0.3137126204867697,-0.0006355647483363147,0.38824662855111525
P1,leave_family_out,softconstrained_hardderived,stability_discharge,eV/atom,10,10,118.5,73.0,0.09665055144260029,0.03594927080704757,0.07436896255199621,0.11893214033320437,0.059228039014401636,0.020786292496376594,0.046344561448194245,0.07211151658060903,-0.40524935863479367,0.6863550864812314,-0.8306566485916103,0.02015793132202298,0.2078709261990827,0.08833600795082243,0.15311970123093965,0.26262215116722576
P1,leave_family_out,softconstrained_hardderived,stability_worst,eV/atom,10,10,118.5,73.0,0.15494871407659833,0.12353739106765148,0.07837944581072942,0.23151798234246723,0.08630891681906362,0.06689406888425593,0.04484754337149596,0.12777029026663128,-0.19600193376180147,0.18161423263346954,-0.30856760136438843,-0.08343626615921451,0.1740686002674697,0.2610989342259544,0.012237804215353976,0.33589939631958543
P1,leave_family_out,unconstrained_direct,average_voltage,V,10,10,118.5,73.0,1.1200322340254718,0.2593488382672727,0.959286158686601,1.2807783093643426,0.893612206020584,0.21638101213803626,0.7594978652299119,1.027726546811256,-0.5126016850061454,0.9159828625923112,-1.080333745126804,0.05513037511451313,0.25046351145885154,0.07753309211811225,0.2024080030935904,0.29851901982411266
P1,leave_family_out,unconstrained_direct,capacity_grav,mAh/g,10,10,118.5,73.0,100.26962040366547,66.37062912391028,59.13267828077247,141.40656252655847,72.80919522362714,40.71477165537874,47.5739183060736,98.04447214118068,-0.29915636768453013,0.356016227219999,-0.5198175114355956,-0.07849522393346459,0.397699252452836,0.14539576259755904,0.30758202515153643,0.48781647975413556
P1,leave_family_out,unconstrained_direct,energy_grav,Wh/kg,10,10,118.5,73.0,289.2971264253812,93.05414483511287,231.62156991934376,346.9726829314186,219.14938310509874,66.50916620801033,177.92657480787946,260.37219140231804,-0.3151608445989772,0.35427242120132446,-0.5347411661820045,-0.09558052301594988,0.35160330093726455,0.2518106899240245,0.19552941834695198,0.5076771835275771
P1,leave_family_out,unconstrained_direct,max_delta_volume,database_volume_change,10,10,118.5,73.0,0.11291295099483142,0.10738259147710949,0.04635653125149748,0.17946937073816538,0.07415662045170032,0.048005627067990365,0.044402424531962165,0.10391081637143848,-0.591751259983018,0.6050096900482648,-0.9667401508799225,-0.21676236908611352,0.028607267288431736,0.15056524618593495,-0.064714039136229,0.12192857371309246
P1,leave_family_out,unconstrained_direct,stability_charge,eV/atom,10,10,118.5,73.0,0.17778595118220594,0.11375689515528117,0.10727869708723216,0.24829320527717974,0.11413804274362316,0.0690435351382256,0.07134441630927754,0.15693166917796877,-2.5955222270016707,5.415404512885239,-5.952024718528586,0.7609802645252444,0.16180434330306329,0.14276615109678614,0.07331696609571162,0.25029172051041493
P1,leave_family_out,unconstrained_direct,stability_discharge,eV/atom,10,10,118.5,73.0,0.10332250638480323,0.03705409328056017,0.08035614143061673,0.12628887133898972,0.06942789338976448,0.029012201472516225,0.051445944618351405,0.08740984216117755,-0.684804255986644,1.2281821298317361,-1.4460394266964882,0.07643091472320018,0.09206980615119915,0.10658722046730096,0.026006362467134378,0.15813324983526394
P1,leave_family_out,unconstrained_direct,stability_worst,eV/atom,10,10,118.5,73.0,0.17816542986153508,0.10860116192576554,0.11085373232920437,0.2454771273938658,0.11545547121168058,0.07082608140747498,0.07155701115322405,0.1593539312701371,-2.070780384517317,5.050271745934716,-5.200971242427303,1.0594104733926688,0.12898905828115015,0.12270429700606146,0.0529361470642791,0.2050419694980212
P1,leave_family_out,unconstrained_hardderived,average_voltage,V,10,10,118.5,73.0,1.1200322340254718,0.2593488382672727,0.959286158686601,1.2807783093643426,0.893612206020584,0.21638101213803626,0.7594978652299119,1.027726546811256,-0.5126016850061454,0.9159828625923112,-1.080333745126804,0.05513037511451313,0.25046351145885154,0.07753309211811225,0.2024080030935904,0.29851901982411266
P1,leave_family_out,unconstrained_hardderived,capacity_grav,mAh/g,10,10,118.5,73.0,100.26962040366547,66.37062912391028,59.13267828077247,141.40656252655847,72.80919522362714,40.71477165537874,47.5739183060736,98.04447214118068,-0.29915636768453013,0.356016227219999,-0.5198175114355956,-0.07849522393346459,0.397699252452836,0.14539576259755904,0.30758202515153643,0.48781647975413556
P1,leave_family_out,unconstrained_hardderived,energy_grav,Wh/kg,10,10,118.5,73.0,271.4563543245331,90.24004493702913,215.52499500576937,327.3877136432968,208.61542335367108,68.59920289770899,166.0971968952296,251.13364981211257,-0.15301304078665554,0.3144654781663208,-0.3479207634605621,0.04189468188725107,0.35808549943855766,0.26091787697665764,0.19636692383219587,0.5198040750449194
P1,leave_family_out,unconstrained_hardderived,max_delta_volume,database_volume_change,10,10,118.5,73.0,0.11291295099483142,0.10738259147710949,0.04635653125149748,0.17946937073816538,0.07415662045170032,0.048005627067990365,0.044402424531962165,0.10391081637143848,-0.591751259983018,0.6050096900482648,-0.9667401508799225,-0.21676236908611352,0.028607267288431736,0.15056524618593495,-0.064714039136229,0.12192857371309246
P1,leave_family_out,unconstrained_hardderived,stability_charge,eV/atom,10,10,118.5,73.0,0.17778595118220594,0.11375689515528117,0.10727869708723216,0.24829320527717974,0.11413804274362316,0.0690435351382256,0.07134441630927754,0.15693166917796877,-2.5955222270016707,5.415404512885239,-5.952024718528586,0.7609802645252444,0.16180434330306329,0.14276615109678614,0.07331696609571162,0.25029172051041493
P1,leave_family_out,unconstrained_hardderived,stability_discharge,eV/atom,10,10,118.5,73.0,0.10332250638480323,0.03705409328056017,0.08035614143061673,0.12628887133898972,0.06942789338976448,0.029012201472516225,0.051445944618351405,0.08740984216117755,-0.684804255986644,1.2281821298317361,-1.4460394266964882,0.07643091472320018,0.09206980615119915,0.10658722046730096,0.026006362467134378,0.15813324983526394
P1,leave_family_out,unconstrained_hardderived,stability_worst,eV/atom,10,10,118.5,73.0,0.17443813777124068,0.11039817037950118,0.1060126428599871,0.24286363268249425,0.10935958998588828,0.06706895630058578,0.06778982019465855,0.15092935977711802,-1.581852023877118,3.67034538040792,-3.856755659384089,0.6930516116298526,0.12659238017366437,0.16371021149065995,0.025123739844146856,0.2280610205031819
P1,leave_working_ion_out,softconstrained_direct,average_voltage,V,3,149,394.0,73.0,0.9571636245299006,0.07494366268856353,0.8723568866283952,1.041970362431406,0.7749321894138291,0.07616800273199462,0.6887399803271608,0.8611243985004975,0.3489696324472347,0.09972231642808235,0.23612320822866062,0.4618160566658088,0.590082534985581,0.1233037965757661,0.4505511539011431,0.729613916070019
P1,leave_working_ion_out,softconstrained_direct,capacity_grav,mAh/g,3,149,394.0,73.0,61.38172289569416,10.777885708445684,49.185397074164534,73.5780487172238,46.39850435442387,6.044324364278421,39.55870744880417,53.23830126004357,0.17758104370173236,0.07284847976747492,0.0951452284702713,0.26001685893319343,0.4926156849300167,0.1140340210682565,0.3635740423193713,0.621657327540662
P1,leave_working_ion_out,softconstrained_direct,energy_grav,Wh/kg,3,149,394.0,73.0,223.27989908369273,38.81938200080561,179.35163301373026,267.2081651536552,167.64539559300252,28.06855021855103,135.8828409450943,199.40795024091074,0.2675820181812308,0.1553932063995422,0.09173805147300185,0.4434259848894597,0.5725629911981315,0.1429379770516112,0.4108134433229217,0.7343125390733413
P1,leave_working_ion_out,softconstrained_direct,max_delta_volume,database_volume_change,3,149,394.0,73.0,0.09998982668483476,0.0216541298483114,0.07548587199873495,0.12449378137093457,0.0653572884740902,0.021563852409826365,0.04095549232667611,0.08975908462150428,0.020988755791804564,0.22733393165932866,-0.23626380522151627,0.2782413168051254,0.31364833440735196,0.21380483955537827,0.07170538233152088,0.555591286483183
P1,leave_working_ion_out,softconstrained_direct,stability_charge,eV/atom,3,149,394.0,73.0,0.11126260845120373,0.0033272544684932208,0.10749746557563171,0.11502775132677574,0.0618512276806443,0.005287818716852446,0.05586749750382693,0.06783495785746167,0.11920712249820353,0.16408963578735006,-0.06647778047218272,0.3048920254685898,0.37378008456419937,0.1315583406802209,0.22490780748870196,0.5226523616396967
P1,leave_working_ion_out,softconstrained_direct,stability_discharge,eV/atom,3,149,394.0,73.0,0.07721122121740133,0.01611310142586134,0.05897753046382778,0.09544491197097488,0.044588298903947665,0.005991745919889722,0.037808000109209886,0.051368597698685445,-0.021118569919980772,0.0378806568345212,-0.06398456846414245,0.021747428624180904,0.16571631451489324,0.10916305913188908,0.04218668422718923,0.28924594480259724
P1,leave_working_ion_out,softconstrained_direct,stability_worst,eV/atom,3,149,394.0,73.0,0.1131049546308477,0.004729838868586801,0.10775263809260349,0.11845727116909191,0.06078379287179984,0.008096484930857333,0.051621757673332186,0.06994582807026749,0.1023384135413266,0.1870560037296972,-0.10933538130815097,0.3140122083908042,0.33716110710318875,0.14061190342810256,0.17804375932404665,0.49627845488233086
P1,leave_working_ion_out,softconstrained_hardderived,average_voltage,V,3,149,394.0,73.0,0.9571636245299006,0.07494366268856353,0.8723568866283952,1.041970362431406,0.7749321894138291,0.07616800273199462,0.6887399803271608,0.8611243985004975,0.3489696324472347,0.09972231642808235,0.23612320822866062,0.4618160566658088,0.590082534985581,0.1233037965757661,0.4505511539011431,0.729613916070019
P1,leave_working_ion_out,softconstrained_hardderived,capacity_grav,mAh/g,3,149,394.0,73.0,61.38172289569416,10.777885708445684,49.185397074164534,73.5780487172238,46.39850435442387,6.044324364278421,39.55870744880417,53.23830126004357,0.17758104370173236,0.07284847976747492,0.0951452284702713,0.26001685893319343,0.4926156849300167,0.1140340210682565,0.3635740423193713,0.621657327540662
P1,leave_working_ion_out,softconstrained_hardderived,energy_grav,Wh/kg,3,149,394.0,73.0,221.88862683878415,32.19682643586937,185.4544878755745,258.3227658019938,165.7296524026848,22.501926652983258,140.26632531833,191.1929794870396,0.2743062380050467,0.13955536844670619,0.1163844721075028,0.43222800390259064,0.5704429431467428,0.11421269521226635,0.4411991117084205,0.6996867745850651
P1,leave_working_ion_out,softconstrained_hardderived,max_delta_volume,database_volume_change,3,149,394.0,73.0,0.09998982668483476,0.0216541298483114,0.07548587199873495,0.12449378137093457,0.0653572884740902,0.021563852409826365,0.04095549232667611,0.08975908462150428,0.020988755791804564,0.22733393165932866,-0.23626380522151627,0.2782413168051254,0.31364833440735196,0.21380483955537827,0.07170538233152088,0.555591286483183
P1,leave_working_ion_out,softconstrained_hardderived,stability_charge,eV/atom,3,149,394.0,73.0,0.11126260845120373,0.0033272544684932208,0.10749746557563171,0.11502775132677574,0.0618512276806443,0.005287818716852446,0.05586749750382693,0.06783495785746167,0.11920712249820353,0.16408963578735006,-0.06647778047218272,0.3048920254685898,0.37378008456419937,0.1315583406802209,0.22490780748870196,0.5226523616396967
P1,leave_working_ion_out,softconstrained_hardderived,stability_discharge,eV/atom,3,149,394.0,73.0,0.07721122121740133,0.01611310142586134,0.05897753046382778,0.09544491197097488,0.044588298903947665,0.005991745919889722,0.037808000109209886,0.051368597698685445,-0.021118569919980772,0.0378806568345212,-0.06398456846414245,0.021747428624180904,0.16571631451489324,0.10916305913188908,0.04218668422718923,0.28924594480259724
P1,leave_working_ion_out,softconstrained_hardderived,stability_worst,eV/atom,3,149,394.0,73.0,0.11195025432458831,0.006798050633949127,0.10425753585217686,0.11964297279699977,0.061127142632685906,0.010567952403454152,0.04916837870944779,0.07308590655592402,0.12698637821191264,0.1361591453168192,-0.027092199422625446,0.28106495584645075,0.3129034458459728,0.11417234685216328,0.1837052728753215,0.4421016188166241
P1,leave_working_ion_out,unconstrained_direct,average_voltage,V,3,149,394.0,73.0,0.9755942808862503,0.12184047869721837,0.8377187998651479,1.1134697619073528,0.7640454252480495,0.10861722142452747,0.6411334684730124,0.8869573820230866,0.325718511282917,0.11976450595002647,0.19019221457368077,0.4612448079921533,0.5746788450807392,0.12435289348290182,0.4339602990880892,0.7153973910733892
P1,leave_working_ion_out,unconstrained_direct,capacity_grav,mAh/g,3,149,394.0,73.0,63.092190520885765,11.907423330029227,49.617672553589244,76.56670848818229,48.35351790604114,6.861753003524122,40.588713416394285,56.118322395688,0.12903879240961388,0.1259298463376761,-0.01346424372723451,0.27154182854646225,0.4832381545282544,0.12925581022196664,0.3369714359493422,0.6295048731071666
P1,leave_working_ion_out,unconstrained_direct,energy_grav,Wh/kg,3,149,394.0,73.0,223.26665854068938,54.98935113298731,161.04034984947094,285.4929672319078,165.80298964974827,45.884030566358,113.88032114772433,217.72565815177222,0.26860026942217213,0.23967750554968117,-0.002620360379528508,0.5398208992238728,0.566509356286428,0.18651975518617825,0.35544238378921866,0.7775763287836372
P1,leave_working_ion_out,unconstrained_direct,max_delta_volume,database_volume_change,3,149,394.0,73.0,0.10312576509147682,0.022324679985754055,0.07786301149275601,0.12838851869019763,0.07161329071314347,0.024804691807743466,0.043544139548105334,0.09968244187818161,-0.04607226341247277,0.27394759036282923,-0.3560731448905372,0.26392861806559165,0.24332499371094352,0.1563225930842869,0.06642932696358211,0.4202206604583049
P1,leave_working_ion_out,unconstrained_direct,stability_charge,eV/atom,3,149,394.0,73.0,0.11461456021128284,0.0074122973676473795,0.10622675612545429,0.1230023642971114,0.060022752764581695,0.005326809091781675,0.05399490082498038,0.06605060470418302,0.06582749473592465,0.17738174014564884,-0.134898840292008,0.2665538297638573,0.4044043070246996,0.14798957860552597,0.23693833385618657,0.5718702801932126
P1,leave_working_ion_out,unconstrained_direct,stability_discharge,eV/atom,3,149,394.0,73.0,0.07568732602750526,0.019804877239200717,0.05327599766507801,0.09809865438993251,0.043671649942649195,0.009439923801519255,0.03298937054869327,0.05435392933660512,0.034322181344098694,0.10921150016386118,-0.08926226513158922,0.1579066278197866,0.24216782645029652,0.0588672781192487,0.17555323026782327,0.3087824226327698
P1,leave_working_ion_out,unconstrained_direct,stability_worst,eV/atom,3,149,394.0,73.0,0.11579188097092057,0.010364890691995976,0.10406290300587652,0.12752085893596463,0.06351300878902043,0.010155435663307623,0.05202105150168121,0.07500496607635965,0.06149815732640524,0.19590328223000414,-0.16018727562561805,0.28318359027842854,0.34701385438367577,0.06925260584997804,0.26864715354972274,0.4253805552176288
P1,leave_working_ion_out,unconstrained_hardderived,average_voltage,V,3,149,394.0,73.0,0.9755942808862503,0.12184047869721837,0.8377187998651479,1.1134697619073528,0.7640454252480495,0.10861722142452747,0.6411334684730124,0.8869573820230866,0.325718511282917,0.11976450595002647,0.19019221457368077,0.4612448079921533,0.5746788450807392,0.12435289348290182,0.4339602990880892,0.7153973910733892
P1,leave_working_ion_out,unconstrained_hardderived,capacity_grav,mAh/g,3,149,394.0,73.0,63.092190520885765,11.907423330029227,49.617672553589244,76.56670848818229,48.35351790604114,6.861753003524122,40.588713416394285,56.118322395688,0.12903879240961388,0.1259298463376761,-0.01346424372723451,0.27154182854646225,0.4832381545282544,0.12925581022196664,0.3369714359493422,0.6295048731071666
P1,leave_working_ion_out,unconstrained_hardderived,energy_grav,Wh/kg,3,149,394.0,73.0,230.13630734287645,40.969931934943396,183.77446492948883,276.49814975626407,175.53030406353446,33.11512883989389,138.05700810560919,213.00360002145973,0.22635553111523152,0.14555147759258924,0.061648528967934324,0.3910625332625287,0.560960403838804,0.13919903180659454,0.40344187080923755,0.7184789368683704
P1,leave_working_ion_out,unconstrained_hardderived,max_delta_volume,database_volume_change,3,149,394.0,73.0,0.10312576509147682,0.022324679985754055,0.07786301149275601,0.12838851869019763,0.07161329071314347,0.024804691807743466,0.043544139548105334,0.09968244187818161,-0.04607226341247277,0.27394759036282923,-0.3560731448905372,0.26392861806559165,0.24332499371094352,0.1563225930842869,0.06642932696358211,0.4202206604583049
P1,leave_working_ion_out,unconstrained_hardderived,stability_charge,eV/atom,3,149,394.0,73.0,0.11461456021128284,0.0074122973676473795,0.10622675612545429,0.1230023642971114,0.060022752764581695,0.005326809091781675,0.05399490082498038,0.06605060470418302,0.06582749473592465,0.17738174014564884,-0.134898840292008,0.2665538297638573,0.4044043070246996,0.14798957860552597,0.23693833385618657,0.5718702801932126
P1,leave_working_ion_out,unconstrained_hardderived,stability_discharge,eV/atom,3,149,394.0,73.0,0.07568732602750526,0.019804877239200717,0.05327599766507801,0.09809865438993251,0.043671649942649195,0.009439923801519255,0.03298937054869327,0.05435392933660512,0.034322181344098694,0.10921150016386118,-0.08926226513158922,0.1579066278197866,0.24216782645029652,0.0588672781192487,0.17555323026782327,0.3087824226327698
P1,leave_working_ion_out,unconstrained_hardderived,stability_worst,eV/atom,3,149,394.0,73.0,0.1147312560063698,0.011881070264495973,0.10128655934005329,0.1281759526726863,0.059636611936334204,0.01181380615717585,0.04626803177293511,0.0730051920997333,0.08467125538853089,0.15771306256807968,-0.09379787570313526,0.26314038648019705,0.37958378165115864,0.0980754042361794,0.2686010140193451,0.49056654928297216
P1,random_split,softconstrained_direct,average_voltage,V,5,641,641.0,73.0,0.75658152629336,0.030440261068122608,0.7298994610369043,0.7832635915498156,0.5636106857875017,0.024721497602538067,0.5419413377227115,0.585280033852292,0.5200526393819331,0.027036115637832977,0.49635443915574723,0.5437508396081191,0.6923680797463966,0.013251676539293674,0.6807524731197783,0.7039836863730149
P1,random_split,softconstrained_direct,capacity_grav,mAh/g,5,641,641.0,73.0,63.79258509013348,2.851745677116306,61.29291979221277,66.29225038805419,44.824511029884036,0.679416162621474,44.22897650582764,45.42004555394043,0.29910577620419065,0.031077284511340696,0.2718653352805947,0.3263462171277866,0.6044369811176462,0.026425488067454254,0.5812740195559308,0.6275999426793616
P1,random_split,softconstrained_direct,energy_grav,Wh/kg,5,641,641.0,73.0,212.58232001789625,6.3706489052727315,206.99820004481026,218.16643999098224,155.36897068115854,3.8771755114288404,151.9704765034916,158.7674648588255,0.4034549118786092,0.04178076490705255,0.3668324567288392,0.44007736702837924,0.6575927001105232,0.03323347234026817,0.6284622772242933,0.6867231229967531
P1,random_split,softconstrained_direct,max_delta_volume,database_volume_change,5,641,641.0,73.0,0.0775461203732796,0.010733552513136041,0.06813774677398073,0.08695449397257847,0.041780317779024995,0.002171929967927501,0.0398765372231683,0.04368409833488169,0.23190460465044477,0.08047630897573284,0.16136400965082284,0.30244519965006667,0.38157714621329736,0.05261285489860621,0.3354599455561998,0.4276943468703949
P1,random_split,softconstrained_direct,stability_charge,eV/atom,5,641,641.0,73.0,0.10721739194288746,0.01583690402549088,0.09333573351286549,0.12109905037290943,0.04819515066314413,0.003514363530177531,0.04511467520870388,0.05127562611758438,0.12272261872841841,0.04088097309645413,0.0868888658750539,0.15855637158178293,0.3852673554574622,0.01841465466112089,0.36912619897251797,0.40140851194240645
P1,random_split,softconstrained_direct,stability_discharge,eV/atom,5,641,641.0,73.0,0.08545963792866343,0.011239719437354277,0.07560758945836309,0.09531168639896377,0.038265495481527564,0.002879236039142811,0.03574173381886566,0.04078925714418947,0.03566686419502528,0.08285841382294644,-0.03696173776481397,0.10829546615486453,0.3512287230861687,0.04803862686828451,0.3091210100786618,0.39333643609367563
P1,random_split,softconstrained_direct,stability_worst,eV/atom,5,641,641.0,73.0,0.10688568431666712,0.015148991855116768,0.09360700748984348,0.12016436114349076,0.046836328881379126,0.004384976025858588,0.04299272792775667,0.05067992983500158,0.12377083675470935,0.035002037770516865,0.09309019791880012,0.1544514755906186,0.38550605161160645,0.04462009872876635,0.3463948106348592,0.4246172925883537
P1,random_split,softconstrained_hardderived,average_voltage,V,5,641,641.0,73.0,0.75658152629336,0.030440261068122608,0.7298994610369043,0.7832635915498156,0.5636106857875017,0.024721497602538067,0.5419413377227115,0.585280033852292,0.5200526393819331,0.027036115637832977,0.49635443915574723,0.5437508396081191,0.6923680797463966,0.013251676539293674,0.6807524731197783,0.7039836863730149
P1,random_split,softconstrained_hardderived,capacity_grav,mAh/g,5,641,641.0,73.0,63.79258509013348,2.851745677116306,61.29291979221277,66.29225038805419,44.824511029884036,0.679416162621474,44.22897650582764,45.42004555394043,0.29910577620419065,0.031077284511340696,0.2718653352805947,0.3263462171277866,0.6044369811176462,0.026425488067454254,0.5812740195559308,0.6275999426793616
P1,random_split,softconstrained_hardderived,energy_grav,Wh/kg,5,641,641.0,73.0,212.34533718894585,5.75046238548248,207.30483466891604,217.38583970897565,154.77566946556038,3.0938525742543694,152.06378811554936,157.4875508155714,0.40484413425583216,0.03905357996286601,0.37061216210764886,0.43907610640401545,0.6578964466403338,0.030610795927344676,0.6310649009890785,0.684727992291589
P1,random_split,softconstrained_hardderived,max_delta_volume,database_volume_change,5,641,641.0,73.0,0.0775461203732796,0.010733552513136041,0.06813774677398073,0.08695449397257847,0.041780317779024995,0.002171929967927501,0.0398765372231683,0.04368409833488169,0.23190460465044477,0.08047630897573284,0.16136400965082284,0.30244519965006667,0.38157714621329736,0.05261285489860621,0.3354599455561998,0.4276943468703949
P1,random_split,softconstrained_hardderived,stability_charge,eV/atom,5,641,641.0,73.0,0.10721739194288746,0.01583690402549088,0.09333573351286549,0.12109905037290943,0.04819515066314413,0.003514363530177531,0.04511467520870388,0.05127562611758438,0.12272261872841841,0.04088097309645413,0.0868888658750539,0.15855637158178293,0.3852673554574622,0.01841465466112089,0.36912619897251797,0.40140851194240645
P1,random_split,softconstrained_hardderived,stability_discharge,eV/atom,5,641,641.0,73.0,0.08545963792866343,0.011239719437354277,0.07560758945836309,0.09531168639896377,0.038265495481527564,0.002879236039142811,0.03574173381886566,0.04078925714418947,0.03566686419502528,0.08285841382294644,-0.03696173776481397,0.10829546615486453,0.3512287230861687,0.04803862686828451,0.3091210100786618,0.39333643609367563
P1,random_split,softconstrained_hardderived,stability_worst,eV/atom,5,641,641.0,73.0,0.10756687473823061,0.015293670880862292,0.09416138115390468,0.12097236832255653,0.04643318251694682,0.004464823209205106,0.04251959242125268,0.050346772612640964,0.11272439847260488,0.02826270068822229,0.08795104904569959,0.13749774789951016,0.3823473011167996,0.052523332244161246,0.3363085705261212,0.428386031707478
P1,random_split,unconstrained_direct,average_voltage,V,5,641,641.0,73.0,0.7577713153343962,0.02714698648254912,0.7339759325279711,0.7815666981408214,0.5579805342240441,0.019053028410087422,0.5412798184767856,0.5746812499713027,0.5180028169894098,0.03467870892484524,0.4876055883824798,0.5484000455963397,0.7057236127498154,0.004273531296069705,0.7019776974088775,0.7094695280907534
P1,random_split,unconstrained_direct,capacity_grav,mAh/g,5,641,641.0,73.0,64.41898601367335,3.0548799125194055,61.741265707856485,67.09670631949021,45.26362484550056,0.9166837310829451,44.46011612796527,46.067133563035846,0.2851695527883294,0.03782467727682914,0.2520147613380806,0.3183243442385782,0.5952921910843851,0.025413096568096028,0.5730166297979337,0.6175677523708366
P1,random_split,unconstrained_direct,energy_grav,Wh/kg,5,641,641.0,73.0,213.1088805872186,5.802570942186172,208.02270290338924,218.19505827104797,156.52492980333128,3.299711539240321,153.6326051146416,159.41725449202096,0.40116783446003723,0.024405071681604034,0.3797758459439151,0.42255982297615935,0.6578725593152187,0.02359683018723959,0.6371890257051614,0.678556092925276
P1,random_split,unconstrained_direct,max_delta_volume,database_volume_change,5,641,641.0,73.0,0.07853154577916922,0.01107436784039607,0.06882443437397567,0.08823865718436277,0.04122632663643782,0.0011974380997923535,0.04017672586436414,0.0422759274085115,0.21496817903492862,0.05415417343130786,0.1674999531163034,0.26243640495355386,0.4006962098424915,0.026635926433117123,0.3773487909204232,0.42404362876455975
P1,random_split,unconstrained_direct,stability_charge,eV/atom,5,641,641.0,73.0,0.1068428329708119,0.015734439317126914,0.09305098881764297,0.12063467712398084,0.047704718461259975,0.003243667925130807,0.04486151816626493,0.05054791875625502,0.12879062474065758,0.04328992017050708,0.09084533667787467,0.1667359128034405,0.4217848632750375,0.037556198230619335,0.3888654040847496,0.4547043224653254
P1,random_split,unconstrained_direct,stability_discharge,eV/atom,5,641,641.0,73.0,0.08551819507834982,0.011666969833404789,0.07529164512388828,0.09574474503281136,0.03756664900847586,0.0020746395014259104,0.03574814730650997,0.03938515071044175,0.03576121839094534,0.07298580552078672,-0.02821366084358161,0.0997360976254723,0.36758360539563956,0.039307970756450546,0.33312864988539265,0.40203856090588647
P1,random_split,unconstrained_direct,stability_worst,eV/atom,5,641,641.0,73.0,0.10792992526784247,0.015415693583340289,0.09441747406896124,0.12144237646672369,0.04829536558066715,0.00396932040766631,0.04481610284030769,0.05177462832102662,0.10648504225683897,0.04543344075999081,0.0666608755563477,0.14630920895733024,0.38197493187739173,0.03387487696197279,0.35228229305175796,0.4116675707030255
P1,random_split,unconstrained_hardderived,average_voltage,V,5,641,641.0,73.0,0.7577713153343962,0.02714698648254912,0.7339759325279711,0.7815666981408214,0.5579805342240441,0.019053028410087422,0.5412798184767856,0.5746812499713027,0.5180028169894098,0.03467870892484524,0.4876055883824798,0.5484000455963397,0.7057236127498154,0.004273531296069705,0.7019776974088775,0.7094695280907534
P1,random_split,unconstrained_hardderived,capacity_grav,mAh/g,5,641,641.0,73.0,64.41898601367335,3.0548799125194055,61.741265707856485,67.09670631949021,45.26362484550056,0.9166837310829451,44.46011612796527,46.067133563035846,0.2851695527883294,0.03782467727682914,0.2520147613380806,0.3183243442385782,0.5952921910843851,0.025413096568096028,0.5730166297979337,0.6175677523708366
P1,random_split,unconstrained_hardderived,energy_grav,Wh/kg,5,641,641.0,73.0,215.31769394234476,6.137368262866682,209.93805346796665,220.69733441672287,157.74551887609238,4.301657184506868,153.97495010695295,161.5160876452318,0.38806991989822176,0.04015624827651918,0.35287141635810076,0.42326842343834276,0.6519194841443677,0.031120094371263608,0.6246415187240689,0.6791974495646665
P1,random_split,unconstrained_hardderived,max_delta_volume,database_volume_change,5,641,641.0,73.0,0.07853154577916922,0.01107436784039607,0.06882443437397567,0.08823865718436277,0.04122632663643782,0.0011974380997923535,0.04017672586436414,0.0422759274085115,0.21496817903492862,0.05415417343130786,0.1674999531163034,0.26243640495355386,0.4006962098424915,0.026635926433117123,0.3773487909204232,0.42404362876455975
P1,random_split,unconstrained_hardderived,stability_charge,eV/atom,5,641,641.0,73.0,0.1068428329708119,0.015734439317126914,0.09305098881764297,0.12063467712398084,0.047704718461259975,0.003243667925130807,0.04486151816626493,0.05054791875625502,0.12879062474065758,0.04328992017050708,0.09084533667787467,0.1667359128034405,0.4217848632750375,0.037556198230619335,0.3888654040847496,0.4547043224653254
P1,random_split,unconstrained_hardderived,stability_discharge,eV/atom,5,641,641.0,73.0,0.08551819507834982,0.011666969833404789,0.07529164512388828,0.09574474503281136,0.03756664900847586,0.0020746395014259104,0.03574814730650997,0.03938515071044175,0.03576121839094534,0.07298580552078672,-0.02821366084358161,0.0997360976254723,0.36758360539563956,0.039307970756450546,0.33312864988539265,0.40203856090588647
P1,random_split,unconstrained_hardderived,stability_worst,eV/atom,5,641,641.0,73.0,0.10713393260258304,0.01511601188946529,0.09388416399023558,0.1203837012149305,0.04570348367865556,0.003669086973172523,0.04248738714680546,0.04891958021050566,0.11977649947207591,0.028415412333818734,0.09486929238593089,0.14468370655822094,0.408696797414467,0.029913844608604363,0.3824761565292907,0.43491743829964336
P2,framework_groupkfold,softconstrained_direct,average_voltage,V,5,640,640.0,77.0,0.7804995127994331,0.05384530739877671,0.7333020198951226,0.8276970057037436,0.5905671765783956,0.036171798063579425,0.5588611976376806,0.6222731555191107,0.5068866103908898,0.08641596671117512,0.4311396758351316,0.582633544946648,0.6792014998845224,0.05678196501529242,0.6294299130858005,0.7289730866832442
P2,framework_groupkfold,softconstrained_direct,capacity_grav,mAh/g,5,640,640.0,77.0,62.09734247639115,5.010742949112195,57.70523263041004,66.48945232237226,44.03211699481322,3.2203382638069455,41.20936604959416,46.854867940032285,0.3261556528136142,0.06754870926075156,0.26694659857944547,0.3853647070477829,0.6147532994206156,0.05398143693309953,0.5674364837184486,0.6620701151227827
P2,framework_groupkfold,softconstrained_direct,energy_grav,Wh/kg,5,640,640.0,77.0,215.55914967987437,14.366822079194243,202.96607489030288,228.15222446944585,156.473805427476,10.94439867763876,146.88061701638085,166.06699383857116,0.41303450056111163,0.06283079026981184,0.3579608846567656,0.46810811646545764,0.669515043421965,0.049046959698418456,0.6265234877196253,0.7125065991243047
P2,framework_groupkfold,softconstrained_direct,max_delta_volume,database_volume_change,5,640,640.0,77.0,0.07649069333101256,0.024413026325653064,0.05509173226195692,0.09788965440006821,0.042586837045819,0.001244189581848745,0.04149625679290995,0.043677417298728045,0.07585065458221071,0.05665698736559146,0.026188615523485496,0.12551269364093592,0.3473524602426025,0.0504931110767782,0.30309329696745807,0.391611623517747
P2,framework_groupkfold,softconstrained_direct,stability_charge,eV/atom,5,640,640.0,77.0,0.10515097385453184,0.01396142464889953,0.0929132455800811,0.11738870212898259,0.049417325925960244,0.003538076561703597,0.0463160650829456,0.05251858676897489,0.04968043431826804,0.1313303713818005,-0.06543571174637153,0.16479658038290762,0.36840699483482287,0.07557156401977819,0.302165598343656,0.43464839132598976
P2,framework_groupkfold,softconstrained_direct,stability_discharge,eV/atom,5,640,640.0,77.0,0.07995706546014904,0.013821887246684296,0.06784164711146703,0.09207248380883104,0.038590825890662636,0.0030303016392511707,0.035934649391246326,0.041247002390078946,0.029926054499859717,0.10015824401914221,-0.05786651721659525,0.11771862621631468,0.35894223936451397,0.04200794218453287,0.32212065455127137,0.3957638241777566
P2,framework_groupkfold,softconstrained_direct,stability_worst,eV/atom,5,640,640.0,77.0,0.1039724594700481,0.013247835672876048,0.09236021951128348,0.11558469942881272,0.047436684183882305,0.003049171288331114,0.044763967707788704,0.050109400659975906,0.06639683303950919,0.11581744485900809,-0.035121633397040455,0.16791529947605882,0.37761922848458984,0.08242561159835293,0.3053699944011923,0.4498684625679874
P2,framework_groupkfold,softconstrained_hardderived,average_voltage,V,5,640,640.0,77.0,0.7804995127994331,0.05384530739877671,0.7333020198951226,0.8276970057037436,0.5905671765783956,0.036171798063579425,0.5588611976376806,0.6222731555191107,0.5068866103908898,0.08641596671117512,0.4311396758351316,0.582633544946648,0.6792014998845224,0.05678196501529242,0.6294299130858005,0.7289730866832442
P2,framework_groupkfold,softconstrained_hardderived,capacity_grav,mAh/g,5,640,640.0,77.0,62.09734247639115,5.010742949112195,57.70523263041004,66.48945232237226,44.03211699481322,3.2203382638069455,41.20936604959416,46.854867940032285,0.3261556528136142,0.06754870926075156,0.26694659857944547,0.3853647070477829,0.6147532994206156,0.05398143693309953,0.5674364837184486,0.6620701151227827
P2,framework_groupkfold,softconstrained_hardderived,energy_grav,Wh/kg,5,640,640.0,77.0,214.88082676886816,13.108488187406783,203.3907302665047,226.37092327123162,155.23506257499568,9.278781441981868,147.10185204236276,163.3682731076286,0.41713550946502737,0.05202320331744106,0.37153516120719177,0.46273585772286296,0.6710600770222132,0.04484502795503244,0.6317516768857634,0.7103684771586629
P2,framework_groupkfold,softconstrained_hardderived,max_delta_volume,database_volume_change,5,640,640.0,77.0,0.07649069333101256,0.024413026325653064,0.05509173226195692,0.09788965440006821,0.042586837045819,0.001244189581848745,0.04149625679290995,0.043677417298728045,0.07585065458221071,0.05665698736559146,0.026188615523485496,0.12551269364093592,0.3473524602426025,0.0504931110767782,0.30309329696745807,0.391611623517747
P2,framework_groupkfold,softconstrained_hardderived,stability_charge,eV/atom,5,640,640.0,77.0,0.10515097385453184,0.01396142464889953,0.0929132455800811,0.11738870212898259,0.049417325925960244,0.003538076561703597,0.0463160650829456,0.05251858676897489,0.04968043431826804,0.1313303713818005,-0.06543571174637153,0.16479658038290762,0.36840699483482287,0.07557156401977819,0.302165598343656,0.43464839132598976
P2,framework_groupkfold,softconstrained_hardderived,stability_discharge,eV/atom,5,640,640.0,77.0,0.07995706546014904,0.013821887246684296,0.06784164711146703,0.09207248380883104,0.038590825890662636,0.0030303016392511707,0.035934649391246326,0.041247002390078946,0.029926054499859717,0.10015824401914221,-0.05786651721659525,0.11771862621631468,0.35894223936451397,0.04200794218453287,0.32212065455127137,0.3957638241777566
P2,framework_groupkfold,softconstrained_hardderived,stability_worst,eV/atom,5,640,640.0,77.0,0.10429315879286102,0.013344195665902881,0.09259645557616639,0.11598986200955566,0.04671749682260832,0.0025514136562862885,0.04448108414793077,0.04895390949728587,0.06186778737495944,0.10112821426695287,-0.026775000750316254,0.15051057550023514,0.3871186404509746,0.07470882805705874,0.3216334653734433,0.4526038155285059
P2,framework_groupkfold,unconstrained_direct,average_voltage,V,5,640,640.0,77.0,0.8048269193476528,0.02715239691721982,0.7810267940861408,0.8286270446091648,0.600972111599459,0.015720317085904493,0.5871926461277409,0.614751577071177,0.4770350060217531,0.06174641073492605,0.42291189068794544,0.5311581213555607,0.6729204832892257,0.03477777999781605,0.6424364150580193,0.7034045515204321
P2,framework_groupkfold,unconstrained_direct,capacity_grav,mAh/g,5,640,640.0,77.0,63.90611911988829,5.8081040026627955,58.815091494713975,68.9971467450626,45.273391178176254,3.7517109936188837,41.98487149921954,48.56191085713297,0.286220404372019,0.08005681762966771,0.2160475097493807,0.3563932989946573,0.6125039815562949,0.03966352061101483,0.5777373728575232,0.6472705902550666
P2,framework_groupkfold,unconstrained_direct,energy_grav,Wh/kg,5,640,640.0,77.0,224.9557325032202,20.209145978688767,207.24163502639885,242.66982998004153,163.925360357784,11.959624802882301,153.44228701228616,174.40843370328184,0.3608848857808059,0.08650034434953785,0.285063990964065,0.43670578059754683,0.6471744252837008,0.03955306424321985,0.6125046358601285,0.6818442147072732
P2,framework_groupkfold,unconstrained_direct,max_delta_volume,database_volume_change,5,640,640.0,77.0,0.07572987732632314,0.024344218250518888,0.05439122919436065,0.09706852545828562,0.043564818315754913,0.0025742178268486665,0.041308416904262554,0.04582121972724727,0.09648633230941113,0.06132991434763089,0.042728292155478534,0.1502443724633437,0.3843317260523163,0.042753193644869986,0.34685689953222093,0.4218065525724117
P2,framework_groupkfold,unconstrained_direct,stability_charge,eV/atom,5,640,640.0,77.0,0.10823388003348773,0.014774300833889297,0.09528363436752128,0.12118412569945418,0.05105835378768756,0.004647394909218351,0.04698473254105047,0.055131975034324654,-0.015861872782809594,0.2229153216710949,-0.21125576727606726,0.17953202171044808,0.3488936142763081,0.1033739499421416,0.2582823520403788,0.4395048765122374
P2,framework_groupkfold,unconstrained_direct,stability_discharge,eV/atom,5,640,640.0,77.0,0.08103596070161184,0.013448863504747853,0.06924751207905279,0.0928244093241709,0.03924232623198108,0.003234965504715755,0.03640675394480383,0.04207789851915833,-0.0017054715778266644,0.14325722090328535,-0.127275962187147,0.12386501903149369,0.3890946205735797,0.04526882208338027,0.34941474850518517,0.4287744926419742
P2,framework_groupkfold,unconstrained_direct,stability_worst,eV/atom,5,640,640.0,77.0,0.1072262212234955,0.013483604087926709,0.09540732113715461,0.11904512130983638,0.05137854927328448,0.004057697384033069,0.047821820697618644,0.05493527784895032,-0.005263171814963258,0.23138305176778798,-0.20807935899186095,0.19755301536193445,0.38182588594793787,0.07334798170428106,0.31753354529149,0.4461182266043857
P2,framework_groupkfold,unconstrained_hardderived,average_voltage,V,5,640,640.0,77.0,0.8048269193476528,0.02715239691721982,0.7810267940861408,0.8286270446091648,0.600972111599459,0.015720317085904493,0.5871926461277409,0.614751577071177,0.4770350060217531,0.06174641073492605,0.42291189068794544,0.5311581213555607,0.6729204832892257,0.03477777999781605,0.6424364150580193,0.7034045515204321
P2,framework_groupkfold,unconstrained_hardderived,capacity_grav,mAh/g,5,640,640.0,77.0,63.90611911988829,5.8081040026627955,58.815091494713975,68.9971467450626,45.273391178176254,3.7517109936188837,41.98487149921954,48.56191085713297,0.286220404372019,0.08005681762966771,0.2160475097493807,0.3563932989946573,0.6125039815562949,0.03966352061101483,0.5777373728575232,0.6472705902550666
P2,framework_groupkfold,unconstrained_hardderived,energy_grav,Wh/kg,5,640,640.0,77.0,226.4256667686198,24.220382738642297,205.19556524871047,247.65576828852915,163.71832710033658,14.26681453376729,151.2129127893414,176.22374141133176,0.3528531379136998,0.09957067509143189,0.265575593070265,0.44013068275713463,0.6520878961843115,0.03201242600285571,0.6240277676028212,0.6801480247658018
P2,framework_groupkfold,unconstrained_hardderived,max_delta_volume,database_volume_change,5,640,640.0,77.0,0.07572987732632314,0.024344218250518888,0.05439122919436065,0.09706852545828562,0.043564818315754913,0.0025742178268486665,0.041308416904262554,0.04582121972724727,0.09648633230941113,0.06132991434763089,0.042728292155478534,0.1502443724633437,0.3843317260523163,0.042753193644869986,0.34685689953222093,0.4218065525724117
P2,framework_groupkfold,unconstrained_hardderived,stability_charge,eV/atom,5,640,640.0,77.0,0.10823388003348773,0.014774300833889297,0.09528363436752128,0.12118412569945418,0.05105835378768756,0.004647394909218351,0.04698473254105047,0.055131975034324654,-0.015861872782809594,0.2229153216710949,-0.21125576727606726,0.17953202171044808,0.3488936142763081,0.1033739499421416,0.2582823520403788,0.4395048765122374
P2,framework_groupkfold,unconstrained_hardderived,stability_discharge,eV/atom,5,640,640.0,77.0,0.08103596070161184,0.013448863504747853,0.06924751207905279,0.0928244093241709,0.03924232623198108,0.003234965504715755,0.03640675394480383,0.04207789851915833,-0.0017054715778266644,0.14325722090328535,-0.127275962187147,0.12386501903149369,0.3890946205735797,0.04526882208338027,0.34941474850518517,0.4287744926419742
P2,framework_groupkfold,unconstrained_hardderived,stability_worst,eV/atom,5,640,640.0,77.0,0.10591129604973022,0.012942125950205878,0.09456702247770465,0.11725556962175579,0.04784943151285311,0.003021589431355066,0.045200891600360005,0.05049797142534622,0.0266430915762468,0.15925524791309467,-0.11295028798579956,0.16623647113829318,0.396795162001246,0.0835412692406341,0.3235680108773673,0.47002231312512466
P2,leave_chemical_system_out,softconstrained_direct,average_voltage,V,75,7,17.0,77.0,0.7520567525903362,0.33140194551440133,0.6770534316288758,0.8270600735517967,0.6207777200281419,0.31606260599928887,0.549246018411592,0.6923094216446918,-0.982212879646364,2.1813176716444014,-1.475891542851861,-0.4885342164408667,0.2725928307711359,0.3270361515693225,0.19857758199496717,0.3466080795473046
P2,leave_chemical_system_out,softconstrained_direct,capacity_grav,mAh/g,75,7,17.0,77.0,59.352194334366956,23.77696790989712,53.97095991563641,64.7334287530975,47.95422366176614,18.60587123531447,43.74331859340934,52.165128730122944,-1.2295646611639504e+26,1.0648342321635868e+27,-3.6395113970452934e+26,1.1803820747173925e+26,0.4309965299152127,0.27481064243637177,0.36838219687680823,0.49361086295361717
P2,leave_chemical_system_out,softconstrained_direct,energy_grav,Wh/kg,75,7,17.0,77.0,211.79758641841684,95.12806885677887,190.26807768293224,233.32709515390144,170.8479286563441,78.34884816585638,153.1159150532764,188.57994225941178,-0.33646737516240205,1.057675274914916,-0.5758418241998386,-0.09709292612496548,0.43413567149296495,0.2628314414575876,0.374651316529967,0.49362002645596287
P2,leave_chemical_system_out,softconstrained_direct,max_delta_volume,database_volume_change,75,7,17.0,77.0,0.055008943347794374,0.029882671296616068,0.048245858167449474,0.061772028528139275,0.04234806307947203,0.02167499860232125,0.03744254909859994,0.047253577060344124,-1.7216122319025404,5.1117006087113985,-2.87849898710541,-0.564725476699671,0.14492925351690836,0.30436035404903566,0.07604602083929103,0.2138124861945257
P2,leave_chemical_system_out,softconstrained_direct,stability_charge,eV/atom,75,7,17.0,77.0,0.06433734548651703,0.051876004060088646,0.052596700522355905,0.07607799045067815,0.0463422989982768,0.03207678201147762,0.03908263981648389,0.05360195818006971,-32.599600479414946,192.3641289658119,-76.13570128262398,10.936500323794085,0.07453575327605566,0.3278907991868236,0.0003270795353325362,0.14874442701677879
P2,leave_chemical_system_out,softconstrained_direct,stability_discharge,eV/atom,75,7,17.0,77.0,0.05317882854691794,0.041646231624165246,0.04375339903565138,0.0626042580581845,0.03766665141673304,0.021741121361939002,0.03274617244657951,0.042587130386886565,-0.8233372639200438,1.4865370148167845,-1.1597722618206505,-0.4869022660194371,0.1810378903519888,0.3031887286826808,0.11241982145686799,0.24965595924710962
P2,leave_chemical_system_out,softconstrained_direct,stability_worst,eV/atom,75,7,17.0,77.0,0.06339415070863902,0.05072679374880469,0.05191359652244741,0.07487470489483063,0.045232542076393864,0.03065863553200384,0.03829383965725736,0.052171244495530365,-3.4095479365594734,19.42084505597895,-7.804898943975581,0.9858030708566341,0.13975268443124436,0.3007486607857179,0.07168685488812733,0.2078185139743614
P2,leave_chemical_system_out,softconstrained_hardderived,average_voltage,V,75,7,17.0,77.0,0.7520567525903362,0.33140194551440133,0.6770534316288758,0.8270600735517967,0.6207777200281419,0.31606260599928887,0.549246018411592,0.6923094216446918,-0.982212879646364,2.1813176716444014,-1.475891542851861,-0.4885342164408667,0.2725928307711359,0.3270361515693225,0.19857758199496717,0.3466080795473046
P2,leave_chemical_system_out,softconstrained_hardderived,capacity_grav,mAh/g,75,7,17.0,77.0,59.352194334366956,23.77696790989712,53.97095991563641,64.7334287530975,47.95422366176614,18.60587123531447,43.74331859340934,52.165128730122944,-1.2295646611639504e+26,1.0648342321635868e+27,-3.6395113970452934e+26,1.1803820747173925e+26,0.4309965299152127,0.27481064243637177,0.36838219687680823,0.49361086295361717
P2,leave_chemical_system_out,softconstrained_hardderived,energy_grav,Wh/kg,75,7,17.0,77.0,210.42721215496977,94.83174916496493,188.96476687898846,231.88965743095108,170.16923276869923,77.01937010814738,152.73810837531553,187.60035716208293,-0.3122676436504611,1.0387743351707248,-0.5473644073293934,-0.07717087997152886,0.4299066980075647,0.25296176554954447,0.3726560609811574,0.487157335033972
P2,leave_chemical_system_out,softconstrained_hardderived,max_delta_volume,database_volume_change,75,7,17.0,77.0,0.055008943347794374,0.029882671296616068,0.048245858167449474,0.061772028528139275,0.04234806307947203,0.02167499860232125,0.03744254909859994,0.047253577060344124,-1.7216122319025404,5.1117006087113985,-2.87849898710541,-0.564725476699671,0.14492925351690836,0.30436035404903566,0.07604602083929103,0.2138124861945257
P2,leave_chemical_system_out,softconstrained_hardderived,stability_charge,eV/atom,75,7,17.0,77.0,0.06433734548651703,0.051876004060088646,0.052596700522355905,0.07607799045067815,0.0463422989982768,0.03207678201147762,0.03908263981648389,0.05360195818006971,-32.599600479414946,192.3641289658119,-76.13570128262398,10.936500323794085,0.07453575327605566,0.3278907991868236,0.0003270795353325362,0.14874442701677879
P2,leave_chemical_system_out,softconstrained_hardderived,stability_discharge,eV/atom,75,7,17.0,77.0,0.05317882854691794,0.041646231624165246,0.04375339903565138,0.0626042580581845,0.03766665141673304,0.021741121361939002,0.03274617244657951,0.042587130386886565,-0.8233372639200438,1.4865370148167845,-1.1597722618206505,-0.4869022660194371,0.1810378903519888,0.3031887286826808,0.11241982145686799,0.24965595924710962
P2,leave_chemical_system_out,softconstrained_hardderived,stability_worst,eV/atom,75,7,17.0,77.0,0.06228744422407145,0.05218057098361137,0.05047786927615974,0.07409701917198316,0.04341408218340356,0.03138856472780607,0.036310181235734235,0.05051798313107289,-3.476980079752517,22.2762503270743,-8.518570135918276,1.5646099764132422,0.13408326859526712,0.29738951201319863,0.0667776859877904,0.20138885120274386
P2,leave_chemical_system_out,unconstrained_direct,average_voltage,V,75,7,17.0,77.0,0.7720604270574161,0.3099378828831973,0.7019148807724629,0.8422059733423692,0.622252294740511,0.27647066028068484,0.5596810939671649,0.6848234955138571,-0.9894390522333383,2.000721984456467,-1.4422450637427593,-0.5366330407239173,0.2516148519863789,0.33071765115801827,0.1767664014170166,0.3264633025557412
P2,leave_chemical_system_out,unconstrained_direct,capacity_grav,mAh/g,75,7,17.0,77.0,62.07741349077911,26.709087930979837,56.03257784092896,68.12224914062926,51.158886005249556,22.679618603436364,46.02600511417124,56.29176689632787,-4.5931230585571636e+27,3.977761251418584e+28,-1.3595644253329206e+28,4.4093981362148785e+27,0.4180215089050304,0.2440497487170015,0.36241590313725763,0.4736271146728032
P2,leave_chemical_system_out,unconstrained_direct,energy_grav,Wh/kg,75,7,17.0,77.0,217.91745392653758,110.18575845199624,192.98006922371331,242.85483862936184,176.6975344242365,96.3440744493006,154.8928177155299,198.5022511329431,-0.5209513215946777,1.7428969783333002,-0.915406041122,-0.1264966020673554,0.4202338135944841,0.24377203036368486,0.36506300943274506,0.4754046177562231
P2,leave_chemical_system_out,unconstrained_direct,max_delta_volume,database_volume_change,75,7,17.0,77.0,0.05404498770696171,0.03158362220517931,0.046896941096361375,0.06119303431756204,0.04206831014625425,0.02383053947080303,0.036674951341920614,0.047461668950587885,-1.1635327050022028,2.7985965859851434,-1.7969147379727053,-0.5301506720317003,0.17600407488204464,0.306473726577284,0.10664254097477911,0.24536560878931019
P2,leave_chemical_system_out,unconstrained_direct,stability_charge,eV/atom,75,7,17.0,77.0,0.07082115444755555,0.05694885630171573,0.05793241494134749,0.0837098939537636,0.05129477039910301,0.037441567763545035,0.04282094590205459,0.05976859489615143,-10.44791936507015,52.6416780346709,-22.361852662763205,1.4660139326229018,0.09369274430836687,0.35297628106568874,0.013806691559162143,0.1735787970575716
P2,leave_chemical_system_out,unconstrained_direct,stability_discharge,eV/atom,75,7,17.0,77.0,0.05473192783278991,0.04240234227099615,0.045135374372813244,0.06432848129276658,0.03860105780746114,0.022704715186094154,0.03346249702503157,0.043739618589890714,-0.9552389966729649,1.600433692234115,-1.317451239301318,-0.5930267540446118,0.16940785804462635,0.2613962385008122,0.11024832008849535,0.22856739600075737
P2,leave_chemical_system_out,unconstrained_direct,stability_worst,eV/atom,75,7,17.0,77.0,0.07068405243995171,0.052497648022796294,0.05880271620258051,0.08256538867732291,0.051255189577681846,0.03247863683905391,0.04390458208668142,0.058605797068682276,-5.468325978792334,30.9480801398444,-12.472535879451712,1.5358839218670441,0.09083020028981326,0.3399378810117141,0.01389501526274653,0.16776538531687998
P2,leave_chemical_system_out,unconstrained_hardderived,average_voltage,V,75,7,17.0,77.0,0.7720604270574161,0.3099378828831973,0.7019148807724629,0.8422059733423692,0.622252294740511,0.27647066028068484,0.5596810939671649,0.6848234955138571,-0.9894390522333383,2.000721984456467,-1.4422450637427593,-0.5366330407239173,0.2516148519863789,0.33071765115801827,0.1767664014170166,0.3264633025557412
P2,leave_chemical_system_out,unconstrained_hardderived,capacity_grav,mAh/g,75,7,17.0,77.0,62.07741349077911,26.709087930979837,56.03257784092896,68.12224914062926,51.158886005249556,22.679618603436364,46.02600511417124,56.29176689632787,-4.5931230585571636e+27,3.977761251418584e+28,-1.3595644253329206e+28,4.4093981362148785e+27,0.4180215089050304,0.2440497487170015,0.36241590313725763,0.4736271146728032
P2,leave_chemical_system_out,unconstrained_hardderived,energy_grav,Wh/kg,75,7,17.0,77.0,220.97708136734624,113.01357936642933,195.39970054338414,246.55446219130835,179.897585226715,96.65128337939049,158.02334059188235,201.77182986154764,-0.5073420100216705,1.6366401745510166,-0.877748550996356,-0.13693546904698495,0.41884061552750546,0.24939759356920474,0.3623966265567948,0.47528460449821613
P2,leave_chemical_system_out,unconstrained_hardderived,max_delta_volume,database_volume_change,75,7,17.0,77.0,0.05404498770696171,0.03158362220517931,0.046896941096361375,0.06119303431756204,0.04206831014625425,0.02383053947080303,0.036674951341920614,0.047461668950587885,-1.1635327050022028,2.7985965859851434,-1.7969147379727053,-0.5301506720317003,0.17600407488204464,0.306473726577284,0.10664254097477911,0.24536560878931019
P2,leave_chemical_system_out,unconstrained_hardderived,stability_charge,eV/atom,75,7,17.0,77.0,0.07082115444755555,0.05694885630171573,0.05793241494134749,0.0837098939537636,0.05129477039910301,0.037441567763545035,0.04282094590205459,0.05976859489615143,-10.44791936507015,52.6416780346709,-22.361852662763205,1.4660139326229018,0.09369274430836687,0.35297628106568874,0.013806691559162143,0.1735787970575716
P2,leave_chemical_system_out,unconstrained_hardderived,stability_discharge,eV/atom,75,7,17.0,77.0,0.05473192783278991,0.04240234227099615,0.045135374372813244,0.06432848129276658,0.03860105780746114,0.022704715186094154,0.03346249702503157,0.043739618589890714,-0.9552389966729649,1.600433692234115,-1.317451239301318,-0.5930267540446118,0.16940785804462635,0.2613962385008122,0.11024832008849535,0.22856739600075737
P2,leave_chemical_system_out,unconstrained_hardderived,stability_worst,eV/atom,75,7,17.0,77.0,0.06742711395913294,0.056116039965295544,0.05472685853344382,0.08012736938482205,0.047567431100082845,0.03571647263084288,0.039484032385617804,0.055650829814547886,-3.0204480865213283,13.485935584141123,-6.072602634114237,0.031706461071580705,0.11749098132410424,0.32393395865733826,0.044177824897757914,0.19080413775045058
P2,leave_family_out,softconstrained_direct,average_voltage,V,10,10,118.5,77.0,1.3023892206825416,0.39209318378937047,1.059367347585463,1.5454110937796202,1.1103738843741209,0.38069766300290175,0.8744150282356131,1.3463327405126286,-1.3237735450514436,2.1378526956890873,-2.64882837383188,0.0012812837289926104,0.3297568046420168,0.13662117845138325,0.24507812093957018,0.4144354883444634
P2,leave_family_out,softconstrained_direct,capacity_grav,mAh/g,10,10,118.5,77.0,93.8504674453922,58.19622580776817,57.78007298890032,129.92086190188408,67.91658721385338,35.614441226267445,45.842527847489144,89.9906465802176,-0.16844312838133327,0.29060893800837634,-0.34856441427312584,0.011678157510459308,0.40553171571755486,0.20241643593353773,0.28007270893046293,0.5309907225046469
P2,leave_family_out,softconstrained_direct,energy_grav,Wh/kg,10,10,118.5,77.0,281.5824495686032,103.17309087433335,217.6351053297276,345.52979380747877,216.78753188314218,84.27664619696608,164.55232539679645,269.0227383694879,-0.2945787809501508,0.5689191832667396,-0.6471985439925383,0.05804098209223674,0.3764406475589195,0.1536532178726196,0.28120539645377185,0.4716758986640671
P2,leave_family_out,softconstrained_direct,max_delta_volume,database_volume_change,10,10,118.5,77.0,0.11777360823407199,0.10016499683859723,0.05569069999469965,0.1798565164734443,0.07782147523428651,0.0425038351755899,0.05147732525862612,0.1041656252099469,-1.1003844953311241,1.7703206724626188,-2.1976406160482336,-0.0031283746140149393,0.13137912123390824,0.19180773102418935,0.012495457872293891,0.2502627845955226
P2,leave_family_out,softconstrained_direct,stability_charge,eV/atom,10,10,118.5,77.0,0.17015485592206234,0.11143372356779917,0.10108751849500767,0.23922219334911698,0.10537342097854893,0.07066909161294839,0.06157226420283316,0.1491745777542647,-2.1986996779152364,5.2142035916186655,-5.430496546450941,1.033097190620468,0.03183208362620716,0.19133311678671894,-0.08675741078333848,0.1504215780357528
P2,leave_family_out,softconstrained_direct,stability_discharge,eV/atom,10,10,118.5,77.0,0.09840370428836284,0.03902830151168288,0.07421371239535958,0.1225936961813661,0.06256095446210638,0.02595521936559566,0.04647374283064619,0.07864816609356658,-0.46749315784887935,0.8533819713183214,-0.9964247835729938,0.0614384678752351,0.13066730043007238,0.14068152353957925,0.04347198876889036,0.2178626120912544
P2,leave_family_out,softconstrained_direct,stability_worst,eV/atom,10,10,118.5,77.0,0.1700187926116687,0.11089381051739437,0.1012860967602488,0.23875148846308858,0.1026825386548251,0.06964060210215328,0.059518846282235485,0.14584623102741473,-1.4826711487628912,3.63460670422824,-3.735423723281611,0.7700814257558286,0.08799073163927196,0.22063337618638476,-0.048759251694667216,0.22474071497321113
P2,leave_family_out,softconstrained_hardderived,average_voltage,V,10,10,118.5,77.0,1.3023892206825416,0.39209318378937047,1.059367347585463,1.5454110937796202,1.1103738843741209,0.38069766300290175,0.8744150282356131,1.3463327405126286,-1.3237735450514436,2.1378526956890873,-2.64882837383188,0.0012812837289926104,0.3297568046420168,0.13662117845138325,0.24507812093957018,0.4144354883444634
P2,leave_family_out,softconstrained_hardderived,capacity_grav,mAh/g,10,10,118.5,77.0,93.8504674453922,58.19622580776817,57.78007298890032,129.92086190188408,67.91658721385338,35.614441226267445,45.842527847489144,89.9906465802176,-0.16844312838133327,0.29060893800837634,-0.34856441427312584,0.011678157510459308,0.40553171571755486,0.20241643593353773,0.28007270893046293,0.5309907225046469
P2,leave_family_out,softconstrained_hardderived,energy_grav,Wh/kg,10,10,118.5,77.0,284.7413830494496,109.02733561362594,217.16554032875428,352.31722577014494,216.61462309861562,88.6336027765119,161.6789469465369,271.55029925069437,-0.28944487879282094,0.5368490581770274,-0.622187372369728,0.043297614784086114,0.4044924424808684,0.16735992004774422,0.3007616893514571,0.5082231956102797
P2,leave_family_out,softconstrained_hardderived,max_delta_volume,database_volume_change,10,10,118.5,77.0,0.11777360823407199,0.10016499683859723,0.05569069999469965,0.1798565164734443,0.07782147523428651,0.0425038351755899,0.05147732525862612,0.1041656252099469,-1.1003844953311241,1.7703206724626188,-2.1976406160482336,-0.0031283746140149393,0.13137912123390824,0.19180773102418935,0.012495457872293891,0.2502627845955226
P2,leave_family_out,softconstrained_hardderived,stability_charge,eV/atom,10,10,118.5,77.0,0.17015485592206234,0.11143372356779917,0.10108751849500767,0.23922219334911698,0.10537342097854893,0.07066909161294839,0.06157226420283316,0.1491745777542647,-2.1986996779152364,5.2142035916186655,-5.430496546450941,1.033097190620468,0.03183208362620716,0.19133311678671894,-0.08675741078333848,0.1504215780357528
P2,leave_family_out,softconstrained_hardderived,stability_discharge,eV/atom,10,10,118.5,77.0,0.09840370428836284,0.03902830151168288,0.07421371239535958,0.1225936961813661,0.06256095446210638,0.02595521936559566,0.04647374283064619,0.07864816609356658,-0.46749315784887935,0.8533819713183214,-0.9964247835729938,0.0614384678752351,0.13066730043007238,0.14068152353957925,0.04347198876889036,0.2178626120912544
P2,leave_family_out,softconstrained_hardderived,stability_worst,eV/atom,10,10,118.5,77.0,0.1691828138771861,0.10942465252683685,0.1013607115823546,0.23700491617201758,0.10112438279845296,0.06811272297926038,0.05890767971734467,0.14334108587956124,-1.4253188626560347,3.4824299545440707,-3.583751310533791,0.7331135852217214,0.10479057303194148,0.22327559008293238,-0.033597071441771736,0.2431782175056547
P2,leave_family_out,unconstrained_direct,average_voltage,V,10,10,118.5,77.0,1.1343072984987266,0.29103464190445655,0.9539221585985315,1.3146924383989218,0.9060682273686606,0.2554191661615249,0.7477577880349011,1.06437866670242,-0.49965824775934353,0.6227086228518998,-0.8856170508597443,-0.11369944465894283,0.25191752774870024,0.20381386397205864,0.12559238608989842,0.37824266940750206
P2,leave_family_out,unconstrained_direct,capacity_grav,mAh/g,10,10,118.5,77.0,88.19026440489293,53.72716292896573,54.8898238182919,121.49070499149396,64.86033021813688,32.61982800214049,44.64235135767494,85.07830907859882,-0.04957479516036771,0.24086113780537563,-0.19886207503616438,0.09971248471542894,0.42994348645646474,0.14875105813671874,0.33774662543432266,0.5221403474786068
P2,leave_family_out,unconstrained_direct,energy_grav,Wh/kg,10,10,118.5,77.0,268.6968059991621,76.7937161900613,221.09956758193033,316.2940444163939,205.65662361254107,53.13843196667609,172.72108225684005,238.5921649682421,-0.19492463672016686,0.4523815051872362,-0.47531359855464766,0.08546432511431395,0.39819832014483053,0.18623223482418738,0.2827703851304297,0.5136262551592313
P2,leave_family_out,unconstrained_direct,max_delta_volume,database_volume_change,10,10,118.5,77.0,0.10579397633692271,0.09928820039533345,0.04425451216333981,0.1673334405105056,0.06823172757173764,0.04600863419977288,0.03971528065519671,0.09674817448827856,-0.38897157125727333,0.35623315318092524,-0.6097671671118878,-0.16817597540265886,0.13176854664780197,0.1417815924258202,0.043891405226953145,0.21964568806865079
P2,leave_family_out,unconstrained_direct,stability_charge,eV/atom,10,10,118.5,77.0,0.16952838670198042,0.11819402970152927,0.09627096812265734,0.2427858052813035,0.10376507005113714,0.07053862479468871,0.06004477744715742,0.14748536265511686,-1.843276818938051,3.4936279808704183,-4.008649875439805,0.3220962375637031,0.08311408752500282,0.2348205525659479,-0.06242919883042472,0.22865737388043036
P2,leave_family_out,unconstrained_direct,stability_discharge,eV/atom,10,10,118.5,77.0,0.10080914279610916,0.03646895904828301,0.0782054477964649,0.1234128377957534,0.0666934468579866,0.025770352021065954,0.05072081719377179,0.08266607652220141,-0.5652731646504512,1.1548605822443445,-1.2810631693391574,0.15051684003825505,0.09485823928008044,0.1803882246680964,-0.0169475407128893,0.20666401927305017
P2,leave_family_out,unconstrained_direct,stability_worst,eV/atom,10,10,118.5,77.0,0.1687169624359544,0.11138015703769621,0.0996828258882293,0.23775109898367952,0.1066722631237911,0.06716408173010226,0.0650435339805093,0.1483009922670729,-1.072224723503843,2.2602833119678,-2.473162834428928,0.32871338742124223,0.045145974767454196,0.22510861828751053,-0.09437779235805108,0.18466974189295945
P2,leave_family_out,unconstrained_hardderived,average_voltage,V,10,10,118.5,77.0,1.1343072984987266,0.29103464190445655,0.9539221585985315,1.3146924383989218,0.9060682273686606,0.2554191661615249,0.7477577880349011,1.06437866670242,-0.49965824775934353,0.6227086228518998,-0.8856170508597443,-0.11369944465894283,0.25191752774870024,0.20381386397205864,0.12559238608989842,0.37824266940750206
P2,leave_family_out,unconstrained_hardderived,capacity_grav,mAh/g,10,10,118.5,77.0,88.19026440489293,53.72716292896573,54.8898238182919,121.49070499149396,64.86033021813688,32.61982800214049,44.64235135767494,85.07830907859882,-0.04957479516036771,0.24086113780537563,-0.19886207503616438,0.09971248471542894,0.42994348645646474,0.14875105813671874,0.33774662543432266,0.5221403474786068
P2,leave_family_out,unconstrained_hardderived,energy_grav,Wh/kg,10,10,118.5,77.0,266.00551983546166,90.06701282742517,210.1814069293376,321.82963274158567,203.01362810173276,64.51881536785288,163.02445203606803,243.0028041673975,-0.0849641753037785,0.21893123418289478,-0.22065916009383185,0.05073080948627484,0.38148904982130044,0.18063893338840342,0.2695278789535852,0.4934502206890157
P2,leave_family_out,unconstrained_hardderived,max_delta_volume,database_volume_change,10,10,118.5,77.0,0.10579397633692271,0.09928820039533345,0.04425451216333981,0.1673334405105056,0.06823172757173764,0.04600863419977288,0.03971528065519671,0.09674817448827856,-0.38897157125727333,0.35623315318092524,-0.6097671671118878,-0.16817597540265886,0.13176854664780197,0.1417815924258202,0.043891405226953145,0.21964568806865079
P2,leave_family_out,unconstrained_hardderived,stability_charge,eV/atom,10,10,118.5,77.0,0.16952838670198042,0.11819402970152927,0.09627096812265734,0.2427858052813035,0.10376507005113714,0.07053862479468871,0.06004477744715742,0.14748536265511686,-1.843276818938051,3.4936279808704183,-4.008649875439805,0.3220962375637031,0.08311408752500282,0.2348205525659479,-0.06242919883042472,0.22865737388043036
P2,leave_family_out,unconstrained_hardderived,stability_discharge,eV/atom,10,10,118.5,77.0,0.10080914279610916,0.03646895904828301,0.0782054477964649,0.1234128377957534,0.0666934468579866,0.025770352021065954,0.05072081719377179,0.08266607652220141,-0.5652731646504512,1.1548605822443445,-1.2810631693391574,0.15051684003825505,0.09485823928008044,0.1803882246680964,-0.0169475407128893,0.20666401927305017
P2,leave_family_out,unconstrained_hardderived,stability_worst,eV/atom,10,10,118.5,77.0,0.1658165533951826,0.11617710986757908,0.09380923468037673,0.23782387210998845,0.09789315226358619,0.06863293067895151,0.05535402110975125,0.14043228341742114,-0.8771915552852427,1.9027647501689124,-2.056537365840186,0.30215425526970097,0.08787073866323673,0.20479550955900055,-0.03906283323388378,0.21480431056035726
P2,leave_working_ion_out,softconstrained_direct,average_voltage,V,3,149,394.0,77.0,0.9920284619942971,0.11577575242027531,0.8610158648163613,1.1230410591722328,0.7937936751628948,0.10944612627215516,0.6699437242515133,0.9176436260742763,0.3039528404057565,0.10487242569828426,0.18527851891910854,0.42262716189240446,0.6037681790818238,0.11504279618924022,0.47358499995938097,0.7339513582042666
P2,leave_working_ion_out,softconstrained_direct,capacity_grav,mAh/g,3,149,394.0,77.0,62.979803008786405,10.540515706898406,51.05208663046687,74.90751938710594,45.795302522042455,9.038145983266272,35.567677529871176,56.022927514213734,0.133089379383062,0.07026926689777672,0.053572218271051464,0.21260654049507255,0.5217336099522368,0.10425077576488012,0.40376275158811836,0.6397044683163553
P2,leave_working_ion_out,softconstrained_direct,energy_grav,Wh/kg,3,149,394.0,77.0,239.59511850819217,30.97007439973499,204.54918015683307,274.64105685955127,173.3282861186649,30.939956697184385,138.31642915610874,208.34014308122104,0.157821643301446,0.10850140521769373,0.03504074490206523,0.28060254170082677,0.5509018891197253,0.11547683522971249,0.42022754858584577,0.6815762296536048
P2,leave_working_ion_out,softconstrained_direct,max_delta_volume,database_volume_change,3,149,394.0,77.0,0.11105551558209514,0.023328445919657607,0.08465689390037484,0.13745413726381545,0.074319971561777,0.020242173665461532,0.05141379570889175,0.09722614741466225,-0.20888058186408054,0.27239378504235096,-0.517123167098854,0.0993620033706929,0.2985799194425159,0.13808210018841588,0.14232531352297637,0.4548345253620554
P2,leave_working_ion_out,softconstrained_direct,stability_charge,eV/atom,3,149,394.0,77.0,0.11112368610834657,0.00635473848861664,0.10393262255336289,0.11831474966333025,0.06013219113966147,0.00627993553735951,0.05302577509260497,0.06723860718671797,0.09931167977921425,0.3046557110674852,-0.24543871153892582,0.4440620710973543,0.3323714153936321,0.09759651792063968,0.2219305586424672,0.44281227214479696
P2,leave_working_ion_out,softconstrained_direct,stability_discharge,eV/atom,3,149,394.0,77.0,0.07690235612793173,0.01536096002002445,0.05951979349889022,0.09428491875697323,0.04566265738629897,0.005807009895001927,0.03909140708320925,0.05223390768938869,-0.016329360415600097,0.05271336994882972,-0.07598015394210447,0.04332143311090428,0.20816744460424563,0.04983541598302494,0.15177336257161184,0.26456152663687943
P2,leave_working_ion_out,softconstrained_direct,stability_worst,eV/atom,3,149,394.0,77.0,0.11109990152292053,0.009337587073642021,0.1005334270382449,0.12166637600759615,0.0612238167691733,0.005626367123491052,0.054856983005491154,0.06759065053285546,0.12315117499596613,0.2566697152424746,-0.16729795021264582,0.41360030020457805,0.31832109550370685,0.09938450685003979,0.20585693880873546,0.43078525219867825
P2,leave_working_ion_out,softconstrained_hardderived,average_voltage,V,3,149,394.0,77.0,0.9920284619942971,0.11577575242027531,0.8610158648163613,1.1230410591722328,0.7937936751628948,0.10944612627215516,0.6699437242515133,0.9176436260742763,0.3039528404057565,0.10487242569828426,0.18527851891910854,0.42262716189240446,0.6037681790818238,0.11504279618924022,0.47358499995938097,0.7339513582042666
P2,leave_working_ion_out,softconstrained_hardderived,capacity_grav,mAh/g,3,149,394.0,77.0,62.979803008786405,10.540515706898406,51.05208663046687,74.90751938710594,45.795302522042455,9.038145983266272,35.567677529871176,56.022927514213734,0.133089379383062,0.07026926689777672,0.053572218271051464,0.21260654049507255,0.5217336099522368,0.10425077576488012,0.40376275158811836,0.6397044683163553
P2,leave_working_ion_out,softconstrained_hardderived,energy_grav,Wh/kg,3,149,394.0,77.0,242.132191998395,25.524615495001935,213.24837048947293,271.0160135073171,175.60367396112997,27.129219857550645,144.9040716813136,206.30327624094633,0.1368808476727632,0.11135022690780778,0.010876204052847699,0.2628854912926787,0.5600519371622014,0.1153275663403106,0.42954651027793833,0.6905573640464644
P2,leave_working_ion_out,softconstrained_hardderived,max_delta_volume,database_volume_change,3,149,394.0,77.0,0.11105551558209514,0.023328445919657607,0.08465689390037484,0.13745413726381545,0.074319971561777,0.020242173665461532,0.05141379570889175,0.09722614741466225,-0.20888058186408054,0.27239378504235096,-0.517123167098854,0.0993620033706929,0.2985799194425159,0.13808210018841588,0.14232531352297637,0.4548345253620554
P2,leave_working_ion_out,softconstrained_hardderived,stability_charge,eV/atom,3,149,394.0,77.0,0.11112368610834657,0.00635473848861664,0.10393262255336289,0.11831474966333025,0.06013219113966147,0.00627993553735951,0.05302577509260497,0.06723860718671797,0.09931167977921425,0.3046557110674852,-0.24543871153892582,0.4440620710973543,0.3323714153936321,0.09759651792063968,0.2219305586424672,0.44281227214479696
P2,leave_working_ion_out,softconstrained_hardderived,stability_discharge,eV/atom,3,149,394.0,77.0,0.07690235612793173,0.01536096002002445,0.05951979349889022,0.09428491875697323,0.04566265738629897,0.005807009895001927,0.03909140708320925,0.05223390768938869,-0.016329360415600097,0.05271336994882972,-0.07598015394210447,0.04332143311090428,0.20816744460424563,0.04983541598302494,0.15177336257161184,0.26456152663687943
P2,leave_working_ion_out,softconstrained_hardderived,stability_worst,eV/atom,3,149,394.0,77.0,0.11201284257185007,0.010529036437895663,0.10009811620926624,0.1239275689344339,0.06034595242296927,0.006009280033331307,0.05354581191100511,0.06714609293493343,0.10648538377126436,0.2748292168857041,-0.2045131520350008,0.41748391957752956,0.3473141878963464,0.08748467678570361,0.24831595657964733,0.44631241921304543
P2,leave_working_ion_out,unconstrained_direct,average_voltage,V,3,149,394.0,77.0,0.977417527314942,0.08572348882533373,0.8804122677905486,1.0744227868393355,0.7730268505402885,0.07889095909452082,0.6837533262593838,0.8623003748211933,0.31291691074647726,0.17759738708011924,0.11194654823983849,0.513887273253116,0.5602211148625562,0.17175268703322133,0.3658646530809193,0.7545775766441931
P2,leave_working_ion_out,unconstrained_direct,capacity_grav,mAh/g,3,149,394.0,77.0,61.049514055283474,11.69028298888864,47.82071351542946,74.27831459513749,46.36042529160033,9.102215061717919,36.0602993120351,56.66055127116556,0.18803105075362123,0.09198525963597098,0.08393993050550251,0.2921221710017399,0.5492468856130975,0.14990820837106658,0.37960977847782873,0.7188839927483663
P2,leave_working_ion_out,unconstrained_direct,energy_grav,Wh/kg,3,149,394.0,77.0,221.26362380262682,37.92735694573368,178.3447791077769,264.18246849747675,162.69979963113192,36.03053764972354,121.92740803334686,203.47219122891698,0.28164268792528435,0.14455948347748712,0.11805823279398905,0.4452271430565796,0.5851955162895051,0.16348127973896937,0.40019903299457843,0.7701919995844317
P2,leave_working_ion_out,unconstrained_direct,max_delta_volume,database_volume_change,3,149,394.0,77.0,0.10269620611050723,0.020286474487103124,0.0797398991586738,0.12565251306234065,0.0668625774228228,0.017030709675479334,0.04759051518419122,0.08613463966145438,-0.0503561108014712,0.3187022289156257,-0.41100163340678086,0.3102894118038385,0.3341341473544115,0.1842731411598968,0.1256094579543662,0.5426588367544568
P2,leave_working_ion_out,unconstrained_direct,stability_charge,eV/atom,3,149,394.0,77.0,0.11368564063920496,0.003783114736259682,0.10940464330894961,0.1179666379694603,0.059016034339959604,0.0036339501657113764,0.05490383261142511,0.06312823606849409,0.07697283853385249,0.19644644950544352,-0.14532724605264302,0.29927292312034803,0.32149765498563665,0.11575121102523478,0.19051282901052546,0.45248248096074783
P2,leave_working_ion_out,unconstrained_direct,stability_discharge,eV/atom,3,149,394.0,77.0,0.07770325464243906,0.020229159601817388,0.05481180558892428,0.10059470369595383,0.04527166341750177,0.007688925301010849,0.036570825356559394,0.05397250147844415,-0.01835930976515963,0.11732554054354091,-0.15112565729979774,0.11440703776947848,0.2083412882341208,0.07582999388404425,0.12253157216618356,0.29415100430205804
P2,leave_working_ion_out,unconstrained_direct,stability_worst,eV/atom,3,149,394.0,77.0,0.1166062716354241,0.011127864805951342,0.10401390718262943,0.12919863608821877,0.06249227524048623,0.010352673875089029,0.050777121905200714,0.07420742857577174,0.04498478687886879,0.22281891045118937,-0.2071585466630165,0.2971281204207541,0.2673143363007154,0.16525964023385173,0.08030544866133316,0.4543232239400976
P2,leave_working_ion_out,unconstrained_hardderived,average_voltage,V,3,149,394.0,77.0,0.977417527314942,0.08572348882533373,0.8804122677905486,1.0744227868393355,0.7730268505402885,0.07889095909452082,0.6837533262593838,0.8623003748211933,0.31291691074647726,0.17759738708011924,0.11194654823983849,0.513887273253116,0.5602211148625562,0.17175268703322133,0.3658646530809193,0.7545775766441931
P2,leave_working_ion_out,unconstrained_hardderived,capacity_grav,mAh/g,3,149,394.0,77.0,61.049514055283474,11.69028298888864,47.82071351542946,74.27831459513749,46.36042529160033,9.102215061717919,36.0602993120351,56.66055127116556,0.18803105075362123,0.09198525963597098,0.08393993050550251,0.2921221710017399,0.5492468856130975,0.14990820837106658,0.37960977847782873,0.7188839927483663
P2,leave_working_ion_out,unconstrained_hardderived,energy_grav,Wh/kg,3,149,394.0,77.0,217.33867460994733,35.48446157616525,177.18422626157337,257.4931229583213,161.30436476713072,34.15168528677809,122.65809476767333,199.9506347665881,0.3046431001519878,0.1447774103221642,0.14081203758071412,0.4684741627232615,0.6049396170319983,0.15808532992316404,0.42604922577130194,0.7838300082926946
P2,leave_working_ion_out,unconstrained_hardderived,max_delta_volume,database_volume_change,3,149,394.0,77.0,0.10269620611050723,0.020286474487103124,0.0797398991586738,0.12565251306234065,0.0668625774228228,0.017030709675479334,0.04759051518419122,0.08613463966145438,-0.0503561108014712,0.3187022289156257,-0.41100163340678086,0.3102894118038385,0.3341341473544115,0.1842731411598968,0.1256094579543662,0.5426588367544568
P2,leave_working_ion_out,unconstrained_hardderived,stability_charge,eV/atom,3,149,394.0,77.0,0.11368564063920496,0.003783114736259682,0.10940464330894961,0.1179666379694603,0.059016034339959604,0.0036339501657113764,0.05490383261142511,0.06312823606849409,0.07697283853385249,0.19644644950544352,-0.14532724605264302,0.29927292312034803,0.32149765498563665,0.11575121102523478,0.19051282901052546,0.45248248096074783
P2,leave_working_ion_out,unconstrained_hardderived,stability_discharge,eV/atom,3,149,394.0,77.0,0.07770325464243906,0.020229159601817388,0.05481180558892428,0.10059470369595383,0.04527166341750177,0.007688925301010849,0.036570825356559394,0.05397250147844415,-0.01835930976515963,0.11732554054354091,-0.15112565729979774,0.11440703776947848,0.2083412882341208,0.07582999388404425,0.12253157216618356,0.29415100430205804
P2,leave_working_ion_out,unconstrained_hardderived,stability_worst,eV/atom,3,149,394.0,77.0,0.11523924395120287,0.009878242267431097,0.10406096052004837,0.12641752738235737,0.06004112700794493,0.010385479613511286,0.04828885048491767,0.07179340353097219,0.07173064152144891,0.18295949827255867,-0.1353075210123339,0.27876880405523174,0.28736919381275383,0.1167277761193222,0.15527928040253564,0.419459107222972
P2,random_split,softconstrained_direct,average_voltage,V,5,641,641.0,77.0,0.7614634691026336,0.03861301133319013,0.7276176723850963,0.7953092658201709,0.5647921132271044,0.03056198870702088,0.5380033489907244,0.5915808774634844,0.5137311856238603,0.036425063036108,0.481803210146747,0.5456591611009737,0.6964528068391159,0.03022074021268807,0.6699631600963106,0.7229424535819212
P2,random_split,softconstrained_direct,capacity_grav,mAh/g,5,641,641.0,77.0,59.61955145480609,3.5428428835397074,56.5141127464972,62.72499016311499,41.40704067567996,1.5265911255211704,40.068924555718766,42.74515679564115,0.3869516755033759,0.057123631683772144,0.33688060466527836,0.4370227463414734,0.6610646286116738,0.04362504195854215,0.6228255933501661,0.6993036638731815
P2,random_split,softconstrained_direct,energy_grav,Wh/kg,5,641,641.0,77.0,198.4696335215745,7.976860842560602,191.477606709894,205.46166033325503,146.59321883014053,4.256320919262698,142.86238904960643,150.32404861067462,0.47930434381129466,0.05212642588124179,0.43361351698702677,0.5249951706355626,0.7024593197435639,0.034363962251451524,0.6723379787599348,0.732580660727193
P2,random_split,softconstrained_direct,max_delta_volume,database_volume_change,5,641,641.0,77.0,0.07785250685441096,0.011854133502872654,0.06746190071031283,0.0882431129985091,0.04105425165582678,0.001211272062817266,0.039992524880518104,0.04211597843113546,0.2277256491799616,0.08687531831276768,0.1515760751927635,0.3038752231671597,0.42718917248786187,0.027459422734707015,0.4031199272316403,0.45125841774408343
P2,random_split,softconstrained_direct,stability_charge,eV/atom,5,641,641.0,77.0,0.10757086760771488,0.017168277208863183,0.09252220912864814,0.12261952608678162,0.04858493712837268,0.0035781590495873733,0.045448542435652786,0.05172133182109258,0.11402836332629904,0.12265016859000194,0.006520750474029932,0.22153597617856813,0.40202503050613403,0.0477211455420208,0.36019560215085517,0.4438544588614129
P2,random_split,softconstrained_direct,stability_discharge,eV/atom,5,641,641.0,77.0,0.08651630758402509,0.012905323418077602,0.07520429285372404,0.09782832231432614,0.0383357592636598,0.0026529019675213482,0.036010388161947696,0.0406611303653719,0.012932843191894102,0.12031616335869838,-0.09252892387241735,0.11839461025620554,0.3484521846802936,0.03953937136208417,0.31379439759622796,0.38310997176435924
P2,random_split,softconstrained_direct,stability_worst,eV/atom,5,641,641.0,77.0,0.10774047495529762,0.015558979781130163,0.0941024278664461,0.12137852204414915,0.047130491797834864,0.0030471205896199297,0.04445957283841534,0.04980141075725439,0.10734959917349123,0.09055291173518525,0.02797647242292947,0.18672272592405298,0.38006219421601684,0.04889792329892309,0.3372012746776714,0.42292311375436226
P2,random_split,softconstrained_hardderived,average_voltage,V,5,641,641.0,77.0,0.7614634691026336,0.03861301133319013,0.7276176723850963,0.7953092658201709,0.5647921132271044,0.03056198870702088,0.5380033489907244,0.5915808774634844,0.5137311856238603,0.036425063036108,0.481803210146747,0.5456591611009737,0.6964528068391159,0.03022074021268807,0.6699631600963106,0.7229424535819212
P2,random_split,softconstrained_hardderived,capacity_grav,mAh/g,5,641,641.0,77.0,59.61955145480609,3.5428428835397074,56.5141127464972,62.72499016311499,41.40704067567996,1.5265911255211704,40.068924555718766,42.74515679564115,0.3869516755033759,0.057123631683772144,0.33688060466527836,0.4370227463414734,0.6610646286116738,0.04362504195854215,0.6228255933501661,0.6993036638731815
P2,random_split,softconstrained_hardderived,energy_grav,Wh/kg,5,641,641.0,77.0,196.75383773207346,9.337606225235321,188.56906500350692,204.93861046064,144.85348379072994,5.553203108803323,139.98588665022416,149.72108093123572,0.48799865188310204,0.05753583397441891,0.4375662698067966,0.5384310339594075,0.7073121721079836,0.03749960625548308,0.6744423179710228,0.7401820262449443
P2,random_split,softconstrained_hardderived,max_delta_volume,database_volume_change,5,641,641.0,77.0,0.07785250685441096,0.011854133502872654,0.06746190071031283,0.0882431129985091,0.04105425165582678,0.001211272062817266,0.039992524880518104,0.04211597843113546,0.2277256491799616,0.08687531831276768,0.1515760751927635,0.3038752231671597,0.42718917248786187,0.027459422734707015,0.4031199272316403,0.45125841774408343
P2,random_split,softconstrained_hardderived,stability_charge,eV/atom,5,641,641.0,77.0,0.10757086760771488,0.017168277208863183,0.09252220912864814,0.12261952608678162,0.04858493712837268,0.0035781590495873733,0.045448542435652786,0.05172133182109258,0.11402836332629904,0.12265016859000194,0.006520750474029932,0.22153597617856813,0.40202503050613403,0.0477211455420208,0.36019560215085517,0.4438544588614129
P2,random_split,softconstrained_hardderived,stability_discharge,eV/atom,5,641,641.0,77.0,0.08651630758402509,0.012905323418077602,0.07520429285372404,0.09782832231432614,0.0383357592636598,0.0026529019675213482,0.036010388161947696,0.0406611303653719,0.012932843191894102,0.12031616335869838,-0.09252892387241735,0.11839461025620554,0.3484521846802936,0.03953937136208417,0.31379439759622796,0.38310997176435924
P2,random_split,softconstrained_hardderived,stability_worst,eV/atom,5,641,641.0,77.0,0.10765117097416185,0.01573269247021951,0.09386085799981797,0.12144148394850574,0.046864311777612286,0.003107177441585346,0.04414075066641711,0.04958787288880746,0.10858999808765682,0.0961356146109641,0.024323416510752427,0.1928565796645612,0.3890294491754841,0.04840854264861064,0.3465974906903196,0.4314614076606486
P2,random_split,unconstrained_direct,average_voltage,V,5,641,641.0,77.0,0.7670642579240988,0.02387567587047204,0.7461363052960891,0.7879922105521086,0.5712540835802606,0.021595196702764614,0.5523250590768352,0.5901831080836861,0.5068610120548209,0.01448619581740152,0.4941633015702524,0.5195587225393894,0.7002394569468638,0.013436101762118461,0.6884621944849248,0.7120167194088028
P2,random_split,unconstrained_direct,capacity_grav,mAh/g,5,641,641.0,77.0,61.29421112854334,3.3830031309415767,58.32887814074238,64.25954411634429,43.485502081863416,1.2300984453984212,42.40727325463576,44.56373090909107,0.3520348394617659,0.05771730621488795,0.30144338995329895,0.40262628897023284,0.6391194013017103,0.03267812176679107,0.6104757646558666,0.667763037947554
P2,random_split,unconstrained_direct,energy_grav,Wh/kg,5,641,641.0,77.0,203.67235325325484,4.6764064859709835,199.57330223837843,207.77140426813125,150.7889802197414,3.280045465852884,147.91389360441408,153.66406683506872,0.4525943089294572,0.030922978471659625,0.4254891232131349,0.47969949464577943,0.6912100373466921,0.02064620417397795,0.6731128414706331,0.709307233222751
P2,random_split,unconstrained_direct,max_delta_volume,database_volume_change,5,641,641.0,77.0,0.07794451179426694,0.012080636854616966,0.06735536670864913,0.08853365687988475,0.04109494965580992,0.002400659513651775,0.038990678813373994,0.043199220498245844,0.23088060637257818,0.03583490987936775,0.1994699229451029,0.26229128980005345,0.3970688253533433,0.032668806416894375,0.36843335397169613,0.4257042967349905
P2,random_split,unconstrained_direct,stability_charge,eV/atom,5,641,641.0,77.0,0.10893378225035573,0.014664057934243321,0.09608016874650616,0.1217873957542053,0.048771994978325336,0.0024982819127572346,0.046582154330243056,0.05096183562640762,0.09011353861519206,0.06921510634563517,0.029443822934574884,0.15078325429580924,0.4058753190274412,0.020201038359600913,0.38816832819208696,0.4235823098627954
P2,random_split,unconstrained_direct,stability_discharge,eV/atom,5,641,641.0,77.0,0.08500171071980685,0.011268340988546571,0.07512457435374423,0.09487884708586947,0.037592551693544016,0.002676367391692455,0.035246612240673464,0.03993849114641457,0.04559404070779836,0.09215762114755327,-0.03518567586019735,0.12637375727579406,0.3636605501140361,0.0570393333759761,0.3136633700006137,0.4136577302274585
P2,random_split,unconstrained_direct,stability_worst,eV/atom,5,641,641.0,77.0,0.10875081309542842,0.013988529519673597,0.09648932635421738,0.12101229983663946,0.049465645325603116,0.002763047373202395,0.047043727519002265,0.05188756313220397,0.08861412707958682,0.07153289781651814,0.025912777598636735,0.1513154765605369,0.36213441845006056,0.0255232944208773,0.33976226448681,0.3845065724133111
P2,random_split,unconstrained_hardderived,average_voltage,V,5,641,641.0,77.0,0.7670642579240988,0.02387567587047204,0.7461363052960891,0.7879922105521086,0.5712540835802606,0.021595196702764614,0.5523250590768352,0.5901831080836861,0.5068610120548209,0.01448619581740152,0.4941633015702524,0.5195587225393894,0.7002394569468638,0.013436101762118461,0.6884621944849248,0.7120167194088028
P2,random_split,unconstrained_hardderived,capacity_grav,mAh/g,5,641,641.0,77.0,61.29421112854334,3.3830031309415767,58.32887814074238,64.25954411634429,43.485502081863416,1.2300984453984212,42.40727325463576,44.56373090909107,0.3520348394617659,0.05771730621488795,0.30144338995329895,0.40262628897023284,0.6391194013017103,0.03267812176679107,0.6104757646558666,0.667763037947554
P2,random_split,unconstrained_hardderived,energy_grav,Wh/kg,5,641,641.0,77.0,205.08187611187955,8.37504793138401,197.74082292803723,212.42292929572187,150.64255281426918,5.426687840336406,145.885851196033,155.39925443250536,0.4443131287473959,0.05182000810666262,0.3988908889447295,0.48973536855006233,0.6889619979084459,0.029628175794934652,0.6629917567787451,0.7149322390381467
P2,random_split,unconstrained_hardderived,max_delta_volume,database_volume_change,5,641,641.0,77.0,0.07794451179426694,0.012080636854616966,0.06735536670864913,0.08853365687988475,0.04109494965580992,0.002400659513651775,0.038990678813373994,0.043199220498245844,0.23088060637257818,0.03583490987936775,0.1994699229451029,0.26229128980005345,0.3970688253533433,0.032668806416894375,0.36843335397169613,0.4257042967349905
P2,random_split,unconstrained_hardderived,stability_charge,eV/atom,5,641,641.0,77.0,0.10893378225035573,0.014664057934243321,0.09608016874650616,0.1217873957542053,0.048771994978325336,0.0024982819127572346,0.046582154330243056,0.05096183562640762,0.09011353861519206,0.06921510634563517,0.029443822934574884,0.15078325429580924,0.4058753190274412,0.020201038359600913,0.38816832819208696,0.4235823098627954
P2,random_split,unconstrained_hardderived,stability_discharge,eV/atom,5,641,641.0,77.0,0.08500171071980685,0.011268340988546571,0.07512457435374423,0.09487884708586947,0.037592551693544016,0.002676367391692455,0.035246612240673464,0.03993849114641457,0.04559404070779836,0.09215762114755327,-0.03518567586019735,0.12637375727579406,0.3636605501140361,0.0570393333759761,0.3136633700006137,0.4136577302274585
P2,random_split,unconstrained_hardderived,stability_worst,eV/atom,5,641,641.0,77.0,0.10850207209401141,0.014191650269576339,0.09606254216546646,0.12094160202255637,0.04639600505395024,0.0028443773095403694,0.04390279841497647,0.048889211692924005,0.09406941289593375,0.05108702766521409,0.04928965877782397,0.13884916701404354,0.3980788751813143,0.024883859082767447,0.3762672110042896,0.419890539358339
P3,framework_groupkfold,softconstrained_direct,average_voltage,V,5,640,640.0,85.0,0.7355691653833749,0.03632630222134025,0.7037277575772325,0.7674105731895173,0.5631483089671094,0.02527933417864898,0.5409899955845474,0.5853066223496715,0.5610289504578957,0.0775927857181149,0.49301587503361805,0.6290420258821734,0.7281437271146852,0.04742592336551423,0.6865730724066189,0.7697143818227515
P3,framework_groupkfold,softconstrained_direct,capacity_grav,mAh/g,5,640,640.0,85.0,53.91964339140928,4.56402400066288,49.919099968171565,57.920186814646996,37.79028084799582,1.5172190707373443,36.46037969625613,39.1201819997355,0.4894774334506167,0.0823966409547636,0.4172535932559588,0.5617012736452746,0.7052044274433338,0.03438651257825475,0.6750633202267552,0.7353455346599124
P3,framework_groupkfold,softconstrained_direct,energy_grav,Wh/kg,5,640,640.0,85.0,187.56265835065676,5.933617466604188,182.3616133235964,192.76370337771712,137.38606857793815,3.5290412721592874,134.29272751539756,140.47940964047874,0.556024185761883,0.017629408318756385,0.5405713280435779,0.571477043480188,0.7325198644314348,0.02267356803967918,0.7126456057751926,0.752394123087677
P3,framework_groupkfold,softconstrained_direct,max_delta_volume,database_volume_change,5,640,640.0,85.0,0.07478908423257886,0.027347444553620464,0.05081799217972058,0.09876017628543715,0.04163484902693422,0.002856443112770444,0.03913106624512002,0.04413863180874842,0.13377938664012112,0.07665167893665613,0.06659122768091517,0.20096754559932706,0.4083558755264556,0.056096184442225215,0.35918540190351234,0.4575263491493988
P3,framework_groupkfold,softconstrained_direct,stability_charge,eV/atom,5,640,640.0,85.0,0.09998866932236541,0.010640218675983422,0.09066210643842042,0.10931523220631041,0.04680130961281616,0.0014482150929840188,0.04553189311438641,0.04807072611124591,0.1389515348990074,0.09322416428240783,0.05723695205442726,0.22066611774358758,0.4408060227351961,0.04401268458842003,0.40222720372730597,0.4793848417430862
P3,framework_groupkfold,softconstrained_direct,stability_discharge,eV/atom,5,640,640.0,85.0,0.07779589073932323,0.01275921891058452,0.06661194225636706,0.08897983922227941,0.0374141489317237,0.0031066707274190783,0.03469103197507833,0.04013726588836907,0.07626140855227519,0.12320032349676499,-0.0317284363377074,0.1842512534422578,0.40320912202512316,0.05025238509016122,0.359160964380629,0.4472572796696173
P3,framework_groupkfold,softconstrained_direct,stability_worst,eV/atom,5,640,640.0,85.0,0.09967531102981915,0.011369638421900051,0.08970938354856206,0.10964123851107624,0.04539052660491956,0.00281310691048044,0.04292472967923456,0.04785632353060456,0.14183785121677675,0.0822105772903807,0.0697771030147864,0.2138985994187671,0.42606804028400347,0.03481234661574354,0.39555367307628125,0.4565824074917257
P3,framework_groupkfold,softconstrained_hardderived,average_voltage,V,5,640,640.0,85.0,0.7355691653833749,0.03632630222134025,0.7037277575772325,0.7674105731895173,0.5631483089671094,0.02527933417864898,0.5409899955845474,0.5853066223496715,0.5610289504578957,0.0775927857181149,0.49301587503361805,0.6290420258821734,0.7281437271146852,0.04742592336551423,0.6865730724066189,0.7697143818227515
P3,framework_groupkfold,softconstrained_hardderived,capacity_grav,mAh/g,5,640,640.0,85.0,53.91964339140928,4.56402400066288,49.919099968171565,57.920186814646996,37.79028084799582,1.5172190707373443,36.46037969625613,39.1201819997355,0.4894774334506167,0.0823966409547636,0.4172535932559588,0.5617012736452746,0.7052044274433338,0.03438651257825475,0.6750633202267552,0.7353455346599124
P3,framework_groupkfold,softconstrained_hardderived,energy_grav,Wh/kg,5,640,640.0,85.0,187.59447680183334,6.211383484105258,182.14995912556003,193.03899447810664,136.34381248360643,3.2651387611737994,133.48179217103242,139.20583279618043,0.5559224553475053,0.017169341908045768,0.5408728636184574,0.5709720470765531,0.7364928669987163,0.023631749788932878,0.7157787250082308,0.7572070089892018
P3,framework_groupkfold,softconstrained_hardderived,max_delta_volume,database_volume_change,5,640,640.0,85.0,0.07478908423257886,0.027347444553620464,0.05081799217972058,0.09876017628543715,0.04163484902693422,0.002856443112770444,0.03913106624512002,0.04413863180874842,0.13377938664012112,0.07665167893665613,0.06659122768091517,0.20096754559932706,0.4083558755264556,0.056096184442225215,0.35918540190351234,0.4575263491493988
P3,framework_groupkfold,softconstrained_hardderived,stability_charge,eV/atom,5,640,640.0,85.0,0.09998866932236541,0.010640218675983422,0.09066210643842042,0.10931523220631041,0.04680130961281616,0.0014482150929840188,0.04553189311438641,0.04807072611124591,0.1389515348990074,0.09322416428240783,0.05723695205442726,0.22066611774358758,0.4408060227351961,0.04401268458842003,0.40222720372730597,0.4793848417430862
P3,framework_groupkfold,softconstrained_hardderived,stability_discharge,eV/atom,5,640,640.0,85.0,0.07779589073932323,0.01275921891058452,0.06661194225636706,0.08897983922227941,0.0374141489317237,0.0031066707274190783,0.03469103197507833,0.04013726588836907,0.07626140855227519,0.12320032349676499,-0.0317284363377074,0.1842512534422578,0.40320912202512316,0.05025238509016122,0.359160964380629,0.4472572796696173
P3,framework_groupkfold,softconstrained_hardderived,stability_worst,eV/atom,5,640,640.0,85.0,0.10017316163832395,0.010605806729000578,0.09087676215583411,0.10946956112081378,0.044866614589466156,0.0024121460670312946,0.04275227533907019,0.04698095383986212,0.13253184463771236,0.07610070070806052,0.06582663938962521,0.19923704988579952,0.4338068478530164,0.02448085680166151,0.4123484307502827,0.45526526495575004
P3,framework_groupkfold,unconstrained_direct,average_voltage,V,5,640,640.0,85.0,0.7200453610152989,0.020776143788955946,0.701834268044912,0.7382564539856858,0.5470694081590081,0.019154426872858097,0.5302798127403664,0.5638590035776497,0.5809678957639974,0.05320116449404431,0.5343350190099916,0.6276007725180033,0.741726367842145,0.028739314100161655,0.7165352483399106,0.7669174873443794
P3,framework_groupkfold,unconstrained_direct,capacity_grav,mAh/g,5,640,640.0,85.0,55.608206700582926,3.828130426210533,52.25270243556406,58.96371096560179,39.412171700156634,2.122621351551934,37.55161205219209,41.27273134812118,0.4573082089495829,0.07162765141704952,0.39452380427580763,0.5200926136233582,0.6910116670844328,0.037167861987446496,0.6584325996193866,0.7235907345494791
P3,framework_groupkfold,unconstrained_direct,energy_grav,Wh/kg,5,640,640.0,85.0,195.33793544801853,10.883318405159335,185.79828625633186,204.8775846397052,143.08667991105617,7.150682062667434,136.81883072943197,149.35452909268037,0.5179241540860922,0.04479898190947625,0.4786561150881222,0.5571921930840621,0.7167217292924694,0.02489958275958398,0.6948962827050392,0.7385471758798995
P3,framework_groupkfold,unconstrained_direct,max_delta_volume,database_volume_change,5,640,640.0,85.0,0.07329577609206167,0.023014774265473218,0.053122436992252595,0.09346911519187075,0.042065946607814084,0.0024089236692364626,0.03995443191362187,0.044177461302006296,0.14981911772907033,0.054217727100449586,0.1022951845632723,0.19734305089486837,0.40303607140447084,0.02720956162291981,0.3791858390691581,0.4268863037397836
P3,framework_groupkfold,unconstrained_direct,stability_charge,eV/atom,5,640,640.0,85.0,0.10163077320678618,0.011551077578662717,0.09150580729251488,0.11175573912105748,0.04930179214705745,0.0014722567301771947,0.0480113022244864,0.05059228206962849,0.10944930263019428,0.11519567318871729,0.008475843092376131,0.21042276216801242,0.41893198514617974,0.05620314488537514,0.36966775656109613,0.46819621373126336
P3,framework_groupkfold,unconstrained_direct,stability_discharge,eV/atom,5,640,640.0,85.0,0.0765290906908095,0.012171882301678228,0.06585996544446329,0.08719821593715571,0.03796724566583568,0.0024491811124853513,0.035820443766799166,0.0401140475648722,0.10172232604226843,0.1397131783339487,-0.020741674287777526,0.2241863263723144,0.431249382334019,0.03746452409791314,0.3984102790639948,0.4640884856040432
P3,framework_groupkfold,unconstrained_direct,stability_worst,eV/atom,5,640,640.0,85.0,0.10019239251273307,0.011909821700740338,0.08975297351101211,0.11063181151445403,0.04997285162122414,0.002843663294157481,0.047480270844328154,0.052465432398120126,0.12797120829192635,0.1401560153116299,0.0051190442365424554,0.2508233723473102,0.37494189897941327,0.07153370401152073,0.31223984283738626,0.4376439551214403
P3,framework_groupkfold,unconstrained_hardderived,average_voltage,V,5,640,640.0,85.0,0.7200453610152989,0.020776143788955946,0.701834268044912,0.7382564539856858,0.5470694081590081,0.019154426872858097,0.5302798127403664,0.5638590035776497,0.5809678957639974,0.05320116449404431,0.5343350190099916,0.6276007725180033,0.741726367842145,0.028739314100161655,0.7165352483399106,0.7669174873443794
P3,framework_groupkfold,unconstrained_hardderived,capacity_grav,mAh/g,5,640,640.0,85.0,55.608206700582926,3.828130426210533,52.25270243556406,58.96371096560179,39.412171700156634,2.122621351551934,37.55161205219209,41.27273134812118,0.4573082089495829,0.07162765141704952,0.39452380427580763,0.5200926136233582,0.6910116670844328,0.037167861987446496,0.6584325996193866,0.7235907345494791
P3,framework_groupkfold,unconstrained_hardderived,energy_grav,Wh/kg,5,640,640.0,85.0,196.2404392484518,13.516088291858868,184.3930655019415,208.0878129949621,142.0376281484587,8.067064502325884,134.96653434287686,149.10872195404056,0.5124263666182687,0.06332359756976585,0.4569207860699006,0.5679319471666368,0.7210567939366508,0.024884955443645794,0.699244168756945,0.7428694191163566
P3,framework_groupkfold,unconstrained_hardderived,max_delta_volume,database_volume_change,5,640,640.0,85.0,0.07329577609206167,0.023014774265473218,0.053122436992252595,0.09346911519187075,0.042065946607814084,0.0024089236692364626,0.03995443191362187,0.044177461302006296,0.14981911772907033,0.054217727100449586,0.1022951845632723,0.19734305089486837,0.40303607140447084,0.02720956162291981,0.3791858390691581,0.4268863037397836
P3,framework_groupkfold,unconstrained_hardderived,stability_charge,eV/atom,5,640,640.0,85.0,0.10163077320678618,0.011551077578662717,0.09150580729251488,0.11175573912105748,0.04930179214705745,0.0014722567301771947,0.0480113022244864,0.05059228206962849,0.10944930263019428,0.11519567318871729,0.008475843092376131,0.21042276216801242,0.41893198514617974,0.05620314488537514,0.36966775656109613,0.46819621373126336
P3,framework_groupkfold,unconstrained_hardderived,stability_discharge,eV/atom,5,640,640.0,85.0,0.0765290906908095,0.012171882301678228,0.06585996544446329,0.08719821593715571,0.03796724566583568,0.0024491811124853513,0.035820443766799166,0.0401140475648722,0.10172232604226843,0.1397131783339487,-0.020741674287777526,0.2241863263723144,0.431249382334019,0.03746452409791314,0.3984102790639948,0.4640884856040432
P3,framework_groupkfold,unconstrained_hardderived,stability_worst,eV/atom,5,640,640.0,85.0,0.10059692198596779,0.012005693658107016,0.09007346750843415,0.11112037646350142,0.047566113764157134,0.0021520021110141094,0.0456798007450405,0.049452426783273766,0.12416929255237205,0.10920958499412575,0.02844287066254085,0.21989571444220324,0.3794843072887669,0.05159923720273211,0.33425558171556846,0.4247130328619654
P3,leave_chemical_system_out,softconstrained_direct,average_voltage,V,75,7,17.0,85.0,0.6786584599533513,0.25424410108877316,0.6211176030735881,0.7361993168331145,0.5559338564687596,0.22242261320293677,0.505594880270982,0.6062728326665372,-0.6686753935666663,1.6682011769153688,-1.0462248618000454,-0.2911259253332872,0.3716616603256986,0.29098232268186464,0.3058061611724181,0.43751715947897907
P3,leave_chemical_system_out,softconstrained_direct,capacity_grav,mAh/g,75,7,17.0,85.0,50.31282851011192,20.147216119943014,45.75308425520582,54.87257276501802,40.149525755057155,15.580472814378048,36.623332807051895,43.675718703062415,-8.169934345226363e+27,7.075370690217014e+28,-2.4183005661870032e+28,7.843136971417307e+27,0.6004661437430027,0.1967675516628595,0.5556335677490712,0.6452987197369341
P3,leave_chemical_system_out,softconstrained_direct,energy_grav,Wh/kg,75,7,17.0,85.0,183.0263085016842,82.95562656189453,164.2516827977731,201.80093420559533,146.70775018901168,68.48387281556157,131.20839068616834,162.207109691855,-0.14038776541168885,1.340704513695747,-0.44381776127099526,0.16304223044761756,0.5656865623610783,0.21680393731663522,0.5166192122251952,0.6147539124969613
P3,leave_chemical_system_out,softconstrained_direct,max_delta_volume,database_volume_change,75,7,17.0,85.0,0.05253050924372047,0.026844866694393767,0.04645494396687227,0.05860607452056867,0.04075305954060735,0.019254117142354636,0.036395442612269714,0.04511067646894499,-2.629228420320894,10.24290890056326,-4.947416935042698,-0.31103990559909,0.27408033717900904,0.31000171720997394,0.20392034382588256,0.34424033053213554
P3,leave_chemical_system_out,softconstrained_direct,stability_charge,eV/atom,75,7,17.0,85.0,0.06991177239042595,0.05484314143377791,0.05749960102218737,0.08232394375866453,0.05067934057217731,0.03398527471112616,0.0429877488310201,0.05837093231333452,-57.06731193577817,337.60207433247393,-133.47385414575146,19.339230274195124,0.13656427169642982,0.335136836225204,0.060715665393317256,0.2124128779995424
P3,leave_chemical_system_out,softconstrained_direct,stability_discharge,eV/atom,75,7,17.0,85.0,0.055842342292816545,0.043096577702021216,0.04608866856375043,0.06559601602188267,0.03983419753709081,0.022992564590631058,0.034630490301632615,0.04503790477254901,-1.2640365399873925,2.3055789796098662,-1.7858381846375464,-0.7422348953372386,0.21363884678923536,0.3437733330534277,0.1358356172488197,0.291442076329651
P3,leave_chemical_system_out,softconstrained_direct,stability_worst,eV/atom,75,7,17.0,85.0,0.06767922944882146,0.05432866709600903,0.055383494584364465,0.07997496431327845,0.048181162853782336,0.03360625974912546,0.04057535027363762,0.05578697543392705,-6.822816024156033,46.58864581440798,-17.366819167390435,3.721187119078369,0.18001516351537322,0.29384767073437135,0.11351117505007358,0.24651915198067287
P3,leave_chemical_system_out,softconstrained_hardderived,average_voltage,V,75,7,17.0,85.0,0.6786584599533513,0.25424410108877316,0.6211176030735881,0.7361993168331145,0.5559338564687596,0.22242261320293677,0.505594880270982,0.6062728326665372,-0.6686753935666663,1.6682011769153688,-1.0462248618000454,-0.2911259253332872,0.3716616603256986,0.29098232268186464,0.3058061611724181,0.43751715947897907
P3,leave_chemical_system_out,softconstrained_hardderived,capacity_grav,mAh/g,75,7,17.0,85.0,50.31282851011192,20.147216119943014,45.75308425520582,54.87257276501802,40.149525755057155,15.580472814378048,36.623332807051895,43.675718703062415,-8.169934345226363e+27,7.075370690217014e+28,-2.4183005661870032e+28,7.843136971417307e+27,0.6004661437430027,0.1967675516628595,0.5556335677490712,0.6452987197369341
P3,leave_chemical_system_out,softconstrained_hardderived,energy_grav,Wh/kg,75,7,17.0,85.0,180.97651807217588,81.95206039298279,162.4290207737909,199.52401537056085,145.20433656995675,67.08292197181241,130.02204209104335,160.38663104887016,-0.1018040294567968,1.351095724707124,-0.4075857777581561,0.2039777188445625,0.558858869766802,0.2295341698642324,0.5069103967811439,0.6108073427524601
P3,leave_chemical_system_out,softconstrained_hardderived,max_delta_volume,database_volume_change,75,7,17.0,85.0,0.05253050924372047,0.026844866694393767,0.04645494396687227,0.05860607452056867,0.04075305954060735,0.019254117142354636,0.036395442612269714,0.04511067646894499,-2.629228420320894,10.24290890056326,-4.947416935042698,-0.31103990559909,0.27408033717900904,0.31000171720997394,0.20392034382588256,0.34424033053213554
P3,leave_chemical_system_out,softconstrained_hardderived,stability_charge,eV/atom,75,7,17.0,85.0,0.06991177239042595,0.05484314143377791,0.05749960102218737,0.08232394375866453,0.05067934057217731,0.03398527471112616,0.0429877488310201,0.05837093231333452,-57.06731193577817,337.60207433247393,-133.47385414575146,19.339230274195124,0.13656427169642982,0.335136836225204,0.060715665393317256,0.2124128779995424
P3,leave_chemical_system_out,softconstrained_hardderived,stability_discharge,eV/atom,75,7,17.0,85.0,0.055842342292816545,0.043096577702021216,0.04608866856375043,0.06559601602188267,0.03983419753709081,0.022992564590631058,0.034630490301632615,0.04503790477254901,-1.2640365399873925,2.3055789796098662,-1.7858381846375464,-0.7422348953372386,0.21363884678923536,0.3437733330534277,0.1358356172488197,0.291442076329651
P3,leave_chemical_system_out,softconstrained_hardderived,stability_worst,eV/atom,75,7,17.0,85.0,0.06805804008124285,0.054364931738720895,0.055754097755503,0.0803619824069827,0.04842153263952421,0.03329122582906677,0.040887018947451,0.05595604633159742,-9.21309597604387,67.04090102346035,-24.385880219066944,5.959688266979203,0.16202817687530474,0.32512595671323746,0.08844524589276723,0.23561110785784226
P3,leave_chemical_system_out,unconstrained_direct,average_voltage,V,75,7,17.0,85.0,0.7052025452814824,0.28934831451757137,0.6397168569891789,0.7706882335737859,0.5649299267775524,0.250863757719012,0.5081541136223473,0.6217057399327575,-0.8917105498887796,2.185580474619665,-1.386353976228823,-0.39706712354873624,0.3198050215280641,0.3613071852301748,0.23803350767217146,0.40157653538395677
P3,leave_chemical_system_out,unconstrained_direct,capacity_grav,mAh/g,75,7,17.0,85.0,51.810282861549666,20.594329507873088,47.14934732097072,56.47121840212861,41.872819128431715,16.180804482726803,38.21075833349936,45.534879923364066,-1.0693183974017667e+28,9.260568968839939e+28,-3.1651824563092296e+28,1.0265456615056959e+28,0.5664041464486972,0.22298988587118418,0.5155969329639906,0.6172113599334038
P3,leave_chemical_system_out,unconstrained_direct,energy_grav,Wh/kg,75,7,17.0,85.0,189.21247464965145,89.41471915274265,168.97601867808996,209.44893062121295,153.67256607422144,74.39583052211611,136.83520458503787,170.509927563405,-0.15822966523292828,0.9718890718528249,-0.37818886879754837,0.06172953833169181,0.5362695061617571,0.21507220105766328,0.487594084836825,0.5849449274866891
P3,leave_chemical_system_out,unconstrained_direct,max_delta_volume,database_volume_change,75,7,17.0,85.0,0.05576676945348649,0.031154871092292844,0.048715758354498775,0.06281778055247421,0.04355294015373678,0.023088030388945857,0.03832762697417125,0.04877825333330231,-1.5809371491609445,3.2759910465296636,-2.3223637196910127,-0.8395105786308762,0.17149316797108113,0.35268851301758936,0.09167224326220988,0.2513140926799524
P3,leave_chemical_system_out,unconstrained_direct,stability_charge,eV/atom,75,7,17.0,85.0,0.07073966607505663,0.05471936302085103,0.058355508398827145,0.08312382375128613,0.05127027836446127,0.03453140951362113,0.043455084681812216,0.05908547204711032,-30.162726708413622,184.13118451023965,-71.83553677414469,11.510083357317448,0.08157170143910807,0.3641842056374043,-0.0008509434313631603,0.1639943463095793
P3,leave_chemical_system_out,unconstrained_direct,stability_discharge,eV/atom,75,7,17.0,85.0,0.054771335993169704,0.0412530921781762,0.04543488231457171,0.0641077896717677,0.03892669349372034,0.02124268237715049,0.03411902188532738,0.0437343651021133,-1.276113202121369,2.8380175864021973,-1.9184170473712556,-0.6338093568714825,0.17490499552104036,0.3590513711384207,0.09364402045540916,0.25616597058667157
P3,leave_chemical_system_out,unconstrained_direct,stability_worst,eV/atom,75,7,17.0,85.0,0.06879760836270478,0.05328497962707444,0.05673808220877436,0.0808571345166352,0.04971941549575384,0.034615362585812326,0.04188522144420386,0.05755360954730381,-3.7794012232445158,13.077632803439862,-6.739148152460716,-0.8196542940283149,0.10523954588912023,0.3609832054021565,0.023541355570867575,0.18693773620737286
P3,leave_chemical_system_out,unconstrained_hardderived,average_voltage,V,75,7,17.0,85.0,0.7052025452814824,0.28934831451757137,0.6397168569891789,0.7706882335737859,0.5649299267775524,0.250863757719012,0.5081541136223473,0.6217057399327575,-0.8917105498887796,2.185580474619665,-1.386353976228823,-0.39706712354873624,0.3198050215280641,0.3613071852301748,0.23803350767217146,0.40157653538395677
P3,leave_chemical_system_out,unconstrained_hardderived,capacity_grav,mAh/g,75,7,17.0,85.0,51.810282861549666,20.594329507873088,47.14934732097072,56.47121840212861,41.872819128431715,16.180804482726803,38.21075833349936,45.534879923364066,-1.0693183974017667e+28,9.260568968839939e+28,-3.1651824563092296e+28,1.0265456615056959e+28,0.5664041464486972,0.22298988587118418,0.5155969329639906,0.6172113599334038
P3,leave_chemical_system_out,unconstrained_hardderived,energy_grav,Wh/kg,75,7,17.0,85.0,191.15661224973974,92.15487856161673,170.29999982342255,212.01322467605692,153.38821949832266,77.24623757641818,135.90575016333938,170.87068883330593,-0.151241730111489,0.9266030422573412,-0.3609517403361362,0.058468280113158216,0.5337067519668017,0.2354752389593229,0.4804136884673444,0.5869998154662591
P3,leave_chemical_system_out,unconstrained_hardderived,max_delta_volume,database_volume_change,75,7,17.0,85.0,0.05576676945348649,0.031154871092292844,0.048715758354498775,0.06281778055247421,0.04355294015373678,0.023088030388945857,0.03832762697417125,0.04877825333330231,-1.5809371491609445,3.2759910465296636,-2.3223637196910127,-0.8395105786308762,0.17149316797108113,0.35268851301758936,0.09167224326220988,0.2513140926799524
P3,leave_chemical_system_out,unconstrained_hardderived,stability_charge,eV/atom,75,7,17.0,85.0,0.07073966607505663,0.05471936302085103,0.058355508398827145,0.08312382375128613,0.05127027836446127,0.03453140951362113,0.043455084681812216,0.05908547204711032,-30.162726708413622,184.13118451023965,-71.83553677414469,11.510083357317448,0.08157170143910807,0.3641842056374043,-0.0008509434313631603,0.1639943463095793
P3,leave_chemical_system_out,unconstrained_hardderived,stability_discharge,eV/atom,75,7,17.0,85.0,0.054771335993169704,0.0412530921781762,0.04543488231457171,0.0641077896717677,0.03892669349372034,0.02124268237715049,0.03411902188532738,0.0437343651021133,-1.276113202121369,2.8380175864021973,-1.9184170473712556,-0.6338093568714825,0.17490499552104036,0.3590513711384207,0.09364402045540916,0.25616597058667157
P3,leave_chemical_system_out,unconstrained_hardderived,stability_worst,eV/atom,75,7,17.0,85.0,0.06721979996941395,0.054376715684841155,0.05491319068560396,0.07952640925322393,0.0479425083145413,0.03426705335715414,0.04018714406234672,0.055697872566735876,-7.506394735159617,46.01743906777132,-17.921121621772045,2.908332151452811,0.12981763446718628,0.36309921976448917,0.0476405450159465,0.21199472391842605
P3,leave_family_out,softconstrained_direct,average_voltage,V,10,10,118.5,85.0,1.2022678750735456,0.41450893351496754,0.9453525763562036,1.4591831737908876,0.9839253226198391,0.3750559989614357,0.751463206081574,1.2163874391581042,-1.009182246894985,1.826359465738733,-2.1411715715317445,0.12280707774177468,0.32864656962271044,0.4197652128986327,0.06847339519073714,0.5888197440546837
P3,leave_family_out,softconstrained_direct,capacity_grav,mAh/g,10,10,118.5,85.0,88.2189607055973,70.83034452531874,44.31785833932606,132.12006307186854,62.47030035328133,39.11626506644518,38.22578808418783,86.71481262237484,0.0320980096845676,0.3583117566932695,-0.1899859179745279,0.2541819373436631,0.44787659916706496,0.18129710420171347,0.3355074898028867,0.5602457085312432
P3,leave_family_out,softconstrained_direct,energy_grav,Wh/kg,10,10,118.5,85.0,261.52291662851695,76.15827874338612,214.31952642112805,308.72630683590586,200.72110797661676,52.53931886149088,168.15690077065022,233.2853151825833,-0.20958875704665628,0.7590592282204445,-0.6800585409153042,0.26088102682199166,0.48842473843493633,0.14784439803811739,0.3967898311639282,0.5800596457059445
P3,leave_family_out,softconstrained_direct,max_delta_volume,database_volume_change,10,10,118.5,85.0,0.1142852955401142,0.105213653846016,0.04907319726813293,0.17949739381209545,0.07461503753493322,0.049165280374358925,0.0441420810493182,0.10508799402054823,-0.6878542571967623,0.7974489282750126,-1.1821182236745829,-0.1935902907189418,0.22521888323696207,0.16664437425469136,0.12193162998488566,0.3285061364890385
P3,leave_family_out,softconstrained_direct,stability_charge,eV/atom,10,10,118.5,85.0,0.1777051641283078,0.11943198402840047,0.10368045350779871,0.2517298747488169,0.104015551467543,0.07118725779699286,0.059893231963607754,0.14813787097147824,-2.9200962826707,5.852378771975186,-6.5474382259650135,0.7072456606236135,0.13406749675378893,0.2811793845423619,-0.04020929134889928,0.30834428485647714
P3,leave_family_out,softconstrained_direct,stability_discharge,eV/atom,10,10,118.5,85.0,0.10166593855546997,0.04350201936835577,0.0747031076074003,0.12862876950353963,0.06354174694265377,0.035489871977252924,0.041544896396736836,0.0855385974885707,-0.8233300165035681,2.318622730329585,-2.2604272735496207,0.6137672405424844,0.20743050459503162,0.23540351806563117,0.061525892479449784,0.35333511671061346
P3,leave_family_out,softconstrained_direct,stability_worst,eV/atom,10,10,118.5,85.0,0.1728634324035519,0.12093440163766027,0.09790751370120965,0.24781935110589415,0.10184461121918856,0.07333812251155088,0.05638917195362263,0.14730005048475447,-1.5612772352491324,4.144577541991403,-4.13011300973663,1.0075585392383648,0.15314034127345608,0.19221955576335858,0.034001426294016146,0.272279256252896
P3,leave_family_out,softconstrained_hardderived,average_voltage,V,10,10,118.5,85.0,1.2022678750735456,0.41450893351496754,0.9453525763562036,1.4591831737908876,0.9839253226198391,0.3750559989614357,0.751463206081574,1.2163874391581042,-1.009182246894985,1.826359465738733,-2.1411715715317445,0.12280707774177468,0.32864656962271044,0.4197652128986327,0.06847339519073714,0.5888197440546837
P3,leave_family_out,softconstrained_hardderived,capacity_grav,mAh/g,10,10,118.5,85.0,88.2189607055973,70.83034452531874,44.31785833932606,132.12006307186854,62.47030035328133,39.11626506644518,38.22578808418783,86.71481262237484,0.0320980096845676,0.3583117566932695,-0.1899859179745279,0.2541819373436631,0.44787659916706496,0.18129710420171347,0.3355074898028867,0.5602457085312432
P3,leave_family_out,softconstrained_hardderived,energy_grav,Wh/kg,10,10,118.5,85.0,257.6504133800182,78.138643571709,209.21958033533394,306.0812464247025,196.8916478261359,51.69916250106052,164.84817492733828,228.93512072493354,-0.12056716537508613,0.5756236561512136,-0.47734240376332593,0.23620807301315364,0.5196459070454705,0.12722624574162336,0.4407902629650883,0.5985015511258528
P3,leave_family_out,softconstrained_hardderived,max_delta_volume,database_volume_change,10,10,118.5,85.0,0.1142852955401142,0.105213653846016,0.04907319726813293,0.17949739381209545,0.07461503753493322,0.049165280374358925,0.0441420810493182,0.10508799402054823,-0.6878542571967623,0.7974489282750126,-1.1821182236745829,-0.1935902907189418,0.22521888323696207,0.16664437425469136,0.12193162998488566,0.3285061364890385
P3,leave_family_out,softconstrained_hardderived,stability_charge,eV/atom,10,10,118.5,85.0,0.1777051641283078,0.11943198402840047,0.10368045350779871,0.2517298747488169,0.104015551467543,0.07118725779699286,0.059893231963607754,0.14813787097147824,-2.9200962826707,5.852378771975186,-6.5474382259650135,0.7072456606236135,0.13406749675378893,0.2811793845423619,-0.04020929134889928,0.30834428485647714
P3,leave_family_out,softconstrained_hardderived,stability_discharge,eV/atom,10,10,118.5,85.0,0.10166593855546997,0.04350201936835577,0.0747031076074003,0.12862876950353963,0.06354174694265377,0.035489871977252924,0.041544896396736836,0.0855385974885707,-0.8233300165035681,2.318622730329585,-2.2604272735496207,0.6137672405424844,0.20743050459503162,0.23540351806563117,0.061525892479449784,0.35333511671061346
P3,leave_family_out,softconstrained_hardderived,stability_worst,eV/atom,10,10,118.5,85.0,0.17148349897018833,0.12125466843256041,0.09632907685180801,0.24663792108856863,0.09943864033927992,0.07205653610401955,0.054777536558671895,0.14409974411988793,-1.381808316873673,3.597198188155534,-3.611374852915746,0.8477582191684001,0.16233094962276615,0.1864419936595744,0.04677300473524852,0.27788889451028376
P3,leave_family_out,unconstrained_direct,average_voltage,V,10,10,118.5,85.0,1.0339255963360625,0.2860276472309965,0.8566438238863585,1.2112073687857665,0.8255517826114074,0.22973429839278017,0.6831609892533461,0.9679425759694686,-0.3937546070050654,0.9577559869758969,-0.987377917860319,0.19986870385018812,0.37714669578352483,0.29172932882743724,0.19633098446760852,0.5579624070994411
P3,leave_family_out,unconstrained_direct,capacity_grav,mAh/g,10,10,118.5,85.0,92.31001113569096,63.117121273199885,53.1896140707208,131.4304082006611,67.40587492218899,38.98609043334112,43.24204572659586,91.56970411778211,-0.22534175473164106,1.0416586162131427,-0.8709684539598959,0.4202849444966137,0.5245482048104401,0.13165183763235755,0.44294955045771595,0.6061468591631642
P3,leave_family_out,unconstrained_direct,energy_grav,Wh/kg,10,10,118.5,85.0,274.7620824220223,86.06091693110376,221.4209734771544,328.10319136689014,215.46909817977257,69.64012860583858,172.3056992832393,258.6324970763058,-0.6655015280219025,2.067103731001472,-1.9467056941820482,0.6157026381382431,0.4512485081775316,0.14736636855779223,0.35990988664804413,0.5425871297070191
P3,leave_family_out,unconstrained_direct,max_delta_volume,database_volume_change,10,10,118.5,85.0,0.10865135416885299,0.10483189290425284,0.04367587378001357,0.1736268345576924,0.07201107941446855,0.04299557553886004,0.0453621456039952,0.09866001322494189,-0.4507063079485013,0.47622843212365584,-0.7458757482286646,-0.1555368676683379,0.08444682234294346,0.12539958831998346,0.006723352262178781,0.16217029242370812
P3,leave_family_out,unconstrained_direct,stability_charge,eV/atom,10,10,118.5,85.0,0.16751255440130824,0.11474917777304139,0.09639027716801002,0.23863483163460647,0.09950782462794183,0.0561069879077196,0.0647323532377177,0.13428329601816597,-1.9228457642863142,4.355948978995543,-4.622690912728044,0.7769993841554157,0.2304887414842199,0.20896292759132273,0.10097217713003712,0.36000530583840273
P3,leave_family_out,unconstrained_direct,stability_discharge,eV/atom,10,10,118.5,85.0,0.09789160100176014,0.03731433166535234,0.07476393862558652,0.12101926337793377,0.06114066447589879,0.023316518249303492,0.04668893674045336,0.07559239221134421,-0.37108937996707003,0.5391090399210963,-0.705232624741182,-0.03694613519295814,0.20464249673831986,0.13956807024653875,0.11813731057808552,0.2911476828985542
P3,leave_family_out,unconstrained_direct,stability_worst,eV/atom,10,10,118.5,85.0,0.16500751884433487,0.11522187626013244,0.09359226005335486,0.23642277763531488,0.09538629306494177,0.05616820096623793,0.060572881427974866,0.13019970470190867,-0.6035572643025264,0.7742690789327105,-1.0834542113110657,-0.12366031729398713,0.2329938950002343,0.1782076010813192,0.12253967950899011,0.3434481104914785
P3,leave_family_out,unconstrained_hardderived,average_voltage,V,10,10,118.5,85.0,1.0339255963360625,0.2860276472309965,0.8566438238863585,1.2112073687857665,0.8255517826114074,0.22973429839278017,0.6831609892533461,0.9679425759694686,-0.3937546070050654,0.9577559869758969,-0.987377917860319,0.19986870385018812,0.37714669578352483,0.29172932882743724,0.19633098446760852,0.5579624070994411
P3,leave_family_out,unconstrained_hardderived,capacity_grav,mAh/g,10,10,118.5,85.0,92.31001113569096,63.117121273199885,53.1896140707208,131.4304082006611,67.40587492218899,38.98609043334112,43.24204572659586,91.56970411778211,-0.22534175473164106,1.0416586162131427,-0.8709684539598959,0.4202849444966137,0.5245482048104401,0.13165183763235755,0.44294955045771595,0.6061468591631642
P3,leave_family_out,unconstrained_hardderived,energy_grav,Wh/kg,10,10,118.5,85.0,268.92407963080507,74.93644617851176,222.47798909299237,315.37017016861773,209.2908368471069,63.93812489320197,169.66157646647255,248.92009722774125,-0.66553768279771,2.0776760332926076,-1.9532946298068095,0.6222192642113895,0.5003624595570486,0.16922088354902587,0.3954782692995649,0.6052466498145324
P3,leave_family_out,unconstrained_hardderived,max_delta_volume,database_volume_change,10,10,118.5,85.0,0.10865135416885299,0.10483189290425284,0.04367587378001357,0.1736268345576924,0.07201107941446855,0.04299557553886004,0.0453621456039952,0.09866001322494189,-0.4507063079485013,0.47622843212365584,-0.7458757482286646,-0.1555368676683379,0.08444682234294346,0.12539958831998346,0.006723352262178781,0.16217029242370812
P3,leave_family_out,unconstrained_hardderived,stability_charge,eV/atom,10,10,118.5,85.0,0.16751255440130824,0.11474917777304139,0.09639027716801002,0.23863483163460647,0.09950782462794183,0.0561069879077196,0.0647323532377177,0.13428329601816597,-1.9228457642863142,4.355948978995543,-4.622690912728044,0.7769993841554157,0.2304887414842199,0.20896292759132273,0.10097217713003712,0.36000530583840273
P3,leave_family_out,unconstrained_hardderived,stability_discharge,eV/atom,10,10,118.5,85.0,0.09789160100176014,0.03731433166535234,0.07476393862558652,0.12101926337793377,0.06114066447589879,0.023316518249303492,0.04668893674045336,0.07559239221134421,-0.37108937996707003,0.5391090399210963,-0.705232624741182,-0.03694613519295814,0.20464249673831986,0.13956807024653875,0.11813731057808552,0.2911476828985542
P3,leave_family_out,unconstrained_hardderived,stability_worst,eV/atom,10,10,118.5,85.0,0.16519985704811435,0.11455280471135161,0.09419929309944006,0.23620042099678865,0.09655998034105576,0.056616611188961,0.06146864116862683,0.1316513195134847,-0.6080132929341362,0.6395774066426071,-1.0044274765491075,-0.21159910931916487,0.2107746878268201,0.19016084934153876,0.0929117723073871,0.3286376033462531
P3,leave_working_ion_out,softconstrained_direct,average_voltage,V,3,149,394.0,85.0,0.9261759737583496,0.11121461708432073,0.8003247870999003,1.0520271604167988,0.7392220851692395,0.12500681349837467,0.5977635590185445,0.8806806113199345,0.3964453326782548,0.05361921356524654,0.33576948060241785,0.4571211847540918,0.6499448991438084,0.08389833477537513,0.555004995856245,0.7448848024313718
P3,leave_working_ion_out,softconstrained_direct,capacity_grav,mAh/g,3,149,394.0,85.0,58.04515481888311,10.211615379663467,46.489624197796246,69.60068543996998,43.84040350434617,6.491916541420554,36.49410836936452,51.18669863932782,0.26450175569976625,0.06179516886647823,0.19457393923559427,0.3344295721639382,0.5532502737572508,0.10391384180224386,0.43566069206462554,0.670839855449876
P3,leave_working_ion_out,softconstrained_direct,energy_grav,Wh/kg,3,149,394.0,85.0,210.48717461019814,33.79885938110352,172.2401647087126,248.73418451168368,157.4772399578758,28.00293166977862,125.78893968809086,189.16554022766076,0.3519702510338165,0.10448467228357437,0.233734713842358,0.47020578822527503,0.6101796143108026,0.10415102628156468,0.49232163311312976,0.7280375955084755
P3,leave_working_ion_out,softconstrained_direct,max_delta_volume,database_volume_change,3,149,394.0,85.0,0.10399484832821716,0.01790984043506023,0.08372795598341964,0.12426174067301468,0.066903563810846,0.014157957266931141,0.05088232694993969,0.08292480067175231,-0.08637179571408322,0.33593772393285976,-0.46652111698751325,0.29377752555934683,0.3598633806613177,0.19515538262335094,0.13902427578618134,0.580702485536454
P3,leave_working_ion_out,softconstrained_direct,stability_charge,eV/atom,3,149,394.0,85.0,0.11126614637187716,0.009571357783726354,0.10043513542570569,0.12209715731804864,0.057892140353871725,0.002033128942277916,0.055591438371313834,0.06019284233642962,0.10452912447598613,0.26372493572408084,-0.193903734283351,0.40296198323532323,0.35380596742814224,0.24469730611440307,0.07690489854009358,0.6307070363161908
P3,leave_working_ion_out,softconstrained_direct,stability_discharge,eV/atom,3,149,394.0,85.0,0.07859579291290486,0.01385632576287162,0.06291588423092563,0.09427570159488409,0.046037996833244395,0.0035373888013695634,0.04203506457491419,0.0500409290915746,-0.07283289928363733,0.12364319563684424,-0.21274834656105657,0.06708254799378192,0.2328323648537259,0.10011971471018608,0.11953624214506155,0.3461284875623903
P3,leave_working_ion_out,softconstrained_direct,stability_worst,eV/atom,3,149,394.0,85.0,0.1104913589599872,0.011263958083477837,0.09774499046597948,0.12323772745399492,0.06012469823937503,0.006795510801662371,0.0524348538577583,0.06781454262099176,0.13615027563481666,0.23936035837714092,-0.13471146835622386,0.4070120196258572,0.29831301424435974,0.18126844995826957,0.0931884530215332,0.5034375754671863
P3,leave_working_ion_out,softconstrained_hardderived,average_voltage,V,3,149,394.0,85.0,0.9261759737583496,0.11121461708432073,0.8003247870999003,1.0520271604167988,0.7392220851692395,0.12500681349837467,0.5977635590185445,0.8806806113199345,0.3964453326782548,0.05361921356524654,0.33576948060241785,0.4571211847540918,0.6499448991438084,0.08389833477537513,0.555004995856245,0.7448848024313718
P3,leave_working_ion_out,softconstrained_hardderived,capacity_grav,mAh/g,3,149,394.0,85.0,58.04515481888311,10.211615379663467,46.489624197796246,69.60068543996998,43.84040350434617,6.491916541420554,36.49410836936452,51.18669863932782,0.26450175569976625,0.06179516886647823,0.19457393923559427,0.3344295721639382,0.5532502737572508,0.10391384180224386,0.43566069206462554,0.670839855449876
P3,leave_working_ion_out,softconstrained_hardderived,energy_grav,Wh/kg,3,149,394.0,85.0,204.26189944430573,34.643671440312616,165.0588947020141,243.46490418659735,152.8106036847422,30.240442911085182,118.59032108869027,187.03088628079414,0.3907902178972038,0.10157730552590553,0.2758446759068845,0.5057357598875231,0.6217396811148027,0.1074645586132194,0.5001320851011771,0.7433472771284283
P3,leave_working_ion_out,softconstrained_hardderived,max_delta_volume,database_volume_change,3,149,394.0,85.0,0.10399484832821716,0.01790984043506023,0.08372795598341964,0.12426174067301468,0.066903563810846,0.014157957266931141,0.05088232694993969,0.08292480067175231,-0.08637179571408322,0.33593772393285976,-0.46652111698751325,0.29377752555934683,0.3598633806613177,0.19515538262335094,0.13902427578618134,0.580702485536454
P3,leave_working_ion_out,softconstrained_hardderived,stability_charge,eV/atom,3,149,394.0,85.0,0.11126614637187716,0.009571357783726354,0.10043513542570569,0.12209715731804864,0.057892140353871725,0.002033128942277916,0.055591438371313834,0.06019284233642962,0.10452912447598613,0.26372493572408084,-0.193903734283351,0.40296198323532323,0.35380596742814224,0.24469730611440307,0.07690489854009358,0.6307070363161908
P3,leave_working_ion_out,softconstrained_hardderived,stability_discharge,eV/atom,3,149,394.0,85.0,0.07859579291290486,0.01385632576287162,0.06291588423092563,0.09427570159488409,0.046037996833244395,0.0035373888013695634,0.04203506457491419,0.0500409290915746,-0.07283289928363733,0.12364319563684424,-0.21274834656105657,0.06708254799378192,0.2328323648537259,0.10011971471018608,0.11953624214506155,0.3461284875623903
P3,leave_working_ion_out,softconstrained_hardderived,stability_worst,eV/atom,3,149,394.0,85.0,0.11182041069533839,0.014947281115456072,0.09490596981504171,0.12873485157563508,0.05964265553959786,0.007228209729491045,0.05146316622675964,0.0678221448524361,0.1153030072820239,0.257706868301278,-0.17631976709806235,0.4069257816621102,0.32453247520104334,0.15949515394159444,0.14404671787830742,0.5050182325237793
P3,leave_working_ion_out,unconstrained_direct,average_voltage,V,3,149,394.0,85.0,0.9337646511725285,0.06523415356146277,0.8599452571791554,1.0075840451659015,0.7330212240299971,0.05924860929713148,0.6659751109974499,0.8000673370625444,0.36121958825284733,0.20574040637284013,0.1284024014078645,0.5940367750978301,0.6402886657768738,0.19384153314639965,0.42093632154615473,0.8596410100075929
P3,leave_working_ion_out,unconstrained_direct,capacity_grav,mAh/g,3,149,394.0,85.0,60.00710270645491,10.082744751973497,48.597402928879426,71.4168024840304,44.21995363244244,7.708827696700314,35.496593890622755,52.943313374262125,0.2131154926076226,0.06328468096327708,0.14150213453175647,0.28472885068348874,0.6072419892965985,0.09079459471210397,0.5044982332485259,0.709985745344671
P3,leave_working_ion_out,unconstrained_direct,energy_grav,Wh/kg,3,149,394.0,85.0,208.74319041472089,34.80181585766567,169.3612284174472,248.12515241199458,157.1183550907015,32.38097942023844,120.47582740830065,193.76088277310237,0.3566211875478961,0.14815672139998595,0.18896607450212893,0.5242763005936633,0.6505862275440428,0.10656389188107762,0.5299978318837115,0.7711746232043741
P3,leave_working_ion_out,unconstrained_direct,max_delta_volume,database_volume_change,3,149,394.0,85.0,0.1131412321469879,0.016902705564050956,0.09401402019640981,0.132268444097566,0.07468927077583758,0.01438770972832114,0.0584080445298875,0.09097049702178765,-0.2991794741219319,0.4156553497963066,-0.769537781188143,0.1711788329442792,0.3613437537918059,0.19442363807320814,0.14133269582615543,0.5813548117574563
P3,leave_working_ion_out,unconstrained_direct,stability_charge,eV/atom,3,149,394.0,85.0,0.115573829228573,0.0032412145676578735,0.11190604966642131,0.11924160879072468,0.07122805000403606,0.007385676760680673,0.06287036997082003,0.0795857300372521,0.04354566355547931,0.22024988589115851,-0.20569054502468034,0.29278187213563894,0.3653392143517198,0.24667617452528862,0.08619884505262848,0.644479583650811
P3,leave_working_ion_out,unconstrained_direct,stability_discharge,eV/atom,3,149,394.0,85.0,0.08668334825880498,0.00932676141326411,0.0761291241620787,0.09723757235553127,0.05245012007983304,0.0019466176659053741,0.05024731482233033,0.05465292533733575,-0.3476487661792162,0.3570463812528279,-0.7516847818650401,0.05638724950660762,0.24630827988164647,0.11322845900997308,0.11817821655455091,0.37443834320874203
P3,leave_working_ion_out,unconstrained_direct,stability_worst,eV/atom,3,149,394.0,85.0,0.11578917253139141,0.0065272171152211626,0.10840293103666855,0.12317541402611427,0.07052531757290266,0.01249386238332123,0.0563871813448545,0.08466345380095082,0.0648507964907022,0.1549203310122235,-0.11045806134249002,0.2401596543238944,0.3527032183722447,0.13323985382367676,0.20192813004734783,0.5034783066971416
P3,leave_working_ion_out,unconstrained_hardderived,average_voltage,V,3,149,394.0,85.0,0.9337646511725285,0.06523415356146277,0.8599452571791554,1.0075840451659015,0.7330212240299971,0.05924860929713148,0.6659751109974499,0.8000673370625444,0.36121958825284733,0.20574040637284013,0.1284024014078645,0.5940367750978301,0.6402886657768738,0.19384153314639965,0.42093632154615473,0.8596410100075929
P3,leave_working_ion_out,unconstrained_hardderived,capacity_grav,mAh/g,3,149,394.0,85.0,60.00710270645491,10.082744751973497,48.597402928879426,71.4168024840304,44.21995363244244,7.708827696700314,35.496593890622755,52.943313374262125,0.2131154926076226,0.06328468096327708,0.14150213453175647,0.28472885068348874,0.6072419892965985,0.09079459471210397,0.5044982332485259,0.709985745344671
P3,leave_working_ion_out,unconstrained_hardderived,energy_grav,Wh/kg,3,149,394.0,85.0,225.6234993460479,42.42259937432446,177.61780897580775,273.62918971628807,165.98132402129548,35.63897421963201,125.652028156976,206.31061988561495,0.24366332240210586,0.21582972398808317,-0.0005710021154333722,0.4878976469196451,0.6306741400495243,0.1224369423811629,0.4921236968301868,0.7692245832688618
P3,leave_working_ion_out,unconstrained_hardderived,max_delta_volume,database_volume_change,3,149,394.0,85.0,0.1131412321469879,0.016902705564050956,0.09401402019640981,0.132268444097566,0.07468927077583758,0.01438770972832114,0.0584080445298875,0.09097049702178765,-0.2991794741219319,0.4156553497963066,-0.769537781188143,0.1711788329442792,0.3613437537918059,0.19442363807320814,0.14133269582615543,0.5813548117574563
P3,leave_working_ion_out,unconstrained_hardderived,stability_charge,eV/atom,3,149,394.0,85.0,0.115573829228573,0.0032412145676578735,0.11190604966642131,0.11924160879072468,0.07122805000403606,0.007385676760680673,0.06287036997082003,0.0795857300372521,0.04354566355547931,0.22024988589115851,-0.20569054502468034,0.29278187213563894,0.3653392143517198,0.24667617452528862,0.08619884505262848,0.644479583650811
P3,leave_working_ion_out,unconstrained_hardderived,stability_discharge,eV/atom,3,149,394.0,85.0,0.08668334825880498,0.00932676141326411,0.0761291241620787,0.09723757235553127,0.05245012007983304,0.0019466176659053741,0.05024731482233033,0.05465292533733575,-0.3476487661792162,0.3570463812528279,-0.7516847818650401,0.05638724950660762,0.24630827988164647,0.11322845900997308,0.11817821655455091,0.37443834320874203
P3,leave_working_ion_out,unconstrained_hardderived,stability_worst,eV/atom,3,149,394.0,85.0,0.11556329772532418,0.008543088561566433,0.10589588294309105,0.12523071250755732,0.0698650697867585,0.012426419373805933,0.05580325250851962,0.08392688706499736,0.06180995116849363,0.21140474516780533,-0.1774170384314758,0.30103694076846305,0.2769367860006871,0.2109076619771743,0.03827229898400178,0.5156012730173725
P3,random_split,softconstrained_direct,average_voltage,V,5,641,641.0,85.0,0.6925735502956634,0.034502949105386115,0.6623303819631107,0.7228167186282161,0.5139581837535296,0.02708774850691877,0.49021472532212523,0.5377016421849341,0.597916247510452,0.026459514029365746,0.5747234608781138,0.6211090341427903,0.7567557536413607,0.010868074923892263,0.7472294659501222,0.7662820413325993
P3,random_split,softconstrained_direct,capacity_grav,mAh/g,5,641,641.0,85.0,53.31787043840442,6.263643305809246,47.82754500871284,58.808195868096,35.8540622651742,2.635653458063997,33.54381014860771,38.16431438174069,0.5112219664829665,0.0708413250802867,0.4491268072326592,0.5733171257332738,0.7349443139659135,0.031458356776150026,0.7073698484748439,0.7625187794569832
P3,random_split,softconstrained_direct,energy_grav,Wh/kg,5,641,641.0,85.0,176.35645441681783,12.193740808701078,165.66816934429642,187.04473948933924,129.02515638877264,7.918278618088801,122.08447916087943,135.96583361666586,0.5888602544995309,0.05324501706501676,0.5421889392722895,0.6355315697267724,0.7535304430868826,0.027003171807214385,0.72986111940142,0.7771997667723451
P3,random_split,softconstrained_direct,max_delta_volume,database_volume_change,5,641,641.0,85.0,0.07659401988338452,0.011495101572102647,0.06651811910217792,0.08666992066459112,0.04015779905781734,0.00117215365439543,0.03913036107930658,0.04118523703632811,0.25324683324841424,0.07378452033387953,0.18857184961213636,0.3179218168846921,0.4378974696371033,0.042191746104563235,0.4009147735844509,0.4748801656897557
P3,random_split,softconstrained_direct,stability_charge,eV/atom,5,641,641.0,85.0,0.10731319828070766,0.012718220438615166,0.09616518654290795,0.11846121001850737,0.04760441900979154,0.0015062103972755074,0.04628416738579534,0.048924670633787734,0.11436656637373441,0.06291205238091306,0.05922172108845677,0.16951141165901204,0.4394158594935672,0.025679943631504564,0.41690639644315164,0.4619253225439828
P3,random_split,softconstrained_direct,stability_discharge,eV/atom,5,641,641.0,85.0,0.08412175294317437,0.010379315265932897,0.07502388198131968,0.09321962390502905,0.03726755270336142,0.0016173198752945596,0.03584990932781353,0.03868519607890931,0.0657589364221112,0.043813381782788076,0.027354814025848898,0.1041630588183735,0.4104923426317909,0.03791447132347482,0.37725884322937053,0.4437258420342113
P3,random_split,softconstrained_direct,stability_worst,eV/atom,5,641,641.0,85.0,0.10672828058951574,0.012360476177250881,0.09589384552260866,0.11756271565642282,0.04605444833759327,0.0022704221406349393,0.044064335585913786,0.048044561089272755,0.12081487923163717,0.05366861999830305,0.07377225966231155,0.1678574988009628,0.4187413474253387,0.02328579508367362,0.39833044810418666,0.4391522467464907
P3,random_split,softconstrained_hardderived,average_voltage,V,5,641,641.0,85.0,0.6925735502956634,0.034502949105386115,0.6623303819631107,0.7228167186282161,0.5139581837535296,0.02708774850691877,0.49021472532212523,0.5377016421849341,0.597916247510452,0.026459514029365746,0.5747234608781138,0.6211090341427903,0.7567557536413607,0.010868074923892263,0.7472294659501222,0.7662820413325993
P3,random_split,softconstrained_hardderived,capacity_grav,mAh/g,5,641,641.0,85.0,53.31787043840442,6.263643305809246,47.82754500871284,58.808195868096,35.8540622651742,2.635653458063997,33.54381014860771,38.16431438174069,0.5112219664829665,0.0708413250802867,0.4491268072326592,0.5733171257332738,0.7349443139659135,0.031458356776150026,0.7073698484748439,0.7625187794569832
P3,random_split,softconstrained_hardderived,energy_grav,Wh/kg,5,641,641.0,85.0,175.4829806288713,12.67245682592797,164.3750824662265,186.5908787915161,128.21370959862173,8.868319825921278,120.44028453564985,135.98713466159361,0.5928015553048983,0.05553031550241071,0.5441270876769412,0.6414760229328554,0.7584676852027352,0.02652102719772079,0.7352209799010232,0.7817143905044472
P3,random_split,softconstrained_hardderived,max_delta_volume,database_volume_change,5,641,641.0,85.0,0.07659401988338452,0.011495101572102647,0.06651811910217792,0.08666992066459112,0.04015779905781734,0.00117215365439543,0.03913036107930658,0.04118523703632811,0.25324683324841424,0.07378452033387953,0.18857184961213636,0.3179218168846921,0.4378974696371033,0.042191746104563235,0.4009147735844509,0.4748801656897557
P3,random_split,softconstrained_hardderived,stability_charge,eV/atom,5,641,641.0,85.0,0.10731319828070766,0.012718220438615166,0.09616518654290795,0.11846121001850737,0.04760441900979154,0.0015062103972755074,0.04628416738579534,0.048924670633787734,0.11436656637373441,0.06291205238091306,0.05922172108845677,0.16951141165901204,0.4394158594935672,0.025679943631504564,0.41690639644315164,0.4619253225439828
P3,random_split,softconstrained_hardderived,stability_discharge,eV/atom,5,641,641.0,85.0,0.08412175294317437,0.010379315265932897,0.07502388198131968,0.09321962390502905,0.03726755270336142,0.0016173198752945596,0.03584990932781353,0.03868519607890931,0.0657589364221112,0.043813381782788076,0.027354814025848898,0.1041630588183735,0.4104923426317909,0.03791447132347482,0.37725884322937053,0.4437258420342113
P3,random_split,softconstrained_hardderived,stability_worst,eV/atom,5,641,641.0,85.0,0.10759866176620436,0.012706493986748817,0.0964609287166598,0.11873639481574892,0.045699122670656164,0.002413367819092554,0.043583712507361226,0.0478145328339511,0.10704842631946584,0.04825775595072487,0.06474863820247885,0.14934821443645285,0.4311452413438771,0.025197188791236773,0.40905893156806944,0.4532315511196848
P3,random_split,unconstrained_direct,average_voltage,V,5,641,641.0,85.0,0.704453492612062,0.034819856893379866,0.6739325423557405,0.7349744428683835,0.5333937462308584,0.02994155310361771,0.5071488177789477,0.5596386746827692,0.5839501021373008,0.028206541331775793,0.5592259785567216,0.60867422571788,0.7523183238077188,0.02137796667647109,0.7335797098176675,0.7710569377977701
P3,random_split,unconstrained_direct,capacity_grav,mAh/g,5,641,641.0,85.0,54.93250567678111,5.631869429952237,49.99595446555684,59.86905688800538,37.331378578537695,1.7726485287988583,35.77758363517887,38.88517352189652,0.4808230463261446,0.0645363847042818,0.4242544109835707,0.5373916816687184,0.708298198771188,0.033482450495359965,0.6789495369097167,0.7376468606326594
P3,random_split,unconstrained_direct,energy_grav,Wh/kg,5,641,641.0,85.0,182.62297680547752,11.31945809902361,172.7010343165496,192.54491929440545,134.57412089397675,7.915164966061946,127.63617290241893,141.51206888553457,0.5587135385054524,0.057031133504292376,0.5087235458964626,0.6087035311144421,0.7358420965343287,0.036143439630555274,0.7041609748561328,0.7675232182125247
P3,random_split,unconstrained_direct,max_delta_volume,database_volume_change,5,641,641.0,85.0,0.07686908802070302,0.012224856835922818,0.06615352854777506,0.08758464749363098,0.040305731229590094,0.0014437279462497874,0.03904024788868846,0.041571214570491725,0.25149269109577593,0.05783561835037453,0.20079753642812462,0.3021878457634272,0.4502105719742809,0.01536496666049851,0.436742584883723,0.4636785590648388
P3,random_split,unconstrained_direct,stability_charge,eV/atom,5,641,641.0,85.0,0.10610917390111521,0.013799257167514746,0.09401359169141406,0.11820475611081636,0.04898311713915404,0.004574535287658888,0.044973360166632725,0.05299287411167536,0.13576464235869964,0.07378152276534976,0.07109228620708567,0.2004369985103136,0.41316502648695747,0.05195616102212364,0.36762344339196323,0.4587066095819517
P3,random_split,unconstrained_direct,stability_discharge,eV/atom,5,641,641.0,85.0,0.08327870510792737,0.011113551822844958,0.07353724742776695,0.09302016278808779,0.0376721489278228,0.0022260863582769055,0.03572089820283309,0.03962339965281251,0.08447923396976868,0.08143719078901739,0.013096388925430538,0.1558620790141068,0.4075874818491675,0.026207917382273686,0.3846152294015063,0.4305597342968287
P3,random_split,unconstrained_direct,stability_worst,eV/atom,5,641,641.0,85.0,0.1056084765389056,0.012290936054802243,0.09483499607685436,0.11638195700095683,0.0493408737284926,0.0034216920131101506,0.046341628440254704,0.052340119016730496,0.13657754023062774,0.0932311718318349,0.054856814998152745,0.21829826546310271,0.3717712906226551,0.03434525129210788,0.3416663505180166,0.40187623072729367
P3,random_split,unconstrained_hardderived,average_voltage,V,5,641,641.0,85.0,0.704453492612062,0.034819856893379866,0.6739325423557405,0.7349744428683835,0.5333937462308584,0.02994155310361771,0.5071488177789477,0.5596386746827692,0.5839501021373008,0.028206541331775793,0.5592259785567216,0.60867422571788,0.7523183238077188,0.02137796667647109,0.7335797098176675,0.7710569377977701
P3,random_split,unconstrained_hardderived,capacity_grav,mAh/g,5,641,641.0,85.0,54.93250567678111,5.631869429952237,49.99595446555684,59.86905688800538,37.331378578537695,1.7726485287988583,35.77758363517887,38.88517352189652,0.4808230463261446,0.0645363847042818,0.4242544109835707,0.5373916816687184,0.708298198771188,0.033482450495359965,0.6789495369097167,0.7376468606326594
P3,random_split,unconstrained_hardderived,energy_grav,Wh/kg,5,641,641.0,85.0,183.33890537726023,12.371019730515643,172.49522847843798,194.18258227608248,133.7440710935004,9.358745656187915,125.54076883672451,141.94737335027628,0.554678210088162,0.06488877507522381,0.4978006909665634,0.6115557292097606,0.7350720161984051,0.040441778262272327,0.6996232345908427,0.7705207978059675
P3,random_split,unconstrained_hardderived,max_delta_volume,database_volume_change,5,641,641.0,85.0,0.07686908802070302,0.012224856835922818,0.06615352854777506,0.08758464749363098,0.040305731229590094,0.0014437279462497874,0.03904024788868846,0.041571214570491725,0.25149269109577593,0.05783561835037453,0.20079753642812462,0.3021878457634272,0.4502105719742809,0.01536496666049851,0.436742584883723,0.4636785590648388
P3,random_split,unconstrained_hardderived,stability_charge,eV/atom,5,641,641.0,85.0,0.10610917390111521,0.013799257167514746,0.09401359169141406,0.11820475611081636,0.04898311713915404,0.004574535287658888,0.044973360166632725,0.05299287411167536,0.13576464235869964,0.07378152276534976,0.07109228620708567,0.2004369985103136,0.41316502648695747,0.05195616102212364,0.36762344339196323,0.4587066095819517
P3,random_split,unconstrained_hardderived,stability_discharge,eV/atom,5,641,641.0,85.0,0.08327870510792737,0.011113551822844958,0.07353724742776695,0.09302016278808779,0.0376721489278228,0.0022260863582769055,0.03572089820283309,0.03962339965281251,0.08447923396976868,0.08143719078901739,0.013096388925430538,0.1558620790141068,0.4075874818491675,0.026207917382273686,0.3846152294015063,0.4305597342968287
P3,random_split,unconstrained_hardderived,stability_worst,eV/atom,5,641,641.0,85.0,0.10598225024885181,0.012556358209528877,0.09497611701036492,0.11698838348733871,0.0470010707903323,0.003449359934891388,0.04397757349936599,0.050024568081298605,0.13315336236320316,0.06098859926932618,0.07969449806626988,0.18661222666013644,0.38152640673531,0.03875609851416216,0.3475551885737347,0.41549762489688535
