protocol,split_name,fold_id,target,mae__softconstrained_direct,mae__softconstrained_hardderived,mae__unconstrained_direct,mae__unconstrained_hardderived,r2__softconstrained_direct,r2__softconstrained_hardderived,r2__unconstrained_direct,r2__unconstrained_hardderived,rmse__softconstrained_direct,rmse__softconstrained_hardderived,rmse__unconstrained_direct,rmse__unconstrained_hardderived,spearman__softconstrained_direct,spearman__softconstrained_hardderived,spearman__unconstrained_direct,spearman__unconstrained_hardderived
P1,framework_groupkfold,0,average_voltage,0.6033925801043593,0.6033925801043593,0.6319177459021449,0.6319177459021449,0.4122239301705898,0.4122239301705898,0.3641547454144423,0.3641547454144423,0.8106494375391863,0.8106494375391863,0.8431461331865318,0.8431461331865318,0.6354891547060998,0.6354891547060998,0.56297477482967,0.56297477482967
P1,framework_groupkfold,0,capacity_grav,48.29983816611014,48.29983816611014,48.9371620347445,48.9371620347445,0.2788368984277639,0.2788368984277639,0.2781813143012077,0.2781813143012077,64.38003823976717,64.38003823976717,64.40929441169457,64.40929441169457,0.5266213258554986,0.5266213258554986,0.5378603744166625,0.5378603744166625
P1,framework_groupkfold,0,energy_grav,168.85633112235658,167.39120446018146,171.38066340746116,168.25043461805396,0.3093395064713385,0.3153842079961002,0.2978265127614267,0.3232832256524092,231.9408812011192,230.923670476468,233.86606543965388,229.5876202253368,0.5576523749898142,0.5605300129270395,0.5616120321324143,0.5703246904633326
P1,framework_groupkfold,0,max_delta_volume,0.0382537815903375,0.0382537815903375,0.0393063559165973,0.0393063559165973,0.0714620118826929,0.0714620118826929,0.0496484372862428,0.0496484372862428,0.05806403918815,0.05806403918815,0.0587421113883416,0.0587421113883416,0.403805356978014,0.403805356978014,0.3329085596906295,0.3329085596906295
P1,framework_groupkfold,0,stability_charge,0.0524781601629146,0.0524781601629146,0.0496893736148064,0.0496893736148064,-0.0163827609159017,-0.0163827609159017,0.0038259166509309,0.0038259166509309,0.1281136189769405,0.1281136189769405,0.1268335866227244,0.1268335866227244,0.4325018347843815,0.4325018347843815,0.4151346406129679,0.4151346406129679
P1,framework_groupkfold,0,stability_discharge,0.0395241139959503,0.0395241139959503,0.0423895618433808,0.0423895618433808,0.055583137960501,0.055583137960501,0.0386089795804385,0.0386089795804385,0.10048143866296,0.10048143866296,0.1013804019950511,0.1013804019950511,0.4078635740451007,0.4078635740451007,0.3301985302662935,0.3301985302662935
P1,framework_groupkfold,0,stability_worst,0.0501751214513371,0.0502769237601884,0.0501036598456493,0.0488926124621157,0.0112546611608836,-0.0087375261161626,0.0133104377035705,-0.0018926390283608,0.1260248136937095,0.1272925328710799,0.1258937315770689,0.1268599197749271,0.4078950367437025,0.3962362354067653,0.374276324509517,0.3822391301605227
P1,framework_groupkfold,1,average_voltage,0.5857283410087917,0.5857283410087917,0.5756004331921982,0.5756004331921982,0.5758220546762975,0.5758220546762975,0.5637984673345311,0.5637984673345311,0.7614618549463678,0.7614618549463678,0.7721784977697279,0.7721784977697279,0.7082492283807951,0.7082492283807951,0.7188482859228951,0.7188482859228951
P1,framework_groupkfold,1,capacity_grav,43.00809823375401,43.00809823375401,43.82338569616882,43.82338569616882,0.2060593438668718,0.2060593438668718,0.192681059607792,0.192681059607792,64.93147804473487,64.93147804473487,65.47625610171045,65.47625610171045,0.5491872392864139,0.5491872392864139,0.5390648411813334,0.5390648411813334
P1,framework_groupkfold,1,energy_grav,156.31240152715753,155.19062732697284,153.7915763350963,158.669263899158,0.3881879201261559,0.3884716758958744,0.3722876358329736,0.3455433162821317,207.825453727966,207.7772538698585,210.5087028182573,214.94639574515028,0.6514687068551792,0.6474778772166425,0.6373508065236773,0.6218434977662552
P1,framework_groupkfold,1,max_delta_volume,0.0438359659749177,0.0438359659749177,0.0442491400873607,0.0442491400873607,0.1433190155447367,0.1433190155447367,0.112990374764423,0.112990374764423,0.1195715868604605,0.1195715868604605,0.1216697443789468,0.1216697443789468,0.3880369379700017,0.3880369379700017,0.3684622104374181,0.3684622104374181
P1,framework_groupkfold,1,stability_charge,0.0456899078941518,0.0456899078941518,0.0458417746294103,0.0458417746294103,0.1147904658461224,0.1147904658461224,0.0787570290509152,0.0787570290509152,0.0915380813777687,0.0915380813777687,0.093382577649549,0.093382577649549,0.3984017400984141,0.3984017400984141,0.4304732993702241,0.4304732993702241
P1,framework_groupkfold,1,stability_discharge,0.0367679498546247,0.0367679498546247,0.034818319796045,0.034818319796045,0.079109365930985,0.079109365930985,0.0740043705487014,0.0740043705487014,0.0680354473473894,0.0680354473473894,0.0682237653814156,0.0682237653814156,0.250363625442398,0.250363625442398,0.3440815000921673,0.3440815000921673
P1,framework_groupkfold,1,stability_worst,0.0440675413478076,0.0452634290163329,0.0474228421353831,0.0458703604746584,0.11463138823259,0.0874254569807857,0.0544622557823333,0.0385367336065073,0.0923138269053622,0.0937214220034103,0.095399067468366,0.096199107470596,0.4059116832339154,0.413172242044355,0.3367694161999455,0.4094737967601913
P1,framework_groupkfold,2,average_voltage,0.6143006851804916,0.6143006851804916,0.5715048390884286,0.5715048390884286,0.4693170561086908,0.4693170561086908,0.5222419513302201,0.5222419513302201,0.8067686405703655,0.8067686405703655,0.7654828232278549,0.7654828232278549,0.6400160135001846,0.6400160135001846,0.6982621814977225,0.6982621814977225
P1,framework_groupkfold,2,capacity_grav,49.73795584800725,49.73795584800725,50.39500864609231,50.39500864609231,0.1414732683983882,0.1414732683983882,0.1122747452113597,0.1122747452113597,68.20853361956257,68.20853361956257,69.35872315692889,69.35872315692889,0.5048034274932783,0.5048034274932783,0.4691169283482188,0.4691169283482188
P1,framework_groupkfold,2,energy_grav,175.07452822949523,176.70312536436526,180.4087870790666,182.51605983092665,0.312799455963048,0.2937340712860679,0.2794715392643735,0.2228713883541931,232.49039603113624,235.69338723160675,238.0613214472092,247.2348675564016,0.5915850596769232,0.5876906438889817,0.5750384391422071,0.571016071172212
P1,framework_groupkfold,2,max_delta_volume,0.0451152126567643,0.0451152126567643,0.041402930288275,0.041402930288275,0.0537632658349088,0.0537632658349088,0.1080014873461757,0.1080014873461757,0.0652352695041815,0.0652352695041815,0.0633380405958336,0.0633380405958336,0.277803025278681,0.277803025278681,0.3859842833676887,0.3859842833676887
P1,framework_groupkfold,2,stability_charge,0.059939143126286,0.059939143126286,0.0559403272687166,0.0559403272687166,-0.333541082074831,-0.333541082074831,-0.2921409770864691,-0.2921409770864691,0.1137804987893867,0.1137804987893867,0.1120004024489657,0.1120004024489657,0.1495098929222817,0.1495098929222817,0.2028480747234936,0.2028480747234936
P1,framework_groupkfold,2,stability_discharge,0.0420176783484565,0.0420176783484565,0.042046250347533,0.042046250347533,-0.1489847654906797,-0.1489847654906797,-0.200131521861526,-0.200131521861526,0.0872215200186455,0.0872215200186455,0.0891417051217532,0.0891417051217532,0.4345763778167149,0.4345763778167149,0.4407064945437506,0.4407064945437506
P1,framework_groupkfold,2,stability_worst,0.0555912951770313,0.0530295384962877,0.0564436426586362,0.0510016709242383,-0.2399979434519639,-0.1985243883525016,-0.3369049760322429,-0.1926532610588065,0.1084256043712834,0.1065969569747282,0.112582694605795,0.1063355469285368,0.2449709147731859,0.2427551989501431,0.2682591867754265,0.2603261229920139
P1,framework_groupkfold,3,average_voltage,0.5901617374967068,0.5901617374967068,0.5848166835799253,0.5848166835799253,0.4621439093191652,0.4621439093191652,0.4655402390665857,0.4655402390665857,0.7895348687646735,0.7895348687646735,0.7870381346115862,0.7870381346115862,0.6467488666763804,0.6467488666763804,0.6617678398391282,0.6617678398391282
P1,framework_groupkfold,3,capacity_grav,50.02442702314352,50.02442702314352,51.00774981051088,51.00774981051088,0.1749341062116854,0.1749341062116854,0.1175051984897489,0.1175051984897489,75.45074051852734,75.45074051852734,78.03245436319926,78.03245436319926,0.4981615700673692,0.4981615700673692,0.5106236894756763,0.5106236894756763
P1,framework_groupkfold,3,energy_grav,172.41215764065413,171.31305711795443,173.9712633726058,175.0210604168207,0.2440365734904721,0.2359938277227423,0.2472987784546981,0.2029166237470707,250.010604124522,251.33702530841688,249.47058619366007,256.7201234661915,0.5871879642672674,0.5844082209473804,0.5869635100998887,0.5837316081401486
P1,framework_groupkfold,3,max_delta_volume,0.0443572972001787,0.0443572972001787,0.0444734276876288,0.0444734276876288,0.0536014971237207,0.0536014971237207,-0.0109636861004374,-0.0109636861004374,0.071322194962375,0.071322194962375,0.0737149297415078,0.0737149297415078,0.3587452147467203,0.3587452147467203,0.3383141173681825,0.3383141173681825
P1,framework_groupkfold,3,stability_charge,0.048159715039757,0.048159715039757,0.0517409347976081,0.0517409347976081,0.1881209564947431,0.1881209564947431,0.0404355301658578,0.0404355301658578,0.0945946579200644,0.0945946579200644,0.1028390425717586,0.1028390425717586,0.3264781930283801,0.3264781930283801,0.2928396767700902,0.2928396767700902
P1,framework_groupkfold,3,stability_discharge,0.0368583740314672,0.0368583740314672,0.0397308280533051,0.0397308280533051,-0.0130374694366723,-0.0130374694366723,-0.1203451097123924,-0.1203451097123924,0.0678162296782496,0.0678162296782496,0.0713176128358034,0.0713176128358034,0.3793696460647294,0.3793696460647294,0.2975740668929009,0.2975740668929009
P1,framework_groupkfold,3,stability_worst,0.0465322286132692,0.0452213686334287,0.0507301015486021,0.0493081540672858,0.1838090990934403,0.2009254190249065,0.052540893813772,0.0828983171544016,0.0941669487150384,0.0931743306807463,0.1014571972819885,0.0998185757728089,0.3809692254219463,0.3923715849323087,0.3563313283062698,0.308609185013546
P1,framework_groupkfold,4,average_voltage,0.6354106181679897,0.6354106181679897,0.6090035779015557,0.6090035779015557,0.5073164664059453,0.5073164664059453,0.5330657869105544,0.5330657869105544,0.8230576558501846,0.8230576558501846,0.8012611452964127,0.8012611452964127,0.6810882964204691,0.6810882964204691,0.708944896607785,0.708944896607785
P1,framework_groupkfold,4,capacity_grav,44.08275165485726,44.08275165485726,45.96813510438469,45.96813510438469,0.3479407620810637,0.3479407620810637,0.2967240824649071,0.2967240824649071,59.04018073745577,59.04018073745577,61.315041320794194,61.315041320794194,0.6172104057219158,0.6172104057219158,0.5909364774680611,0.5909364774680611
P1,framework_groupkfold,4,energy_grav,156.79876687494146,155.3397156421097,166.41274046390103,164.2124694831119,0.4528114847697611,0.4617939017798883,0.428452034603482,0.4283055938276892,218.533443386045,216.7323446362785,223.3447579060237,223.373368527398,0.6917632500602692,0.7007963433218656,0.6673173155290891,0.669454457865519
P1,framework_groupkfold,4,max_delta_volume,0.0391832126577578,0.0391832126577578,0.0397304217225434,0.0397304217225434,0.1795371581616813,0.1795371581616813,0.1803243327800743,0.1803243327800743,0.0640824652351121,0.0640824652351121,0.0640517166181646,0.0640517166181646,0.3704392944203166,0.3704392944203166,0.4008969145744079,0.4008969145744079
P1,framework_groupkfold,4,stability_charge,0.0472009954853143,0.0472009954853143,0.0498798680677666,0.0498798680677666,0.0514362814303988,0.0514362814303988,0.014117716572186,0.014117716572186,0.1093445152488711,0.1093445152488711,0.1114746917321527,0.1114746917321527,0.4078585577537213,0.4078585577537213,0.3818202534576095,0.3818202534576095
P1,framework_groupkfold,4,stability_discharge,0.0367633281061274,0.0367633281061274,0.0386124590136266,0.0386124590136266,0.0929558942971633,0.0929558942971633,0.0528768644943514,0.0528768644943514,0.0796501712346929,0.0796501712346929,0.0813908780532334,0.0813908780532334,0.3750908281867225,0.3750908281867225,0.3388233641442047,0.3388233641442047
P1,framework_groupkfold,4,stability_worst,0.0472248945205698,0.0459194334512722,0.0535256413710338,0.0482163500731174,0.0627625343562118,0.0496822773158835,-0.0088395882307041,0.0178285811939539,0.1088134397683459,0.1095701189354052,0.1128934582347941,0.1113913236819323,0.3443274776459017,0.3495785754437231,0.2769470834268572,0.3393280038682513
P1,leave_chemical_system_out,0,average_voltage,0.5802533210214884,0.5802533210214884,1.1232706040405047,1.1232706040405047,0.0151467829344217,0.0151467829344217,-1.8190681693626976,-1.8190681693626976,0.7547603476958695,0.7547603476958695,1.2769565228391642,1.2769565228391642,0.1919950565376049,0.1919950565376049,0.3781667845775357,0.3781667845775357
P1,leave_chemical_system_out,0,capacity_grav,74.12351313578796,74.12351313578796,56.766328435903205,56.766328435903205,-0.1143424133676278,-0.1143424133676278,0.2137635115840861,0.2137635115840861,90.35253935027669,90.35253935027669,75.89403270307109,75.89403270307109,0.4361753787636077,0.4361753787636077,0.4622373520076829,0.4622373520076829
P1,leave_chemical_system_out,0,energy_grav,223.0085398864173,244.19590173106795,240.33383016592344,245.4159541812389,0.2770879440557849,0.1867502248667474,0.0204005290229843,-0.0635193628188799,289.46062564795227,307.0143949366249,336.9543238491028,351.09081131267595,0.5794337901257232,0.5800657010968994,0.4992147090720475,0.5026566071278158
P1,leave_chemical_system_out,0,max_delta_volume,0.0336041353079337,0.0336041353079337,0.0493301127136231,0.0493301127136231,-1.0011704238354977,-1.0011704238354977,-3.377166717746947,-3.377166717746947,0.0391617264092985,0.0391617264092985,0.0579183705879809,0.0579183705879809,0.159181062622139,0.159181062622139,-0.2448890299307653,-0.2448890299307653
P1,leave_chemical_system_out,0,stability_charge,0.0649599217574318,0.0649599217574318,0.1292650829298076,0.1292650829298076,-0.0365820250463655,-0.0365820250463655,-0.0836641531148447,-0.0836641531148447,0.2335210962614875,0.2335210962614875,0.2387655347982899,0.2387655347982899,0.0142331700700901,0.0142331700700901,-0.4297866117834722,-0.4297866117834722
P1,leave_chemical_system_out,0,stability_discharge,0.0622806293568441,0.0622806293568441,0.0747579091645372,0.0747579091645372,-0.0655224199851469,-0.0655224199851469,-0.0162660396559779,-0.0162660396559779,0.1791313817767811,0.1791313817767811,0.1749419996545595,0.1749419996545595,-0.1774377242323339,-0.1774377242323339,-0.1446825243792553,-0.1446825243792553
P1,leave_chemical_system_out,0,stability_worst,0.0664418721921672,0.0711478597989718,0.1071098586039317,0.0941971132697657,-0.0523184094780746,-0.0572290043462198,-0.0367005956756154,-0.0164594453946056,0.2284404505162999,0.2289728335178105,0.2267389326811646,0.2245145295890987,-0.2649001042227731,-0.3047676362925648,-0.2551559025980934,-0.3280844788832522
P1,leave_chemical_system_out,1,average_voltage,0.6112254011610744,0.6112254011610744,0.646803687498553,0.646803687498553,-0.5606811810539403,-0.5606811810539403,-0.8003633797646688,-0.8003633797646688,0.7422422963428106,0.7422422963428106,0.7972025648433176,0.7972025648433176,0.4622118315180026,0.4622118315180026,0.545124239073064,0.545124239073064
P1,leave_chemical_system_out,1,capacity_grav,47.07192207139119,47.07192207139119,59.08072377275432,59.08072377275432,0.1103004462910949,0.1103004462910949,-0.2910657509281169,-0.2910657509281169,58.8376809963769,58.8376809963769,70.87744295857748,70.87744295857748,0.3506096608172889,0.3506096608172889,0.2720584140426374,0.2720584140426374
P1,leave_chemical_system_out,1,energy_grav,195.6780342155024,191.6481502087309,191.7455078331488,196.0331943503228,0.0116855073877831,0.0693556734199191,0.1505839239579152,0.1710837955045537,257.22706671463214,249.60940808300208,238.46756736319367,235.57239548935092,0.4939305195214234,0.4791586418504951,0.3204069580018383,0.4491879961723584
P1,leave_chemical_system_out,1,max_delta_volume,0.047894958940437,0.047894958940437,0.0607599459458511,0.0607599459458511,-0.0969109952206255,-0.0969109952206255,-0.4562074885387577,-0.4562074885387577,0.0654340075159746,0.0654340075159746,0.0753927274173551,0.0753927274173551,0.1646435065071411,0.1646435065071411,0.0357373453070217,0.0357373453070217
P1,leave_chemical_system_out,1,stability_charge,0.0393920413236578,0.0393920413236578,0.0342764611650278,0.0342764611650278,-0.2647813079147467,-0.2647813079147467,-0.1161028753369191,-0.1161028753369191,0.0485685987005867,0.0485685987005867,0.0456246943046989,0.0456246943046989,0.0661501494349242,0.0661501494349242,0.0569530189443336,0.0569530189443336
P1,leave_chemical_system_out,1,stability_discharge,0.0235825775385543,0.0235825775385543,0.0258907639095184,0.0258907639095184,-0.5643798034447651,-0.5643798034447651,-0.6978258812398686,-0.6978258812398686,0.0324086329518492,0.0324086329518492,0.0337626235728576,0.0337626235728576,-0.0179682496649352,-0.0179682496649352,0.0185722863452774,0.0185722863452774
P1,leave_chemical_system_out,1,stability_worst,0.0375805541437783,0.0353717044928339,0.0371487095183314,0.0331929701136319,-0.3543409599723239,-0.2711189982779749,-0.436810507119757,-0.2596977415606216,0.0478550970902462,0.0463614809002067,0.0492905816090244,0.04615272736112,0.0283372553103671,0.0395175905873665,-0.0868481672817344,-0.0230856626703809
P1,leave_chemical_system_out,2,average_voltage,0.5950235052960667,0.5950235052960667,0.6940370697113626,0.6940370697113626,0.366154860757183,0.366154860757183,0.0764830230397668,0.0764830230397668,0.7051609309151045,0.7051609309151045,0.851175475567538,0.851175475567538,0.6094417763935495,0.6094417763935495,0.5541657002071431,0.5541657002071431
P1,leave_chemical_system_out,2,capacity_grav,44.90879459369574,44.90879459369574,48.97640477796605,48.97640477796605,-0.0367444915377592,-0.0367444915377592,-0.2522249870340107,-0.2522249870340107,52.53366442423109,52.53366442423109,57.73551047654999,57.73551047654999,0.376668649245129,0.376668649245129,0.3365721606290169,0.3365721606290169
P1,leave_chemical_system_out,2,energy_grav,191.99176792914977,200.966839764352,192.99121494392293,242.8415957918224,-0.0408781842789276,-0.125569373909234,-0.0467863330448357,-0.694009396128848,221.7039204396535,230.54704156234064,222.33223905089775,282.83381218651675,0.2640544643755447,0.2684001036229634,0.2333733412072512,0.2930178086790209
P1,leave_chemical_system_out,2,max_delta_volume,0.0385208200087747,0.0385208200087747,0.0458667596503569,0.0458667596503569,0.1752378527827653,0.1752378527827653,-0.5381318383185487,-0.5381318383185487,0.0488225621864471,0.0488225621864471,0.0666734591690271,0.0666734591690271,0.3851180582787629,0.3851180582787629,0.0622666398448848,0.0622666398448848
P1,leave_chemical_system_out,2,stability_charge,0.0541394080726036,0.0541394080726036,0.0841321541513997,0.0841321541513997,-0.5371283438725736,-0.5371283438725736,-1.6925088101719985,-1.6925088101719985,0.0766245023612785,0.0766245023612785,0.101412425073079,0.101412425073079,-0.3404674028344566,-0.3404674028344566,-0.1425219659627719,-0.1425219659627719
P1,leave_chemical_system_out,2,stability_discharge,0.0303633325858429,0.0303633325858429,0.0329085888521517,0.0329085888521517,-0.1243705206418293,-0.1243705206418293,-0.3074525590141483,-0.3074525590141483,0.054238255544019,0.054238255544019,0.0584876210973012,0.0584876210973012,-0.0252106836153547,-0.0252106836153547,-0.0980326988779384,-0.0980326988779384
P1,leave_chemical_system_out,2,stability_worst,0.0519181646798697,0.0514750881986135,0.0739010375447069,0.0819272354627005,-0.4539119743500213,-0.4805476145048626,-1.1997271889275152,-1.6369828289638506,0.0726944023466766,0.0733572602839722,0.0894162238295434,0.0979006475955532,-0.3653824637282238,-0.3325560328889593,-0.1620360634383487,-0.1602329134511633
P1,leave_chemical_system_out,3,average_voltage,0.6766450087366283,0.6766450087366283,0.6773892410663185,0.6773892410663185,0.3683441899045363,0.3683441899045363,0.3719730281606711,0.3719730281606711,0.8185945769018823,0.8185945769018823,0.8162397928654659,0.8162397928654659,0.6330018238645361,0.6330018238645361,0.6287500078504052,0.6287500078504052
P1,leave_chemical_system_out,3,capacity_grav,43.31207896376609,43.31207896376609,30.09556681710166,30.09556681710166,-0.1046524636587826,-0.1046524636587826,0.219805737716406,0.219805737716406,50.26139511359581,50.26139511359581,42.23991956358168,42.23991956358168,0.4201917879018512,0.4201917879018512,0.4531899691500613,0.4531899691500613
P1,leave_chemical_system_out,3,energy_grav,198.08288874544004,197.52396184521217,133.2199234766269,124.7537470744812,-0.2089486278371837,-0.1789162393411103,0.2922512433898053,0.3609293664847924,227.6249257759719,224.7798457661529,174.16282132689125,165.4970757971981,0.3158041430400002,0.4362383574115531,0.5600902994882446,0.5994348553319242
P1,leave_chemical_system_out,3,max_delta_volume,0.0346466153298274,0.0346466153298274,0.0436205646786415,0.0436205646786415,-0.2808322251982311,-0.2808322251982311,-1.5767227013525869,-1.5767227013525869,0.0467643682420903,0.0467643682420903,0.0663288993349341,0.0663288993349341,0.0329770036311296,0.0329770036311296,-0.1529229711876626,-0.1529229711876626
P1,leave_chemical_system_out,3,stability_charge,0.0339289508898369,0.0339289508898369,0.0622711249714472,0.0622711249714472,-0.0790384633759009,-0.0790384633759009,-2.430316373513293,-2.430316373513293,0.0435009637910792,0.0435009637910792,0.0775617330354694,0.0775617330354694,0.2119400836020105,0.2119400836020105,0.0751969987774645,0.0751969987774645
P1,leave_chemical_system_out,3,stability_discharge,0.0223108621610559,0.0223108621610559,0.0435878245222803,0.0435878245222803,-1.0861273896835617,-1.0861273896835617,-5.440296415756702,-5.440296415756702,0.0278604797018373,0.0278604797018373,0.0489520749808365,0.0489520749808365,-0.0478431070180149,-0.0478431070180149,-0.0873570460908538,-0.0873570460908538
P1,leave_chemical_system_out,3,stability_worst,0.0337296897347621,0.0327404452796936,0.0634193480165739,0.0637556837855693,-0.13983613660608,-0.0933164375079771,-2.811239892688998,-2.791688910586635,0.0428360917905347,0.0419528595934717,0.0783288540044769,0.0781276891500505,0.1577229711929627,0.2090817330228468,0.0161481549623571,0.023655139757456
P1,leave_chemical_system_out,4,average_voltage,0.6479918832645166,0.6479918832645166,0.8914806391296473,0.8914806391296473,-0.1321860390912872,-0.1321860390912872,-0.9122446086491462,-0.9122446086491462,0.8389044329710413,0.8389044329710413,1.090248039099431,1.090248039099431,0.5147167912864338,0.5147167912864338,0.4518301232473244,0.4518301232473244
P1,leave_chemical_system_out,4,capacity_grav,40.50266107682598,40.50266107682598,42.997094933771336,42.997094933771336,0.1022099411178245,0.1022099411178245,0.2012739956584155,0.2012739956584155,54.99469143964255,54.99469143964255,51.8719154922208,51.8719154922208,0.4439918377589441,0.4439918377589441,0.5334656858644736,0.5334656858644736
P1,leave_chemical_system_out,4,energy_grav,177.09385506963005,170.32781511293243,125.77535468217596,136.15754190620964,-0.1896532256743222,-0.1080060325163583,0.3750149639560743,0.2049321807393308,213.15233980344723,205.7079013631972,154.49510386666762,174.25369615747053,0.4186623717424906,0.497156109426849,0.6219253543111075,0.5928285377556989
P1,leave_chemical_system_out,4,max_delta_volume,0.0343359550831187,0.0343359550831187,0.0321223857813226,0.0321223857813226,-0.4704353730653066,-0.4704353730653066,-0.0864499727242384,-0.0864499727242384,0.0484013023368929,0.0484013023368929,0.0416043693503394,0.0416043693503394,0.2733310854514842,0.2733310854514842,0.2470719179224844,0.2470719179224844
P1,leave_chemical_system_out,4,stability_charge,0.0318454632674352,0.0318454632674352,0.0314474316041156,0.0314474316041156,-0.229417679484956,-0.229417679484956,-0.131600998811467,-0.131600998811467,0.0383283942869897,0.0383283942869897,0.0367720260813261,0.0367720260813261,-0.0074828739668086,-0.0074828739668086,0.1927917995110014,0.1927917995110014
P1,leave_chemical_system_out,4,stability_discharge,0.0426553197285547,0.0426553197285547,0.0246938555221037,0.0246938555221037,-4.857327401601935,-4.857327401601935,-1.023637203762752,-1.023637203762752,0.0491995433918415,0.0491995433918415,0.0289186256745024,0.0289186256745024,0.1669819352271492,0.1669819352271492,0.0987297350898191,0.0987297350898191
P1,leave_chemical_system_out,4,stability_worst,0.0330244226967523,0.0333954715117221,0.0329819323476222,0.0259994252424087,-0.6045122199042245,-0.6621042185690709,-0.4928529110484621,0.044696092777435,0.0400320434736166,0.0407441602255891,0.0386139966709347,0.0308892257120744,0.3053628338539966,0.1992203805253056,0.2487826304549288,0.2444496171930789
P1,leave_chemical_system_out,5,average_voltage,0.2969757648973226,0.2969757648973226,0.2575825842075191,0.2575825842075191,0.4117623018772993,0.4117623018772993,0.5034285734638209,0.5034285734638209,0.3601153705528752,0.3601153705528752,0.3308690120689214,0.3308690120689214,0.7393581516331356,0.7393581516331356,0.7476649243651383,0.7476649243651383
P1,leave_chemical_system_out,5,capacity_grav,31.20719352764292,31.20719352764292,37.46802466599354,37.46802466599354,0.2191082710545298,0.2191082710545298,0.1374959489089054,0.1374959489089054,42.43744073637171,42.43744073637171,44.59994729384565,44.59994729384565,0.5716724826531709,0.5716724826531709,0.4627427885469404,0.4627427885469404
P1,leave_chemical_system_out,5,energy_grav,156.05673242803934,157.39225596705566,167.7415630770965,175.2225711272522,0.1154721305183565,0.1210492164745036,0.0948939855573126,0.0306485375893076,196.83261886562428,196.2111074785516,199.1090662437443,206.0544249017099,0.3226212082897715,0.431107660169729,0.2591574646172696,0.2274532820234586
P1,leave_chemical_system_out,5,max_delta_volume,0.0363062071349123,0.0363062071349123,0.045307053542465,0.045307053542465,-0.0661608820005728,-0.0661608820005728,-0.3220089089330391,-0.3220089089330391,0.0488071852068906,0.0488071852068906,0.0543487526119633,0.0543487526119633,0.2884803723612397,0.2884803723612397,0.3314263873856945,0.3314263873856945
P1,leave_chemical_system_out,5,stability_charge,0.0358386374800653,0.0358386374800653,0.069235493412978,0.069235493412978,0.0715783934854217,0.0715783934854217,-1.9658469795109343,-1.9658469795109343,0.0444577465279554,0.0444577465279554,0.0794601162429513,0.0794601162429513,0.2902139883498369,0.2902139883498369,0.0891182145470635,0.0891182145470635
P1,leave_chemical_system_out,5,stability_discharge,0.0234751003783206,0.0234751003783206,0.0213694995724539,0.0213694995724539,-0.1550452298542115,-0.1550452298542115,-0.012598405543875,-0.012598405543875,0.0311323895837998,0.0311323895837998,0.0291495316069243,0.0291495316069243,0.0807163486149404,0.0807163486149404,0.1328289277207098,0.1328289277207098
P1,leave_chemical_system_out,5,stability_worst,0.0347640068210554,0.0334299156132408,0.0445690331491758,0.0639586975896828,-0.0113943155356952,0.0293604519456336,-0.4059816868864798,-1.917059365631025,0.0433197896182097,0.0424380163524242,0.051075886899301,0.0735696548274157,0.3337474859801053,0.2270003487331446,0.0823586700276972,0.1105615129034507
P1,leave_chemical_system_out,6,average_voltage,0.3058645192995151,0.3058645192995151,0.3796337605710433,0.3796337605710433,0.1792206011062829,0.1792206011062829,-0.0882446939841214,-0.0882446939841214,0.4409098340916156,0.4409098340916156,0.507691439969459,0.507691439969459,0.4829604081268135,0.4829604081268135,0.4923440461597742,0.4923440461597742
P1,leave_chemical_system_out,6,capacity_grav,34.02387793628172,34.02387793628172,36.54849096447936,36.54849096447936,0.0579482433189655,0.0579482433189655,0.1253725505190204,0.1253725505190204,47.63409506510497,47.63409506510497,45.89782320946943,45.89782320946943,0.2773084859117222,0.2773084859117222,0.4031983954950524,0.4031983954950524
P1,leave_chemical_system_out,6,energy_grav,181.0083185378259,178.74192489916086,181.47943775674676,181.29023498390404,0.0384409181141632,0.0587898238730909,0.1479770314008901,0.1873654544363752,249.7408472772965,247.0841577590144,235.0862590065217,229.58802598585584,0.2636475641634231,0.3001724843550107,0.4342159719524305,0.4503700829965149
P1,leave_chemical_system_out,6,max_delta_volume,0.0273176585083758,0.0273176585083758,0.0266070383564478,0.0266070383564478,-0.0458012165268741,-0.0458012165268741,-0.1790713700680288,-0.1790713700680288,0.0391851279642921,0.0391851279642921,0.0416070327803939,0.0416070327803939,0.0486405034746508,0.0486405034746508,0.1787048534251822,0.1787048534251822
P1,leave_chemical_system_out,6,stability_charge,0.0514298348373758,0.0514298348373758,0.0529651670847858,0.0529651670847858,-0.2430844500471145,-0.2430844500471145,-0.4167616511493885,-0.4167616511493885,0.0695356590756889,0.0695356590756889,0.074234477292912,0.074234477292912,0.2475506451472748,0.2475506451472748,0.037984197125951,0.037984197125951
P1,leave_chemical_system_out,6,stability_discharge,0.0285989715835924,0.0285989715835924,0.0278287795996047,0.0278287795996047,-0.0957883417207428,-0.0957883417207428,-0.145482420205985,-0.145482420205985,0.037743566886982,0.037743566886982,0.0385899145043849,0.0385899145043849,0.1804324593181485,0.1804324593181485,0.1967698659332377,0.1967698659332377
P1,leave_chemical_system_out,6,stability_worst,0.0495732502574804,0.05124249237827,0.0628219379147631,0.0540409991906566,-0.2048632914051003,-0.2558176782377139,-0.9485231665907456,-0.4781519779753131,0.0680479476081389,0.0694719422430883,0.086536421357791,0.0753712449752048,0.3199579219065949,0.2784105375002993,-0.0117677991929911,-0.0083970857332952
P1,leave_chemical_system_out,7,average_voltage,0.6584024875485492,0.6584024875485492,0.6148569366272322,0.6148569366272322,0.1699505930204634,0.1699505930204634,0.2425146878452717,0.2425146878452717,0.8356694330228049,0.8356694330228049,0.798306477505538,0.798306477505538,0.4323845707485132,0.4323845707485132,0.4504174692870019,0.4504174692870019
P1,leave_chemical_system_out,7,capacity_grav,81.34527860808114,81.34527860808114,80.86460067442282,80.86460067442282,0.0435703662889256,0.0435703662889256,0.0387125611777444,0.0387125611777444,103.99352509654707,103.99352509654707,104.2572875408044,104.2572875408044,0.1178902459667462,0.1178902459667462,0.1333863494670956,0.1333863494670956
P1,leave_chemical_system_out,7,energy_grav,304.27485893390786,304.3211303057153,285.9425232172794,296.4750120666661,0.13727319322283,0.1583603269458655,0.209665767009379,0.1102809838278944,388.3768520084596,383.6010527523696,371.7252718169543,394.4056496550281,0.3098418595218333,0.3202011842141565,0.3202011842141565,0.3202011842141565
P1,leave_chemical_system_out,7,max_delta_volume,0.0501111548832513,0.0501111548832513,0.0471117533200163,0.0471117533200163,0.0997389940091837,0.0997389940091837,0.1488131294118366,0.1488131294118366,0.0578515173570169,0.0578515173570169,0.0562526508067707,0.0562526508067707,0.1943758886199503,0.1943758886199503,0.0135779626111315,0.0135779626111315
P1,leave_chemical_system_out,7,stability_charge,0.0273322656508301,0.0273322656508301,0.1011059363632339,0.1011059363632339,-0.1819978964913735,-0.1819978964913735,-12.173876457463342,-12.173876457463342,0.0322727416530881,0.0322727416530881,0.1077418188325972,0.1077418188325972,-0.1822827713422306,-0.1822827713422306,-0.0222030882817301,-0.0222030882817301
P1,leave_chemical_system_out,7,stability_discharge,0.0357296901428228,0.0357296901428228,0.0429809764073816,0.0429809764073816,-0.1840003162149219,-0.1840003162149219,-0.6943657374271242,-0.6943657374271242,0.049590000214388,0.049590000214388,0.0593228191363651,0.0593228191363651,0.2007600171569487,0.2007600171569487,0.1076848323197103,0.1076848323197103
P1,leave_chemical_system_out,7,stability_worst,0.0286023760123564,0.028442442015971,0.0695753808736995,0.0503342693714762,-0.0189232398564354,-0.0725994403990646,-2.856969425930294,-1.428767041192334,0.0417295389797393,0.0428145748507695,0.081188767940154,0.0644266846147319,0.1005355244535247,0.0997468433542392,-0.0009272331842952,0.1110654829142565
P1,leave_chemical_system_out,8,average_voltage,1.1988219865308898,1.1988219865308898,0.8852877557786186,0.8852877557786186,-4.239668288183575,-4.239668288183575,-2.223370571438105,-2.223370571438105,1.3300515753605335,1.3300515753605335,1.0432099085529656,1.0432099085529656,0.2629998260813005,0.2629998260813005,0.4639286174961706,0.4639286174961706
P1,leave_chemical_system_out,8,capacity_grav,28.298412372721724,28.298412372721724,28.93771316596596,28.93771316596596,-0.0406396801275754,-0.0406396801275754,-0.2587215297305685,-0.2587215297305685,33.6082474201698,33.6082474201698,36.96242916136286,36.96242916136286,0.3448681256968224,0.3448681256968224,-0.0369141147942848,-0.0369141147942848
P1,leave_chemical_system_out,8,energy_grav,95.27163313162288,105.0272446320196,160.42746069479188,145.09334818082485,-0.1291559834118554,-0.3154957588957792,-1.660111848965681,-1.2155891820228124,126.07663637861484,136.08252836475512,193.5118622729686,176.6047017238096,0.2430872472540945,0.1979591391796542,-0.1933455723142296,-0.1861335597429912
P1,leave_chemical_system_out,8,max_delta_volume,0.0312811507819212,0.0312811507819212,0.0218972610207339,0.0218972610207339,-0.6521652734737753,-0.6521652734737753,-0.3698228651281876,-0.3698228651281876,0.0359813992237674,0.0359813992237674,0.0327629884512442,0.0327629884512442,-0.0350790170284868,-0.0350790170284868,-0.0613816511118268,-0.0613816511118268
P1,leave_chemical_system_out,8,stability_charge,0.0484778336053335,0.0484778336053335,0.0555602485495605,0.0555602485495605,-0.9616639414206276,-0.9616639414206276,-0.9056282544554326,-0.9056282544554326,0.0678986945806298,0.0678986945806298,0.0669218921586474,0.0669218921586474,-0.1736871677414743,-0.1736871677414743,-0.2791139896266291,-0.2791139896266291
P1,leave_chemical_system_out,8,stability_discharge,0.0282089289722569,0.0282089289722569,0.0874927657603014,0.0874927657603014,-0.3121158362957454,-0.3121158362957454,-4.874078109902292,-4.874078109902292,0.0450629813429986,0.0450629813429986,0.0953462663103205,0.0953462663103205,-0.0459169096973514,-0.0459169096973514,0.2873192863017034,0.2873192863017034
P1,leave_chemical_system_out,8,stability_worst,0.0370804750482783,0.03302645973825,0.0734459478536134,0.0853623106985853,-0.3131648751700004,-0.1195104881589406,-1.73692908772055,-2.5864773722572827,0.0562691826710471,0.051954726318908,0.0812349188074436,0.0929918795368993,-0.2590662535350755,-0.0921713712679552,0.1441967540147124,-0.0238913709759573
P1,leave_chemical_system_out,9,average_voltage,0.941410928182188,0.941410928182188,0.9643979693122452,0.9643979693122452,-0.6309457442121003,-0.6309457442121003,-0.7018812381300945,-0.7018812381300945,1.1422657450316027,1.1422657450316027,1.1668419153073128,1.1668419153073128,0.5489430680742097,0.5489430680742097,0.0599859669431905,0.0599859669431905
P1,leave_chemical_system_out,9,capacity_grav,72.19665334819689,72.19665334819689,67.75058939250198,67.75058939250198,0.0424936350054372,0.0424936350054372,0.0938678470458624,0.0938678470458624,91.94137493575856,91.94137493575856,89.44085246474722,89.44085246474722,0.2219971018487262,0.2219971018487262,0.2968841242056965,0.2968841242056965
P1,leave_chemical_system_out,9,energy_grav,216.71688146388468,234.81410456521076,238.26935622578432,264.8995322851485,-0.0967626671847994,-0.2986806388066787,-0.3069443360706105,-0.5731110277816731,272.47307073839966,296.49572757733165,297.4375548222088,326.3224436181351,0.2732639282933841,0.2961345023785446,0.1886822362025747,0.2963316624999684
P1,leave_chemical_system_out,9,max_delta_volume,0.0777150934170737,0.0777150934170737,0.0750987227025263,0.0750987227025263,0.0308099170029635,0.0308099170029635,0.2776083754236734,0.2776083754236734,0.1276068526591891,0.1276068526591891,0.1101681020129253,0.1101681020129253,0.4609603638888397,0.4609603638888397,0.5647651678184695,0.5647651678184695
P1,leave_chemical_system_out,9,stability_charge,0.0536069233665887,0.0536069233665887,0.0816523461385985,0.0816523461385985,-0.7418505258879702,-0.7418505258879702,-3.253489208466547,-3.253489208466547,0.0645821768062371,0.0645821768062371,0.1009206188359173,0.1009206188359173,-0.2991678367087322,-0.2991678367087322,-0.2932017372869346,-0.2932017372869346
P1,leave_chemical_system_out,9,stability_discharge,0.0326155376043125,0.0326155376043125,0.0334833100748585,0.0334833100748585,0.0317619121268113,0.0317619121268113,-0.0587192594867109,-0.0587192594867109,0.0519432719481944,0.0519432719481944,0.0543161061227815,0.0543161061227815,0.0420023275673071,0.0420023275673071,0.1838527264256394,0.1838527264256394
P1,leave_chemical_system_out,9,stability_worst,0.0504200128405802,0.0460872533105246,0.0613659740620425,0.0702781534187316,-0.1948410957798168,-0.0899712236155874,-0.6741193117341631,-1.1954179386138302,0.0624153273161088,0.0596133726305738,0.0738804240931837,0.0846047566956654,-0.0632451832055529,-0.0325838395158772,0.0427878558241776,0.0183869472608505
P1,leave_chemical_system_out,10,average_voltage,0.7727985394226224,0.7727985394226224,0.4765552383270466,0.4765552383270466,-1.6971369467512505,-1.6971369467512505,-0.1651788455067804,-0.1651788455067804,0.8755533443452582,0.8755533443452582,0.5754762536616781,0.5754762536616781,0.5272714969952211,0.5272714969952211,0.142810196738099,0.142810196738099
P1,leave_chemical_system_out,10,capacity_grav,58.487711508428944,58.487711508428944,65.4747035369293,65.4747035369293,0.1541348399595095,0.1541348399595095,-0.1270521995222251,-0.1270521995222251,81.85617028343529,81.85617028343529,94.48717590017866,94.48717590017866,0.3474522790839079,0.3474522790839079,0.0428718335767879,0.0428718335767879
P1,leave_chemical_system_out,10,energy_grav,166.63527562228023,173.2312444797307,190.50235518677232,182.07717397059668,0.0979910134087534,0.0210820160296164,-0.187170068552956,-0.0924886354993208,221.4023334448577,230.64811792234835,253.9997158655185,243.6605530154692,0.4736855319246056,0.5568929133874232,0.1560781228304395,0.2176865548406097
P1,leave_chemical_system_out,10,max_delta_volume,0.0542658968951745,0.0542658968951745,0.0482205478227332,0.0482205478227332,-0.063235365475605,-0.063235365475605,-0.1458353930264353,-0.1458353930264353,0.0666122630027217,0.0666122630027217,0.0691513395896265,0.0691513395896265,0.48237653777579,0.48237653777579,0.227406082094301,0.227406082094301
P1,leave_chemical_system_out,10,stability_charge,0.0789038668845433,0.0789038668845433,0.0432550592031527,0.0432550592031527,-2.6467572435781443,-2.6467572435781443,-0.2520791782302178,-0.2520791782302178,0.0897443784669443,0.0897443784669443,0.0525859499492753,0.0525859499492753,-0.332356578507398,-0.332356578507398,0.1733296150141523,0.1733296150141523
P1,leave_chemical_system_out,10,stability_discharge,0.0371817131727409,0.0371817131727409,0.0229082506164596,0.0229082506164596,-1.2480060888039142,-1.2480060888039142,-0.0560026119915693,-0.0560026119915693,0.0443435530430324,0.0443435530430324,0.0303923472598844,0.0303923472598844,0.1352079215417933,0.1352079215417933,0.3582997061059013,0.3582997061059013
P1,leave_chemical_system_out,10,stability_worst,0.0719187956694324,0.0604577446792856,0.0366651595330165,0.0315213791734392,-3.4710778194249947,-2.199446387252509,-0.4678277906602799,-0.1424593821250739,0.0814909555337508,0.0689351483213728,0.0466918249643262,0.0411930244892392,0.0255369528336894,-0.0527455088236626,0.1095800161373118,0.2062243955421506
P1,leave_chemical_system_out,11,average_voltage,0.5945455571250879,0.5945455571250879,0.3989087842422471,0.3989087842422471,-1.2315462867833418,-1.2315462867833418,-0.2354162608968069,-0.2354162608968069,0.709970681792915,0.709970681792915,0.5282556148512568,0.5282556148512568,0.3271487268521867,0.3271487268521867,0.290992981790278,0.290992981790278
P1,leave_chemical_system_out,11,capacity_grav,54.53027374273725,54.53027374273725,70.24939748986804,70.24939748986804,0.0673928701628735,0.0673928701628735,-0.256545302298286,-0.256545302298286,68.65067441919133,68.65067441919133,79.68645701295442,79.68645701295442,0.3366200262931152,0.3366200262931152,0.4088724042819222,0.4088724042819222
P1,leave_chemical_system_out,11,energy_grav,239.28578788063072,234.0777609059305,278.44767812607125,323.93865085484083,0.1771339232752302,0.1476707897192888,0.0472856174053429,-0.2051794120258474,308.87250344224634,314.353539748452,332.3502651567528,373.8010533331225,0.4088029830319176,0.3196289395388905,0.4931157498779652,0.3817621316830951
P1,leave_chemical_system_out,11,max_delta_volume,0.0604775923835657,0.0604775923835657,0.0589064077316426,0.0589064077316426,0.2810121661234801,0.2810121661234801,0.3128377085515444,0.3128377085515444,0.077996276826872,0.077996276826872,0.076250511405998,0.076250511405998,0.2465578749389826,0.2465578749389826,0.2480770238911636,0.2480770238911636
P1,leave_chemical_system_out,11,stability_charge,0.0467931223297821,0.0467931223297821,0.0654285583804558,0.0654285583804558,-2.7738516250497414,-2.7738516250497414,-5.233685786545545,-5.233685786545545,0.0607689456107013,0.0607689456107013,0.078101926089835,0.078101926089835,-0.0969506189032697,-0.0969506189032697,0.3269848845474343,0.3269848845474343
P1,leave_chemical_system_out,11,stability_discharge,0.0363198520969498,0.0363198520969498,0.0843963587932531,0.0843963587932531,-0.7257359055435166,-0.7257359055435166,-4.007574566074116,-4.007574566074116,0.0527868064667559,0.0527868064667559,0.0899190962880044,0.0899190962880044,0.0611480538879639,0.0611480538879639,0.1013310607286259,0.1013310607286259
P1,leave_chemical_system_out,11,stability_worst,0.0522715572270456,0.0425222806771107,0.1087259377351693,0.079101807244955,-2.201339793025732,-1.0967947998452483,-7.225179116735054,-3.6778973864837727,0.0724799916939947,0.0586584001481922,0.1161782767827607,0.0876148242021948,-0.1018627829363473,-0.1337661153996328,0.1677203763784153,0.0774035613811617
P1,leave_chemical_system_out,12,average_voltage,0.7365576875556888,0.7365576875556888,1.4109321436309397,1.4109321436309397,-0.5835740015788256,-0.5835740015788256,-3.2563725569480706,-3.2563725569480706,0.985567353809785,0.985567353809785,1.6157975490781151,1.6157975490781151,0.0829620133825163,0.0829620133825163,-0.144492967050835,-0.144492967050835
P1,leave_chemical_system_out,12,capacity_grav,71.96835957491986,71.96835957491986,79.70553789607875,79.70553789607875,0.1540984581772888,0.1540984581772888,-0.1904097362040742,-0.1904097362040742,96.29444444994122,96.29444444994122,114.23246771996342,114.23246771996342,0.4500410054967875,0.4500410054967875,0.4189708301914185,0.4189708301914185
P1,leave_chemical_system_out,12,energy_grav,257.7535898246084,258.33607366723857,391.7804750664403,352.6281179343347,0.0247521408590375,0.1299299718902052,-0.9574627494662908,-0.6865413346227562,351.8845139097695,332.3684224858396,498.5278266987308,462.7443729433812,0.5322522741463851,0.4110953498954541,0.3943314987412372,0.3794726306727269
P1,leave_chemical_system_out,12,max_delta_volume,0.0462040122678047,0.0462040122678047,0.0412405581670243,0.0412405581670243,-0.3056386747116939,-0.3056386747116939,-0.2239984207014029,-0.2239984207014029,0.0683278615194766,0.0683278615194766,0.0661571449035364,0.0661571449035364,0.2741270660331596,0.2741270660331596,0.1066790527995617,0.1066790527995617
P1,leave_chemical_system_out,12,stability_charge,0.1323297435034545,0.1323297435034545,0.0995405804716944,0.0995405804716944,-3.150782587078452,-3.150782587078452,-1.6755797360929163,-1.6755797360929163,0.1610266391175634,0.1610266391175634,0.1292830783705617,0.1292830783705617,-0.449660380191102,-0.449660380191102,-0.2013945007889808,-0.2013945007889808
P1,leave_chemical_system_out,12,stability_discharge,0.0546193833519495,0.0546193833519495,0.045626321806368,0.045626321806368,-1.2282582606013053,-1.2282582606013053,-0.2760842305065794,-0.2760842305065794,0.0738113057371106,0.0738113057371106,0.0558572816428321,0.0558572816428321,-0.3415323014798942,-0.3415323014798942,0.3828781923703472,0.3828781923703472
P1,leave_chemical_system_out,12,stability_worst,0.1207320653606116,0.1312633752149185,0.0736916734807316,0.071835672045168,-2.536669588139819,-3.100883321157993,-0.5830268246780435,-0.5274152830410277,0.1472668089529244,0.1585792424642464,0.098526208271175,0.0967801293754798,-0.4685232520719999,-0.6106616603866448,0.2425498576200308,0.2955183261340675
P1,leave_chemical_system_out,13,average_voltage,1.1727496562167794,1.1727496562167794,1.3578320490316116,1.3578320490316116,-11.876300036508232,-11.876300036508232,-15.860731314546218,-15.860731314546218,1.2268407522318925,1.2268407522318925,1.4038828010961424,1.4038828010961424,-0.0037065167474333,-0.0037065167474333,-0.0169440765596954,-0.0169440765596954
P1,leave_chemical_system_out,13,capacity_grav,49.14264276009384,49.14264276009384,62.054789714320975,62.054789714320975,-1.1270193211849304,-1.1270193211849304,-2.0075615228452577,-2.0075615228452577,59.618310811254766,59.618310811254766,70.8926497750184,70.8926497750184,0.0101881816360322,0.0101881816360322,0.0101881816360322,0.0101881816360322
P1,leave_chemical_system_out,13,energy_grav,116.98585139698146,115.60288239658082,121.93477983873828,117.83789357070944,0.0305131430234781,0.0422113139201615,-0.0583859827760535,0.0221348294751025,148.80510869527043,147.904616532854,155.47799025847587,149.44671298847192,0.3616501340709997,0.3616501340709997,0.3616501340709997,0.3616501340709997
P1,leave_chemical_system_out,13,max_delta_volume,0.0105729595951791,0.0105729595951791,0.0309914280253262,0.0309914280253262,-0.4856898954420456,-0.4856898954420456,-9.76707232566064,-9.76707232566064,0.0122857436661033,0.0122857436661033,0.0330739587322316,0.0330739587322316,-0.276400248880032,-0.276400248880032,-0.276400248880032,-0.276400248880032
P1,leave_chemical_system_out,13,stability_charge,0.0331418795440145,0.0331418795440145,0.0232871128912883,0.0232871128912883,-0.3659630595663097,-0.3659630595663097,-0.061147470584101,-0.061147470584101,0.0591508559052303,0.0591508559052303,0.0521350059525616,0.0521350059525616,-0.0201210909146383,-0.0201210909146383,-0.1244330622352634,-0.1244330622352634
P1,leave_chemical_system_out,13,stability_discharge,0.0328793777316011,0.0328793777316011,0.0591001595079865,0.0591001595079865,-0.1849290601261193,-0.1849290601261193,-1.0769993813743377,-1.0769993813743377,0.0497567447640147,0.0497567447640147,0.0658755065979999,0.0658755065979999,0.1694407655969544,0.1694407655969544,0.1609687273171067,0.1609687273171067
P1,leave_chemical_system_out,13,stability_worst,0.0223677374083773,0.0323610690905119,0.0502506913427105,0.0246116360960171,-0.069733761802641,-0.3426448098789425,-0.4496211283624196,-0.0061980444493929,0.0523455065978484,0.058643802782231,0.0609352799892987,0.0507672092611592,-0.0201210909146383,-0.0201210909146383,-0.1244330622352634,-0.1244330622352634
P1,leave_chemical_system_out,14,average_voltage,0.5878782468056102,0.5878782468056102,0.7506807878804208,0.7506807878804208,-0.1450942143550029,-0.1450942143550029,-0.6522339809072464,-0.6522339809072464,0.8232799421971703,0.8232799421971703,0.988923505039773,0.988923505039773,0.277462566113203,0.277462566113203,0.0722973022323634,0.0722973022323634
P1,leave_chemical_system_out,14,capacity_grav,37.21556424347772,37.21556424347772,36.95043378898077,36.95043378898077,0.2763863672335521,0.2763863672335521,0.2703147463579911,0.2703147463579911,46.07076532271477,46.07076532271477,46.263644427393125,46.263644427393125,0.6213825664641668,0.6213825664641668,0.6334383281943167,0.6334383281943167
P1,leave_chemical_system_out,14,energy_grav,147.74930835938844,144.16967556756975,149.83841698246334,150.17757405324863,0.1555849280486047,0.1906309980361876,0.1315182863874571,0.1152376615485344,189.3823659754605,185.410717011201,192.06219547714537,193.8540432650212,0.5764409725240487,0.5739936731537006,0.593979951344876,0.5468694384656771
P1,leave_chemical_system_out,14,max_delta_volume,0.0389180695208228,0.0389180695208228,0.0263492204274167,0.0263492204274167,-0.7438330719570847,-0.7438330719570847,-0.2128320146948448,-0.2128320146948448,0.0446301954075017,0.0446301954075017,0.0372200249230133,0.0372200249230133,0.2417727836289615,0.2417727836289615,0.4440828649110617,0.4440828649110617
P1,leave_chemical_system_out,14,stability_charge,0.0446729635628119,0.0446729635628119,0.043694829431527,0.043694829431527,-1.3416347555309778,-1.3416347555309778,-1.291313135417624,-1.291313135417624,0.0500774266794994,0.0500774266794994,0.0495364235963606,0.0495364235963606,-0.0585757255427226,-0.0585757255427226,-0.0682703142649502,-0.0682703142649502
P1,leave_chemical_system_out,14,stability_discharge,0.0209993433699638,0.0209993433699638,0.0272485594039739,0.0272485594039739,-0.163504662913462,-0.163504662913462,-0.572154161008682,-0.572154161008682,0.0279078253781788,0.0279078253781788,0.032440646277748,0.032440646277748,0.1813642590089418,0.1813642590089418,-0.3701217756946608,-0.3701217756946608
P1,leave_chemical_system_out,14,stability_worst,0.0397254336891519,0.0329299755102707,0.0345294876721149,0.0327367302425493,-1.1171062690925109,-0.5451566089269444,-1.1634499228145438,-0.542155171147416,0.0447110694279382,0.0381970638406806,0.0451977850247984,0.0381599472667244,0.2462209746286702,0.0146335514016211,-0.3221930707555534,-0.2001278371127626
P1,leave_chemical_system_out,15,average_voltage,0.5151421753113639,0.5151421753113639,0.6458663296997275,0.6458663296997275,-0.3729811916968624,-0.3729811916968624,-1.0238154621862037,-1.0238154621862037,0.6665363353529976,0.6665363353529976,0.8092393456581479,0.8092393456581479,0.3975064399946132,0.3975064399946132,0.03874270373957,0.03874270373957
P1,leave_chemical_system_out,15,capacity_grav,66.99733072234766,66.99733072234766,59.14894772630686,59.14894772630686,0.297420179755265,0.297420179755265,0.3544785838825371,0.3544785838825371,75.90125769453711,75.90125769453711,72.75393103165564,72.75393103165564,0.7343773712116882,0.7343773712116882,0.7063140023676178,0.7063140023676178
P1,leave_chemical_system_out,15,energy_grav,155.5919598571602,128.75825725623213,114.44633808512228,124.41448117732526,-0.6604981609353735,-0.2461119501013975,0.112018462665307,-0.3226240923511261,182.2913449097406,157.91572555873773,133.30573006289063,162.69157528654597,0.5093248125762992,0.5468075909910053,0.5647615268703182,-0.4960955966652265
P1,leave_chemical_system_out,15,max_delta_volume,0.0460037706183818,0.0460037706183818,0.048508462305128,0.048508462305128,0.0115461360007893,0.0115461360007893,-0.1664867473627862,-0.1664867473627862,0.0741227398275223,0.0741227398275223,0.0805217429152479,0.0805217429152479,0.0790603141352202,0.0790603141352202,-0.2271015398067481,-0.2271015398067481
P1,leave_chemical_system_out,15,stability_charge,0.0489044738404567,0.0489044738404567,0.0765410833753281,0.0765410833753281,-0.2734132510002092,-0.2734132510002092,-1.989795723168272,-1.989795723168272,0.0572313893156847,0.0572313893156847,0.0876940978138812,0.0876940978138812,0.341727808745305,0.341727808745305,-0.0641231987825445,-0.0641231987825445
P1,leave_chemical_system_out,15,stability_discharge,0.036358001940759,0.036358001940759,0.0498739911810411,0.0498739911810411,-0.988850512219864,-0.988850512219864,-2.242352973744577,-2.242352973744577,0.042978400405809,0.042978400405809,0.054875605186892,0.054875605186892,0.4834721025555278,0.4834721025555278,0.4133351553225336,0.4133351553225336
P1,leave_chemical_system_out,15,stability_worst,0.0469693937430507,0.0406447120092976,0.0753223685070296,0.067156728825214,-0.4340366550749688,-0.0996931853245874,-2.3999194779375728,-1.755249915074157,0.0549087347342935,0.0480836112253329,0.0845464984934303,0.0761100152567994,0.3002230827545263,0.4048128660436164,0.2580091340776045,0.0699365418378854
P1,leave_chemical_system_out,16,average_voltage,1.024146708321302,1.024146708321302,0.6998525918118789,0.6998525918118789,-4.24009438923838,-4.24009438923838,-1.5263195770924316,-1.5263195770924316,1.1341908566485128,1.1341908566485128,0.7875184380795122,0.7875184380795122,-0.0826089895223423,-0.0826089895223423,0.4765903241673597,0.4765903241673597
P1,leave_chemical_system_out,16,capacity_grav,86.94206130515599,86.94206130515599,80.94251471705158,80.94251471705158,-0.1530021106865422,-0.1530021106865422,0.0155352406553939,0.0155352406553939,134.84608580492915,134.84608580492915,124.60153160045274,124.60153160045274,0.4828597793857687,0.4828597793857687,0.5184506285408895,0.5184506285408895
P1,leave_chemical_system_out,16,energy_grav,271.9790175996545,268.4214734097736,257.181529094306,249.5449188664301,0.1175832200963746,0.0943138821805026,0.1368320954240794,0.2152070269209001,374.2022409190124,379.1039944922479,370.0983481278709,352.8962617272995,0.4772257779329162,0.53791161254356,0.5798515610702878,0.5944669976780868
P1,leave_chemical_system_out,16,max_delta_volume,0.060168569982508,0.060168569982508,0.062114684105223,0.062114684105223,-0.1609276260960652,-0.1609276260960652,-0.1202100279339792,-0.1202100279339792,0.1098235640578006,0.1098235640578006,0.1078804349093859,0.1078804349093859,0.4243242519503393,0.4243242519503393,0.4519664907520462,0.4519664907520462
P1,leave_chemical_system_out,16,stability_charge,0.0574201052524708,0.0574201052524708,0.0564759709543892,0.0564759709543892,0.0051268808408868,0.0051268808408868,-0.0283768623130464,-0.0283768623130464,0.1030944326090725,0.1030944326090725,0.1048159832895916,0.1048159832895916,0.2624624565485938,0.2624624565485938,0.3120316372042603,0.3120316372042603
P1,leave_chemical_system_out,16,stability_discharge,0.0241467109569388,0.0241467109569388,0.0347332107043402,0.0347332107043402,-0.0859705526848679,-0.0859705526848679,-1.1936785220577804,-1.1936785220577804,0.0322959744161165,0.0322959744161165,0.0459013923526554,0.0459013923526554,0.0399847131853482,0.0399847131853482,0.0569961020952181,0.0569961020952181
P1,leave_chemical_system_out,16,stability_worst,0.0566761652748657,0.0571433400853079,0.0562303972757074,0.0561552320222739,-0.071987308455018,0.0044020554450805,-0.1066183257277046,-0.0299521723904399,0.1068027570499622,0.1029270765715413,0.1085141995026159,0.1046878235705308,0.2551541799134634,0.2680231018144538,0.3085363744657197,0.3150502732057272
P1,leave_chemical_system_out,17,average_voltage,0.7802684318514205,0.7802684318514205,0.6284108307197634,0.6284108307197634,-0.6683933286538408,-0.6683933286538408,-0.0199242276375133,-0.0199242276375133,1.0296027530620169,1.0296027530620169,0.8050158420612954,0.8050158420612954,-0.0402021022388394,-0.0402021022388394,0.2393944279046468,0.2393944279046468
P1,leave_chemical_system_out,17,capacity_grav,43.89688718822384,43.89688718822384,54.31393831806652,54.31393831806652,0.3352948406740201,0.3352948406740201,-0.0712022733923405,-0.0712022733923405,51.6054751288376,51.6054751288376,65.51141785750809,65.51141785750809,0.5828190089419639,0.5828190089419639,0.5969847487426366,0.5969847487426366
P1,leave_chemical_system_out,17,energy_grav,187.8014991460334,201.8033319517044,346.6889348161851,223.92498898482248,-0.0911807970905411,-0.330314701807578,-2.2920836836691554,-0.5866327928547765,219.7465340793662,242.6335609139229,381.6885304672495,264.9792641667945,0.5791931010992595,0.4886878659083042,0.4426271658557647,0.5448495966741203
P1,leave_chemical_system_out,17,max_delta_volume,0.032309324665411,0.032309324665411,0.0297410230153926,0.0297410230153926,-1.4709062237893655,-1.4709062237893655,-0.986371301514422,-0.986371301514422,0.040610722528011,0.040610722528011,0.0364118546725358,0.0364118546725358,-0.3208087354536533,-0.3208087354536533,-0.1325255229581842,-0.1325255229581842
P1,leave_chemical_system_out,17,stability_charge,0.0735516265390388,0.0735516265390388,0.0703388135810409,0.0703388135810409,-0.1063842902159539,-0.1063842902159539,-0.0933393886033673,-0.0933393886033673,0.193211937307208,0.193211937307208,0.1920695204330931,0.1920695204330931,0.0854547198343169,0.0854547198343169,0.4010109193170666,0.4010109193170666
P1,leave_chemical_system_out,17,stability_discharge,0.0776899818333962,0.0776899818333962,0.0786199047164625,0.0786199047164625,-0.0382302353609793,-0.0382302353609793,-0.0357196049925523,-0.0357196049925523,0.1913247114167754,0.1913247114167754,0.1910932423471727,0.1910932423471727,-0.098182018533045,-0.098182018533045,-0.0589900193655332,-0.0589900193655332
P1,leave_chemical_system_out,17,stability_worst,0.0694272517658664,0.0694555815002515,0.0779254881709827,0.0735232641300011,-0.0451276017747821,-0.113778160976744,-0.0032853142915092,-0.1089324206101045,0.1959989095135859,0.2023337567791923,0.1920353688389461,0.2018931279190648,0.2755561178581757,0.2096973976076147,0.0812122869347409,0.367273476734724
P1,leave_chemical_system_out,18,average_voltage,0.8703021102353266,0.8703021102353266,0.7716728355594036,0.7716728355594036,-0.7913031998658413,-0.7913031998658413,-0.3227905303885658,-0.3227905303885658,1.0430680071770095,1.0430680071770095,0.8963417235771157,0.8963417235771157,0.0247571867654307,0.0247571867654307,0.2076739220405969,0.2076739220405969
P1,leave_chemical_system_out,18,capacity_grav,79.3856702347543,79.3856702347543,76.62975282483346,76.62975282483346,-0.2697516283009087,-0.2697516283009087,-0.0887421575532743,-0.0887421575532743,103.28037376425706,103.28037376425706,95.63589611259344,95.63589611259344,0.2758433952384672,0.2758433952384672,0.1668176253522379,0.1668176253522379
P1,leave_chemical_system_out,18,energy_grav,248.6420047657381,262.1532569564706,216.4730202050795,235.33484162673935,-0.0819430592026217,-0.1731024560718423,0.1549312369921663,0.0201861837170349,305.8460396589199,318.4700753944892,270.3003966978255,291.0532400174884,0.1129418768141965,-0.0159591782454842,0.5426120603464661,0.1665483473310797
P1,leave_chemical_system_out,18,max_delta_volume,0.0495737523472541,0.0495737523472541,0.0582347897187164,0.0582347897187164,-0.0700088811085488,-0.0700088811085488,-0.3749687195822795,-0.3749687195822795,0.0810057966974155,0.0810057966974155,0.0918266658155439,0.0918266658155439,0.1575457339618322,0.1575457339618322,-0.1751417510017251,-0.1751417510017251
P1,leave_chemical_system_out,18,stability_charge,0.0477623855508236,0.0477623855508236,0.0729722486593115,0.0729722486593115,-0.2300769608907662,-0.2300769608907662,-2.145942659966334,-2.145942659966334,0.0584105709362668,0.0584105709362668,0.0934115783801855,0.0934115783801855,0.1123960643281771,0.1123960643281771,-0.3015653966400818,-0.3015653966400818
P1,leave_chemical_system_out,18,stability_discharge,0.0469105945099197,0.0469105945099197,0.0556684210345806,0.0556684210345806,-0.461459035578436,-0.461459035578436,-1.1239465179284376,-1.1239465179284376,0.0583550662022352,0.0583550662022352,0.0703488546615179,0.0703488546615179,-0.1367474133996292,-0.1367474133996292,-0.2261355277058336,-0.2261355277058336
P1,leave_chemical_system_out,18,stability_worst,0.0445698361154601,0.040521241419875,0.0613752327940302,0.0614460429352586,-0.4755044356016351,-0.1303237534595771,-1.8410421774840595,-1.407181377124906,0.06276679068942,0.0549365131273378,0.0870960590463813,0.0801704038237119,-0.0680379714048153,0.0846126351154621,-0.2554749091696601,-0.1971566479655326
P1,leave_chemical_system_out,19,average_voltage,1.1478875965277937,1.1478875965277937,0.7061577845021908,0.7061577845021908,-2.0396051662011163,-2.0396051662011163,-0.0786629319531362,-0.0786629319531362,1.3309841203462114,1.3309841203462114,0.7928794544784269,0.7928794544784269,0.1630897472673455,0.1630897472673455,0.255573567364072,0.255573567364072
P1,leave_chemical_system_out,19,capacity_grav,69.9113876214596,69.9113876214596,65.7225293033643,65.7225293033643,-0.0020286194879528,-0.0020286194879528,0.1045847998140255,0.1045847998140255,79.53893814389288,79.53893814389288,75.18859285477687,75.18859285477687,0.2846581088257525,0.2846581088257525,0.4712783724789992,0.4712783724789992
P1,leave_chemical_system_out,19,energy_grav,211.92542803905,213.27788817677896,210.24555158429305,205.2107960410139,-0.0818472017542844,-0.1315854346534395,-0.0081153523486878,0.0064125713076557,268.8441174303491,274.95476436601814,259.5211095858991,257.6443476370053,0.1735314688911695,0.0959643939713344,0.1665703211419535,0.1287812333604954
P1,leave_chemical_system_out,19,max_delta_volume,0.0702805411801318,0.0702805411801318,0.0648267628814167,0.0648267628814167,0.109253740158311,0.109253740158311,0.2354601351639154,0.2354601351639154,0.0920150540559592,0.0920150540559592,0.0852475584955243,0.0852475584955243,0.4910095287393407,0.4910095287393407,0.557637657196122,0.557637657196122
P1,leave_chemical_system_out,19,stability_charge,0.083229801884726,0.083229801884726,0.0794294791902338,0.0794294791902338,-0.1697557490954833,-0.1697557490954833,-0.0128202313875416,-0.0128202313875416,0.1204513862767674,0.1204513862767674,0.1120805858758437,0.1120805858758437,0.0452179215287678,0.0452179215287678,0.2103941307495561,0.2103941307495561
P1,leave_chemical_system_out,19,stability_discharge,0.073301288094827,0.073301288094827,0.0748734124795298,0.0748734124795298,-0.3137126376887926,-0.3137126376887926,-0.4437694016610443,-0.4437694016610443,0.1255220144417574,0.1255220144417574,0.1315887096361608,0.1315887096361608,-0.0838655519870542,-0.0838655519870542,0.1769938664323801,0.1769938664323801
P1,leave_chemical_system_out,19,stability_worst,0.0841113498209443,0.084706647891047,0.0944956470169176,0.0733188223838534,-0.3842371522972352,-0.3285406800488999,-0.7333474264560491,-0.043401254416358,0.1250857958415185,0.1225434700170497,0.1399734140164318,0.1085996492604579,0.1278673553532075,-0.0641204362287262,-0.1119306255720872,0.3188591013238214
P1,leave_chemical_system_out,20,average_voltage,0.8270602371206998,0.8270602371206998,0.7046305136112656,0.7046305136112656,-0.1470688478732664,-0.1470688478732664,0.3286210031385969,0.3286210031385969,1.0992609454949671,1.0992609454949671,0.8409882565181972,0.8409882565181972,0.6467411808457129,0.6467411808457129,0.6467411808457129,0.6467411808457129
P1,leave_chemical_system_out,20,capacity_grav,42.15806985802091,42.15806985802091,46.25674828572449,46.25674828572449,0.0553523228983589,0.0553523228983589,-0.003391414476064,-0.003391414476064,63.905459246139,63.905459246139,65.86250128072123,65.86250128072123,0.2475727052499696,0.2475727052499696,0.2627689838330879,0.2627689838330879
P1,leave_chemical_system_out,20,energy_grav,183.87166673235117,180.03555593610395,160.15273991805208,193.69163904292157,-0.1108083760864933,-0.0922056067436989,0.0182532048116305,-0.0340323907641311,285.7844653179569,283.3813373804194,268.6697621639495,275.7313304107174,-0.1399872685813231,-0.1225666307134251,0.3720550516072499,0.3633447326733009
P1,leave_chemical_system_out,20,max_delta_volume,0.0240254208256142,0.0240254208256142,0.0413507426553402,0.0413507426553402,-0.0329478472672621,-0.0329478472672621,-0.5206035889456848,-0.5206035889456848,0.0382525915533127,0.0382525915533127,0.0464119345794442,0.0464119345794442,0.0563059902515988,0.0563059902515988,0.0662606404618262,0.0662606404618262
P1,leave_chemical_system_out,20,stability_charge,0.0427236645968807,0.0427236645968807,0.095571772507688,0.095571772507688,-0.0349757218839859,-0.0349757218839859,-1.8661226340625896,-1.8661226340625896,0.0657493091542527,0.0657493091542527,0.1094141515946636,0.1094141515946636,0.3277706038898891,0.3277706038898891,-0.3399044943044175,-0.3399044943044175
P1,leave_chemical_system_out,20,stability_discharge,0.0253785032927194,0.0253785032927194,0.0422979014857598,0.0422979014857598,-0.6639124936668037,-0.6639124936668037,-3.539523707651119,-3.539523707651119,0.0284778294394199,0.0284778294394199,0.0470377768564327,0.0470377768564327,0.0793369757873011,0.0793369757873011,0.2324106702475055,0.2324106702475055
P1,leave_chemical_system_out,20,stability_worst,0.0421811931430181,0.0413030733383249,0.0860383785089626,0.0921817831728957,0.0135883402994246,-0.0872025162038157,-1.4403310278791357,-1.8344110196911585,0.0621268576531033,0.065223712295097,0.0977180203541469,0.1053129317669426,0.2929245596225254,0.2891910548795935,-0.3190590928230481,-0.3143922118943834
P1,leave_chemical_system_out,21,average_voltage,0.5972716931959184,0.5972716931959184,0.6058659297271027,0.6058659297271027,-0.1125418758917127,-0.1125418758917127,0.0845449739939602,0.0845449739939602,0.7986264800190503,0.7986264800190503,0.7244426812770076,0.7244426812770076,0.2902964452809059,0.2902964452809059,0.4777966988901029,0.4777966988901029
P1,leave_chemical_system_out,21,capacity_grav,45.722366459564526,45.722366459564526,89.74759241172265,89.74759241172265,0.082908016255613,0.082908016255613,-2.1286306591825834,-2.1286306591825834,57.127851535319216,57.127851535319216,105.5160660835407,105.5160660835407,0.4763212124491305,0.4763212124491305,0.6086479123917709,0.6086479123917709
P1,leave_chemical_system_out,21,energy_grav,162.6327612072312,180.17616156297896,300.5467202510493,304.6206615327593,0.1931928251378465,0.0804289814812526,-1.5440340855137955,-1.6275491392360593,201.6198982845516,215.24900530042288,358.022217668985,363.8513066112501,0.5460533701601177,0.4939699663797852,0.4353076063324633,0.5180928060254129
P1,leave_chemical_system_out,21,max_delta_volume,0.0279002661326567,0.0279002661326567,0.0625827596626013,0.0625827596626013,-0.0194017607690466,-0.0194017607690466,-4.870127655676069,-4.870127655676069,0.0344972621899406,0.0344972621899406,0.0827819614979849,0.0827819614979849,0.4073470421977584,0.4073470421977584,-0.2319082084113752,-0.2319082084113752
P1,leave_chemical_system_out,21,stability_charge,0.0524490351529014,0.0524490351529014,0.0838761600921576,0.0838761600921576,-0.0168428546767394,-0.0168428546767394,-0.603848368085073,-0.603848368085073,0.1269634671488194,0.1269634671488194,0.1594532980575731,0.1594532980575731,-0.20833361512133,-0.20833361512133,-0.1167764737390613,-0.1167764737390613
P1,leave_chemical_system_out,21,stability_discharge,0.0381226387632163,0.0381226387632163,0.0661910968359359,0.0661910968359359,0.0280954225431467,0.0280954225431467,-0.2447387789183011,-0.2447387789183011,0.0970034844622532,0.0970034844622532,0.1097778272836939,0.1097778272836939,-0.1469300232960959,-0.1469300232960959,-0.1748905874308007,-0.1748905874308007
P1,leave_chemical_system_out,21,stability_worst,0.0568308772272588,0.047510417783661,0.086782583579425,0.0718155852500449,-0.00317909158533,-0.0278617630258672,-0.5961009855236366,-0.145605791558228,0.1240539323081948,0.1255707980814251,0.1564773498509378,0.1325680595966941,-0.2872810903252024,-0.2489038454344311,0.1074562856941597,-0.0570176209805745
P1,leave_chemical_system_out,22,average_voltage,0.7474960956360969,0.7474960956360969,0.8553403828278981,0.8553403828278981,-0.2613553867672769,-0.2613553867672769,-0.8519013796021526,-0.8519013796021526,0.8563921542509136,0.8563921542509136,1.0376786334354602,1.0376786334354602,0.4584809497643329,0.4584809497643329,0.4021056259539131,0.4021056259539131
P1,leave_chemical_system_out,22,capacity_grav,20.28287645082744,20.28287645082744,16.944199875721104,16.944199875721104,0.1702695034455558,0.1702695034455558,0.0566952165662012,0.0566952165662012,28.35377684940604,28.35377684940604,30.23210651345439,30.23210651345439,0.5553709589930623,0.5553709589930623,0.6846956436769744,0.6846956436769744
P1,leave_chemical_system_out,22,energy_grav,61.8450631100377,60.289836663867376,104.91541382721184,106.20328396183795,-0.0451239839425008,0.027055080947087,-1.0744278556125717,-1.0980279657165006,92.20835729697797,88.96731935493669,129.9078950391533,130.64476571272667,0.5344150593865311,0.4337448382964957,0.5953924504467812,0.4113097604535735
P1,leave_chemical_system_out,22,max_delta_volume,0.0334641110062194,0.0334641110062194,0.0356352013718896,0.0356352013718896,0.0412224460911637,0.0412224460911637,-0.0808692598282716,-0.0808692598282716,0.0413652202987039,0.0413652202987039,0.0439200671367127,0.0439200671367127,0.2746858889742396,0.2746858889742396,0.3511952570026666,0.3511952570026666
P1,leave_chemical_system_out,22,stability_charge,0.040267615440127,0.040267615440127,0.0270391642564725,0.0270391642564725,-0.8234987766461102,-0.8234987766461102,-0.1982983997021983,-0.1982983997021983,0.0455880066023774,0.0455880066023774,0.0369556081922016,0.0369556081922016,0.1274371762101636,0.1274371762101636,-0.3336955404148755,-0.3336955404148755
P1,leave_chemical_system_out,22,stability_discharge,0.0313468034411028,0.0313468034411028,0.0192801601647028,0.0192801601647028,-2.100302348700066,-2.100302348700066,-0.3073041964080865,-0.3073041964080865,0.0364729080903568,0.0364729080903568,0.0236840895899523,0.0236840895899523,-0.4219520409688058,-0.4219520409688058,0.5749707770256598,0.5749707770256598
P1,leave_chemical_system_out,22,stability_worst,0.0394984899709122,0.0268372890991021,0.0287558715624421,0.0169900963234444,-1.6394022638976111,-0.4275264241070295,-0.4585334322907519,0.0075332456774859,0.0423565607752396,0.0311501380016176,0.0314866235081185,0.0259732251877562,0.0034515504373726,-0.1328846918388468,0.3014354048638776,0.3975035587040829
P1,leave_chemical_system_out,23,average_voltage,0.9894879353915588,0.9894879353915588,1.0616131433392415,1.0616131433392415,-0.9106997569821784,-0.9106997569821784,-0.970288046243886,-0.970288046243886,1.2036507440754929,1.2036507440754929,1.2222755537671082,1.2222755537671082,-0.3513791339978653,-0.3513791339978653,-0.072594432239936,-0.072594432239936
P1,leave_chemical_system_out,23,capacity_grav,16.114367542570843,16.114367542570843,22.81915642369441,22.81915642369441,0.1851530159004681,0.1851530159004681,-1.3728861630424296,-1.3728861630424296,20.839681251237987,20.839681251237987,35.56243522591079,35.56243522591079,0.8287396881283426,0.8287396881283426,-0.0321732944521043,-0.0321732944521043
P1,leave_chemical_system_out,23,energy_grav,118.36846932284394,114.86142575682132,125.00588030008518,118.78126106592528,-1.105458103235172,-0.9912491916906978,-1.8443346267846248,-1.9470167703740595,132.08859271814077,128.4561251774305,153.5261487043407,156.27277168283763,0.5614337459164636,0.5647460394026964,-0.3141158322777461,-0.3257088594795609
P1,leave_chemical_system_out,23,max_delta_volume,0.0204896288533245,0.0204896288533245,0.048245922446984,0.048245922446984,0.2034089329197328,0.2034089329197328,-3.150993093196277,-3.150993093196277,0.0272856623753052,0.0272856623753052,0.0622863368883036,0.0622863368883036,0.679572213592101,0.679572213592101,-0.3052830496477919,-0.3052830496477919
P1,leave_chemical_system_out,23,stability_charge,0.0477829512291116,0.0477829512291116,0.0452075553907662,0.0452075553907662,-0.2034358080797658,-0.2034358080797658,0.0735652199630699,0.0735652199630699,0.0677872956435799,0.0677872956435799,0.0594763445621326,0.0594763445621326,-0.15300131677533,-0.15300131677533,0.4352528433897476,0.4352528433897476
P1,leave_chemical_system_out,23,stability_discharge,0.020934988286333,0.020934988286333,0.022108237121743,0.022108237121743,-0.1005598739832673,-0.1005598739832673,-0.2566647028863602,-0.2566647028863602,0.0270541341041108,0.0270541341041108,0.0289092290166546,0.0289092290166546,-0.1267646288806435,-0.1267646288806435,-0.252700730775139,-0.252700730775139
P1,leave_chemical_system_out,23,stability_worst,0.034511739563122,0.0389440314963784,0.0368136564016648,0.037929258975843,-0.2311332430417696,-0.5436301139307758,0.023931558143546,-0.2017022889917836,0.055837755522047,0.0625240418279329,0.0497182185941449,0.0551663014118508,0.4045973449022718,0.4543089640711515,0.6133861454115669,0.4670130445254208
P1,leave_chemical_system_out,24,average_voltage,0.3952364886077806,0.3952364886077806,0.434896139826871,0.434896139826871,0.0098853610252348,0.0098853610252348,-0.3078299420737735,-0.3078299420737735,0.4844893706878877,0.4844893706878877,0.5568229804958628,0.5568229804958628,-0.0788819304021926,-0.0788819304021926,0.2557500087258589,0.2557500087258589
P1,leave_chemical_system_out,24,capacity_grav,58.50917109225901,58.50917109225901,60.51358337831329,60.51358337831329,-0.1152465610969646,-0.1152465610969646,-0.1458886284446907,-0.1458886284446907,72.24335663311575,72.24335663311575,73.22909631704405,73.22909631704405,0.2673958929850238,0.2673958929850238,0.2920691011035958,0.2920691011035958
P1,leave_chemical_system_out,24,energy_grav,186.10698805791853,186.22974746872205,200.39039913168875,225.21915032406176,-0.0681862078896151,-0.1021933300798463,-0.2164357971597277,-0.5258917636920508,241.8960943425392,245.71646713279935,258.1368280618955,289.11274530561303,0.37253224162598,0.4218334481273504,-0.4705183895474537,-0.267767177810568
P1,leave_chemical_system_out,24,max_delta_volume,0.0345618746410497,0.0345618746410497,0.0376166204953987,0.0376166204953987,-0.0240296519680602,-0.0240296519680602,-0.2480028645878991,-0.2480028645878991,0.0388084837133156,0.0388084837133156,0.0428428348422276,0.0428428348422276,0.2458897674255848,0.2458897674255848,0.0745680748333227,0.0745680748333227
P1,leave_chemical_system_out,24,stability_charge,0.0413751263900887,0.0413751263900887,0.0309327978302726,0.0309327978302726,-0.4033894339587869,-0.4033894339587869,0.0770212485852948,0.0770212485852948,0.0472852435118829,0.0472852435118829,0.038347087124214,0.038347087124214,-0.201826814114985,-0.201826814114985,0.2794762143546435,0.2794762143546435
P1,leave_chemical_system_out,24,stability_discharge,0.0299575940014837,0.0299575940014837,0.0302252299542792,0.0302252299542792,-0.0053048755942526,-0.0053048755942526,-0.0980057565754364,-0.0980057565754364,0.0381958778653712,0.0381958778653712,0.0399181044373257,0.0399181044373257,0.1066790065502055,0.1066790065502055,0.0036998499381574,0.0036998499381574
P1,leave_chemical_system_out,24,stability_worst,0.0353931224793069,0.0312063454810003,0.0315182764055645,0.030486945316933,-0.2446747080009437,-0.0235961241329341,-0.1817848772438,-0.1953147816133713,0.0413124751703822,0.0374642980488368,0.0402552471682624,0.0404850265605309,-0.1670078370233922,-0.0560801223953088,0.047452411257569,0.0831957859710625
P1,leave_chemical_system_out,25,average_voltage,1.7113406511735092,1.7113406511735092,2.113903287769016,2.113903287769016,-20.10432281946513,-20.10432281946513,-30.864569487918413,-30.864569487918413,1.747029116348855,1.747029116348855,2.1466856838727923,2.1466856838727923,0.4811571182642717,0.4811571182642717,0.4636732113505991,0.4636732113505991
P1,leave_chemical_system_out,25,capacity_grav,30.287736867439232,30.287736867439232,27.98821312096078,27.98821312096078,-0.4205102937941276,-0.4205102937941276,-0.4146769847864939,-0.4146769847864939,32.160585399059386,32.160585399059386,32.09448393298995,32.09448393298995,-0.1246874599722086,-0.1246874599722086,-0.084673146170239,-0.084673146170239
P1,leave_chemical_system_out,25,energy_grav,91.2649115803544,93.04103873536494,136.88369538371174,131.9621273201225,-0.286090929771889,-0.2839401117783404,-1.4455933452819107,-1.397687368942559,131.42803554916563,131.31809150809715,181.23593006660755,179.4520634938455,-0.3045696584361779,-0.1716919658922656,-0.1395215771711078,-0.2346340307814872
P1,leave_chemical_system_out,25,max_delta_volume,0.0363197510736398,0.0363197510736398,0.0496150641399604,0.0496150641399604,-2.239729206459536,-2.239729206459536,-5.017878770542276,-5.017878770542276,0.0420408527006428,0.0420408527006428,0.0572979227921327,0.0572979227921327,-0.1790352067960081,-0.1790352067960081,-0.2147023768999003,-0.2147023768999003
P1,leave_chemical_system_out,25,stability_charge,0.0234229571225805,0.0234229571225805,0.0548220677409434,0.0548220677409434,-0.1841901688620992,-0.1841901688620992,-3.4300513178750336,-3.4300513178750336,0.0318733096125003,0.0318733096125003,0.061648258732594,0.061648258732594,0.3263612986009057,0.3263612986009057,0.3795305562507853,0.3795305562507853
P1,leave_chemical_system_out,25,stability_discharge,0.0146166995691019,0.0146166995691019,0.0342830584432802,0.0342830584432802,-0.3842368861477629,-0.3842368861477629,-4.004719855697581,-4.004719855697581,0.0198187905012071,0.0198187905012071,0.0376844190228806,0.0376844190228806,0.2417929786406162,0.2417929786406162,0.1557132785746371,0.1557132785746371
P1,leave_chemical_system_out,25,stability_worst,0.0224361895494388,0.0229728510959999,0.0262843204353979,0.0261148331951751,0.0914486022245841,-0.2089936373140195,-0.1612471478137529,-0.1341722988827032,0.0275072288785553,0.0317310247838677,0.0310981404612232,0.030733470778096,0.3795305562507853,0.3211143323854571,-0.1395693013309339,-0.3081718157206837
P1,leave_chemical_system_out,26,average_voltage,0.7933609411482636,0.7933609411482636,0.611162055656324,0.611162055656324,-0.3934824151570191,-0.3934824151570191,0.0947374684304998,0.0947374684304998,0.9552239081741644,0.9552239081741644,0.7699131019563894,0.7699131019563894,0.5291645252615812,0.5291645252615812,0.3185865717433895,0.3185865717433895
P1,leave_chemical_system_out,26,capacity_grav,26.57082830736915,26.57082830736915,37.44598159022621,37.44598159022621,-0.1234588695289939,-0.1234588695289939,-0.0852837676405602,-0.0852837676405602,41.65427183497298,41.65427183497298,40.94045000313497,40.94045000313497,0.4151986027800924,0.4151986027800924,0.4896209938444486,0.4896209938444486
P1,leave_chemical_system_out,26,energy_grav,96.66760633928284,91.34249915475634,114.59725618061958,136.73006246358574,0.1652971275579604,0.1740143822932687,0.0459900486763246,-0.2074106758532263,127.44043446943604,126.77322310235024,136.24411173836978,153.27410721513738,0.5738443493475444,0.5660739451586813,0.4005643359358958,0.3679286383426706
P1,leave_chemical_system_out,26,max_delta_volume,0.0175656058374914,0.0175656058374914,0.0328258586376531,0.0328258586376531,-1.636726218743051,-1.636726218743051,-3.127547687288959,-3.127547687288959,0.0285913527744785,0.0285913527744785,0.035772412909337,0.035772412909337,-0.1049004565496526,-0.1049004565496526,-0.1219953457651516,-0.1219953457651516
P1,leave_chemical_system_out,26,stability_charge,0.0491556651845753,0.0491556651845753,0.0515026978153236,0.0515026978153236,-0.7780839853349886,-0.7780839853349886,-1.0512557241678917,-1.0512557241678917,0.0572371313986998,0.0572371313986998,0.0614768529513741,0.0614768529513741,0.4387236945166333,0.4387236945166333,-0.5113909494985734,-0.5113909494985734
P1,leave_chemical_system_out,26,stability_discharge,0.0276004262991063,0.0276004262991063,0.0421226048220288,0.0421226048220288,-2.363953803412372,-2.363953803412372,-5.563130213930053,-5.563130213930053,0.032694446790327,0.032694446790327,0.0456672113206558,0.0456672113206558,-0.2568118584419274,-0.2568118584419274,0.4720520544734369,0.4720520544734369
P1,leave_chemical_system_out,26,stability_worst,0.0406906305974949,0.0364430109226329,0.0554966950107295,0.0420762996524531,-1.0677118177824587,-0.9158842065068884,-1.9360031417207928,-0.8054946227701179,0.0519752864607739,0.050030692628917,0.0619341447286057,0.0485679738818838,0.0563354303692579,0.0151522881682831,0.0081589243983063,-0.0439027836670768
P1,leave_chemical_system_out,27,average_voltage,0.4060555184171681,0.4060555184171681,0.4538847414415363,0.4538847414415363,0.0824895053566827,0.0824895053566827,-0.01393301883013,-0.01393301883013,0.577368314292134,0.577368314292134,0.6069488028294941,0.6069488028294941,0.4560633365759172,0.4560633365759172,0.0161786610290593,0.0161786610290593
P1,leave_chemical_system_out,27,capacity_grav,49.18643186264595,49.18643186264595,57.25891434423939,57.25891434423939,-0.044420098596847,-0.044420098596847,-0.1881382540207585,-0.1881382540207585,73.03244968883027,73.03244968883027,77.89538843202855,77.89538843202855,0.3347231172191581,0.3347231172191581,-0.0459423886379236,-0.0459423886379236
P1,leave_chemical_system_out,27,energy_grav,153.2494600204904,149.00956401079398,138.73761274785082,144.84404629482685,-0.213597124818591,-0.1581197923790176,-0.0299609491851582,-0.0722209862964244,224.88321879552325,219.6830356988671,207.1715707124148,211.3790447796057,0.3812916869551292,0.4223942311911179,0.1897713212597776,0.1766534879929727
P1,leave_chemical_system_out,27,max_delta_volume,0.0381748214258311,0.0381748214258311,0.0425553756290237,0.0425553756290237,-0.3509469838999546,-0.3509469838999546,-0.4959778575332598,-0.4959778575332598,0.0547670386936102,0.0547670386936102,0.0576318669521898,0.0576318669521898,-0.0944483995209953,-0.0944483995209953,-0.1600375658550198,-0.1600375658550198
P1,leave_chemical_system_out,27,stability_charge,0.0257883120253909,0.0257883120253909,0.0270009568404729,0.0270009568404729,0.0684470748355093,0.0684470748355093,-0.096091022478165,-0.096091022478165,0.0329979884681415,0.0329979884681415,0.0357937342878937,0.0357937342878937,0.3589913704015608,0.3589913704015608,0.4604359476648522,0.4604359476648522
P1,leave_chemical_system_out,27,stability_discharge,0.0305384342034417,0.0305384342034417,0.0305434851816497,0.0305434851816497,-0.0822626717082974,-0.0822626717082974,-0.2466790716562992,-0.2466790716562992,0.0448705345990298,0.0448705345990298,0.048158420953929,0.048158420953929,0.3760445536484073,0.3760445536484073,0.5360821195034271,0.5360821195034271
P1,leave_chemical_system_out,27,stability_worst,0.0318674854151924,0.0319416607695213,0.0314240654100226,0.0363185396557615,0.0069183537592881,-0.104749759530371,-0.25767456065825,-0.769851987704129,0.0391995625366182,0.0413447814393999,0.0441136385896278,0.0523307810307283,0.2138206822489199,0.20507546007105,0.4936677919407579,0.2925276818497494
P1,leave_chemical_system_out,28,average_voltage,0.5045221923035003,0.5045221923035003,0.3432787923578025,0.3432787923578025,-0.4336815382154415,-0.4336815382154415,-0.014450930777345,-0.014450930777345,0.6244294718562041,0.6244294718562041,0.5252578707275093,0.5252578707275093,0.1158412686997827,0.1158412686997827,0.1930687811663045,0.1930687811663045
P1,leave_chemical_system_out,28,capacity_grav,66.02293698586327,66.02293698586327,63.21016901337142,63.21016901337142,-0.1721923815107136,-0.1721923815107136,-0.1645094190356215,-0.1645094190356215,78.31733333918623,78.31733333918623,78.06025167723618,78.06025167723618,0.0452319488659926,0.0452319488659926,0.3022018612640959,0.3022018612640959
P1,leave_chemical_system_out,28,energy_grav,225.47003645573363,225.4366531317009,216.2722793806714,224.1879973583501,-0.2376441959625472,-0.1989027467488147,-0.0848702198674624,-0.1545377501142657,293.6354379930015,289.0031264238344,274.9156460960079,283.6054890844959,0.1557639658223067,0.1688533747149375,0.2369183009566177,0.3272352223157704
P1,leave_chemical_system_out,28,max_delta_volume,0.0364430563757456,0.0364430563757456,0.032108428493429,0.032108428493429,-0.0934065617197534,-0.0934065617197534,0.0672975709923915,0.0672975709923915,0.0516775431486967,0.0516775431486967,0.0477290262612066,0.0477290262612066,0.2264467738425131,0.2264467738425131,0.2840401729700887,0.2840401729700887
P1,leave_chemical_system_out,28,stability_charge,0.0458646877726256,0.0458646877726256,0.0498604295813001,0.0498604295813001,-3.305269335931248,-3.305269335931248,-2.155747610241091,-2.155747610241091,0.0644575852538106,0.0644575852538106,0.0551855022837113,0.0551855022837113,0.0111259975587361,0.0111259975587361,0.1969956038340937,0.1969956038340937
P1,leave_chemical_system_out,28,stability_discharge,0.0582926850800032,0.0582926850800032,0.0384171690779507,0.0384171690779507,-1.3652436422013705,-1.3652436422013705,-0.0526076001460715,-0.0526076001460715,0.0682711691322847,0.0682711691322847,0.0455441550136043,0.0455441550136043,-0.1649265520471483,-0.1649265520471483,-0.1688533747149375,-0.1688533747149375
P1,leave_chemical_system_out,28,stability_worst,0.0403057506469988,0.0450545935693114,0.0482779412836909,0.0492080316544938,-2.2711092117661087,-3.1855479225895627,-2.115099610278804,-2.163013198269848,0.0563357664777457,0.0637254403025473,0.0549759388449997,0.0553971200532892,-0.0098170566694731,0.0032723522231577,0.1197680913675719,0.1812883131629368
P1,leave_chemical_system_out,29,average_voltage,0.9171973788970528,0.9171973788970528,0.9476721603495885,0.9476721603495885,-0.990244214314102,-0.990244214314102,-1.2238141952786297,-1.2238141952786297,1.0338665736718629,1.0338665736718629,1.0928500041145222,1.0928500041145222,0.5719861109480617,0.5719861109480617,0.5477429910138392,0.5477429910138392
P1,leave_chemical_system_out,29,capacity_grav,25.65632600551668,25.65632600551668,31.27848676942757,31.27848676942757,0.2251809547580056,0.2251809547580056,0.2093864449238369,0.2093864449238369,37.02023758494477,37.02023758494477,37.39565857646854,37.39565857646854,0.5922262978540511,0.5922262978540511,0.6974093468937668,0.6974093468937668
P1,leave_chemical_system_out,29,energy_grav,122.377764237962,141.19649859770325,148.16772159305344,165.4963397643157,-1.080961430576631,-1.4670303728393257,-2.033888832507641,-2.621906416836019,137.9979489683105,150.25463033525088,166.62510951636196,182.05777409192012,0.1371251471279459,0.3144029616469478,0.3234941316222812,0.3674347865030594
P1,leave_chemical_system_out,29,max_delta_volume,0.0313957064194053,0.0313957064194053,0.0317047221666259,0.0317047221666259,-0.7305621011390697,-0.7305621011390697,-0.684646077610104,-0.684646077610104,0.040350620582915,0.040350620582915,0.0398117219044885,0.0398117219044885,0.2765230867497252,0.2765230867497252,-0.0295463024198336,-0.0295463024198336
P1,leave_chemical_system_out,29,stability_charge,0.0256221505371914,0.0256221505371914,0.0307894482345238,0.0307894482345238,-0.536610358424183,-0.536610358424183,-1.411898211683642,-1.411898211683642,0.0308897726560667,0.0308897726560667,0.0387001208752428,0.0387001208752428,0.5975072133059807,0.5975072133059807,-0.0701833869597501,-0.0701833869597501
P1,leave_chemical_system_out,29,stability_discharge,0.0593494828082119,0.0593494828082119,0.0293952947273808,0.0293952947273808,-1.180470698571964,-1.180470698571964,-0.0662599548083147,-0.0662599548083147,0.0779432485611675,0.0779432485611675,0.0545048218582334,0.0545048218582334,-0.0484862398684449,-0.0484862398684449,0.1166700146834456,0.1166700146834456
P1,leave_chemical_system_out,29,stability_worst,0.0545184955458719,0.0558847451060111,0.0327501387914313,0.0298563599923021,-0.9576330690287712,-1.0472453765136698,-0.2141494065804121,-0.1047296636211934,0.0728448946830932,0.0744935074231457,0.05736797752921,0.0547219394517131,-0.0409102648890004,0.1454587196053348,0.078790139786223,0.0560622148478894
P1,leave_chemical_system_out,30,average_voltage,0.5028877814393957,0.5028877814393957,0.5372768866917379,0.5372768866917379,-0.1533210008579397,-0.1533210008579397,-0.3923480150170453,-0.3923480150170453,0.7180343803984653,0.7180343803984653,0.7889401152968036,0.7889401152968036,0.1812789051911573,0.1812789051911573,0.0419709780491842,0.0419709780491842
P1,leave_chemical_system_out,30,capacity_grav,60.63691903300626,60.63691903300626,64.90213084188711,64.90213084188711,-0.5652020568598719,-0.5652020568598719,-0.9349540220723438,-0.9349540220723438,75.45559331227236,75.45559331227236,83.89605859270941,83.89605859270941,-0.3537830170856517,-0.3537830170856517,-0.2894588321609877,-0.2894588321609877
P1,leave_chemical_system_out,30,energy_grav,144.6150875438284,139.86207422721645,153.91940822299318,141.9915389281741,-0.3840037420674906,-0.2309965582217081,-0.4625336651577552,-0.3807454590044359,202.9401542249641,191.3937594904357,208.61824602273504,202.7011280995055,-0.0535799719776819,-0.0375059803843773,0.0250039869229182,0.0232179878569955
P1,leave_chemical_system_out,30,max_delta_volume,0.0381441292436874,0.0381441292436874,0.0277188821018718,0.0277188821018718,-0.6099053276969018,-0.6099053276969018,0.0957056179694277,0.0957056179694277,0.0417604657260306,0.0417604657260306,0.0312982518571614,0.0312982518571614,-0.297368844476135,-0.297368844476135,0.2348588771688393,0.2348588771688393
P1,leave_chemical_system_out,30,stability_charge,0.0424178912898876,0.0424178912898876,0.0411752852667665,0.0411752852667665,-0.6942552910135666,-0.6942552910135666,-0.4346563771069445,-0.4346563771069445,0.0599572604217185,0.0599572604217185,0.0551729622599392,0.0551729622599392,-0.0044649976648068,-0.0044649976648068,-0.029468984587725,-0.029468984587725
P1,leave_chemical_system_out,30,stability_discharge,0.0338765875730808,0.0338765875730808,0.0372479384324217,0.0372479384324217,0.0820889255387519,0.0820889255387519,-0.0682368229294878,-0.0682368229294878,0.0370650181563336,0.0370650181563336,0.0399850537889868,0.0399850537889868,0.3304098271957055,0.3304098271957055,0.0946579504939048,0.0946579504939048
P1,leave_chemical_system_out,30,stability_worst,0.0379324614398791,0.042644061517274,0.0328926265762119,0.0428166056627517,-1.2493932237765797,-1.6489785161721238,-0.9658004729335334,-1.7366418424246253,0.0504706174030459,0.0547703030889878,0.0471819236843922,0.0556691906909099,-0.2357518767018007,-0.2214638841744188,0.2107478897788824,-0.0214319887910727
P1,leave_chemical_system_out,31,average_voltage,0.9314696982803584,0.9314696982803584,0.9484496758010688,0.9484496758010688,-0.4880969742291985,-0.4880969742291985,-0.5245093758496042,-0.5245093758496042,1.1918007779579385,1.1918007779579385,1.206293805304553,1.206293805304553,-0.2034190510862431,-0.2034190510862431,-0.0981407702609067,-0.0981407702609067
P1,leave_chemical_system_out,31,capacity_grav,103.40126112029373,103.40126112029373,146.73411273355373,146.73411273355373,-2.237354680458243,-2.237354680458243,-5.051740342367329,-5.051740342367329,123.54513158651628,123.54513158651628,168.91594134760857,168.91594134760857,0.0268127458572487,0.0268127458572487,0.0160876475143492,0.0160876475143492
P1,leave_chemical_system_out,31,energy_grav,372.601155986495,377.1881166284563,476.9173074515796,512.1664822191997,-1.0635448247476005,-1.0938097554159496,-2.0916326075143266,-2.452734768224439,461.9044153024093,465.2793407926259,565.3782531378291,597.4846731246729,-0.3256489195020997,-0.2292925268823003,-0.2507050585755891,-0.3256489195020997
P1,leave_chemical_system_out,31,max_delta_volume,0.0921118366529448,0.0921118366529448,0.0889945363240183,0.0889945363240183,-0.5596070389131913,-0.5596070389131913,-0.4833321897523577,-0.4833321897523577,0.143510193644152,0.143510193644152,0.1399569172196431,0.1399569172196431,0.2471363032933743,0.2471363032933743,0.372042738170892,0.372042738170892
P1,leave_chemical_system_out,31,stability_charge,0.1498482451543361,0.1498482451543361,0.1531770083814649,0.1531770083814649,-0.8346053810036678,-0.8346053810036678,-0.9212915882251584,-0.9212915882251584,0.2153762642725397,0.2153762642725397,0.2204058660487423,0.2204058660487423,-0.371520087290095,-0.371520087290095,-0.5512446060513685,-0.5512446060513685
P1,leave_chemical_system_out,31,stability_discharge,0.0414306103394711,0.0414306103394711,0.0460501307234995,0.0460501307234995,-0.5582865954462009,-0.5582865954462009,-0.7854538769305859,-0.7854538769305859,0.0469002686162845,0.0469002686162845,0.0502025734844451,0.0502025734844451,-0.2298567969100526,-0.2298567969100526,-0.4063939859598786,-0.4063939859598786
P1,leave_chemical_system_out,31,stability_worst,0.1378319971696462,0.1405789576119634,0.1257550977939021,0.1372315072738019,-0.6936425691840191,-0.7101142999797088,-0.4753544597972128,-0.6958667080485514,0.2045789437841531,0.205571365583832,0.1909405804578721,0.2047132291116475,-0.2472329822760801,-0.3303891028969677,-0.2561745006224121,0.0138593534368146
P1,leave_chemical_system_out,32,average_voltage,0.4414772139125307,0.4414772139125307,0.4073467826828912,0.4073467826828912,-0.01064033214036,-0.01064033214036,-0.0567400856729838,-0.0567400856729838,0.550014426802744,0.550014426802744,0.562418838523998,0.562418838523998,0.4586298218783211,0.4586298218783211,0.4090482195130973,0.4090482195130973
P1,leave_chemical_system_out,32,capacity_grav,66.78210003047384,66.78210003047384,80.24398056296494,80.24398056296494,-0.1376636814228788,-0.1376636814228788,-0.7623413990007737,-0.7623413990007737,79.63857616936927,79.63857616936927,99.12006119597226,99.12006119597226,-0.1248941818375342,-0.1248941818375342,-0.1319803765517205,-0.1319803765517205
P1,leave_chemical_system_out,32,energy_grav,155.96319551832437,148.9873657445776,167.97120397329968,175.45726749073282,-0.0370332420457419,0.0409596873482986,-0.30727439479032,-0.5460132678336953,172.91675739763056,166.28733584058978,194.1440662038083,211.1287382520148,0.2036387240000268,0.2107218100522016,0.306343471756562,0.2638449554435129
P1,leave_chemical_system_out,32,max_delta_volume,0.044269602049912,0.044269602049912,0.028358117907808,0.028358117907808,-0.8464520445318464,-0.8464520445318464,-0.3523798927919597,-0.3523798927919597,0.0490126245029085,0.0490126245029085,0.0419457819264649,0.0419457819264649,-0.2231172106435076,-0.2231172106435076,-0.306343471756562,-0.306343471756562
P1,leave_chemical_system_out,32,stability_charge,0.0401175462958114,0.0401175462958114,0.0338687730156493,0.0338687730156493,-0.5459163712234261,-0.5459163712234261,-0.0586062225692163,-0.0586062225692163,0.0472627850622574,0.0472627850622574,0.0391105148333303,0.0391105148333303,-0.3461858308000455,-0.3461858308000455,0.2718134272522096,0.2718134272522096
P1,leave_chemical_system_out,32,stability_discharge,0.0476867316308189,0.0476867316308189,0.0407892508097817,0.0407892508097817,-3.1907622217130136,-3.1907622217130136,-2.1635464800886925,-2.1635464800886925,0.0562316724638936,0.0562316724638936,0.0488564154890248,0.0488564154890248,-0.1965556379478519,-0.1965556379478519,-0.1239540059130597,-0.1239540059130597
P1,leave_chemical_system_out,32,stability_worst,0.0340239882398587,0.0305131601589285,0.0229937908688001,0.0286785644555242,-1.4536493376876982,-0.7980996005805814,-0.0397296846150048,-0.5361904542915255,0.0440850595593671,0.0377391449541344,0.0286975886182154,0.0348825090057826,-0.649873145287042,-0.3081142432696058,0.2603034124174255,-0.3028019287304746
P1,leave_chemical_system_out,33,average_voltage,0.2988504703060552,0.2988504703060552,0.4290038307026971,0.4290038307026971,-0.0838228549705024,-0.0838228549705024,-0.9232016177502862,-0.9232016177502862,0.4040042500716384,0.4040042500716384,0.53816963399268,0.53816963399268,0.1240649267459157,0.1240649267459157,0.0248129853491831,0.0248129853491831
P1,leave_chemical_system_out,33,capacity_grav,53.59181569995601,53.59181569995601,53.86483818044972,53.86483818044972,0.0120262650348998,0.0120262650348998,0.1506512165821321,0.1506512165821321,65.991512801275,65.991512801275,61.1868956062662,61.1868956062662,0.6019789785112777,0.6019789785112777,0.4867252712852598,0.4867252712852598
P1,leave_chemical_system_out,33,energy_grav,210.3920591110288,202.60721985692825,186.8597794532897,197.39109167926907,-0.0101632318257027,0.0606929486124462,0.1723247825083147,0.1142834888518572,255.52482998946223,246.4002367939169,231.29556496470397,239.26804434155315,0.4847393923572562,0.5361377191519928,0.5379100752483631,0.5290482947665119
P1,leave_chemical_system_out,33,max_delta_volume,0.0157630740965319,0.0157630740965319,0.0182409945625325,0.0182409945625325,-0.1096384617155181,-0.1096384617155181,-0.0213307595711049,-0.0213307595711049,0.0277559859907337,0.0277559859907337,0.0266286478703269,0.0266286478703269,0.1400161316132477,0.1400161316132477,0.3863736290087088,0.3863736290087088
P1,leave_chemical_system_out,33,stability_charge,0.0414773421159006,0.0414773421159006,0.038064819544249,0.038064819544249,-1.836288293612108,-1.836288293612108,-1.5080821644587732,-1.5080821644587732,0.0479527228518356,0.0479527228518356,0.0450929830208264,0.0450929830208264,0.0460812585056258,0.0460812585056258,0.1222925706495454,0.1222925706495454
P1,leave_chemical_system_out,33,stability_discharge,0.0415951442666974,0.0415951442666974,0.0394998395485171,0.0394998395485171,0.0361023693211169,0.0361023693211169,0.1372792455687056,0.1372792455687056,0.059533296239919,0.059533296239919,0.0563221981083777,0.0563221981083777,0.6079181410549869,0.6079181410549869,0.758568409246456,0.758568409246456
P1,leave_chemical_system_out,33,stability_worst,0.0468067188816206,0.0464604518794951,0.0363900131320838,0.042911429965678,-0.1035870930558471,-0.1245126435027499,0.1594730581465988,-0.0406631080577091,0.0545680032346546,0.0550829165515563,0.0476223228904311,0.0529895016880881,-0.2020485949862055,-0.2286339364317589,0.5866498678985442,0.2055933071789459
P1,leave_chemical_system_out,34,average_voltage,0.5078298500657716,0.5078298500657716,0.640787897743245,0.640787897743245,0.0535425309618311,0.0535425309618311,-0.2657375692704291,-0.2657375692704291,0.6469910047524942,0.6469910047524942,0.7482031403010191,0.7482031403010191,0.295060371937624,0.295060371937624,-0.151947257405004,-0.151947257405004
P1,leave_chemical_system_out,34,capacity_grav,65.55633574672194,65.55633574672194,62.05869814977027,62.05869814977027,-0.5991284495670646,-0.5991284495670646,-0.4530313416234397,-0.4530313416234397,96.30904843270154,96.30904843270154,91.80427559802077,91.80427559802077,0.1546653508296815,0.1546653508296815,0.2430455513037853,0.2430455513037853
P1,leave_chemical_system_out,34,energy_grav,196.5028670436308,214.7562223710362,183.56149452358557,168.62155632971218,-0.5591145087739613,-0.8049976625894548,-0.3775479259269063,-0.1829534372545891,245.1372447567324,263.7598067343934,230.4218465267361,213.52764942524732,0.2420555147033203,0.2544233147246578,0.4311061721723369,0.5123802865982693
P1,leave_chemical_system_out,34,max_delta_volume,0.0381704916078751,0.0381704916078751,0.0375221078955493,0.0375221078955493,-0.3204833111544467,-0.3204833111544467,-0.2706782056664527,-0.2706782056664527,0.0686358251286669,0.0686358251286669,0.0673290041917834,0.0673290041917834,-0.0653726572556412,-0.0653726572556412,-0.1360458002347128,-0.1360458002347128
P1,leave_chemical_system_out,34,stability_charge,0.0188671308188493,0.0188671308188493,0.0277784107701342,0.0277784107701342,-0.0748323500202656,-0.0748323500202656,-0.8250059090527699,-0.8250059090527699,0.0250572990056317,0.0250572990056317,0.0326509655170808,0.0326509655170808,-0.0194351143192446,-0.0194351143192446,-0.1908174860434933,-0.1908174860434933
P1,leave_chemical_system_out,34,stability_discharge,0.0313256741462655,0.0313256741462655,0.0249556570459311,0.0249556570459311,-0.6309775008355916,-0.6309775008355916,-0.0299506692485505,-0.0299506692485505,0.0370847002919261,0.0370847002919261,0.0294699229630271,0.0294699229630271,0.1660818860008183,0.1660818860008183,-0.0388702286384893,-0.0388702286384893
P1,leave_chemical_system_out,34,stability_worst,0.0161168372611634,0.016789487615085,0.023394701428484,0.0290792313993847,-0.1931306427767207,-0.1084545141215345,-0.7021280216492303,-1.3228272770399538,0.0235224932795855,0.0226724415768006,0.0280954158098159,0.0328206979213259,-0.0220853571809598,-0.1369292145219512,-0.333047186288875,-0.274741843331141
P1,leave_chemical_system_out,35,average_voltage,0.4892499919586942,0.4892499919586942,0.4333138091202667,0.4333138091202667,0.3681420992992446,0.3681420992992446,0.565605521229837,0.565605521229837,0.6164383018427255,0.6164383018427255,0.5111190331404644,0.5111190331404644,0.7239163067830048,0.7239163067830048,0.7720379109911236,0.7720379109911236
P1,leave_chemical_system_out,35,capacity_grav,56.08420539142534,56.08420539142534,56.64902781197783,56.64902781197783,0.089617545212875,0.089617545212875,-0.1596091601856597,-0.1596091601856597,70.02356848523743,70.02356848523743,79.02929690756069,79.02929690756069,0.3382465992889787,0.3382465992889787,0.4848550324173286,0.4848550324173286
P1,leave_chemical_system_out,35,energy_grav,149.77285607149668,149.17563347193234,157.44304783319225,167.81704309534683,0.420873231052145,0.4396585106368873,0.3508250047138938,0.262176409252379,187.0787146594901,184.01954288936423,198.06988491187545,211.16105638623003,0.724962428613616,0.724962428613616,0.6893942863728326,0.724962428613616
P1,leave_chemical_system_out,35,max_delta_volume,0.051611230284569,0.051611230284569,0.0478682036720356,0.0478682036720356,-0.3663374234544696,-0.3663374234544696,-0.2751479389895661,-0.2751479389895661,0.0743928286369263,0.0743928286369263,0.0718674734170733,0.0718674734170733,0.0292914112571157,0.0292914112571157,0.1255346196733534,0.1255346196733534
P1,leave_chemical_system_out,35,stability_charge,0.038810871810587,0.038810871810587,0.0258416330099663,0.0258416330099663,-3.466150068393846,-3.466150068393846,-0.72490941284196,-0.72490941284196,0.0476894782197685,0.0476894782197685,0.0296373289786598,0.0296373289786598,-0.2102704879528669,-0.2102704879528669,0.1600566400835256,0.1600566400835256
P1,leave_chemical_system_out,35,stability_discharge,0.0257805595406545,0.0257805595406545,0.0314998701643496,0.0314998701643496,-0.2345596223836725,-0.2345596223836725,-0.3487032167641986,-0.3487032167641986,0.0348976613182184,0.0348976613182184,0.0364752675164499,0.0364752675164499,0.5952433216178175,0.5952433216178175,0.2353774118875376,0.2353774118875376
P1,leave_chemical_system_out,35,stability_worst,0.0349526126121203,0.0363547093314979,0.0363809705561392,0.0216941369534927,-2.416122907861656,-2.653902816498979,-2.2970733050303838,-0.2920718611205055,0.0430920324858176,0.0445665207718194,0.0423345098902371,0.0265016899637218,0.0387065077326173,0.1747023457120835,-0.0575367006836203,0.0931048429244038
P1,leave_chemical_system_out,36,average_voltage,0.492810064460472,0.492810064460472,0.4184138259083237,0.4184138259083237,-0.5410734812172213,-0.5410734812172213,-0.2185429191673922,-0.2185429191673922,0.5643419235628928,0.5643419235628928,0.501823570036671,0.501823570036671,0.1512708168833894,0.1512708168833894,-0.1539246908637998,-0.1539246908637998
P1,leave_chemical_system_out,36,capacity_grav,44.62470232602183,44.62470232602183,43.08290341519285,43.08290341519285,-0.4591760399099163,-0.4591760399099163,-0.3380894714711964,-0.3380894714711964,52.155058296051855,52.155058296051855,49.94421218936139,49.94421218936139,-0.4999999999999999,-0.4999999999999999,-0.5862068965517241,-0.5862068965517241
P1,leave_chemical_system_out,36,energy_grav,122.13151234392078,124.17218329980312,107.91322532976726,119.17302248800512,-0.5636361147360185,-0.5620112019865575,-0.3319144858432152,-0.5397772623859132,142.77048574184315,142.69628373221067,131.76763826873156,141.67706190520178,-0.4113504669636029,-0.4060427190027822,-0.5652751578274028,-0.5573135358861718
P1,leave_chemical_system_out,36,max_delta_volume,0.0260125945988094,0.0260125945988094,0.0341714525135254,0.0341714525135254,0.2522779608195427,0.2522779608195427,-0.1041101162905153,-0.1041101162905153,0.0488646009285303,0.0488646009285303,0.0593786692067675,0.0593786692067675,0.443196954728527,0.443196954728527,-0.2786567679430859,-0.2786567679430859
P1,leave_chemical_system_out,36,stability_charge,0.0204488110987599,0.0204488110987599,0.0144148082158318,0.0144148082158318,-0.4990095238363869,-0.4990095238363869,-0.0165327769561542,-0.0165327769561542,0.0286589203891172,0.0286589203891172,0.0236003434536405,0.0236003434536405,-0.0730262946828864,-0.0730262946828864,-0.0637320389959736,-0.0637320389959736
P1,leave_chemical_system_out,36,stability_discharge,0.0379868532084351,0.0379868532084351,0.0227819774236733,0.0227819774236733,-2.402305913464932,-2.402305913464932,-0.2471540661715261,-0.2471540661715261,0.0403967974034448,0.0403967974034448,0.0244579644707372,0.0244579644707372,0.5228131741408373,0.5228131741408373,0.6555068731613544,0.6555068731613544
P1,leave_chemical_system_out,36,stability_worst,0.019195777848088,0.0204488110987599,0.0195271385723883,0.0144148082158318,-0.3272162446038316,-0.4990095238363869,-0.0247329543577727,-0.0165327769561542,0.0269667416394013,0.0286589203891172,0.0236953420052404,0.0236003434536405,-0.0544377833090608,-0.0730262946828864,0.4700237875953055,-0.0637320389959736
P1,leave_chemical_system_out,37,average_voltage,0.4374570190992516,0.4374570190992516,0.5127100311415075,0.5127100311415075,-0.625669808624653,-0.625669808624653,-0.9180342488029882,-0.9180342488029882,0.5521472804532833,0.5521472804532833,0.5997454283666916,0.5997454283666916,0.2372892352439136,0.2372892352439136,0.0683293609341112,0.0683293609341112
P1,leave_chemical_system_out,37,capacity_grav,66.69737116559321,66.69737116559321,53.91494237047474,53.91494237047474,-0.3352234988050731,-0.3352234988050731,0.033083247148541,0.033083247148541,91.8151209577268,91.8151209577268,78.13250882478339,78.13250882478339,0.2772144136333529,0.2772144136333529,0.3791497585568279,0.3791497585568279
P1,leave_chemical_system_out,37,energy_grav,234.0948209974024,237.4459885640384,159.19749937966913,157.25862337698248,-0.7459269015296941,-0.7864395305808556,-0.0055859008501144,0.0788458140397887,276.270990623904,279.4579164292505,209.6678512251263,200.67275893516023,0.4671243583859242,0.3950679414008614,0.5516042955408254,0.5590584076427284
P1,leave_chemical_system_out,37,max_delta_volume,0.0517437320780819,0.0517437320780819,0.0544769808065323,0.0544769808065323,-0.269726356709232,-0.269726356709232,-0.6661440342680662,-0.6661440342680662,0.0658562324089659,0.0658562324089659,0.0754393756200371,0.0754393756200371,-0.3143150602969117,-0.3143150602969117,-0.0211199842887253,-0.0211199842887253
P1,leave_chemical_system_out,37,stability_charge,0.0186459024374315,0.0186459024374315,0.0237911607786384,0.0237911607786384,-0.1128502342765527,-0.1128502342765527,-0.5672103577623069,-0.5672103577623069,0.0217973340955902,0.0217973340955902,0.0258671550737666,0.0258671550737666,0.0409976165604667,0.0409976165604667,-0.1254775537153679,-0.1254775537153679
P1,leave_chemical_system_out,37,stability_discharge,0.023113681086971,0.023113681086971,0.0194409950819278,0.0194409950819278,-0.5844365647047374,-0.5844365647047374,-0.0843113375622015,-0.0843113375622015,0.0294462818822066,0.0294462818822066,0.0243595934827295,0.0243595934827295,-0.0770258250529981,-0.0770258250529981,-0.1192657936304487,-0.1192657936304487
P1,leave_chemical_system_out,37,stability_worst,0.0139648555643845,0.0161306988353106,0.0162962470577077,0.0222129199713562,-0.9687161717496484,-0.8834104630442952,-1.0864864357320192,-2.608340747977426,0.0193045898621959,0.018881718307973,0.0198736120460565,0.0261350175571918,0.0012423520169838,0.0732987690020466,0.3764326611461038,-0.0236046883226929
P1,leave_chemical_system_out,38,average_voltage,0.4101079205296784,0.4101079205296784,0.310337800738838,0.310337800738838,-0.6794772944436289,-0.6794772944436289,0.0702112068891435,0.0702112068891435,0.5653458931640616,0.5653458931640616,0.420648482863688,0.420648482863688,0.1796011412122882,0.1796011412122882,0.25265923255288,0.25265923255288
P1,leave_chemical_system_out,38,capacity_grav,33.014762123664525,33.014762123664525,63.87766979045848,63.87766979045848,0.0881310812887509,0.0881310812887509,-1.839969843983948,-1.839969843983948,43.22648159369066,43.22648159369066,76.28524502723214,76.28524502723214,0.235839094736861,0.235839094736861,-0.080811997497246,-0.080811997497246
P1,leave_chemical_system_out,38,energy_grav,140.74770160818912,133.88606471710457,273.6233241655366,255.36819814371847,-0.1004284101258459,-0.014550618151373,-2.5908878464258,-2.1982080766427115,180.41710355466603,173.23421367989212,325.91003263993275,307.5743869539143,0.3013646267799412,0.3013646267799412,-0.1917774897690535,-0.1917774897690535
P1,leave_chemical_system_out,38,max_delta_volume,0.0283800514305473,0.0283800514305473,0.0321946018448836,0.0321946018448836,-0.2792216330294268,-0.2792216330294268,-0.012591080868193,-0.012591080868193,0.0511911158063684,0.0511911158063684,0.0455447945325869,0.0455447945325869,-0.1811231847818838,-0.1811231847818838,0.248093101844093,0.248093101844093
P1,leave_chemical_system_out,38,stability_charge,0.0305061750567746,0.0305061750567746,0.0386186715620611,0.0386186715620611,-0.381787951362853,-0.381787951362853,-0.1093783669064643,-0.1093783669064643,0.0496838739139833,0.0496838739139833,0.0445178925209078,0.0445178925209078,0.1872113590602665,0.1872113590602665,0.0167424792655522,0.0167424792655522
P1,leave_chemical_system_out,38,stability_discharge,0.018103958667166,0.018103958667166,0.0193466510851242,0.0193466510851242,-0.0416383437047762,-0.0416383437047762,-0.4729777690983605,-0.4729777690983605,0.0195485788315361,0.0195485788315361,0.0232463518547523,0.0232463518547523,0.4718335065746555,0.4718335065746555,0.2161301868825841,0.2161301868825841
P1,leave_chemical_system_out,38,stability_worst,0.0268527396137329,0.0305061750567746,0.039790100491418,0.0386186715620611,-0.0135756007418008,-0.381787951362853,-0.253819308451505,-0.1093783669064643,0.0425522789144355,0.0496838739139833,0.0473273542837935,0.0445178925209078,-0.0015220435695956,0.1872113590602665,-0.0258747406831262,0.0167424792655522
P1,leave_chemical_system_out,39,average_voltage,0.8404469243490694,0.8404469243490694,0.8587078801596163,0.8587078801596163,-1.1039002360878318,-1.1039002360878318,-1.1196597609329153,-1.1196597609329153,0.9555568005927366,0.9555568005927366,0.9591289817869226,0.9591289817869226,-0.2783051100909033,-0.2783051100909033,-0.1100851324359573,-0.1100851324359573
P1,leave_chemical_system_out,39,capacity_grav,31.758327675815767,31.758327675815767,52.28869954367761,52.28869954367761,0.2685176559909701,0.2685176559909701,-0.6489912945165175,-0.6489912945165175,38.76757134987935,38.76757134987935,58.20708525593226,58.20708525593226,0.7521893155994023,0.7521893155994023,0.4622184756483971,0.4622184756483971
P1,leave_chemical_system_out,39,energy_grav,67.59841358621718,63.023806185884,93.43452282045467,90.14538575215926,0.3251853683918677,0.3228534491298445,-0.2884470884122063,-0.1956987627941866,80.4473005451879,80.58617929319904,111.16102037382312,107.08536475984464,0.664221529416956,0.664221529416956,0.4712633197539297,0.6048497725975633
P1,leave_chemical_system_out,39,max_delta_volume,0.0134525910977558,0.0134525910977558,0.0216331758696337,0.0216331758696337,0.2209236290680482,0.2209236290680482,-1.311778953305048,-1.311778953305048,0.0156122670324579,0.0156122670324579,0.0268936102918357,0.0268936102918357,0.4428143529446373,0.4428143529446373,-0.5813484521898871,-0.5813484521898871
P1,leave_chemical_system_out,39,stability_charge,0.0346710408470267,0.0346710408470267,0.0463794319274056,0.0463794319274056,-0.491715711316754,-0.491715711316754,-1.7715592267267328,-1.7715592267267328,0.0406348094254196,0.0406348094254196,0.0553882032447803,0.0553882032447803,0.4057070049325169,0.4057070049325169,0.1484293920484818,0.1484293920484818
P1,leave_chemical_system_out,39,stability_discharge,0.0382899936066811,0.0382899936066811,0.044025127470989,0.044025127470989,-0.2115050799705216,-0.2115050799705216,-0.6671884701611386,-0.6671884701611386,0.04351111837064,0.04351111837064,0.0510422694094531,0.0510422694094531,-0.1917212980626223,-0.1917212980626223,-0.4539465573482735,-0.4539465573482735
P1,leave_chemical_system_out,39,stability_worst,0.023998425161563,0.0392109148829718,0.0396599283935889,0.0397887174956161,-0.3168984954977896,-2.011556749281145,-2.517689967124785,-2.093475255860511,0.0305295818820018,0.046167911775247,0.0498968909456519,0.0467916143494456,0.2770681984904993,0.4700264081535257,-0.0519502872169686,-0.089057635229089
P1,leave_chemical_system_out,40,average_voltage,0.3492659460939322,0.3492659460939322,0.1880787900661093,0.1880787900661093,-0.3203274297546841,-0.3203274297546841,0.4786263190041119,0.4786263190041119,0.3812354680573983,0.3812354680573983,0.2395670181865027,0.2395670181865027,0.0908635162076932,0.0908635162076932,0.3149105424732383,0.3149105424732383
P1,leave_chemical_system_out,40,capacity_grav,26.205684788748545,26.205684788748545,35.21290564211338,35.21290564211338,-0.1383047410334781,-0.1383047410334781,-0.9574472825266468,-0.9574472825266468,30.603258863594878,30.603258863594878,40.13131963223936,40.13131963223936,-0.1696013358842119,-0.1696013358842119,0.1319121501321648,0.1319121501321648
P1,leave_chemical_system_out,40,energy_grav,84.51051156758435,79.56906643982335,109.62248056172496,132.21971315593453,0.1223260354438054,0.0365180129053064,-0.0085429302915245,-0.4413129767843564,114.68718346640216,120.16281099737424,122.94064129671855,146.9695714801687,0.3945717073676544,0.1132682188342478,0.4667646380532189,0.4095081757853573
P1,leave_chemical_system_out,40,max_delta_volume,0.0094941681831474,0.0094941681831474,0.0155995553123286,0.0155995553123286,-0.8105387380780154,-0.8105387380780154,-3.1103362001293275,-3.1103362001293275,0.0114222859624231,0.0114222859624231,0.0172102742518894,0.0172102742518894,-0.084639987700317,-0.084639987700317,0.3460281850101196,0.3460281850101196
P1,leave_chemical_system_out,40,stability_charge,0.0233299061737047,0.0233299061737047,0.0207070750221406,0.0207070750221406,0.0430122332385496,0.0430122332385496,-0.205299131134824,-0.205299131134824,0.0270339522199171,0.0270339522199171,0.0303391752444168,0.0303391752444168,0.0535223451634357,0.0535223451634357,-0.1381623328637528,-0.1381623328637528
P1,leave_chemical_system_out,40,stability_discharge,0.0353021242966139,0.0353021242966139,0.034622407061785,0.034622407061785,-0.320188628083387,-0.320188628083387,-0.257407486986497,-0.257407486986497,0.0373124038356076,0.0373124038356076,0.0364144082110853,0.0364144082110853,0.2551646688024264,0.2551646688024264,-0.0485435223575347,-0.0485435223575347
P1,leave_chemical_system_out,40,stability_worst,0.0323086987934403,0.0265487396542079,0.0290349778007374,0.0298415722873596,-0.585343486734722,0.0204126701906002,-0.0967176951191333,-0.1681308261476268,0.037968618776572,0.0298459008514752,0.031579884526493,0.0325918381303684,-0.0261388197309802,0.1257152758490003,-0.0908635162076932,-0.0161811741191782
P1,leave_chemical_system_out,41,average_voltage,0.4828039865850458,0.4828039865850458,0.5126090296963637,0.5126090296963637,0.035577936173839,0.035577936173839,0.003409271532285,0.003409271532285,0.7333404905775649,0.7333404905775649,0.745470594672027,0.745470594672027,0.3380394074539575,0.3380394074539575,0.1660544457668563,0.1660544457668563
P1,leave_chemical_system_out,41,capacity_grav,42.21128123977051,42.21128123977051,44.86161211558056,44.86161211558056,0.2571917220419275,0.2571917220419275,0.1670151664255559,0.1670151664255559,53.46929971717161,53.46929971717161,56.62193095117835,56.62193095117835,0.5623300135201496,0.5623300135201496,0.5029811994283132,0.5029811994283132
P1,leave_chemical_system_out,41,energy_grav,183.01028728663545,191.2582159060202,168.81091785609345,180.1445825133862,0.1893342942785416,0.1665057748259643,0.2391572994781207,0.159982741459996,221.39801445610357,224.49367980393373,214.4866471370625,225.3704260189777,0.5189201430214261,0.4596149838189775,0.5574684965030177,0.4181013723772633
P1,leave_chemical_system_out,41,max_delta_volume,0.0189526880412095,0.0189526880412095,0.0197071808159002,0.0197071808159002,0.1075107839882981,0.1075107839882981,0.1770574198712188,0.1770574198712188,0.0261956669059563,0.0261956669059563,0.0251543290538602,0.0251543290538602,0.5426422067024055,0.5426422067024055,0.6434609773465684,0.6434609773465684
P1,leave_chemical_system_out,41,stability_charge,0.0419203959300022,0.0419203959300022,0.035537561247722,0.035537561247722,-3.0965619585669204,-3.0965619585669204,-1.6706131716875494,-1.6706131716875494,0.0486716150996884,0.0486716150996884,0.0392980940232238,0.0392980940232238,-0.3350741494938351,-0.3350741494938351,0.204602799248448,0.204602799248448
P1,leave_chemical_system_out,41,stability_discharge,0.026701165049841,0.026701165049841,0.0276811604076702,0.0276811604076702,-0.0274651688233065,-0.0274651688233065,0.0967993769932046,0.0967993769932046,0.0360930414499512,0.0360930414499512,0.0338401313768682,0.0338401313768682,0.2179464600689989,0.2179464600689989,0.3573135841947534,0.3573135841947534
P1,leave_chemical_system_out,41,stability_worst,0.0330055591698204,0.0398300007348645,0.0239167162537577,0.0342397129017862,-1.4858628452478206,-2.199796747770014,-0.2196141643831124,-1.1148702852007255,0.0409347702469462,0.0464424339252335,0.0286724632872333,0.0377568403157961,-0.0163089187806733,0.3098694568327944,0.6212215426456501,0.3602788421548758
P1,leave_chemical_system_out,42,average_voltage,0.7996965319549061,0.7996965319549061,0.5770526122553499,0.5770526122553499,-0.9675809590905228,-0.9675809590905228,-0.3411850647819408,-0.3411850647819408,1.0577178556490423,1.0577178556490423,0.8732686804762256,0.8732686804762256,-0.7336829442276837,-0.7336829442276837,0.0461342216451484,0.0461342216451484
P1,leave_chemical_system_out,42,capacity_grav,28.28552365717416,28.28552365717416,28.798201594081224,28.798201594081224,-2.085279971329157,-2.085279971329157,-2.311719829050348,-2.311719829050348,37.513814479749776,37.513814479749776,38.86607913546288,38.86607913546288,-0.0391566265060241,-0.0391566265060241,-0.4939759036144578,-0.4939759036144578
P1,leave_chemical_system_out,42,energy_grav,68.14563406881331,79.2443354916036,107.93965179975469,110.19727547224004,0.149838378104307,-0.0494628993391876,-0.6955610561742585,-0.7975970032898596,96.35767074083172,107.05799120189512,136.07936114774446,140.1140584987358,0.7574941553993731,0.7991637749498298,0.334845157101884,0.2753171291726602
P1,leave_chemical_system_out,42,max_delta_volume,0.0147466563740954,0.0147466563740954,0.0324512656731449,0.0324512656731449,0.2339791500554598,0.2339791500554598,-2.536285086452249,-2.536285086452249,0.0177143700900951,0.0177143700900951,0.0380608999684025,0.0380608999684025,0.754517754002912,0.754517754002912,0.0639926300239156,0.0639926300239156
P1,leave_chemical_system_out,42,stability_charge,0.0860996632958327,0.0860996632958327,0.0845067979039922,0.0845067979039922,-0.0829330991632459,-0.0829330991632459,-0.0534258991693397,-0.0534258991693397,0.2315471635772,0.2315471635772,0.2283708388637156,0.2283708388637156,-0.0297859234368202,-0.0297859234368202,-0.0968042511696658,-0.0968042511696658
P1,leave_chemical_system_out,42,stability_discharge,0.0724360070652592,0.0724360070652592,0.076374052295484,0.076374052295484,-0.0446645443607631,-0.0446645443607631,-0.0372520880653604,-0.0372520880653604,0.2463684671528249,0.2463684671528249,0.2454928528185996,0.2454928528185996,0.1940376314265832,0.1940376314265832,0.1671708824598255,0.1671708824598255
P1,leave_chemical_system_out,42,stability_worst,0.0809030719666429,0.0870935813606058,0.0862908474095379,0.0855007159687653,-0.0634877688654693,-0.0823586180323461,-0.0239102185037649,-0.053462494220192,0.2334071196431235,0.2354688372459159,0.2290228359328699,0.2323043748369248,-0.11765439757544,-0.0297859234368202,0.1489296171841013,-0.0968042511696658
P1,leave_chemical_system_out,43,average_voltage,0.5098132203349082,0.5098132203349082,0.4670507408501009,0.4670507408501009,0.1772602503935205,0.1772602503935205,0.2790528737652231,0.2790528737652231,0.6263740547711677,0.6263740547711677,0.586346352406061,0.586346352406061,0.6623005560756181,0.6623005560756181,0.6826790347240987,0.6826790347240987
P1,leave_chemical_system_out,43,capacity_grav,47.28929979401907,47.28929979401907,49.95569231110892,49.95569231110892,0.0494960512745183,0.0494960512745183,-0.1292778500409155,-0.1292778500409155,52.87785348796086,52.87785348796086,57.63645476703461,57.63645476703461,0.2261919333169828,0.2261919333169828,0.127489998778663,0.127489998778663
P1,leave_chemical_system_out,43,energy_grav,175.2066954648908,175.50835441552903,183.1989854008189,182.08213205227204,0.1492811149707342,0.1723242039272401,0.0603424306653269,0.0282117326156589,212.89009661863676,209.9870680693745,223.74185295989565,227.5350196504973,0.4483265302665722,0.4483265302665722,0.4075695729696111,0.36681261567265
P1,leave_chemical_system_out,43,max_delta_volume,0.023557002340691,0.023557002340691,0.0208798574559808,0.0208798574559808,-0.0898336340609595,-0.0898336340609595,0.0241552662794605,0.0241552662794605,0.0285519220756579,0.0285519220756579,0.0270175278381043,0.0270175278381043,-0.0285298701078727,-0.0285298701078727,0.2649202224302472,0.2649202224302472
P1,leave_chemical_system_out,43,stability_charge,0.017505246530563,0.017505246530563,0.0250255884231067,0.0250255884231067,0.3726120937247569,0.3726120937247569,-0.6239270146640075,-0.6239270146640075,0.0192025587799934,0.0192025587799934,0.0308940101591584,0.0308940101591584,0.7234359920210598,0.7234359920210598,0.4992727268877737,0.4992727268877737
P1,leave_chemical_system_out,43,stability_discharge,0.0148683256613114,0.0148683256613114,0.0268538245278906,0.0268538245278906,0.1762466074367903,0.1762466074367903,-1.0861067272686542,-1.0861067272686542,0.018037114767192,0.018037114767192,0.0287036233333692,0.0287036233333692,0.8395933203173991,0.8395933203173991,0.3871910943211306,0.3871910943211306
P1,leave_chemical_system_out,43,stability_worst,0.0163584597833634,0.0160176781701566,0.0413545656286234,0.0233422885917181,0.1473183164700601,0.3899045380629665,-2.5810881372046546,-0.5534675524685926,0.0208669465393478,0.0176507975485863,0.0427634702950471,0.0281654393180858,0.835517624587703,0.835517624587703,0.3912667900508267,0.6317328381028974
P1,leave_chemical_system_out,44,average_voltage,0.6074332891171863,0.6074332891171863,0.7723278293883593,0.7723278293883593,-1.9250998453255412,-1.9250998453255412,-3.596767875373944,-3.596767875373944,0.7157477167385108,0.7157477167385108,0.8972550485371665,0.8972550485371665,0.077621881019015,0.077621881019015,0.0234670803080743,0.0234670803080743
P1,leave_chemical_system_out,44,capacity_grav,27.28864969273179,27.28864969273179,31.13609335162264,31.13609335162264,-0.0299852673503167,-0.0299852673503167,-0.1086315335582102,-0.1086315335582102,39.78047371048287,39.78047371048287,41.271291341704455,41.271291341704455,0.5714519301103667,0.5714519301103667,0.4484812616056042,0.4484812616056042
P1,leave_chemical_system_out,44,energy_grav,132.29682039890656,129.069672357354,137.0120753630055,135.69253800948985,-0.530305859396337,-0.6319101252466375,-0.5788606045216114,-0.7828146277023136,172.45626489979065,178.08936023356878,175.170814550013,186.14138869734893,0.5271067269198234,0.4837828863510707,0.0505444806635447,0.0613754408057328
P1,leave_chemical_system_out,44,max_delta_volume,0.0507745691592319,0.0507745691592319,0.0190814453392339,0.0190814453392339,-4.273777392690476,-4.273777392690476,-0.0067838987740271,-0.0067838987740271,0.0567518069069724,0.0567518069069724,0.0247963025706217,0.0247963025706217,0.2978514039101741,0.2978514039101741,0.0992838013033913,0.0992838013033913
P1,leave_chemical_system_out,44,stability_charge,0.0938563767392563,0.0938563767392563,0.0748018636945732,0.0748018636945732,-7.526472381628578,-7.526472381628578,-5.407956781025495,-5.407956781025495,0.1003452484427513,0.1003452484427513,0.0869905155509394,0.0869905155509394,0.0685960809005249,0.0685960809005249,0.0072206400947921,0.0072206400947921
P1,leave_chemical_system_out,44,stability_discharge,0.0391367119978816,0.0391367119978816,0.0527838967992829,0.0527838967992829,-1.1181358334815634,-1.1181358334815634,-2.910896617727848,-2.910896617727848,0.0452399054165832,0.0452399054165832,0.0614727939650572,0.0614727939650572,0.1678798822039163,0.1678798822039163,-0.4567054859956003,-0.4567054859956003
P1,leave_chemical_system_out,44,stability_worst,0.0832091585799843,0.0872385170067142,0.0838343657812986,0.068184003962031,-7.018065538603921,-7.892896887780648,-8.386198730300784,-5.469241780538358,0.0886102338933537,0.0933191362544195,0.0958724784239788,0.0795931647658362,0.496419006516957,-0.0595702807820348,-0.0523496406872427,-0.0198567602606782
P1,leave_chemical_system_out,45,average_voltage,0.5381171613880212,0.5381171613880212,0.3414955884750565,0.3414955884750565,-1.4280297528905543,-1.4280297528905543,-0.0718487762291439,-0.0718487762291439,0.6401043725151343,0.6401043725151343,0.4252952673425375,0.4252952673425375,0.5085912950360209,0.5085912950360209,0.4833420818072822,0.4833420818072822
P1,leave_chemical_system_out,45,capacity_grav,42.98538849421492,42.98538849421492,54.61908162393498,54.61908162393498,-0.1157530150874484,-0.1157530150874484,-0.5063204169474833,-0.5063204169474833,53.38336373752325,53.38336373752325,62.026972267938994,62.026972267938994,0.0831102445067281,0.0831102445067281,0.0469753555907593,0.0469753555907593
P1,leave_chemical_system_out,45,energy_grav,118.04950215329328,118.76337340980368,135.61175687812437,163.64809033999308,0.1567734551979015,0.1283706396544935,0.0153917230734265,-0.2131268812857181,158.30041086317598,160.9443860797043,171.0573140164689,189.87291606292555,0.4779315361154096,0.4779315361154096,0.3336503176654747,0.423826079196684
P1,leave_chemical_system_out,45,max_delta_volume,0.0300092701171376,0.0300092701171376,0.0672507339374508,0.0672507339374508,-0.1841930800723485,-0.1841930800723485,-4.6304743264962624,-4.6304743264962624,0.03373014328898,0.03373014328898,0.0735494480512533,0.0735494480512533,-0.057712487379974,-0.057712487379974,0.0613195178412223,0.0613195178412223
P1,leave_chemical_system_out,45,stability_charge,0.020162685504243,0.020162685504243,0.0645341531085387,0.0645341531085387,-0.4905084757245825,-0.4905084757245825,-8.938023078437094,-8.938023078437094,0.0291868121997669,0.0291868121997669,0.0753649541328443,0.0753649541328443,-0.2687237693630039,-0.2687237693630039,-0.2290464342892718,-0.2290464342892718
P1,leave_chemical_system_out,45,stability_discharge,0.0347202414133072,0.0347202414133072,0.045465544611396,0.045465544611396,-0.4758099391864443,-0.4758099391864443,-1.4238550423829328,-1.4238550423829328,0.0394862334092977,0.0394862334092977,0.0506038797060952,0.0506038797060952,0.5212159016503902,0.5212159016503902,0.5717143281078674,0.5717143281078674
P1,leave_chemical_system_out,45,stability_worst,0.0223525725312709,0.0157426630759196,0.0794610866518623,0.0550094693743466,-1.1522199670144202,-0.1908973896860883,-21.492753729748863,-12.548087031926576,0.0266822180668835,0.0198479552821062,0.0862581054612295,0.0669449143184029,-0.3607030461248374,-0.2200288581361508,-0.3390608633573472,-0.3643100765860859
P1,leave_chemical_system_out,46,average_voltage,0.6231763072369011,0.6231763072369011,0.5608680275636426,0.5608680275636426,-0.4351664429859103,-0.4351664429859103,-0.304603131648965,-0.304603131648965,0.7992373579822092,0.7992373579822092,0.7620155753512426,0.7620155753512426,,,,
P1,leave_chemical_system_out,46,capacity_grav,10.196529874572777,10.196529874572777,22.05736971832277,22.05736971832277,-3.2176915531800915e+28,-3.2176915531800915e+28,-1.5057298634166887e+29,-1.5057298634166887e+29,10.196529874572777,10.196529874572777,22.05736971832277,22.05736971832277,,,,
P1,leave_chemical_system_out,46,energy_grav,83.12049057905391,75.18089503868933,50.239668571892345,54.11064044628593,-0.1865895951281502,-0.1230335605352501,-0.0066857574957652,-0.0170010154479669,122.89863747605244,119.5619990100579,113.19930548463876,113.77778989430712,,,,
P1,leave_chemical_system_out,46,max_delta_volume,0.0400205823458788,0.0400205823458788,0.0318266275204775,0.0318266275204775,-74.83156115402281,-74.83156115402281,-47.325939138679885,-47.325939138679885,0.0402870993440309,0.0402870993440309,0.0321611190971297,0.0321611190971297,,,,
P1,leave_chemical_system_out,46,stability_charge,0.0539986795019945,0.0539986795019945,0.0516787927182357,0.0516787927182357,-0.0579194662451731,-0.0579194662451731,-0.0422954081655255,-0.0422954081655255,0.0786496022479849,0.0786496022479849,0.0780666671390701,0.0780666671390701,,,,
P1,leave_chemical_system_out,46,stability_discharge,0.0366332532224336,0.0366332532224336,0.0585881634312152,0.0585881634312152,-0.0083464186870723,-0.0083464186870723,-0.2387549481594415,-0.2387549481594415,0.0640327483376741,0.0640327483376741,0.070972477132162,0.070972477132162,,,,
P1,leave_chemical_system_out,46,stability_worst,0.0719375919264988,0.0645441642366286,0.0705906769595977,0.0632150829794443,-0.0159061640904194,-0.0003513507800265,-0.0113546708365315,-3.1135349876088014e-07,0.0946382839702785,0.093910973071001,0.0944260453453777,0.0938944941874925,,,,
P1,leave_chemical_system_out,47,average_voltage,0.2649993396697698,0.2649993396697698,0.21107995198602,0.21107995198602,-0.6153615310910476,-0.6153615310910476,-0.00031113991799,-0.00031113991799,0.3468159744096687,0.3468159744096687,0.2729177470630346,0.2729177470630346,0.5017452060042543,0.5017452060042543,0.2819330205166763,0.2819330205166763
P1,leave_chemical_system_out,47,capacity_grav,49.39038016829111,49.39038016829111,50.796850264349935,50.796850264349935,-0.1337659399610313,-0.1337659399610313,-0.1428037032346698,-0.1428037032346698,56.44513688547515,56.44513688547515,56.669665231286906,56.669665231286906,0.3343191585036276,0.3343191585036276,0.4882502818434273,0.4882502818434273
P1,leave_chemical_system_out,47,energy_grav,170.2443719547612,172.19872637719422,197.16818011621265,183.2997217770664,0.0603333101984612,0.0469798907419503,-0.3110342729663282,-0.1067944216452958,189.4350141297629,190.77627778943835,223.7589221386196,205.59228791465137,0.3273290153456326,0.2843222834024109,0.3607786957459163,0.3607786957459163
P1,leave_chemical_system_out,47,max_delta_volume,0.0288058755393674,0.0288058755393674,0.0206642599723508,0.0206642599723508,0.2609160702406844,0.2609160702406844,0.6416120703931316,0.6416120703931316,0.0341226337811287,0.0341226337811287,0.0237614179099872,0.0237614179099872,0.2986578607168181,0.2986578607168181,0.2986578607168181,0.2986578607168181
P1,leave_chemical_system_out,47,stability_charge,0.0246157673354928,0.0246157673354928,0.0539230459524962,0.0539230459524962,-2.157987364187448,-2.157987364187448,-9.263916962371702,-9.263916962371702,0.0308542362407673,0.0308542362407673,0.0556245065553102,0.0556245065553102,0.6948448540829056,0.6948448540829056,0.6948448540829056,0.6948448540829056
P1,leave_chemical_system_out,47,stability_discharge,0.0099243770643648,0.0099243770643648,0.0180516518543452,0.0180516518543452,0.6060634543318781,0.6060634543318781,-0.3159798483948812,-0.3159798483948812,0.0119490900720472,0.0119490900720472,0.0218396823862516,0.0218396823862516,0.728331353074853,0.728331353074853,0.4413042188581622,0.4413042188581622
P1,leave_chemical_system_out,47,stability_worst,0.0296826184402076,0.0165580556484168,0.0525254657832097,0.046167950818527,-1.666810758856812,0.0570399079590187,-5.5365113279809,-4.068333026489098,0.034199800194581,0.0203364023629547,0.0535427260135448,0.047147648952468,0.828790850050695,0.828790850050695,0.828790850050695,0.828790850050695
P1,leave_chemical_system_out,48,average_voltage,0.1909652972716972,0.1909652972716972,0.1965311674712523,0.1965311674712523,0.7846986588613496,0.7846986588613496,0.7723798353945455,0.7723798353945455,0.2404173721915341,0.2404173721915341,0.2471996462343479,0.2471996462343479,0.8691650832198794,0.8691650832198794,0.780019946479379,0.780019946479379
P1,leave_chemical_system_out,48,capacity_grav,40.14474730121718,40.14474730121718,40.52932562576984,40.52932562576984,-0.1380999492731254,-0.1380999492731254,-0.1505627363654154,-0.1505627363654154,48.84073507644467,48.84073507644467,49.10742271324164,49.10742271324164,-0.3180166861830572,-0.3180166861830572,-0.0836886016271203,-0.0836886016271203
P1,leave_chemical_system_out,48,energy_grav,164.7647142478491,166.69697930944767,170.83876332767247,171.50269436733592,0.0192495953872683,0.0482953014491259,0.0515943667838122,0.0688071895636154,205.8936624874825,202.82189577268124,202.47005156678867,200.624301703111,0.0501441394165315,0.2284344128975324,0.3342942627768767,0.1504324182495945
P1,leave_chemical_system_out,48,max_delta_volume,0.0140976262468425,0.0140976262468425,0.0172585345687911,0.0172585345687911,-0.423151099671855,-0.423151099671855,-1.0959163687463782,-1.0959163687463782,0.0197223836859389,0.0197223836859389,0.023934307798863,0.023934307798863,-0.2089339142355479,-0.2089339142355479,-0.2367917694669543,-0.2367917694669543
P1,leave_chemical_system_out,48,stability_charge,0.0159979573670801,0.0159979573670801,0.014561644459572,0.014561644459572,-1.1147126967212455,-1.1147126967212455,-0.5719070346715305,-0.5719070346715305,0.0208840322406603,0.0208840322406603,0.0180053719512959,0.0180053719512959,0.4206536139942364,0.4206536139942364,0.4373683271330803,0.4373683271330803
P1,leave_chemical_system_out,48,stability_discharge,0.0229598120421021,0.0229598120421021,0.0211160303322588,0.0211160303322588,-0.1708450553312046,-0.1708450553312046,-0.0642739305093278,-0.0642739305093278,0.0266679718850551,0.0266679718850551,0.0254253527842842,0.0254253527842842,0.1504324182495945,0.1504324182495945,-0.0055715710462812,-0.0055715710462812
P1,leave_chemical_system_out,48,stability_worst,0.025211233217312,0.0170874753604998,0.0158260231019583,0.0135851534041518,-1.4071971278309343,-0.2317282623012446,-0.2369830907897956,0.1294234368955699,0.0289850389407038,0.0207336380707561,0.0207778181709673,0.017430969602763,-0.0780019946479378,0.1114314209256255,0.1782902734810009,0.2618638391752201
P1,leave_chemical_system_out,49,average_voltage,0.6332005483863405,0.6332005483863405,0.5023880380787085,0.5023880380787085,0.1205771810119423,0.1205771810119423,0.4733813306191889,0.4733813306191889,0.7563792571763465,0.7563792571763465,0.5853139444671506,0.5853139444671506,0.6754107797787575,0.6754107797787575,0.6923666989363833,0.6923666989363833
P1,leave_chemical_system_out,49,capacity_grav,51.20809528530255,51.20809528530255,56.848552323174935,56.848552323174935,-1.6493845289473077,-1.6493845289473077,-2.0367204276104887,-2.0367204276104887,60.58382979835604,60.58382979835604,64.86144671006258,64.86144671006258,0.3898469327205355,0.3898469327205355,0.1963462653847953,0.1963462653847953
P1,leave_chemical_system_out,49,energy_grav,138.52162029248953,124.7000330967263,128.60964748168865,191.952265983792,-0.0136623782928009,0.2187325986375193,0.1786616584544041,-0.6603757673699384,185.09626922847252,162.49905997597384,166.6142143848489,236.89407268487304,0.6641068336736737,0.6584548606211318,0.5680232917804614,0.5680232917804614
P1,leave_chemical_system_out,49,max_delta_volume,0.0500792255112457,0.0500792255112457,0.0422423579052488,0.0422423579052488,-0.0274199839122681,-0.0274199839122681,0.0119808952245252,0.0119808952245252,0.0600879517744824,0.0600879517744824,0.0589245218708633,0.0589245218708633,0.1045615014720252,0.1045615014720252,0.6188910492533385,0.6188910492533385
P1,leave_chemical_system_out,49,stability_charge,0.0318158156966676,0.0318158156966676,0.0430711323138094,0.0430711323138094,-0.0039628919759608,-0.0039628919759608,-0.6820438963309856,-0.6820438963309856,0.0416035639447467,0.0416035639447467,0.053850577867306,0.053850577867306,0.1639072185237152,0.1639072185237152,0.2147749759965923,0.2147749759965923
P1,leave_chemical_system_out,49,stability_discharge,0.0609615616335625,0.0609615616335625,0.0645135022786209,0.0645135022786209,-0.4439501573251068,-0.4439501573251068,-0.6077505259640319,-0.6077505259640319,0.0766841698275191,0.0766841698275191,0.0809168465435821,0.0809168465435821,-0.5567193456753775,-0.5567193456753775,-0.1441253128398185,-0.1441253128398185
P1,leave_chemical_system_out,49,stability_worst,0.0476895799820923,0.04945341667769,0.066845762880469,0.0713134479426207,-0.6358686430436364,-0.7018548106395903,-1.7757790147608097,-2.080840750909651,0.0597297975977653,0.0609225513260862,0.0778053164226281,0.0819693430253643,-0.2006450433652375,0.0649976901042319,-0.0423897978940642,-0.1102134745245671
P1,leave_chemical_system_out,50,average_voltage,0.4924253140242334,0.4924253140242334,1.0654462748786722,1.0654462748786722,0.0651361998562407,0.0651361998562407,-2.2865834775317824,-2.2865834775317824,0.6087422087251076,0.6087422087251076,1.1413834680460022,1.1413834680460022,0.7591722633231072,0.7591722633231072,0.7591722633231072,0.7591722633231072
P1,leave_chemical_system_out,50,capacity_grav,46.59107721262652,46.59107721262652,44.53575410776046,44.53575410776046,0.0696155353959335,0.0696155353959335,0.1860602747938616,0.1860602747938616,51.6475796502702,51.6475796502702,48.30753438562748,48.30753438562748,0.7206406148407557,0.7206406148407557,0.7206406148407557,0.7206406148407557
P1,leave_chemical_system_out,50,energy_grav,187.28511531518976,191.6189877924033,182.7639921775137,222.2057635820329,0.0005663269623958,-0.0482976418906717,-0.0916737654130372,-0.6441014183994644,215.73303763910803,220.9438788973367,225.4686199601068,276.69669503361865,0.6647297808044431,0.7954962950610549,0.6647297808044431,0.8536147458417712
P1,leave_chemical_system_out,50,max_delta_volume,0.038083960930003,0.038083960930003,0.0452464295881709,0.0452464295881709,-0.2155762003701506,-0.2155762003701506,-0.7789858425902889,-0.7789858425902889,0.0524671207490311,0.0524671207490311,0.063472029311158,0.063472029311158,0.1852525618635333,0.1852525618635333,-0.5339632665478313,-0.5339632665478313
P1,leave_chemical_system_out,50,stability_charge,0.0264883441499986,0.0264883441499986,0.0976377142109127,0.0976377142109127,-0.469832741307806,-0.469832741307806,-14.365036457360729,-14.365036457360729,0.0311986851210622,0.0311986851210622,0.100871651157036,0.100871651157036,0.2288413999490706,0.2288413999490706,0.2143117872538915,0.2143117872538915
P1,leave_chemical_system_out,50,stability_discharge,0.0386357733593843,0.0386357733593843,0.0425824066931565,0.0425824066931565,-0.4490906738449807,-0.4490906738449807,-0.8974909015391146,-0.8974909015391146,0.0448683838327002,0.0448683838327002,0.0513431484477355,0.0513431484477355,-0.730113037932749,-0.730113037932749,0.4177263649863987,0.4177263649863987
P1,leave_chemical_system_out,50,stability_worst,0.0301582221955367,0.022075187888772,0.0380616521464469,0.0885238744941038,-0.6813772667008302,0.1757960715201705,-1.6374196335209557,-10.419120128027355,0.0349239374767758,0.0244516379442192,0.0437401465583789,0.0910137350220565,0.6138761363713163,0.6138761363713163,0.4831096221147046,0.4831096221147046
P1,leave_chemical_system_out,51,average_voltage,0.6831637632361192,0.6831637632361192,0.4002622774751123,0.4002622774751123,-1.583112304394639,-1.583112304394639,0.0678978064996866,0.0678978064996866,0.7519758088538697,0.7519758088538697,0.4517144571862513,0.4517144571862513,0.5599158609443893,0.5599158609443893,0.5599158609443893,0.5599158609443893
P1,leave_chemical_system_out,51,capacity_grav,77.28118600794528,77.28118600794528,76.30602604497328,76.30602604497328,-0.0083576224970451,-0.0083576224970451,0.0094477963643236,0.0094477963643236,83.51291298174047,83.51291298174047,82.77230013265353,82.77230013265353,0.1574242790547121,0.1574242790547121,0.1574242790547121,0.1574242790547121
P1,leave_chemical_system_out,51,energy_grav,214.50039784830665,232.175153562839,201.46857322667844,207.63198468501176,-0.2834602467175839,-0.4578829079713147,-0.0598022799747215,-0.112078729753261,255.1456807346676,271.93075727585733,231.85124625446608,237.50063605918984,-0.4222316328433099,0.1285052795610073,-0.1468631766411512,-0.4222316328433099
P1,leave_chemical_system_out,51,max_delta_volume,0.0649216118573071,0.0649216118573071,0.062732614127152,0.062732614127152,0.0876261686956222,0.0876261686956222,-0.109457542449415,-0.109457542449415,0.0708304935707834,0.0708304935707834,0.0781068640454318,0.0781068640454318,0.4497684784635258,0.4497684784635258,0.4497684784635258,0.4497684784635258
P1,leave_chemical_system_out,51,stability_charge,0.0617933878559021,0.0617933878559021,0.0177424462705773,0.0177424462705773,-29.955676111504747,-29.955676111504747,-2.203462929213966,-2.203462929213966,0.0646488025510647,0.0646488025510647,0.020796975943601,0.020796975943601,-0.0917894854007195,-0.0917894854007195,-0.0734315883205756,-0.0734315883205756
P1,leave_chemical_system_out,51,stability_discharge,0.0232523844141698,0.0232523844141698,0.0218391011198591,0.0218391011198591,-0.2805627001428401,-0.2805627001428401,-0.1779709507689326,-0.1779709507689326,0.0286615157399364,0.0286615157399364,0.0274894480869378,0.0274894480869378,0.0183578970801439,0.0183578970801439,-0.0091789485400719,-0.0091789485400719
P1,leave_chemical_system_out,51,stability_worst,0.0529124719863956,0.0552455433796669,0.0246048360283995,0.0148177979905084,-16.307507082743403,-17.590427252062764,-3.5470218282034,-0.7306380639972305,0.0558793122912178,0.0579133222166956,0.0286416024997097,0.0176700150462092,0.3396210959826623,0.3396210959826623,0.3396210959826623,-0.2845474047422306
P1,leave_chemical_system_out,52,average_voltage,0.51316971648285,0.51316971648285,0.3598446066674325,0.3598446066674325,-1.9822995457539,-1.9822995457539,-0.6504129378313683,-0.6504129378313683,0.6442019409194437,0.6442019409194437,0.4792285768359088,0.4792285768359088,-0.4413316750531582,-0.4413316750531582,-0.2031526758181204,-0.2031526758181204
P1,leave_chemical_system_out,52,capacity_grav,38.94051936522491,38.94051936522491,35.50958288462161,35.50958288462161,-0.2246930931097879,-0.2246930931097879,-0.0572322295554701,-0.0572322295554701,47.87419376593908,47.87419376593908,44.48084572228214,44.48084572228214,0.1891421464513535,0.1891421464513535,0.5183895865703763,0.5183895865703763
P1,leave_chemical_system_out,52,energy_grav,111.97044773325212,111.73612446205613,122.70883581261342,126.76854224679296,0.0272266235729051,0.045077910470896,0.0283247348822196,-0.0609065729420239,145.72801345739154,144.3847005699019,145.6457379911287,152.18637649815693,0.4063053516362408,0.469352733786692,0.5744317040374439,0.5814369687208275
P1,leave_chemical_system_out,52,max_delta_volume,0.0257455962299012,0.0257455962299012,0.0378486473292945,0.0378486473292945,-0.2734286948960878,-0.2734286948960878,-0.9742386751389164,-0.9742386751389164,0.0422621986102363,0.0422621986102363,0.0526216665730813,0.0526216665730813,0.0420315881003007,0.0420315881003007,-0.2031526758181204,-0.2031526758181204
P1,leave_chemical_system_out,52,stability_charge,0.0179947140773392,0.0179947140773392,0.0342220040644818,0.0342220040644818,0.3294168587324616,0.3294168587324616,-0.8001531745826036,-0.8001531745826036,0.0264313629564628,0.0264313629564628,0.0433059902103592,0.0433059902103592,0.7075317330217298,0.7075317330217298,0.5043790572036093,0.5043790572036093
P1,leave_chemical_system_out,52,stability_discharge,0.0225877518552111,0.0225877518552111,0.0217319227738345,0.0217319227738345,-1.2119942310520373,-1.2119942310520373,-0.9686419538194402,-0.9686419538194402,0.026515866889523,0.026515866889523,0.0250148096952825,0.0250148096952825,-0.0105078970250751,-0.0105078970250751,0.2416816315767294,0.2416816315767294
P1,leave_chemical_system_out,52,stability_worst,0.019745241031851,0.0189122130812933,0.0318529506627858,0.0333045050605277,0.3356630029321537,0.287074885092643,-0.3924993980853859,-0.8178718225235777,0.0260984851392995,0.0270360373342696,0.0377849270783573,0.043172053775907,0.6865159389715795,0.7075317330217298,0.2591947932851881,0.5043790572036093
P1,leave_chemical_system_out,53,average_voltage,0.470255424997319,0.470255424997319,0.4474817450897882,0.4474817450897882,0.1293139720518479,0.1293139720518479,0.4148105078307191,0.4148105078307191,0.6286147790886145,0.6286147790886145,0.5153497376035316,0.5153497376035316,0.4368104653781177,0.4368104653781177,0.1425381518602279,0.1425381518602279
P1,leave_chemical_system_out,53,capacity_grav,61.51150446765326,61.51150446765326,45.83647502336026,45.83647502336026,-0.6115891926423498,-0.6115891926423498,0.3586242795911903,0.3586242795911903,79.6169790383555,79.6169790383555,50.22671553907867,50.22671553907867,0.4746745390481789,0.4746745390481789,0.5668443524555922,0.5668443524555922
P1,leave_chemical_system_out,53,energy_grav,187.0457059732064,195.55904839707893,146.79392672733388,153.51110187669158,-0.5051414757359021,-0.5833268876019309,0.3488853978326746,0.2934692897566139,268.29300288985667,275.1731010650033,176.46127069980795,183.81722546182505,0.3724383967960793,0.4827905143652881,0.473594504567854,0.4919865241627221
P1,leave_chemical_system_out,53,max_delta_volume,0.0361674272321191,0.0361674272321191,0.0224091843940883,0.0224091843940883,-2.05649636709448,-2.05649636709448,0.094162374779118,0.094162374779118,0.0505989961572657,0.0505989961572657,0.0275457839453162,0.0275457839453162,0.4598004898717029,0.4598004898717029,0.5701526074409116,0.5701526074409116
P1,leave_chemical_system_out,53,stability_charge,0.0506869405033337,0.0506869405033337,0.1165585754472524,0.1165585754472524,-3.289220429008873,-3.289220429008873,-20.218048102678857,-20.218048102678857,0.0564875897269333,0.0564875897269333,0.1256367160561401,0.1256367160561401,-0.0183920195948681,-0.0183920195948681,-0.5425645780486095,-0.5425645780486095
P1,leave_chemical_system_out,53,stability_discharge,0.0222796343464063,0.0222796343464063,0.044672149059441,0.044672149059441,0.1491274440634514,0.1491274440634514,-1.4718163037262335,-1.4718163037262335,0.0289868585455309,0.0289868585455309,0.0494056923106438,0.0494056923106438,0.3816344065935134,0.3816344065935134,0.3540463772012112,0.3540463772012112
P1,leave_chemical_system_out,53,stability_worst,0.0290388430114094,0.0468810281022981,0.1030889534099527,0.1064862413801921,-0.8829559471451041,-2.9054551132652144,-16.897162102507792,-18.445488903829528,0.0355992434363881,0.0512691968239691,0.1097520837296661,0.1144010793481441,0.17012618125253,-0.3540463772012112,0.1241461322653598,-0.2253022400371344
P1,leave_chemical_system_out,54,average_voltage,1.1396934362856348,1.1396934362856348,1.051623563862983,1.051623563862983,-4.117022829022817,-4.117022829022817,-3.5489293283950865,-3.5489293283950865,1.2157712432123446,1.2157712432123446,1.1462986590077888,1.1462986590077888,0.1207011373963169,0.1207011373963169,-0.2269181383050757,-0.2269181383050757
P1,leave_chemical_system_out,54,capacity_grav,37.29165097773319,37.29165097773319,34.4422426009697,34.4422426009697,-0.7142784279419119,-0.7142784279419119,-0.5826534480449532,-0.5826534480449532,45.50017868606113,45.50017868606113,43.7185084123275,43.7185084123275,-0.0532296146377912,-0.0532296146377912,-0.2274356261796536,-0.2274356261796536
P1,leave_chemical_system_out,54,energy_grav,168.3262448734902,170.15069944113932,99.23067362000135,133.5711152371001,-7.805985490756182,-7.696847107243963,-2.4458647073506263,-4.373349859853947,187.65792721642975,186.4914174140229,117.38890275240814,146.5886993523019,-0.371759503180656,-0.4972886860728256,-0.5841935049981738,-0.5455691410313525
P1,leave_chemical_system_out,54,max_delta_volume,0.037346632998808,0.037346632998808,0.0344570834697974,0.0344570834697974,-0.4082566802844845,-0.4082566802844845,-0.1133671687038782,-0.1133671687038782,0.0450395722626926,0.0450395722626926,0.0400472365117973,0.0400472365117973,0.014484136487558,0.014484136487558,0.0627645914460847,0.0627645914460847
P1,leave_chemical_system_out,54,stability_charge,0.1484022803484009,0.1484022803484009,0.2256541007501128,0.2256541007501128,-0.1031529109672235,-0.1031529109672235,-1.3847327651388035,-1.3847327651388035,0.1583701407491233,0.1583701407491233,0.2328494971584358,0.2328494971584358,0.4316626317125809,0.4316626317125809,-0.6499190185335487,-0.6499190185335487
P1,leave_chemical_system_out,54,stability_discharge,0.0641105994241333,0.0641105994241333,0.089697525183088,0.089697525183088,0.2635825868385486,0.2635825868385486,-0.0937417303970735,-0.0937417303970735,0.0844631797173101,0.0844631797173101,0.1029349347466597,0.1029349347466597,0.6131617779732899,0.6131617779732899,-0.5455691410313525,-0.5455691410313525
P1,leave_chemical_system_out,54,stability_worst,0.1305014114202315,0.1322406695361733,0.2122837144934209,0.2094924899378852,0.0542868865063265,0.0201762448504008,-1.174597830455364,-1.1917140419208705,0.1436769842815496,0.1462451527425493,0.217869769237485,0.2187255127228513,0.6517861419401112,0.4779765040894149,-0.6517861419401112,-0.6517861419401112
P1,leave_chemical_system_out,55,average_voltage,1.14054535911216,1.14054535911216,0.6474692297190159,0.6474692297190159,-4.316015217433399,-4.316015217433399,-1.2086335132279693,-1.2086335132279693,1.2494989004538728,1.2494989004538728,0.8053869706673588,0.8053869706673588,0.4240036549432889,0.4240036549432889,0.3410464181065585,0.3410464181065585
P1,leave_chemical_system_out,55,capacity_grav,29.415601580281496,29.415601580281496,25.222071584276524,25.222071584276524,0.1414791565209053,0.1414791565209053,0.3172688776294072,0.3172688776294072,32.05567215062966,32.05567215062966,28.586061007953987,28.586061007953987,0.6046577032014432,0.6046577032014432,0.3907019005301633,0.3907019005301633
P1,leave_chemical_system_out,55,energy_grav,161.6042679984728,137.5415737957029,46.71421808633076,66.55702607574841,-4.7058710135614845,-3.4287288343722127,0.4232281065191735,-0.1448164982977731,169.86584530660355,149.65272685935932,54.00663694549953,76.08745002604518,0.5438307748185662,0.3779163011451054,0.7373976607709373,0.6544404239342068
P1,leave_chemical_system_out,55,max_delta_volume,0.0137709598791311,0.0137709598791311,0.0310567863869025,0.0310567863869025,-1.3292100277581955,-1.3292100277581955,-9.237569317716382,-9.237569317716382,0.0162648783533851,0.0162648783533851,0.0340992574301359,0.0340992574301359,0.3640900950056503,0.3640900950056503,0.0691310306972753,0.0691310306972753
P1,leave_chemical_system_out,55,stability_charge,0.03283707002664,0.03283707002664,0.0245733903286156,0.0245733903286156,-2.549813371903344,-2.549813371903344,-0.6365175957157008,-0.6365175957157008,0.0397960863700519,0.0397960863700519,0.0270207838772063,0.0270207838772063,-0.7737236417493674,-0.7737236417493674,0.4457572025600832,0.4457572025600832
P1,leave_chemical_system_out,55,stability_discharge,0.0443072004256099,0.0443072004256099,0.026721185290525,0.026721185290525,-2.2779043128707124,-2.2779043128707124,-0.3012640687906716,-0.3012640687906716,0.0483239123885668,0.0483239123885668,0.0304471517252255,0.0304471517252255,0.3686988303854686,0.3686988303854686,0.6728753654534803,0.6728753654534803
P1,leave_chemical_system_out,55,stability_worst,0.0476869069946736,0.0441492979547472,0.020334037005796,0.027258624561703,-2.8858735172726395,-2.377568453674196,-0.0443192455407499,-0.3282656052525641,0.0522765440568967,0.0487376538064757,0.0271006170702808,0.0305636348460022,0.5622657163378397,0.4240036549432889,0.3594813596258319,0.6083530701360234
P1,leave_chemical_system_out,56,average_voltage,0.6787552975262862,0.6787552975262862,0.6591181896771651,0.6591181896771651,-0.0320824855332162,-0.0320824855332162,-0.0941112167490632,-0.0941112167490632,0.8301200609823521,0.8301200609823521,0.8547014494273066,0.8547014494273066,0.0260405408741611,0.0260405408741611,0.3645675722382567,0.3645675722382567
P1,leave_chemical_system_out,56,capacity_grav,46.572283530212886,46.572283530212886,63.537577326125984,63.537577326125984,-0.1377530976920653,-0.1377530976920653,-0.612072509546417,-0.612072509546417,58.67058531527601,58.67058531527601,69.83750148839,69.83750148839,0.487807839170803,0.487807839170803,0.0,0.0
P1,leave_chemical_system_out,56,energy_grav,246.430061546064,213.6005022198921,107.73878814306327,132.1925991120677,-0.8918968806916288,-0.593106832150158,0.3332705982483168,0.1223145306876343,279.7804225528383,256.73852467682275,166.0899654726905,190.56276487544585,0.130202704370806,0.130202704370806,0.3906081131124179,0.3906081131124179
P1,leave_chemical_system_out,56,max_delta_volume,0.0844396422969494,0.0844396422969494,0.0459521313010707,0.0459521313010707,-3.4505543346951377,-3.4505543346951377,0.0952377501182041,0.0952377501182041,0.1259409458003915,0.1259409458003915,0.0567841504491314,0.0567841504491314,-0.0520810817483223,-0.0520810817483223,0.1432229748078865,0.1432229748078865
P1,leave_chemical_system_out,56,stability_charge,0.0305103157321999,0.0305103157321999,0.0492695450392207,0.0492695450392207,-0.4528082254970225,-0.4528082254970225,-2.626267967476093,-2.626267967476093,0.038474885507587,0.038474885507587,0.0607859401235372,0.0607859401235372,-0.0520810817483223,-0.0520810817483223,-0.260405408741612,-0.260405408741612
P1,leave_chemical_system_out,56,stability_discharge,0.056855316484114,0.056855316484114,0.0495130065038137,0.0495130065038137,-0.6768111226520179,-0.6768111226520179,-0.7451467669758056,-0.7451467669758056,0.0763385211456228,0.0763385211456228,0.0778785125156232,0.0778785125156232,-0.110672298715185,-0.110672298715185,-0.0976520282781044,-0.0976520282781044
P1,leave_chemical_system_out,56,stability_worst,0.0472237990874511,0.0515921503373564,0.0671135583638878,0.0565692407819489,-0.6360475593201786,-0.9243694588735504,-1.6603913359142255,-1.262471034943946,0.0683898764830911,0.074171674725196,0.0872100668942675,0.0804239447449128,-0.2734256791786925,-0.2734256791786925,-0.2473851383045314,-0.2473851383045314
P1,leave_chemical_system_out,57,average_voltage,1.170513289371888,1.170513289371888,1.058807051598254,1.058807051598254,-0.5461759524308216,-0.5461759524308216,-0.4179393031502934,-0.4179393031502934,1.3576331344496184,1.3576331344496184,1.3001150688527972,1.3001150688527972,0.1330420257440779,0.1330420257440779,-0.3104313934028485,-0.3104313934028485
P1,leave_chemical_system_out,57,capacity_grav,47.98532332650937,47.98532332650937,45.74912859672342,45.74912859672342,-0.0336368197350358,-0.0336368197350358,-0.3518812328274192,-0.3518812328274192,57.96222759713955,57.96222759713955,66.28730336529226,66.28730336529226,0.2950233703040218,0.2950233703040218,0.3591588855875047,0.3591588855875047
P1,leave_chemical_system_out,57,energy_grav,138.98187996853613,179.1023999880674,128.68884375861006,140.09803518842253,-0.106005188515917,-0.6782043809126908,-0.2794016421399428,-0.4641628612069242,157.8897252456058,194.49019513464856,169.8160515456946,181.6644633140746,0.4751500919431354,0.4751500919431354,-0.2850900551658813,-0.3484434007582993
P1,leave_chemical_system_out,57,max_delta_volume,0.1113574918376221,0.1113574918376221,0.0937822972362282,0.0937822972362282,-0.1839276236576661,-0.1839276236576661,0.0660109307337424,0.0660109307337424,0.1342161800176163,0.1342161800176163,0.1192101388852108,0.1192101388852108,0.0886946838293852,0.0886946838293852,0.2534133823696722,0.2534133823696722
P1,leave_chemical_system_out,57,stability_charge,0.1368453109304732,0.1368453109304732,0.1555667026563625,0.1555667026563625,-0.5789658655307237,-0.5789658655307237,-0.72443452736517,-0.72443452736517,0.2270664771281369,0.2270664771281369,0.2372957752859833,0.2372957752859833,-0.4347733662232627,-0.4347733662232627,-0.4028047363539052,-0.4028047363539052
P1,leave_chemical_system_out,57,stability_discharge,0.1349693169428689,0.1349693169428689,0.1282607131595607,0.1282607131595607,-3.5298083984815927,-3.5298083984815927,-3.2574443880680866,-3.2574443880680866,0.1513338773492916,0.1513338773492916,0.146713722004275,0.146713722004275,0.2154013750142214,0.2154013750142214,-0.3547787353175411,-0.3547787353175411
P1,leave_chemical_system_out,57,stability_worst,0.1668889364960502,0.1734541169169258,0.2066549542099231,0.1916031530797474,-1.0545387093984546,-1.1702046683375855,-1.6795035784809635,-1.353622062888037,0.2324222421080605,0.2388750929030376,0.2654285856908406,0.2487647756283988,-0.5496746515723335,-0.5496746515723335,-0.619575474315636,-0.6068662338168537
P1,leave_chemical_system_out,58,average_voltage,0.2864140096576105,0.2864140096576105,0.5299009366046872,0.5299009366046872,-0.1070480777569009,-0.1070480777569009,-0.6465802429942982,-0.6465802429942982,0.4430561846626136,0.4430561846626136,0.5403398678717588,0.5403398678717588,0.4554678697692702,0.4554678697692702,0.6138914766455381,0.6138914766455381
P1,leave_chemical_system_out,58,capacity_grav,47.24606241887421,47.24606241887421,80.88626186820147,80.88626186820147,-6.73869497829969,-6.73869497829969,-20.743930490106443,-20.743930490106443,49.579823702320674,49.579823702320674,83.10748484523289,83.10748484523289,0.8790490729915326,0.8790490729915326,-0.1137592917989042,-0.1137592917989042
P1,leave_chemical_system_out,58,energy_grav,228.03929311151083,175.79108008525213,212.05970937127643,229.53224355096395,-12.541920779033378,-7.356178642368258,-10.758556819090618,-12.623206364974116,234.86303283528875,184.49236083130847,218.8525147794983,235.56686269582423,0.4059604926204365,0.4059604926204365,0.4059604926204365,0.4059604926204365
P1,leave_chemical_system_out,58,max_delta_volume,0.0511446683427971,0.0511446683427971,0.0382905209539754,0.0382905209539754,-15.666063187690224,-15.666063187690224,-7.44222390710496,-7.44222390710496,0.0587966435764571,0.0587966435764571,0.0418470122520424,0.0418470122520424,-0.8416254115301731,-0.8416254115301731,-0.8218224606706397,-0.8218224606706397
P1,leave_chemical_system_out,58,stability_charge,0.0377178525170169,0.0377178525170169,0.032876098511002,0.032876098511002,-23.477638434727755,-23.477638434727755,-18.68809018141496,-18.68809018141496,0.0380522098774541,0.0380522098774541,0.0341269063528438,0.0341269063528438,0.0099014754297667,0.0099014754297667,-0.346551640041836,-0.346551640041836
P1,leave_chemical_system_out,58,stability_discharge,0.0744236273607517,0.0744236273607517,0.0503036376212277,0.0503036376212277,-19.9918807633558,-19.9918807633558,-9.09319346104812,-9.09319346104812,0.0763809549587551,0.0763809549587551,0.052963137838376,0.052963137838376,-0.1287191805869676,-0.1287191805869676,0.1287191805869676,0.1287191805869676
P1,leave_chemical_system_out,58,stability_worst,0.0643592809876285,0.0377178525170169,0.0171123250811991,0.032876098511002,-69.79171503397563,-23.477638434727755,-4.442686054233508,-18.68809018141496,0.0647122265263869,0.0380522098774541,0.0179432772523576,0.0341269063528438,0.2475368857441685,0.0099014754297667,-0.1485221314465011,-0.346551640041836
P1,leave_chemical_system_out,59,average_voltage,0.322997681515165,0.322997681515165,0.3295595963861268,0.3295595963861268,0.2029134319807813,0.2029134319807813,0.1708910654294265,0.1708910654294265,0.3842840012550507,0.3842840012550507,0.3919271561444915,0.3919271561444915,0.4746444525345673,0.4746444525345673,0.6272087408492496,0.6272087408492496
P1,leave_chemical_system_out,59,capacity_grav,37.87811256840021,37.87811256840021,36.63190861603477,36.63190861603477,-0.3961571513375552,-0.3961571513375552,-0.2384812677588685,-0.2384812677588685,48.19521953148798,48.19521953148798,45.39223128981303,45.39223128981303,-0.3744986023065075,-0.3744986023065075,0.1021359824472293,0.1021359824472293
P1,leave_chemical_system_out,59,energy_grav,171.31531796188108,171.84604577221094,173.19679786096964,177.73344264392958,-0.1963267233509251,-0.2294413682681484,-0.2259470023030512,-0.4163417945911036,205.77519203674885,208.6037084040911,208.30704668080543,223.8989975128618,-0.2712254014483241,-0.2373222262672836,0.0508547627715607,0.1525642883146823
P1,leave_chemical_system_out,59,max_delta_volume,0.0129779631215895,0.0129779631215895,0.0164629609772341,0.0164629609772341,0.1606911315323022,0.1606911315323022,-0.0795186629847952,-0.0795186629847952,0.018796896916783,0.018796896916783,0.0213176992634235,0.0213176992634235,0.5933055656682091,0.5933055656682091,0.6272087408492496,0.6272087408492496
P1,leave_chemical_system_out,59,stability_charge,0.0189318006239156,0.0189318006239156,0.0270049682923642,0.0270049682923642,0.2884866144325138,0.2884866144325138,-0.4143163220257406,-0.4143163220257406,0.021629246733439,0.021629246733439,0.0304946135576659,0.0304946135576659,0.4237896897630065,0.4237896897630065,-0.2203706386767634,-0.2203706386767634
P1,leave_chemical_system_out,59,stability_discharge,0.0353840190547119,0.0353840190547119,0.0300167708391028,0.0300167708391028,-0.2503440938610419,-0.2503440938610419,0.0575346411967074,0.0575346411967074,0.0370579306378821,0.0370579306378821,0.0321735578181014,0.0321735578181014,-0.1017095255431215,-0.1017095255431215,0.067806350362081,0.067806350362081
P1,leave_chemical_system_out,59,stability_worst,0.0151668796263381,0.017896614653095,0.0184229380953042,0.0211595909380266,0.2886717638696242,0.0913840560630975,-0.4150399898139292,-0.3939797870237613,0.0178035682015307,0.0201215858100945,0.0251105592456429,0.0249229970826576,0.6950150912113306,0.5424508028966483,-0.0508547627715607,-0.0339031751810405
P1,leave_chemical_system_out,60,average_voltage,0.4816419095422365,0.4816419095422365,0.4913559537472557,0.4913559537472557,-0.2416129208057504,-0.2416129208057504,-0.4583382593283578,-0.4583382593283578,0.5998573308488129,0.5998573308488129,0.6501057298819645,0.6501057298819645,0.3559957467016713,0.3559957467016713,0.3559957467016713,0.3559957467016713
P1,leave_chemical_system_out,60,capacity_grav,63.14279332182802,63.14279332182802,68.9285752770347,68.9285752770347,-0.2972713663904749,-0.2972713663904749,-0.5350529276534979,-0.5350529276534979,71.60145578767204,71.60145578767204,77.88756260535233,77.88756260535233,0.1852416613027486,0.1852416613027486,-0.2099405494764484,-0.2099405494764484
P1,leave_chemical_system_out,60,energy_grav,243.7199536857891,234.18349077729505,295.3162654804596,338.4350780414948,0.0028687035099392,0.065303484276923,-0.2526015330315385,-0.4820837077855071,300.34757538010825,290.7925450801865,336.63124715840434,366.1713179848117,0.1104814386315531,0.2086871618596004,-0.405098608315695,-0.1104814386315531
P1,leave_chemical_system_out,60,max_delta_volume,0.0483757348927453,0.0483757348927453,0.0628583649246767,0.0628583649246767,-0.5746984342757719,-0.5746984342757719,-1.5615762706258662,-1.5615762706258662,0.0682310355748375,0.0682310355748375,0.0870235730417421,0.0870235730417421,0.3559957467016713,0.3559957467016713,-0.1104814386315531,-0.1104814386315531
P1,leave_chemical_system_out,60,stability_charge,0.06468290090223,0.06468290090223,0.0412728244536812,0.0412728244536812,0.4198876746468917,0.4198876746468917,0.882086265674512,0.882086265674512,0.1091775266132529,0.1091775266132529,0.0492220165040736,0.0492220165040736,0.2209628772631063,0.2209628772631063,0.5401314777542601,0.5401314777542601
P1,leave_chemical_system_out,60,stability_discharge,0.0533662514856163,0.0533662514856163,0.0603762423296223,0.0603762423296223,0.2099083559336656,0.2099083559336656,0.4908822591542847,0.4908822591542847,0.1047164358765967,0.1047164358765967,0.0840591962723753,0.0840591962723753,0.7365429242103546,0.7365429242103546,-0.0736542924210354,-0.0736542924210354
P1,leave_chemical_system_out,60,stability_worst,0.0546213418905494,0.0558827773457774,0.0339287358746342,0.0366181086227707,0.3825909926926752,0.4078539738556077,0.9163619575766948,0.9147127383022552,0.1100075675467164,0.1077334309315731,0.040489089531074,0.0408863334933468,0.2209628772631063,0.1473085848420709,0.5401314777542601,0.5401314777542601
P1,leave_chemical_system_out,61,average_voltage,0.2151703694886289,0.2151703694886289,0.398689487994639,0.398689487994639,0.1085673531940665,0.1085673531940665,-1.4098083953567166,-1.4098083953567166,0.3044531562340715,0.3044531562340715,0.500573056255509,0.500573056255509,0.4123930494211612,0.4123930494211612,0.4123930494211612,0.4123930494211612
P1,leave_chemical_system_out,61,capacity_grav,53.56639821211991,53.56639821211991,44.07281644026932,44.07281644026932,-0.604694060926322,-0.604694060926322,-0.0823004420578958,-0.0823004420578958,59.25090859324071,59.25090859324071,48.66007901157872,48.66007901157872,0.4123930494211612,0.4123930494211612,0.4123930494211612,0.4123930494211612
P1,leave_chemical_system_out,61,energy_grav,146.91432264188188,185.3587882790889,126.56683185840352,123.26305845120804,-0.0944029261140952,-0.7500446270152648,-0.2724460821087056,-0.0229347613734254,160.21405147364032,202.59864757360356,172.7554171572729,154.89448274108972,0.2474358296526967,0.2474358296526967,-0.2474358296526967,-0.2474358296526967
P1,leave_chemical_system_out,61,max_delta_volume,0.1260716656902825,0.1260716656902825,0.0689993959600126,0.0689993959600126,-142.72214717316453,-142.72214717316453,-42.22940061161552,-42.22940061161552,0.1272035996996468,0.1272035996996468,0.0697633231746455,0.0697633231746455,0.5773502691896257,0.5773502691896257,0.5773502691896257,0.5773502691896257
P1,leave_chemical_system_out,61,stability_charge,0.0754170597465486,0.0754170597465486,0.0254073436375043,0.0254073436375043,-10.078108036345297,-10.078108036345297,-0.6565067753078422,-0.6565067753078422,0.0785769050096806,0.0785769050096806,0.0303849641995616,0.0303849641995616,0.4123930494211612,0.4123930494211612,0.4123930494211612,0.4123930494211612
P1,leave_chemical_system_out,61,stability_discharge,0.0252975864494244,0.0252975864494244,0.056983553653586,0.056983553653586,-0.4600751613145108,-0.4600751613145108,-4.151849912143514,-4.151849912143514,0.0339104055951895,0.0339104055951895,0.0636981734449105,0.0636981734449105,0.2474358296526967,0.2474358296526967,0.2474358296526967,0.2474358296526967
P1,leave_chemical_system_out,61,stability_worst,0.0889519372806755,0.0711562217996326,0.0623621916250196,0.0345767861083952,-15.068716054822476,-9.55035505197619,-7.307638118927377,-2.08718369100758,0.0912508195636098,0.0739400471332068,0.0656122559912424,0.0399970002838958,0.5773502691896257,0.5773502691896257,0.5773502691896257,0.5773502691896257
P1,leave_chemical_system_out,62,average_voltage,0.3350342617037735,0.3350342617037735,0.3452712269356313,0.3452712269356313,0.1669928151357892,0.1669928151357892,0.1378539755540119,0.1378539755540119,0.3974732187122623,0.3974732187122623,0.4043653305653241,0.4043653305653241,0.4312443460170648,0.4312443460170648,0.2536731447159205,0.2536731447159205
P1,leave_chemical_system_out,62,capacity_grav,47.37535320937229,47.37535320937229,49.2812780064304,49.2812780064304,0.3060664531823912,0.3060664531823912,0.273193280297765,0.273193280297765,53.29453607057581,53.29453607057581,54.54227031640058,54.54227031640058,0.641870207453871,0.641870207453871,0.6161953991557162,0.6161953991557162
P1,leave_chemical_system_out,62,energy_grav,145.37900415956585,139.23963991701214,117.28711668629926,135.3817164093217,0.2716073035893189,0.2712154822169424,0.3471347574892931,0.3347576942019266,160.2332148115219,160.2763058238167,151.69858469921442,153.12978932730329,0.8117540630909458,0.507346289431841,0.507346289431841,0.8117540630909458
P1,leave_chemical_system_out,62,max_delta_volume,0.0176619683070052,0.0176619683070052,0.0287279473633189,0.0287279473633189,0.069085540266058,0.069085540266058,-0.642683972037982,-0.642683972037982,0.0243580089661565,0.0243580089661565,0.0323566765639318,0.0323566765639318,0.6088155473182092,0.6088155473182092,0.3551424026022887,0.3551424026022887
P1,leave_chemical_system_out,62,stability_charge,0.0397210163490358,0.0397210163490358,0.0332464780917699,0.0332464780917699,-3.781704130230567,-3.781704130230567,-4.36896064682484,-4.36896064682484,0.041840918587538,0.041840918587538,0.0443358430169311,0.0443358430169311,-0.7610194341477615,-0.7610194341477615,-0.7863867486193535,-0.7863867486193535
P1,leave_chemical_system_out,62,stability_discharge,0.0142330997796553,0.0142330997796553,0.0380725143592994,0.0380725143592994,-0.3861602851480514,-0.3861602851480514,-7.452398381464551,-7.452398381464551,0.0190002466325007,0.0190002466325007,0.0469183241695401,0.0469183241695401,0.3297750881306966,0.3297750881306966,-0.1268365723579602,-0.1268365723579602
P1,leave_chemical_system_out,62,stability_worst,0.0375397105421596,0.0397210163490358,0.0382937614887935,0.0332464780917699,-3.639648752618312,-3.781704130230567,-5.870759231570459,-4.36896064682484,0.0412147255291423,0.041840918587538,0.0501547679462682,0.0443358430169311,-0.7610194341477615,-0.7610194341477615,-0.7610194341477615,-0.7863867486193535
P1,leave_chemical_system_out,63,average_voltage,0.8581981454994237,0.8581981454994237,0.8197029347403497,0.8197029347403497,-0.2991959164686775,-0.2991959164686775,-0.2952251470229887,-0.2952251470229887,1.106901961010022,1.106901961010022,1.1052091385857392,1.1052091385857392,-0.4173743237192009,-0.4173743237192009,0.1718600156490827,0.1718600156490827
P1,leave_chemical_system_out,63,capacity_grav,79.38347136114179,79.38347136114179,71.30258128993165,71.30258128993165,-0.2108957855959299,-0.2108957855959299,-0.0047789384308856,-0.0047789384308856,91.01890514898984,91.01890514898984,82.91125421298136,82.91125421298136,0.906989769233528,0.906989769233528,0.906989769233528,0.906989769233528
P1,leave_chemical_system_out,63,energy_grav,217.5500049932036,212.3511600835356,175.82029114079234,157.16558704685923,-0.2319602959016162,-0.1887749661498881,-0.0154952835316957,0.2581506320324168,270.0559349859261,265.2804196542206,245.1852419173053,209.56233843447768,0.7488186396138605,0.8470243628419077,0.3805471775086831,0.8470243628419077
P1,leave_chemical_system_out,63,max_delta_volume,0.0561965957688159,0.0561965957688159,0.0555178654643414,0.0555178654643414,-0.4440244842192096,-0.4440244842192096,-0.4515897719923545,-0.4515897719923545,0.0785251330505311,0.0785251330505311,0.0787305621085473,0.0787305621085473,0.1964114464560945,0.1964114464560945,0.1227571540350591,0.1227571540350591
P1,leave_chemical_system_out,63,stability_charge,0.1934054589370948,0.1934054589370948,0.1889437187934977,0.1889437187934977,-0.8224065041604605,-0.8224065041604605,-0.8892112600701292,-0.8892112600701292,0.2397181669346403,0.2397181669346403,0.2440723498544429,0.2440723498544429,-0.0617472204342495,-0.0617472204342495,-0.4322305430397468,-0.4322305430397468
P1,leave_chemical_system_out,63,stability_discharge,0.1070001229654574,0.1070001229654574,0.1118770825730335,0.1118770825730335,-0.1901848087160513,-0.1901848087160513,-0.2727705205475579,-0.2727705205475579,0.1872295137719479,0.1872295137719479,0.1936164094363651,0.1936164094363651,0.2209628772631063,0.2209628772631063,0.6628886317893191,0.6628886317893191
P1,leave_chemical_system_out,63,stability_worst,0.1811527010694143,0.1881330587610599,0.1799588414549824,0.1836713186174628,-0.9360231334244716,-1.0165427399636826,-0.871622526164654,-1.0737986319365431,0.233852440049937,0.2386658877217086,0.2299300672594766,0.242030404371408,0.4939777634739963,-0.0617472204342495,-0.2840372139975479,-0.4322305430397468
P1,leave_chemical_system_out,64,average_voltage,0.3335811419155932,0.3335811419155932,0.3780730530491967,0.3780730530491967,0.0290956348351602,0.0290956348351602,0.1669492732486267,0.1669492732486267,0.4455233245024542,0.4455233245024542,0.4126842957314529,0.4126842957314529,0.5952380952380953,0.5952380952380953,0.5000000000000001,0.5000000000000001
P1,leave_chemical_system_out,64,capacity_grav,42.17371375413173,42.17371375413173,40.786627738216445,40.786627738216445,-0.2655282353131432,-0.2655282353131432,0.1000200068337803,0.1000200068337803,59.2887417058373,59.2887417058373,49.9980125560307,49.9980125560307,0.2142857142857143,0.2142857142857143,0.119047619047619,0.119047619047619
P1,leave_chemical_system_out,64,energy_grav,170.91201765113047,172.35930616431406,175.35025670867347,172.164473322443,-0.3530353085036997,-0.3557707029231669,-0.0767741266369987,-0.047600667620155,253.1819118968389,253.43770814597923,225.8605679412425,222.77989420440665,0.119047619047619,0.2380952380952381,-0.1428571428571428,-0.0952380952380952
P1,leave_chemical_system_out,64,max_delta_volume,0.0206842847919392,0.0206842847919392,0.0190762819836697,0.0190762819836697,-0.3156279905642647,-0.3156279905642647,0.0900647849581555,0.0900647849581555,0.0267726791162549,0.0267726791162549,0.0222654007774171,0.0222654007774171,-0.380952380952381,-0.380952380952381,0.380952380952381,0.380952380952381
P1,leave_chemical_system_out,64,stability_charge,0.0211170115125988,0.0211170115125988,0.0185344229870028,0.0185344229870028,-0.060256260606887,-0.060256260606887,0.1942650718042236,0.1942650718042236,0.0246449133755449,0.0246449133755449,0.0214841397374268,0.0214841397374268,0.119047619047619,0.119047619047619,0.4523809523809524,0.4523809523809524
P1,leave_chemical_system_out,64,stability_discharge,0.0329845868836961,0.0329845868836961,0.0323247420456133,0.0323247420456133,-0.4150784823560693,-0.4150784823560693,-0.2745990822623427,-0.2745990822623427,0.039197737687489,0.039197737687489,0.0372012505614058,0.0372012505614058,0.0714285714285714,0.0714285714285714,0.4285714285714286,0.4285714285714286
P1,leave_chemical_system_out,64,stability_worst,0.019357828287262,0.0263796087812125,0.0233790052581071,0.0261624699916183,-0.3556970806405399,-0.8531993547942898,-0.9237420374885914,-1.0076659830406176,0.0245592203804571,0.0287140409878846,0.0292554419664779,0.0298867696365653,-0.0714285714285714,0.119047619047619,0.0,-0.0476190476190476
P1,leave_chemical_system_out,65,average_voltage,1.3458920213192762,1.3458920213192762,1.175716081520921,1.175716081520921,-0.2468744318187428,-0.2468744318187428,-0.0420968631892597,-0.0420968631892597,1.5035157295392685,1.5035157295392685,1.3745187249049926,1.3745187249049926,-0.405098608315695,-0.405098608315695,-0.0368271462105177,-0.0368271462105177
P1,leave_chemical_system_out,65,capacity_grav,109.3989025453622,109.3989025453622,116.42958797016688,116.42958797016688,-0.8889870860620039,-0.8889870860620039,-1.1943089809242395,-1.1943089809242395,130.90201456403912,130.90201456403912,141.08496221261254,141.08496221261254,0.0982057232280472,0.0982057232280472,0.1473085848420709,0.1473085848420709
P1,leave_chemical_system_out,65,energy_grav,659.0919876462724,617.3186035520341,654.8981476194169,655.482635534456,-0.6311633398221073,-0.4637430986105977,-0.6103223219710967,-0.5349656542548529,783.8654194147166,742.5491578902937,778.8416823713293,760.4000046493368,-0.0613785770175295,0.0122757154035059,0.0613785770175295,0.3559957467016713
P1,leave_chemical_system_out,65,max_delta_volume,0.1327080628442885,0.1327080628442885,0.136920829986024,0.136920829986024,0.0406617711608252,0.0406617711608252,0.0654253032032868,0.0654253032032868,0.1896171215224007,0.1896171215224007,0.1871538145148141,0.1871538145148141,0.7856457858243782,0.7856457858243782,0.7610943550173663,0.7610943550173663
P1,leave_chemical_system_out,65,stability_charge,0.0273718120819952,0.0273718120819952,0.0220119803502287,0.0220119803502287,-307.46940465423,-307.46940465423,-162.15871743449662,-162.15871743449662,0.0355426809135641,0.0355426809135641,0.0258493291365086,0.0258493291365086,0.1700973022250249,0.1700973022250249,-0.1700973022250249,-0.1700973022250249
P1,leave_chemical_system_out,65,stability_discharge,0.0403411149305777,0.0403411149305777,0.0445224269479591,0.0445224269479591,0.0286486010353205,0.0286486010353205,-0.1975415169509593,-0.1975415169509593,0.0589543912594873,0.0589543912594873,0.0654595874214193,0.0654595874214193,0.395182210779197,0.395182210779197,-0.259338325823848,-0.259338325823848
P1,leave_chemical_system_out,65,stability_worst,0.0477496770670452,0.0462818842639701,0.0445603081177253,0.0445224269479591,-0.2948147248575306,-0.161355990640849,0.2177342448221286,-0.1975415169509593,0.0680662444634615,0.0644630213204597,0.0529060251156919,0.0654595874214193,-0.6421710925161952,-0.3334349903449474,0.5680744279950958,-0.259338325823848
P1,leave_chemical_system_out,66,average_voltage,0.3972924201054449,0.3972924201054449,0.1549803721965448,0.1549803721965448,-1.1803982243189606,-1.1803982243189606,0.5332660233213364,0.5332660233213364,0.4143232264739649,0.4143232264739649,0.1916929225980224,0.1916929225980224,-0.6123724356957945,-0.6123724356957945,0.6123724356957945,0.6123724356957945
P1,leave_chemical_system_out,66,capacity_grav,36.04487324058602,36.04487324058602,48.20095321407932,48.20095321407932,0.5195367074705192,0.5195367074705192,0.2864965054502757,0.2864965054502757,40.52979582561687,40.52979582561687,49.39037932695252,49.39037932695252,0.9999999999999998,0.9999999999999998,0.9999999999999998,0.9999999999999998
P1,leave_chemical_system_out,66,energy_grav,166.27655752135811,150.27224582353443,207.07932241393624,160.1299990322398,0.3650172678281921,0.4430408577091537,0.1356562796724254,0.419774891272096,183.40372721786085,171.7666589941591,213.97864857531508,175.31757670464003,0.6123724356957945,0.6123724356957945,0.6123724356957945,0.6123724356957945
P1,leave_chemical_system_out,66,max_delta_volume,0.0408928722981745,0.0408928722981745,0.0140760806866775,0.0140760806866775,-1.8045359970937884,-1.8045359970937884,-0.2694550869133791,-0.2694550869133791,0.0412452349746024,0.0412452349746024,0.0277492942974725,0.0277492942974725,0.6123724356957945,0.6123724356957945,-0.6123724356957945,-0.6123724356957945
P1,leave_chemical_system_out,66,stability_charge,0.005696180575503,0.005696180575503,0.0133442047513513,0.0133442047513513,0.6815816839812543,0.6815816839812543,-1.2672729997170271,-1.2672729997170271,0.006336007189562,0.006336007189562,0.0169070777118944,0.0169070777118944,0.6123724356957945,0.6123724356957945,-0.6123724356957945,-0.6123724356957945
P1,leave_chemical_system_out,66,stability_discharge,0.0378271149977189,0.0378271149977189,0.0212335665995908,0.0212335665995908,-57.80287395987278,-57.80287395987278,-19.545965786288757,-19.545965786288757,0.0380443740659658,0.0380443740659658,0.0224881871665665,0.0224881871665665,0.6123724356957945,0.6123724356957945,-0.6123724356957945,-0.6123724356957945
P1,leave_chemical_system_out,66,stability_worst,0.0387133593879973,0.0338032953250953,0.0363674174271856,0.0214726910458486,-15.032832891409653,-11.572856141764667,-13.96287858346259,-3.8946104998521927,0.0394953592492767,0.0349750149436165,0.0381547411413487,0.0218222739906435,0.6123724356957945,0.6123724356957945,-0.6123724356957945,-0.6123724356957945
P1,leave_chemical_system_out,67,average_voltage,0.5336504717174068,0.5336504717174068,0.421128244293875,0.421128244293875,0.3999768983510556,0.3999768983510556,0.5030672538350774,0.5030672538350774,0.583670407326748,0.583670407326748,0.531168726200603,0.531168726200603,0.7500000000000002,0.7500000000000002,0.7500000000000002,0.7500000000000002
P1,leave_chemical_system_out,67,capacity_grav,36.42214691513956,36.42214691513956,39.33918269917974,39.33918269917974,-0.4363151735901012,-0.4363151735901012,-0.8907042833989245,-0.8907042833989245,39.07124062783844,39.07124062783844,44.82745996744032,44.82745996744032,-0.1071428571428571,-0.1071428571428571,0.0357142857142857,0.0357142857142857
P1,leave_chemical_system_out,67,energy_grav,105.76204742123232,102.63755647902777,103.88126549828,101.01585339918992,-0.0790916634995957,-0.0220973981405381,0.3512828199161603,0.3318851495624983,158.0296156392823,153.79968871688854,122.52847122267524,124.34687565633922,0.3214285714285715,0.642857142857143,0.6785714285714287,0.6785714285714287
P1,leave_chemical_system_out,67,max_delta_volume,0.0399951187610532,0.0399951187610532,0.0448791259313077,0.0448791259313077,-0.2400844485584472,-0.2400844485584472,-0.4792771231462438,-0.4792771231462438,0.0493097100991565,0.0493097100991565,0.053855689340552,0.053855689340552,0.4285714285714286,0.4285714285714286,0.2142857142857143,0.2142857142857143
P1,leave_chemical_system_out,67,stability_charge,0.0125145430753587,0.0125145430753587,0.0210482539400438,0.0210482539400438,0.4684279837662037,0.4684279837662037,-0.0596457962913317,-0.0596457962913317,0.0160769929675967,0.0160769929675967,0.0226988641948568,0.0226988641948568,0.7500000000000002,0.7500000000000002,0.4285714285714286,0.4285714285714286
P1,leave_chemical_system_out,67,stability_discharge,0.0280687104393074,0.0280687104393074,0.0305503202883005,0.0305503202883005,0.0431406930176898,0.0431406930176898,-0.0742719666890816,-0.0742719666890816,0.032211231116877,0.032211231116877,0.0341303233385513,0.0341303233385513,0.25,0.25,0.0714285714285714,0.0714285714285714
P1,leave_chemical_system_out,67,stability_worst,0.019826389938356,0.0202469029338028,0.027394316197878,0.0241467885261662,0.1232249491504399,-0.2021201885743697,-0.6095102473793856,-0.263112037064531,0.0219123623540227,0.0256577786897243,0.0296887547708644,0.0263006236245001,0.3214285714285715,0.3571428571428572,-0.3214285714285715,-0.2142857142857143
P1,leave_chemical_system_out,68,average_voltage,0.8040584828244942,0.8040584828244942,0.7654510872000768,0.7654510872000768,-0.4712611864173071,-0.4712611864173071,-0.4381194424140646,-0.4381194424140646,0.8709577792736888,0.8709577792736888,0.8610922736736749,0.8610922736736749,-0.1261312447773782,-0.1261312447773782,-0.1261312447773782,-0.1261312447773782
P1,leave_chemical_system_out,68,capacity_grav,33.79924062801099,33.79924062801099,40.17625274327905,40.17625274327905,-0.4199224539687398,-0.4199224539687398,-1.3122373866038148,-1.3122373866038148,42.39623111956524,42.39623111956524,54.10172929776871,54.10172929776871,0.198206241793023,0.198206241793023,-0.594618725379069,-0.594618725379069
P1,leave_chemical_system_out,68,energy_grav,156.34364802456548,165.8121627729247,153.29937137836012,208.96723610200613,-0.3438199781593261,-0.2769650407149768,-0.1642453547597064,-1.0972912812686395,193.4786632083093,188.6044933853793,180.0880055383281,241.70849104745548,-0.1261312447773782,-0.1261312447773782,-0.594618725379069,-0.4144312328399571
P1,leave_chemical_system_out,68,max_delta_volume,0.0281515575948371,0.0281515575948371,0.028225906089818,0.028225906089818,-9.95055022686349,-9.95055022686349,-6.137187294037975,-6.137187294037975,0.0383282588886669,0.0383282588886669,0.0309431603148354,0.0309431603148354,0.8829187134416479,0.8829187134416479,0.8829187134416479,0.8829187134416479
P1,leave_chemical_system_out,68,stability_charge,0.0656641207632974,0.0656641207632974,0.0581655854013776,0.0581655854013776,-9.95329941083244,-9.95329941083244,-8.087792726184423,-8.087792726184423,0.0741510768350189,0.0741510768350189,0.0675420424129133,0.0675420424129133,-0.1636363636363636,-0.1636363636363636,-0.4363636363636364,-0.4363636363636364
P1,leave_chemical_system_out,68,stability_discharge,0.0501542604178408,0.0501542604178408,0.0390964168306126,0.0390964168306126,-5.415309034877115,-5.415309034877115,-2.9749788964947976,-2.9749788964947976,0.0538179413506891,0.0538179413506891,0.0423629020713387,0.0423629020713387,0.8545454545454546,0.8545454545454546,0.8545454545454546,0.8545454545454546
P1,leave_chemical_system_out,68,stability_worst,0.0652540386785054,0.0656641207632974,0.0766872930147837,0.0581655854013776,-10.094625582338551,-9.95329941083244,-13.574419278523411,-8.087792726184423,0.0746279149342606,0.0741510768350189,0.0855343604042973,0.0675420424129133,-0.1636363636363636,-0.1636363636363636,-0.2727272727272727,-0.4363636363636364
P1,leave_chemical_system_out,69,average_voltage,0.2447011290754919,0.2447011290754919,0.6279638924129438,0.6279638924129438,-0.2252952626287465,-0.2252952626287465,-6.59263570317952,-6.59263570317952,0.2909793651126273,0.2909793651126273,0.7243327071593794,0.7243327071593794,0.6666937223947137,0.6666937223947137,0.3783937343321348,0.3783937343321348
P1,leave_chemical_system_out,69,capacity_grav,47.82451012382847,47.82451012382847,42.78399367921351,42.78399367921351,-0.3741283504195274,-0.3741283504195274,-0.0951319993300776,-0.0951319993300776,51.8490395315563,51.8490395315563,46.28713499598201,46.28713499598201,-0.1441499940312894,-0.1441499940312894,0.3603749850782236,0.3603749850782236
P1,leave_chemical_system_out,69,energy_grav,205.15873662347155,209.85808180343807,213.8648349075117,186.96999412207649,-0.1939989257700574,-0.2018761357336629,-0.3765991513123761,-0.0687768297877613,233.61857752604348,234.3879405929319,250.8471412138928,221.02882870891813,0.3783937343321348,0.4865062298556019,0.30631873731649,0.30631873731649
P1,leave_chemical_system_out,69,max_delta_volume,0.0458960348709486,0.0458960348709486,0.0633647842834171,0.0633647842834171,0.1242904120659343,0.1242904120659343,-0.5856581453488283,-0.5856581453488283,0.0507261770144443,0.0507261770144443,0.0682585191164245,0.0682585191164245,0.1801874925391118,0.1801874925391118,-0.5765999761251578,-0.5765999761251578
P1,leave_chemical_system_out,69,stability_charge,0.0233481910782921,0.0233481910782921,0.0266366088647831,0.0266366088647831,-0.846061023761993,-0.846061023761993,-1.266076797634292,-1.266076797634292,0.0309680057821948,0.0309680057821948,0.0343105377572341,0.0343105377572341,0.0648259313254556,0.0648259313254556,0.4537815192781896,0.4537815192781896
P1,leave_chemical_system_out,69,stability_discharge,0.0283981938593188,0.0283981938593188,0.0337290955907469,0.0337290955907469,-0.2328485466898133,-0.2328485466898133,-0.8721674353843307,-0.8721674353843307,0.0353819506985316,0.0353819506985316,0.0436012813693429,0.0436012813693429,-0.5765999761251578,-0.5765999761251578,0.396412483586046,0.396412483586046
P1,leave_chemical_system_out,69,stability_worst,0.0261851546497483,0.025867361444992,0.0155115881546052,0.018327114044131,-0.2370919241761218,-0.3596096446985544,0.5587217558819442,0.2509605188984432,0.0304132522469518,0.0318837207264015,0.0181642778426521,0.0236654208921686,-0.3243374865704013,-0.3243374865704013,0.900937462695559,0.5765999761251578
P1,leave_chemical_system_out,70,average_voltage,0.6141723132719485,0.6141723132719485,0.7826923551464253,0.7826923551464253,-0.282543476653236,-0.282543476653236,-1.137170682125249,-1.137170682125249,0.6409259341975916,0.6409259341975916,0.8273540572394767,0.8273540572394767,0.1336306209562122,0.1336306209562122,0.1336306209562122,0.1336306209562122
P1,leave_chemical_system_out,70,capacity_grav,81.05704201375816,81.05704201375816,69.03277399966775,69.03277399966775,-0.2608207234203283,-0.2608207234203283,-0.0025965311819273,-0.0025965311819273,87.12141899918112,87.12141899918112,77.68932892085851,77.68932892085851,0.1386750490563073,0.1386750490563073,0.1386750490563073,0.1386750490563073
P1,leave_chemical_system_out,70,energy_grav,198.96564527108717,203.9434284742121,194.53396104954692,177.59074990278356,-0.5009926277845942,-0.518913627027421,-0.432286438941833,-0.1786713966202275,231.5745793892712,232.9529119284504,226.2124713073748,205.20974302880623,-0.8017837257372733,-0.8017837257372733,-0.1336306209562122,-0.8017837257372733
P1,leave_chemical_system_out,70,max_delta_volume,0.0459605028684276,0.0459605028684276,0.0330931128233297,0.0330931128233297,-0.6433538356111048,-0.6433538356111048,0.0604564630195698,0.0604564630195698,0.0485007624460227,0.0485007624460227,0.036672581229624,0.036672581229624,-0.7572401854185359,-0.7572401854185359,0.1336306209562122,0.1336306209562122
P1,leave_chemical_system_out,70,stability_charge,0.009402955575383,0.009402955575383,0.0478591145539815,0.0478591145539815,0.691212038327487,0.691212038327487,-4.401094948278888,-4.401094948278888,0.0121783050886944,0.0121783050886944,0.0509328027517873,0.0509328027517873,0.8017837257372733,0.8017837257372733,0.8017837257372733,0.8017837257372733
P1,leave_chemical_system_out,70,stability_discharge,0.0252351571342111,0.0252351571342111,0.0198206882327131,0.0198206882327131,-0.1576574915740125,-0.1576574915740125,-0.1012325629008876,-0.1012325629008876,0.0263476022978896,0.0263476022978896,0.0256974824714768,0.0256974824714768,0.2672612419124244,0.2672612419124244,0.2672612419124244,0.2672612419124244
P1,leave_chemical_system_out,70,stability_worst,0.0130465177503155,0.0185088030769275,0.0362321031720429,0.01203140754286,-3.3255438846578578,-6.055273781454089,-24.57175606852967,-2.4940032078358536,0.0153580171994449,0.0196142507940567,0.0373417842054786,0.0138030937612643,0.5345224838248489,0.5345224838248489,0.5345224838248489,-0.222717701593687
P1,leave_chemical_system_out,71,average_voltage,0.6668685395715686,0.6668685395715686,0.8071123763831791,0.8071123763831791,-3.5754495575721155,-3.5754495575721155,-4.56239073030087,-4.56239073030087,0.7810251424044622,0.7810251424044622,0.8611501372228275,0.8611501372228275,0.3857583749052298,0.3857583749052298,0.3857583749052298,0.3857583749052298
P1,leave_chemical_system_out,71,capacity_grav,30.89127987258098,30.89127987258098,30.842569458239463,30.842569458239463,-1.4799796403598258,-1.4799796403598258,-1.7104377166247526,-1.7104377166247526,34.857644826428015,34.857644826428015,36.44128634174761,36.44128634174761,0.1571348402636772,0.1571348402636772,-0.4321208107251124,-0.4321208107251124
P1,leave_chemical_system_out,71,energy_grav,99.5384669114528,100.08446126134118,93.69668747506886,101.91531976441036,0.1277206248375859,0.0899446892928299,0.1977118153525396,0.0894827429604072,112.99241071073251,115.4131692049145,108.36440999600678,115.44245749412596,0.4243342123957528,0.4243342123957528,0.4243342123957528,0.4243342123957528
P1,leave_chemical_system_out,71,max_delta_volume,0.0270971941255468,0.0270971941255468,0.0502768783912234,0.0502768783912234,-2.738087981942315,-2.738087981942315,-7.773332907396901,-7.773332907396901,0.0382931565540036,0.0382931565540036,0.0586649510118364,0.0586649510118364,-0.3471825374147068,-0.3471825374147068,0.0771516749810459,0.0771516749810459
P1,leave_chemical_system_out,71,stability_charge,0.0272514630432584,0.0272514630432584,0.0317106610207059,0.0317106610207059,-1.3234069869567748,-1.3234069869567748,-1.0177096869569886,-1.0177096869569886,0.0394538755294769,0.0394538755294769,0.036766844991124,0.036766844991124,-0.6943650748294137,-0.6943650748294137,0.1157275124715689,0.1157275124715689
P1,leave_chemical_system_out,71,stability_discharge,0.0271377962716324,0.0271377962716324,0.0403194273346704,0.0403194273346704,-0.8275997490380476,-0.8275997490380476,-4.021465147982839,-4.021465147982839,0.0275905233827834,0.0275905233827834,0.045733519074274,0.045733519074274,-0.2314550249431378,-0.2314550249431378,0.2314550249431378,0.2314550249431378
P1,leave_chemical_system_out,71,stability_worst,0.0334366024814197,0.0199477354633929,0.0291013399708392,0.0309804391951341,-1.3969517651811163,-0.0982988507614084,-1.597613808106109,-1.621267893062969,0.0375627113921038,0.0254265566596346,0.0391034051975235,0.0392810411338408,-0.2314550249431378,-0.2314550249431378,0.2314550249431378,0.2314550249431378
P1,leave_chemical_system_out,72,average_voltage,0.980243181785942,0.980243181785942,0.2684759055547902,0.2684759055547902,-12.76699748375633,-12.76699748375633,-0.5985688726045375,-0.5985688726045375,0.9930909558077762,0.9930909558077762,0.3384036871018191,0.3384036871018191,0.9258200997725516,0.9258200997725516,-0.1157275124715689,-0.1157275124715689
P1,leave_chemical_system_out,72,capacity_grav,51.302179020600434,51.302179020600434,44.66695667723949,44.66695667723949,0.1468210530706337,0.1468210530706337,-0.058855692071146,-0.058855692071146,55.56895046073959,55.56895046073959,61.90568263716447,61.90568263716447,0.2425356250363329,0.2425356250363329,0.2425356250363329,0.2425356250363329
P1,leave_chemical_system_out,72,energy_grav,121.33888851951454,113.01876784429132,192.50722141926025,108.42774719168808,-0.8447972590544508,-0.6460687148993864,-2.6468497877289505,-0.221458901003906,146.84685037813188,138.7120832128613,206.46633628238507,119.48949977944456,0.2314550249431378,0.2314550249431378,0.5786375623578447,0.2314550249431378
P1,leave_chemical_system_out,72,max_delta_volume,0.0868784772800849,0.0868784772800849,0.0631893049727355,0.0631893049727355,-0.2832853339409171,-0.2832853339409171,0.201855599345786,0.201855599345786,0.10104461312927,0.10104461312927,0.0796878822903702,0.0796878822903702,0.3857583749052298,0.3857583749052298,0.3857583749052298,0.3857583749052298
P1,leave_chemical_system_out,72,stability_charge,0.0211728825773488,0.0211728825773488,0.0779761014331827,0.0779761014331827,-0.2054692785294818,-0.2054692785294818,-9.235194833998346,-9.235194833998346,0.0290093951673976,0.0290093951673976,0.084529569609324,0.084529569609324,0.2357022603955158,0.2357022603955158,-0.2357022603955158,-0.2357022603955158
P1,leave_chemical_system_out,72,stability_discharge,0.0341983579213719,0.0341983579213719,0.0380975054560166,0.0380975054560166,-2.394482243555298,-2.394482243555298,-3.5617290784878213,-3.5617290784878213,0.0403604639501223,0.0403604639501223,0.0467879614837925,0.0467879614837925,0.5400617248673216,0.5400617248673216,-0.8100925873009827,-0.8100925873009827
P1,leave_chemical_system_out,72,stability_worst,0.0211690160094283,0.0256836495542821,0.1006594761892432,0.0704204156681174,-0.2180190404158772,-0.6165593461947143,-17.31616999054645,-8.145390245446901,0.0283171099878065,0.0326225357251056,0.1098093249537841,0.0775930833658203,0.5400617248673216,0.5400617248673216,-0.8100925873009827,-0.5400617248673216
P1,leave_chemical_system_out,73,average_voltage,0.6179575716059789,0.6179575716059789,0.2234048226254984,0.2234048226254984,-8.286005780861846,-8.286005780861846,-0.5153186038254958,-0.5153186038254958,0.6790449471428339,0.6790449471428339,0.2743064531610676,0.2743064531610676,0.6126374746329801,0.6126374746329801,0.2162249910469341,0.2162249910469341
P1,leave_chemical_system_out,73,capacity_grav,69.13226324987208,69.13226324987208,55.55389192942009,55.55389192942009,-0.5347314546656627,-0.5347314546656627,-0.1761580741979906,-0.1761580741979906,75.45711704902027,75.45711704902027,66.05669765356038,66.05669765356038,-0.396412483586046,-0.396412483586046,0.3243374865704013,0.3243374865704013
P1,leave_chemical_system_out,73,energy_grav,255.38438021622568,262.15403789619216,210.392718656024,188.1223677910686,-0.6373774331151079,-0.7399573000118576,-0.2124943084035224,0.0532385125041449,286.3030467792396,295.13510142934854,246.3720424054221,217.70673324441665,0.30631873731649,0.30631873731649,0.702731220902536,0.702731220902536
P1,leave_chemical_system_out,73,max_delta_volume,0.0526616847969165,0.0526616847969165,0.0571471429325213,0.0571471429325213,-3.294848747802986,-3.294848747802986,-3.4049608646444547,-3.4049608646444547,0.0634758942168628,0.0634758942168628,0.0642844478399123,0.0642844478399123,-0.198206241793023,-0.198206241793023,0.1261312447773782,0.1261312447773782
P1,leave_chemical_system_out,73,stability_charge,0.0244213597566137,0.0244213597566137,0.0316446380406866,0.0316446380406866,-1.6820377378432734,-1.6820377378432734,-3.1176462658093973,-3.1176462658093973,0.0299143297861219,0.0299143297861219,0.0370656271255179,0.0370656271255179,-0.0360374985078223,-0.0360374985078223,0.108112495523467,0.108112495523467
P1,leave_chemical_system_out,73,stability_discharge,0.0210472919862283,0.0210472919862283,0.0111493750093337,0.0111493750093337,-0.6186954734315273,-0.6186954734315273,0.476044270847078,0.476044270847078,0.023292229675459,0.023292229675459,0.0132518278196635,0.0132518278196635,0.7387687194103585,0.7387687194103585,0.7387687194103585,0.7387687194103585
P1,leave_chemical_system_out,73,stability_worst,0.0170890236190167,0.015491787307853,0.0200092919871582,0.0195381178038241,-0.5475154218542695,-0.0194127433848732,-0.7987135707685775,-1.0644233092633444,0.0219567907665943,0.0178207673141658,0.0236718595913999,0.025360087491903,-0.0360374985078223,0.0360374985078223,-0.2522624895547565,-0.108112495523467
P1,leave_chemical_system_out,74,average_voltage,0.3517390446045066,0.3517390446045066,0.3859736262362053,0.3859736262362053,-0.7549038879661436,-0.7549038879661436,-1.0884366320536802,-1.0884366320536802,0.4195991977713493,0.4195991977713493,0.4577397544231802,0.4577397544231802,0.4000661320993194,0.4000661320993194,0.6546536707079773,0.6546536707079773
P1,leave_chemical_system_out,74,capacity_grav,19.220629074225062,19.220629074225062,56.55254479339359,56.55254479339359,-0.44680749357845,-0.44680749357845,-7.74379402759668,-7.74379402759668,23.40336124507358,23.40336124507358,57.53376841010788,57.53376841010788,0.7273929674533081,0.7273929674533081,0.7273929674533081,0.7273929674533081
P1,leave_chemical_system_out,74,energy_grav,22.17329677454149,26.61445558444992,58.52200026472882,64.33255258929634,0.0165892607924201,0.0582219389120505,-3.1545209451638385,-3.4643377701036195,31.297296692725265,30.62764737133673,64.32796754970738,66.68342169586371,0.2182178902359924,0.0727392967453308,0.4364357804719848,-0.0363696483726654
P1,leave_chemical_system_out,74,max_delta_volume,0.0783667441471602,0.0783667441471602,0.0669704092379775,0.0669704092379775,-4.672710782908218,-4.672710782908218,-3.2120100476536955,-3.2120100476536955,0.083528323116971,0.083528323116971,0.0719752431944541,0.0719752431944541,0.2545875386086578,0.2545875386086578,0.3273268353539886,0.3273268353539886
P1,leave_chemical_system_out,74,stability_charge,0.0253760075248477,0.0253760075248477,0.0408612952470501,0.0408612952470501,-219.1110471471033,-219.1110471471033,-712.6212762020465,-712.6212762020465,0.0280947819422792,0.0280947819422792,0.0505869668900543,0.0505869668900543,-0.7698003589195012,-0.7698003589195012,-0.5196152422706634,-0.5196152422706634
P1,leave_chemical_system_out,74,stability_discharge,0.0262124426882815,0.0262124426882815,0.0250128449962902,0.0250128449962902,-2.7112101294724886,-2.7112101294724886,-1.5224685330691194,-1.5224685330691194,0.0372232973267554,0.0372232973267554,0.0306880962428324,0.0306880962428324,-0.3273268353539886,-0.3273268353539886,0.181848241863327,0.181848241863327
P1,leave_chemical_system_out,74,stability_worst,0.0208757597991727,0.024489259457621,0.0220683130341245,0.0313459540633375,-49.76259197897635,-66.4075689473177,-66.00590186225332,-111.6515170728794,0.0241013090892493,0.0277730176395657,0.0276901473089587,0.0359035390911,-0.3645019001598288,-0.6448879772058511,-0.3645019001598288,-0.3645019001598288
P1,leave_family_out,0,average_voltage,0.9007857501055602,0.9007857501055602,0.8856009984768337,0.8856009984768337,-0.3705704802949638,-0.3705704802949638,-0.2447755707062506,-0.2447755707062506,1.138010950650808,1.138010950650808,1.0845292825524733,1.0845292825524733,-0.0211552850544902,-0.0211552850544902,0.1789577236721403,0.1789577236721403
P1,leave_family_out,0,capacity_grav,50.03851413821448,50.03851413821448,45.02089747628723,45.02089747628723,-0.1463142036679912,-0.1463142036679912,0.0527371101114354,0.0527371101114354,60.36368068123367,60.36368068123367,54.87305478414223,54.87305478414223,-0.017873726509635,-0.017873726509635,0.2794177718654796,0.2794177718654796
P1,leave_family_out,0,energy_grav,203.1773600078228,176.17719204464217,241.12717651325815,179.6733721997689,-0.0686889863709068,0.1488683862438262,-0.6544698148930075,0.0512008795716879,248.52591522790405,221.7912333243165,309.22559866660185,234.17102217710172,0.2888418055707976,0.4196502403894708,0.31135014075326,0.3463747625278393
P1,leave_family_out,0,max_delta_volume,0.1033342619762586,0.1033342619762586,0.0364599933445774,0.0364599933445774,-5.860628600389462,-5.860628600389462,-0.1518980115241639,-0.1518980115241639,0.1166061342413311,0.1166061342413311,0.0477800343122494,0.0477800343122494,-0.1266696446086232,-0.1266696446086232,0.038158986799328,0.038158986799328
P1,leave_family_out,0,stability_charge,0.0481409997951439,0.0481409997951439,0.0539223505782317,0.0539223505782317,-0.6935018833769144,-0.6935018833769144,-0.6512931603465668,-0.6512931603465668,0.0662301481138355,0.0662301481138355,0.0653995824182399,0.0653995824182399,0.2181141974905714,0.2181141974905714,0.0056507753414324,0.0056507753414324
P1,leave_family_out,0,stability_discharge,0.0566106254763538,0.0566106254763538,0.0280037875018844,0.0280037875018844,-2.032481858538807,-2.032481858538807,-0.2072484847125202,-0.2072484847125202,0.0638938432652583,0.0638938432652583,0.040314218083996,0.040314218083996,0.1696738718583108,0.1696738718583108,0.0062100262902788,0.0062100262902788
P1,leave_family_out,0,stability_worst,0.0584245219246629,0.0421943309773572,0.0604141217507069,0.0458401395056997,-0.9325662223238173,-0.243757546955146,-1.0900472912548365,-0.3991585678667917,0.0680601397040201,0.054600108838272,0.0707788823272413,0.0579107396711604,0.1499285269086201,0.0975035768767167,-0.0520285195488684,-0.0064166799072902
P1,leave_family_out,1,average_voltage,1.0628012221552328,1.0628012221552328,0.9456378651896096,0.9456378651896096,-0.6880872028050804,-0.6880872028050804,-0.3557340041599139,-0.3557340041599139,1.3015169670906286,1.3015169670906286,1.1663788604777845,1.1663788604777845,0.286154298054693,0.286154298054693,0.321660393692365,0.321660393692365
P1,leave_family_out,1,capacity_grav,68.62401598658735,68.62401598658735,66.20468214208374,66.20468214208374,-0.3296106617190073,-0.3296106617190073,-0.2190827925888068,-0.2190827925888068,94.00941024756048,94.00941024756048,90.01723821234715,90.01723821234715,0.2645081243742889,0.2645081243742889,0.3430210969905851,0.3430210969905851
P1,leave_family_out,1,energy_grav,256.53656233090845,248.40745310822675,219.20950044268864,226.45697692263505,-0.4779102270890487,-0.4164346287996705,-0.1504896680398983,-0.2107469923679208,332.6209543431125,325.6295776664613,293.4721809075058,301.05945943409534,0.3525206827649194,0.3512181709032264,0.4518390264266588,0.4695017281921129
P1,leave_family_out,1,max_delta_volume,0.0706377091023971,0.0706377091023971,0.0566618660091769,0.0566618660091769,-1.042921337643699,-1.042921337643699,-0.4321202895411258,-0.4321202895411258,0.0973933399224796,0.0973933399224796,0.0815442205767712,0.0815442205767712,0.085355633029613,0.085355633029613,0.1913692581343158,0.1913692581343158
P1,leave_family_out,1,stability_charge,0.0821773910188596,0.0821773910188596,0.0682990921880703,0.0682990921880703,-0.6725621219448721,-0.6725621219448721,-0.3739957927602806,-0.3739957927602806,0.1300968363234639,0.1300968363234639,0.1179147972066512,0.1179147972066512,-0.0460591940098539,-0.0460591940098539,0.0870293913063488,0.0870293913063488
P1,leave_family_out,1,stability_discharge,0.0563832500690584,0.0563832500690584,0.0531308165599415,0.0531308165599415,-0.1972515313451897,-0.1972515313451897,-0.1106537309265689,-0.1106537309265689,0.0966681915732038,0.0966681915732038,0.0931065497712678,0.0931065497712678,0.071158809306188,0.071158809306188,0.0467040053704069,0.0467040053704069
P1,leave_family_out,1,stability_worst,0.0721632673512724,0.0664747540438615,0.0672200543574341,0.0580333035193194,-0.4284735837387929,-0.3832584309739597,-0.3084697406220018,-0.1625164452161194,0.1197527953424526,0.1178423015347059,0.1146123440616874,0.1080311764679555,-0.0319160866507528,-0.0046457624024972,-0.0204330434173189,0.0577555548614488
P1,leave_family_out,2,average_voltage,1.051185847982978,1.051185847982978,0.9147190795748952,0.9147190795748952,-0.0747144361811467,-0.0747144361811467,0.0506386131130304,0.0506386131130304,1.2485553027460283,1.2485553027460283,1.173483598872398,1.173483598872398,0.2784875922819789,0.2784875922819789,0.3580983322035458,0.3580983322035458
P1,leave_family_out,2,capacity_grav,73.05237339512213,73.05237339512213,65.06712184654654,65.06712184654654,-0.0629148980893663,-0.0629148980893663,0.1114270807373714,0.1114270807373714,101.55381118345524,101.55381118345524,92.8524817599953,92.8524817599953,0.6190405023034298,0.6190405023034298,0.6219503928548578,0.6219503928548578
P1,leave_family_out,2,energy_grav,326.35437075572565,333.20963498407764,269.1459120998149,267.7600434669696,-0.0818145959121698,-0.1368322029185849,0.1836687238854082,0.2075607273597979,446.0725531337317,457.2747986871836,387.4916081941469,381.7790376577355,0.6638786044816304,0.6443724853229794,0.6709607418411174,0.6388580631794845
P1,leave_family_out,2,max_delta_volume,0.0896156356099762,0.0896156356099762,0.0766226729427369,0.0766226729427369,-0.785800849676314,-0.785800849676314,-0.2816725170716521,-0.2816725170716521,0.1324755631573145,0.1324755631573145,0.1122296988784925,0.1122296988784925,-0.0589461727650905,-0.0589461727650905,0.0923786674715645,0.0923786674715645
P1,leave_family_out,2,stability_charge,0.0349653133671656,0.0349653133671656,0.0591997804513265,0.0591997804513265,-1.1171827583227052,-1.1171827583227052,-4.887041560835298,-4.887041560835298,0.0459075334537395,0.0459075334537395,0.0765514349621626,0.0765514349621626,0.3771127898377856,0.3771127898377856,0.0219222325486212,0.0219222325486212
P1,leave_family_out,2,stability_discharge,0.0558119419292992,0.0558119419292992,0.0771963000579093,0.0771963000579093,-0.1418492431378972,-0.1418492431378972,-0.474128650324668,-0.474128650324668,0.0820476939850699,0.0820476939850699,0.0932244197038611,0.0932244197038611,0.2173348025535654,0.2173348025535654,0.1793675028049699,0.1793675028049699
P1,leave_family_out,2,stability_worst,0.0531239242305145,0.0518560591275758,0.0870522299612271,0.0743224308417279,-0.2613880783646469,-0.1121359688668686,-0.8926796579746237,-0.4498639360707333,0.084869995394045,0.079690905404201,0.1039605036442184,0.0909899531143584,0.1886085582045411,0.1885286243560215,0.1515180413725239,0.2342338300444025
P1,leave_family_out,3,average_voltage,0.929790705429075,0.929790705429075,0.6187765830666055,0.6187765830666055,-0.936520129033839,-0.936520129033839,-0.2085819663931085,-0.2085819663931085,1.102076237427934,1.102076237427934,0.8706401389118291,0.8706401389118291,0.2120500768095067,0.2120500768095067,0.2640811222845134,0.2640811222845134
P1,leave_family_out,3,capacity_grav,71.66267482656568,71.66267482656568,65.7619791563469,65.7619791563469,-0.1186178189910853,-0.1186178189910853,-0.0530199410765876,-0.0530199410765876,84.09407336879352,84.09407336879352,81.59110608212423,81.59110608212423,0.3232814615484968,0.3232814615484968,0.4413559122855198,0.4413559122855198
P1,leave_family_out,3,energy_grav,294.50733372227603,273.0490882966843,287.6648622896366,266.4158288398392,-0.2928082432958336,-0.2745326258856206,-0.192559073871475,-0.0637080205335722,356.3487546344392,353.821050535176,342.25369038142304,323.2357634797101,0.3504430197149337,0.2885190529499581,0.4601599574502247,0.4768306817164463
P1,leave_family_out,3,max_delta_volume,0.0656837706851907,0.0656837706851907,0.0451517943160834,0.0451517943160834,-4.753273083490607,-4.753273083490607,-1.8466516822862893,-1.8466516822862893,0.0771323214935759,0.0771323214935759,0.054255787741114,0.054255787741114,-0.3635601274124895,-0.3635601274124895,-0.1245307220563767,-0.1245307220563767
P1,leave_family_out,3,stability_charge,0.0896373361336923,0.0896373361336923,0.0973264775749709,0.0973264775749709,-0.0454836071624003,-0.0454836071624003,-0.0437580530006052,-0.0437580530006052,0.214366669703677,0.214366669703677,0.2141896922495738,0.2141896922495738,-0.4209576798185822,-0.4209576798185822,0.2498318761629433,0.2498318761629433
P1,leave_family_out,3,stability_discharge,0.0552387311682288,0.0552387311682288,0.058960966533089,0.058960966533089,-0.0731455019803257,-0.0731455019803257,-0.0406430736265253,-0.0406430736265253,0.1711237677296788,0.1711237677296788,0.1685124248271378,0.1685124248271378,0.2219775609279849,0.2219775609279849,0.0019131439334134,0.0019131439334134
P1,leave_family_out,3,stability_worst,0.071785492869295,0.0671086523515781,0.0797258055889776,0.0739852609979782,-0.042058575517301,-0.0478570388924379,-0.0993673085105135,-0.0480760250042979,0.2087776025412755,0.2093576610520183,0.2144417038970059,0.2093795361854717,-0.0954100974627575,-0.0949048228238053,0.2053741078188578,0.2456436061915593
P1,leave_family_out,4,average_voltage,0.7331649628452579,0.7331649628452579,0.7527023639307383,0.7527023639307383,0.1160869597341727,0.1160869597341727,0.1090291764744351,0.1090291764744351,0.939045538226749,0.939045538226749,0.9427870842385944,0.9427870842385944,0.3068916977668559,0.3068916977668559,0.2621895173225388,0.2621895173225388
P1,leave_family_out,4,capacity_grav,51.78826868795775,51.78826868795775,60.63516152217072,60.63516152217072,-0.4218844403563551,-0.4218844403563551,-0.8751662021713749,-0.8751662021713749,65.20667242380352,65.20667242380352,74.88240266729592,74.88240266729592,0.4582674917571943,0.4582674917571943,0.4071649032077249,0.4071649032077249
P1,leave_family_out,4,energy_grav,191.3968273449601,204.520745347747,226.68542389980368,238.4506647261304,-0.2993531458509473,-0.4459764203261935,-0.7078356370560319,-0.8468419572411761,241.5440957861404,254.80821796812955,276.9209806736621,287.970295027975,0.3844788554519087,0.4145940085933434,0.5062816028611312,0.4847005023499752
P1,leave_family_out,4,max_delta_volume,0.0411738742394964,0.0411738742394964,0.0292836384324127,0.0292836384324127,-1.3248242550090374,-1.3248242550090374,-0.5537590297665431,-0.5537590297665431,0.0534082996945209,0.0534082996945209,0.0436621905644474,0.0436621905644474,-0.0940269727300352,-0.0940269727300352,0.0650026383458542,0.0650026383458542
P1,leave_family_out,4,stability_charge,0.0458266459503383,0.0458266459503383,0.048002644473857,0.048002644473857,-0.1019017907522252,-0.1019017907522252,-0.2103820564986238,-0.2103820564986238,0.0953418198849556,0.0953418198849556,0.0999247870606617,0.0999247870606617,0.1440455666922049,0.1440455666922049,0.1280734781308664,0.1280734781308664
P1,leave_family_out,4,stability_discharge,0.0352746148522091,0.0352746148522091,0.0372747921337565,0.0372747921337565,-0.0463382072794125,-0.0463382072794125,-0.0339342716104156,-0.0339342716104156,0.0925928957478431,0.0925928957478431,0.0920424329792927,0.0920424329792927,0.0645474969094103,0.0645474969094103,0.3124311770756679,0.3124311770756679
P1,leave_family_out,4,stability_worst,0.0428091714892208,0.0446110097113266,0.0448740382508792,0.0455084134210105,-0.0944195897947357,-0.1053033170028601,-0.1381280757459606,-0.1746057916186498,0.0953081272829792,0.0957808625442822,0.0971926840021003,0.0987379431445776,0.1907480178119673,0.1537186528011641,0.0489750114272845,0.0779728809512679
P1,leave_family_out,5,average_voltage,0.8639749174835212,0.8639749174835212,0.9381919575662324,0.9381919575662324,-0.1850514298981744,-0.1850514298981744,-0.1167310271151929,-0.1167310271151929,1.1404329621446216,1.1404329621446216,1.107070946135079,1.107070946135079,0.3758865095899272,0.3758865095899272,0.2710298993864877,0.2710298993864877
P1,leave_family_out,5,capacity_grav,39.24717818005682,39.24717818005682,54.73937610789422,54.73937610789422,-0.0636753251712314,-0.0636753251712314,-0.7059311819044622,-0.7059311819044622,49.50323489220909,49.50323489220909,62.69166311192855,62.69166311192855,0.2056330016485461,0.2056330016485461,0.1367510605930038,0.1367510605930038
P1,leave_family_out,5,energy_grav,220.8921444634982,207.16707900834567,209.0218484293624,226.2650525469432,-0.2276278293462059,-0.0882002519829654,-0.3200516697796141,-0.3096461389385314,266.7980035932977,251.19073926516924,276.65892074396606,275.5663580086414,0.2072139950988105,0.2721938531085922,0.2049566303044261,0.1583884038988428
P1,leave_family_out,5,max_delta_volume,0.0525439529264911,0.0525439529264911,0.0587832015404869,0.0587832015404869,-0.4455323720066191,-0.4455323720066191,-0.306232271090316,-0.306232271090316,0.0755974229893396,0.0755974229893396,0.0718626593712852,0.0718626593712852,0.1442395638483258,0.1442395638483258,-0.0617550511606609,-0.0617550511606609
P1,leave_family_out,5,stability_charge,0.0577824635836916,0.0577824635836916,0.136546577700042,0.136546577700042,-0.4028561537011514,-0.4028561537011514,-2.6661360085218946,-2.6661360085218946,0.1049065457942472,0.1049065457942472,0.169590024535555,0.169590024535555,-0.1235223609836308,-0.1235223609836308,0.0052199646906992,0.0052199646906992
P1,leave_family_out,5,stability_discharge,0.0495907735959618,0.0495907735959618,0.0666161055261162,0.0666161055261162,-1.046727918330264,-1.046727918330264,-1.8898662442864,-1.8898662442864,0.0643796456846776,0.0643796456846776,0.0764992886022557,0.0764992886022557,0.2898502521741011,0.2898502521741011,0.1010111700149121,0.1010111700149121
P1,leave_family_out,5,stability_worst,0.0439341504757898,0.0512131482491428,0.1089323199914785,0.1278317746388373,-0.1968542037482625,-0.3504576806309605,-1.5617168504428696,-2.3042766979018903,0.0943833011202811,0.1002570745270326,0.1380829639983473,0.1568240777094171,-0.1657680726756093,-0.2273226588451407,0.0440496228138542,-0.1956131785926144
P1,leave_family_out,6,average_voltage,1.86050415448118,1.86050415448118,1.2559648584591767,1.2559648584591767,-6.726472931702943,-6.726472931702943,-3.0216611472587958,-3.0216611472587958,1.9793886029260948,1.9793886029260948,1.4280491640434103,1.4280491640434103,0.2998451813422746,0.2998451813422746,0.1506906859163305,0.1506906859163305
P1,leave_family_out,6,capacity_grav,87.70791033212102,87.70791033212102,98.24153954342329,98.24153954342329,-0.2398565444304723,-0.2398565444304723,-0.4181550948513735,-0.4181550948513735,146.73619976057932,146.73619976057932,156.9326877009414,156.9326877009414,0.4162216010667093,0.4162216010667093,0.3734472704380545,0.3734472704380545
P1,leave_family_out,6,energy_grav,143.0825999059954,120.86819073790356,147.41774177401763,106.97235035478047,-0.6657114220907658,-0.3352655139550318,-0.9402520493859629,-0.1988203412841962,179.82667472905553,161.0045124010643,194.08112775644543,152.556699147681,0.3243282172828063,0.2743540203924271,0.1842948528935307,0.1943761029866907
P1,leave_family_out,6,max_delta_volume,0.1810722114681767,0.1810722114681767,0.1885718007867887,0.1885718007867887,-0.1841905184454346,-0.1841905184454346,-0.222077435611169,-0.222077435611169,0.4001723987903025,0.4001723987903025,0.4065235445099591,0.4065235445099591,0.3675575778013331,0.3675575778013331,-0.1844628737284167,-0.1844628737284167
P1,leave_family_out,6,stability_charge,0.180734433839443,0.180734433839443,0.1749815566019738,0.1749815566019738,0.0568985100642187,0.0568985100642187,-0.1054888311629058,-0.1054888311629058,0.3003470962200393,0.3003470962200393,0.3251781842139483,0.3251781842139483,0.2967029160549618,0.2967029160549618,0.2577316002288896,0.2577316002288896
P1,leave_family_out,6,stability_discharge,0.059663955901233,0.059663955901233,0.0702879908533935,0.0702879908533935,0.2681460805598904,0.2681460805598904,0.0345678801049544,0.0345678801049544,0.0935320685185268,0.0935320685185268,0.1074259516061705,0.1074259516061705,0.3309548503314042,0.3309548503314042,0.2052072642511398,0.2052072642511398
P1,leave_family_out,6,stability_worst,0.1735376831842189,0.1705594647309479,0.1643376631362364,0.1604881293632119,0.0456703233619893,0.0423098612104886,-0.0224460947735403,-0.0494577131492952,0.2967828225468179,0.2973048910949494,0.3071918974594608,0.3112232389371135,0.3665822792467547,0.344362987699461,0.3051849720090439,0.3522418283778528
P1,leave_family_out,7,average_voltage,1.8063662722813316,1.8063662722813316,0.547798869004848,0.547798869004848,-12.213813018156332,-12.213813018156332,-0.5291684315437755,-0.5291684315437755,1.9063615480656868,1.9063615480656868,0.648513248809138,0.648513248809138,0.4421789834201395,0.4421789834201395,0.3123364973068887,0.3123364973068887
P1,leave_family_out,7,capacity_grav,60.636543483009,60.636543483009,68.06473028787,68.06473028787,-0.2245755128211677,-0.2245755128211677,-0.6597754335799588,-0.6597754335799588,71.12496222896038,71.12496222896038,82.80449816799762,82.80449816799762,-0.0319058710922505,-0.0319058710922505,0.5402342517067945,0.5402342517067945
P1,leave_family_out,7,energy_grav,190.2397176063897,210.47721793832469,103.37625386971156,114.5209927109332,-2.389014905192588,-3.114958845205076,-0.0613619002656731,-0.3086776116046998,231.57471013284612,255.1744208105499,129.59437051263464,143.9032909518219,-0.3197705029042565,-0.3492900008588533,0.4706158592003623,0.4115768632911687
P1,leave_family_out,7,max_delta_volume,0.0841662893054361,0.0841662893054361,0.1212827572314142,0.1212827572314142,-0.0496279046369974,-0.0496279046369974,-0.5016683654999876,-0.5016683654999876,0.1134183923569433,0.1134183923569433,0.1356603143452534,0.1356603143452534,0.2030277451009307,0.2030277451009307,0.3084029700733299,0.3084029700733299
P1,leave_family_out,7,stability_charge,0.0531384549409334,0.0531384549409334,0.2219225591661665,0.2219225591661665,-0.4792387144907144,-0.4792387144907144,-17.310326893305106,-17.310326893305106,0.0671536075144249,0.0671536075144249,0.2362643874971088,0.2362643874971088,0.3882498692489575,0.3882498692489575,0.1190191311937837,0.1190191311937837
P1,leave_family_out,7,stability_discharge,0.0501279597290913,0.0501279597290913,0.1110230211308771,0.1110230211308771,-0.7112304240663521,-0.7112304240663521,-3.781983026280182,-3.781983026280182,0.0720159876027343,0.0720159876027343,0.1203867497811357,0.1203867497811357,0.1887406987452955,0.1887406987452955,-0.0041197023291903,-0.0041197023291903
P1,leave_family_out,7,stability_worst,0.057010240843924,0.0554511000552378,0.2484334269863667,0.2070986542771625,-0.2942580101232432,-0.2236871914868101,-16.359967574464893,-11.840550711300066,0.071428818721364,0.0694541569724986,0.261599850805054,0.2249856724958927,0.3645725346830139,0.4667438881745969,0.1137324684552698,0.0832038992542841
P1,leave_family_out,8,average_voltage,1.1831437434902177,1.1831437434902177,1.1566860699242982,1.1566860699242982,0.1594684713832235,0.1594684713832235,-0.1019784391303981,-0.1019784391303981,1.3414538884216325,1.3414538884216325,1.5359790531408466,1.5359790531408466,0.3916361960958985,0.3916361960958985,0.1181125035844773,0.1181125035844773
P1,leave_family_out,8,capacity_grav,28.116706985917244,28.116706985917244,27.597063396664826,27.597063396664826,0.233090425516029,0.233090425516029,0.0748293552429238,0.0748293552429238,35.64115977317111,35.64115977317111,39.146295487278216,39.146295487278216,0.4547511312217194,0.4547511312217194,0.5418552036199094,0.5418552036199094
P1,leave_family_out,8,energy_grav,166.1332069792741,154.84500982890725,165.82471011250823,148.9746599409428,0.2385026223961274,0.2850138205925333,0.0222773605835865,0.2631025089953683,203.41140195507143,197.10149144072244,230.4883201995808,200.0988653252744,0.6256006768804613,0.634642782418029,0.4865783042403587,0.6312519928414411
P1,leave_family_out,8,max_delta_volume,0.0435090500180769,0.0435090500180769,0.0499975944873314,0.0499975944873314,-0.5066385501861816,-0.5066385501861816,-1.5458436929638122,-1.5458436929638122,0.0537263777083478,0.0537263777083478,0.0698391413297236,0.0698391413297236,0.1186776351805753,0.1186776351805753,0.0587736859941896,0.0587736859941896
P1,leave_family_out,8,stability_charge,0.0645612653571952,0.0645612653571952,0.062230715626017,0.062230715626017,0.0810884062423105,0.0810884062423105,0.1042030126839576,0.1042030126839576,0.0784726100439174,0.0784726100439174,0.0774793611287051,0.0774793611287051,0.4903846153846153,0.4903846153846153,0.3970588235294117,0.3970588235294117
P1,leave_family_out,8,stability_discharge,0.0587071215144916,0.0587071215144916,0.0708872461697989,0.0708872461697989,-0.1012141853361257,-0.1012141853361257,-0.3257768900167466,-0.3257768900167466,0.0801863381457042,0.0801863381457042,0.087983190126923,0.087983190126923,0.2387553136549365,0.2387553136549365,0.0294200860427883,0.0294200860427883
P1,leave_family_out,8,stability_worst,0.070003859378929,0.0690136196882046,0.0738175301928101,0.0747195611484715,-0.4048099631674671,-0.5234127585095589,-0.436644994337259,-0.5539821349497931,0.0857907512882178,0.089338874308393,0.0867573771045199,0.0902307760386321,0.0503251363059369,0.1662425851005109,0.2199604272248256,0.1068702332788999
P1,leave_family_out,9,average_voltage,0.8503866137888465,0.8503866137888465,0.9200434150126016,0.9200434150126016,-0.5390418715483529,-0.5390418715483529,-0.7070540533414844,-0.7070540533414844,1.1801429369326748,1.1801429369326748,1.242890963073165,1.242890963073165,0.4012176588288426,0.4012176588288426,0.2674784392192283,0.2674784392192283
P1,leave_family_out,9,capacity_grav,161.39016960775086,161.39016960775086,176.75940075698404,176.75940075698404,-0.0784796241241865,-0.0784796241241865,-0.2994265767644681,-0.2994265767644681,243.15681431005595,243.15681431005595,266.9047760626041,266.9047760626041,0.6200636545536659,0.6200636545536659,0.291794660966431,0.291794660966431
P1,leave_family_out,9,energy_grav,277.1194264102875,284.64840742835383,322.0204016201859,310.6642918277679,0.0695916928865159,0.0402584129296283,-0.3305347171671042,-0.1135534618233131,378.6301584406376,384.5524392417099,452.7844662178449,414.2227520352944,0.0364743326208038,0.1094229978624116,-0.2310041065984245,-0.2310041065984245
P1,leave_family_out,9,max_delta_volume,0.0690008827352847,0.0690008827352847,0.0787508854259947,0.0787508854259947,0.100539261453866,0.100539261453866,-0.0755893044751212,-0.0755893044751212,0.0967248910086068,0.0967248910086068,0.1057719183190184,0.1057719183190184,0.0364743326208038,0.0364743326208038,-0.0972648869888103,-0.0972648869888103
P1,leave_family_out,9,stability_charge,0.254158082425823,0.254158082425823,0.218948673075576,0.218948673075576,0.010917969467314,0.010917969467314,0.1889970737306161,0.1889970737306161,0.4366220343321139,0.4366220343321139,0.3953672605494532,0.3953672605494532,0.6139845991168652,0.6139845991168652,0.3465061598976368,0.3465061598976368
P1,leave_family_out,9,stability_discharge,0.1148714159080893,0.1148714159080893,0.1208979074308783,0.1208979074308783,0.0295992031065471,0.0295992031065471,-0.0183760681873665,-0.0183760681873665,0.1500650821733062,0.1500650821733062,0.1537298383659919,0.1537298383659919,0.2857156055296304,0.2857156055296304,0.0425533880576045,0.0425533880576045
P1,leave_family_out,9,stability_worst,0.2410058678483297,0.2446070292554039,0.2197475219006892,0.225768232145464,3.0214969140796025e-05,-0.0124592655099016,0.2016637429533241,0.1639677843064542,0.4331636226155771,0.4358603044896306,0.3870360913157154,0.396068263947828,0.6139845991168652,0.6504589317376691,0.2735574946560291,0.3100318272768329
P1,leave_working_ion_out,0,average_voltage,0.7705035368625236,0.7705035368625236,0.7764168754565101,0.7764168754565101,0.2339790682794816,0.2339790682794816,0.2080912877391789,0.2080912877391789,0.9576565799095555,0.9576565799095555,0.9737041902127956,0.9737041902127956,0.449472148549396,0.449472148549396,0.4321856199347739,0.4321856199347739
P1,leave_working_ion_out,0,capacity_grav,52.53902778281562,52.53902778281562,56.069889863131536,56.069889863131536,0.1126271559602686,0.1126271559602686,0.0174394186391986,0.0174394186391986,73.01074925786116,73.01074925786116,76.82691720315967,76.82691720315967,0.3721814076476364,0.3721814076476364,0.3362371921919047,0.3362371921919047
P1,leave_working_ion_out,0,energy_grav,199.9969998746862,190.7309094568581,218.7112546686464,204.4213867902112,0.1221790559951325,0.1883046864341367,-0.0072219658480494,0.1201155074023314,267.5326946252569,257.2589032711423,286.5738041567936,267.8469629596127,0.4286471482672667,0.4672457520068295,0.3561975329405855,0.4002947606916816
P1,leave_working_ion_out,0,max_delta_volume,0.0466851080912875,0.0466851080912875,0.0517293489360143,0.0517293489360143,-0.2225981207946163,-0.2225981207946163,-0.3534687957866005,-0.3534687957866005,0.0824354501352261,0.0824354501352261,0.0867353780064238,0.0867353780064238,0.0978817955640585,0.0978817955640585,0.1117710015231428,0.1117710015231428
P1,leave_working_ion_out,0,stability_charge,0.0560922938888639,0.0560922938888639,0.057463965975269,0.057463965975269,-0.0653926204666517,-0.0653926204666517,-0.0895492512680531,-0.0895492512680531,0.1074216877826337,0.1074216877826337,0.1086326972423372,0.1086326972423372,0.2387676612814069,0.2387676612814069,0.2393804566230678,0.2393804566230678
P1,leave_working_ion_out,0,stability_discharge,0.0398493017355808,0.0398493017355808,0.0382742326357114,0.0382742326357114,-0.0522818056581058,-0.0522818056581058,-0.0128585389175397,-0.0128585389175397,0.0870143125363993,0.0870143125363993,0.0853687769687519,0.0853687769687519,0.1015715597647807,0.1015715597647807,0.1960616028092489,0.1960616028092489
P1,leave_working_ion_out,0,stability_worst,0.0516835562826736,0.049875352330805,0.0560498743691434,0.0504758685143273,-0.107395681995448,-0.0233331509042684,-0.1123224618695275,-0.029591122818789,0.1089907357233287,0.1047723519173065,0.1092329153936376,0.1050922199378395,0.1784202115209945,0.181158642936364,0.2683924958680438,0.2671096862269385
P1,leave_working_ion_out,1,average_voltage,0.7010751352786073,0.7010751352786073,0.6497721837286962,0.6497721837286962,0.4117011353122639,0.4117011353122639,0.4475115966672062,0.4475115966672062,0.8819747000997746,0.8819747000997746,0.8547098432678986,0.8547098432678986,0.6410133722221728,0.6410133722221728,0.6612682966412058,0.6612682966412058
P1,leave_working_ion_out,1,capacity_grav,46.20127867196145,46.20127867196145,42.93749459765561,42.93749459765561,0.1637692702119217,0.1637692702119217,0.2655695825275228,0.2655695825275228,59.40610665843924,59.40610665843924,55.6728375213771,55.6728375213771,0.5067302574539219,0.5067302574539219,0.53437566898185,0.53437566898185
P1,leave_working_ion_out,1,energy_grav,153.164818119375,159.35597763579582,141.7739098267384,139.39165867511446,0.2492311377685958,0.1992879445353894,0.3868421836056595,0.3922586341267737,207.335085575206,214.12030723370336,187.3724815913615,186.5430499026488,0.5745392157798006,0.5509268809218807,0.6314617631939403,0.6453285432417881
P1,leave_working_ion_out,1,max_delta_volume,0.060427615784845,0.060427615784845,0.0637018479160865,0.0637018479160865,0.0580485428604741,0.0580485428604741,0.0429900129634041,0.0429900129634041,0.0933467608290016,0.0933467608290016,0.0940899474951316,0.0940899474951316,0.3176272730530864,0.3176272730530864,0.202065017392576,0.202065017392576
P1,leave_working_ion_out,1,stability_charge,0.0629736977157768,0.0629736977157768,0.0564581444328328,0.0564581444328328,0.2484882019896623,0.2484882019896623,0.2590919545292997,0.2590919545292997,0.1131048472320542,0.1131048472320542,0.1123040636964332,0.1123040636964332,0.3809842964708095,0.3809842964708095,0.448494077486276,0.448494077486276
P1,leave_working_ion_out,1,stability_discharge,0.042592313718012,0.042592313718012,0.0381689516320926,0.0381689516320926,-0.0321185945126303,-0.0321185945126303,0.1591925320689924,0.1591925320689924,0.0586145454744152,0.0586145454744152,0.0529040451866459,0.0529040451866459,0.2917602902990872,0.2917602902990872,0.2219656664610137,0.2219656664610137
P1,leave_working_ion_out,1,stability_worst,0.063478557089092,0.0626628630619859,0.0594113715470941,0.0554633215058997,0.2519117853405803,0.2420503058125215,0.2737794773105273,0.2646091698756508,0.1120513924837219,0.1127875187372972,0.1104015346393292,0.1110963924321393,0.3869900004667303,0.3745562542561902,0.3736779963336051,0.4243766906902376
P1,leave_working_ion_out,2,average_voltage,0.8532178961003566,0.8532178961003566,0.8659472165589425,0.8659472165589425,0.4012286937499586,0.4012286937499586,0.321552649442366,0.321552649442366,1.0318595935803712,1.0318595935803712,1.0983688091780568,1.0983688091780568,0.6797620841851746,0.6797620841851746,0.6305826186662379,0.6305826186662379
P1,leave_working_ion_out,2,capacity_grav,40.455206608494535,40.455206608494535,46.0531692573363,46.0531692573363,0.2563467049330068,0.2563467049330068,0.1041073760621202,0.1041073760621202,51.72831277078208,51.72831277078208,56.77681683812053,56.77681683812053,0.5989353896884917,0.5989353896884917,0.5791016024110085,0.5791016024110085
P1,leave_working_ion_out,2,energy_grav,149.7743687849464,147.10207011540044,136.92380445386004,182.77786672527776,0.431335860779964,0.435326083045614,0.4261805905089064,0.1666924518165894,194.97191705061525,194.28667001150683,195.85368987391303,236.0189091663678,0.7145026095473271,0.6931561965115184,0.7118687727247579,0.6372579075829422
P1,leave_working_ion_out,2,max_delta_volume,0.0889591415461381,0.0889591415461381,0.0994086752873296,0.0994086752873296,0.2275158453095559,0.2275158453095559,0.1722619925857781,0.1722619925857781,0.1241872690902766,0.1241872690902766,0.1285519697728751,0.1285519697728751,0.525435934604911,0.525435934604911,0.4161389622171117,0.4161389622171117
P1,leave_working_ion_out,2,stability_charge,0.0664876914372922,0.0664876914372922,0.0661461478856433,0.0661461478856433,0.1745257859716,0.1745257859716,0.0279397809465274,0.0279397809465274,0.1132612903389233,0.1132612903389233,0.1229069196950781,0.1229069196950781,0.5015882959403816,0.5015882959403816,0.5253383869647548,0.5253383869647548
P1,leave_working_ion_out,2,stability_discharge,0.0513232812582502,0.0513232812582502,0.0545717655601436,0.0545717655601436,0.0210446904107938,0.0210446904107938,-0.0433674491191566,-0.0433674491191566,0.0860048056413895,0.0860048056413895,0.088789155927118,0.088789155927118,0.1038170934808118,0.1038170934808118,0.308476210080627,0.308476210080627
P1,leave_working_ion_out,2,stability_worst,0.0671892652436339,0.0708432125052668,0.0750777804508238,0.0729706457887756,0.1624991372788475,0.1622419797274849,0.0230374565382159,0.0189957191087309,0.1182727356854925,0.1182908923191612,0.1277411928797949,0.1280051556491306,0.4460731093218413,0.3829954403453642,0.3989710709493783,0.4472649680362997
P1,random_split,0,average_voltage,0.553227546070382,0.553227546070382,0.5386742158614204,0.5386742158614204,0.55189542875048,0.55189542875048,0.5729022880876515,0.5729022880876515,0.7372852524568341,0.7372852524568341,0.7197960884514959,0.7197960884514959,0.7005948689295111,0.7005948689295111,0.7070972257730953,0.7070972257730953
P1,random_split,0,capacity_grav,45.07900420192348,45.07900420192348,45.35464210435543,45.35464210435543,0.3385935269207556,0.3385935269207556,0.3261878405933318,0.3261878405933318,65.71809915124982,65.71809915124982,66.33155747753132,66.33155747753132,0.647076736434334,0.647076736434334,0.6368622741427835,0.6368622741427835
P1,random_split,0,energy_grav,155.09523791157,155.27557254237962,157.09376182746496,156.42597409920828,0.4431928130703989,0.4431555771520286,0.4301649805461622,0.4402029966191436,215.79492319170245,215.80213860486455,218.30484520193977,216.3735107613674,0.6898690465133437,0.692035466037972,0.6858484036991077,0.6929178350232911
P1,random_split,0,max_delta_volume,0.0408202470385268,0.0408202470385268,0.0401722156736887,0.0401722156736887,0.1571056218152826,0.1571056218152826,0.1592102263855332,0.1592102263855332,0.0600464203548135,0.0600464203548135,0.0599714092041178,0.0599714092041178,0.3252793167059087,0.3252793167059087,0.3809578202860305,0.3809578202860305
P1,random_split,0,stability_charge,0.0453235660009393,0.0453235660009393,0.0460989663882252,0.0460989663882252,0.0716150011433056,0.0716150011433056,0.0666718385701742,0.0666718385701742,0.1063840837240285,0.1063840837240285,0.106666927414197,0.106666927414197,0.3936954271167726,0.3936954271167726,0.3840862196921448,0.3840862196921448
P1,random_split,0,stability_discharge,0.0367144609656021,0.0367144609656021,0.0380055340045011,0.0380055340045011,0.0295686504786262,0.0295686504786262,0.0099983873846899,0.0099983873846899,0.0916690427414098,0.0916690427414098,0.092588753709364,0.092588753709364,0.3886145792685044,0.3886145792685044,0.3482116372077742,0.3482116372077742
P1,random_split,0,stability_worst,0.0420911549557871,0.0414060380779807,0.0457152231801712,0.0424131234507973,0.088446422472853,0.0825299097513055,0.0425138355966064,0.0783627291503409,0.1047359893202974,0.1050753383014576,0.1073423485465468,0.1053136958453454,0.4403788456314085,0.4492989578874614,0.4043727800461554,0.4308484386818875
P1,random_split,1,average_voltage,0.5268512433458862,0.5268512433458862,0.5388456396096917,0.5388456396096917,0.5459904302474619,0.5459904302474619,0.5184229914982807,0.5184229914982807,0.7178630965693262,0.7178630965693262,0.7393362437658743,0.7393362437658743,0.705738777577954,0.705738777577954,0.7050984822210302,0.7050984822210302
P1,random_split,1,capacity_grav,43.80704802308807,43.80704802308807,45.67958227997816,45.67958227997816,0.2758833260487369,0.2758833260487369,0.2432446229874563,0.2432446229874563,61.19085186671996,61.19085186671996,62.55470538406903,62.55470538406903,0.5973097672493516,0.5973097672493516,0.57280079535464,0.57280079535464
P1,random_split,1,energy_grav,149.85123653365758,149.7177424886737,158.3874675868284,156.59539989730004,0.4363745795639766,0.4370034038701578,0.3996364196858322,0.3973847133002296,203.28520385436445,203.1717718239801,209.80587873266165,210.1989564598229,0.6828625367075376,0.6796035595500135,0.6617754367983397,0.6662279339782518
P1,random_split,1,max_delta_volume,0.0407018753516954,0.0407018753516954,0.0420722540066245,0.0420722540066245,0.3200440424501524,0.3200440424501524,0.2402654731828981,0.2402654731828981,0.0800998055493156,0.0800998055493156,0.084668526556339,0.084668526556339,0.4449576598372246,0.4449576598372246,0.4032144394382512,0.4032144394382512
P1,random_split,1,stability_charge,0.0495993872198888,0.0495993872198888,0.049572625819686,0.049572625819686,0.0904919548976597,0.0904919548976597,0.1017890239229009,0.1017890239229009,0.1118357066122086,0.1118357066122086,0.1111389763820838,0.1111389763820838,0.388893429255722,0.388893429255722,0.4363178799240613,0.4363178799240613
P1,random_split,1,stability_discharge,0.0400323013198686,0.0400323013198686,0.0382796109465139,0.0382796109465139,-0.0965809135904411,-0.0965809135904411,-0.0548205285029095,-0.0548205285029095,0.0894242853791947,0.0894242853791947,0.0877050142782817,0.0877050142782817,0.3047816759779986,0.3047816759779986,0.3532968843678966,0.3532968843678966
P1,random_split,1,stability_worst,0.0494583792198903,0.0479450535770768,0.048800340450971,0.0468726803540618,0.0847593779258623,0.0858624350555677,0.0796721389441809,0.107196581678459,0.1112870770917678,0.1112199947257408,0.1115959354475015,0.1099145065165592,0.3489218761492997,0.3612112183142968,0.406213833815632,0.4115974961309981
P1,random_split,2,average_voltage,0.5819645407768768,0.5819645407768768,0.5801047670044347,0.5801047670044347,0.4917863100873939,0.4917863100873939,0.4821455664900727,0.4821455664900727,0.7700038442399365,0.7700038442399365,0.7772729659952777,0.7772729659952777,0.6717614092481597,0.6717614092481597,0.6990410041832958,0.6990410041832958
P1,random_split,2,capacity_grav,44.47937395219347,44.47937395219347,43.68445736661624,43.68445736661624,0.261448256274024,0.261448256274024,0.2546399658783849,0.2546399658783849,61.904535536439376,61.904535536439376,62.18921240575279,62.18921240575279,0.5768406952626974,0.5768406952626974,0.593913887970269,0.593913887970269
P1,random_split,2,energy_grav,158.9622084863435,157.66359752388175,153.63968267228765,156.86334635355604,0.3415155041884655,0.3458957361391541,0.3849758526808884,0.3505817235416912,217.0231999840163,216.30017756984893,209.73913360201357,215.52400027621837,0.62178649897971,0.6225953300278347,0.6532996082043666,0.6320905290345449
P1,random_split,2,max_delta_volume,0.0416767384296026,0.0416767384296026,0.0408020745745662,0.0408020745745662,0.1362573328362484,0.1362573328362484,0.1760259424894313,0.1760259424894313,0.0894505847672154,0.0894505847672154,0.0873670690597691,0.0873670690597691,0.3802417410251459,0.3802417410251459,0.4458218006798696,0.4458218006798696
P1,random_split,2,stability_charge,0.0440490478307997,0.0440490478307997,0.0436364557046871,0.0436364557046871,0.1471861082598687,0.1471861082598687,0.161877720067554,0.161877720067554,0.0845394371513369,0.0845394371513369,0.0838080839669278,0.0838080839669278,0.3597520270977477,0.3597520270977477,0.3872105147676442,0.3872105147676442
P1,random_split,2,stability_discharge,0.0347622155649403,0.0347622155649403,0.0343390489195745,0.0343390489195745,0.1112133537721281,0.1112133537721281,0.134520156065795,0.134520156065795,0.0743313463647907,0.0743313463647907,0.0733502701828173,0.0733502701828173,0.3996828027429762,0.3996828027429762,0.4348564064841345,0.4348564064841345
P1,random_split,2,stability_worst,0.0426120869425852,0.0426725536054834,0.0442165060075089,0.0419204137560423,0.1556301207854101,0.1364519490315454,0.1458610091993512,0.1537834484764538,0.0856255846896778,0.0865925318360865,0.0861194916455351,0.0857191669214755,0.3666209250025057,0.3446150328392934,0.3898824149728436,0.423157135137411
P1,random_split,3,average_voltage,0.5671818294987206,0.5671818294987206,0.5594088739424329,0.5594088739424329,0.5064231418045313,0.5064231418045313,0.4955990484206454,0.4955990484206454,0.760703892523642,0.760703892523642,0.7689997392708943,0.7689997392708943,0.6957999081715557,0.6957999081715557,0.7066278507004724,0.7066278507004724
P1,random_split,3,capacity_grav,45.29684093929007,45.29684093929007,45.56375205431231,45.56375205431231,0.3174740260875599,0.3174740260875599,0.3215812803902462,0.3215812803902462,62.31784392307134,62.31784392307134,62.13005512638799,62.13005512638799,0.5923735703794459,0.5923735703794459,0.5766743047451635,0.5766743047451635
P1,random_split,3,energy_grav,153.79580376847528,154.4444352411526,152.7938314021365,153.74000170046503,0.4126868257441666,0.4044424382132988,0.4201634727057874,0.4073396925206485,208.68654698869256,210.1461574758958,207.35397584606727,209.6343772705924,0.6714120804839037,0.6657097653413132,0.6669754074755878,0.6561546182987874
P1,random_split,3,max_delta_volume,0.0455420271890539,0.0455420271890539,0.0428708350443292,0.0428708350443292,0.2712290459969303,0.2712290459969303,0.2947080374852812,0.2947080374852812,0.0781357665993384,0.0781357665993384,0.0768668027762005,0.0768668027762005,0.334728423046543,0.334728423046543,0.3838913618166681,0.3838913618166681
P1,random_split,3,stability_charge,0.0527681633252168,0.0527681633252168,0.0520800201533432,0.0520800201533432,0.1334166331816582,0.1334166331816582,0.1457705603031821,0.1457705603031821,0.1286731438069656,0.1286731438069656,0.1277526756733035,0.1277526756733035,0.3757101674680777,0.3757101674680777,0.4267055520022735,0.4267055520022735
P1,random_split,3,stability_discharge,0.0421403776530378,0.0421403776530378,0.0400087697891754,0.0400087697891754,0.0334790935394667,0.0334790935394667,0.0089803139548153,0.0089803139548153,0.0987186955215078,0.0987186955215078,0.0999619967111555,0.0999619967111555,0.2958103626093329,0.2958103626093329,0.3348000247123999,0.3348000247123999
P1,random_split,3,stability_worst,0.0521930703827173,0.0524762264842567,0.0545768107010031,0.0508819989731118,0.1346718652354678,0.1144985121734785,0.1152527957841581,0.1294694711940619,0.1278206083895193,0.1293019622861939,0.1292468798664401,0.1282042644127871,0.3454461496680555,0.330091804851033,0.3234716112466538,0.3566100091646665
P1,random_split,4,average_voltage,0.588828269245643,0.588828269245643,0.572869174702241,0.572869174702241,0.5041678860197991,0.5041678860197991,0.5209441904503987,0.5209441904503987,0.7970515456770612,0.7970515456770612,0.7834515391884391,0.7834515391884391,0.6879454348048025,0.6879454348048025,0.7107535008711832,0.7107535008711832
P1,random_split,4,capacity_grav,45.4602880329251,45.4602880329251,46.03569042224063,46.03569042224063,0.3021297456898769,0.3021297456898769,0.2801940540922277,0.2801940540922277,67.83159497318692,67.83159497318692,68.88939967462561,68.88939967462561,0.6085841362624023,0.6085841362624023,0.5962096932090692,0.5962096932090692
P1,random_split,4,energy_grav,159.14036670574643,156.77699953171424,160.70990552793887,165.10287232993255,0.3835048368260385,0.3937235159045215,0.3708984466815158,0.3448404735093959,218.12172607070548,216.30644047013988,220.34056955341092,224.85762494372275,0.622033337868121,0.6295381122445352,0.6214639403986918,0.6122065043869632
P1,random_split,4,max_delta_volume,0.0401607008862463,0.0401607008862463,0.0402142538829805,0.0402142538829805,0.2748869801536101,0.2748869801536101,0.2046312156314993,0.2046312156314993,0.0799980245957151,0.0799980245957151,0.0837839212994197,0.0837839212994197,0.4226785904516646,0.4226785904516646,0.3895956269916382,0.3895956269916382
P1,random_split,4,stability_charge,0.049235588938876,0.049235588938876,0.0471355242403584,0.0471355242403584,0.1709033961595998,0.1709033961595998,0.1678439808394767,0.1678439808394767,0.1046545884198977,0.1046545884198977,0.1048475014175474,0.1048475014175474,0.408285726348991,0.408285726348991,0.4746041499890635,0.4746041499890635
P1,random_split,4,stability_discharge,0.037678121904189,0.037678121904189,0.0372002813826144,0.0372002813826144,0.1006541367753465,0.1006541367753465,0.080127763052336,0.080127763052336,0.0731548196364142,0.0731548196364142,0.0739849405101306,0.0739849405101306,0.3672541948320315,0.3672541948320315,0.3667530742059926,0.3667530742059926
P1,random_split,4,stability_worst,0.0478269529059157,0.0476660408399365,0.0481679475636816,0.0464292018592646,0.1553463973539535,0.1442791863511272,0.1491254317598983,0.1300702668610639,0.1049591620920733,0.1056445465416743,0.1053449708331888,0.106518029316748,0.4261624616067631,0.4265194916919136,0.3859340193056736,0.4212709079573718
P2,framework_groupkfold,0,average_voltage,0.622826531100923,0.622826531100923,0.6044562652919798,0.6044562652919798,0.3633335800870459,0.3633335800870459,0.3981862685416365,0.3981862685416365,0.8436904000274675,0.8436904000274675,0.8202725564217701,0.8202725564217701,0.5867945182386174,0.5867945182386174,0.6249041333073113,0.6249041333073113
P2,framework_groupkfold,0,capacity_grav,44.68957566086687,44.68957566086687,43.97090452972105,43.97090452972105,0.3850869948720246,0.3850869948720246,0.4084956009861908,0.4084956009861908,59.44855742330761,59.44855742330761,58.30602987070191,58.30602987070191,0.6511572532097895,0.6511572532097895,0.6591205140614423,0.6591205140614423
P2,framework_groupkfold,0,energy_grav,153.2042755616982,155.07055909014866,159.11237590321986,153.98294530271662,0.4233106609847731,0.4145302561013997,0.4009551950880861,0.4227156405743347,211.9414771853911,213.54884344861688,216.01039377130763,212.05078819866685,0.6606771126835164,0.6548073201628931,0.643855969219612,0.6703147553177434
P2,framework_groupkfold,0,max_delta_volume,0.0415518702662587,0.0415518702662587,0.0390042040755038,0.0390042040755038,-0.0136340967806607,-0.0136340967806607,0.1343308405665714,0.1343308405665714,0.0606663702589745,0.0606663702589745,0.0560639094381677,0.0560639094381677,0.34575877710427,0.34575877710427,0.4423827920667078,0.4423827920667078
P2,framework_groupkfold,0,stability_charge,0.0515018192691497,0.0515018192691497,0.0507252950499702,0.0507252950499702,0.0368623808559868,0.0368623808559868,0.0322535699913183,0.0322535699913183,0.1247127418379443,0.1247127418379443,0.1250107737398469,0.1250107737398469,0.398188107577079,0.398188107577079,0.4103731296782301,0.4103731296782301
P2,framework_groupkfold,0,stability_discharge,0.0429409837301639,0.0429409837301639,0.041124172550672,0.041124172550672,0.0631007657054929,0.0631007657054929,0.075117852963379,0.075117852963379,0.1000807198074548,0.1000807198074548,0.0994368084054407,0.0994368084054407,0.3455862697465247,0.3455862697465247,0.4230956547338125,0.4230956547338125
P2,framework_groupkfold,0,stability_worst,0.0507945081902915,0.050332138227561,0.0524424847362178,0.0474126747138608,0.0480009317171185,0.0296405836253377,0.0579172379352888,0.0480006795171535,0.1236608140712713,0.1248475866831053,0.1230150841808082,0.123660830451146,0.3982145036656676,0.3973832995912917,0.4333105385939147,0.4596089005563595
P2,framework_groupkfold,1,average_voltage,0.5748339590231284,0.5748339590231284,0.575938335183043,0.575938335183043,0.5805053203572388,0.5805053203572388,0.5688119528211384,0.5688119528211384,0.7572466120756223,0.7572466120756223,0.7677281537095523,0.7677281537095523,0.7318001769768949,0.7318001769768949,0.721522524302527,0.721522524302527
P2,framework_groupkfold,1,capacity_grav,39.72366034941793,39.72366034941793,39.34213510177103,39.34213510177103,0.3424467167000729,0.3424467167000729,0.3242975221074665,0.3242975221074665,59.09173523514255,59.09173523514255,59.90168289142784,59.90168289142784,0.647216819966762,0.647216819966762,0.6491816658113501,0.6491816658113501
P2,framework_groupkfold,1,energy_grav,146.87010509312114,145.69323543212562,146.10609289176358,143.73524783658974,0.4673710383866905,0.468664763435862,0.4511728118513854,0.4687278172527481,193.9108465012669,193.67520418891692,196.8373557890636,193.6637120815417,0.6960013363084436,0.6971842931333353,0.6935325170421308,0.6937862105149096
P2,framework_groupkfold,1,max_delta_volume,0.0444481112734554,0.0444481112734554,0.0444840337424702,0.0444840337424702,0.1423672195965343,0.1423672195965343,0.1662121546970344,0.1662121546970344,0.1196379920688328,0.1196379920688328,0.1179631087583725,0.1179631087583725,0.3975612238637969,0.3975612238637969,0.3905092594342558,0.3905092594342558
P2,framework_groupkfold,1,stability_charge,0.0436766179831951,0.0436766179831951,0.0446372926357951,0.0446372926357951,0.1911639565242828,0.1911639565242828,0.1455636935097608,0.1455636935097608,0.0875001932275174,0.0875001932275174,0.0899329026949887,0.0899329026949887,0.4829746234016192,0.4829746234016192,0.4576038178287145,0.4576038178287145
P2,framework_groupkfold,1,stability_discharge,0.0360763992772196,0.0360763992772196,0.0340872969930331,0.0340872969930331,0.1157784622356326,0.1157784622356326,0.1185540181054011,0.1185540181054011,0.066667130311488,0.066667130311488,0.066562414596406,0.066562414596406,0.337525516160774,0.337525516160774,0.4182606761179223,0.4182606761179223
P2,framework_groupkfold,1,stability_worst,0.0433524846109472,0.0442540875297486,0.0448236154032661,0.0429150830216416,0.1811542750125221,0.155082384607982,0.1436443299237622,0.1376542826201333,0.0887780778029066,0.0901803417726123,0.090788697047332,0.09110566867823,0.4664929496718968,0.4699743773293832,0.4600440515447142,0.4909424572921326
P2,framework_groupkfold,2,average_voltage,0.5934382730862875,0.5934382730862875,0.6064470498252899,0.6064470498252899,0.5120539107405389,0.5120539107405389,0.4767477033656847,0.4767477033656847,0.7736016095005066,0.7736016095005066,0.8011005233047906,0.8011005233047906,0.6719006421963596,0.6719006421963596,0.6674839839611557,0.6674839839611557
P2,framework_groupkfold,2,capacity_grav,47.67405905419484,47.67405905419484,46.73970601838566,46.73970601838566,0.2225988230112938,0.2225988230112938,0.2538104510915397,0.2538104510915397,64.9059332474735,64.9059332474735,63.5896424273008,63.5896424273008,0.527218392057015,0.527218392057015,0.5678181096998403,0.5678181096998403
P2,framework_groupkfold,2,energy_grav,174.94492016143448,170.15981284067394,173.4701306737188,170.09598476036996,0.3159908962688569,0.3461633078973288,0.3090451585366832,0.3265485206782763,231.9499113844256,226.77643007365188,233.12459898057327,230.15288625659537,0.5911887684235417,0.602403792669614,0.6204440079809769,0.6251299696209018
P2,framework_groupkfold,2,max_delta_volume,0.0431391509225026,0.0431391509225026,0.0442445296414277,0.0442445296414277,0.0933585766997239,0.0933585766997239,0.0975592245405564,0.0975592245405564,0.0638557981635948,0.0638557981635948,0.0637076981910869,0.0637076981910869,0.2637184375456695,0.2637184375456695,0.3564324632280272,0.3564324632280272
P2,framework_groupkfold,2,stability_charge,0.0519782248498346,0.0519782248498346,0.0563934697794824,0.0563934697794824,-0.1524189340006121,-0.1524189340006121,-0.383988073191827,-0.383988073191827,0.1057717831829503,0.1057717831829503,0.1159126426672723,0.1159126426672723,0.2992243443350159,0.2992243443350159,0.2039420856770518,0.2039420856770518
P2,framework_groupkfold,2,stability_discharge,0.0405880216707602,0.0405880216707602,0.0421717734594352,0.0421717734594352,-0.1211529126729769,-0.1211529126729769,-0.2021708083419626,-0.2021708083419626,0.0861586609102034,0.0861586609102034,0.0892174086229894,0.0892174086229894,0.3208914533270956,0.3208914533270956,0.3764750012300988,0.3764750012300988
P2,framework_groupkfold,2,stability_worst,0.0495325004630791,0.0471967954316716,0.0558642016064716,0.0507679881852423,-0.1157018271111927,-0.0917197852496676,-0.40802477663803,-0.2403075717614269,0.102847903040891,0.1017365391277435,0.1155384448658758,0.1084391404990278,0.2485154713906031,0.269485246648676,0.2752690817044507,0.2774214629395857
P2,framework_groupkfold,3,average_voltage,0.5375729117722458,0.5375729117722458,0.5992495486472995,0.5992495486472995,0.5685925163648948,0.5685925163648948,0.45443010021073,0.45443010021073,0.7071020667389962,0.7071020667389962,0.7951763777721899,0.7951763777721899,0.7173874857341938,0.7173874857341938,0.6673169717401656,0.6673169717401656
P2,framework_groupkfold,3,capacity_grav,46.18414124137917,46.18414124137917,48.72428233809856,48.72428233809856,0.2991672219612915,0.2991672219612915,0.2226074446283473,0.2226074446283473,69.53867190287329,69.53867190287329,73.23848935838154,73.23848935838154,0.5972518004462637,0.5972518004462637,0.589181317332018,0.589181317332018
P2,framework_groupkfold,3,energy_grav,156.7851950450267,155.5366508698953,175.69861650846798,177.2589965918027,0.3919040633108914,0.3901893031543831,0.2367676219926151,0.2100961443951843,224.23019150370305,224.5461205327644,251.2097145446448,255.56133841794465,0.6790348454099785,0.6823394259991691,0.5987073848133444,0.6161355237530255
P2,framework_groupkfold,3,max_delta_volume,0.0423454012990956,0.0423454012990956,0.0449607310375595,0.0449607310375595,0.0719986843743727,0.0719986843743727,0.0799053516724831,0.0799053516724831,0.0706255713003815,0.0706255713003815,0.0703240591076161,0.0703240591076161,0.3706474471073617,0.3706474471073617,0.4012738581704169,0.4012738581704169
P2,framework_groupkfold,3,stability_charge,0.0482897164223161,0.0482897164223161,0.048976627095576,0.048976627095576,0.1377216121100115,0.1377216121100115,0.1690245730231079,0.1690245730231079,0.0974865488036198,0.0974865488036198,0.0957006827146335,0.0957006827146335,0.3061219330343162,0.3061219330343162,0.3902079325205108,0.3902079325205108
P2,framework_groupkfold,3,stability_discharge,0.0364002803057828,0.0364002803057828,0.0406599061385177,0.0406599061385177,-0.0185343889083025,-0.0185343889083025,-0.1037790534340863,-0.1037790534340863,0.0679999721552344,0.0679999721552344,0.0707883778833904,0.0707883778833904,0.3612796555106078,0.3612796555106078,0.3150686663719523,0.3150686663719523
P2,framework_groupkfold,3,stability_worst,0.0453548267254979,0.0442673329363682,0.0511282022860721,0.0485982182191992,0.1499574903163334,0.1488100350528753,0.151685846323057,0.1585502329499437,0.0960999023200428,0.0961647421072576,0.0960021546451326,0.0956129506927225,0.3558717541682728,0.3747059203635319,0.3464964768601033,0.369317837322942
P2,framework_groupkfold,4,average_voltage,0.6241642079093932,0.6241642079093932,0.6187693590496828,0.6187693590496828,0.5099477244047306,0.5099477244047306,0.486999005169576,0.486999005169576,0.8208568756545724,0.8208568756545724,0.8398569855299617,0.8398569855299617,0.6881246762765458,0.6881246762765458,0.6833748031349696,0.6833748031349696
P2,framework_groupkfold,4,capacity_grav,41.889148668207326,41.889148668207326,47.58992790290498,47.58992790290498,0.3814785075233882,0.3814785075233882,0.2218910030465508,0.2218910030465508,57.501814573158754,57.501814573158754,64.49475105162935,64.49475105162935,0.6509222314232482,0.6509222314232482,0.5972183008768239,0.5972183008768239
P2,framework_groupkfold,4,energy_grav,150.56453127609944,149.71505464213487,165.23958581174983,173.51846101020388,0.4665958438543462,0.4661299167361632,0.4064836414352597,0.3361775666679559,215.7633218245853,215.8575356003908,227.5965994305116,240.69960888835035,0.7206731542843452,0.7185655531460545,0.6793322473624405,0.6550730217149773
P2,framework_groupkfold,4,max_delta_volume,0.0414496514677827,0.0414496514677827,0.0451305930818134,0.0451305930818134,0.0851628890210834,0.0851628890210834,0.0044240900704103,0.0044240900704103,0.0676677348632792,0.0676677348632792,0.0705906111363725,0.0705906111363725,0.3590764155919144,0.3590764155919144,0.3310602573621736,0.3310602573621736
P2,framework_groupkfold,4,stability_charge,0.0516402511053057,0.0516402511053057,0.0545590843776141,0.0545590843776141,0.0350731561016712,0.0350731561016712,-0.042163127246408,-0.042163127246408,0.1102836022206274,0.1102836022206274,0.1146123983506973,0.1146123983506973,0.3555259658260841,0.3555259658260841,0.2823411056770336,0.2823411056770336
P2,framework_groupkfold,4,stability_discharge,0.0369484444693867,0.0369484444693867,0.0381684820182474,0.0381684820182474,0.1104383461394525,0.1104383461394525,0.1037506328181355,0.1037506328181355,0.0788788441163646,0.0788788441163646,0.0791747939998327,0.0791747939998327,0.4294283020775677,0.4294283020775677,0.4125731044141125,0.4125731044141125
P2,framework_groupkfold,4,stability_worst,0.0481491009295958,0.0475371299876922,0.0526342423343948,0.0495531934243217,0.0685732952627646,0.0675257188382698,0.0284615033811057,0.0293178345554304,0.1084756001151288,0.1085365842735864,0.1107867253783289,0.1107378899275248,0.4190014635265089,0.4240443583219901,0.3940092810365064,0.3866851518952102
P2,leave_chemical_system_out,0,average_voltage,0.5674784587542391,0.5674784587542391,1.0304180017233602,1.0304180017233602,0.0518534309621658,0.0518534309621658,-1.5240107878343827,-1.5240107878343827,0.740561381440517,0.740561381440517,1.2082837237092656,1.2082837237092656,0.4222474576822399,0.4222474576822399,0.1782449439949636,0.1782449439949636
P2,leave_chemical_system_out,0,capacity_grav,60.00049692667378,60.00049692667378,70.96030860707273,70.96030860707273,0.232692080442747,0.232692080442747,-0.0582588536012023,-0.0582588536012023,74.97489615087534,74.97489615087534,88.04951899830917,88.04951899830917,0.6539117383892696,0.6539117383892696,0.406089669782018,0.406089669782018
P2,leave_chemical_system_out,0,energy_grav,220.72813188908972,227.63892803368063,220.1183637131529,214.096770956928,0.2882996142274403,0.2592422742411708,0.2316415831497733,0.2484746741557967,287.2072266483047,293.01162943363926,298.42052442586174,295.13354405445733,0.6730841466385221,0.6643528928004838,0.6232942135237198,0.6153137469638853
P2,leave_chemical_system_out,0,max_delta_volume,0.0440379912760153,0.0440379912760153,0.0388128294413198,0.0388128294413198,-2.6967248599708,-2.6967248599708,-1.8690084859319365,-1.8690084859319365,0.0532265546521688,0.0532265546521688,0.0468905911165292,0.0468905911165292,0.163381702096775,0.163381702096775,-0.204088449836881,-0.204088449836881
P2,leave_chemical_system_out,0,stability_charge,0.1260385517075663,0.1260385517075663,0.1639486555396855,0.1639486555396855,-0.0690072722400154,-0.0690072722400154,-0.2442699657354572,-0.2442699657354572,0.2371453502428616,0.2371453502428616,0.2558477447290935,0.2558477447290935,-0.2038980844750729,-0.2038980844750729,-0.3114185567785877,-0.3114185567785877
P2,leave_chemical_system_out,0,stability_discharge,0.0742830720104633,0.0742830720104633,0.1128827217942656,0.1128827217942656,-0.007021920088033,-0.007021920088033,-0.1830569780206918,-0.1830569780206918,0.1741445317358574,0.1741445317358574,0.1887527164658169,0.1887527164658169,-0.0154699177912777,-0.0154699177912777,-0.2064867848444277,-0.2064867848444277
P2,leave_chemical_system_out,0,stability_worst,0.1003904684537277,0.0894964784000122,0.1549746864224766,0.1359416291331991,-0.0216219472967489,-0.0070695773817912,-0.2266242255629575,-0.1391432951723492,0.2250839515821711,0.2234751112767134,0.2466352756290433,0.2376777913533015,0.0130365496364876,-0.0190227374885937,-0.3281761579335629,-0.3328886887958592
P2,leave_chemical_system_out,1,average_voltage,0.4473788527271092,0.4473788527271092,0.4610562741447098,0.4610562741447098,0.1772707407619225,0.1772707407619225,0.1453463856962366,0.1453463856962366,0.5389110310448014,0.5389110310448014,0.549267204149982,0.549267204149982,0.5359755454040885,0.5359755454040885,0.5787787929178931,0.5787787929178931
P2,leave_chemical_system_out,1,capacity_grav,42.4946191704652,42.4946191704652,46.18901183456624,46.18901183456624,0.3068280481372198,0.3068280481372198,0.1053599635487292,0.1053599635487292,51.93430828410583,51.93430828410583,59.000817034187634,59.000817034187634,0.6822761350169748,0.6822761350169748,0.4171948274561565,0.4171948274561565
P2,leave_chemical_system_out,1,energy_grav,164.61000120842652,164.18872290384792,177.97166093869416,183.43785121806587,0.3633844453826467,0.3459923876976021,0.2487662874008464,0.2110136568332585,206.44658638730624,209.24759976683043,224.26247869934983,229.82847020797996,0.7055268052870562,0.7068634937333065,0.5777306246553964,0.5874234419678228
P2,leave_chemical_system_out,1,max_delta_volume,0.0474257919240767,0.0474257919240767,0.0573124800993988,0.0573124800993988,0.0636020329117207,0.0636020329117207,-0.3576903521059631,-0.3576903521059631,0.0604572036530195,0.0604572036530195,0.072797789231256,0.072797789231256,0.2390042767746079,0.2390042767746079,0.0263247276518348,0.0263247276518348
P2,leave_chemical_system_out,1,stability_charge,0.0402950995667933,0.0402950995667933,0.0372947677545894,0.0372947677545894,-0.3529440242391048,-0.3529440242391048,-0.2659827744130825,-0.2659827744130825,0.0502328441715707,0.0502328441715707,0.0485916618547976,0.0485916618547976,0.0377857765294925,0.0377857765294925,0.1401402882942694,0.1401402882942694
P2,leave_chemical_system_out,1,stability_discharge,0.0222619332219567,0.0222619332219567,0.0265477005716281,0.0265477005716281,-0.2972550339851785,-0.2972550339851785,-0.6301596694759628,-0.6301596694759628,0.0295122481723446,0.0295122481723446,0.0330829847048841,0.0330829847048841,0.1913018030871529,0.1913018030871529,0.2936033271485864,0.2936033271485864
P2,leave_chemical_system_out,1,stability_worst,0.0383773836659397,0.0377087329749868,0.036474528851071,0.0350404048087147,-0.3020780237312757,-0.2932904425131479,-0.440795663366357,-0.311462683595763,0.0469226681781257,0.0467640621608722,0.0493588907740557,0.0470914609322821,0.0959166269526898,0.0627215304320616,0.0331457914482298,0.1014241861509632
P2,leave_chemical_system_out,2,average_voltage,0.6089619867771056,0.6089619867771056,0.6411449506174323,0.6411449506174323,0.3175668053764927,0.3175668053764927,0.2524949984769343,0.2524949984769343,0.7316893470923344,0.7316893470923344,0.7657794571366038,0.7657794571366038,0.6708418407315877,0.6708418407315877,0.5988780769164788,0.5988780769164788
P2,leave_chemical_system_out,2,capacity_grav,35.66360622365443,35.66360622365443,38.465023366863846,38.465023366863846,0.1945836565379084,0.1945836565379084,0.0616603221121668,0.0616603221121668,46.30331091391387,46.30331091391387,49.97834466803396,49.97834466803396,0.5781242145050024,0.5781242145050024,0.5372353499848367,0.5372353499848367
P2,leave_chemical_system_out,2,energy_grav,153.69749568260968,157.6294248649142,151.09572578918846,165.2711882676099,0.1835922072151846,0.1482065177553529,0.2067022433156703,0.0540424593020002,196.34822994823327,200.5582706019628,193.5492678642738,211.3534014153475,0.4304254161991852,0.4279825161545421,0.4568336180706734,0.4056231949126012
P2,leave_chemical_system_out,2,max_delta_volume,0.0310775922758082,0.0310775922758082,0.0336779816187016,0.0336779816187016,0.3527524946597764,0.3527524946597764,0.2753698374252658,0.2753698374252658,0.0432505265948605,0.0432505265948605,0.0457629919645041,0.0457629919645041,0.3426676250121134,0.3426676250121134,0.4097229692930784,0.4097229692930784
P2,leave_chemical_system_out,2,stability_charge,0.0559632075524604,0.0559632075524604,0.0448811077534046,0.0448811077534046,-0.6992642108862925,-0.6992642108862925,-0.1619919161501384,-0.1619919161501384,0.080564377710671,0.080564377710671,0.0666214613806707,0.0666214613806707,-0.1854109703905483,-0.1854109703905483,-0.095749343332395,-0.095749343332395
P2,leave_chemical_system_out,2,stability_discharge,0.0295638306944885,0.0295638306944885,0.0217572526674349,0.0217572526674349,-0.182007665239384,-0.182007665239384,-0.0029881194472489,-0.0029881194472489,0.0556110549962156,0.0556110549962156,0.0512269951610139,0.0512269951610139,0.1153204508384049,0.1153204508384049,0.2415667113580476,0.2415667113580476
P2,leave_chemical_system_out,2,stability_worst,0.0509271015162175,0.0537488848314638,0.0506520083968679,0.0425794073616624,-0.509741642331172,-0.6776320643448861,-0.4090847300113396,-0.1723869047380353,0.0740769735498239,0.0780872759283315,0.0715649657807106,0.0652780831415096,-0.2364336045825882,-0.1839945939439931,-0.1224905844858501,-0.1118308697167622
P2,leave_chemical_system_out,3,average_voltage,0.6398114327851894,0.6398114327851894,1.2423908275031874,1.2423908275031874,0.3910016254089123,0.3910016254089123,-1.001283330122286,-1.001283330122286,0.8037790498537709,0.8037790498537709,1.4570783474003015,1.4570783474003015,0.6549737360632831,0.6549737360632831,0.5337168092006443,0.5337168092006443
P2,leave_chemical_system_out,3,capacity_grav,38.37961737838671,38.37961737838671,32.305203630123046,32.305203630123046,0.1399129862746799,0.1399129862746799,0.2025618513944352,0.2025618513944352,44.34992621793457,44.34992621793457,42.70416264030609,42.70416264030609,0.6465858550765163,0.6465858550765163,0.608843828073776,0.608843828073776
P2,leave_chemical_system_out,3,energy_grav,138.06230954723202,145.60516369146876,174.85272474392423,182.8446954890274,0.3202716499268453,0.2510776899460917,-0.1532182847817889,-0.3000916378788203,170.68037397745948,179.15720478873496,222.31647804921505,236.0493866637424,0.606051720556902,0.5739298755587151,0.5672260100515273,0.5504967263387263
P2,leave_chemical_system_out,3,max_delta_volume,0.0374304436284791,0.0374304436284791,0.0305313143532033,0.0305313143532033,-0.2111507157577308,-0.2111507157577308,-0.1776729983730185,-0.1776729983730185,0.0454745116517938,0.0454745116517938,0.044841621406927,0.044841621406927,0.3043473926782818,0.3043473926782818,0.2253997559803419,0.2253997559803419
P2,leave_chemical_system_out,3,stability_charge,0.0440144764732712,0.0440144764732712,0.0685133329728101,0.0685133329728101,-0.8392177162792802,-0.8392177162792802,-2.9458988306444778,-2.9458988306444778,0.0567932846664547,0.0567932846664547,0.0831866028921468,0.0831866028921468,0.1411847533296809,0.1411847533296809,0.0921095953742505,0.0921095953742505
P2,leave_chemical_system_out,3,stability_discharge,0.0222691642241596,0.0222691642241596,0.0175393555565371,0.0175393555565371,-1.4441386425971483,-1.4441386425971483,-0.4538941642893028,-0.4538941642893028,0.0301565111508636,0.0301565111508636,0.0232586537774528,0.0232586537774528,0.0088747507251275,0.0088747507251275,0.0875621809557961,0.0875621809557961
P2,leave_chemical_system_out,3,stability_worst,0.0357918610718355,0.0409354151129989,0.0497049214044841,0.0494686546994314,-0.372021769932535,-0.7205071643447853,-1.5498592812936578,-1.4799344914713406,0.0469968912301266,0.0526280007850882,0.0640688216683591,0.0631842353766258,0.127796936817696,0.0794812994661981,0.1237967949703177,0.0538297569360484
P2,leave_chemical_system_out,4,average_voltage,0.5329119030955597,0.5329119030955597,0.619558567383184,0.619558567383184,0.1671114400234951,0.1671114400234951,-0.0629321975017802,-0.0629321975017802,0.7195269085382902,0.7195269085382902,0.8128424439073696,0.8128424439073696,0.4600555232244911,0.4600555232244911,0.4935612114265824,0.4935612114265824
P2,leave_chemical_system_out,4,capacity_grav,37.37152223565596,37.37152223565596,45.30541457559573,45.30541457559573,0.3249090031408758,0.3249090031408758,0.1832395404762596,0.1832395404762596,47.68859546397033,47.68859546397033,52.45425533737789,52.45425533737789,0.6245290331022788,0.6245290331022788,0.619372591392717,0.619372591392717
P2,leave_chemical_system_out,4,energy_grav,126.26301211278164,131.5442976315094,120.29679255391252,129.07812298852963,0.3836996664124537,0.3463354963252629,0.4286202690629151,0.3448517792269101,153.41792779804254,158.00010006456452,147.7210296673492,158.1793162916658,0.6688728126269333,0.6316660412576195,0.7678223596565013,0.69380069631205
P2,leave_chemical_system_out,4,max_delta_volume,0.0254993384536409,0.0254993384536409,0.0419897487673756,0.0419897487673756,0.2425141343991846,0.2425141343991846,-0.5412719629299669,-0.5412719629299669,0.0347393224121172,0.0347393224121172,0.0495534294028373,0.0495534294028373,0.2885212039624527,0.2885212039624527,0.2339193417071928,0.2339193417071928
P2,leave_chemical_system_out,4,stability_charge,0.0324032757902997,0.0324032757902997,0.0362737373245611,0.0362737373245611,-0.1001758154234917,-0.1001758154234917,-0.8233201015114799,-0.8233201015114799,0.0362578414344481,0.0362578414344481,0.0466769379719805,0.0466769379719805,0.1088634606800291,0.1088634606800291,0.0960598373417239,0.0960598373417239
P2,leave_chemical_system_out,4,stability_discharge,0.024589390351841,0.024589390351841,0.0248293778323892,0.0248293778323892,-1.0918771489588592,-1.0918771489588592,-1.310149300055865,-1.310149300055865,0.029402171747105,0.029402171747105,0.030898069545052,0.030898069545052,0.2339553361065602,0.2339553361065602,0.2745186349620869,0.2745186349620869
P2,leave_chemical_system_out,4,stability_worst,0.0348781405543755,0.0269301281336419,0.0316219473446553,0.03038684761131,-0.6617135218795169,0.0011527291265781,-0.5163388460682801,-0.4992951168360202,0.0407393712526974,0.0315853569160083,0.0389165538605073,0.0386972237312388,0.1448803654750536,0.1473514634510726,0.1597396110136701,0.0606562023012246
P2,leave_chemical_system_out,5,average_voltage,0.4281614808324537,0.4281614808324537,0.5616540278959201,0.5616540278959201,-0.2081986848682471,-0.2081986848682471,-0.9140339586451768,-0.9140339586451768,0.5161006559388115,0.5161006559388115,0.6495910776149486,0.6495910776149486,0.7462811117059479,0.7462811117059479,0.6463084555896866,0.6463084555896866
P2,leave_chemical_system_out,5,capacity_grav,29.20254040727121,29.20254040727121,36.56361978799114,36.56361978799114,0.3729254962977685,0.3729254962977685,0.0221248081543028,0.0221248081543028,38.02886337841888,38.02886337841888,47.48926936731048,47.48926936731048,0.6954761006040181,0.6954761006040181,0.6708601489707543,0.6708601489707543
P2,leave_chemical_system_out,5,energy_grav,165.2733302897044,160.23730335007312,194.93591383475248,207.9687056563837,0.0446828227839829,0.1114092461293781,-0.3333375650661718,-0.511447268600167,204.5573569559464,197.28415464197957,241.6636706608028,257.2988293769609,0.6081487614949813,0.578124150878008,0.5234892036897447,0.5478534368953215
P2,leave_chemical_system_out,5,max_delta_volume,0.0493899709641988,0.0493899709641988,0.0372494384614228,0.0372494384614228,-0.9343575030815844,-0.9343575030815844,0.0508795243179424,0.0508795243179424,0.0657416743960213,0.0657416743960213,0.0460503633470529,0.0460503633470529,0.1021465691800585,0.1021465691800585,0.1574377920102228,0.1574377920102228
P2,leave_chemical_system_out,5,stability_charge,0.0379040686706199,0.0379040686706199,0.0386386786751507,0.0386386786751507,-0.106690825178439,-0.106690825178439,-0.0917389769517573,-0.0917389769517573,0.0485386821362212,0.0485386821362212,0.0482096783334001,0.0482096783334001,0.1031667898827526,0.1031667898827526,0.1554543716603068,0.1554543716603068
P2,leave_chemical_system_out,5,stability_discharge,0.0301557560218045,0.0301557560218045,0.0236547480956695,0.0236547480956695,-0.795773875433357,-0.795773875433357,-0.1247273830155022,-0.1247273830155022,0.0388185032184893,0.0388185032184893,0.0307210882165281,0.0307210882165281,0.1764335923486398,0.1764335923486398,0.086767481172076,0.086767481172076
P2,leave_chemical_system_out,5,stability_worst,0.0342167591436111,0.034092000405174,0.0382308757668909,0.0349911641474212,-0.0815039312117524,-0.0789267147554011,-0.1803202979497347,-0.0386221790309615,0.0447960928172806,0.0447426865905409,0.0467978630860587,0.043899025624948,0.0345244851746005,0.1913135035893111,-0.0170913292943567,0.2058342969577966
P2,leave_chemical_system_out,6,average_voltage,0.7304942780237909,0.7304942780237909,0.5507924201531484,0.5507924201531484,-2.257163568611733,-2.257163568611733,-0.8380092611331149,-0.8380092611331149,0.8783272281251957,0.8783272281251957,0.659797110784425,0.659797110784425,0.4166463033697322,0.4166463033697322,0.5078159135621779,0.5078159135621779
P2,leave_chemical_system_out,6,capacity_grav,32.743847068029176,32.743847068029176,39.49049423610702,39.49049423610702,0.1755301435389687,0.1755301435389687,0.0550750093989907,0.0550750093989907,44.562333874782674,44.562333874782674,47.70668115058679,47.70668115058679,0.6057688406219562,0.6057688406219562,0.556471381265249,0.556471381265249
P2,leave_chemical_system_out,6,energy_grav,177.52859753028218,185.11070506982824,152.36325496204236,182.6301366298714,0.1031369816185714,0.0264578593466472,0.3754938110056813,0.1681251470776491,241.1929736730736,251.2921784636473,201.26579221559845,232.29004159044317,0.5793772450192761,0.6247843315771121,0.6798474587206328,0.5603021218990893
P2,leave_chemical_system_out,6,max_delta_volume,0.0322139357733918,0.0322139357733918,0.0298207231355542,0.0298207231355542,-0.1844678843591556,-0.1844678843591556,-0.0704631467789376,-0.0704631467789376,0.0417021400918291,0.0417021400918291,0.0396444646989438,0.0396444646989438,0.0622755378263862,0.0622755378263862,0.2193787257603471,0.2193787257603471
P2,leave_chemical_system_out,6,stability_charge,0.05816431271419,0.05816431271419,0.0657723396548065,0.0657723396548065,-0.6329871854963465,-0.6329871854963465,-1.0093654128729035,-1.0093654128729035,0.0796982245769737,0.0796982245769737,0.0884070134768716,0.0884070134768716,-0.0330148856715175,-0.0330148856715175,-0.1407094723550547,-0.1407094723550547
P2,leave_chemical_system_out,6,stability_discharge,0.0320564720762821,0.0320564720762821,0.0304286462756362,0.0304286462756362,-0.3234513842732911,-0.3234513842732911,-0.3653558107338424,-0.3653558107338424,0.0414795081900525,0.0414795081900525,0.0421310733607307,0.0421310733607307,0.1486581710227013,0.1486581710227013,0.0772761516417942,0.0772761516417942
P2,leave_chemical_system_out,6,stability_worst,0.0557230610204977,0.0592477897310802,0.0651670658521832,0.065581436600364,-0.4993674625604407,-0.6775560254483259,-0.9140612963534024,-1.0310737107454253,0.0759102087250377,0.0802942898035524,0.0857677595263546,0.0883504949832965,-0.0093755554403535,-0.0409680669005024,-0.3982907762188761,-0.2107204221957514
P2,leave_chemical_system_out,7,average_voltage,0.7435780113724665,0.7435780113724665,0.7515525589533968,0.7515525589533968,-0.1178840348905154,-0.1178840348905154,-0.0359674866297707,-0.0359674866297707,0.9697971913071282,0.9697971913071282,0.9335887459894392,0.9335887459894392,0.2433611704281339,0.2433611704281339,0.1193528190218445,0.1193528190218445
P2,leave_chemical_system_out,7,capacity_grav,82.22223424599406,82.22223424599406,77.96501015250907,77.96501015250907,0.0855291507281272,0.0855291507281272,0.1957060573312472,0.1957060573312472,101.68683285659309,101.68683285659309,95.364599006643,95.364599006643,0.2474890758429688,0.2474890758429688,0.3755310269905932,0.3755310269905932
P2,leave_chemical_system_out,7,energy_grav,335.3596748863736,337.1080317922241,297.6293057417485,313.1078556513902,0.0534494598663546,0.0533818571630602,0.233476158414565,0.1880711597050839,406.8071661800336,406.82169301825786,366.0829686852563,376.7694445898166,0.1549478087773534,0.1964509405274719,0.4627139899947807,0.4231315263135813
P2,leave_chemical_system_out,7,max_delta_volume,0.0561053982741291,0.0561053982741291,0.0710553340146431,0.0710553340146431,-0.2537746569831065,-0.2537746569831065,-0.7427821957099108,-0.7427821957099108,0.0682716309825243,0.0682716309825243,0.0804918838521365,0.0804918838521365,0.2504592915523996,0.2504592915523996,0.2183924855321874,0.2183924855321874
P2,leave_chemical_system_out,7,stability_charge,0.0289058992085884,0.0289058992085884,0.0689001620779035,0.0689001620779035,-0.9482083808673664,-0.9482083808673664,-6.62438901821252,-6.62438901821252,0.0414328886870035,0.0414328886870035,0.0819653000717147,0.0819653000717147,0.0844477852314749,0.0844477852314749,0.1189827430193003,0.1189827430193003
P2,leave_chemical_system_out,7,stability_discharge,0.0350408516029124,0.0350408516029124,0.048664977222928,0.048664977222928,-0.1986843362801089,-0.1986843362801089,-0.8498558229492625,-0.8498558229492625,0.0498965612472133,0.0498965612472133,0.0619850764909446,0.0619850764909446,0.1016460678812217,0.1016460678812217,0.0328375706348706,0.0328375706348706
P2,leave_chemical_system_out,7,stability_worst,0.0300686535665927,0.0309803440132904,0.0498587208648013,0.0513868273736638,-0.2835392705565587,-0.248138539699962,-1.291139096377195,-1.4424904246963737,0.0468357450380819,0.046185351105724,0.0625746718714716,0.0646084448782281,0.1716928159227641,0.1726949140701733,0.1358678071528877,0.1388532245503775
P2,leave_chemical_system_out,8,average_voltage,0.7174652967676497,0.7174652967676497,1.2502641207885752,1.2502641207885752,-1.289839488478577,-1.289839488478577,-4.391046182744618,-4.391046182744618,0.8792636220389269,0.8792636220389269,1.3491278615600573,1.3491278615600573,0.2586309511813434,0.2586309511813434,0.4463367274068214,0.4463367274068214
P2,leave_chemical_system_out,8,capacity_grav,28.65590948522529,28.65590948522529,33.68802258497913,33.68802258497913,-0.1746858637814867,-0.1746858637814867,-0.5685640250065387,-0.5685640250065387,35.70726166783578,35.70726166783578,41.26166987212338,41.26166987212338,0.2715440724036553,0.2715440724036553,0.1761646142759179,0.1761646142759179
P2,leave_chemical_system_out,8,energy_grav,94.70160454152877,88.85719565549766,115.92991094503252,108.26400592139284,-0.0122142555111037,0.044733007626843,-0.4294311441915526,-0.3427573243953961,119.3696356496624,115.9631568072802,141.85324128221248,137.485345247863,0.2666966403541767,0.3457139493654091,0.0698409347719762,0.0829575965087805
P2,leave_chemical_system_out,8,max_delta_volume,0.0225020200652905,0.0225020200652905,0.0256595737942491,0.0256595737942491,-0.3512818559199564,-0.3512818559199564,-0.3485821893951231,-0.3485821893951231,0.0325405040499084,0.0325405040499084,0.0325079821781197,0.0325079821781197,-0.0767959388783866,-0.0767959388783866,0.0242235124010337,0.0242235124010337
P2,leave_chemical_system_out,8,stability_charge,0.0453918160053971,0.0453918160053971,0.0327790952155235,0.0327790952155235,-0.3868246776876773,-0.3868246776876773,-0.0146990362386194,-0.0146990362386194,0.0570899812787637,0.0570899812787637,0.0488334878339092,0.0488334878339092,0.0143264531482063,0.0143264531482063,0.1463789778186302,0.1463789778186302
P2,leave_chemical_system_out,8,stability_discharge,0.027038072741127,0.027038072741127,0.0447599227866137,0.0447599227866137,-0.1794978734422989,-0.1794978734422989,-0.8866488134904529,-0.8866488134904529,0.0427250336624447,0.0427250336624447,0.0540355238183866,0.0540355238183866,0.2791987970354009,0.2791987970354009,0.1495187562152393,0.1495187562152393
P2,leave_chemical_system_out,8,stability_worst,0.0438679255825397,0.0388583044209826,0.0434313332017097,0.0407016809175659,-0.2867870902707017,-0.1380401028872317,-0.1629852732991998,-0.1277633149779251,0.0557011710402785,0.0523829269285996,0.0529539164413055,0.052145875063308,0.1607161752651752,0.1726171591172945,0.4225378200117993,0.1963926801907505
P2,leave_chemical_system_out,9,average_voltage,0.7250942842437424,0.7250942842437424,0.6605269914974916,0.6605269914974916,-0.0285042485281379,-0.0285042485281379,0.1053331292603324,0.1053331292603324,0.9070901294787798,0.9070901294787798,0.8460150211771424,0.8460150211771424,0.3221608643457382,0.3221608643457382,0.6584873949579831,0.6584873949579831
P2,leave_chemical_system_out,9,capacity_grav,72.94369897051887,72.94369897051887,61.045768818588776,61.045768818588776,0.0214566768554754,0.0214566768554754,0.2148877596710343,0.2148877596710343,92.94588956207376,92.94588956207376,83.25417727973802,83.25417727973802,0.3567550717373428,0.3567550717373428,0.543663393707776,0.543663393707776
P2,leave_chemical_system_out,9,energy_grav,233.70016439922563,244.63723547466503,209.2196307722421,208.6697485494933,-0.2262537808579761,-0.3320496307290377,-0.1336299085245913,-0.0845939463911418,288.10940556972685,300.2807278886886,277.01475647075154,270.95729294815465,0.1952941176470588,0.1236494597839135,0.4315486194477791,0.5212484993997599
P2,leave_chemical_system_out,9,max_delta_volume,0.0829260588047769,0.0829260588047769,0.0794464201412856,0.0794464201412856,0.0853158463839917,0.0853158463839917,0.3367929667173061,0.3367929667173061,0.123966715292959,0.123966715292959,0.1055587109205966,0.1055587109205966,0.3139015606242497,0.3139015606242497,0.4699639855942377,0.4699639855942377
P2,leave_chemical_system_out,9,stability_charge,0.06089898690421,0.06089898690421,0.0471519705968755,0.0471519705968755,-1.5248779635794412,-1.5248779635794412,-0.5195582708425992,-0.5195582708425992,0.0777548402144211,0.0777548402144211,0.0603206366507523,0.0603206366507523,-0.3867326570819769,-0.3867326570819769,0.1746565570922951,0.1746565570922951
P2,leave_chemical_system_out,9,stability_discharge,0.0402257144823066,0.0402257144823066,0.0410924442799232,0.0410924442799232,-0.1758002666808269,-0.1758002666808269,-0.3181072952847077,-0.3181072952847077,0.0572407082307255,0.0572407082307255,0.0606057183556278,0.0606057183556278,-0.0778478370603748,-0.0778478370603748,-0.0010097619383989,-0.0010097619383989
P2,leave_chemical_system_out,9,stability_worst,0.0554680806348753,0.0555916818197836,0.0517030426857003,0.0520230315083695,-0.5890333457379717,-0.6003836619595009,-0.5117713398721533,-0.5035528588913638,0.0719784818013491,0.0722350921546703,0.070206808405938,0.0700157148112809,-0.1468088178504845,-0.1417663167466897,-0.0143591221908063,0.0002401191001807
P2,leave_chemical_system_out,10,average_voltage,0.6768738755812502,0.6768738755812502,0.7021817368185342,0.7021817368185342,-0.9698843418209462,-0.9698843418209462,-1.249411653452679,-1.249411653452679,0.7482581849852032,0.7482581849852032,0.7995867384025132,0.7995867384025132,0.6995611833549893,0.6995611833549893,0.3305439347756104,0.3305439347756104
P2,leave_chemical_system_out,10,capacity_grav,62.82623120428224,62.82623120428224,89.02471589533738,89.02471589533738,-0.0361577848724579,-0.0361577848724579,-0.4034352975422919,-0.4034352975422919,90.59699656856849,90.59699656856849,105.43797363679592,105.43797363679592,0.2489468228493129,0.2489468228493129,0.1462020007830939,0.1462020007830939
P2,leave_chemical_system_out,10,energy_grav,205.59721979692344,190.11029810180096,213.64908855871667,214.41078799761087,-0.2921228805226199,-0.1520260099056269,-0.2583059298186667,-0.2301932745948254,264.98950263979043,250.21186719711383,261.498910148709,258.56124828327864,0.3874885212543973,0.4203490173944859,0.146443515406916,0.0737830394698259
P2,leave_chemical_system_out,10,max_delta_volume,0.0498678208251682,0.0498678208251682,0.0672072266676388,0.0672072266676388,-0.1769786328838327,-0.1769786328838327,-0.6155330267138057,-0.6155330267138057,0.0700847890596938,0.0700847890596938,0.0821102551453578,0.0821102551453578,0.2031839994252054,0.2031839994252054,-0.028982549390637,-0.028982549390637
P2,leave_chemical_system_out,10,stability_charge,0.0436274528156791,0.0436274528156791,0.0924387943606691,0.0924387943606691,-0.3230878343928234,-0.3230878343928234,-3.8378146590375817,-3.8378146590375817,0.0540565301389252,0.0540565301389252,0.1033661736475437,0.1033661736475437,0.0203680554360541,0.0203680554360541,0.1722351354417207,0.1722351354417207
P2,leave_chemical_system_out,10,stability_discharge,0.0381212489273337,0.0381212489273337,0.0386547363731019,0.0386547363731019,-1.1879816713030071,-1.1879816713030071,-1.2811254300089554,-1.2811254300089554,0.0437475349087663,0.0437475349087663,0.0446690102364928,0.0446690102364928,0.240749250002236,0.240749250002236,0.4162711221153777,0.4162711221153777
P2,leave_chemical_system_out,10,stability_worst,0.038937794533433,0.0320111621492917,0.0852236574283153,0.074329444480499,-0.4652045755283445,-0.0268352158142619,-5.182913976436022,-4.00533193299748,0.0466500838707931,0.0390529345055254,0.0958296490933656,0.0862223265841404,0.2612401126137274,0.3268690996856659,0.2041337078442879,0.1056391938094189
P2,leave_chemical_system_out,11,average_voltage,0.4721018473570412,0.4721018473570412,0.4267617872337981,0.4267617872337981,-0.542811669426043,-0.542811669426043,-0.5906206029486825,-0.5906206029486825,0.5903287338968283,0.5903287338968283,0.5994055598129997,0.5994055598129997,0.3984596219851926,0.3984596219851926,0.5737909167075003,0.5737909167075003
P2,leave_chemical_system_out,11,capacity_grav,55.33482881900298,55.33482881900298,60.07296154736362,60.07296154736362,0.0948142747142826,0.0948142747142826,0.0110888069268461,0.0110888069268461,67.63387814037343,67.63387814037343,70.69262178066616,70.69262178066616,0.4535594955553493,0.4535594955553493,0.3535329556954182,0.3535329556954182
P2,leave_chemical_system_out,11,energy_grav,232.4557416496723,237.316549496668,242.4862052363219,253.78919251230468,0.1967274348997446,0.1594000372471006,0.2237771637025424,0.1842389466309839,305.1730203509433,312.1830735141377,299.9907588196048,307.5361352474753,0.4535810023242471,0.4328916075120541,0.4414996038937694,0.4404424815311026
P2,leave_chemical_system_out,11,max_delta_volume,0.051255026125773,0.051255026125773,0.0578951000664972,0.0578951000664972,0.5178236555741494,0.5178236555741494,0.3009786076717895,0.3009786076717895,0.0638728141817969,0.0638728141817969,0.0769056654844243,0.0769056654844243,0.5580095900076887,0.5580095900076887,0.4065390571855745,0.4065390571855745
P2,leave_chemical_system_out,11,stability_charge,0.0480413029498932,0.0480413029498932,0.0535572977032405,0.0535572977032405,-2.5709639881406514,-2.5709639881406514,-6.048024712418653,-6.048024712418653,0.0591128673252455,0.0591128673252455,0.0830468185270533,0.0830468185270533,-0.0687387279374331,-0.0687387279374331,-0.1550213336322749,-0.1550213336322749
P2,leave_chemical_system_out,11,stability_discharge,0.0280226166191953,0.0280226166191953,0.0439283752308508,0.0439283752308508,-0.0381157733104668,-0.0381157733104668,-1.3904632474296128,-1.3904632474296128,0.0409412516684914,0.0409412516684914,0.0621268388716947,0.0621268388716947,0.1410556520425885,0.1410556520425885,-0.1408291172695009,-0.1408291172695009
P2,leave_chemical_system_out,11,stability_worst,0.0470564699602477,0.0409900465945906,0.0675123114582272,0.0496929553557697,-1.070682865003194,-0.731911737958997,-6.276671245493264,-2.864849819608374,0.058292011681188,0.0533107909753338,0.1092744490595489,0.0796376726808597,-0.0153288529789322,-0.0049082534168994,-0.0835913312693498,-0.0479498603035566
P2,leave_chemical_system_out,12,average_voltage,0.7556417149090768,0.7556417149090768,0.7805883168839305,0.7805883168839305,-0.4275304218840501,-0.4275304218840501,-0.4894360040902037,-0.4894360040902037,0.9357499529146354,0.9357499529146354,0.9558242654781473,0.9558242654781473,0.3392120075046904,0.3392120075046904,0.0763602251407129,0.0763602251407129
P2,leave_chemical_system_out,12,capacity_grav,66.68071287975636,66.68071287975636,73.4705065826025,73.4705065826025,0.2162767922377837,0.2162767922377837,0.083900516747866,0.083900516747866,92.68782204792402,92.68782204792402,100.2103647156611,100.2103647156611,0.5485522211229459,0.5485522211229459,0.511475197279078,0.511475197279078
P2,leave_chemical_system_out,12,energy_grav,263.8216204051699,260.3360536481544,279.74493187659453,289.0445002234292,0.060699603162064,0.0979465907876123,0.0243121863808797,-0.0850099630551546,345.338425406075,338.4221480240079,351.96387615102947,371.1585886431649,0.5228893058161351,0.5431519699812384,0.5088180112570357,0.475797373358349
P2,leave_chemical_system_out,12,max_delta_volume,0.0386503951256644,0.0386503951256644,0.0445204335135129,0.0445204335135129,0.0324641996020416,0.0324641996020416,-0.0080175520663425,-0.0080175520663425,0.0588192994254905,0.0588192994254905,0.0600371921643515,0.0600371921643515,0.2440900562851782,0.2440900562851782,0.1296435272045028,0.1296435272045028
P2,leave_chemical_system_out,12,stability_charge,0.0706512834717077,0.0706512834717077,0.0972125357785149,0.0972125357785149,-0.405954893996078,-0.405954893996078,-1.2292198596842203,-1.2292198596842203,0.0937170111367554,0.0937170111367554,0.11800738515914,0.11800738515914,0.238693943027914,0.238693943027914,0.3162882397590795,0.3162882397590795
P2,leave_chemical_system_out,12,stability_discharge,0.0398290956701491,0.0398290956701491,0.0629739072230435,0.0629739072230435,-0.0938779640361284,-0.0938779640361284,-1.5792299309333893,-1.5792299309333893,0.0517159566051626,0.0517159566051626,0.0794118210999853,0.0794118210999853,0.379433296228335,0.379433296228335,0.0808782149725086,0.0808782149725086
P2,leave_chemical_system_out,12,stability_worst,0.0640918857487534,0.0709162107160783,0.109543022131127,0.1005797254399392,-0.2240594300331424,-0.4486612823250557,-1.7650865810550838,-1.3754235335421017,0.0866380930079329,0.0942521051318008,0.1302152951761028,0.1206919098877336,0.4576843766077691,0.2741602600344201,0.2740664337989532,0.301088389613434
P2,leave_chemical_system_out,13,average_voltage,0.7599343360306535,0.7599343360306535,0.3293648392788075,0.3293648392788075,-4.981406993267747,-4.981406993267747,-0.7129010206986088,-0.7129010206986088,0.8361695087102706,0.8361695087102706,0.4474647038967452,0.4474647038967452,0.0159676411946927,0.0159676411946927,0.1262155587427624,0.1262155587427624
P2,leave_chemical_system_out,13,capacity_grav,70.10992573519513,70.10992573519513,67.34829132905415,67.34829132905415,-2.421455038583063,-2.421455038583063,-2.35538162192308,-2.35538162192308,75.61350467695044,75.61350467695044,74.87984040890112,74.87984040890112,0.6250768307041158,0.6250768307041158,0.4441145648370651,0.4441145648370651
P2,leave_chemical_system_out,13,energy_grav,113.4986093097106,149.96173761316402,128.65632454471157,209.97803321738076,0.0868460082163777,-0.3873004606601709,-0.2641404421713027,-1.5276386869341958,144.41718967263515,178.00497635697653,169.92001635686634,240.27267053858884,0.6981012048431275,0.6822352683694201,0.3514915157252111,-0.2717550144727326
P2,leave_chemical_system_out,13,max_delta_volume,0.0408004796886502,0.0408004796886502,0.0167275482488656,0.0167275482488656,-16.753669674527654,-16.753669674527654,-3.270692619933357,-3.270692619933357,0.0424699189874179,0.0424699189874179,0.0208298682134958,0.0208298682134958,0.0491233802359018,0.0491233802359018,0.5348651276617145,0.5348651276617145
P2,leave_chemical_system_out,13,stability_charge,0.0332840387626622,0.0332840387626622,0.0220000055895194,0.0220000055895194,-0.094710291073945,-0.094710291073945,0.0650360420260027,0.0650360420260027,0.0529530715226576,0.0529530715226576,0.0489371857545729,0.0489371857545729,0.4068188839412165,0.4068188839412165,0.3101993990051776,0.3101993990051776
P2,leave_chemical_system_out,13,stability_discharge,0.0382863481800689,0.0382863481800689,0.0173456361074923,0.0173456361074923,-0.586384881441705,-0.586384881441705,-0.130763964374766,-0.130763964374766,0.0575718341489097,0.0575718341489097,0.0486062106103522,0.0486062106103522,-0.1876452102178861,-0.1876452102178861,-0.1441155896361759,-0.1441155896361759
P2,leave_chemical_system_out,13,stability_worst,0.0396371855013072,0.0332840387626622,0.0234782442658768,0.0220000055895194,-0.1968992378740217,-0.094710291073945,-0.0531423506589272,0.0650360420260027,0.0553694680427818,0.0529530715226576,0.0519379847710026,0.0489371857545729,0.3620688067076827,0.4068188839412165,0.3923768135613034,0.3101993990051776
P2,leave_chemical_system_out,14,average_voltage,0.629240743998257,0.629240743998257,0.6285395289223453,0.6285395289223453,-0.4420492368999091,-0.4420492368999091,-0.3340480885416697,-0.3340480885416697,0.9238829853966264,0.9238829853966264,0.8886130091798512,0.8886130091798512,0.284326130229002,0.284326130229002,0.2349309178574274,0.2349309178574274
P2,leave_chemical_system_out,14,capacity_grav,33.0760584506453,33.0760584506453,38.85938018304086,38.85938018304086,0.3168187690563169,0.3168187690563169,0.1979995007874063,0.1979995007874063,44.76514750256649,44.76514750256649,48.50196969435233,48.50196969435233,0.6385082988756877,0.6385082988756877,0.5721829450852334,0.5721829450852334
P2,leave_chemical_system_out,14,energy_grav,143.54726854417234,137.74354732455697,147.24756238767122,162.5480361332538,0.2082992522262221,0.2532921325038514,0.1638814817718277,0.0421762382628988,183.37582355217103,178.08892538519484,188.4497088640522,201.69928242526947,0.5408168436502521,0.5914266923916194,0.5887949802570683,0.4414191007222064
P2,leave_chemical_system_out,14,max_delta_volume,0.0290554076524039,0.0290554076524039,0.0332681134722534,0.0332681134722534,-0.2441850769643361,-0.2441850769643361,-0.347927800168307,-0.347927800168307,0.0376980449059682,0.0376980449059682,0.0392382516950929,0.0392382516950929,0.0324915228919578,0.0324915228919578,0.2634748725475587,0.2634748725475587
P2,leave_chemical_system_out,14,stability_charge,0.0460263125263477,0.0460263125263477,0.0418486098867915,0.0418486098867915,-1.4092800686872224,-1.4092800686872224,-1.0893573986975356,-1.0893573986975356,0.0507955971172016,0.0507955971172016,0.0473030118427636,0.0473030118427636,0.0725790295911907,0.0725790295911907,-0.1384218338260462,-0.1384218338260462
P2,leave_chemical_system_out,14,stability_discharge,0.025670421206901,0.025670421206901,0.0258924594296139,0.0258924594296139,-0.7126555773846996,-0.7126555773846996,-0.5067159829168253,-0.5067159829168253,0.0338592200154825,0.0338592200154825,0.0317583280468084,0.0317583280468084,-0.1017309444275736,-0.1017309444275736,-0.0841178256908593,-0.0841178256908593
P2,leave_chemical_system_out,14,stability_worst,0.0398840972241887,0.0326048738258883,0.0339744916403112,0.0300211111354286,-1.1888151148317374,-0.5013376487175734,-0.5023868346025508,-0.3222297629206492,0.0454619717927776,0.0376515549305227,0.0376647087273486,0.0353343570327478,-0.2230995039983804,0.2079157809494887,0.3535782973985221,0.0235853831359449
P2,leave_chemical_system_out,15,average_voltage,0.936408278814058,0.936408278814058,0.5011988282656292,0.5011988282656292,-2.410243702754541,-2.410243702754541,-0.34957445705841,-0.34957445705841,1.050471425127424,1.050471425127424,0.660830319168894,0.660830319168894,0.2183346065699006,0.2183346065699006,0.1300229182582123,0.1300229182582123
P2,leave_chemical_system_out,15,capacity_grav,69.22637364873032,69.22637364873032,80.08665318077018,80.08665318077018,0.2501568079467396,0.2501568079467396,0.0319246996157771,0.0319246996157771,78.41269179896464,78.41269179896464,89.09548704037978,89.09548704037978,0.6376571412523973,0.6376571412523973,0.644998840168232,0.644998840168232
P2,leave_chemical_system_out,15,energy_grav,222.649776526526,200.20163509191252,199.8584961030065,150.9808479665652,-2.335520011895756,-1.786676454080418,-1.776608405323702,-0.4985845308767385,258.3619923435536,236.1511819835117,235.7241978957193,173.1759075388061,0.4019862490450726,0.4887700534759358,0.5553857906799083,0.3588999236058059
P2,leave_chemical_system_out,15,max_delta_volume,0.0452451347322636,0.0452451347322636,0.0584526547260508,0.0584526547260508,0.036299963962892,0.036299963962892,-0.0726204956343825,-0.0726204956343825,0.0731887280865439,0.0731887280865439,0.0772140456120454,0.0772140456120454,0.0915202444614209,0.0915202444614209,0.3802902979373567,0.3802902979373567
P2,leave_chemical_system_out,15,stability_charge,0.0773720587493455,0.0773720587493455,0.047650706762827,0.047650706762827,-2.3767204534010427,-2.3767204534010427,-0.3221164190334458,-0.3221164190334458,0.0931959759317563,0.0931959759317563,0.0583155606952534,0.0583155606952534,0.1471914513267763,0.1471914513267763,0.1647688312879178,0.1647688312879178
P2,leave_chemical_system_out,15,stability_discharge,0.0317617325961586,0.0317617325961586,0.0349884715614637,0.0349884715614637,-0.5144581479160812,-0.5144581479160812,-0.7924724806923193,-0.7924724806923193,0.0375040194240172,0.0375040194240172,0.0408014338388141,0.0408014338388141,0.4188074618460388,0.4188074618460388,0.4131499678378959,0.4131499678378959
P2,leave_chemical_system_out,15,stability_worst,0.0718576934627152,0.0679877041992313,0.0499350366114443,0.0379771064046847,-2.4763240075163626,-2.2701294935397054,-0.5666905614981741,-0.074855545872561,0.085491204111143,0.0829170391109917,0.0573922067286126,0.047537502467574,0.2217298314397097,0.2032396111749234,0.1761919335975088,0.2273838657355534
P2,leave_chemical_system_out,16,average_voltage,0.4886745408759761,0.4886745408759761,0.6394897923533671,0.6394897923533671,-0.2940075904898465,-0.2940075904898465,-1.3706352624208904,-1.3706352624208904,0.5636181872816759,0.5636181872816759,0.7628672253630878,0.7628672253630878,0.1526355996944232,0.1526355996944232,-0.1911382734912146,-0.1911382734912146
P2,leave_chemical_system_out,16,capacity_grav,89.85190170524034,89.85190170524034,77.6999060013341,77.6999060013341,-0.1916199796038713,-0.1916199796038713,0.1301118899764071,0.1301118899764071,137.08570871981013,137.08570871981013,117.12645282585636,117.12645282585636,0.5261308129889184,0.5261308129889184,0.675122257271287,0.675122257271287
P2,leave_chemical_system_out,16,energy_grav,278.62043055114185,277.2158065206133,251.33457816233803,243.7513094080158,-0.0974247452510834,-0.1105038992933675,0.1375402449464083,0.2429839072460894,417.3081622489509,419.7875448542546,369.9465012257565,346.5948145622795,0.5618029029793735,0.6085561497326203,0.6113063407181054,0.6180290297937356
P2,leave_chemical_system_out,16,max_delta_volume,0.0564788582044384,0.0564788582044384,0.0662299404952242,0.0662299404952242,0.0218015350499181,0.0218015350499181,-0.1454556476835002,-0.1454556476835002,0.1008106579096785,0.1008106579096785,0.1090892860572795,0.1090892860572795,0.440183346065699,0.440183346065699,0.4832696715049656,0.4832696715049656
P2,leave_chemical_system_out,16,stability_charge,0.0618347766279558,0.0618347766279558,0.0561122074092838,0.0561122074092838,-0.2097210199531596,-0.2097210199531596,-0.0593458728477926,-0.0593458728477926,0.1136825948392044,0.1136825948392044,0.1063825151516948,0.1063825151516948,0.3063641234397672,0.3063641234397672,0.4623729862986214,0.4623729862986214
P2,leave_chemical_system_out,16,stability_discharge,0.0225795024743565,0.0225795024743565,0.0310481550539588,0.0310481550539588,-0.057311018558009,-0.057311018558009,-0.7627152832267903,-0.7627152832267903,0.0318669681959919,0.0318669681959919,0.041146268224715,0.041146268224715,0.1125382591890049,0.1125382591890049,-0.0772171479489775,-0.0772171479489775
P2,leave_chemical_system_out,16,stability_worst,0.0586807243786573,0.0618426679905761,0.0523991366375762,0.0557914684771685,-0.1549394088576512,-0.214565980785911,0.0363340789815174,-0.0617595935747854,0.1108580518651919,0.1136836996064981,0.101263024003159,0.106292039181972,0.2842081145127018,0.2996409207308647,0.3933073584708035,0.4742913911007669
P2,leave_chemical_system_out,17,average_voltage,0.7027717230456203,0.7027717230456203,0.8495538158743895,0.8495538158743895,-0.2290201161473237,-0.2290201161473237,-0.5626560237130922,-0.5626560237130922,0.8836900571062806,0.8836900571062806,0.996442328840432,0.996442328840432,-0.0211907272367211,-0.0211907272367211,-0.0659939791086457,-0.0659939791086457
P2,leave_chemical_system_out,17,capacity_grav,57.21522668101031,57.21522668101031,48.919527886147605,48.919527886147605,-0.2588572226410384,-0.2588572226410384,0.1812368721441727,0.1812368721441727,71.01817276144091,71.01817276144091,57.27437969430023,57.27437969430023,0.234711470864519,0.234711470864519,0.3479228607733309,0.3479228607733309
P2,leave_chemical_system_out,17,energy_grav,202.8835224996723,218.2984727118273,238.41971269795732,189.50273441558252,-0.3551652358195054,-0.5518083773151363,-0.7760934166213602,-0.0731580507445817,244.8892960129316,262.0551642840953,280.3538851431508,217.9242302560376,0.2143290697656936,0.1400606162122329,0.3838548876594626,0.3329971422913319
P2,leave_chemical_system_out,17,max_delta_volume,0.0413742750514025,0.0413742750514025,0.05238949625237,0.05238949625237,-2.6216141314472816,-2.6216141314472816,-4.065657782631488,-4.065657782631488,0.049165863686985,0.049165863686985,0.0581474278158534,0.0581474278158534,-0.4314835698296168,-0.4314835698296168,0.006054493496206,0.006054493496206
P2,leave_chemical_system_out,17,stability_charge,0.0739057394306378,0.0739057394306378,0.0843525964137776,0.0843525964137776,0.0098323501004563,0.0098323501004563,-0.2654218065094047,-0.2654218065094047,0.1827827981587856,0.1827827981587856,0.2066324913549221,0.2066324913549221,0.3150354782525874,0.3150354782525874,-0.0764884345020695,-0.0764884345020695
P2,leave_chemical_system_out,17,stability_discharge,0.1011439870689776,0.1011439870689776,0.0811093480196653,0.0811093480196653,0.0033737855531277,0.0033737855531277,-0.0358976888784265,-0.0358976888784265,0.1874521318706627,0.1874521318706627,0.191109670135301,0.191109670135301,-0.1493441729064155,-0.1493441729064155,-0.1069627184329733,-0.1069627184329733
P2,leave_chemical_system_out,17,stability_worst,0.0961999747606605,0.0839182695577904,0.0807657617875605,0.0725100281703096,0.0458079612959042,0.0030003768770814,-0.1274701227688872,-0.0971683867010055,0.1872780551418371,0.1914328624709019,0.2035736283954806,0.2008193879169693,0.0474268657202806,0.0345106129283744,-0.0639758146099104,-0.1927347096292254
P2,leave_chemical_system_out,18,average_voltage,0.8472652354647396,0.8472652354647396,0.6875636867839567,0.6875636867839567,-0.702915025580894,-0.702915025580894,-0.1428276341140346,-0.1428276341140346,1.0170084535802977,1.0170084535802977,0.8331408725611874,0.8331408725611874,0.0153225806451612,0.0153225806451612,-0.014516129032258,-0.014516129032258
P2,leave_chemical_system_out,18,capacity_grav,69.63913758730901,69.63913758730901,64.00891229556484,64.00891229556484,0.049481600860941,0.049481600860941,0.1697315303902286,0.1697315303902286,89.35907729273134,89.35907729273134,83.51561516763978,83.51561516763978,0.2330374608031778,0.2330374608031778,0.4882881977661039,0.4882881977661039
P2,leave_chemical_system_out,18,energy_grav,237.49397840726851,241.2330334255397,200.71060092859875,206.15799434130224,0.0325098892686052,0.0281346698012427,0.3446839197693079,0.2296453804348139,289.2170725919982,289.8702889823526,238.02691676937167,258.07504057362263,0.4451612903225806,0.4689516129032258,0.7213709677419357,0.526209677419355
P2,leave_chemical_system_out,18,max_delta_volume,0.0580807065102963,0.0580807065102963,0.051209583725893,0.051209583725893,-0.3703223020019979,-0.3703223020019979,0.2258099963487863,0.2258099963487863,0.0916713800643775,0.0916713800643775,0.0689042779687887,0.0689042779687887,0.0858870967741935,0.0858870967741935,0.4524193548387097,0.4524193548387097
P2,leave_chemical_system_out,18,stability_charge,0.0579447516439528,0.0579447516439528,0.0793684055266345,0.0793684055266345,-1.1936602706539017,-1.1936602706539017,-2.396246479225309,-2.396246479225309,0.078002764359889,0.078002764359889,0.097056563416407,0.097056563416407,-0.1202340345267954,-0.1202340345267954,-0.2854549645225094,-0.2854549645225094
P2,leave_chemical_system_out,18,stability_discharge,0.047071395421038,0.047071395421038,0.0470695523890371,0.0470695523890371,-0.5571899868394878,-0.5571899868394878,-0.4003146242495456,-0.4003146242495456,0.0602359888134374,0.0602359888134374,0.0571212963371799,0.0571212963371799,-0.2420206958900986,-0.2420206958900986,0.2064650677793662,0.2064650677793662
P2,leave_chemical_system_out,18,stability_worst,0.0453054811276899,0.0483597490197432,0.0755228308480417,0.0689016728633555,-0.521898245756165,-0.7693726774660186,-2.3475061222338534,-1.7444903391817936,0.0637459315347665,0.0687336365412089,0.0945410352676746,0.0856033019522591,0.0840810569854202,0.0586752699826314,-0.182276440083501,-0.1687670136613831
P2,leave_chemical_system_out,19,average_voltage,0.8266734283457828,0.8266734283457828,0.859761341079615,0.859761341079615,-0.6755928515363239,-0.6755928515363239,-0.6521659002667535,-0.6521659002667535,0.988208389365992,0.988208389365992,0.9812758581032212,0.9812758581032212,0.2177608096330297,0.2177608096330297,0.023648232720329,0.023648232720329
P2,leave_chemical_system_out,19,capacity_grav,63.25750016046055,63.25750016046055,74.35514343219923,74.35514343219923,0.1360680012761151,0.1360680012761151,-0.1111633193576584,-0.1111633193576584,73.85493254804851,73.85493254804851,83.75845814699814,83.75845814699814,0.511587911141572,0.511587911141572,0.3594675539491141,0.3594675539491141
P2,leave_chemical_system_out,19,energy_grav,188.6089281888556,187.7688613448362,189.44917769243972,190.28403181282516,0.1764303202682451,0.1764889506714378,0.1541333511843211,0.1935496460784039,234.56745170571716,234.5591020606393,237.72153503817285,232.11670316997908,0.3675329501951135,0.4217268168458675,0.3266412144495446,0.4980909016719299
P2,leave_chemical_system_out,19,max_delta_volume,0.056070662250754,0.056070662250754,0.0640821619544193,0.0640821619544193,0.3762752450198567,0.3762752450198567,0.1207445403164393,0.1207445403164393,0.0769978098963958,0.0769978098963958,0.0914196214683729,0.0914196214683729,0.3079196968792841,0.3079196968792841,0.304963667789243,0.304963667789243
P2,leave_chemical_system_out,19,stability_charge,0.061328944399685,0.061328944399685,0.0619052335275136,0.0619052335275136,0.3693242460217288,0.3693242460217288,0.3945483357371823,0.3945483357371823,0.0884437760113777,0.0884437760113777,0.0866570592912555,0.0866570592912555,0.6837831156263584,0.6837831156263584,0.726488703714214,0.726488703714214
P2,leave_chemical_system_out,19,stability_discharge,0.0731629106637756,0.0731629106637756,0.0612100539371957,0.0612100539371957,-0.0021574612292118,-0.0021574612292118,0.0831466072397766,0.0831466072397766,0.1096320900416639,0.1096320900416639,0.1048623677622636,0.1048623677622636,-0.1203054158236331,-0.1203054158236331,0.5935894021978437,0.5935894021978437
P2,leave_chemical_system_out,19,stability_worst,0.0611192689497618,0.0570415947068049,0.0545761699082038,0.0577843907623072,0.2565758352708277,0.3476548340351933,0.4816863414198994,0.3535275709557391,0.0916687020512381,0.0858700013309725,0.0765418706748937,0.0854826051615766,0.6518635319586418,0.7012097493665631,0.6873928084923452,0.6192950284694136
P2,leave_chemical_system_out,20,average_voltage,0.8067209554535612,0.8067209554535612,1.0522435577511569,1.0522435577511569,0.1462355553211641,0.1462355553211641,-0.3832755157204233,-0.3832755157204233,0.9483640621667538,0.9483640621667538,1.207147671297491,1.207147671297491,0.4266926450198209,0.4266926450198209,-0.22115668884457,-0.22115668884457
P2,leave_chemical_system_out,20,capacity_grav,54.04993389577811,54.04993389577811,49.46859396167478,49.46859396167478,-0.2980788413496875,-0.2980788413496875,-0.1192104726297706,-0.1192104726297706,74.91237485390697,74.91237485390697,69.55989412842001,69.55989412842001,0.2847555974046274,0.2847555974046274,0.4986709188633437,0.4986709188633437
P2,leave_chemical_system_out,20,energy_grav,204.19820929849425,205.3120619281592,156.40198852884484,160.0468794503013,-0.1629335184118658,-0.1720396687906498,0.0907628072843644,0.0788221171268958,292.4128736523811,293.5554855492172,258.557798298174,260.250034549653,0.3518775569720296,0.3200879957502575,0.2817212839308773,0.3557142281539676
P2,leave_chemical_system_out,20,max_delta_volume,0.0266384395660637,0.0266384395660637,0.0334598636789242,0.0334598636789242,-0.3842628419294571,-0.3842628419294571,-0.4963633997741363,-0.4963633997741363,0.0442823791838564,0.0442823791838564,0.0460405183316767,0.0460405183316767,-0.2622638800796202,-0.2622638800796202,0.0709784168658533,0.0709784168658533
P2,leave_chemical_system_out,20,stability_charge,0.0525461958683017,0.0525461958683017,0.0589427458529573,0.0589427458529573,-0.1537781319304159,-0.1537781319304159,-0.2352908449266715,-0.2352908449266715,0.0694204244028766,0.0694204244028766,0.0718308034412145,0.0718308034412145,0.0740030712257003,0.0740030712257003,-0.2485955022285561,-0.2485955022285561
P2,leave_chemical_system_out,20,stability_discharge,0.0374321983341923,0.0374321983341923,0.0332561095405761,0.0332561095405761,-3.090709660818444,-3.090709660818444,-2.0135390230205066,-2.0135390230205066,0.0446520056952981,0.0446520056952981,0.0383248137589402,0.0383248137589402,-0.3593260236181225,-0.3593260236181225,-0.6040843295609016,-0.6040843295609016
P2,leave_chemical_system_out,20,stability_worst,0.0502449301507057,0.0512984607405162,0.0622089334313443,0.0578293622649177,-0.1592919546386151,-0.1795008452287232,-0.376352553974586,-0.2505002307454773,0.0673514112504324,0.0679359131719705,0.073386324300136,0.0699507181117599,0.0243936049595826,0.0156228705920922,-0.2814857561066453,-0.3437031530260303
P2,leave_chemical_system_out,21,average_voltage,1.7954760655943025,1.7954760655943025,0.7827438922328638,0.7827438922328638,-5.235291822514052,-5.235291822514052,-0.597733938052696,-0.597733938052696,1.8906620832608936,1.8906620832608936,0.9570568869175248,0.9570568869175248,0.5074628055027123,0.5074628055027123,0.2544160530555961,0.2544160530555961
P2,leave_chemical_system_out,21,capacity_grav,42.50510034133841,42.50510034133841,53.395022306221975,53.395022306221975,0.1445862820069153,0.1445862820069153,-0.2932201907401368,-0.2932201907401368,55.17337463827425,55.17337463827425,67.8387256371535,67.8387256371535,0.5581461022710875,0.5581461022710875,0.5071312742502413,0.5071312742502413
P2,leave_chemical_system_out,21,energy_grav,178.11414399328714,160.44458494649567,191.27510121601088,186.43685483127587,-0.1548985446214381,0.0894356159942406,-0.1622934160810507,-0.1569390065046951,241.22395433676135,214.1922954377814,241.9950063816785,241.4369561936171,0.4031220991365313,0.5082843858678003,0.4480351590946775,0.5236205526827771
P2,leave_chemical_system_out,21,max_delta_volume,0.0297841308722911,0.0297841308722911,0.0462739783056241,0.0462739783056241,-0.1673909403608731,-0.1673909403608731,-1.78956489964651,-1.78956489964651,0.0369164642657618,0.0369164642657618,0.0570663603796438,0.0570663603796438,0.5931810235935644,0.5931810235935644,0.3527318367444649,0.3527318367444649
P2,leave_chemical_system_out,21,stability_charge,0.0620854967138447,0.0620854967138447,0.0564495460419855,0.0564495460419855,-0.0401648249863986,-0.0401648249863986,0.0375441096033051,0.0375441096033051,0.128411208954799,0.128411208954799,0.1235214185402792,0.1235214185402792,0.0106805447461445,0.0106805447461445,0.2702999401139649,0.2702999401139649
P2,leave_chemical_system_out,21,stability_discharge,0.0439080451640821,0.0439080451640821,0.0475069013515202,0.0475069013515202,-0.133865069702727,-0.133865069702727,-0.0887183601897496,-0.0887183601897496,0.1047746477172604,0.1047746477172604,0.1026675727274313,0.1026675727274313,-0.1977270078645215,-0.1977270078645215,-0.0076680834074883,-0.0076680834074883
P2,leave_chemical_system_out,21,stability_worst,0.0521760183742327,0.0556074120259114,0.0523494506240391,0.0559714289875702,-0.0246530132294602,-0.0361307064376048,0.107945710042005,0.0182033292311268,0.1253746431901441,0.1260748823432739,0.1169814344159146,0.1227247276045444,0.1648637932609999,0.1215938940330298,0.3171300209239832,0.2831713658336776
P2,leave_chemical_system_out,22,average_voltage,0.7670235820285267,0.7670235820285267,0.8556730747409294,0.8556730747409294,-0.4017130013384444,-0.4017130013384444,-0.83431626363094,-0.83431626363094,0.9027832601179462,0.9027832601179462,1.0327401348416323,1.0327401348416323,-0.0628605665495112,-0.0628605665495112,0.8210303692121755,0.8210303692121755
P2,leave_chemical_system_out,22,capacity_grav,21.11062684314516,21.11062684314516,22.684863655316548,22.684863655316548,-0.049939531262046,-0.049939531262046,-0.2834963547292592,-0.2834963547292592,31.8951415936676,31.8951415936676,35.26466076593909,35.26466076593909,0.5383835820433632,0.5383835820433632,0.5256953776459835,0.5256953776459835
P2,leave_chemical_system_out,22,energy_grav,97.40455705549392,90.869859136737,129.51839091425512,133.85802322103527,-0.8796704480732462,-0.7343065519186349,-2.036943271660874,-2.154018235669982,123.65942841481832,118.78163812503492,157.18269030173957,160.18375789655894,0.4323379577095207,0.2923428094988188,0.2506187653262174,0.222619735684077
P2,leave_chemical_system_out,22,max_delta_volume,0.0367158027894583,0.0367158027894583,0.0366883799013739,0.0366883799013739,-0.4368664920613445,-0.4368664920613445,-0.09622678387148,-0.09622678387148,0.0506389417292463,0.0506389417292463,0.0442309856094261,0.0442309856094261,-0.0255285270266574,-0.0255285270266574,0.1040356101408942,0.1040356101408942
P2,leave_chemical_system_out,22,stability_charge,0.0302049502796802,0.0302049502796802,0.0304979906029342,0.0304979906029342,-0.3020567379858669,-0.3020567379858669,-0.4488059264698476,-0.4488059264698476,0.0385223541022466,0.0385223541022466,0.040635253299699,0.040635253299699,-0.3437214006408612,-0.3437214006408612,-0.3250528261651595,-0.3250528261651595
P2,leave_chemical_system_out,22,stability_discharge,0.0177404545813879,0.0177404545813879,0.0190024396105919,0.0190024396105919,-0.3033639944655033,-0.3033639944655033,-0.3238502604852884,-0.3238502604852884,0.0236483708495491,0.0236483708495491,0.0238334986889697,0.0238334986889697,-0.0414495438819921,-0.0414495438819921,0.3110088292602457,0.3110088292602457
P2,leave_chemical_system_out,22,stability_worst,0.0208104060754132,0.0177181808428287,0.0407053232585381,0.0181025776166559,-0.063827250581534,0.0706796141744656,-1.8064023737531285,0.0219705427252298,0.0268907832696458,0.0251333644631548,0.0436760009280486,0.0257836183900227,0.1482301569289785,0.1828171935457402,0.1866601976142692,0.2865783033960252
P2,leave_chemical_system_out,23,average_voltage,0.948822383418974,0.948822383418974,0.9567202100728194,0.9567202100728194,-0.8253213247350408,-0.8253213247350408,-0.8423868390163314,-0.8423868390163314,1.1764512303245291,1.1764512303245291,1.1819379457615249,1.1819379457615249,-0.2898631877580183,-0.2898631877580183,-0.3890413295050906,-0.3890413295050906
P2,leave_chemical_system_out,23,capacity_grav,21.355200380867085,21.355200380867085,16.937098485048345,16.937098485048345,-0.4762620653581488,-0.4762620653581488,0.0562019348475965,0.0562019348475965,28.05012305449552,28.05012305449552,22.42810507663497,22.42810507663497,0.4531345815241464,0.4531345815241464,0.558847630919816,0.558847630919816
P2,leave_chemical_system_out,23,energy_grav,107.87382413667892,117.6494611455093,101.56214613842512,105.31646819042707,-1.0296719829565606,-1.472991854180569,-0.7615450752288933,-0.9472808436347022,129.6895369873136,143.1539560536036,120.8200167519206,127.03000262601238,0.1682192790958631,0.1402740568356383,0.1463014577152946,0.1073973247647856
P2,leave_chemical_system_out,23,max_delta_volume,0.0325293978745283,0.0325293978745283,0.0242987904650761,0.0242987904650761,-1.0543390723692472,-1.0543390723692472,-0.1330999400802919,-0.1330999400802919,0.043818029978838,0.043818029978838,0.0325424984857909,0.0325424984857909,-0.0800000480390749,-0.0800000480390749,0.0920548497983876,0.0920548497983876
P2,leave_chemical_system_out,23,stability_charge,0.0511992145079016,0.0511992145079016,0.0545811569722738,0.0545811569722738,-0.1058278704586732,-0.1058278704586732,-0.4853785944496138,-0.4853785944496138,0.0649801349600373,0.0649801349600373,0.0753104814272314,0.0753104814272314,-0.1507675665179998,-0.1507675665179998,-0.0444079014107563,-0.0444079014107563
P2,leave_chemical_system_out,23,stability_discharge,0.0244626139547888,0.0244626139547888,0.0203322642947173,0.0203322642947173,-0.3555171664563161,-0.3555171664563161,-0.1234304192808863,-0.1234304192808863,0.0300247439282857,0.0300247439282857,0.0273337923442178,0.0273337923442178,-0.1869517824823197,-0.1869517824823197,0.1019736995358107,0.1019736995358107
P2,leave_chemical_system_out,23,stability_worst,0.0343269825785209,0.0378635881207804,0.0378083593032905,0.0507547336739689,-0.0207990549040082,-0.2577712130901075,-0.5175945896072205,-1.1129874666013082,0.0508446840995461,0.0564386021915645,0.0619945209643287,0.0731516091998528,0.0899122942143707,0.2094298560359124,-0.0482456212857599,-0.4270833975182612
P2,leave_chemical_system_out,24,average_voltage,0.3591099773265699,0.3591099773265699,0.4672582541605329,0.4672582541605329,0.2032042054355368,0.2032042054355368,-0.4602144558593533,-0.4602144558593533,0.4346253257638197,0.4346253257638197,0.5883690702130012,0.5883690702130012,0.6404151404151404,0.6404151404151404,0.3461538461538461,0.3461538461538461
P2,leave_chemical_system_out,24,capacity_grav,53.26954504371405,53.26954504371405,64.33181384589138,64.33181384589138,0.0111481096956814,0.0111481096956814,-0.3222058361930262,-0.3222058361930262,68.02649485457282,68.02649485457282,78.66146035641827,78.66146035641827,0.5921175722865848,0.5921175722865848,0.6544457377904357,0.6544457377904357
P2,leave_chemical_system_out,24,energy_grav,175.51113489907652,195.8909024229481,196.5179165890268,275.2084453028519,-0.0322690933058325,-0.2134784435121273,-0.2690357466393001,-1.0184320861224627,237.79451640164396,257.8228507663796,263.65881814487614,332.5159206485424,0.6440781440781441,0.5213675213675213,0.7661782661782661,0.6391941391941393
P2,leave_chemical_system_out,24,max_delta_volume,0.0360707578508486,0.0360707578508486,0.0584017858203831,0.0584017858203831,-0.2013344919222119,-0.2013344919222119,-2.5446812937536523,-2.5446812937536523,0.0420341608508642,0.0420341608508642,0.0722036255484,0.0722036255484,0.1526251526251526,0.1526251526251526,0.1538461538461538,0.1538461538461538
P2,leave_chemical_system_out,24,stability_charge,0.0405045877082302,0.0405045877082302,0.0628388403174118,0.0628388403174118,-0.3263936551305446,-0.3263936551305446,-2.4474955997409973,-2.4474955997409973,0.0459698140049555,0.0459698140049555,0.0741119753593084,0.0741119753593084,0.0927960927960928,0.0927960927960928,0.4157509157509158,0.4157509157509158
P2,leave_chemical_system_out,24,stability_discharge,0.0277986754470059,0.0277986754470059,0.0441817026071787,0.0441817026071787,-0.1443332459929047,-0.1443332459929047,-1.2558060025017386,-1.2558060025017386,0.0407515244211176,0.0407515244211176,0.0572161294725987,0.0572161294725987,0.1380574478728317,0.1380574478728317,-0.2834453797035129,-0.2834453797035129
P2,leave_chemical_system_out,24,stability_worst,0.0362142713302708,0.0327633431034921,0.0636587027702751,0.051390581713085,-0.3301783238652207,-0.1608538364325196,-3.359492690676845,-2.0312324068523764,0.0427078999529791,0.0398971665736659,0.0773163352225648,0.0644707765212599,-0.0286935286935286,0.0134310134310134,0.0457875457875457,0.0225885225885225
P2,leave_chemical_system_out,25,average_voltage,1.358932663872343,1.358932663872343,1.3948627839003254,1.3948627839003254,-12.730743070484715,-12.730743070484715,-13.230130955458815,-13.230130955458815,1.4091637178597547,1.4091637178597547,1.4345605403982684,1.4345605403982684,0.2039424048085694,0.2039424048085694,0.4692389112318177,0.4692389112318177
P2,leave_chemical_system_out,25,capacity_grav,29.29492405052592,29.29492405052592,22.464597834037857,22.464597834037857,-0.4084845242501287,-0.4084845242501287,0.0214893753464593,0.0214893753464593,32.024163359882,32.024163359882,26.692209541489028,26.692209541489028,0.2199272702491865,0.2199272702491865,0.2332349713152201,0.2332349713152201
P2,leave_chemical_system_out,25,energy_grav,83.86351905506443,86.91434976213935,101.32498249851096,118.87794677434732,0.022800857500599,-0.0357122349182674,-0.3717094145104755,-0.924647157821778,114.56282582806064,117.94288102037996,135.73230944938817,160.77841399471467,0.10762674808385,0.115852996345036,-0.1329910135558402,-0.0733507136622417
P2,leave_chemical_system_out,25,max_delta_volume,0.05219329006943,0.05219329006943,0.0235006380613319,0.0235006380613319,-4.835949594350025,-4.835949594350025,-0.4067853365275944,-0.4067853365275944,0.0564251765513323,0.0564251765513323,0.0277032726934937,0.0277032726934937,0.3965737182580081,0.3965737182580081,0.0469581671576033,0.0469581671576033
P2,leave_chemical_system_out,25,stability_charge,0.0228847554982929,0.0228847554982929,0.0243516227974483,0.0243516227974483,-0.0726161939520952,-0.0726161939520952,-0.0958444385477039,-0.0958444385477039,0.0303346236052051,0.0303346236052051,0.0306613229675435,0.0306613229675435,0.3319055045720953,0.3319055045720953,0.2828740095784903,0.2828740095784903
P2,leave_chemical_system_out,25,stability_discharge,0.0163754237419859,0.0163754237419859,0.0205344129511904,0.0205344129511904,-0.8196301987199024,-0.8196301987199024,-1.7741650223840395,-1.7741650223840395,0.0227228868494258,0.0227228868494258,0.028056796606939,0.028056796606939,0.1258791469851091,0.1258791469851091,0.1725264603092912,0.1725264603092912
P2,leave_chemical_system_out,25,stability_worst,0.0247029087356371,0.0224346494717124,0.0238764686005786,0.0230574025257373,0.0678915661668284,-0.0944468047714006,-0.0027933095505077,-0.0238625081044792,0.0278615523027975,0.0301904383974774,0.0288986665930554,0.0292006763517263,0.2773879681806044,0.3096184613931839,0.3747652029930786,0.3161331355531734
P2,leave_chemical_system_out,26,average_voltage,0.4779883199507418,0.4779883199507418,0.4741499885003767,0.4741499885003767,0.2551643027257584,0.2551643027257584,0.2776591986450388,0.2776591986450388,0.6983685588880926,0.6983685588880926,0.6877419423484951,0.6877419423484951,0.4862369913309254,0.4862369913309254,0.6240618867358908,0.6240618867358908
P2,leave_chemical_system_out,26,capacity_grav,30.280485725411825,30.280485725411825,26.717915489151988,26.717915489151988,0.1288252565276355,0.1288252565276355,0.3930214105578861,0.3930214105578861,36.68036058507492,36.68036058507492,30.617353204386134,30.617353204386134,0.2817848692885033,0.2817848692885033,0.7153299092268754,0.7153299092268754
P2,leave_chemical_system_out,26,energy_grav,98.84011831592426,102.739266362109,83.97867078411784,84.41962155995516,0.17443860901914,0.192082543417029,0.4485853264093146,0.461321034446744,126.74066351812642,125.37899529563256,103.58108330908284,102.37791912997687,0.3626565683560822,0.367276397252338,0.6321465873043385,0.66371541809542
P2,leave_chemical_system_out,26,max_delta_volume,0.0207043417688926,0.0207043417688926,0.0169857413926438,0.0169857413926438,-0.9915967989634172,-0.9915967989634172,-1.0557143605435435,-1.0557143605435435,0.0248486554970983,0.0248486554970983,0.0252454763748148,0.0252454763748148,0.1601540684035352,0.1601540684035352,0.103946150165756,0.103946150165756
P2,leave_chemical_system_out,26,stability_charge,0.0478925568944763,0.0478925568944763,0.0644174234216869,0.0644174234216869,-0.6904751180928397,-0.6904751180928397,-1.8537331020156973,-1.8537331020156973,0.055809240966233,0.055809240966233,0.0725117524116815,0.0725117524116815,-0.2106277097452841,-0.2106277097452841,0.0654601657343661,0.0654601657343661
P2,leave_chemical_system_out,26,stability_discharge,0.0256513597920576,0.0256513597920576,0.0424289321650159,0.0424289321650159,-2.189532724612633,-2.189532724612633,-5.7810709787044265,-5.7810709787044265,0.0318355614079817,0.0318355614079817,0.04641925080993,0.04641925080993,0.1905679419705527,0.1905679419705527,0.3969202993366461,0.3969202993366461
P2,leave_chemical_system_out,26,stability_worst,0.0395311317970127,0.0319138218284415,0.0645268912355152,0.0479077836561878,-0.724264852387734,-0.312971228253726,-3.010619284671738,-1.3161253636596435,0.047462856744876,0.041417081376469,0.0723865045345973,0.0550088945990408,0.0839268916153141,-0.0423484315490117,0.2463908744669772,0.2833495056370239
P2,leave_chemical_system_out,27,average_voltage,0.3367441274957828,0.3367441274957828,0.4462641988393117,0.4462641988393117,0.3961900348033623,0.3961900348033623,-0.1533247219355258,-0.1533247219355258,0.4683791608898819,0.4683791608898819,0.6473262621230303,0.6473262621230303,0.6591304347826087,0.6591304347826087,0.3095652173913043,0.3095652173913043
P2,leave_chemical_system_out,27,capacity_grav,47.03430904129275,47.03430904129275,50.18117562351486,50.18117562351486,0.0612931330434391,0.0612931330434391,0.006010580182589,0.006010580182589,69.23779926322315,69.23779926322315,71.24741939990328,71.24741939990328,0.4063520552050854,0.4063520552050854,0.328475162398115,0.328475162398115
P2,leave_chemical_system_out,27,energy_grav,136.11156308747292,138.01311642424358,146.49804834235397,164.11875310067285,0.0344984292315742,0.0469210441043735,0.0112318152602698,-0.0291328249475819,200.5839926168634,199.28940913070815,202.98643734839447,207.08826740909157,0.3060869565217391,0.3095652173913043,0.08,0.1243478260869565
P2,leave_chemical_system_out,27,max_delta_volume,0.0513063359018786,0.0513063359018786,0.0398921209363641,0.0398921209363641,-0.5916492937623767,-0.5916492937623767,-0.1366949284844723,-0.1366949284844723,0.0594461586589259,0.0594461586589259,0.0502368114756543,0.0502368114756543,0.2095652173913043,0.2095652173913043,0.0417391304347826,0.0417391304347826
P2,leave_chemical_system_out,27,stability_charge,0.0258287427185675,0.0258287427185675,0.0343575807547193,0.0343575807547193,0.1890563153987881,0.1890563153987881,-0.3478932755472854,-0.3478932755472854,0.0307878277036558,0.0307878277036558,0.0396927741289744,0.0396927741289744,0.3539130434782608,0.3539130434782608,-0.0330434782608695,-0.0330434782608695
P2,leave_chemical_system_out,27,stability_discharge,0.0317164095110621,0.0317164095110621,0.0353580887017651,0.0353580887017651,-0.0693108339632173,-0.0693108339632173,-0.3211017868489954,-0.3211017868489954,0.0446012353299016,0.0446012353299016,0.0495750366687515,0.0495750366687515,0.3156521739130434,0.3156521739130434,0.1426086956521738,0.1426086956521738
P2,leave_chemical_system_out,27,stability_worst,0.0300854703503773,0.0309158278137038,0.0351572980867615,0.0383137989461351,0.1397498987991005,-0.0599191462313317,-0.0915217373844745,-0.3154739141489275,0.0364838875771462,0.0404972106642531,0.041096509512594,0.0451159246691705,0.6069565217391303,0.4504347826086956,0.0913043478260869,0.0339130434782608
P2,leave_chemical_system_out,28,average_voltage,0.3914566023051812,0.3914566023051812,0.5149222676711328,0.5149222676711328,-0.2152652410606546,-0.2152652410606546,-0.7160804515778412,-0.7160804515778412,0.5749003652229456,0.5749003652229456,0.68316540898216,0.68316540898216,-0.396103896103896,-0.396103896103896,-0.0753246753246753,-0.0753246753246753
P2,leave_chemical_system_out,28,capacity_grav,54.04255931063521,54.04255931063521,57.4674079286254,57.4674079286254,0.2151202989948092,0.2151202989948092,-0.0835395448388729,-0.0835395448388729,64.08553186197186,64.08553186197186,75.29754684263325,75.29754684263325,0.6601634743392303,0.6601634743392303,0.479350227180308,0.479350227180308
P2,leave_chemical_system_out,28,energy_grav,197.2387090568422,194.25997081608,234.28845470010168,237.48890061924277,0.2468062845789069,0.282571923268001,-0.2725609269444005,-0.3784126842108273,229.06772740774903,223.5629068363626,297.7486873748,309.88474248020293,0.5623376623376624,0.5662337662337662,0.2402597402597402,0.2350649350649351
P2,leave_chemical_system_out,28,max_delta_volume,0.0359575713471085,0.0359575713471085,0.0385113757106716,0.0385113757106716,-0.108564790877869,-0.108564790877869,-0.2834892104401683,-0.2834892104401683,0.0520345209671649,0.0520345209671649,0.0559895699102861,0.0559895699102861,-0.0311688311688311,-0.0311688311688311,0.1818181818181818,0.1818181818181818
P2,leave_chemical_system_out,28,stability_charge,0.0548222105847233,0.0548222105847233,0.0426754785353584,0.0426754785353584,-3.4366193480431555,-3.4366193480431555,-1.4711423136674706,-1.4711423136674706,0.0654334701780736,0.0654334701780736,0.0488340504302567,0.0488340504302567,0.0298701298701298,0.0298701298701298,0.2584415584415584,0.2584415584415584
P2,leave_chemical_system_out,28,stability_discharge,0.0372263235713126,0.0372263235713126,0.0404306983741964,0.0404306983741964,-0.0614411150138369,-0.0614411150138369,-0.1485227123387524,-0.1485227123387524,0.0457348597138943,0.0457348597138943,0.0475739478539317,0.0475739478539317,0.1142857142857142,0.1142857142857142,0.0987012987012987,0.0987012987012987
P2,leave_chemical_system_out,28,stability_worst,0.0429867684457851,0.0496435368023017,0.0310730343043983,0.0420808987105372,-1.839427833437216,-2.5909042541683687,-0.3709472508029978,-1.3541724120883505,0.0524870426086835,0.0590253537028177,0.0364709484841012,0.0477920674817462,0.0077922077922077,-0.0012987012987012,0.3818181818181818,0.2181818181818181
P2,leave_chemical_system_out,29,average_voltage,1.3638395705795436,1.3638395705795436,0.7795531985508827,0.7795531985508827,-3.3327752361611718,-3.3327752361611718,-0.5947479706434411,-0.5947479706434411,1.5254373978482982,1.5254373978482982,0.9254593303056609,0.9254593303056609,0.4378308098970271,0.4378308098970271,0.4122090413316244,0.4122090413316244
P2,leave_chemical_system_out,29,capacity_grav,20.112808748356795,20.112808748356795,25.390425628689147,25.390425628689147,0.654410366867612,0.654410366867612,0.4475676505736556,0.4475676505736556,24.72403849311484,24.72403849311484,31.25925397480985,31.25925397480985,0.9090285176511552,0.9090285176511552,0.6262364933943739,0.6262364933943739
P2,leave_chemical_system_out,29,energy_grav,194.73256227410968,180.33273123844052,128.6489592172829,116.35040880224388,-4.263782835352652,-3.6581770896145,-1.1896946480597197,-0.8036706381401961,219.4772944808372,206.4660331469491,141.5573404580673,128.47517973411615,0.4928422541698032,0.4129626227600186,0.1959311713824906,0.3180113627823501
P2,leave_chemical_system_out,29,max_delta_volume,0.0285132932032753,0.0285132932032753,0.0313060839557862,0.0313060839557862,-1.0738162164663132,-1.0738162164663132,-1.170999751971897,-1.170999751971897,0.04417146030825,0.04417146030825,0.045194596266976,0.045194596266976,0.3474010384897237,0.3474010384897237,0.2810858727910346,0.2810858727910346
P2,leave_chemical_system_out,29,stability_charge,0.023315868541069,0.023315868541069,0.0295930620947981,0.0295930620947981,-0.2936558009940992,-0.2936558009940992,-1.2984176447607756,-1.2984176447607756,0.028342764215685,0.028342764215685,0.0377787259126455,0.0377787259126455,-0.035471708215511,-0.035471708215511,0.0988679526857862,0.0988679526857862
P2,leave_chemical_system_out,29,stability_discharge,0.0570917039268985,0.0570917039268985,0.037698127252189,0.037698127252189,-1.300462040437958,-1.300462040437958,-0.3066330295291923,-0.3066330295291923,0.0800591382049828,0.0800591382049828,0.0603365107295327,0.0603365107295327,-0.0188395357098548,-0.0188395357098548,0.2358709870873829,0.2358709870873829
P2,leave_chemical_system_out,29,stability_worst,0.0309968084513535,0.0462778945911307,0.0434765232504176,0.0392561837577419,-0.2621047504846563,-0.6605367591663154,-0.5975175332504392,-0.374511299994285,0.0584899397656182,0.0670899889597323,0.0658046055364324,0.061039031023259,0.1484555413936563,0.3398652242057818,-0.0911833528356975,0.213263544235557
P2,leave_chemical_system_out,30,average_voltage,0.6458541471233109,0.6458541471233109,0.5562142796453424,0.5562142796453424,-0.6054497011854447,-0.6054497011854447,-0.1701859856868774,-0.1701859856868774,0.8471659482854178,0.8471659482854178,0.7232652267690374,0.7232652267690374,0.2491228070175438,0.2491228070175438,0.1649122807017544,0.1649122807017544
P2,leave_chemical_system_out,30,capacity_grav,57.755656722993095,57.755656722993095,54.951758441358166,54.951758441358166,-0.6273610318994021,-0.6273610318994021,-0.3119535246658198,-0.3119535246658198,76.93929270159587,76.93929270159587,69.08208849009993,69.08208849009993,0.2343133178618029,0.2343133178618029,0.3720930590764211,0.3720930590764211
P2,leave_chemical_system_out,30,energy_grav,115.0801422967039,111.31553499357756,112.37365078468926,105.38174708938436,0.1926008249723775,0.2089959005626634,0.0649171221215033,0.1648884338577347,155.00421376668783,153.42238193465622,166.81089261096466,157.64187916250287,0.512280701754386,0.4789473684210526,0.5912280701754385,0.5614035087719299
P2,leave_chemical_system_out,30,max_delta_volume,0.0310307509243309,0.0310307509243309,0.0317689245495178,0.0317689245495178,-0.0905397311875877,-0.0905397311875877,-0.2128280620086973,-0.2128280620086973,0.0343705048217881,0.0343705048217881,0.0362463920095867,0.0362463920095867,-0.1350877192982456,-0.1350877192982456,-0.0912280701754386,-0.0912280701754386
P2,leave_chemical_system_out,30,stability_charge,0.0360636377374534,0.0360636377374534,0.0333743948281993,0.0333743948281993,-0.0670259257480898,-0.0670259257480898,0.0800787590528784,0.0800787590528784,0.0475816876045664,0.0475816876045664,0.0441802001353738,0.0441802001353738,0.2631578947368421,0.2631578947368421,0.343859649122807,0.343859649122807
P2,leave_chemical_system_out,30,stability_discharge,0.0401808767188152,0.0401808767188152,0.0461127207713307,0.0461127207713307,-0.5977491476678858,-0.5977491476678858,-1.0179134758698738,-1.0179134758698738,0.0489010528498625,0.0489010528498625,0.0549560085858081,0.0549560085858081,0.1719298245614035,0.1719298245614035,-0.0350877192982456,-0.0350877192982456
P2,leave_chemical_system_out,30,stability_worst,0.0293254146805123,0.0219316641069206,0.0354943671851776,0.0247236638261083,-0.2575189685812173,-0.0951548394275034,-0.5638004616135521,-0.0703993627191428,0.0377366373747743,0.0352162971317281,0.0420820215760952,0.0348159978714789,0.0105263157894736,0.0578947368421052,-0.2087719298245614,-0.275438596491228
P2,leave_chemical_system_out,31,average_voltage,0.8456926131001019,0.8456926131001019,0.8065297949063461,0.8065297949063461,0.0673190422269073,0.0673190422269073,-0.2801795130134743,-0.2801795130134743,0.9435275872525326,0.9435275872525326,1.105410242045057,1.105410242045057,0.1,0.1,0.1157894736842105,0.1157894736842105
P2,leave_chemical_system_out,31,capacity_grav,90.94572682712976,90.94572682712976,117.22101266159645,117.22101266159645,-1.6013760905209002,-1.6013760905209002,-3.0030366063868907,-3.0030366063868907,110.74702460808,110.74702460808,137.38055789998907,137.38055789998907,-0.0615115185454178,-0.0615115185454178,0.1546575323427648,0.1546575323427648
P2,leave_chemical_system_out,31,energy_grav,297.5995378287222,312.81710246174026,407.45472245116537,412.89808212732567,-0.6203981895361348,-0.7621005787773512,-1.386335831565285,-1.466048895730704,409.3134678665137,426.8354748123701,496.7191929929166,504.9472388608271,0.0122807017543859,-0.0456140350877193,0.0157894736842105,-0.0982456140350877
P2,leave_chemical_system_out,31,max_delta_volume,0.0982983152263617,0.0982983152263617,0.0798568147556772,0.0798568147556772,-0.7806625362521291,-0.7806625362521291,-0.2459459042169554,-0.2459459042169554,0.1533437105522912,0.1533437105522912,0.1282698983393201,0.1282698983393201,0.0245614035087719,0.0245614035087719,0.3350877192982456,0.3350877192982456
P2,leave_chemical_system_out,31,stability_charge,0.1126435750207641,0.1126435750207641,0.1607534035997745,0.1607534035997745,-0.2352358057609351,-0.2352358057609351,-1.0681859587592086,-1.0681859587592086,0.1767264055244921,0.1767264055244921,0.2286763759705458,0.2286763759705458,0.1986817985316712,0.1986817985316712,-0.5353859084326892,-0.5353859084326892
P2,leave_chemical_system_out,31,stability_discharge,0.0568208582847227,0.0568208582847227,0.0358253854687633,0.0358253854687633,-1.8790906104105125,-1.8790906104105125,-0.0844524586419848,-0.0844524586419848,0.0637498737834774,0.0637498737834774,0.039125231616972,0.039125231616972,0.3885500257322173,0.3885500257322173,0.2211475203147087,0.2211475203147087
P2,leave_chemical_system_out,31,stability_worst,0.1080653317408543,0.1106714536187929,0.1343259807044387,0.146071820653114,-0.1537821340868048,-0.2600439950503381,-0.6761496683372661,-0.8552106140422624,0.1688542345689433,0.1764586312013326,0.2035196978922283,0.2141147872709623,0.1353849423622892,0.145055295388167,-0.385055875030407,-0.5186825713879912
P2,leave_chemical_system_out,32,average_voltage,0.323858675427514,0.323858675427514,0.426578804541861,0.426578804541861,0.3654600607761599,0.3654600607761599,0.019919622388238,0.019919622388238,0.4358180864745404,0.4358180864745404,0.5416348689992094,0.5416348689992094,0.6000000000000001,0.6000000000000001,0.3543859649122807,0.3543859649122807
P2,leave_chemical_system_out,32,capacity_grav,68.80748387458,68.80748387458,68.4781952814464,68.4781952814464,-0.4302049594421742,-0.4302049594421742,-0.3945922996911415,-0.3945922996911415,89.29264335253993,89.29264335253993,88.17392454409095,88.17392454409095,0.0596753019273505,0.0596753019273505,-0.0412461645674334,-0.0412461645674334
P2,leave_chemical_system_out,32,energy_grav,144.05921197620813,140.3352906316099,155.4050536256891,156.29742801967078,-0.073452108569366,-0.0184981635190168,-0.2692801173707237,-0.1718506078965997,175.9268313607928,171.36450431029937,191.30198767594683,183.8132732272975,0.3929824561403509,0.4473684210526316,0.1210526315789473,0.3894736842105262
P2,leave_chemical_system_out,32,max_delta_volume,0.0476079023759213,0.0476079023759213,0.0374170490963004,0.0374170490963004,-1.3427348375889023,-1.3427348375889023,-0.6791764046170066,-0.6791764046170066,0.05520780876062,0.05520780876062,0.0467398273278877,0.0467398273278877,-0.2473684210526315,-0.2473684210526315,-0.4245614035087719,-0.4245614035087719
P2,leave_chemical_system_out,32,stability_charge,0.0363779721064909,0.0363779721064909,0.0319007467675593,0.0319007467675593,-0.3764822222487396,-0.3764822222487396,-0.0494587207403971,-0.0494587207403971,0.0445976130397265,0.0445976130397265,0.038941169650251,0.038941169650251,0.4649122807017543,0.4649122807017543,0.3596491228070175,0.3596491228070175
P2,leave_chemical_system_out,32,stability_discharge,0.0262527663206072,0.0262527663206072,0.0394797258076569,0.0394797258076569,-0.2314071740478684,-0.2314071740478684,-1.8121498756455807,-1.8121498756455807,0.0304814294867978,0.0304814294867978,0.0460631593802027,0.0460631593802027,-0.0385964912280701,-0.0385964912280701,-0.2350877192982455,-0.2350877192982455
P2,leave_chemical_system_out,32,stability_worst,0.0309918040981677,0.0348040817428523,0.0341706168617091,0.0257590925600751,-0.8297592891123726,-1.2678013552064256,-1.1979105880039609,-0.4238519093295796,0.038069937538763,0.0423826091554553,0.0417244090626238,0.0335828535015675,0.2807017543859649,0.3315789473684211,0.0333333333333333,0.2491228070175438
P2,leave_chemical_system_out,33,average_voltage,0.3354530191017037,0.3354530191017037,0.3636538036769511,0.3636538036769511,-0.2486802672492074,-0.2486802672492074,-0.7322307169197475,-0.7322307169197475,0.4336430653736996,0.4336430653736996,0.5107514981053405,0.5107514981053405,0.3045195554233918,0.3045195554233918,0.1360245852755784,0.1360245852755784
P2,leave_chemical_system_out,33,capacity_grav,48.85142378668272,48.85142378668272,50.91133058753562,50.91133058753562,0.2083057478233417,0.2083057478233417,0.1716249969589105,0.1716249969589105,59.073694227311215,59.073694227311215,60.426699997426034,60.426699997426034,0.5013169446883231,0.5013169446883231,0.4714661984196663,0.4714661984196663
P2,leave_chemical_system_out,33,energy_grav,178.27212354296697,182.57822890570856,194.0914315567561,204.00802289547173,0.2266926171535134,0.2005092702303942,0.1658446568318098,0.0949904191911963,223.56993872264803,227.32334908722456,232.19924193622208,241.8599272928154,0.4695042136931258,0.4712593696321654,0.5344449834375954,0.4888109290225627
P2,leave_chemical_system_out,33,max_delta_volume,0.046688923262659,0.046688923262659,0.0172697099239485,0.0172697099239485,-2.91514981964703,-2.91514981964703,0.0684458325732761,0.0684458325732761,0.0521362873554536,0.0521362873554536,0.0254313822313897,0.0254313822313897,-0.1000438885252641,-0.1000438885252641,0.4229925813085731,0.4229925813085731
P2,leave_chemical_system_out,33,stability_charge,0.0360540298275167,0.0360540298275167,0.0398972375903726,0.0398972375903726,-1.3948423967278725,-1.3948423967278725,-1.9825212221018047,-1.9825212221018047,0.0440632528982002,0.0440632528982002,0.0491733569268932,0.0491733569268932,0.3677051692288218,0.3677051692288218,0.1483106768488565,0.1483106768488565
P2,leave_chemical_system_out,33,stability_discharge,0.0371293906005747,0.0371293906005747,0.04231903924126,0.04231903924126,0.230961555898457,0.230961555898457,-0.2784451686075162,-0.2784451686075162,0.0531763468093167,0.0531763468093167,0.0685623233535972,0.0685623233535972,0.7906977505373949,0.7906977505373949,0.3343572063870671,0.3343572063870671
P2,leave_chemical_system_out,33,stability_worst,0.0451113898523115,0.0396459401850208,0.0473388575509105,0.0414385054723078,0.0130461660780292,0.0943814926494457,-0.7283176424988831,-0.5193894702077149,0.0516039772624313,0.0494319110368121,0.0682883371488672,0.0640279079835317,0.6853883941950116,0.6222027803895817,0.2571303450693193,0.2097411347152468
P2,leave_chemical_system_out,34,average_voltage,0.4801950751564582,0.4801950751564582,0.6171395227842028,0.6171395227842028,0.0953283268773188,0.0953283268773188,-0.245146863274781,-0.245146863274781,0.6325475634714375,0.6325475634714375,0.7420923944755051,0.7420923944755051,0.3912280701754385,0.3912280701754385,0.1526315789473684,0.1526315789473684
P2,leave_chemical_system_out,34,capacity_grav,59.93121446510851,59.93121446510851,56.608468605064026,56.608468605064026,-0.4490456992763161,-0.4490456992763161,-0.0955121023924958,-0.0955121023924958,91.67828028858727,91.67828028858727,79.71389070851846,79.71389070851846,0.3738482150154609,0.3738482150154609,0.3659500132897821,0.3659500132897821
P2,leave_chemical_system_out,34,energy_grav,170.01576820850678,169.50550466512686,155.04181953910827,135.86975825034924,-0.1732352651466278,-0.1806074903181549,0.1300978225430367,0.3100984611575983,212.64875689954468,213.3158181244388,183.1072342884322,163.06616246925435,0.4842105263157894,0.5070175438596491,0.4649122807017543,0.4491228070175438
P2,leave_chemical_system_out,34,max_delta_volume,0.048693821935464,0.048693821935464,0.0445984722548969,0.0445984722548969,-0.2846032456376803,-0.2846032456376803,-0.2346642709505817,-0.2346642709505817,0.0676969196998901,0.0676969196998901,0.0663680169023444,0.0663680169023444,0.2,0.2,0.275438596491228,0.275438596491228
P2,leave_chemical_system_out,34,stability_charge,0.0284056217959592,0.0284056217959592,0.0495624207383557,0.0495624207383557,-1.6108541567819925,-1.6108541567819925,-4.510392419122913,-4.510392419122913,0.0390530715502994,0.0390530715502994,0.0567355350349745,0.0567355350349745,0.1789473684210526,0.1789473684210526,-0.3929824561403509,-0.3929824561403509
P2,leave_chemical_system_out,34,stability_discharge,0.0339411972250164,0.0339411972250164,0.0279508346459154,0.0279508346459154,-0.8519083264425908,-0.8519083264425908,-0.3675211641069285,-0.3675211641069285,0.0395166873283571,0.0395166873283571,0.0339576647694747,0.0339576647694747,-0.031578947368421,-0.031578947368421,0.1561403508771929,0.1561403508771929
P2,leave_chemical_system_out,34,stability_worst,0.0252805032736592,0.027865591855365,0.043021861707374,0.0374571288381692,-1.657550628643563,-2.0562515379637776,-4.66590397787533,-2.9850371221914145,0.0351059012419114,0.0376473057205903,0.0512594519263063,0.0429888214487768,0.0894736842105263,0.0859649122807017,-0.3789473684210526,-0.2368421052631579
P2,leave_chemical_system_out,35,average_voltage,0.5359203962040674,0.5359203962040674,0.5130553510646029,0.5130553510646029,0.2875163231494232,0.2875163231494232,0.1959162138552335,0.1959162138552335,0.6545869830236161,0.6545869830236161,0.695393389206494,0.695393389206494,0.6078431372549019,0.6078431372549019,0.457172342621259,0.457172342621259
P2,leave_chemical_system_out,35,capacity_grav,65.13469545286739,65.13469545286739,69.7632885483294,69.7632885483294,0.0027061496975554,0.0027061496975554,-0.0826168409253722,-0.0826168409253722,73.28985627909097,73.28985627909097,76.36066270754658,76.36066270754658,0.1146694826757442,0.1146694826757442,0.1167355994807126,0.1167355994807126
P2,leave_chemical_system_out,35,energy_grav,173.3413374776409,174.0312966858115,201.73015155120004,198.97390731563144,0.3340702400488204,0.3260352498552241,0.104298945371631,0.1359649089761573,200.6096264956996,201.81625771897365,232.65859456068165,228.50896745974856,0.4674922600619195,0.4901960784313726,0.3539731682146542,0.327141382868937
P2,leave_chemical_system_out,35,max_delta_volume,0.0515472761307033,0.0515472761307033,0.0545170146845698,0.0545170146845698,-0.1224813845434371,-0.1224813845434371,-0.5726275142573598,-0.5726275142573598,0.0674282151695988,0.0674282151695988,0.0798114176830009,0.0798114176830009,0.0856553147574819,0.0856553147574819,0.1186790505675954,0.1186790505675954
P2,leave_chemical_system_out,35,stability_charge,0.0237173364388053,0.0237173364388053,0.042487153457236,0.042487153457236,-0.7015244196321269,-0.7015244196321269,-3.8822191695958654,-3.8822191695958654,0.0294357433724512,0.0294357433724512,0.0498614094434716,0.0498614094434716,-0.1805985552115583,-0.1805985552115583,0.1083591331269349,0.1083591331269349
P2,leave_chemical_system_out,35,stability_discharge,0.0237932085538216,0.0237932085538216,0.0312246815593468,0.0312246815593468,-0.0434732513332281,-0.0434732513332281,-0.4084278543854336,-0.4084278543854336,0.0320834416344267,0.0320834416344267,0.0372741365486184,0.0372741365486184,0.3415892672858617,0.3415892672858617,-0.0361197110423116,-0.0361197110423116
P2,leave_chemical_system_out,35,stability_worst,0.0215629938004924,0.0198624287841568,0.0356393423005327,0.030634108025421,-0.6604795219134045,-0.2715829823772253,-2.9509522210378374,-1.6112091021433472,0.0300432558809619,0.026290726561954,0.0463426776707451,0.0376748090831467,-0.1248710010319917,-0.0072239422084623,-0.3209494324045407,-0.1826625386996904
P2,leave_chemical_system_out,36,average_voltage,0.4911213710260479,0.4911213710260479,0.4778932943958838,0.4778932943958838,-0.9116752096845122,-0.9116752096845122,-0.4409410023315596,-0.4409410023315596,0.6285469085677676,0.6285469085677676,0.5456997317401671,0.5456997317401671,0.5556264713005259,0.5556264713005259,0.3048570019525009,0.3048570019525009
P2,leave_chemical_system_out,36,capacity_grav,64.00368774659118,64.00368774659118,53.84136510928005,53.84136510928005,-1.6025547684649597,-1.6025547684649597,-1.0216726588494025,-1.0216726588494025,69.65343344497218,69.65343344497218,61.39005311428256,61.39005311428256,-0.042592676466178,-0.042592676466178,-0.0266204227913612,-0.0266204227913612
P2,leave_chemical_system_out,36,energy_grav,156.6780966629442,176.50700841639858,156.68306472964028,140.52864673337234,-1.4155842429207717,-2.024602117571873,-1.613171796418544,-1.0420819568370798,177.45232128141146,198.56592202362455,184.5672204739781,163.1575498362392,-0.2409353725108475,-0.2335597998829644,-0.3073155261617953,0.0958824441624801
P2,leave_chemical_system_out,36,max_delta_volume,0.0822624830398604,0.0822624830398604,0.0398926685487652,0.0398926685487652,-1.5120378809436517,-1.5120378809436517,-0.1864970407309734,-0.1864970407309734,0.0895647993960324,0.0895647993960324,0.061554186368356,0.061554186368356,-0.3577152724523297,-0.3577152724523297,-0.2421646346154947,-0.2421646346154947
P2,leave_chemical_system_out,36,stability_charge,0.0154478054681428,0.0154478054681428,0.0361890978767611,0.0361890978767611,-0.0761372728011851,-0.0761372728011851,-2.486878579483449,-2.486878579483449,0.0242823920593919,0.0242823920593919,0.0437095205047263,0.0437095205047263,0.0615008010992774,0.0615008010992774,-0.5092266331020171,-0.5092266331020171
P2,leave_chemical_system_out,36,stability_discharge,0.012802604793498,0.012802604793498,0.037794748972267,0.037794748972267,0.2795013599319369,0.2795013599319369,-2.3557496662863944,-2.3557496662863944,0.0185898908136923,0.0185898908136923,0.0401194558648424,0.0401194558648424,0.5642313060330562,0.5642313060330562,0.379841990335979,0.379841990335979
P2,leave_chemical_system_out,36,stability_worst,0.0183500872910043,0.0154478054681428,0.0332308163632385,0.0361890978767611,-0.3678951569002511,-0.0761372728011851,-2.2978562340597986,-2.486878579483449,0.0273768852704035,0.0242823920593919,0.0425082757911243,0.0437095205047263,-0.0307504005496387,0.0615008010992774,-0.5153767132119448,-0.5092266331020171
P2,leave_chemical_system_out,37,average_voltage,0.6351440954680756,0.6351440954680756,0.5209292393792464,0.5209292393792464,-1.904550689585334,-1.904550689585334,-0.9705995180610274,-0.9705995180610274,0.7380371911979619,0.7380371911979619,0.6079081326206466,0.6079081326206466,0.2279411764705882,0.2279411764705882,0.3799019607843137,0.3799019607843137
P2,leave_chemical_system_out,37,capacity_grav,46.21361530183601,46.21361530183601,47.345669912124926,47.345669912124926,0.2060154741602863,0.2060154741602863,0.2552775147755156,0.2552775147755156,70.80162841477332,70.80162841477332,68.57004911099806,68.57004911099806,0.7148989694418941,0.7148989694418941,0.7026365514411755,0.7026365514411755
P2,leave_chemical_system_out,37,energy_grav,195.00320184241613,218.1151035183697,140.40642982822544,150.53522025394452,-0.2875542760175256,-0.5142085018135649,0.1591864169740553,0.1291499111930223,237.24934895527767,257.2853730053493,191.7220729517723,195.1164819472782,0.661764705882353,0.678921568627451,0.536764705882353,0.7156862745098039
P2,leave_chemical_system_out,37,max_delta_volume,0.0478116892991732,0.0478116892991732,0.0448436296621832,0.0448436296621832,-0.2180021354275818,-0.2180021354275818,-0.1275998238587661,-0.1275998238587661,0.0645009095634003,0.0645009095634003,0.0620610778183644,0.0620610778183644,0.1004901960784313,0.1004901960784313,0.1519607843137255,0.1519607843137255
P2,leave_chemical_system_out,37,stability_charge,0.0223004405227865,0.0223004405227865,0.0290247537854112,0.0290247537854112,-1.330937418119321,-1.330937418119321,-1.8269685175093795,-1.8269685175093795,0.031546437850731,0.031546437850731,0.0347412552495781,0.0347412552495781,-0.0539215686274509,-0.0539215686274509,0.3014705882352941,0.3014705882352941
P2,leave_chemical_system_out,37,stability_discharge,0.027971921038765,0.027971921038765,0.0250736568485579,0.0250736568485579,-0.8711906542777694,-0.8711906542777694,-0.6249254595451346,-0.6249254595451346,0.0320001531558537,0.0320001531558537,0.0298201455377104,0.0298201455377104,0.573529411764706,0.573529411764706,-0.0759803921568627,-0.0759803921568627
P2,leave_chemical_system_out,37,stability_worst,0.0251475465513454,0.0148436622541782,0.0172170801578057,0.0262681142518424,-3.713147589572503,-1.1897131653512738,-1.5216560380219772,-3.969334361049576,0.0298692655988636,0.0203592905170746,0.021848013142813,0.0306703077953819,0.2205882352941176,0.0637254901960784,0.5073529411764706,0.3382352941176471
P2,leave_chemical_system_out,38,average_voltage,0.3255445253292925,0.3255445253292925,0.3478098880275487,0.3478098880275487,-0.0665094820736569,-0.0665094820736569,-0.1936252882134683,-0.1936252882134683,0.4505152886797953,0.4505152886797953,0.4766078365393793,0.4766078365393793,0.3110033124757368,0.3110033124757368,-0.1216969483600709,-0.1216969483600709
P2,leave_chemical_system_out,38,capacity_grav,60.21962659052786,60.21962659052786,31.529703352904317,31.529703352904317,-1.7712528931224836,-1.7712528931224836,0.0932334517390569,0.0932334517390569,75.35668079302508,75.35668079302508,43.10537486610361,43.10537486610361,0.3729539420688099,0.3729539420688099,0.4368889035663201,0.4368889035663201
P2,leave_chemical_system_out,38,energy_grav,285.374756443131,253.52657241854456,116.0721505488027,116.47568037687849,-2.790832995891308,-2.157964615574353,0.1316134324409938,0.0994501714811126,334.8606649287496,305.63313695761053,160.27041361852687,163.21147254563218,0.0086048347325302,0.1339895694065427,0.515060821847169,0.4511391924055155
P2,leave_chemical_system_out,38,max_delta_volume,0.0735944714868014,0.0735944714868014,0.0426165744571313,0.0426165744571313,-2.8139594290797327,-2.8139594290797327,-0.2261172399071416,-0.2261172399071416,0.0883913430522589,0.0883913430522589,0.0501173036733029,0.0501173036733029,-0.1204676862554237,-0.1204676862554237,-0.0024585242092943,-0.0024585242092943
P2,leave_chemical_system_out,38,stability_charge,0.0279099138192873,0.0279099138192873,0.0329805061005063,0.0329805061005063,-0.0124332446494863,-0.0124332446494863,-0.2925159932404497,-0.2925159932404497,0.0425282927612316,0.0425282927612316,0.0480521377127658,0.0480521377127658,-0.0786727746974196,-0.0786727746974196,0.2188086546271982,0.2188086546271982
P2,leave_chemical_system_out,38,stability_discharge,0.027842869308746,0.027842869308746,0.0137792565110281,0.0137792565110281,-1.7767885477437884,-1.7767885477437884,0.1168611735153571,0.1168611735153571,0.0319174447709786,0.0319174447709786,0.0179999459123416,0.0179999459123416,0.1057165409996575,0.1057165409996575,-0.0147511452557661,-0.0147511452557661
P2,leave_chemical_system_out,38,stability_worst,0.0302122652361498,0.0279099138192873,0.0285077179756549,0.0329805061005063,0.0454710867906351,-0.0124332446494863,-0.0021839919308901,-0.2925159932404497,0.04129422256698,0.0425282927612316,0.0423124800173009,0.0480521377127658,-0.0590045810230647,-0.0786727746974196,0.1204676862554237,0.2188086546271982
P2,leave_chemical_system_out,39,average_voltage,0.9015028672204416,0.9015028672204416,0.7448311311905119,0.7448311311905119,-1.7039036486377408,-1.7039036486377408,-0.8110329684118651,-0.8110329684118651,1.0832770499910571,1.0832770499910571,0.8865579215908723,0.8865579215908723,-0.1372549019607843,-0.1372549019607843,0.1029411764705882,0.1029411764705882
P2,leave_chemical_system_out,39,capacity_grav,28.79410038145672,28.79410038145672,37.181320262517765,37.181320262517765,0.259265788349899,0.259265788349899,0.1020979754013816,0.1020979754013816,39.011969198989526,39.011969198989526,42.95177800410939,42.95177800410939,0.7170055130017754,0.7170055130017754,0.6998170246763903,0.6998170246763903
P2,leave_chemical_system_out,39,energy_grav,91.80014011649352,98.03217544352974,90.1488141596496,83.813499739534,-0.208132095644633,-0.3115119666394392,-0.3236986619677449,-0.1215447722651177,107.640682173268,112.15157040676732,112.67142714865662,103.71164865365964,0.6715686274509804,0.6446078431372549,0.4877450980392157,0.6151960784313726
P2,leave_chemical_system_out,39,max_delta_volume,0.0206943561261313,0.0206943561261313,0.041820148508684,0.041820148508684,-1.9164409519858272,-1.9164409519858272,-6.605468830781291,-6.605468830781291,0.0302066489566798,0.0302066489566798,0.0487796803377997,0.0487796803377997,0.2941176470588235,0.2941176470588235,-0.1225490196078431,-0.1225490196078431
P2,leave_chemical_system_out,39,stability_charge,0.0314495702845718,0.0314495702845718,0.0401987863614475,0.0401987863614475,-0.5116845784981836,-0.5116845784981836,-1.5872307252400293,-1.5872307252400293,0.0409058843942704,0.0409058843942704,0.0535146606012968,0.0535146606012968,0.1299019607843137,0.1299019607843137,0.196078431372549,0.196078431372549
P2,leave_chemical_system_out,39,stability_discharge,0.0440579512229434,0.0440579512229434,0.0500431148645392,0.0500431148645392,-0.6373897803455015,-0.6373897803455015,-1.4994022483948402,-1.4994022483948402,0.0505840576903949,0.0505840576903949,0.062496501194637,0.062496501194637,0.0269607843137254,0.0269607843137254,0.2083333333333333,0.2083333333333333
P2,leave_chemical_system_out,39,stability_worst,0.0244247388641442,0.0288423447168919,0.0337327870249582,0.0285532482291979,-0.5754621564601836,-1.0030375450142102,-2.043164178972904,-1.18243689934047,0.0333924814599476,0.0376521040877162,0.0464095542654005,0.0393020816554911,0.2377450980392157,0.1397058823529411,0.4950980392156863,0.4681372549019608
P2,leave_chemical_system_out,40,average_voltage,0.2625761578759631,0.2625761578759631,0.1962019932374156,0.1962019932374156,0.1242493933834305,0.1242493933834305,0.1613334971667024,0.1613334971667024,0.3104864835455752,0.3104864835455752,0.303841522737233,0.303841522737233,0.3946078431372549,0.3946078431372549,0.4485294117647059,0.4485294117647059
P2,leave_chemical_system_out,40,capacity_grav,24.874894435282503,24.874894435282503,29.74189796925901,29.74189796925901,-0.0506811907903501,-0.0506811907903501,-0.7703571095294448,-0.7703571095294448,29.401797513733865,29.401797513733865,38.16531429721402,38.16531429721402,0.4675525849527177,0.4675525849527177,-0.1768783588577741,-0.1768783588577741
P2,leave_chemical_system_out,40,energy_grav,78.06693423614482,70.54429438179947,99.9028386315092,107.85818069681368,0.2749613958077918,0.4314346697256487,-0.1099447855354731,-0.2296835824632674,104.23866602977606,92.30781404080744,128.97304905556072,135.75160309986217,0.7132352941176472,0.7990196078431374,0.2892156862745098,0.1470588235294117
P2,leave_chemical_system_out,40,max_delta_volume,0.0158993636297301,0.0158993636297301,0.0247066906299917,0.0247066906299917,-3.4946163880935304,-3.4946163880935304,-10.93573017062031,-10.93573017062031,0.0179968059342298,0.0179968059342298,0.0293274034804027,0.0293274034804027,-0.0563725490196078,-0.0563725490196078,-0.1936274509803922,-0.1936274509803922
P2,leave_chemical_system_out,40,stability_charge,0.0292242423738933,0.0292242423738933,0.0280147131209547,0.0280147131209547,-0.5142875673776519,-0.5142875673776519,-0.7373175981211957,-0.7373175981211957,0.0340063896829651,0.0340063896829651,0.0364246978760069,0.0364246978760069,0.3235294117647059,0.3235294117647059,-0.4803921568627451,-0.4803921568627451
P2,leave_chemical_system_out,40,stability_discharge,0.0230704156280032,0.0230704156280032,0.0168928417087842,0.0168928417087842,0.3727205496758345,0.3727205496758345,0.5364326272069802,0.5364326272069802,0.0257196921234524,0.0257196921234524,0.0221101488411247,0.0221101488411247,0.7426470588235294,0.7426470588235294,0.7426470588235294,0.7426470588235294
P2,leave_chemical_system_out,40,stability_worst,0.0339832961040083,0.0265685203802824,0.037814347625644,0.0234552413829288,-0.5679476868401949,-0.1077033871723527,-0.918512946728108,0.1357952176333858,0.0377597314304128,0.0317376564083399,0.0417681730422203,0.0280331205720346,0.4926470588235295,0.428921568627451,-0.1813725490196078,0.2083333333333333
P2,leave_chemical_system_out,41,average_voltage,0.6377707505164969,0.6377707505164969,0.4093517015502677,0.4093517015502677,-0.3048016568389551,-0.3048016568389551,-0.4161029285556745,-0.4161029285556745,0.8529907973760843,0.8529907973760843,0.8886270036073444,0.8886270036073444,0.0588235294117647,0.0588235294117647,0.4911764705882353,0.4911764705882353
P2,leave_chemical_system_out,41,capacity_grav,52.5483429951996,52.5483429951996,54.09241943029291,54.09241943029291,-0.0669680839801685,-0.0669680839801685,0.0731745752099944,0.0731745752099944,64.08285367405944,64.08285367405944,59.72622942849971,59.72622942849971,0.4002944424395769,0.4002944424395769,0.4223695036035241,0.4223695036035241
P2,leave_chemical_system_out,41,energy_grav,188.17365434331455,184.8345620886759,212.5175159206248,227.9126136531687,0.1538984966718977,0.1929356637479015,-0.0142883384293173,-0.1754375550152327,226.185132419974,220.90568848570044,247.6472657429888,266.5953697561747,0.4029411764705882,0.488235294117647,0.2911764705882353,0.2529411764705882
P2,leave_chemical_system_out,41,max_delta_volume,0.0286523328856808,0.0286523328856808,0.025060952772663,0.025060952772663,-1.0748924753252518,-1.0748924753252518,-0.2244825801290766,-0.2244825801290766,0.0399416285704626,0.0399416285704626,0.030683456145463,0.030683456145463,0.3705882352941176,0.3705882352941176,0.1529411764705882,0.1529411764705882
P2,leave_chemical_system_out,41,stability_charge,0.0290088765953908,0.0290088765953908,0.0345153118221966,0.0345153118221966,-2.145795268325734,-2.145795268325734,-2.0923107299640296,-2.0923107299640296,0.0426511967456093,0.0426511967456093,0.0422870664081267,0.0422870664081267,0.3352941176470588,0.3352941176470588,0.1117647058823529,0.1117647058823529
P2,leave_chemical_system_out,41,stability_discharge,0.0356874796003925,0.0356874796003925,0.0439353233406332,0.0439353233406332,-0.3179495907554421,-0.3179495907554421,-0.943380985239536,-0.943380985239536,0.0408779705057041,0.0408779705057041,0.049638528738078,0.049638528738078,0.0794117647058823,0.0794117647058823,0.088235294117647,0.088235294117647
P2,leave_chemical_system_out,41,stability_worst,0.0275967134792759,0.0277442882686926,0.0370826933304111,0.026381167070192,-0.9965055317485711,-0.8047921090118519,-2.754794024522972,-0.9686728009179932,0.0366850431702491,0.0348792684286521,0.0503091331838695,0.0364284377002395,0.4294117647058823,0.4088235294117647,0.2558823529411764,0.3088235294117646
P2,leave_chemical_system_out,42,average_voltage,0.7657374407671862,0.7657374407671862,0.7927960172728491,0.7927960172728491,-0.9301677354052404,-0.9301677354052404,-1.0408527428393746,-1.0408527428393746,1.0476134273270528,1.0476134273270528,1.0772322953251123,1.0772322953251123,-0.4959530408166817,-0.4959530408166817,-0.2045622334525779,-0.2045622334525779
P2,leave_chemical_system_out,42,capacity_grav,41.95689520710189,41.95689520710189,48.864636753732746,48.864636753732746,-3.332341506925446,-3.332341506925446,-4.937400609183167,-4.937400609183167,44.45343017200952,44.45343017200952,52.04057814837518,52.04057814837518,-0.1042507320288709,-0.1042507320288709,0.008935777031046,0.008935777031046
P2,leave_chemical_system_out,42,energy_grav,95.30915608734412,97.13529807665614,101.97526342698332,109.68107572615396,-0.1525162291318078,-0.2348224556385094,-0.5817402301077834,-0.7781750017461706,112.19127148384258,116.12822942290067,131.432607961069,139.3550769409508,0.0559234882819997,0.1618837818689465,0.2619573924788408,0.2766740999214723
P2,leave_chemical_system_out,42,max_delta_volume,0.0404952613134845,0.0404952613134845,0.0339061429901537,0.0339061429901537,-5.09724748283232,-5.09724748283232,-2.7534099023575265,-2.7534099023575265,0.0499772470761645,0.0499772470761645,0.0392119478294553,0.0392119478294553,-0.5636498950527866,-0.5636498950527866,-0.4223695036035242,-0.4223695036035242
P2,leave_chemical_system_out,42,stability_charge,0.087536787578168,0.087536787578168,0.0768415070572341,0.0768415070572341,-0.0940348114556477,-0.0940348114556477,-0.0421920674053832,-0.0421920674053832,0.2327309927004227,0.2327309927004227,0.2271498911312018,0.2271498911312018,-0.0058910162002945,-0.0058910162002945,-0.0265095729013254,-0.0265095729013254
P2,leave_chemical_system_out,42,stability_discharge,0.0789134090389977,0.0789134090389977,0.0794186079364271,0.0794186079364271,-0.073329600719175,-0.073329600719175,-0.0321331652936751,-0.0321331652936751,0.2497257046324313,0.2497257046324313,0.2448863400745023,0.2448863400745023,0.264207289625283,0.264207289625283,0.287823583670001,0.287823583670001
P2,leave_chemical_system_out,42,stability_worst,0.08447080522607,0.0885307056429411,0.0797002757093013,0.0778354251220072,-0.0824147275803921,-0.0932706667619738,-0.0395066075238048,-0.0425027820558687,0.2354749405274867,0.236652827332476,0.2307605028333197,0.231092824555892,-0.0206185567010309,-0.0058910162002945,0.0117820324005891,-0.0265095729013254
P2,leave_chemical_system_out,43,average_voltage,0.5558803237604882,0.5558803237604882,0.5766421499779367,0.5766421499779367,-0.0191011790229722,-0.0191011790229722,0.0719879134077893,0.0719879134077893,0.6971258263575189,0.6971258263575189,0.6652415037299688,0.6652415037299688,0.2504476279323036,0.2504476279323036,0.4293387907410918,0.4293387907410918
P2,leave_chemical_system_out,43,capacity_grav,37.3375470677821,37.3375470677821,43.15701249616887,43.15701249616887,0.4094592901189168,0.4094592901189168,0.1531918161670935,0.1531918161670935,41.67943041812582,41.67943041812582,49.91020776473891,49.91020776473891,0.7545323030962761,0.7545323030962761,0.5884629923669522,0.5884629923669522
P2,leave_chemical_system_out,43,energy_grav,144.0557807664405,152.53083976709155,144.99842250273247,144.97651088163872,0.449019960076321,0.3820316113329999,0.3789915690014703,0.3589304034916807,171.32879298004522,181.44522857488,181.8909831318408,184.80555118280557,0.8586775814821836,0.7513428837969107,0.7370315907722076,0.8228993489204259
P2,leave_chemical_system_out,43,max_delta_volume,0.0161149357243004,0.0161149357243004,0.0194152335463652,0.0194152335463652,0.1435593422000886,0.1435593422000886,0.1567941664813303,0.1567941664813303,0.0253106841562633,0.0253106841562633,0.0251143560765961,0.0251143560765961,0.5992853954094407,0.5992853954094407,0.3488377674771371,0.3488377674771371
P2,leave_chemical_system_out,43,stability_charge,0.0173563304778306,0.0173563304778306,0.0181796369303942,0.0181796369303942,0.1583915826533267,0.1583915826533267,-0.0548824976681865,-0.0548824976681865,0.022240577858628,0.022240577858628,0.0248996404018792,0.0248996404018792,0.5259400186578375,0.5259400186578375,0.5509847814510679,0.5509847814510679
P2,leave_chemical_system_out,43,stability_discharge,0.0131562962340214,0.0131562962340214,0.0180547486959211,0.0180547486959211,0.0372371475803026,0.0372371475803026,-0.157301420781599,-0.157301420781599,0.0194997086722115,0.0194997086722115,0.0213792124840209,0.0213792124840209,0.4901617860960798,0.4901617860960798,0.6082299535498801,0.6082299535498801
P2,leave_chemical_system_out,43,stability_worst,0.0196263171022356,0.0162987505215393,0.0451396053263179,0.0164963370990056,-0.0313630307119157,0.1418827433199925,-3.375456142771088,0.0540853840631507,0.022949393700687,0.0209333509375188,0.0472690750189053,0.0219781637315045,0.3577823256175765,0.5152065488893102,0.7441872372845592,0.6082299535498801
P2,leave_chemical_system_out,44,average_voltage,0.4530445560245091,0.4530445560245091,0.4423842857942235,0.4423842857942235,-0.4547872176738947,-0.4547872176738947,-0.7331485445996766,-0.7331485445996766,0.5047651492973049,0.5047651492973049,0.5509440754245604,0.5509440754245604,0.1642857142857142,0.1642857142857142,0.0071428571428571,0.0071428571428571
P2,leave_chemical_system_out,44,capacity_grav,25.11620553757226,25.11620553757226,22.348171159541803,22.348171159541803,0.3720674753253286,0.3720674753253286,0.4343968732705014,0.4343968732705014,31.06067814218094,31.06067814218094,29.478836944604875,29.478836944604875,0.472272669815201,0.472272669815201,0.6958866233261863,0.6958866233261863
P2,leave_chemical_system_out,44,energy_grav,105.63243930404624,96.8320832207602,84.20900358339219,79.37403800026195,0.0841186039978335,0.2085165672315239,0.337868190640641,0.314197960654329,133.41647868552738,124.02543804514204,113.43891953788902,115.44875168129472,0.4428571428571427,0.4499999999999999,0.532142857142857,0.4464285714285714
P2,leave_chemical_system_out,44,max_delta_volume,0.029879674034108,0.029879674034108,0.0284452172613598,0.0284452172613598,-1.2449270684948592,-1.2449270684948592,-0.8828043726731214,-0.8828043726731214,0.0370271183869985,0.0370271183869985,0.0339095007356799,0.0339095007356799,-0.1178571428571428,-0.1178571428571428,0.2607142857142857,0.2607142857142857
P2,leave_chemical_system_out,44,stability_charge,0.0383896367992898,0.0383896367992898,0.0447655622382142,0.0447655622382142,-1.202005993668723,-1.202005993668723,-1.4767439117466234,-1.4767439117466234,0.0509942684747037,0.0509942684747037,0.0540819907792804,0.0540819907792804,0.1892857142857142,0.1892857142857142,0.3571428571428571,0.3571428571428571
P2,leave_chemical_system_out,44,stability_discharge,0.0486508290219664,0.0486508290219664,0.0642567078250964,0.0642567078250964,-2.375054527272749,-2.375054527272749,-4.246595613488425,-4.246595613488425,0.0571064523836455,0.0571064523836455,0.0712005880403391,0.0712005880403391,0.3,0.3,0.1678571428571428,0.1678571428571428
P2,leave_chemical_system_out,44,stability_worst,0.0436853322149827,0.0347868504854854,0.0650705209379187,0.0419379075927264,-2.0583038273113066,-1.09421532997266,-4.606043100327366,-1.5336887811562856,0.0547254568959181,0.0452855606894989,0.0740930202388958,0.0498110522502758,0.3249999999999999,0.2321428571428571,0.2428571428571428,0.3142857142857143
P2,leave_chemical_system_out,45,average_voltage,0.3605293521873778,0.3605293521873778,0.5427519452073573,0.5427519452073573,-0.4336031134698652,-0.4336031134698652,-1.751723321460637,-1.751723321460637,0.4918563237884455,0.4918563237884455,0.6814377268684343,0.6814377268684343,0.1071428571428571,0.1071428571428571,-0.1964285714285714,-0.1964285714285714
P2,leave_chemical_system_out,45,capacity_grav,34.855897640487015,34.855897640487015,48.36016658227345,48.36016658227345,0.2815640715016434,0.2815640715016434,-0.2521175653297787,-0.2521175653297787,42.83669169026527,42.83669169026527,56.55154248473256,56.55154248473256,0.5098398140050466,0.5098398140050466,0.2826480372378854,0.2826480372378854
P2,leave_chemical_system_out,45,energy_grav,101.2058720868923,98.978389652719,175.52339843542111,176.04684039000003,0.3827702061376216,0.4389982970326165,-0.5263344346927004,-0.5007000021486103,135.4357596220271,129.11954798131902,212.97800681237348,211.18197580603675,0.6892857142857142,0.7035714285714285,0.4499999999999999,0.457142857142857
P2,leave_chemical_system_out,45,max_delta_volume,0.0329128525038098,0.0329128525038098,0.031431637493703,0.031431637493703,-0.570888228683804,-0.570888228683804,-0.5777521383129074,-0.5777521383129074,0.0388489754092701,0.0388489754092701,0.0389337571275525,0.0389337571275525,0.1857142857142857,0.1857142857142857,-0.1035714285714285,-0.1035714285714285
P2,leave_chemical_system_out,45,stability_charge,0.0145568988368526,0.0145568988368526,0.0327934656528186,0.0327934656528186,0.3195446817345865,0.3195446817345865,-1.85260360854382,-1.85260360854382,0.0197205600791848,0.0197205600791848,0.0403775675466101,0.0403775675466101,0.5642857142857142,0.5642857142857142,-0.5357142857142856,-0.5357142857142856
P2,leave_chemical_system_out,45,stability_discharge,0.0426835702218533,0.0426835702218533,0.0258889348778165,0.0258889348778165,-1.0252702032000456,-1.0252702032000456,0.0593764823461283,0.0593764823461283,0.0462564159390955,0.0462564159390955,0.031523788812106,0.031523788812106,0.3249999999999999,0.3249999999999999,0.4785714285714285,0.4785714285714285
P2,leave_chemical_system_out,45,stability_worst,0.0230274931935233,0.0183720844864605,0.0297447784463818,0.0266865133131202,-1.2638751605382632,-0.4591281091353909,-2.811353582538392,-1.814809236584677,0.0273655914099658,0.0219697600213512,0.0355073467559724,0.0305142770377264,0.1464285714285714,-0.0035714285714285,-0.0107142857142857,-0.2857142857142856
P2,leave_chemical_system_out,46,average_voltage,0.3725827244477979,0.3725827244477979,0.2975927728971788,0.2975927728971788,-0.0518301044484112,-0.0518301044484112,-0.0074797698134356,-0.0074797698134356,0.684222636725206,0.684222636725206,0.6696421884711433,0.6696421884711433,-0.3092947870658709,-0.3092947870658709,0.3092947870658709,0.3092947870658709
P2,leave_chemical_system_out,46,capacity_grav,5.334854402770975,5.334854402770975,33.271164725850404,33.271164725850404,-9.221734958729628e+27,-9.221734958729628e+27,-3.444842293917873e+29,-3.444842293917873e+29,5.4586658354384525,5.4586658354384525,33.362982145914046,33.362982145914046,,,,
P2,leave_chemical_system_out,46,energy_grav,63.7321360868664,80.30614324832474,101.1665110868664,159.5216990751477,-0.0527888891977379,-0.1604085380028743,-0.3768138671076366,-1.4653059192504785,115.76237989295883,121.53524979954088,132.38366978593265,177.14635042131735,0.3092947870658709,0.3092947870658709,0.3092947870658709,0.3092947870658709
P2,leave_chemical_system_out,46,max_delta_volume,0.0149803308325566,0.0149803308325566,0.009706522779944,0.009706522779944,-10.4995189229903,-10.4995189229903,-4.455381238750014,-4.455381238750014,0.0156884788695014,0.0156884788695014,0.0108057161205873,0.0108057161205873,0.0618589574131741,0.0618589574131741,-0.0618589574131741,-0.0618589574131741
P2,leave_chemical_system_out,46,stability_charge,0.0404700227908134,0.0404700227908134,0.0272422848406799,0.0272422848406799,-0.0013542984561365,-0.0013542984561365,-0.0319621066977013,-0.0319621066977013,0.0765180880148111,0.0765180880148111,0.0776787273372566,0.0776787273372566,-0.1855768722395225,-0.1855768722395225,0.1855768722395225,0.1855768722395225
P2,leave_chemical_system_out,46,stability_discharge,0.0582121728616236,0.0582121728616236,0.0265731585120863,0.0265731585120863,-0.2324372613479264,-0.2324372613479264,-0.0112221122341542,-0.0112221122341542,0.0707912649254549,0.0707912649254549,0.0641239905233493,0.0641239905233493,0.1855768722395225,0.1855768722395225,0.1855768722395225,0.1855768722395225
P2,leave_chemical_system_out,46,stability_worst,0.068434546983484,0.0629170125685569,0.0554129447502331,0.0420704040322665,-0.0061501252335478,-0.0012241740440295,-0.0123114025793094,-0.1044140182908404,0.0941827684006796,0.0939519335846398,0.094470697850748,0.0986747453674469,-0.1855768722395225,-0.1855768722395225,0.1855768722395225,0.1855768722395225
P2,leave_chemical_system_out,47,average_voltage,0.2017815838562813,0.2017815838562813,0.2241120904046712,0.2241120904046712,0.1432327678468448,0.1432327678468448,0.0542822731928996,0.0542822731928996,0.252578074964207,0.252578074964207,0.2653658237418605,0.2653658237418605,0.4801773762783061,0.4801773762783061,0.6211468812407446,0.6211468812407446
P2,leave_chemical_system_out,47,capacity_grav,41.92412311504322,41.92412311504322,40.97973127738709,40.97973127738709,0.1857499537175195,0.1857499537175195,0.2359990628771374,0.2359990628771374,47.834773682382085,47.834773682382085,46.335278022467214,46.335278022467214,0.7605396290418256,0.7605396290418256,0.7428010954198588,0.7428010954198588
P2,leave_chemical_system_out,47,energy_grav,150.62338023118653,150.169638340143,155.55120261515796,156.30716226220036,0.242078892711157,0.2633833267604902,0.2227271675008951,0.2041568525532914,170.13173843021266,167.7235751743169,172.29000474373797,174.3360008569668,0.737887252537764,0.6189442327257065,0.6365654208460113,0.6277548267858589
P2,leave_chemical_system_out,47,max_delta_volume,0.0308066713712914,0.0308066713712914,0.0235885679837204,0.0235885679837204,0.1254517002473424,0.1254517002473424,0.3056778851466798,0.3056778851466798,0.0371182562271475,0.0371182562271475,0.033073195996524,0.033073195996524,0.0132158910902286,0.0132158910902286,0.497798564398611,0.497798564398611
P2,leave_chemical_system_out,47,stability_charge,0.0191073744979134,0.0191073744979134,0.0083209202227489,0.0083209202227489,-0.6571281113706522,-0.6571281113706522,0.574896782097893,0.574896782097893,0.0223505208789818,0.0223505208789818,0.0113202704523002,0.0113202704523002,0.6240356604310284,0.6240356604310284,0.7916212088153328,0.7916212088153328
P2,leave_chemical_system_out,47,stability_discharge,0.0197651779479442,0.0197651779479442,0.0148006429300107,0.0148006429300107,-0.5546489624972939,-0.5546489624972939,0.3245540530696031,0.3245540530696031,0.0237376580483284,0.0237376580483284,0.015646492585768,0.015646492585768,0.7872110628052195,0.7872110628052195,0.7386994566939735,0.7386994566939735
P2,leave_chemical_system_out,47,stability_worst,0.0329048319660649,0.0166156781645215,0.0133593821262425,0.0109461590503347,-1.5928780215294038,0.205546201148746,0.3652386979375851,0.5570295930273828,0.0337224028916917,0.0186664526302606,0.0166852489422518,0.0139384610685481,0.9018748590681646,0.8643886179822018,0.8158770118709558,0.7541349677293699
P2,leave_chemical_system_out,48,average_voltage,0.205233004414532,0.205233004414532,0.1724953043796788,0.1724953043796788,0.7641146624213082,0.7641146624213082,0.8019965671494673,0.8019965671494673,0.2516476919733217,0.2516476919733217,0.2305572791361837,0.2305572791361837,0.9078412990032037,0.9078412990032037,0.9078412990032037,0.9078412990032037
P2,leave_chemical_system_out,48,capacity_grav,38.7137993683336,38.7137993683336,35.08968418272379,35.08968418272379,-0.0788760651536797,-0.0788760651536797,-0.14560749297049,-0.14560749297049,47.55298337561981,47.55298337561981,49.00156068877132,49.00156068877132,-0.1294765840220385,-0.1294765840220385,0.1349862258953168,0.1349862258953168
P2,leave_chemical_system_out,48,energy_grav,152.5672912588525,150.33783897895466,154.40092637380883,127.81394111261244,0.1675724779683508,0.219223436871779,-0.0101166935288845,0.2928819685628162,189.68672847418247,183.70759652553943,208.9534303463227,174.82747571418437,0.4099041016711434,0.4924351288532529,0.1733151570824297,0.7235220049631592
P2,leave_chemical_system_out,48,max_delta_volume,0.0153763087023418,0.0153763087023418,0.0153158646526406,0.0153158646526406,-0.7437778723568524,-0.7437778723568524,-0.4463949300552754,-0.4463949300552754,0.0218312940007088,0.0218312940007088,0.0198827907762714,0.0198827907762714,-0.2063275679552735,-0.2063275679552735,0.0962861983791276,0.0962861983791276
P2,leave_chemical_system_out,48,stability_charge,0.0187343221389763,0.0187343221389763,0.0114671719031755,0.0114671719031755,-2.1696019014771446,-2.1696019014771446,0.084811584735591,0.084811584735591,0.0255676626825308,0.0255676626825308,0.013738645756436,0.013738645756436,0.1292986092519714,0.1292986092519714,0.5639620190777477,0.5639620190777477
P2,leave_chemical_system_out,48,stability_discharge,0.0209159948316863,0.0209159948316863,0.0280978755160637,0.0280978755160637,0.003790084096342,0.003790084096342,-0.7638640049058114,-0.7638640049058114,0.0245989010544958,0.0245989010544958,0.0327320212421001,0.0327320212421001,0.4539206495016018,0.4539206495016018,0.5254475397260966,0.5254475397260966
P2,leave_chemical_system_out,48,stability_worst,0.0242198987551935,0.0180449200679313,0.0198043110181834,0.0179631280535107,-1.626505199906235,-0.8237421195580152,-1.162326187332158,-0.3049366555157129,0.0302766062173194,0.0252289847386279,0.0274712653514701,0.0213409021822569,-0.0247593081546328,-0.2173317049128881,-0.23383791034931,0.6464930462598572
P2,leave_chemical_system_out,49,average_voltage,0.6600658998212467,0.6600658998212467,0.5566682736780112,0.5566682736780112,-0.025194855082788,-0.025194855082788,0.3814340289878084,0.3814340289878084,0.8166650203313192,0.8166650203313192,0.6343570304624726,0.6343570304624726,0.39010989010989,0.39010989010989,0.5714285714285714,0.5714285714285714
P2,leave_chemical_system_out,49,capacity_grav,56.12863861091186,56.12863861091186,57.048808734672384,57.048808734672384,-1.9211848127946836,-1.9211848127946836,-1.9659543675806264,-1.9659543675806264,63.61561686873258,63.61561686873258,64.10124405501206,64.10124405501206,0.3789855496366444,0.3789855496366444,0.3070612847420987,0.3070612847420987
P2,leave_chemical_system_out,49,energy_grav,144.33064586143712,130.70694180668082,167.58861341876016,170.15974754586352,0.115157948036292,0.2619481893052909,-0.2338848333340466,-0.2747874048303564,172.93539026713606,157.94083373775925,204.21531763197228,207.5725321053716,0.6648351648351648,0.7307692307692307,0.5934065934065934,0.5934065934065934
P2,leave_chemical_system_out,49,max_delta_volume,0.0631235613425682,0.0631235613425682,0.042533762074943,0.042533762074943,-1.1727975716455572,-1.1727975716455572,0.2721100836077615,0.2721100836077615,0.0873822110698938,0.0873822110698938,0.0505762060185434,0.0505762060185434,-0.0714285714285714,-0.0714285714285714,0.6483516483516483,0.6483516483516483
P2,leave_chemical_system_out,49,stability_charge,0.0456347339296569,0.0456347339296569,0.043167395569806,0.043167395569806,-1.178026748587278,-1.178026748587278,-0.8471129971260305,-0.8471129971260305,0.0612778204660836,0.0612778204660836,0.0564310897982362,0.0564310897982362,0.3131868131868132,0.3131868131868132,0.0164835164835164,0.0164835164835164
P2,leave_chemical_system_out,49,stability_discharge,0.0650078815422787,0.0650078815422787,0.0673039177948874,0.0673039177948874,-0.5325473378216845,-0.5325473378216845,-0.5978922788572179,-0.5978922788572179,0.0790017238976596,0.0790017238976596,0.0806683860919035,0.0806683860919035,0.0494505494505494,0.0494505494505494,0.0,0.0
P2,leave_chemical_system_out,49,stability_worst,0.0637480545376081,0.0749018926333648,0.0642579736406772,0.073641502492223,-1.7229672762620547,-2.701912739411365,-1.679990033782499,-2.3415063434018197,0.0770616032696796,0.0898524488516335,0.0764510436966816,0.085366597949998,-0.2087912087912088,-0.3131868131868132,-0.0824175824175824,-0.2087912087912088
P2,leave_chemical_system_out,50,average_voltage,0.4524711528888927,0.4524711528888927,0.4523679989496025,0.4523679989496025,0.0417596152735632,0.0417596152735632,0.1792729678502541,0.1792729678502541,0.6163061182567713,0.6163061182567713,0.5703725457233263,0.5703725457233263,0.0629370629370629,0.0629370629370629,0.6923076923076924,0.6923076923076924
P2,leave_chemical_system_out,50,capacity_grav,51.89892455352821,51.89892455352821,52.76320143951454,52.76320143951454,-0.1930168675008101,-0.1930168675008101,-0.2535844445441264,-0.2535844445441264,58.48466964094237,58.48466964094237,59.950877782795786,59.950877782795786,0.1338061348887597,0.1338061348887597,-0.0633818533683598,-0.0633818533683598
P2,leave_chemical_system_out,50,energy_grav,203.8450345601266,198.527873000068,195.2037127420928,201.9656145975615,-0.1756997817208816,-0.1457336286483979,-0.0581808297576451,-0.100285298312138,233.98493074016253,230.9837883813575,221.9829479385844,226.35616368004048,0.0419580419580419,0.1538461538461538,0.1958041958041958,0.1608391608391608
P2,leave_chemical_system_out,50,max_delta_volume,0.0319747634242606,0.0319747634242606,0.0578987056443379,0.0578987056443379,0.06532032312524,0.06532032312524,-1.662811110046412,-1.662811110046412,0.0460073837675637,0.0460073837675637,0.0776544445965691,0.0776544445965691,0.3426573426573427,0.3426573426573427,-0.4685314685314686,-0.4685314685314686
P2,leave_chemical_system_out,50,stability_charge,0.046787429461296,0.046787429461296,0.0261158838199271,0.0261158838199271,-4.276800063712179,-4.276800063712179,-0.4663004472611074,-0.4663004472611074,0.0591136331196556,0.0591136331196556,0.0311611743158983,0.0311611743158983,-0.0489510489510489,-0.0489510489510489,0.3146853146853147,0.3146853146853147
P2,leave_chemical_system_out,50,stability_discharge,0.0284054863305815,0.0284054863305815,0.0353588958609632,0.0353588958609632,-0.3452912001951986,-0.3452912001951986,-0.3352928017530061,-0.3352928017530061,0.0432315489731377,0.0432315489731377,0.0430705978053147,0.0430705978053147,0.0209790209790209,0.0209790209790209,-0.1608391608391608,-0.1608391608391608
P2,leave_chemical_system_out,50,stability_worst,0.0427351530100376,0.0403727697176084,0.0376496201461027,0.0232588589265826,-3.2703136333488327,-2.9005107809788933,-1.4340491134282094,-0.2174935958942569,0.0556570909219399,0.0531926170317277,0.042019926166614,0.0297182997735315,0.0419580419580419,-0.0279720279720279,0.3846153846153847,0.1748251748251748
P2,leave_chemical_system_out,51,average_voltage,0.549295903395726,0.549295903395726,0.2725577990198778,0.2725577990198778,-0.9807911619315224,-0.9807911619315224,0.4210572876190559,0.4210572876190559,0.6584936180221129,0.6584936180221129,0.3560000190294636,0.3560000190294636,-0.1258741258741259,-0.1258741258741259,0.6433566433566434,0.6433566433566434
P2,leave_chemical_system_out,51,capacity_grav,58.33054446487349,58.33054446487349,58.475003555680814,58.475003555680814,0.3038721673013319,0.3038721673013319,0.3631972162994492,0.3631972162994492,69.38903354836152,69.38903354836152,66.3664849532708,66.3664849532708,0.6490552191458255,0.6490552191458255,0.6772750112826005,0.6772750112826005
P2,leave_chemical_system_out,51,energy_grav,223.3286294828996,218.39511965623944,185.79368564067025,171.39040631387482,-0.4411113834686946,-0.2767191745586155,0.2083949447739087,0.206875438310861,270.3620833061172,254.4747523538408,200.37857759963347,200.57080134120568,0.5664335664335665,0.4265734265734266,0.5244755244755246,0.6223776223776225
P2,leave_chemical_system_out,51,max_delta_volume,0.0826699230401025,0.0826699230401025,0.0610826671904379,0.0610826671904379,-1.3752640520646278,-1.3752640520646278,-0.2679873378315089,-0.2679873378315089,0.1142851508757655,0.1142851508757655,0.0835009307261556,0.0835009307261556,-0.2867132867132868,-0.2867132867132868,0.3216783216783217,0.3216783216783217
P2,leave_chemical_system_out,51,stability_charge,0.0163551995045638,0.0163551995045638,0.0246920588166259,0.0246920588166259,-1.8552243546410607,-1.8552243546410607,-6.858972626733027,-6.858972626733027,0.0196340755527255,0.0196340755527255,0.0325741600703852,0.0325741600703852,-0.1258741258741259,-0.1258741258741259,0.1468531468531468,0.1468531468531468
P2,leave_chemical_system_out,51,stability_discharge,0.0302244724592667,0.0302244724592667,0.0425477222281107,0.0425477222281107,-2.362892748655641,-2.362892748655641,-3.914682803558895,-3.914682803558895,0.0464467401429113,0.0464467401429113,0.0561495754464559,0.0561495754464559,-0.2657342657342658,-0.2657342657342658,-0.3076923076923077,-0.3076923076923077
P2,leave_chemical_system_out,51,stability_worst,0.029679067639686,0.0197377473462557,0.041160597746701,0.0343797537979662,-7.242031647347503,-2.875177015931792,-11.058205175632668,-8.115582262178805,0.0385612348120895,0.0264411029065314,0.0466417813000182,0.0405532813694405,-0.1888111888111888,0.0419580419580419,-0.0279720279720279,-0.0279720279720279
P2,leave_chemical_system_out,52,average_voltage,0.3340817323572271,0.3340817323572271,0.4510643891405226,0.4510643891405226,-0.5325320279536172,-0.5325320279536172,-1.1972442006652797,-1.1972442006652797,0.4617970747249198,0.4617970747249198,0.5529496165513701,0.5529496165513701,-0.0349650349650349,-0.0349650349650349,-0.2587412587412587,-0.2587412587412587
P2,leave_chemical_system_out,52,capacity_grav,38.64918829894574,38.64918829894574,36.54741747427728,36.54741747427728,-0.2588658186745207,-0.2588658186745207,-0.1380438238114818,-0.1380438238114818,48.53751745208106,48.53751745208106,46.14953527453438,46.14953527453438,0.3636363636363637,0.3636363636363637,0.3286713286713286,0.3286713286713286
P2,leave_chemical_system_out,52,energy_grav,145.0127011402112,137.3345387065932,139.25440074079947,140.3507913238315,-0.4240844082229922,-0.2539705121855262,-0.2184364126106859,-0.2807300127899206,176.3214190680966,165.45537058561442,163.09424676495297,167.2114450855323,0.1188811188811189,0.2097902097902098,0.3146853146853147,0.2867132867132868
P2,leave_chemical_system_out,52,max_delta_volume,0.0378382686034388,0.0378382686034388,0.0375963853446839,0.0375963853446839,-0.9901076792128788,-0.9901076792128788,-0.9986835353325774,-0.9986835353325774,0.0528327307454283,0.0528327307454283,0.0529464428919276,0.0529464428919276,0.5454545454545455,0.5454545454545455,0.1258741258741259,0.1258741258741259
P2,leave_chemical_system_out,52,stability_charge,0.0392960259092248,0.0392960259092248,0.0598303054449921,0.0598303054449921,-1.2260102930454342,-1.2260102930454342,-3.4525178940172,-3.4525178940172,0.0481567120253418,0.0481567120253418,0.0681076788925127,0.0681076788925127,0.4965034965034965,0.4965034965034965,0.6713286713286714,0.6713286713286714
P2,leave_chemical_system_out,52,stability_discharge,0.0201714369079602,0.0201714369079602,0.0280284067504092,0.0280284067504092,-1.3623886894565005,-1.3623886894565005,-2.9921825723221493,-2.9921825723221493,0.0274024574792228,0.0274024574792228,0.0356220601301279,0.0356220601301279,-0.1678321678321678,-0.1678321678321678,0.4125874125874127,0.4125874125874127
P2,leave_chemical_system_out,52,stability_worst,0.0339800978604824,0.0382618589852125,0.0646744868967383,0.0499102687646388,-0.7537294221926358,-1.1381579519137914,-4.344798038650675,-2.2351372421483817,0.0424035653717819,0.0468210310031224,0.0740264171203004,0.0575926994427765,0.4965034965034965,0.4475524475524475,0.5944055944055945,0.7972027972027973
P2,leave_chemical_system_out,53,average_voltage,0.3630882210814387,0.3630882210814387,0.7754172163934873,0.7754172163934873,0.535314967611052,0.535314967611052,-0.8836675940844563,-0.8836675940844563,0.45923305624088,0.45923305624088,0.9246043510958656,0.9246043510958656,0.7090909090909092,0.7090909090909092,0.2181818181818182,0.2181818181818182
P2,leave_chemical_system_out,53,capacity_grav,60.95793567787908,60.95793567787908,38.46590330725213,38.46590330725213,-0.0817777277195683,-0.0817777277195683,0.3242088478517611,0.3242088478517611,65.23002417877005,65.23002417877005,51.556659730148425,51.556659730148425,0.5558100980454104,0.5558100980454104,0.792712762786077,0.792712762786077
P2,leave_chemical_system_out,53,energy_grav,194.14418750902243,189.61118968409343,103.89093687694262,128.21840752270847,-0.0145137299045468,-0.0196322478457633,0.2141504384729344,-0.0422174338496006,220.26710769792928,220.82206453000268,193.86097484558263,223.25430982778383,0.5545454545454546,0.5454545454545455,0.6818181818181819,0.3727272727272728
P2,leave_chemical_system_out,53,max_delta_volume,0.0194510988327909,0.0194510988327909,0.0321494639169005,0.0321494639169005,0.3333400736779144,0.3333400736779144,-1.0980875442503877,-1.0980875442503877,0.023631001834447,0.023631001834447,0.0419219776073266,0.0419219776073266,0.4454545454545455,0.4454545454545455,0.3454545454545455,0.3454545454545455
P2,leave_chemical_system_out,53,stability_charge,0.0404659698508344,0.0404659698508344,0.0601637176117943,0.0601637176117943,-1.982794767010181,-1.982794767010181,-5.5701915407179285,-5.5701915407179285,0.0471059262205563,0.0471059262205563,0.0699121851748222,0.0699121851748222,-0.3272727272727273,-0.3272727272727273,-0.5545454545454546,-0.5545454545454546
P2,leave_chemical_system_out,53,stability_discharge,0.0363481888825673,0.0363481888825673,0.0376506559330523,0.0376506559330523,-0.7364848207321812,-0.7364848207321812,-0.8182240995797916,-0.8182240995797916,0.0414099197420437,0.0414099197420437,0.0423733302638383,0.0423733302638383,-0.2181818181818182,-0.2181818181818182,0.0,0.0
P2,leave_chemical_system_out,53,stability_worst,0.0389428235421131,0.0351738237602305,0.0622892302608346,0.0500913835447341,-2.2541411196973167,-1.489684050438735,-6.161250875302591,-3.635744539536903,0.0467992485713076,0.0409348126556969,0.0694248791974441,0.055857363934234,-0.4090909090909091,-0.4363636363636364,-0.2363636363636363,-0.0727272727272727
P2,leave_chemical_system_out,54,average_voltage,1.0520123378678323,1.0520123378678323,1.0843253337525545,1.0843253337525545,-3.4234797515655764,-3.4234797515655764,-4.9469358034838615,-4.9469358034838615,1.1303819428190862,1.1303819428190862,1.3106593036344434,1.3106593036344434,0.0454545454545454,0.0454545454545454,-0.009090909090909,-0.009090909090909
P2,leave_chemical_system_out,54,capacity_grav,20.07326019190872,20.07326019190872,26.71602417832834,26.71602417832834,0.359194845225287,0.359194845225287,0.2087325072110937,0.2087325072110937,27.818609645441725,27.818609645441725,30.912496788209985,30.912496788209985,0.5466984570938462,0.5466984570938462,0.7517103785040385,0.7517103785040385
P2,leave_chemical_system_out,54,energy_grav,96.8850440146214,73.47441751648573,95.88814444977226,76.64810128268863,-2.4143781062915424,-1.3836772920890763,-2.344942989097668,-0.9488980582075026,116.85135120569396,97.63413025578888,115.6570983259406,88.28206713564911,-0.2090909090909091,0.1909090909090909,0.4636363636363637,0.4545454545454545
P2,leave_chemical_system_out,54,max_delta_volume,0.0415996466833816,0.0415996466833816,0.0347945098045362,0.0347945098045362,-0.801618985496924,-0.801618985496924,-0.2269807266055226,-0.2269807266055226,0.050943035844113,0.050943035844113,0.0420409206293156,0.0420409206293156,0.7000000000000001,0.7000000000000001,0.0454545454545454,0.0454545454545454
P2,leave_chemical_system_out,54,stability_charge,0.1656293637929962,0.1656293637929962,0.1516420894605162,0.1516420894605162,-0.4402233119780083,-0.4402233119780083,-0.3824681840428114,-0.3824681840428114,0.1809549064570082,0.1809549064570082,0.1772895010100891,0.1772895010100891,-0.5022883414749454,-0.5022883414749454,-0.6621073592169735,-0.6621073592169735
P2,leave_chemical_system_out,54,stability_discharge,0.0760041112319078,0.0760041112319078,0.0643670748089058,0.0643670748089058,0.1898108513953171,0.1898108513953171,-0.1250870639880601,-0.1250870639880601,0.0885928378381656,0.0885928378381656,0.1043995118456403,0.1043995118456403,0.790909090909091,0.790909090909091,0.3454545454545455,0.3454545454545455
P2,leave_chemical_system_out,54,stability_worst,0.1480136191017139,0.1494677529807686,0.1351241085731062,0.1354804786482886,-0.1893893892089655,-0.226576676493764,-0.1723525986636185,-0.3078783529208511,0.1611274477991225,0.1636269553162466,0.1599692922720531,0.1689628296254716,0.6545454545454547,0.6545454545454547,0.1636363636363636,-0.3454545454545455
P2,leave_chemical_system_out,55,average_voltage,1.3841117421271856,1.3841117421271856,0.8804709928894315,0.8804709928894315,-5.805799881515971,-5.805799881515971,-2.8410963719872453,-2.8410963719872453,1.41378170701695,1.41378170701695,1.0621121387487604,1.0621121387487604,0.8428267880196796,0.8428267880196796,0.523919354714936,0.523919354714936
P2,leave_chemical_system_out,55,capacity_grav,32.53177761138973,32.53177761138973,32.65079698532095,32.65079698532095,-0.4188462105058281,-0.4188462105058281,-0.629713986429913,-0.629713986429913,41.20947940933655,41.20947940933655,44.16570448909116,44.16570448909116,0.5517372590682452,0.5517372590682452,0.2298905246117688,0.2298905246117688
P2,leave_chemical_system_out,55,energy_grav,153.16052719686164,150.66947682343746,85.47687518603065,105.2923234469974,-5.031769112894514,-4.786712862718261,-1.66260537450492,-2.62973353980542,174.64953925714582,171.064958485131,116.03753431576462,135.482269177029,-0.0182232819031282,0.0364465638062564,0.5831450209001027,0.5466984570938462
P2,leave_chemical_system_out,55,max_delta_volume,0.0349173049691635,0.0349173049691635,0.0398303237345033,0.0398303237345033,-12.817797443269225,-12.817797443269225,-18.707200820511726,-18.707200820511726,0.0396155696227045,0.0396155696227045,0.0473106554622733,0.0473106554622733,0.0455582047578205,0.0455582047578205,0.3189074333047436,0.3189074333047436
P2,leave_chemical_system_out,55,stability_charge,0.0290423141233144,0.0290423141233144,0.0350465158702014,0.0350465158702014,-2.2034640031118253,-2.2034640031118253,-3.5272673339801583,-3.5272673339801583,0.037804850794446,0.037804850794446,0.0449423393161072,0.0449423393161072,-0.1780821917808219,-0.1780821917808219,-0.1095890410958904,-0.1095890410958904
P2,leave_chemical_system_out,55,stability_discharge,0.0484049050645551,0.0484049050645551,0.0216445141419831,0.0216445141419831,-2.79219053474914,-2.79219053474914,-0.3129451256588371,-0.3129451256588371,0.051976738859657,0.051976738859657,0.0305835038807408,0.0305835038807408,0.3234632537805257,0.3234632537805257,0.4419145861508591,0.4419145861508591
P2,leave_chemical_system_out,55,stability_worst,0.0311024018278844,0.0445719651587263,0.0360244565358884,0.0262090691080816,-1.2927949533149825,-2.224527317878441,-2.017421603498061,-0.6751173681755778,0.0401555101271071,0.0476206774307376,0.0460660035357505,0.0343229936267702,0.350798176635218,0.3234632537805257,0.4145796632961667,0.2870166899742693
P2,leave_chemical_system_out,56,average_voltage,0.6472102392380558,0.6472102392380558,0.7404039685729573,0.7404039685729573,-0.1448048839103952,-0.1448048839103952,-0.8698472290174655,-0.8698472290174655,0.8742777823827023,0.8742777823827023,1.1173436566876205,1.1173436566876205,-0.103030303030303,-0.103030303030303,-0.5393939393939393,-0.5393939393939393
P2,leave_chemical_system_out,56,capacity_grav,79.32301824090625,79.32301824090625,69.02420817160123,69.02420817160123,-1.6857263696056175,-1.6857263696056175,-1.1438062397075952,-1.1438062397075952,90.14202067212608,90.14202067212608,80.53583631129342,80.53583631129342,0.2205747008457648,0.2205747008457648,0.012974982402692,0.012974982402692
P2,leave_chemical_system_out,56,energy_grav,307.07402195482905,304.94772273232974,227.3166848060912,281.03644204869335,-2.3044219055090216,-2.135134558678438,-0.9451648888515314,-1.8836377379042,369.7569428720354,360.16100028077847,283.6918125319185,345.413208949755,0.1393939393939393,0.1151515151515151,-0.0545454545454545,-0.103030303030303
P2,leave_chemical_system_out,56,max_delta_volume,0.0647460481601258,0.0647460481601258,0.0788623288010671,0.0788623288010671,-0.8219325278741465,-0.8219325278741465,-1.7268219708066326,-1.7268219708066326,0.0805797733541921,0.0805797733541921,0.0985798808753064,0.0985798808753064,-0.2121212121212121,-0.2121212121212121,-0.1515151515151515,-0.1515151515151515
P2,leave_chemical_system_out,56,stability_charge,0.0689371666725493,0.0689371666725493,0.0829059301923124,0.0829059301923124,-4.724388378603983,-4.724388378603983,-7.183060539313846,-7.183060539313846,0.0763726283091282,0.0763726283091282,0.0913126765950402,0.0913126765950402,0.5272727272727272,0.5272727272727272,0.4787878787878787,0.4787878787878787
P2,leave_chemical_system_out,56,stability_discharge,0.0561351471066881,0.0561351471066881,0.0838558448063812,0.0838558448063812,-0.7675874132385876,-0.7675874132385876,-1.5601523009254374,-1.5601523009254374,0.0783776286438368,0.0783776286438368,0.0943266846384581,0.0943266846384581,0.3696969696969697,0.3696969696969697,0.309090909090909,0.309090909090909
P2,leave_chemical_system_out,56,stability_worst,0.0781789442804948,0.0689007753786937,0.0967648560602153,0.0720723962691919,-1.8491964584619185,-1.550707698869526,-2.738610908357612,-1.3472181914691834,0.090251630179601,0.0853933799581482,0.1033829669378245,0.0819163491492435,0.2121212121212121,0.1515151515151515,0.2606060606060606,0.2242424242424242
P2,leave_chemical_system_out,57,average_voltage,1.2321891717113655,1.2321891717113655,0.9808898785839448,0.9808898785839448,-0.6639524062325701,-0.6639524062325701,-0.3364902370811675,-0.3364902370811675,1.4083915854184563,1.4083915854184563,1.2622223530364436,1.2622223530364436,-0.0545454545454545,-0.0545454545454545,0.3454545454545454,0.3454545454545454
P2,leave_chemical_system_out,57,capacity_grav,50.545173518598425,50.545173518598425,71.25343678941825,71.25343678941825,-0.4855931488041498,-0.4855931488041498,-1.3267024428177985,-1.3267024428177985,69.48819427613186,69.48819427613186,86.96239764394407,86.96239764394407,0.1901983669333531,0.1901983669333531,0.4969699265032775,0.4969699265032775
P2,leave_chemical_system_out,57,energy_grav,180.7457593630674,159.09382522193417,421.6599472060081,305.8517634894829,-0.8256355180297801,-0.4252503378918146,-7.735973284142455,-4.5191292303092085,202.85341577669485,179.23419232141129,443.7424076554095,352.7041489462555,0.1757575757575757,0.0181818181818181,0.5878787878787878,0.6606060606060605
P2,leave_chemical_system_out,57,max_delta_volume,0.1175423886643662,0.1175423886643662,0.1194591887226896,0.1194591887226896,-0.2524238040223951,-0.2524238040223951,-0.2401186497620375,-0.2401186497620375,0.1380441331223097,0.1380441331223097,0.1373643123933767,0.1373643123933767,-0.0909090909090908,-0.0909090909090908,0.309090909090909,0.309090909090909
P2,leave_chemical_system_out,57,stability_charge,0.1240688892726543,0.1240688892726543,0.1721609773834125,0.1721609773834125,-0.2268846795461234,-0.2268846795461234,-0.8670128621063633,-0.8670128621063633,0.2001559583799494,0.2001559583799494,0.246910924892873,0.246910924892873,0.0061164653618131,0.0061164653618131,-0.3425220602615343,-0.3425220602615343
P2,leave_chemical_system_out,57,stability_discharge,0.122799712322175,0.122799712322175,0.1173115856556875,0.1173115856556875,-2.790398302231691,-2.790398302231691,-2.5703090952491965,-2.5703090952491965,0.13843269297576,0.13843269297576,0.1343535515310958,0.1343535515310958,-0.1151515151515151,-0.1151515151515151,0.4787878787878787,0.4787878787878787
P2,leave_chemical_system_out,57,stability_worst,0.1528452425003045,0.1415899554938071,0.1492877228918384,0.1891165257233094,-0.7521314555224488,-0.584193503589582,-0.6974602297099854,-1.2778565681169058,0.2146366421770059,0.2040913678041122,0.2112614840318974,0.2447280271988505,0.0972648869888103,0.2553203283456271,0.3161108827136336,0.2978737164032316
P2,leave_chemical_system_out,58,average_voltage,0.2403663630057054,0.2403663630057054,0.4351431677617781,0.4351431677617781,0.1106086457144669,0.1106086457144669,-0.2146440636476854,-0.2146440636476854,0.3971202323322187,0.3971202323322187,0.4640877213664298,0.4640877213664298,-0.2785242495291165,-0.2785242495291165,0.4874174366759539,0.4874174366759539
P2,leave_chemical_system_out,58,capacity_grav,38.67740295435598,38.67740295435598,79.0882204185487,79.0882204185487,-4.370560866929649,-4.370560866929649,-19.9614016776524,-19.9614016776524,41.3029370145752,41.3029370145752,81.59833059678681,81.59833059678681,0.7272727272727273,0.7272727272727273,-0.1272727272727273,-0.1272727272727273
P2,leave_chemical_system_out,58,energy_grav,124.5836724517886,141.24687367791705,219.37044613342923,229.63774281854208,-3.722903601802885,-4.848279015215364,-11.600402144542224,-12.600680863622305,138.70083352852745,154.34358103060876,226.5513911216448,235.37203128876567,0.5918640302493726,0.2785242495291165,0.4351941398892445,0.4526019054848144
P2,leave_chemical_system_out,58,max_delta_volume,0.0271647892272374,0.0271647892272374,0.0147728842373591,0.0147728842373591,-2.9418759308027544,-2.9418759308027544,-0.2149612191555641,-0.2149612191555641,0.0285948286442878,0.0285948286442878,0.0158751278216792,0.0158751278216792,-0.8442766313851344,-0.8442766313851344,-0.0435194139889244,-0.0435194139889244
P2,leave_chemical_system_out,58,stability_charge,0.0131638672855644,0.0131638672855644,0.0315653853827504,0.0315653853827504,-3.63429466753066,-3.63429466753066,-18.163471693087253,-18.163471693087253,0.016557202028261,0.016557202028261,0.0336691552731257,0.0336691552731257,-0.4264902570914596,-0.4264902570914596,0.0261116483933546,0.0261116483933546
P2,leave_chemical_system_out,58,stability_discharge,0.0562509220216908,0.0562509220216908,0.0185554514812681,0.0185554514812681,-10.99503302289106,-10.99503302289106,-0.7970419066037262,-0.7970419066037262,0.0577377867854008,0.0577377867854008,0.022347992188345,0.022347992188345,-0.0696310623822791,-0.0696310623822791,-0.1044465935734186,-0.1044465935734186
P2,leave_chemical_system_out,58,stability_worst,0.0268137357540079,0.0131638672855644,0.0247734261644732,0.0315653853827504,-12.35687426197215,-3.63429466753066,-11.486272838253727,-18.163471693087253,0.0281091390937577,0.016557202028261,0.0271776271321085,0.0336691552731257,0.0609271795844942,-0.4264902570914596,-0.2175970699446222,0.0261116483933546
P2,leave_chemical_system_out,59,average_voltage,0.2492681664394814,0.2492681664394814,0.3605885107016096,0.3605885107016096,0.5590907818004072,0.5590907818004072,-0.2259081163226222,-0.2259081163226222,0.2858078467854306,0.2858078467854306,0.4765719957791942,0.4765719957791942,0.4351502525529759,0.4351502525529759,0.4351502525529759,0.4351502525529759
P2,leave_chemical_system_out,59,capacity_grav,27.18104106910551,27.18104106910551,16.900666925294317,16.900666925294317,0.1258991763970623,0.1258991763970623,0.7485372529833658,0.7485372529833658,38.13445771637417,38.13445771637417,20.453782714376597,20.453782714376597,0.7142857142857144,0.7142857142857144,0.8487394957983194,0.8487394957983194
P2,leave_chemical_system_out,59,energy_grav,145.70406777956325,137.93491630386882,111.980621463374,95.16449495784016,0.1018677429369371,0.1488979651886841,0.5717476640727773,0.6821206119628165,178.29462917016818,173.56371130336478,123.11698849962468,106.07164345198552,0.6108840083916778,0.6945667492672501,0.728039845617479,0.7615129419677079
P2,leave_chemical_system_out,59,max_delta_volume,0.0162077945777043,0.0162077945777043,0.0214014892321315,0.0214014892321315,-0.1166050215212266,-0.1166050215212266,-0.6173753992389639,-0.6173753992389639,0.0216807869606391,0.0216807869606391,0.0260933999028772,0.0260933999028772,0.2845213189769458,0.2845213189769458,0.5690426379538917,0.5690426379538917
P2,leave_chemical_system_out,59,stability_charge,0.0214452965752263,0.0214452965752263,0.0197035024801361,0.0197035024801361,0.1448955598917592,0.1448955598917592,0.0722295831963555,0.0722295831963555,0.0237115223675178,0.0237115223675178,0.0246984738002669,0.0246984738002669,0.2928895930645031,0.2928895930645031,0.4769916229907622,0.4769916229907622
P2,leave_chemical_system_out,59,stability_discharge,0.0209524888589061,0.0209524888589061,0.0240504843955858,0.0240504843955858,0.4577550292617041,0.4577550292617041,0.1597505338933624,0.1597505338933624,0.0244041764788912,0.0244041764788912,0.0303787928997292,0.0303787928997292,0.5188329934285483,0.5188329934285483,0.4686233489032049,0.4686233489032049
P2,leave_chemical_system_out,59,stability_worst,0.0116695866797854,0.0173185913198262,0.0194334265822593,0.0142463784224442,0.5058701786169454,0.0066100136332799,-0.2816721339078714,0.1971331872536315,0.0148385874623085,0.0210393305724778,0.0238979418156935,0.0189144528008202,0.4016771562027471,0.3347309635022892,0.2008385781013735,0.4686233489032049
P2,leave_chemical_system_out,60,average_voltage,0.5746043357009395,0.5746043357009395,0.7861403259756229,0.7861403259756229,-0.582364920958677,-0.582364920958677,-1.6667199627049172,-1.6667199627049172,0.6771863294837627,0.6771863294837627,0.8791106979158109,0.8791106979158109,0.3571428571428572,0.3571428571428572,0.1428571428571428,0.1428571428571428
P2,leave_chemical_system_out,60,capacity_grav,62.34572758696474,62.34572758696474,74.22659935973086,74.22659935973086,-0.2038725150983635,-0.2038725150983635,-0.8878493057815386,-0.8878493057815386,68.97579042103557,68.97579042103557,86.37540535159108,86.37540535159108,0.1197626261913258,0.1197626261913258,-0.0119762626191325,-0.0119762626191325
P2,leave_chemical_system_out,60,energy_grav,267.1965619621563,277.63805213549614,291.4472142753887,289.1810781059551,-0.1380595655176137,-0.2055861199089259,-0.4843562275636963,-0.5002956546008281,320.8709893428518,330.2532318094042,366.4519407390167,368.41421799959966,0.2380952380952381,0.2380952380952381,0.0952380952380952,-0.0476190476190476
P2,leave_chemical_system_out,60,max_delta_volume,0.0515320003223059,0.0515320003223059,0.0596900151522408,0.0596900151522408,-0.5066115782636573,-0.5066115782636573,-0.6935640820189859,-0.6935640820189859,0.0667396485465207,0.0667396485465207,0.0707593903045891,0.0707593903045891,0.119047619047619,0.119047619047619,-0.0714285714285714,-0.0714285714285714
P2,leave_chemical_system_out,60,stability_charge,0.0410986794709162,0.0410986794709162,0.0898618539761489,0.0898618539761489,0.7785298968314476,0.7785298968314476,0.1746254365142803,0.1746254365142803,0.0674582015835574,0.0674582015835574,0.13022751251797,0.13022751251797,0.5714285714285715,0.5714285714285715,0.3333333333333334,0.3333333333333334
P2,leave_chemical_system_out,60,stability_discharge,0.0496811302030977,0.0496811302030977,0.0548297323870059,0.0548297323870059,0.459377472084715,0.459377472084715,0.3423532020658065,0.3423532020658065,0.0866209988227723,0.0866209988227723,0.0955371920542139,0.0955371920542139,0.7142857142857144,0.7142857142857144,0.4285714285714286,0.4285714285714286
P2,leave_chemical_system_out,60,stability_worst,0.0366642032285402,0.0364233779510864,0.0633362698647084,0.0779405634299516,0.73263525265979,0.783196693503251,0.4403431400022867,0.1975867765473824,0.0723915962892182,0.0651882064032781,0.1047362443930201,0.1254108524316013,0.6666666666666669,0.5714285714285715,0.2380952380952381,0.4047619047619048
P2,leave_chemical_system_out,61,average_voltage,0.2625938941552249,0.2625938941552249,0.2717297105754108,0.2717297105754108,-0.3466356617658725,-0.3466356617658725,-0.1056460152480729,-0.1056460152480729,0.3741978335517016,0.3741978335517016,0.3390660177817545,0.3390660177817545,0.4523809523809524,0.4523809523809524,0.3095238095238095,0.3095238095238095
P2,leave_chemical_system_out,61,capacity_grav,32.08465992182442,32.08465992182442,41.66730132360655,41.66730132360655,0.2497844104486088,0.2497844104486088,-0.1168264041880093,-0.1168264041880093,40.51276960112624,40.51276960112624,49.430127239644094,49.430127239644094,0.119047619047619,0.119047619047619,0.0476190476190476,0.0476190476190476
P2,leave_chemical_system_out,61,energy_grav,105.8728675289575,100.3116743877004,126.16838531687112,132.39065164760984,0.1137476350903208,0.2557332551208222,-0.0627485663130877,-0.22399662645628,144.175240226097,132.12234929491706,157.88004592331546,169.43459565632315,0.4523809523809524,0.380952380952381,0.0952380952380952,0.0952380952380952
P2,leave_chemical_system_out,61,max_delta_volume,0.0604990937495624,0.0604990937495624,0.0308857534571827,0.0308857534571827,-38.38157129449498,-38.38157129449498,-8.445507288760195,-8.445507288760195,0.0665861758111169,0.0665861758111169,0.0326099547965494,0.0326099547965494,0.261904761904762,0.261904761904762,0.0952380952380952,0.0952380952380952
P2,leave_chemical_system_out,61,stability_charge,0.0352086379061184,0.0352086379061184,0.0505124735816057,0.0505124735816057,-2.624023528920272,-2.624023528920272,-7.125797643961169,-7.125797643961169,0.0449425411818431,0.0449425411818431,0.0672969097725539,0.0672969097725539,0.0238095238095238,0.0238095238095238,-0.0714285714285714,-0.0714285714285714
P2,leave_chemical_system_out,61,stability_discharge,0.0296769116049709,0.0296769116049709,0.0269866119508275,0.0269866119508275,-0.8615490201463665,-0.8615490201463665,-1.0844837755202916,-1.0844837755202916,0.0382897575472173,0.0382897575472173,0.0405176862809345,0.0405176862809345,0.0476190476190476,0.0476190476190476,-0.0476190476190476,-0.0476190476190476
P2,leave_chemical_system_out,61,stability_worst,0.0436302708549193,0.0322462429395257,0.0684459352717605,0.0462516356346897,-4.712894176441612,-2.212265896148278,-11.473916840088163,-6.505114111856881,0.0544094423992155,0.0407992264454662,0.0803984373367248,0.0623626893241828,0.1904761904761905,0.1904761904761905,0.0476190476190476,0.0952380952380952
P2,leave_chemical_system_out,62,average_voltage,0.3703625201734938,0.3703625201734938,0.4494231150153122,0.4494231150153122,0.1753285976856534,0.1753285976856534,-0.2754073930473779,-0.2754073930473779,0.3954794898952144,0.3954794898952144,0.491822013107793,0.491822013107793,0.7142857142857144,0.7142857142857144,-0.0238095238095238,-0.0238095238095238
P2,leave_chemical_system_out,62,capacity_grav,45.96648184893132,45.96648184893132,39.13180619810991,39.13180619810991,0.3514816768253105,0.3514816768253105,0.3253493229370211,0.3253493229370211,51.52106953411453,51.52106953411453,52.548851035442446,52.548851035442446,0.5422080293008649,0.5422080293008649,0.6024533658898499,0.6024533658898499
P2,leave_chemical_system_out,62,energy_grav,128.86802122253965,122.8718836035211,147.62240323994877,112.0071650502515,0.3923439491997905,0.439138891766957,0.19235037762547,0.4570648694940248,146.3520022197024,140.60391642521697,168.72570524904447,138.3387116208592,0.4523809523809524,0.5476190476190477,0.6428571428571429,0.6428571428571429
P2,leave_chemical_system_out,62,max_delta_volume,0.0179719609555762,0.0179719609555762,0.0217502823242861,0.0217502823242861,0.2042371159562395,0.2042371159562395,-0.1503075495978874,-0.1503075495978874,0.0225205367595042,0.0225205367595042,0.0270765846475534,0.0270765846475534,0.6190476190476191,0.6190476190476191,0.6190476190476191,0.6190476190476191
P2,leave_chemical_system_out,62,stability_charge,0.0327154833905381,0.0327154833905381,0.0280579910278272,0.0280579910278272,-2.744902696004644,-2.744902696004644,-2.5342686206410865,-2.5342686206410865,0.0370279892775728,0.0370279892775728,0.0359715902502023,0.0359715902502023,-0.5714285714285715,-0.5714285714285715,-0.4761904761904762,-0.4761904761904762
P2,leave_chemical_system_out,62,stability_discharge,0.0158872173147255,0.0158872173147255,0.0221398630624055,0.0221398630624055,-0.7360244211652942,-0.7360244211652942,-1.518688865548861,-1.518688865548861,0.021263288297729,0.021263288297729,0.0256117806458363,0.0256117806458363,0.6666666666666669,0.6666666666666669,-0.119047619047619,-0.119047619047619
P2,leave_chemical_system_out,62,stability_worst,0.0332051122643036,0.0327154833905381,0.0318799084478501,0.0279738988857668,-2.592498027445018,-2.744902696004644,-2.4318208870708315,-2.499885605253632,0.0362667074918709,0.0370279892775728,0.0354464026851009,0.035796188396774,-0.5714285714285715,-0.5714285714285715,-0.6666666666666669,-0.4761904761904762
P2,leave_chemical_system_out,63,average_voltage,0.7831278876978592,0.7831278876978592,0.7739957572345001,0.7739957572345001,-0.2974951725056691,-0.2974951725056691,-0.1715503844802341,-0.1715503844802341,1.1061772153002976,1.1061772153002976,1.051120046570778,1.051120046570778,-0.1666666666666667,-0.1666666666666667,0.1666666666666667,0.1666666666666667
P2,leave_chemical_system_out,63,capacity_grav,60.874276033383,60.874276033383,80.6843151842798,80.6843151842798,0.1741464306350839,0.1741464306350839,-0.3104445648491036,-0.3104445648491036,75.16743805929893,75.16743805929893,94.68638809089836,94.68638809089836,0.8554837795635868,0.8554837795635868,0.2650794809915339,0.2650794809915339
P2,leave_chemical_system_out,63,energy_grav,173.25715790104624,156.09931145024058,244.1018219335112,234.5583725316557,0.3027024041005369,0.3454961492262833,-0.3147473418806881,-0.3766030436424705,203.17228004407647,196.8391465985229,278.9822169880383,285.4695123474015,0.9761904761904764,0.9523809523809524,0.7857142857142858,0.7380952380952381
P2,leave_chemical_system_out,63,max_delta_volume,0.0531987131780047,0.0531987131780047,0.048857773182354,0.048857773182354,-0.2364173351719254,-0.2364173351719254,-0.0274722877277941,-0.0274722877277941,0.0726614307514801,0.0726614307514801,0.0662378856437291,0.0662378856437291,0.2142857142857143,0.2142857142857143,0.4047619047619048,0.4047619047619048
P2,leave_chemical_system_out,63,stability_charge,0.1924197676132184,0.1924197676132184,0.1938214779372078,0.1938214779372078,-0.8461558643017861,-0.8461558643017861,-0.9345257684271344,-0.9345257684271344,0.2412750986193501,0.2412750986193501,0.2469821570303573,0.2469821570303573,-0.1556914140487236,-0.1556914140487236,-0.2874303028591821,-0.2874303028591821
P2,leave_chemical_system_out,63,stability_discharge,0.1131254113921394,0.1131254113921394,0.1129311859275521,0.1129311859275521,-0.0863685406249326,-0.0863685406249326,-0.0488475761645106,-0.0488475761645106,0.1788774925511096,0.1788774925511096,0.1757613167605022,0.1757613167605022,0.380952380952381,0.380952380952381,-0.0238095238095238,-0.0238095238095238
P2,leave_chemical_system_out,63,stability_worst,0.1805399625271556,0.1871473674371835,0.1609687690332529,0.1885490777611729,-0.915355702642518,-1.036177321275722,-0.8097884444136152,-1.1443418337515587,0.2326008803454597,0.2398249886474437,0.2260999883799543,0.246112483980776,0.2155727271443865,-0.1556914140487236,-0.7784570702436183,-0.2874303028591821
P2,leave_chemical_system_out,64,average_voltage,0.2942832468770395,0.2942832468770395,0.3292009696236748,0.3292009696236748,0.2668694071995297,0.2668694071995297,0.2407437291167835,0.2407437291167835,0.3871443183664828,0.3871443183664828,0.3939820290643691,0.3939820290643691,0.4761904761904762,0.4761904761904762,0.5476190476190477,0.5476190476190477
P2,leave_chemical_system_out,64,capacity_grav,30.855764645607536,30.855764645607536,32.22086550620324,32.22086550620324,0.3690007879011788,0.3690007879011788,0.3914230991935399,0.3914230991935399,41.86496401345668,41.86496401345668,41.1144084316253,41.1144084316253,0.7857142857142858,0.7857142857142858,0.7380952380952381,0.7380952380952381
P2,leave_chemical_system_out,64,energy_grav,126.63125593238048,124.27926618628672,126.96513978717962,114.76387635944523,0.3131240273392133,0.3786889861470549,0.4036982393223646,0.4665594856338884,180.39199953710124,171.56655713676253,168.07811002336842,158.97217222851253,0.7380952380952381,0.6666666666666669,0.6666666666666669,0.8333333333333335
P2,leave_chemical_system_out,64,max_delta_volume,0.0249815434686854,0.0249815434686854,0.0242228007989785,0.0242228007989785,-0.7418764383882062,-0.7418764383882062,-0.4397658458396434,-0.4397658458396434,0.0308059036509366,0.0308059036509366,0.0280072981025791,0.0280072981025791,0.0238095238095238,0.0238095238095238,-0.4523809523809524,-0.4523809523809524
P2,leave_chemical_system_out,64,stability_charge,0.0291414751157648,0.0291414751157648,0.0262783818364626,0.0262783818364626,-0.7563772209147053,-0.7563772209147053,-0.7647653849084686,-0.7647653849084686,0.0317198241642471,0.0317198241642471,0.0317954782328468,0.0317954782328468,-0.1666666666666667,-0.1666666666666667,-0.2380952380952381,-0.2380952380952381
P2,leave_chemical_system_out,64,stability_discharge,0.0283564701530955,0.0283564701530955,0.0276615691794443,0.0276615691794443,-0.2708800980982655,-0.2708800980982655,-0.2454030197148242,-0.2454030197148242,0.0371469386094874,0.0371469386094874,0.0367727150050218,0.0367727150050218,0.2380952380952381,0.2380952380952381,-0.0238095238095238,-0.0238095238095238
P2,leave_chemical_system_out,64,stability_worst,0.0264328015979281,0.0334072157266974,0.0284882059778511,0.0323653102378785,-1.0755685428617383,-1.956756783784608,-1.504033769092474,-2.2918482036933514,0.0303879767735887,0.0362694564220891,0.0333774640283237,0.0382695315421791,-0.1904761904761905,-0.2857142857142857,-0.2857142857142857,-0.261904761904762
P2,leave_chemical_system_out,65,average_voltage,1.3948583992928327,1.3948583992928327,1.4257936623625704,1.4257936623625704,-0.2741472925778712,-0.2741472925778712,-0.5519183687577747,-0.5519183687577747,1.5198699697805378,1.5198699697805378,1.6773784263087612,1.6773784263087612,-0.3095238095238095,-0.3095238095238095,-0.3333333333333334,-0.3333333333333334
P2,leave_chemical_system_out,65,capacity_grav,89.33851115054074,89.33851115054074,151.33344081299063,151.33344081299063,-0.2837247668844589,-0.2837247668844589,-2.3430452780762447,-2.3430452780762447,107.91151653552808,107.91151653552808,174.1417743543069,174.1417743543069,0.6190476190476191,0.6190476190476191,0.2380952380952381,0.2380952380952381
P2,leave_chemical_system_out,65,energy_grav,580.1872482663896,557.0226593381668,755.8549156553056,781.2292595273759,-0.2071585106390636,-0.1403556124348524,-1.0036267014481588,-1.158286994413828,674.333802120041,655.4098014860936,868.7627373310614,901.6694940448756,0.6666666666666669,0.6666666666666669,0.523809523809524,0.4761904761904762
P2,leave_chemical_system_out,65,max_delta_volume,0.1155992415341856,0.1155992415341856,0.1498065108738722,0.1498065108738722,0.3738122818415289,0.3738122818415289,-0.0781148495355701,-0.0781148495355701,0.153194772695823,0.153194772695823,0.2010130197547126,0.2010130197547126,0.523809523809524,0.523809523809524,0.5000000000000001,0.5000000000000001
P2,leave_chemical_system_out,65,stability_charge,0.0686068711160745,0.0686068711160745,0.0308590181461598,0.0308590181461598,-1226.632174444998,-1226.632174444998,-297.8551390974435,-297.8551390974435,0.070905229345061,0.070905229345061,0.0349844055790993,0.0349844055790993,0.4123930494211612,0.4123930494211612,0.2474358296526967,0.2474358296526967
P2,leave_chemical_system_out,65,stability_discharge,0.0427257002589779,0.0427257002589779,0.0331453227696495,0.0331453227696495,0.0916168293705922,0.0916168293705922,0.6210880282514191,0.6210880282514191,0.0570115061044419,0.0570115061044419,0.0368211321623868,0.0368211321623868,0.2994065654783147,0.2994065654783147,0.7065994945288229,0.7065994945288229
P2,leave_chemical_system_out,65,stability_worst,0.0523145306076188,0.0471583195182759,0.035611881001179,0.0331453227696495,-0.0475112959865089,0.0277376593873576,0.4898311092500885,0.6210880282514191,0.0612219744588416,0.0589820287474584,0.0427252842385084,0.0368211321623868,0.4191691916696406,0.2874303028591821,0.5748606057183643,0.7065994945288229
P2,leave_chemical_system_out,66,average_voltage,0.1835056565549781,0.1835056565549781,0.5573400534127657,0.5573400534127657,0.4276096219196126,0.4276096219196126,-3.254578120617933,-3.254578120617933,0.2122841320699042,0.2122841320699042,0.5787614837745293,0.5787614837745293,0.5765999761251578,0.5765999761251578,-0.1441499940312894,-0.1441499940312894
P2,leave_chemical_system_out,66,capacity_grav,48.598089357354986,48.598089357354986,51.82862786181927,51.82862786181927,0.2717972539043147,0.2717972539043147,0.2043390789807699,0.2043390789807699,49.89654394969683,49.89654394969683,52.156485997300464,52.156485997300464,0.6179143806533247,0.6179143806533247,0.6179143806533247,0.6179143806533247
P2,leave_chemical_system_out,66,energy_grav,158.16629097211143,165.49935328028667,205.04622828028667,220.48599966003,0.447933237673114,0.4161462166717629,0.1746736947313789,0.0727172110614469,171.0105879740327,175.86493228113972,209.09326465480544,221.6324254882465,0.900937462695559,0.900937462695559,0.7207499701564473,0.900937462695559
P2,leave_chemical_system_out,66,max_delta_volume,0.024471229611535,0.024471229611535,0.0208859048557983,0.0208859048557983,-0.1330574348709305,-0.1330574348709305,0.1070841132449982,0.1070841132449982,0.0262161694349042,0.0262161694349042,0.0232727952018866,0.0232727952018866,0.30631873731649,0.30631873731649,0.30631873731649,0.30631873731649
P2,leave_chemical_system_out,66,stability_charge,0.0132817585296019,0.0132817585296019,0.0142674290007695,0.0142674290007695,-1.7873985519670188,-1.7873985519670188,-0.8127366644024847,-0.8127366644024847,0.0187463264597417,0.0187463264597417,0.015117640036266,0.015117640036266,-0.5765999761251578,-0.5765999761251578,0.900937462695559,0.900937462695559
P2,leave_chemical_system_out,66,stability_discharge,0.0083603063571878,0.0083603063571878,0.0068887997326131,0.0068887997326131,-3.141018851258006,-3.141018851258006,-5.155420783891396,-5.155420783891396,0.010095893733986,0.010095893733986,0.0123089225833094,0.0123089225833094,-0.1801874925391118,-0.1801874925391118,0.0720749970156447,0.0720749970156447
P2,leave_chemical_system_out,66,stability_worst,0.0202358162638665,0.0070134619220833,0.0207096251594825,0.0054204175297248,-4.604677968080334,0.1741982047036966,-3.912333498178321,0.419495029329786,0.0233515798230207,0.0089635252635604,0.0218617466570064,0.007515258213733,-0.108112495523467,0.0360374985078223,0.900937462695559,0.5045249791095131
P2,leave_chemical_system_out,67,average_voltage,0.5554597090613311,0.5554597090613311,0.3695325904874611,0.3695325904874611,0.2065304899424361,0.2065304899424361,0.600740845033773,0.600740845033773,0.6711951512892309,0.6711951512892309,0.4761141957540666,0.4761141957540666,0.642857142857143,0.642857142857143,0.8571428571428573,0.8571428571428573
P2,leave_chemical_system_out,67,capacity_grav,26.95537183840965,26.95537183840965,23.7531677042478,23.7531677042478,0.1041542607826222,0.1041542607826222,0.3262241679577736,0.3262241679577736,30.856662016786554,30.856662016786554,26.760242326240327,26.760242326240327,0.5357142857142858,0.5357142857142858,0.3571428571428572,0.3571428571428572
P2,leave_chemical_system_out,67,energy_grav,110.74583367947275,111.2931577125944,100.68767152397834,89.25171484150066,0.2389189888030781,0.2785104808782921,0.3962077414620105,0.5200436521578714,132.71645062062467,129.2183908237059,118.20969188275603,105.392616149163,0.6071428571428572,0.7857142857142859,0.8214285714285715,0.8571428571428573
P2,leave_chemical_system_out,67,max_delta_volume,0.0423524924898595,0.0423524924898595,0.0316709088122315,0.0316709088122315,-0.1752186235057398,-0.1752186235057398,0.099505360489786,0.099505360489786,0.0480027536516867,0.0480027536516867,0.0420191617756446,0.0420191617756446,0.6071428571428572,0.6071428571428572,0.6071428571428572,0.6071428571428572
P2,leave_chemical_system_out,67,stability_charge,0.0207560798715545,0.0207560798715545,0.0160676195742809,0.0160676195742809,-0.024880425792551,-0.024880425792551,0.0434917150810073,0.0434917150810073,0.0223234012768213,0.0223234012768213,0.0215659271969465,0.0215659271969465,0.7142857142857144,0.7142857142857144,0.1428571428571428,0.1428571428571428
P2,leave_chemical_system_out,67,stability_discharge,0.0244003968594074,0.0244003968594074,0.0220916380854334,0.0220916380854334,0.230615945859536,0.230615945859536,0.2445315112111867,0.2445315112111867,0.0288838360872599,0.0288838360872599,0.0286214385614814,0.0286214385614814,0.5714285714285715,0.5714285714285715,0.4642857142857144,0.4642857142857144
P2,leave_chemical_system_out,67,stability_worst,0.023748769913164,0.0204917693604075,0.0235442312527739,0.016531603050391,-0.2566441058600825,0.0834824704989687,-0.2570652016455459,0.2088945434796781,0.0262331992998802,0.0224034806945031,0.0262375942452526,0.0208143234641821,-0.2142857142857143,0.2857142857142857,-0.1071428571428571,-0.1785714285714286
P2,leave_chemical_system_out,68,average_voltage,0.5411276808879358,0.5411276808879358,0.913244569990998,0.913244569990998,0.2732822973252713,0.2732822973252713,-1.61228740282466,-1.61228740282466,0.612117905329653,0.612117905329653,1.1605468888516268,1.1605468888516268,0.6785714285714287,0.6785714285714287,0.0714285714285714,0.0714285714285714
P2,leave_chemical_system_out,68,capacity_grav,35.08726349445025,35.08726349445025,53.9544431986291,53.9544431986291,-0.6561946511166787,-0.6561946511166787,-1.5790720143584256,-1.5790720143584256,45.78788953296976,45.78788953296976,57.13821540920324,57.13821540920324,0.0,0.0,0.6071428571428572,0.6071428571428572
P2,leave_chemical_system_out,68,energy_grav,164.15943520369495,163.5500562797072,160.82129941540902,220.2837983288703,-0.4233181407140571,-0.4201429261465836,-0.551147697891486,-1.4208141807380097,199.11937651473625,198.8971494056861,207.8687036984992,259.6828439702219,0.0,0.0,0.3928571428571429,0.4642857142857144
P2,leave_chemical_system_out,68,max_delta_volume,0.0145872284039701,0.0145872284039701,0.0186556629454546,0.0186556629454546,-1.1083794035722216,-1.1083794035722216,-3.197847792229733,-3.197847792229733,0.0168180447240295,0.0168180447240295,0.0237309139410179,0.0237309139410179,-0.1785714285714286,-0.1785714285714286,-0.5,-0.5
P2,leave_chemical_system_out,68,stability_charge,0.0430165003925581,0.0430165003925581,0.0558823002708829,0.0558823002708829,-3.448299415540207,-3.448299415540207,-8.484485355930444,-8.484485355930444,0.0472543712109944,0.0472543712109944,0.0690004412145506,0.0690004412145506,0.5225437283634242,0.5225437283634242,0.6126374746329801,0.6126374746329801
P2,leave_chemical_system_out,68,stability_discharge,0.0253820457903622,0.0253820457903622,0.0647193418292283,0.0647193418292283,-1.021801745633815,-1.021801745633815,-9.945251790047696,-9.945251790047696,0.0302125633291504,0.0302125633291504,0.0702960898563574,0.0702960898563574,0.4504687313477795,0.4504687313477795,0.0900937462695559,0.0900937462695559
P2,leave_chemical_system_out,68,stability_worst,0.0388914151323712,0.0430165003925581,0.0480277567560412,0.0558823002708829,-2.848654704276184,-3.448299415540207,-7.82527337372162,-8.484485355930444,0.0439541065790153,0.0472543712109944,0.0665593490897739,0.0690004412145506,0.5225437283634242,0.5225437283634242,0.2342437403008453,0.6126374746329801
P2,leave_chemical_system_out,69,average_voltage,0.4199161166582729,0.4199161166582729,0.3966817693469425,0.3966817693469425,-2.3996371063626203,-2.3996371063626203,-2.5782884183986785,-2.5782884183986785,0.4846833435494211,0.4846833435494211,0.4972553748821036,0.4972553748821036,0.3214285714285715,0.3214285714285715,-0.1428571428571428,-0.1428571428571428
P2,leave_chemical_system_out,69,capacity_grav,48.15770976110525,48.15770976110525,40.44266982667445,40.44266982667445,-0.6278879910473185,-0.6278879910473185,0.0540249000996725,0.0540249000996725,56.4338040066218,56.4338040066218,43.01965451844238,43.01965451844238,-0.1428571428571428,-0.1428571428571428,0.7500000000000002,0.7500000000000002
P2,leave_chemical_system_out,69,energy_grav,246.0138653204581,232.515779208572,178.9646143090184,168.46184156906307,-0.9210767315594944,-0.760015444448481,0.0304542772046981,0.1442178049333009,296.3314615960313,283.6374985700299,210.51815472607387,197.78212125617296,0.1428571428571428,0.0714285714285714,0.2857142857142857,0.5
P2,leave_chemical_system_out,69,max_delta_volume,0.0487936109007602,0.0487936109007602,0.0739390756105871,0.0739390756105871,0.0155297535510092,0.0155297535510092,-0.9547334873209196,-0.9547334873209196,0.0537840346503806,0.0537840346503806,0.0757871991209533,0.0757871991209533,0.2142857142857143,0.2142857142857143,-0.6071428571428572,-0.6071428571428572
P2,leave_chemical_system_out,69,stability_charge,0.0358306248864237,0.0358306248864237,0.0387963033452943,0.0387963033452943,-3.0964361232525315,-3.0964361232525315,-3.7617516388889225,-3.7617516388889225,0.0461310464590928,0.0461310464590928,0.0497363124707443,0.0497363124707443,-0.9177788727679403,-0.9177788727679403,0.7158675207589936,0.7158675207589936
P2,leave_chemical_system_out,69,stability_discharge,0.0325012928764519,0.0325012928764519,0.0317260138626791,0.0317260138626791,-1.1856675996489965,-1.1856675996489965,-0.6321796951415628,-0.6321796951415628,0.0471106359015569,0.0471106359015569,0.0407109179188675,0.0407109179188675,-0.3928571428571429,-0.3928571428571429,0.2857142857142857,0.2857142857142857
P2,leave_chemical_system_out,69,stability_worst,0.0390725617668265,0.0325437146175585,0.0356792243264269,0.0301073001764368,-1.8638002812141397,-2.035210424241274,-1.6336467505338603,-1.523683565678818,0.0462735950636284,0.0476383028082709,0.044375232296677,0.0434389508878799,-0.5,-0.4285714285714286,0.1071428571428571,0.3571428571428572
P2,leave_chemical_system_out,70,average_voltage,0.5803311801542728,0.5803311801542728,0.402035272679152,0.402035272679152,-0.3082705536870189,-0.3082705536870189,0.3281308720300691,0.3281308720300691,0.647322317475663,0.647322317475663,0.4638890700750259,0.4638890700750259,-0.0360374985078223,-0.0360374985078223,-0.0360374985078223,-0.0360374985078223
P2,leave_chemical_system_out,70,capacity_grav,60.293422454606365,60.293422454606365,64.76635118298249,64.76635118298249,0.2289865921107319,0.2289865921107319,0.1068568223584685,0.1068568223584685,68.12856421390018,68.12856421390018,73.32613832938104,73.32613832938104,0.7105597124064275,0.7105597124064275,0.261785157202368,0.261785157202368
P2,leave_chemical_system_out,70,energy_grav,135.3670298972032,142.21615971026125,185.48848113883267,176.3097789206407,0.2707294097407391,0.2094191091088849,-0.2528448603354245,-0.1244891228454962,161.41576705668368,168.06402514943755,211.5681322942601,200.43761837313843,0.7567874686642696,0.7567874686642696,-0.0720749970156447,0.1801874925391118
P2,leave_chemical_system_out,70,max_delta_volume,0.0238872840033736,0.0238872840033736,0.0330941761276178,0.0330941761276178,0.4911473445569101,0.4911473445569101,0.0351817800809023,0.0351817800809023,0.0269885186199297,0.0269885186199297,0.0371625727678922,0.0371625727678922,0.792824967172092,0.792824967172092,0.7567874686642696,0.7567874686642696
P2,leave_chemical_system_out,70,stability_charge,0.0443521422325393,0.0443521422325393,0.0282244707183007,0.0282244707183007,-3.651406220588312,-3.651406220588312,-1.007463279164603,-1.007463279164603,0.0472659949294477,0.0472659949294477,0.0310513491291429,0.0310513491291429,0.1261312447773782,0.1261312447773782,0.1261312447773782,0.1261312447773782
P2,leave_chemical_system_out,70,stability_discharge,0.0263479987360938,0.0263479987360938,0.020696880768386,0.020696880768386,-0.3027937278210117,-0.3027937278210117,-0.0242796197478774,-0.0242796197478774,0.0279504552279301,0.0279504552279301,0.024783367786987,0.024783367786987,-0.1801874925391118,-0.1801874925391118,0.396412483586046,0.396412483586046
P2,leave_chemical_system_out,70,stability_worst,0.0179518359887732,0.0262027819017133,0.0109933708345391,0.0195679478122638,-5.887489198365258,-13.216044443489158,-4.960382664146425,-9.23960717491478,0.0193796198526218,0.0278422401198793,0.0180281789307312,0.0236296036114415,0.0360374985078223,0.0,-0.2522624895547565,-0.0360374985078223
P2,leave_chemical_system_out,71,average_voltage,0.8643341636996377,0.8643341636996377,0.9290487998211152,0.9290487998211152,-5.546855874606034,-5.546855874606034,-6.500244381947326,-6.500244381947326,0.934253038408948,0.934253038408948,0.9999673866610248,0.9999673866610248,0.594618725379069,0.594618725379069,0.30631873731649,0.30631873731649
P2,leave_chemical_system_out,71,capacity_grav,42.49912572393422,42.49912572393422,20.185927448841976,20.185927448841976,-4.525926415376884,-4.525926415376884,-0.2735898337871285,-0.2735898337871285,52.032720275170405,52.032720275170405,24.979789514286185,24.979789514286185,-0.4954336943068623,-0.4954336943068623,0.3853373177942262,0.3853373177942262
P2,leave_chemical_system_out,71,energy_grav,110.9476771165309,113.49235023213946,80.7636893730219,85.29142985153753,-0.2147404620281163,-0.3025884412892585,0.0596335814653361,-0.2011655445891893,133.34085066721937,138.07818909863707,117.31945272076985,132.5937048509657,0.0540562477617335,-0.198206241793023,0.4144312328399571,0.2342437403008453
P2,leave_chemical_system_out,71,max_delta_volume,0.0188528974272512,0.0188528974272512,0.0083827571384678,0.0083827571384678,-0.4314290272641368,-0.4314290272641368,0.767064612064601,0.767064612064601,0.0236963424619296,0.0236963424619296,0.0095590370286642,0.0095590370286642,-0.0900937462695559,-0.0900937462695559,0.8829187134416479,0.8829187134416479
P2,leave_chemical_system_out,71,stability_charge,0.0263402899770238,0.0263402899770238,0.0188795769293694,0.0188795769293694,-0.2909189557324152,-0.2909189557324152,-0.0463472777197317,-0.0463472777197317,0.0294087464855782,0.0294087464855782,0.0264767667186184,0.0264767667186184,0.3243374865704013,0.3243374865704013,0.5045249791095131,0.5045249791095131
P2,leave_chemical_system_out,71,stability_discharge,0.0278327997343217,0.0278327997343217,0.0174811372260273,0.0174811372260273,-2.4459093136440857,-2.4459093136440857,-0.0423315680930078,-0.0423315680930078,0.0378853510691375,0.0378853510691375,0.0208363833779864,0.0208363833779864,0.6847124716486249,0.6847124716486249,0.2162249910469341,0.2162249910469341
P2,leave_chemical_system_out,71,stability_worst,0.0174239192748069,0.0191148377193844,0.0167115424267383,0.0160918194571684,-0.7620781297555681,-0.8807897035945098,-0.2023821264159122,0.180421155118125,0.0322062282551744,0.033273417195397,0.0266040981871513,0.0219645674965963,0.5405624776173354,0.5765999761251578,0.6847124716486249,0.6847124716486249
P2,leave_chemical_system_out,72,average_voltage,0.7381954291330926,0.7381954291330926,0.1966618256563191,0.1966618256563191,-7.828221347775479,-7.828221347775479,0.0959644647862064,0.0959644647862064,0.795254283453099,0.795254283453099,0.2544849836562874,0.2544849836562874,-0.3928571428571429,-0.3928571428571429,0.7500000000000002,0.7500000000000002
P2,leave_chemical_system_out,72,capacity_grav,60.03562214455412,60.03562214455412,54.65756057752008,54.65756057752008,-0.2203204109900729,-0.2203204109900729,-0.0061749010285663,-0.0061749010285663,66.45827535601506,66.45827535601506,60.34605288021229,60.34605288021229,0.8046172777075037,0.8046172777075037,0.3929526239966879,0.3929526239966879
P2,leave_chemical_system_out,72,energy_grav,67.59326145647601,54.5824850923813,55.107093159485096,104.12971421143423,0.3143053373596158,0.6148370485317651,0.487366868538432,-0.1767037820980035,89.52734352632874,67.09846217515583,77.4093907417799,117.27998139113288,0.7500000000000002,0.7500000000000002,0.7142857142857144,0.4642857142857144
P2,leave_chemical_system_out,72,max_delta_volume,0.0653668602618914,0.0653668602618914,0.0875032265227946,0.0875032265227946,-0.022374473525458,-0.022374473525458,-0.3194930746236986,-0.3194930746236986,0.0901896182665799,0.0901896182665799,0.1024601783606221,0.1024601783606221,0.7500000000000002,0.7500000000000002,0.4642857142857144,0.4642857142857144
P2,leave_chemical_system_out,72,stability_charge,0.0236150285635652,0.0236150285635652,0.0185089955280771,0.0185089955280771,0.1824486932377149,0.1824486932377149,-0.959613813602016,-0.959613813602016,0.0238901077851718,0.0238901077851718,0.03698672231315,0.03698672231315,0.2182178902359924,0.2182178902359924,0.0,0.0
P2,leave_chemical_system_out,72,stability_discharge,0.0143650745999244,0.0143650745999244,0.0165622002040216,0.0165622002040216,0.2833878637823256,0.2833878637823256,-0.2339942961708143,-0.2339942961708143,0.0185443433083639,0.0185443433083639,0.024334697691859,0.024334697691859,0.642857142857143,0.642857142857143,0.2142857142857143,0.2142857142857143
P2,leave_chemical_system_out,72,stability_worst,0.0239448881261394,0.0128848880878107,0.0196289676665979,0.0181744490135455,-0.53509473419291,0.5764995922104122,-0.5559258116323047,-0.261261307258031,0.0317899232910645,0.0166973982408765,0.0320048894736645,0.0288153849223864,0.642857142857143,0.642857142857143,-0.1428571428571428,0.2142857142857143
P2,leave_chemical_system_out,73,average_voltage,0.3919900921336713,0.3919900921336713,0.4102224326103568,0.4102224326103568,-5.055732407404145,-5.055732407404145,-6.579339299503149,-6.579339299503149,0.5483620422170213,0.5483620422170213,0.6134790292951792,0.6134790292951792,-0.1428571428571428,-0.1428571428571428,0.5,0.5
P2,leave_chemical_system_out,73,capacity_grav,63.74416575928895,63.74416575928895,57.09251906051357,57.09251906051357,-0.4272786601838527,-0.4272786601838527,-0.1067428402803891,-0.1067428402803891,72.76765799275222,72.76765799275222,64.07776742391859,64.07776742391859,0.2142857142857143,0.2142857142857143,0.5357142857142858,0.5357142857142858
P2,leave_chemical_system_out,73,energy_grav,242.2030083114369,245.98478582957304,247.379308360265,235.0425054689425,-0.5336254083188277,-0.6056305076100577,-0.3759266413386826,-0.2462348040968629,277.0838523063878,283.51391238595005,262.4515907025444,249.77646067309644,0.3214285714285715,0.3214285714285715,0.6071428571428572,0.6071428571428572
P2,leave_chemical_system_out,73,max_delta_volume,0.0313645831491839,0.0313645831491839,0.0246862578560316,0.0246862578560316,-0.2625825128559735,-0.2625825128559735,-0.0780501806394164,-0.0780501806394164,0.0344163473133464,0.0344163473133464,0.0318019960379434,0.0318019960379434,0.3571428571428572,0.3571428571428572,0.7500000000000002,0.7500000000000002
P2,leave_chemical_system_out,73,stability_charge,0.0175664336952458,0.0175664336952458,0.0213343175909597,0.0213343175909597,-0.7567443711704309,-0.7567443711704309,-1.188355425974013,-1.188355425974013,0.0242103529217442,0.0242103529217442,0.0270212705018249,0.0270212705018249,0.1071428571428571,0.1071428571428571,0.25,0.25
P2,leave_chemical_system_out,73,stability_discharge,0.0182292447470554,0.0182292447470554,0.0181243614916213,0.0181243614916213,-0.4695323770093929,-0.4695323770093929,-0.0926919236778096,-0.0926919236778096,0.0221931049658948,0.0221931049658948,0.0191371541134995,0.0191371541134995,0.5,0.5,0.1785714285714286,0.1785714285714286
P2,leave_chemical_system_out,73,stability_worst,0.0224156257084212,0.0169828736238188,0.0127335495085663,0.0215485784592293,-1.4290925018943597,-0.725387182116529,0.0472515849004441,-1.2410120161953606,0.0275089109356932,0.0231843355719558,0.0172282231360556,0.026422473020146,0.1785714285714286,0.1071428571428571,0.1428571428571428,0.25
P2,leave_chemical_system_out,74,average_voltage,0.2610191231609622,0.2610191231609622,0.5402565103931616,0.5402565103931616,-0.0460421328595062,-0.0460421328595062,-2.902709421350164,-2.902709421350164,0.323953420534185,0.323953420534185,0.6257359249327453,0.6257359249327453,0.3571428571428572,0.3571428571428572,-0.6071428571428572,-0.6071428571428572
P2,leave_chemical_system_out,74,capacity_grav,12.1624044351834,12.1624044351834,23.437379142287828,23.437379142287828,0.3636544335345149,0.3636544335345149,-2.1624095850199394,-2.1624095850199394,15.52098834732802,15.52098834732802,34.600463804038725,34.600463804038725,0.5357142857142858,0.5357142857142858,0.3571428571428572,0.3571428571428572
P2,leave_chemical_system_out,74,energy_grav,17.99012320489388,19.79037425068281,56.83575492186292,41.00296477235197,0.0746769224471495,0.1271603813351373,-4.583919773794515,-1.626749675837829,30.35890131339216,29.48536980503521,74.5776919569166,51.15036030961662,0.8928571428571429,0.4285714285714286,0.0714285714285714,0.0
P2,leave_chemical_system_out,74,max_delta_volume,0.0261620143240107,0.0261620143240107,0.0276757488773073,0.0276757488773073,0.0545549204436647,0.0545549204436647,-0.1276308444401113,-0.1276308444401113,0.0341001739734172,0.0341001739734172,0.0372410498124282,0.0372410498124282,0.4285714285714286,0.4285714285714286,0.2857142857142857,0.2857142857142857
P2,leave_chemical_system_out,74,stability_charge,0.0608610653344791,0.0608610653344791,0.0309470456272089,0.0309470456272089,-1145.9469802281913,-1145.9469802281913,-351.7204415617629,-351.7204415617629,0.0641322411397262,0.0641322411397262,0.0355647745892832,0.0355647745892832,-0.7559289460184546,-0.7559289460184546,-0.566946709513841,-0.566946709513841
P2,leave_chemical_system_out,74,stability_discharge,0.0330363891645209,0.0330363891645209,0.0337905979345621,0.0337905979345621,-2.802589186229123,-2.802589186229123,-2.338671748873076,-2.338671748873076,0.0376787748765504,0.0376787748765504,0.0353056271114712,0.0353056271114712,-0.3571428571428572,-0.3571428571428572,0.5,0.5
P2,leave_chemical_system_out,74,stability_worst,0.0372831981801714,0.0405598392616578,0.050541009824419,0.0318337936944356,-168.53589752018567,-193.23961708918148,-268.9681379905838,-115.81964037226092,0.0440453000190505,0.0471452175723717,0.0555808255681241,0.0365617243593313,-0.7342230982143525,-0.7342230982143525,-0.4588894363839702,-0.5139561687500467
P2,leave_family_out,0,average_voltage,1.3398503330842273,1.3398503330842273,1.3317122102073238,1.3317122102073238,-1.5789240023349884,-1.5789240023349884,-1.4900297982616513,-1.4900297982616513,1.5610435760206518,1.5610435760206518,1.5339034579067958,1.5339034579067958,0.262391456081008,0.262391456081008,0.3617030684443194,0.3617030684443194
P2,leave_family_out,0,capacity_grav,46.93858961212522,46.93858961212522,46.51485321009686,46.51485321009686,-0.0111180684385989,-0.0111180684385989,-0.0251794898374879,-0.0251794898374879,56.69239597211708,56.69239597211708,57.08523992321438,57.08523992321438,0.1301401025166858,0.1301401025166858,0.1179544006504704,0.1179544006504704
P2,leave_family_out,0,energy_grav,183.41757978969216,201.9730932717165,219.6386381894017,209.91712432884293,0.0934546637688439,-0.2027120045791752,-0.4428519039747363,-0.3188160538998079,228.89735748292452,263.6494306863223,288.77320528700125,276.08202233087223,0.2574870860424227,0.2655528037503149,0.1747969749210391,0.2655731758818567
P2,leave_family_out,0,max_delta_volume,0.0419382116592057,0.0419382116592057,0.0431235963252883,0.0431235963252883,-0.6304478474748925,-0.6304478474748925,-0.8283013906909671,-0.8283013906909671,0.0568450822074267,0.0568450822074267,0.0601954045896618,0.0601954045896618,0.1170491793620383,0.1170491793620383,0.0782523496639227,0.0782523496639227
P2,leave_family_out,0,stability_charge,0.0721516954168752,0.0721516954168752,0.0578806400285033,0.0578806400285033,-1.8061003113838077,-1.8061003113838077,-0.8903441453184355,-0.8903441453184355,0.085253944178546,0.085253944178546,0.0699734557201069,0.0699734557201069,-0.0280891686982906,-0.0280891686982906,0.1016989425294389,0.1016989425294389
P2,leave_family_out,0,stability_discharge,0.0301542712112541,0.0301542712112541,0.0303728110029504,0.0303728110029504,-0.457483694098066,-0.457483694098066,-0.2201310184843379,-0.2201310184843379,0.044295719330643,0.044295719330643,0.04052874356629,0.04052874356629,0.1215002409202391,0.1215002409202391,0.2670574090793238,0.2670574090793238
P2,leave_family_out,0,stability_worst,0.0636555368974428,0.0623848557467044,0.0590198720243798,0.0493685590574914,-1.4705239680148297,-1.403889503133296,-1.0149654148861136,-0.6360153510879374,0.0769520474837676,0.0759071864736537,0.0694959413585919,0.0626209037545597,-0.0173500260278799,-0.0273618753521503,0.0155143161273554,0.0403047540669769
P2,leave_family_out,1,average_voltage,0.933391111028394,0.933391111028394,0.9113675678048614,0.9113675678048614,-0.2640346949412351,-0.2640346949412351,-0.2819928740493038,-0.2819928740493038,1.1262424499801529,1.1262424499801529,1.1342145152564644,1.1342145152564644,0.4059261722760369,0.4059261722760369,0.3504190555571015,0.3504190555571015
P2,leave_family_out,1,capacity_grav,63.821256505520594,63.821256505520594,65.51691027109135,65.51691027109135,-0.179642622848541,-0.179642622848541,-0.197340099543323,-0.197340099543323,88.54913269589765,88.54913269589765,89.210884953948,89.210884953948,0.3544364945684251,0.3544364945684251,0.391420625425608,0.391420625425608
P2,leave_family_out,1,energy_grav,230.84850572972684,223.06874374281776,228.75714896995396,218.803055036282,-0.3238566166643541,-0.2527500391635571,-0.2096105404377921,-0.1284947031687691,314.80821238585173,306.2370909139436,300.91813348827856,290.65335511782826,0.4163949388177129,0.4777835502142176,0.4951434255281041,0.5163688016047543
P2,leave_family_out,1,max_delta_volume,0.057216948756747,0.057216948756747,0.0533493729802229,0.0533493729802229,-0.4123889835097951,-0.4123889835097951,-0.355795151932984,-0.355795151932984,0.0809805268430435,0.0809805268430435,0.0793415125395704,0.0793415125395704,0.1490249441263316,0.1490249441263316,0.1596359221082201,0.1596359221082201
P2,leave_family_out,1,stability_charge,0.0709382887017275,0.0709382887017275,0.0652053740953143,0.0652053740953143,-0.3558170524013528,-0.3558170524013528,-0.2897926372122021,-0.2897926372122021,0.117132160222631,0.117132160222631,0.1142445663975268,0.1142445663975268,0.075744097547654,0.075744097547654,0.0499598515599636,0.0499598515599636
P2,leave_family_out,1,stability_discharge,0.049255314314814,0.049255314314814,0.0510535762473034,0.0510535762473034,-0.084605213478895,-0.084605213478895,-0.0789160239358084,-0.0789160239358084,0.0920082429717794,0.0920082429717794,0.0917666156207012,0.0917666156207012,0.1201069663613442,0.1201069663613442,0.1673353583480091,0.1673353583480091
P2,leave_family_out,1,stability_worst,0.060248756290083,0.0618949963068398,0.0614170769637304,0.0557539830697719,-0.1609231413940783,-0.2232663483690657,-0.2031146620184993,-0.126350660288274,0.1079571192341243,0.1108179386037202,0.1099013589856917,0.1063374794756976,0.0860102051815939,0.0614197611657964,0.0808351015723909,0.1148420622856534
P2,leave_family_out,2,average_voltage,1.5583890358499628,1.5583890358499628,1.0426063962163024,1.0426063962163024,-1.2099395254196996,-1.2099395254196996,-0.1130185450756271,-0.1130185450756271,1.7904056385401552,1.7904056385401552,1.2706105075134413,1.2706105075134413,0.1456554013439906,0.1456554013439906,0.2380455195554452,0.2380455195554452
P2,leave_family_out,2,capacity_grav,58.17393138873715,58.17393138873715,59.30254770642729,59.30254770642729,0.2285268971014996,0.2285268971014996,0.2628492004539833,0.2628492004539833,86.51817979515884,86.51817979515884,84.57171739463514,84.57171739463514,0.6035784423777892,0.6035784423777892,0.6252747279213026,0.6252747279213026
P2,leave_family_out,2,energy_grav,306.49236875662285,327.07191368705713,263.8738642101452,285.09824051157744,-0.0363978118514316,-0.1782031212408468,0.2699896065876497,0.1845977004264419,436.6086416043689,465.5208830713855,366.4321790923884,387.2710647129549,0.6287142909266329,0.6549315941130338,0.627260102790233,0.6168897422720603
P2,leave_family_out,2,max_delta_volume,0.0775016621263351,0.0775016621263351,0.0939179292594045,0.0939179292594045,-0.1473980985160685,-0.1473980985160685,-0.7054107110212116,-0.7054107110212116,0.1061882160270459,0.1061882160270459,0.1294594491913685,0.1294594491913685,0.3344842297375585,0.3344842297375585,0.1167727583166772,0.1167727583166772
P2,leave_family_out,2,stability_charge,0.0459867228144591,0.0459867228144591,0.069419736745554,0.069419736745554,-2.1523277247364194,-2.1523277247364194,-7.073953284849431,-7.073953284849431,0.0560170799055349,0.0560170799055349,0.0896495060905575,0.0896495060905575,-0.2057726796330364,-0.2057726796330364,-0.2342168049048107,-0.2342168049048107
P2,leave_family_out,2,stability_discharge,0.0560188214135581,0.0560188214135581,0.0737757871749446,0.0737757871749446,-0.1025734082895293,-0.1025734082895293,-0.5715028150149342,-0.5715028150149342,0.0806242619785064,0.0806242619785064,0.0962541751866296,0.0962541751866296,-0.1501814809424416,-0.1501814809424416,0.0451039690997873,0.0451039690997873
P2,leave_family_out,2,stability_worst,0.0586711027237562,0.0540387787695081,0.0790192815531149,0.0744986313481344,-0.1829988754190148,-0.0971006423828146,-0.9218745412746084,-0.7010571155974161,0.0821905683207549,0.0791503887480895,0.104759238888912,0.0985574062439841,-0.1600697014785695,-0.1550376492805572,-0.0876097639578083,0.0155085669666408
P2,leave_family_out,3,average_voltage,0.6974099817704625,0.6974099817704625,0.6128883127813548,0.6128883127813548,-0.2355679930830692,-0.2355679930830692,-0.272634756325673,-0.272634756325673,0.8803065947753479,0.8803065947753479,0.8934135203694537,0.8934135203694537,0.3750807188495901,0.3750807188495901,0.2893627236265774,0.2893627236265774
P2,leave_family_out,3,capacity_grav,94.21946205233442,94.21946205233442,64.49767748327348,64.49767748327348,-0.8482868438800961,-0.8482868438800961,0.0413928100625023,0.0413928100625023,108.0958968149924,108.0958968149924,77.8475347288603,77.8475347288603,0.4526430589717589,0.4526430589717589,0.4233049078256831,0.4233049078256831
P2,leave_family_out,3,energy_grav,409.0370994344103,404.60653396871686,244.73302164474435,259.6908102873429,-1.1979599695682477,-1.1513722490785274,-0.0005753042149738,-0.0998883918188247,464.64158731957207,459.6909673390179,313.496775965093,328.6869779161729,0.5411090214711055,0.5342831151166968,0.4870354789026736,0.4577393426221783
P2,leave_family_out,3,max_delta_volume,0.0733630544651176,0.0733630544651176,0.0342389096016915,0.0342389096016915,-6.045486617616403,-6.045486617616403,-0.6902142396532629,-0.6902142396532629,0.085356068957826,0.085356068957826,0.0418070752902034,0.0418070752902034,-0.2100369967911678,-0.2100369967911678,0.1939812730971359,0.1939812730971359
P2,leave_family_out,3,stability_charge,0.0695355419572427,0.0695355419572427,0.0704757754378109,0.0704757754378109,-0.0026211984676152,-0.0026211984676152,-0.1075132783141943,-0.1075132783141943,0.2099264146808765,0.2099264146808765,0.2206343451976895,0.2206343451976895,0.0887190909666592,0.0887190909666592,0.5174051664116547,0.5174051664116547
P2,leave_family_out,3,stability_discharge,0.0658350137409265,0.0658350137409265,0.053979745636974,0.053979745636974,-0.1127444812788318,-0.1127444812788318,-0.0355268191743558,-0.0355268191743558,0.1742523940234317,0.1742523940234317,0.1680976741994737,0.1680976741994737,0.0864952319272088,0.0864952319272088,0.1998604587735335,0.1998604587735335
P2,leave_family_out,3,stability_worst,0.0604533802024034,0.061768642669463,0.0810413976655222,0.0591704054532433,-0.0365848326945341,-0.0517903889283306,-0.1594414201249867,-0.0486749645857287,0.2082285453155473,0.2097502268348088,0.2202227825636608,0.2094393542605082,0.2764881235813422,0.3598533548613791,0.4454390349099049,0.3776725396204202
P2,leave_family_out,4,average_voltage,0.6978255881230198,0.6978255881230198,0.7540967564020978,0.7540967564020978,0.1946832386565901,0.1946832386565901,0.1030561680475476,0.1030561680475476,0.8963244682843489,0.8963244682843489,0.9459419960671708,0.9459419960671708,0.4119402429114236,0.4119402429114236,0.4691030806855293,0.4691030806855293
P2,leave_family_out,4,capacity_grav,43.00466717485586,43.00466717485586,49.52000971700944,49.52000971700944,-0.0273770261890522,-0.0273770261890522,-0.2127736218317344,-0.2127736218317344,55.427438951610405,55.427438951610405,60.22124898226775,60.22124898226775,0.3143163491626441,0.3143163491626441,0.5445689580520298,0.5445689580520298
P2,leave_family_out,4,energy_grav,171.88651184539725,169.9710125532725,143.40139284935057,148.31446427959676,-0.24060974865924,-0.209888224563526,0.1681815548848043,0.1145359356601974,236.0208770490461,233.08023648577495,193.2622797763866,199.39685098529097,0.225720607919547,0.2671620638067698,0.5427907190134026,0.481175714008852
P2,leave_family_out,4,max_delta_volume,0.0338415578216485,0.0338415578216485,0.0305013049250904,0.0305013049250904,-0.7338309511152805,-0.7338309511152805,-0.6271189478439305,-0.6271189478439305,0.0461229486131623,0.0461229486131623,0.044681046790424,0.044681046790424,0.1482854619228819,0.1482854619228819,0.1613483554635278,0.1613483554635278
P2,leave_family_out,4,stability_charge,0.0466812358531022,0.0466812358531022,0.0469698520271758,0.0469698520271758,-0.1676440752894845,-0.1676440752894845,-0.0793165571177334,-0.0793165571177334,0.0981447861516308,0.0981447861516308,0.0943596698596738,0.0943596698596738,-0.024174853299492,-0.024174853299492,0.0952767349591881,0.0952767349591881
P2,leave_family_out,4,stability_discharge,0.035852728102354,0.035852728102354,0.0510969869403177,0.0510969869403177,-0.0240124831433294,-0.0240124831433294,-0.1614563606587773,-0.1614563606587773,0.0915997418852304,0.0915997418852304,0.0975535488063595,0.0975535488063595,0.3194278060778061,0.3194278060778061,0.1884761584864724,0.1884761584864724
P2,leave_family_out,4,stability_worst,0.0413311904645727,0.0444149942999523,0.0518443783353033,0.0465314143236011,-0.1009599887731789,-0.151142234329104,-0.1315568874683648,-0.0840072811558934,0.0955924901753919,0.0977467893225377,0.0969116980649305,0.0948536629659145,0.0549452749442467,0.0299403035729713,0.0371951618337662,0.0292276298586107
P2,leave_family_out,5,average_voltage,1.1064567292269327,1.1064567292269327,0.7746968863674465,0.7746968863674465,-0.4580563506286814,-0.4580563506286814,0.2563059081789086,0.2563059081789086,1.2649935653790023,1.2649935653790023,0.9034379457782702,0.9034379457782702,0.3540119507462953,0.3540119507462953,0.458948418548812,0.458948418548812
P2,leave_family_out,5,capacity_grav,45.5842548536432,45.5842548536432,47.97877311003983,47.97877311003983,-0.248291414318404,-0.248291414318404,-0.5755355636587789,-0.5755355636587789,53.627435488639854,53.627435488639854,60.24807049182778,60.24807049182778,0.2853695157423069,0.2853695157423069,0.4238094278885554,0.4238094278885554
P2,leave_family_out,5,energy_grav,169.81013772476993,168.34310624250847,237.3056768968836,228.66460851209905,0.1151722045104224,0.1241659659309131,-0.5336413365488872,-0.4708172667349724,226.50541625882232,225.35132800732325,298.2023872333476,292.03074261368295,0.3250370311029175,0.3727592426943059,0.4628631312184181,0.4354450278104435
P2,leave_family_out,5,max_delta_volume,0.0565055648898635,0.0565055648898635,0.0493834233264972,0.0493834233264972,-0.4584913831896515,-0.4584913831896515,-0.2980227016442527,-0.2980227016442527,0.0759355274852839,0.0759355274852839,0.0716364777817344,0.0716364777817344,0.0371116776374754,0.0371116776374754,0.1987988835486703,0.1987988835486703
P2,leave_family_out,5,stability_charge,0.0603295895420802,0.0603295895420802,0.0549376035577379,0.0549376035577379,-0.5423117327012503,-0.5423117327012503,-0.2139692487845561,-0.2139692487845561,0.1099973184396694,0.1099973184396694,0.0975887734416096,0.0975887734416096,-0.1812710766213019,-0.1812710766213019,-0.1177306825527277,-0.1177306825527277
P2,leave_family_out,5,stability_discharge,0.0676880959226921,0.0676880959226921,0.0422615255969417,0.0422615255969417,-2.2411895949215395,-2.2411895949215395,-0.5793814897501417,-0.5793814897501417,0.0810159900119247,0.0810159900119247,0.0565538332934871,0.0565538332934871,0.1010108143905334,0.1010108143905334,-0.1843852998193355,-0.1843852998193355
P2,leave_family_out,5,stability_worst,0.0717955267795854,0.0652398976812306,0.0617294850017381,0.0443609994895328,-0.7485245491064694,-0.6410239653364331,-0.2799603208739099,-0.0367488914115698,0.1140802345254074,0.1105177411822374,0.0976051631131699,0.08784384320418,-0.1836722869233477,-0.0306229642002498,-0.2514075831899088,-0.1412999392885828
P2,leave_family_out,6,average_voltage,1.8160347342346777,1.8160347342346777,0.7889109334792042,0.7889109334792042,-7.044914609010023,-7.044914609010023,-1.019180997083842,-1.019180997083842,2.019766389657942,2.019766389657942,1.011877750873338,1.011877750873338,0.1993567588325653,0.1993567588325653,0.1636424731182796,0.1636424731182796
P2,leave_family_out,6,capacity_grav,77.52268101923292,77.52268101923292,83.08328684045232,83.08328684045232,-0.010696817519856,-0.010696817519856,0.1141381893402486,0.1141381893402486,132.4835622651675,132.4835622651675,124.03222594279428,124.03222594279428,0.5525286226779378,0.5525286226779378,0.4301658547191139,0.4301658547191139
P2,leave_family_out,6,energy_grav,137.56051840742128,119.11299230860594,124.5303964536374,128.93986452385883,-0.4438807424742046,-0.0589937170112804,-0.3120447619179753,-0.2544063159718626,167.42484045024668,143.38407647520884,159.5984089670614,156.0534404053542,0.3846966205837173,0.410042242703533,0.3516705069124424,0.2561443932411674
P2,leave_family_out,6,max_delta_volume,0.173826020302533,0.173826020302533,0.1858826104546229,0.1858826104546229,-0.112280610345733,-0.112280610345733,-0.0528551402082551,-0.0528551402082551,0.3878318966801444,0.3878318966801444,0.3773294058687248,0.3773294058687248,0.3306451612903226,0.3306451612903226,0.0504512288786482,0.0504512288786482
P2,leave_family_out,6,stability_charge,0.1615632247906524,0.1615632247906524,0.2084980710642503,0.2084980710642503,0.0676091885882209,0.0676091885882209,-0.0515213981721973,-0.0515213981721973,0.2986367251731543,0.2986367251731543,0.3171416486091132,0.3171416486091132,0.3536173033173254,0.3536173033173254,0.0258981835579318,0.0258981835579318
P2,leave_family_out,6,stability_discharge,0.0547872877502387,0.0547872877502387,0.0933647492188828,0.0933647492188828,0.3354287846666625,0.3354287846666625,-0.1102907785634585,-0.1102907785634585,0.0891290137637431,0.0891290137637431,0.1152037733401162,0.1152037733401162,0.2691476640238603,0.2691476640238603,0.263635771836866,0.263635771836866
P2,leave_family_out,6,stability_worst,0.1562932421875602,0.15756003317452,0.2068063970155085,0.1906086064770177,0.0605653550917721,0.0397053383168318,0.0176740168003785,-0.0073671243859718,0.2944576436405392,0.297708890054977,0.3011045803984254,0.3049182601122924,0.4148873438942785,0.435255807254572,0.0362212768246727,0.1002330160406892
P2,leave_family_out,7,average_voltage,0.6922712807044535,0.6922712807044535,0.5671135747118943,0.5671135747118943,-1.8376082108063807,-1.8376082108063807,-0.7767205317671724,-0.7767205317671724,0.88342036605961,0.88342036605961,0.6990379465068991,0.6990379465068991,0.1426406926406926,0.1426406926406926,0.2156565656565657,0.2156565656565657
P2,leave_family_out,7,capacity_grav,59.22297160336317,59.22297160336317,47.378586508540494,47.378586508540494,-0.1397161477030319,-0.1397161477030319,0.1619966231307124,0.1619966231307124,68.61635027782661,68.61635027782661,58.83722042561016,58.83722042561016,0.1212296159255286,0.1212296159255286,0.2902655536074041,0.2902655536074041
P2,leave_family_out,7,energy_grav,157.04669854820284,152.9501550777952,156.83529047214594,107.59043503259548,-1.3633109205101408,-1.3517693765910956,-1.200911207736204,-0.081796797065049,193.38145366895677,192.9086736877271,186.61891093078117,130.83599311760702,0.1341269841269841,0.0961760461760461,0.1733044733044733,0.1694805194805195
P2,leave_family_out,7,max_delta_volume,0.1076016754104586,0.1076016754104586,0.0787296589747109,0.0787296589747109,-0.3172149043496304,-0.3172149043496304,0.1662667574180405,0.1662667574180405,0.1270556906175355,0.1270556906175355,0.1010832884792252,0.1010832884792252,0.2735930735930736,0.2735930735930736,0.3410533910533911,0.3410533910533911
P2,leave_family_out,7,stability_charge,0.2173239508197215,0.2173239508197215,0.1653444645862098,0.1653444645862098,-16.868382174556118,-16.868382174556118,-9.633820646821334,-9.633820646821334,0.23339569013259,0.23339569013259,0.1800507278446486,0.1800507278446486,-0.135351500158875,-0.135351500158875,-0.1604570203496341,-0.1604570203496341
P2,leave_family_out,7,stability_discharge,0.0829923696405628,0.0829923696405628,0.1067867434357966,0.1067867434357966,-1.8304272638667305,-1.8304272638667305,-3.7752840687827938,-3.7752840687827938,0.092619125004084,0.092619125004084,0.1203023968722175,0.1203023968722175,-0.0082365804245543,-0.0082365804245543,-0.1522674027158771,-0.1522674027158771
P2,leave_family_out,7,stability_worst,0.2089239975424004,0.2013522168607903,0.1625151471240416,0.1530481935484305,-11.7361116272263,-11.25043336728478,-7.409445797475984,-6.196209965720818,0.2240688398605831,0.2197549990712856,0.1820734933989835,0.1684282554522995,-0.0866064088636734,-0.1338101521434153,-0.1709013872989585,-0.071545994978706
P2,leave_family_out,8,average_voltage,1.079560316614131,1.079560316614131,1.2486424332813406,1.2486424332813406,0.3044587874310581,0.3044587874310581,-0.0311045866794374,-0.0311045866794374,1.2202819248864318,1.2202819248864318,1.485764932401628,1.485764932401628,0.5460191981931113,0.5460191981931113,0.2207792207792208,0.2207792207792208
P2,leave_family_out,8,capacity_grav,34.59072162962001,34.59072162962001,35.25195287561275,35.25195287561275,-0.3931688771560828,-0.3931688771560828,-0.1285833657341724,-0.1285833657341724,48.03763630224378,48.03763630224378,43.23610573234135,43.23610573234135,0.4956204097779264,0.4956204097779264,0.4526704084744801,0.4526704084744801
P2,leave_family_out,8,energy_grav,161.96236818098438,153.39525804142454,165.9112398378788,157.19029984093717,0.1944805613700628,0.1481919778231268,0.2173076371017536,0.1865498566406751,209.2083911198863,215.13543547137863,206.22277907079257,210.2357444385556,0.5177865612648223,0.5844155844155845,0.5640880858272164,0.549407114624506
P2,leave_family_out,8,max_delta_volume,0.04631635340522,0.04631635340522,0.0427684795284129,0.0427684795284129,-0.9945846433220324,-0.9945846433220324,-0.589548316346576,-0.589548316346576,0.061817189869506,0.061817189869506,0.0551848529833499,0.0551848529833499,0.28514963297572,0.28514963297572,0.2173913043478261,0.2173913043478261
P2,leave_family_out,8,stability_charge,0.0776909691570903,0.0776909691570903,0.064741092973759,0.064741092973759,-0.335776798784493,-0.335776798784493,-0.1625562152924919,-0.1625562152924919,0.0946124263535172,0.0946124263535172,0.0882649365620683,0.0882649365620683,0.0536875016293078,0.0536875016293078,0.1593671100996297,0.1593671100996297
P2,leave_family_out,8,stability_discharge,0.0607850014145862,0.0607850014145862,0.0652931284218845,0.0652931284218845,-0.0531245018021457,-0.0531245018021457,-0.3619382454618758,-0.3619382454618758,0.078415937869059,0.078415937869059,0.0891750148623883,0.0891750148623883,0.174675069239455,0.174675069239455,-0.1068400908940356,-0.1068400908940356
P2,leave_family_out,8,stability_worst,0.0729887318171529,0.0732559719513054,0.0721700341209291,0.0720279437163196,-0.5726414356242253,-0.6297439310004578,-0.7233550255473518,-0.980527575051502,0.0907708785311694,0.0924041269169196,0.0950208824162787,0.1018643289343137,0.0649717617816986,0.0779661141380383,-0.0598870152074786,-0.089265550969638
P2,leave_family_out,9,average_voltage,1.1825497331049477,1.1825497331049477,1.0286472024347817,1.0286472024347817,-1.107832090378006,-1.107832090378006,-1.371262464577185,-1.371262464577185,1.3811072332417718,1.3811072332417718,1.4648704123138063,1.4648704123138063,0.4545454545454545,0.4545454545454545,-0.2484848484848484,-0.2484848484848484
P2,leave_family_out,9,capacity_grav,156.0873362991012,156.0873362991012,149.55870445882508,149.55870445882508,-0.0546603628611692,-0.0546603628611692,0.0632873660143729,0.0632873660143729,240.4566458902679,240.4566458902679,226.61239547343027,226.61239547343027,0.7454545454545454,0.7454545454545454,0.6,0.6
P2,leave_family_out,9,energy_grav,239.8135304141937,245.6534220922416,271.57956660126933,285.92737866419515,0.2571205705767819,0.2388820005457599,0.0949098890546928,0.0188942828941864,338.3277183463563,342.45570835641416,373.443000180491,388.80900671629735,0.3333333333333332,0.3818181818181818,0.103030303030303,0.0666666666666666
P2,leave_family_out,9,max_delta_volume,0.1101037035057362,0.1101037035057362,0.0704219903414348,0.0704219903414348,-1.1517209138717543,-1.1517209138717543,0.0912841293506662,0.0912841293506662,0.1496029350397456,0.1496029350397456,0.0972212498549647,0.0972212498549647,-0.1515151515151515,-0.1515151515151515,-0.1999999999999999,-0.1999999999999999
P2,leave_family_out,9,stability_charge,0.2315329907325384,0.2315329907325384,0.234178089995056,0.234178089995056,0.1763751005799562,0.1763751005799562,0.0700192225020661,0.0700192225020661,0.3984320139824732,0.3984320139824732,0.4233762372968101,0.4233762372968101,0.3212121212121211,0.3212121212121211,0.3939393939393939,0.3939393939393939
P2,leave_family_out,9,stability_discharge,0.1222406411100773,0.1222406411100773,0.0989494149038703,0.0989494149038703,-0.1041997222763895,-0.1041997222763895,0.2416959733219716,0.2416959733219716,0.1600766160452268,0.1600766160452268,0.1326556522134285,0.1326556522134285,0.2727272727272727,0.2727272727272727,0.2606060606060606,0.2606060606060606
P2,leave_family_out,9,stability_worst,0.232463921643294,0.2293334405242156,0.2311595614336433,0.2335627861523193,0.1219915755319485,0.155496415887103,0.103792817831013,0.045043376432685,0.405889559029402,0.3980698515636313,0.4100744851708999,0.4233020395480762,0.4303030303030302,0.4303030303030302,0.406060606060606,0.5030303030303029
P2,leave_working_ion_out,0,average_voltage,0.7888866827217719,0.7888866827217719,0.8277699990638839,0.8277699990638839,0.1999474770076154,0.1999474770076154,0.1078461224083023,0.1078461224083023,0.9786980613197468,0.9786980613197468,1.0334973376195775,1.0334973376195775,0.4718597948874959,0.4718597948874959,0.3622806767161841,0.3622806767161841
P2,leave_working_ion_out,0,capacity_grav,54.85008369434768,54.85008369434768,56.63647493396472,56.63647493396472,0.0850332603737338,0.0850332603737338,0.0888936146510949,0.0888936146510949,74.13723622733325,74.13723622733325,73.980673973823,73.980673973823,0.4038601561672678,0.4038601561672678,0.3792387071924578,0.3792387071924578
P2,leave_working_ion_out,0,energy_grav,208.4200582948624,206.15634476582755,203.6005794826373,200.0318048433585,0.0707429001890088,0.1001013084538506,0.140025138480986,0.1896751250463622,275.2591969740812,270.8761104859884,264.79926343464547,257.04163795879845,0.418317951014933,0.4360890804972338,0.4027745909813762,0.4394976787135463
P2,leave_working_ion_out,0,max_delta_volume,0.0559382290541015,0.0559382290541015,0.0538567720855241,0.0538567720855241,-0.4775428276546227,-0.4775428276546227,-0.4072591026916086,-0.4072591026916086,0.090623783707919,0.090623783707919,0.0884421282989751,0.0884421282989751,0.1485800627849353,0.1485800627849353,0.1316617541749979,0.1316617541749979
P2,leave_working_ion_out,0,stability_charge,0.0672845901395136,0.0672845901395136,0.0552432706238403,0.0552432706238403,-0.2324235994346213,-0.2324235994346213,-0.1319056528417186,-0.1319056528417186,0.1155359480705405,0.1155359480705405,0.1107241216721092,0.1107241216721092,0.22573974639947,0.22573974639947,0.1940202569181123,0.1940202569181123
P2,leave_working_ion_out,0,stability_discharge,0.0404556274965868,0.0404556274965868,0.0421372547745447,0.0421372547745447,-0.040750793786602,-0.040750793786602,-0.1134216334917146,-0.1134216334917146,0.0865362433686613,0.0865362433686613,0.0895064825256582,0.0895064825256582,0.2149899453671775,0.2149899453671775,0.1208850959022511,0.1208850959022511
P2,leave_working_ion_out,0,stability_worst,0.0579757542495204,0.0597029051882107,0.0559981304773882,0.0516491551338001,-0.1351582439080416,-0.1646337499504115,-0.1500972862549849,-0.0939924873474788,0.110348485020184,0.1117719575236757,0.1110722221728927,0.1083291514140534,0.2482965071455997,0.2641117252248032,0.0903966591892353,0.1574411817671216
P2,leave_working_ion_out,1,average_voltage,0.6868835776931077,0.6868835776931077,0.6825983639361787,0.6825983639361787,0.4096713387714068,0.4096713387714068,0.4160097324492389,0.4160097324492389,0.8834949203164232,0.8834949203164232,0.8787390512998571,0.8787390512998571,0.6561216877597533,0.6561216877597533,0.6485295933204235,0.6485295933204235
P2,leave_working_ion_out,1,capacity_grav,45.76193977915944,45.76193977915944,43.13353150739898,43.13353150739898,0.1004982995471114,0.1004982995471114,0.2045828858120861,0.2045828858120861,61.61252728686053,61.61252728686053,57.93826618022462,57.93826618022462,0.5595135195703442,0.5595135195703442,0.6060483971115297,0.6060483971115297
P2,leave_working_ion_out,1,energy_grav,161.5881355200657,166.31860721442965,148.8482201271269,148.38088127620787,0.1233512442665213,0.0485732782640714,0.2759282862214536,0.2570210837627019,224.0435701674249,233.4034905594156,203.6153265636096,206.2566307362127,0.6049046762571758,0.5798984015861415,0.6343573959426441,0.620857178186911
P2,leave_working_ion_out,1,max_delta_volume,0.0710076731579303,0.0710076731579303,0.0605912152321276,0.0605912152321276,-0.2161962817174516,-0.2161962817174516,0.0504017464034195,0.0504017464034195,0.106068597613177,0.106068597613177,0.0937248911742503,0.0937248911742503,0.3267642665565793,0.3267642665565793,0.3787109400195626,0.3787109400195626
P2,leave_working_ion_out,1,stability_charge,0.0575903908680687,0.0575903908680687,0.0593117294709658,0.0593117294709658,0.3665641342240747,0.3665641342240747,0.2580184769300399,0.2580184769300399,0.1038399907956593,0.1038399907956593,0.1123853911038257,0.1123853911038257,0.4172680302147225,0.4172680302147225,0.4200282724812901,0.4200282724812901
P2,leave_working_ion_out,1,stability_discharge,0.0446074165704649,0.0446074165704649,0.0396450381518451,0.0396450381518451,-0.0524031605594252,-0.0524031605594252,0.112764007349761,0.112764007349761,0.0591877284049278,0.0591877284049278,0.0543450729726534,0.0543450729726534,0.2542401188721644,0.2542401188721644,0.2483614483754659,0.2483614483754659
P2,leave_working_ion_out,1,stability_worst,0.0579751101528545,0.0546840560977575,0.0570475457828942,0.0568182658074676,0.3781491433129502,0.3848802052141397,0.2878031630793513,0.2680649402429034,0.1021607258626446,0.1016063154889844,0.1093303835646576,0.1108350513164177,0.4320715505120803,0.4385297450497876,0.4177074168743461,0.3833881105932125
P2,leave_working_ion_out,2,average_voltage,0.9056107650738044,0.9056107650738044,0.808712188620803,0.808712188620803,0.3022397054382473,0.3022397054382473,0.4148948773818905,0.4148948773818905,1.113892404346721,1.113892404346721,1.0200161930253917,1.0200161930253917,0.6833230545982224,0.6833230545982224,0.6698530745510611,0.6698530745510611
P2,leave_working_ion_out,2,capacity_grav,36.77388409262025,36.77388409262025,39.31126943343728,39.31126943343728,0.2137365782283408,0.2137365782283408,0.2706166517976826,0.2706166517976826,53.18964551216545,53.18964551216545,51.2296020118028,51.2296020118028,0.6018271541190986,0.6018271541190986,0.662453552535305,0.662453552535305
P2,leave_working_ion_out,2,energy_grav,149.97666454106667,154.33606990313274,135.6505992836316,135.50040818182578,0.2793707854488079,0.2619679563003676,0.4289746390734135,0.4672330916468994,219.4825883830704,222.11697494978097,195.37628140962536,188.71775513483084,0.629483040087067,0.6641683294032288,0.7184545619444949,0.7544639941955377
P2,leave_working_ion_out,2,max_delta_volume,0.0960140124732992,0.0960140124732992,0.0861397449508167,0.0861397449508167,0.0670973637798327,0.0670973637798327,0.2057890238837755,0.2057890238837755,0.1364741654251894,0.1364741654251894,0.1259215988582963,0.1259215988582963,0.420395428986033,0.420395428986033,0.492029747868674,0.492029747868674
P2,leave_working_ion_out,2,stability_charge,0.0555215924114021,0.0555215924114021,0.0624931029250727,0.0624931029250727,0.1637945045481894,0.1637945045481894,0.1048056915132362,0.1048056915132362,0.1139951194588399,0.1139951194588399,0.11794740914168,0.11794740914168,0.3541064695667037,0.3541064695667037,0.3504444355575075,0.3504444355575075
P2,leave_working_ion_out,2,stability_discharge,0.0519249280918452,0.0519249280918452,0.0540326973261155,0.0540326973261155,0.0441658730992269,0.0441658730992269,-0.0544203031535253,-0.0544203031535253,0.0849830966102061,0.0849830966102061,0.0892582084290056,0.0892582084290056,0.155272269573395,0.155272269573395,0.2557773204246454,0.2557773204246454
P2,leave_working_ion_out,2,stability_worst,0.067720585905145,0.0666508959829396,0.0744311494611763,0.0716559600825671,0.1264626255829898,0.0992096960500649,-0.00275151618776,0.0411194716689221,0.120790493685933,0.1226602547028901,0.129416209168722,0.1265535291231375,0.2745952288534406,0.3393010934144485,0.2938389328385647,0.3212782890779274
P2,random_split,0,average_voltage,0.5757291829523223,0.5757291829523223,0.5860866307758387,0.5860866307758387,0.5010382067578385,0.5010382067578385,0.5075387040931206,0.5075387040931206,0.7779998366490309,0.7779998366490309,0.7729153130657902,0.7729153130657902,0.6599044967370785,0.6599044967370785,0.6797195705371776,0.6797195705371776
P2,random_split,0,capacity_grav,40.94399640077168,40.94399640077168,42.568291870738726,42.568291870738726,0.4237282312771897,0.4237282312771897,0.4023845492250755,0.4023845492250755,61.34291997398145,61.34291997398145,62.46858683093824,62.46858683093824,0.7168600798807039,0.7168600798807039,0.6858872584164141,0.6858872584164141
P2,random_split,0,energy_grav,144.94432416031378,142.24398889032025,148.39082972753096,146.8451909695658,0.5281465137119649,0.540964873428571,0.494605020557905,0.4939694413711875,198.65174812944812,195.93488537878412,205.59108038753607,205.72031431415743,0.7377569538573975,0.7488902152155273,0.707589333463469,0.7101889518814394
P2,random_split,0,max_delta_volume,0.0405549060373704,0.0405549060373704,0.0387204836627465,0.0387204836627465,0.1684616029051392,0.1684616029051392,0.2395345154480285,0.2395345154480285,0.0596405579304365,0.0596405579304365,0.057034849156288,0.057034849156288,0.4017783028409252,0.4017783028409252,0.4062613415222094,0.4062613415222094
P2,random_split,0,stability_charge,0.050463449947964,0.050463449947964,0.0473282219565759,0.0473282219565759,-0.0751196061947312,-0.0751196061947312,0.0279288066162334,0.0279288066162334,0.1144829972721506,0.1144829972721506,0.1088583223222077,0.1088583223222077,0.3546773455674968,0.3546773455674968,0.3837572623038639,0.3837572623038639
P2,random_split,0,stability_discharge,0.0395730656521167,0.0395730656521167,0.036712431542457,0.036712431542457,-0.0492745924644633,-0.0492745924644633,0.0342950981726717,0.0342950981726717,0.0953201826185086,0.0953201826185086,0.0914455350304518,0.0914455350304518,0.3204335632319047,0.3204335632319047,0.3242372804647657,0.3242372804647657
P2,random_split,0,stability_worst,0.0474950340734863,0.0471995704265854,0.047774148774768,0.0437071152882996,-0.0264723134481985,-0.0306360382787318,0.0250124324656717,0.0419674961455247,0.1111420644107206,0.1113672515069264,0.1083189342522494,0.1073729688304846,0.3526927154518089,0.356015456025645,0.344596284737466,0.3849945570671572
P2,random_split,1,average_voltage,0.5129121109154166,0.5129121109154166,0.5441958374000357,0.5441958374000357,0.5734160044600425,0.5734160044600425,0.4913702168343951,0.4913702168343951,0.6958432251849527,0.6958432251849527,0.7598187701196626,0.7598187701196626,0.7404320499825867,0.7404320499825867,0.7114741998879668,0.7114741998879668
P2,random_split,1,capacity_grav,39.98721689439622,39.98721689439622,42.525834130138165,42.525834130138165,0.3833707310462118,0.3833707310462118,0.3698258289783616,0.3698258289783616,56.46694511418766,56.46694511418766,57.083753838843066,57.083753838843066,0.6473943485009255,0.6473943485009255,0.636007982310445,0.636007982310445
P2,random_split,1,energy_grav,141.2406678287894,138.82487494374175,148.61124443375763,147.17130710209685,0.5191587348282276,0.5313293807046574,0.4634679901524673,0.4722149854130923,187.7635764937357,185.372090570009,198.33908352677057,196.7156947503431,0.7186649560041413,0.7241222606462268,0.7003692073262863,0.7034816788958007
P2,random_split,1,max_delta_volume,0.0421203268135811,0.0421203268135811,0.0415037615097706,0.0415037615097706,0.2069278771179845,0.2069278771179845,0.2584018758229852,0.2584018758229852,0.0865062353270006,0.0865062353270006,0.0836518175308486,0.0836518175308486,0.4401695775769738,0.4401695775769738,0.4037801958654021,0.4037801958654021
P2,random_split,1,stability_charge,0.0505513548865529,0.0505513548865529,0.0513390619454221,0.0513390619454221,0.0888367501993869,0.0888367501993869,0.0377438582257163,0.0377438582257163,0.1119374247026371,0.1119374247026371,0.1150330300264355,0.1150330300264355,0.4043036176030886,0.4043036176030886,0.3942090275142011,0.3942090275142011
P2,random_split,1,stability_discharge,0.0406280512889484,0.0406280512889484,0.0413755316780397,0.0413755316780397,-0.1512062848273336,-0.1512062848273336,-0.1035189326053038,-0.1035189326053038,0.0916245200891453,0.0916245200891453,0.0897067310805407,0.0897067310805407,0.3034407996132644,0.3034407996132644,0.3036229086014719,0.3036229086014719
P2,random_split,1,stability_worst,0.04905984950942,0.0486579828771228,0.0531692583345023,0.0495456125012281,0.0713587432315542,0.074833207062574,0.0148949617856916,0.0591892746550973,0.1120988298668451,0.1118889273247468,0.1154564931783899,0.1128309441017564,0.3619516759071004,0.3763535753719002,0.3297019060503467,0.3608510118978018
P2,random_split,2,average_voltage,0.5645794387104963,0.5645794387104963,0.5629088019767607,0.5629088019767607,0.5070182698495884,0.5070182698495884,0.5247311643748025,0.5247311643748025,0.7583769522332039,0.7583769522332039,0.74462803357808,0.74462803357808,0.7009482200037452,0.7009482200037452,0.7017049689471347,0.7017049689471347
P2,random_split,2,capacity_grav,42.20022755266708,42.20022755266708,43.72728202192532,43.72728202192532,0.3026736908900965,0.3026736908900965,0.2569239739362879,0.2569239739362879,60.1519943409215,60.1519943409215,62.093856043294565,62.093856043294565,0.6099353113758977,0.6099353113758977,0.609014193672133,0.609014193672133
P2,random_split,2,energy_grav,150.38969035530204,148.46887246398109,148.95923231914745,150.77661085010985,0.4016189008707924,0.4085710153157066,0.4170475481155054,0.3792843357913901,206.88181585813865,205.6765070462534,204.1972798793071,210.70737589635067,0.6552768106328756,0.6604444276875657,0.6769702955309019,0.6625041753836226
P2,random_split,2,max_delta_volume,0.0400719235124116,0.0400719235124116,0.0399989738099367,0.0399989738099367,0.1315856600146536,0.1315856600146536,0.1681125356047447,0.1681125356047447,0.0896921615462185,0.0896921615462185,0.0877856011175119,0.0877856011175119,0.4574740775954897,0.4574740775954897,0.442649926669888,0.442649926669888
P2,random_split,2,stability_charge,0.0433814674472648,0.0433814674472648,0.045675642388376,0.045675642388376,0.1696923845599706,0.1696923845599706,0.061174798566536,0.061174798566536,0.0834164550353804,0.0834164550353804,0.0887001978509774,0.0887001978509774,0.3893452482049696,0.3893452482049696,0.3969321673499434,0.3969321673499434
P2,random_split,2,stability_discharge,0.0347867123754735,0.0347867123754735,0.0346049410322132,0.0346049410322132,0.1218565502574542,0.1218565502574542,0.1145265078536467,0.1145265078536467,0.0738849479882727,0.0738849479882727,0.0741926735227925,0.0741926735227925,0.3861690632814849,0.3861690632814849,0.4417640094187531,0.4417640094187531
P2,random_split,2,stability_worst,0.0431198073148965,0.0424550958313896,0.0464354786123799,0.0437338391812173,0.1490339357301812,0.1446696556146748,0.081309278380353,0.0780893296275099,0.0859593859361807,0.0861795304769844,0.0893144748271858,0.0894708585108194,0.3558178144158394,0.3824934210730969,0.3906214025119853,0.4138501981056445
P2,random_split,3,average_voltage,0.5916168861404939,0.5916168861404939,0.563762754788162,0.563762754788162,0.4745195913515226,0.4745195913515226,0.5170576816276864,0.5170576816276864,0.7849039387434895,0.7849039387434895,0.7524642570542072,0.7524642570542072,0.6784088193846064,0.6784088193846064,0.7125786585262602,0.7125786585262602
P2,random_split,3,capacity_grav,40.23887742266052,40.23887742266052,43.09990927435763,43.09990927435763,0.4529874040548844,0.4529874040548844,0.3885825058193177,0.3885825058193177,55.78937433547194,55.78937433547194,58.9823073553164,58.9823073553164,0.694357531775898,0.694357531775898,0.6555427486523995,0.6555427486523995
P2,random_split,3,energy_grav,144.91338282816912,142.14402711024394,151.90888083223984,148.47147459240097,0.4937872396437028,0.5120253547422324,0.4601722865738913,0.4779843481260297,193.74304714296423,190.2208904012129,200.07239451634163,196.7439308575807,0.7224287643584517,0.7275387443962327,0.7088661511617809,0.7167733546751663
P2,random_split,3,max_delta_volume,0.0425719227208409,0.0425719227208409,0.0450089868767739,0.0450089868767739,0.343011780757559,0.343011780757559,0.2465041733530341,0.2465041733530341,0.074187910774045,0.074187910774045,0.0794501598903983,0.0794501598903983,0.3945415983565032,0.3945415983565032,0.3570629590907004,0.3570629590907004
P2,random_split,3,stability_charge,0.0520765338795026,0.0520765338795026,0.0513008370350845,0.0513008370350845,0.1298317694013137,0.1298317694013137,0.1352067248607765,0.1352067248607765,0.128939015300507,0.128939015300507,0.128540175758592,0.128540175758592,0.3807297972624826,0.3807297972624826,0.4245728520078347,0.4245728520078347
P2,random_split,3,stability_discharge,0.0404395349129607,0.0404395349129607,0.0391575583502392,0.0391575583502392,0.0070917321377051,0.0070917321377051,0.0547698905695515,0.0547698905695515,0.1000571999423787,0.1000571999423787,0.0976253390693667,0.0976253390693667,0.3396861429336312,0.3396861429336312,0.3467076918553411,0.3467076918553411
P2,random_split,3,stability_worst,0.0507929167467013,0.050578120978255,0.0514340692633315,0.0491851395956533,0.12869589254915,0.1233208477439653,0.1454920796801531,0.1237291645686166,0.1282612147752125,0.1286562260009112,0.1270189488543602,0.1286262614353299,0.3626347371505845,0.3571921820164616,0.3829762026733817,0.4092483820526923
P2,random_split,4,average_voltage,0.5791229474167928,0.5791229474167928,0.5993163929605065,0.5993163929605065,0.5126638557003096,0.5126638557003096,0.4936072933440998,0.4936072933440998,0.7901933927024908,0.7901933927024908,0.8054949158027547,0.8054949158027547,0.7025704480875625,0.7025704480875625,0.6957198868357797,0.6957198868357797
P2,random_split,4,capacity_grav,43.664885107904254,43.664885107904254,45.506193112157256,45.506193112157256,0.371998320248497,0.371998320248497,0.3424573393497868,0.3424573393497868,64.34652350946791,64.34652350946791,65.8425515743244,65.8425515743244,0.6367758715249436,0.6367758715249436,0.6091448234571601,0.6091448234571601
P2,random_split,4,energy_grav,151.47802897812824,152.58565554536267,156.07471378603117,159.94818055717252,0.4538103300017856,0.4471026352243427,0.4276786992475166,0.3981125330352801,205.30797998358585,206.564815264108,210.1619279563189,215.52206474096576,0.6781691138649536,0.6755652125943649,0.6622551992510224,0.6518618287062008
P2,random_split,4,max_delta_volume,0.0399521791949299,0.0399521791949299,0.0402425424198219,0.0402425424198219,0.2886413251044717,0.2886413251044717,0.2418499316340983,0.2418499316340983,0.0792356686943542,0.0792356686943542,0.0818001312762878,0.0818001312762878,0.4419823060694174,0.4419823060694174,0.3755897036185168,0.3755897036185168
P2,random_split,4,stability_charge,0.0464518794805791,0.0464518794805791,0.0482162115661682,0.0482162115661682,0.2569005186655552,0.2569005186655552,0.1885135048066981,0.1885135048066981,0.0990784457278994,0.0990784457278994,0.103537185293566,0.103537185293566,0.4810691438926325,0.4810691438926325,0.4299052859613626,0.4299052859613626
P2,random_split,4,stability_discharge,0.0362514320887997,0.0362514320887997,0.036112295864771,0.036112295864771,0.1361968108561081,0.1361968108561081,0.1278976395484257,0.1278976395484257,0.0716946872818201,0.0716946872818201,0.0720382748958825,0.0720382748958825,0.3925313543411831,0.3925313543411831,0.4019708602298485,0.4019708602298485
P2,random_split,4,stability_worst,0.0451848513446702,0.0454307887747086,0.0485152716430339,0.0458083187033529,0.2141317378047693,0.2307623182958018,0.1763618830860647,0.1673717994829202,0.1012408797875292,0.1001639195612405,0.1036452143649569,0.1042093275916667,0.467214028154751,0.4730926113903166,0.362776296277123,0.4214502267832754
P3,framework_groupkfold,0,average_voltage,0.6019653286426856,0.6019653286426856,0.5540451402669806,0.5540451402669806,0.4337233997858603,0.4337233997858603,0.5119051512265731,0.5119051512265731,0.7956854991346071,0.7956854991346071,0.73871896293536,0.73871896293536,0.6572461875205737,0.6572461875205737,0.715817418887433,0.715817418887433
P3,framework_groupkfold,0,capacity_grav,40.10411985775825,40.10411985775825,38.845432542077205,38.845432542077205,0.5360332622393148,0.5360332622393148,0.5388042836321874,0.5388042836321874,51.63900965872917,51.63900965872917,51.4845728391057,51.4845728391057,0.7070008881170807,0.7070008881170807,0.7243836646394041,0.7243836646394041
P3,framework_groupkfold,0,energy_grav,138.46821853431567,137.84942739527935,139.7515743811466,134.82740470007144,0.5529314997511089,0.5515020705268743,0.5486104538640315,0.5769857928590234,186.60876175585648,186.90684934184705,187.5084068797608,181.51915965508493,0.725847904917385,0.7309106355216578,0.7149608653398338,0.7344567703980983
P3,framework_groupkfold,0,max_delta_volume,0.038478490183336,0.038478490183336,0.0405877179675632,0.0405877179675632,0.1762924406593027,0.1762924406593027,0.0755352935312941,0.0755352935312941,0.0546882380770964,0.0546882380770964,0.0579365424466237,0.0579365424466237,0.4305822219995732,0.4305822219995732,0.4086930059790167,0.4086930059790167
P3,framework_groupkfold,0,stability_charge,0.0479903026376077,0.0479903026376077,0.0502234848036228,0.0502234848036228,0.1800940588837043,0.1800940588837043,0.1051006677150849,0.1051006677150849,0.1150664384416076,0.1150664384416076,0.1202136396500036,0.1202136396500036,0.4978424890738418,0.4978424890738418,0.428853996394513,0.428853996394513
P3,framework_groupkfold,0,stability_discharge,0.0426874219431379,0.0426874219431379,0.0399907053683926,0.0399907053683926,0.1177736699474362,0.1177736699474362,0.1380244900863981,0.1380244900863981,0.0971167154439511,0.0971167154439511,0.0959956252729813,0.0959956252729813,0.3486004442729096,0.3486004442729096,0.4300483266276522,0.4300483266276522
P3,framework_groupkfold,0,stability_worst,0.0496478505991243,0.0479994839674094,0.0539924166252881,0.0499336224128554,0.1460583865852462,0.1559725530301868,0.1057175359435559,0.0931659435566025,0.1171191544588729,0.1164372994862952,0.1198536313442434,0.1206917961100683,0.3941592531471504,0.4104939537295418,0.3183238271128588,0.3583049659321801
P3,framework_groupkfold,1,average_voltage,0.5368513810982041,0.5368513810982041,0.5156144951250524,0.5156144951250524,0.6391457268677132,0.6391457268677132,0.6544235996107088,0.6544235996107088,0.7023280867977153,0.7023280867977153,0.6872996910752218,0.6872996910752218,0.7827513769564869,0.7827513769564869,0.7878246925651674,0.7878246925651674
P3,framework_groupkfold,1,capacity_grav,36.534205160175055,36.534205160175055,36.73497895214723,36.73497895214723,0.3447870917026565,0.3447870917026565,0.3728988740183263,0.3728988740183263,58.98648133396941,58.98648133396941,57.70720740632191,57.70720740632191,0.6780964345499325,0.6780964345499325,0.6869268802406541,0.6869268802406541
P3,framework_groupkfold,1,energy_grav,131.24764615233954,130.59443557638843,133.6180323515604,134.31398506324155,0.5400262163277031,0.5339984242629361,0.529537513588227,0.5069770927069398,180.20060857567165,181.37749773803475,182.24356957586355,186.56203171272531,0.7159910058374167,0.714462391875957,0.7198245570667898,0.7075837892670638
P3,framework_groupkfold,1,max_delta_volume,0.0453538262887302,0.0453538262887302,0.0461332351485292,0.0461332351485292,0.1015940429273255,0.1015940429273255,0.2231280917772256,0.2231280917772256,0.1224488584886448,0.1224488584886448,0.1138657571046404,0.1138657571046404,0.4348438655856094,0.4348438655856094,0.37649602110845,0.37649602110845
P3,framework_groupkfold,1,stability_charge,0.0448863648857315,0.0448863648857315,0.0509538650877705,0.0509538650877705,0.2235342191301678,0.2235342191301678,0.1254407171358651,0.1254407171358651,0.0857314017103565,0.0857314017103565,0.0909857524359399,0.0909857524359399,0.455489816710228,0.455489816710228,0.4537784936448868,0.4537784936448868
P3,framework_groupkfold,1,stability_discharge,0.0357834595952945,0.0357834595952945,0.0390603307227278,0.0390603307227278,0.1236372773763515,0.1236372773763515,0.0900962739081335,0.0900962739081335,0.0663702058576733,0.0663702058576733,0.0676283728661815,0.0676283728661815,0.405331191230077,0.405331191230077,0.4122343887695779,0.4122343887695779
P3,framework_groupkfold,1,stability_worst,0.0435589153952897,0.0445041747324841,0.0505130464044134,0.0497600558695463,0.2211515239971366,0.1865680454759227,0.1567700638035288,0.1297015319441953,0.0865827113708221,0.0884841145048035,0.0900902314704166,0.0915248032793603,0.4589074886714723,0.4439373974396982,0.4293363342347261,0.4151807230831945
P3,framework_groupkfold,2,average_voltage,0.5627453994112113,0.5627453994112113,0.5554708969257065,0.5554708969257065,0.5712976256671489,0.5712976256671489,0.5716320731411165,0.5716320731411165,0.7251191725140383,0.7251191725140383,0.7248362704271013,0.7248362704271013,0.7098678066840985,0.7098678066840985,0.7382111376004339,0.7382111376004339
P3,framework_groupkfold,2,capacity_grav,37.63461397924085,37.63461397924085,42.5515792893486,42.5515792893486,0.5400065483122372,0.5400065483122372,0.3922913684123718,0.3922913684123718,49.92724779175156,49.92724779175156,57.38646912846656,57.38646912846656,0.6699451649998558,0.6699451649998558,0.6365913402858777,0.6365913402858777
P3,framework_groupkfold,2,energy_grav,140.0281427322127,137.78891142427997,152.98659901671653,153.6763698563283,0.5686125416719039,0.5796249351932135,0.4593260366184987,0.4420431888221537,184.20313926309632,181.83678476600025,206.22010236050863,209.4901278132137,0.7117483502156989,0.7194752825324283,0.675731370804128,0.683547475701845
P3,framework_groupkfold,2,max_delta_volume,0.0401582981262905,0.0401582981262905,0.0417933089367826,0.0417933089367826,0.2177898221883301,0.2177898221883301,0.1734224126462092,0.1734224126462092,0.0593122351103274,0.0593122351103274,0.0609711479026684,0.0609711479026684,0.3981999315183875,0.3981999315183875,0.3934477836859953,0.3934477836859953
P3,framework_groupkfold,2,stability_charge,0.0455981694818621,0.0455981694818621,0.0492832558166602,0.0492832558166602,-0.0202782517852684,-0.0202782517852684,-0.0810308043800895,-0.0810308043800895,0.0995231121558225,0.0995231121558225,0.1024433255710437,0.1024433255710437,0.3845803759631369,0.3845803759631369,0.3198077634441763,0.3198077634441763
P3,framework_groupkfold,2,stability_discharge,0.0370688202509711,0.0370688202509711,0.038182758482543,0.038182758482543,-0.0642200138507185,-0.0642200138507185,0.0076814209164529,0.0076814209164529,0.0839425632797414,0.0839425632797414,0.0810572894844174,0.0810572894844174,0.4236963734904156,0.4236963734904156,0.4390385825204103,0.4390385825204103
P3,framework_groupkfold,2,stability_worst,0.0424439079414651,0.0414390575799586,0.0504135753026801,0.0462139255068391,0.0034728747259358,-0.0010283328121134,-0.0996176734904104,-0.0425904392711073,0.0971999253701961,0.0974191989272377,0.1021038750741163,0.099421025442393,0.4163839245144094,0.4265822118818561,0.2782088564065408,0.2987867529490338
P3,framework_groupkfold,3,average_voltage,0.5451667541735047,0.5451667541735047,0.5443922667243463,0.5443922667243463,0.5591489572510782,0.5591489572510782,0.5604536909219087,0.5604536909219087,0.7147994431836279,0.7147994431836279,0.7137409065388135,0.7137409065388135,0.7400876528018868,0.7400876528018868,0.7200458863424961,0.7200458863424961
P3,framework_groupkfold,3,capacity_grav,38.29973159546481,38.29973159546481,40.04417028469645,40.04417028469645,0.4997199488640196,0.4997199488640196,0.4807590563758173,0.4807590563758173,58.752422992759016,58.752422992759016,59.855443684210606,59.855443684210606,0.7568677604609894,0.7568677604609894,0.7272215690488818,0.7272215690488818
P3,framework_groupkfold,3,energy_grav,137.86155369419728,136.93143438325393,145.41217464493033,145.65735963422006,0.539299377933264,0.5497053599205516,0.4849350995068311,0.4596481309324485,195.1719658074333,192.95517284807624,206.36641272540948,211.37146920512177,0.7675522126518864,0.7735016442911239,0.7358312184600061,0.7410306482681845
P3,framework_groupkfold,3,max_delta_volume,0.0403246371292544,0.0403246371292544,0.0418368263708835,0.0418368263708835,0.1542530045989905,0.1542530045989905,0.1436438021878381,0.1436438021878381,0.0674229747121352,0.0674229747121352,0.0678445397455694,0.0678445397455694,0.4616886119106737,0.4616886119106737,0.4471584250693972,0.4471584250693972
P3,framework_groupkfold,3,stability_charge,0.0477790137233114,0.0477790137233114,0.0489797807955539,0.0489797807955539,0.1551389717893569,0.1551389717893569,0.2151693545650855,0.2151693545650855,0.096496949401809,0.096496949401809,0.0930055620584565,0.0930055620584565,0.4107167325980886,0.4107167325980886,0.4429820555425597,0.4429820555425597
P3,framework_groupkfold,3,stability_discharge,0.036902152184524,0.036902152184524,0.0388611952719995,0.0388611952719995,-0.0315076110531102,-0.0315076110531102,-0.0443944027519689,-0.0443944027519689,0.0684316646896168,0.0684316646896168,0.0688578018075531,0.0688578018075531,0.3636080313897187,0.3636080313897187,0.3868986653338268,0.3868986653338268
P3,framework_groupkfold,3,stability_worst,0.0448274378850748,0.0443694949549347,0.048737583339686,0.0467124409733326,0.1754890660127073,0.1725087477966965,0.2158725244531719,0.2349469801598498,0.0946456881944078,0.0948165894018422,0.0922987797983617,0.0911692518007582,0.4666311203535898,0.4713115518161991,0.4193988400201869,0.4231835830656302
P3,framework_groupkfold,4,average_voltage,0.5690126815099413,0.5690126815099413,0.5658242417529544,0.5658242417529544,0.6018290427176782,0.6018290427176782,0.6064249639196799,0.6064249639196799,0.739913625286886,0.739913625286886,0.7356309740999979,0.7356309740999979,0.75076561161038,0.75076561161038,0.7467327038151949,0.7467327038151949
P3,framework_groupkfold,4,capacity_grav,36.37873364734014,36.37873364734014,38.8846974325137,38.8846974325137,0.5268403161348554,0.5268403161348554,0.5017874623092118,0.5017874623092118,50.29305517983722,50.29305517983722,51.60734044480985,51.60734044480985,0.7141118890888104,0.7141118890888104,0.6799348812073462,0.6799348812073462
P3,framework_groupkfold,4,energy_grav,139.32478177662568,138.5548536388303,143.66501916092707,141.7130214884322,0.5792512931254348,0.5647814868339509,0.567211666852873,0.5764776277707782,191.628816351226,194.8960793152084,194.35118569855027,192.2594078561133,0.7414598485347865,0.7441143807724141,0.7372606347915889,0.7386652860480618
P3,framework_groupkfold,4,max_delta_volume,0.04385899340706,0.04385899340706,0.0399786446153119,0.0399786446153119,0.0189676228266569,0.0189676228266569,0.1333659885027847,0.1333659885027847,0.0700731147746905,0.0700731147746905,0.0658608932608064,0.0658608932608064,0.3164647466180338,0.3164647466180338,0.3893851211794951,0.3893851211794951
P3,framework_groupkfold,4,stability_charge,0.0477526973355681,0.0477526973355681,0.0470685742316798,0.0470685742316798,0.1562686764770763,0.1562686764770763,0.1825665781150254,0.1825665781150254,0.1031254449022314,0.1031254449022314,0.1015055863184871,0.1015055863184871,0.4554006993306855,0.4554006993306855,0.449237616704763,0.449237616704763
P3,framework_groupkfold,4,stability_discharge,0.034628890684691,0.034628890684691,0.0337412384835155,0.0337412384835155,0.235623720341417,0.235623720341417,0.3172038480523265,0.3172038480523265,0.0731183044256336,0.0731183044256336,0.0691063640229142,0.0691063640229142,0.4748095697424948,0.4748095697424948,0.4880269484186277,0.4880269484186277
P3,framework_groupkfold,4,stability_worst,0.0464745212036439,0.046020861712544,0.0462076364340531,0.0452105240582123,0.1630174047628577,0.1486382096978692,0.2611135907497856,0.20562244637232,0.1028290757547968,0.1037086058714411,0.0966154448765273,0.1001777332972592,0.3942584147333956,0.4167091243977866,0.4294416371227539,0.4019655114137962
P3,leave_chemical_system_out,0,average_voltage,0.6816205918899984,0.6816205918899984,0.5581014114137761,0.5581014114137761,-0.2737132184305326,-0.2737132184305326,0.1631772648564684,0.1631772648564684,0.858339600897842,0.858339600897842,0.6957289213896836,0.6957289213896836,0.4747497084958384,0.4747497084958384,0.5338915470494418,0.5338915470494418
P3,leave_chemical_system_out,0,capacity_grav,69.230537410027,69.230537410027,50.51719567421995,50.51719567421995,0.0653074056787257,0.0653074056787257,0.4202062569843824,0.4202062569843824,82.74951050053147,82.74951050053147,65.17301231463355,65.17301231463355,0.5339049066495696,0.5339049066495696,0.6263522398336424,0.6263522398336424
P3,leave_chemical_system_out,0,energy_grav,251.2464811417732,211.3431571374742,191.9778086457488,179.28969227983333,0.2618138823278816,0.4235084999673197,0.4860482401549626,0.5180400229170611,292.50257893184795,258.48968474127867,244.0663697339,236.34817340467305,0.5248850736466836,0.6060371517027864,0.6500743838205137,0.6549394877568252
P3,leave_chemical_system_out,0,max_delta_volume,0.0277717320394248,0.0277717320394248,0.0370132532454359,0.0370132532454359,-0.4625278175980172,-0.4625278175980172,-1.7137540863072247,-1.7137540863072247,0.033478952317244,0.033478952317244,0.0456042204547558,0.0456042204547558,0.1817746237250881,0.1817746237250881,-0.1685798721402436,-0.1685798721402436
P3,leave_chemical_system_out,0,stability_charge,0.1357070828602291,0.1357070828602291,0.095694469372616,0.095694469372616,-0.073226511311607,-0.073226511311607,0.0002546138183141,0.0002546138183141,0.2376128810130439,0.2376128810130439,0.2293342863291427,0.2293342863291427,-0.2685868031953318,-0.2685868031953318,-0.0139788440984396,-0.0139788440984396
P3,leave_chemical_system_out,0,stability_discharge,0.0898279697396401,0.0898279697396401,0.0554048210764722,0.0554048210764722,-0.0320178963503792,-0.0320178963503792,0.0107777197683784,0.0107777197683784,0.1762925639530485,0.1762925639530485,0.1725986221870982,0.1725986221870982,0.0628041216042679,0.0628041216042679,0.1511132033905508,0.1511132033905508
P3,leave_chemical_system_out,0,stability_worst,0.1180223286441851,0.1043021758178001,0.0619676045431707,0.06425438474861,-0.0362563500592052,0.0083273952498736,0.0431539907381061,0.019143800198205,0.2266903465365339,0.221760188389666,0.2178313830385593,0.2205474773818168,0.0076394194041252,0.0088724485009314,0.0876723895299746,0.0697365070430085
P3,leave_chemical_system_out,1,average_voltage,0.3755120327465291,0.3755120327465291,0.3788864062912658,0.3788864062912658,0.3093248735322544,0.3093248735322544,0.2944526713787844,0.2944526713787844,0.4937709209003,0.4937709209003,0.4990587539465445,0.4990587539465445,0.6091067456969751,0.6091067456969751,0.580796073318506,0.580796073318506
P3,leave_chemical_system_out,1,capacity_grav,36.18888406048314,36.18888406048314,32.59210477302373,32.59210477302373,0.4740974862406374,0.4740974862406374,0.5221096653684736,0.5221096653684736,45.23623841050815,45.23623841050815,43.12190956277061,43.12190956277061,0.6355299315467509,0.6355299315467509,0.6718254464900659,0.6718254464900659
P3,leave_chemical_system_out,1,energy_grav,143.27719525220112,149.36629247412577,144.84436980393443,140.30874056527952,0.5217092269398802,0.4814186539779603,0.4894559237830407,0.5100060547548313,178.94315272353978,186.32774527323392,184.87819997725825,181.1191786834712,0.679722736552248,0.6600455045121048,0.6581537438965157,0.6485196425375888
P3,leave_chemical_system_out,1,max_delta_volume,0.0533213581105808,0.0533213581105808,0.0425819456161244,0.0425819456161244,-0.2911665172274029,-0.2911665172274029,0.077313782426012,0.077313782426012,0.0709919249595565,0.0709919249595565,0.0600129314689925,0.0600129314689925,0.1354946150559311,0.1354946150559311,0.2899762251706419,0.2899762251706419
P3,leave_chemical_system_out,1,stability_charge,0.0323295175465066,0.0323295175465066,0.0338883841854301,0.0338883841854301,0.0369760828586217,0.0369760828586217,-0.2257947343403521,-0.2257947343403521,0.042380530694366,0.042380530694366,0.0478141819466478,0.0478141819466478,0.3238404471162851,0.3238404471162851,0.3050604184805661,0.3050604184805661
P3,leave_chemical_system_out,1,stability_discharge,0.0285993600531078,0.0285993600531078,0.0253636763905174,0.0253636763905174,-1.090133263040224,-1.090133263040224,-0.7438972435092106,-0.7438972435092106,0.0374607614063891,0.0374607614063891,0.0342176403723687,0.0342176403723687,0.1612843061840647,0.1612843061840647,0.0849405337309405,0.0849405337309405
P3,leave_chemical_system_out,1,stability_worst,0.0321825164553191,0.0308404989737451,0.0324537895907515,0.0313209895071507,-0.0187835574920074,-0.0269795216312274,-0.3108966729686848,-0.2498614519962712,0.0415054530389675,0.0416720712433622,0.0470812977975634,0.0459721835464084,0.2753114803149142,0.2916108957962559,0.2703409437990939,0.3169675710566089
P3,leave_chemical_system_out,2,average_voltage,0.477176041829062,0.477176041829062,0.4535796423361078,0.4535796423361078,0.5730263052844742,0.5730263052844742,0.5820701479879271,0.5820701479879271,0.5787582837210238,0.5787582837210238,0.5725960620593186,0.5725960620593186,0.8040949726040565,0.8040949726040565,0.7872446296599963,0.7872446296599963
P3,leave_chemical_system_out,2,capacity_grav,30.89492617994268,30.89492617994268,36.11465944602036,36.11465944602036,0.4763574434507749,0.4763574434507749,0.2615953883056457,0.2615953883056457,37.33526984219537,37.33526984219537,44.33523629671759,44.33523629671759,0.7205032592876052,0.7205032592876052,0.594568660544851,0.594568660544851
P3,leave_chemical_system_out,2,energy_grav,129.48273272248056,136.1966673635546,140.0863293629667,149.26937433894273,0.4520740150324306,0.4069443514879332,0.3750248819247281,0.2724662476579579,160.8549271317632,167.34823763344906,171.79273086468035,185.35315931443728,0.622371374773114,0.6276187298912644,0.5150493918609451,0.450882381213564
P3,leave_chemical_system_out,2,max_delta_volume,0.0350965034983578,0.0350965034983578,0.0323977951822369,0.0323977951822369,0.2097654736965931,0.2097654736965931,0.3769249119492927,0.3769249119492927,0.0477896893277274,0.0477896893277274,0.0424352143966498,0.0424352143966498,0.3803371199484312,0.3803371199484312,0.4162430520607743,0.4162430520607743
P3,leave_chemical_system_out,2,stability_charge,0.0371409506121044,0.0371409506121044,0.0379151858043353,0.0379151858043353,0.0428892951534568,0.0428892951534568,0.0909080943291414,0.0909080943291414,0.0604635564143917,0.0604635564143917,0.0589272938300573,0.0589272938300573,0.4885901945941177,0.4885901945941177,0.446581299686015,0.446581299686015
P3,leave_chemical_system_out,2,stability_discharge,0.0236872734305654,0.0236872734305654,0.0335793726736437,0.0335793726736437,-0.0991342263554211,-0.0991342263554211,-0.2561650525141117,-0.2561650525141117,0.0536261172681507,0.0536261172681507,0.0573289966647279,0.0573289966647279,0.3024242120634207,0.3024242120634207,0.2040307398040478,0.2040307398040478
P3,leave_chemical_system_out,2,stability_worst,0.0362581891725257,0.0362082004776803,0.0389775462049012,0.0379630319018931,0.0112207353872664,-0.0055505334349623,0.0173575265531007,0.0292476888447533,0.0599489511028396,0.0604552280890221,0.0597626270097974,0.0593999569551426,0.4400042977002635,0.4831604901108943,0.3991212695125197,0.4653936194932054
P3,leave_chemical_system_out,3,average_voltage,0.6718812242948732,0.6718812242948732,0.580346964179139,0.580346964179139,0.4083400331915979,0.4083400331915979,0.4821224758929755,0.4821224758929755,0.792254487790906,0.792254487790906,0.7412114969901888,0.7412114969901888,0.7862306368330466,0.7862306368330466,0.7012048192771085,0.7012048192771085
P3,leave_chemical_system_out,3,capacity_grav,33.23206749314945,33.23206749314945,36.078091793877945,36.078091793877945,0.2103012112568042,0.2103012112568042,-0.0515083878339266,-0.0515083878339266,42.49642947398807,42.49642947398807,49.03747245129069,49.03747245129069,0.6690279061799601,0.6690279061799601,0.4764019140282614,0.4764019140282614
P3,leave_chemical_system_out,3,energy_grav,133.2209638487939,130.14537993644066,158.99532501073358,179.5372848326017,0.3072211705332572,0.3411529580739237,0.0380868845355262,-0.210383719304779,172.3110773040007,168.03826703747217,203.041034264274,227.75998763755737,0.6171914548952111,0.6448516756100031,0.4119266983901994,0.3231953022172725
P3,leave_chemical_system_out,3,max_delta_volume,0.0295925977283539,0.0295925977283539,0.0326862350639548,0.0326862350639548,-0.0948932233341062,-0.0948932233341062,0.0159719784005528,0.0159719784005528,0.0432369283097426,0.0432369283097426,0.0409895057548996,0.0409895057548996,0.1508150248051027,0.1508150248051027,0.2413485876278222,0.2413485876278222
P3,leave_chemical_system_out,3,stability_charge,0.0413069325188994,0.0413069325188994,0.0595951402119845,0.0595951402119845,-0.836931612006002,-0.836931612006002,-2.1143359322912345,-2.1143359322912345,0.0567579773343509,0.0567579773343509,0.0739031831187887,0.0739031831187887,0.2048953350695611,0.2048953350695611,0.1316222442014278,0.1316222442014278
P3,leave_chemical_system_out,3,stability_discharge,0.0204875774373514,0.0204875774373514,0.0450734955308682,0.0450734955308682,-0.6405123584827694,-0.6405123584827694,-6.152055274546401,-6.152055274546401,0.0247063125074018,0.0247063125074018,0.0515862084106668,0.0515862084106668,0.2936148065700498,0.2936148065700498,0.1994165969280785,0.1994165969280785
P3,leave_chemical_system_out,3,stability_worst,0.0371890125927293,0.0394368335495994,0.0691815739698602,0.0591929088135499,-0.6109251621945249,-0.8661503786871052,-3.318862394260994,-2.3904678450540886,0.0509244459167155,0.0548102708811237,0.0833821930270582,0.0738785639008404,0.1980307287950559,0.1801402283716772,0.0784671071200819,0.1226719315957307
P3,leave_chemical_system_out,4,average_voltage,0.5699895048043483,0.5699895048043483,0.6047504829163062,0.6047504829163062,0.109986895160155,0.109986895160155,0.1158024941805851,0.1158024941805851,0.7437924957047968,0.7437924957047968,0.7413584370148317,0.7413584370148317,0.4326574591047116,0.4326574591047116,0.4090834884252456,0.4090834884252456
P3,leave_chemical_system_out,4,capacity_grav,24.84058402504128,24.84058402504128,32.795145931272,32.795145931272,0.6702943225402807,0.6702943225402807,0.5324589358982874,0.5324589358982874,33.327028003500615,33.327028003500615,39.68654152417363,39.68654152417363,0.7739201367712264,0.7739201367712264,0.7442839352631287,0.7442839352631287
P3,leave_chemical_system_out,4,energy_grav,118.90154076670076,115.33383081420249,121.55570465763088,129.20943021664618,0.4233441228177034,0.4311251244363685,0.4253477854617875,0.3703965377399435,148.40149374835312,147.39687900531538,148.14344966806107,155.06488623725443,0.6926241551572143,0.703181288841001,0.6793896453020755,0.6419499134750384
P3,leave_chemical_system_out,4,max_delta_volume,0.0258132855472465,0.0258132855472465,0.0275600656383386,0.0275600656383386,0.1742836912141848,0.1742836912141848,0.0801835437018433,0.0801835437018433,0.0362701630399034,0.0362701630399034,0.0382811225232109,0.0382811225232109,0.3552529902809068,0.3552529902809068,0.3662237023976666,0.3662237023976666
P3,leave_chemical_system_out,4,stability_charge,0.03014017315005,0.03014017315005,0.0257614734697998,0.0257614734697998,-0.2520695914337501,-0.2520695914337501,-0.0246405616056601,-0.0246405616056601,0.0386798812839399,0.0386798812839399,0.0349910254699909,0.0349910254699909,0.1990965033191194,0.1990965033191194,0.2531649741767501,0.2531649741767501
P3,leave_chemical_system_out,4,stability_discharge,0.0236696976360245,0.0236696976360245,0.0193738783443239,0.0193738783443239,-1.1225464197903925,-1.1225464197903925,-0.6104828532138971,-0.6104828532138971,0.0296169219382013,0.0296169219382013,0.0257981981891913,0.0257981981891913,-0.0172878711622807,-0.0172878711622807,0.2581742574329261,0.2581742574329261
P3,leave_chemical_system_out,4,stability_worst,0.0283784849891119,0.0280388705491453,0.028188602502187,0.0254436818631736,-0.3731433670000232,-0.3549666371972881,-0.3923000719655711,-0.1875451521870115,0.0370334512314124,0.0367875229529603,0.0372908830785287,0.0344398547139837,0.1931038987511465,0.2368466881255608,0.3038159299819358,0.3067328415401202
P3,leave_chemical_system_out,5,average_voltage,0.3696770606439007,0.3696770606439007,0.4390126578394493,0.4390126578394493,0.1392951784311864,0.1392951784311864,-0.2091853080759167,-0.2091853080759167,0.4356044920288895,0.4356044920288895,0.51631133857737,0.51631133857737,0.485933014354067,0.485933014354067,0.6427887901572112,0.6427887901572112
P3,leave_chemical_system_out,5,capacity_grav,27.9315623107814,27.9315623107814,23.013558485943204,23.013558485943204,0.478690688237759,0.478690688237759,0.6398348850623483,0.6398348850623483,34.67380599604589,34.67380599604589,28.820704751242804,28.820704751242804,0.699922136968538,0.699922136968538,0.7774092536080563,0.7774092536080563
P3,leave_chemical_system_out,5,energy_grav,137.38044092318265,133.08852080842078,124.04823162858118,119.88635883073408,0.3815857644806335,0.3952040099289793,0.4910875916151609,0.5055059713951338,164.58151258224837,162.7592806725739,149.3010390885796,147.17086282163223,0.5649213943950786,0.618673957621326,0.6645796308954204,0.668051948051948
P3,leave_chemical_system_out,5,max_delta_volume,0.0376849344417239,0.0376849344417239,0.03788154879844,0.03788154879844,-0.1535847234500811,-0.1535847234500811,-0.0622906981706345,-0.0622906981706345,0.0507688280189632,0.0507688280189632,0.048718519173894,0.048718519173894,0.1849077238550923,0.1849077238550923,0.2430895420369104,0.2430895420369104
P3,leave_chemical_system_out,5,stability_charge,0.0386955544682267,0.0386955544682267,0.0408757637327517,0.0408757637327517,-0.0069948861544244,-0.0069948861544244,-0.2638594591308818,-0.2638594591308818,0.0463007961118332,0.0463007961118332,0.0518709518533844,0.0518709518533844,0.3542054042322866,0.3542054042322866,0.0357377229683185,0.0357377229683185
P3,leave_chemical_system_out,5,stability_discharge,0.021263250372978,0.021263250372978,0.0279919397876696,0.0279919397876696,-0.1150308390531498,-0.1150308390531498,-0.5980325816726875,-0.5980325816726875,0.0305883746312929,0.0305883746312929,0.0366189406047182,0.0366189406047182,0.3460381693205736,0.3460381693205736,0.1694099634252744,0.1694099634252744
P3,leave_chemical_system_out,5,stability_worst,0.0348105231299598,0.0335117383615587,0.0401946040315101,0.0378229305332785,0.0457373755305625,0.1234732781024353,-0.60106643636718,-0.2852781002911762,0.0420784798347508,0.0403281839055819,0.0545042993660417,0.0488342630771409,0.3812485905945501,0.4153308775509173,-0.1032175156520548,0.0019549807600322
P3,leave_chemical_system_out,6,average_voltage,0.5235188410724342,0.5235188410724342,0.4486701209932513,0.4486701209932513,-0.7997608081701051,-0.7997608081701051,-0.3886401644243917,-0.3886401644243917,0.6528959234461874,0.6528959234461874,0.5734973599781793,0.5734973599781793,0.2897741577193631,0.2897741577193631,0.0767567567567567,0.0767567567567567
P3,leave_chemical_system_out,6,capacity_grav,29.981741248790456,29.981741248790456,28.824868967344745,28.824868967344745,0.4391109893706419,0.4391109893706419,0.4698955769138165,0.4698955769138165,36.755217980508846,36.755217980508846,35.73232300275138,35.73232300275138,0.5761821913601769,0.5761821913601769,0.4754968536825313,0.4754968536825313
P3,leave_chemical_system_out,6,energy_grav,147.8987868742254,162.3295763703495,145.6410226652082,143.30379470674478,0.4991406873263317,0.4173713155038993,0.5159505978963665,0.4964580021428486,180.24344119766525,194.40056594351955,177.19294966282655,180.72550337550456,0.6334394668641242,0.6228656053313586,0.505605331358756,0.4910921880784893
P3,leave_chemical_system_out,6,max_delta_volume,0.0370026543434835,0.0370026543434835,0.0313052467673264,0.0313052467673264,-0.5429588281452868,-0.5429588281452868,-0.1516099380706286,-0.1516099380706286,0.0475963738232091,0.0475963738232091,0.041119649113971,0.041119649113971,0.1084191040355423,0.1084191040355423,0.1581784524250277,0.1581784524250277
P3,leave_chemical_system_out,6,stability_charge,0.0568182741618553,0.0568182741618553,0.0530855853885997,0.0530855853885997,-0.5673062428054225,-0.5673062428054225,-0.4769943405059509,-0.4769943405059509,0.0780789906010082,0.0780789906010082,0.0757960675298724,0.0757960675298724,-0.0939756365260319,-0.0939756365260319,0.261591440870414,0.261591440870414
P3,leave_chemical_system_out,6,stability_discharge,0.025152476580842,0.025152476580842,0.0236800703061697,0.0236800703061697,-0.0002118193037399,-0.0002118193037399,-0.0046561473542074,-0.0046561473542074,0.0360599892808246,0.0360599892808246,0.0361400147245419,0.0361400147245419,0.5544282607594159,0.5544282607594159,0.5733184405895265,0.5733184405895265
P3,leave_chemical_system_out,6,stability_worst,0.0535947303424554,0.0576455870961943,0.0563407308668339,0.0543759218448207,-0.4421491148065064,-0.6047852055930603,-0.6133393304360517,-0.5475184701591274,0.0744476902753579,0.0785334362473278,0.0787424648374336,0.077119475129415,0.054325851685054,-0.0980472023323494,0.2063434475671136,0.2160444925108732
P3,leave_chemical_system_out,7,average_voltage,0.7398079680720951,0.7398079680720951,0.6856239690250355,0.6856239690250355,0.0508525040184404,0.0508525040184404,-0.1703181080102371,-0.1703181080102371,0.8936128356461881,0.8936128356461881,0.9922806157927944,0.9922806157927944,0.2107295689385242,0.2107295689385242,0.1817973071704415,0.1817973071704415
P3,leave_chemical_system_out,7,capacity_grav,52.49564015966725,52.49564015966725,50.82863837787999,50.82863837787999,0.5696071554377471,0.5696071554377471,0.6166904636413195,0.6166904636413195,69.7609376402406,69.7609376402406,65.83466046897748,65.83466046897748,0.7156018232120599,0.7156018232120599,0.7609400406580963,0.7609400406580963
P3,leave_chemical_system_out,7,energy_grav,240.1788489741603,239.07967833648632,222.2665479793396,221.76012509854567,0.4838700998088352,0.4984261328222418,0.5378369034518099,0.5471860809790001,300.39742144977026,296.1311828556521,284.25906491395403,281.36921242277623,0.6832898444838744,0.7055839682705355,0.7180670076192466,0.7005323035173784
P3,leave_chemical_system_out,7,max_delta_volume,0.0414665092352282,0.0414665092352282,0.0472681169067648,0.0472681169067648,0.1966092955644574,0.1966092955644574,0.0948696737361697,0.0948696737361697,0.0546504743451921,0.0546504743451921,0.0580077596470467,0.0580077596470467,0.2847093205302161,0.2847093205302161,0.4803047698570087,0.4803047698570087
P3,leave_chemical_system_out,7,stability_charge,0.0458042759675549,0.0458042759675549,0.0624445744374107,0.0624445744374107,-3.2417762509702106,-3.2417762509702106,-5.122164323851107,-5.122164323851107,0.0611366147986873,0.0611366147986873,0.0734480044501376,0.0734480044501376,-0.0295207577068121,-0.0295207577068121,-0.0058665720761062,-0.0058665720761062
P3,leave_chemical_system_out,7,stability_discharge,0.0345955766754447,0.0345955766754447,0.0406558021519209,0.0406558021519209,-0.1638280169732846,-0.1638280169732846,-0.2921973199114416,-0.2921973199114416,0.0491657427978253,0.0491657427978253,0.0518063051085859,0.0518063051085859,0.1603484201782997,0.1603484201782997,-0.1492366109383811,-0.1492366109383811
P3,leave_chemical_system_out,7,stability_worst,0.039599238280994,0.0330688935056932,0.0401369017010453,0.0338247456879097,-0.8647580290238042,-0.3545058929403617,-0.5192049025415253,-0.1372778829682353,0.0564526191015498,0.0481130958082342,0.050954322256965,0.0440865535643948,0.0998027325253456,0.2025070713717587,-0.0988842384381013,0.0664655721314998
P3,leave_chemical_system_out,8,average_voltage,0.6671851209724274,0.6671851209724274,0.6206981084331278,0.6206981084331278,-1.0107704177614476,-1.0107704177614476,-0.7481700847771666,-0.7481700847771666,0.8239442527430085,0.8239442527430085,0.7682603631079432,0.7682603631079432,0.0696456901110523,0.0696456901110523,0.2548915917503965,0.2548915917503965
P3,leave_chemical_system_out,8,capacity_grav,24.14033205273392,24.14033205273392,27.841571223201026,27.841571223201026,0.1719096676924277,0.1719096676924277,-0.0919555223546664,-0.0919555223546664,29.98020044008557,29.98020044008557,34.426918339548216,34.426918339548216,0.3299792301364417,0.3299792301364417,0.4643808828605542,0.4643808828605542
P3,leave_chemical_system_out,8,energy_grav,95.56348547804076,97.80111529960509,92.0896532234846,92.37052091007004,-0.0432891280549105,-0.1100538284391126,0.0317914333229584,0.0610028602562525,121.18810218009028,125.00565587135289,116.74602541270328,114.97138901184525,0.2426758328926493,0.2370703331570597,0.4217874140666314,0.3636700158646218
P3,leave_chemical_system_out,8,max_delta_volume,0.0381210072958279,0.0381210072958279,0.027187728224444,0.027187728224444,-1.6318804983409718,-1.6318804983409718,-0.5988715194972747,-0.5988715194972747,0.0454134385225331,0.0454134385225331,0.0353963178593807,0.0353963178593807,-0.0700158646218931,-0.0700158646218931,0.1638815441565309,0.1638815441565309
P3,leave_chemical_system_out,8,stability_charge,0.0492624412870597,0.0492624412870597,0.0508483804531113,0.0508483804531113,-0.5592071583272851,-0.5592071583272851,-0.5517812400094941,-0.5517812400094941,0.0605342310481656,0.0605342310481656,0.0603899080960895,0.0603899080960895,0.1314237718019829,0.1314237718019829,0.0084541607591918,0.0084541607591918
P3,leave_chemical_system_out,8,stability_discharge,0.0300393018285305,0.0300393018285305,0.030262547441543,0.030262547441543,-0.1623531527478845,-0.1623531527478845,-0.2392808998509796,-0.2392808998509796,0.0424133797908183,0.0424133797908183,0.0437944130969865,0.0437944130969865,0.447617090510926,0.447617090510926,0.3058796234410837,0.3058796234410837
P3,leave_chemical_system_out,8,stability_worst,0.0532541594338973,0.0452546558612622,0.0533813680255481,0.0470493022375879,-0.630913772914359,-0.3356326507528555,-0.728839617560977,-0.3613348566427186,0.0627085095000563,0.0567485137431145,0.064563688156359,0.0572919310327206,0.2307397373984763,0.2824882666316666,0.1179348187940871,0.0311231573364664
P3,leave_chemical_system_out,9,average_voltage,0.8279210302856929,0.8279210302856929,0.6013195327289839,0.6013195327289839,-0.3900552670822812,-0.3900552670822812,0.1920939059472225,0.1920939059472225,1.0545409040146514,1.0545409040146514,0.8039477761108772,0.8039477761108772,0.2566626650660264,0.2566626650660264,0.5058823529411763,0.5058823529411763
P3,leave_chemical_system_out,9,capacity_grav,66.0825195173719,66.0825195173719,58.58275491915781,58.58275491915781,0.2069564161642476,0.2069564161642476,0.4514490410448599,0.4514490410448599,83.67364481194842,83.67364481194842,69.59029036877423,69.59029036877423,0.5792283611179382,0.5792283611179382,0.6059501474423303,0.6059501474423303
P3,leave_chemical_system_out,9,energy_grav,265.4852783584799,279.4807101781851,175.0948463722602,188.2205765517509,-0.6946437431578318,-0.8789326641023305,0.1963330465459242,0.1138562968961244,338.6931887784631,356.6340987667783,233.2412240946213,244.9172275347677,0.4762064825930372,0.466890756302521,0.4912845138055222,0.4607442977190876
P3,leave_chemical_system_out,9,max_delta_volume,0.0740554431520748,0.0740554431520748,0.0699224653623814,0.0699224653623814,0.4777489787199933,0.4777489787199933,0.3044561295342882,0.3044561295342882,0.0936718646221529,0.0936718646221529,0.1081015149417648,0.1081015149417648,0.5782953181272509,0.5782953181272509,0.5760864345738295,0.5760864345738295
P3,leave_chemical_system_out,9,stability_charge,0.0815770712148989,0.0815770712148989,0.0521092770275615,0.0521092770275615,-3.1226031174889446,-3.1226031174889446,-1.0264463203717633,-1.0264463203717633,0.0993557488327643,0.0993557488327643,0.0696586076179909,0.0696586076179909,-0.0352579518442642,-0.0352579518442642,-0.1581804297318283,-0.1581804297318283
P3,leave_chemical_system_out,9,stability_discharge,0.0482148378528102,0.0482148378528102,0.0399237435150556,0.0399237435150556,-0.574678129994882,-0.574678129994882,-0.4262085805939666,-0.4262085805939666,0.0662421041724378,0.0662421041724378,0.0630419653446938,0.0630419653446938,-0.0454392872279519,-0.0454392872279519,0.0202433226698071,0.0202433226698071
P3,leave_chemical_system_out,9,stability_worst,0.0749758898877372,0.0770522278185356,0.0487049010754227,0.051248169433512,-1.4990436566691103,-1.7031386792089769,-0.4342339153495729,-0.5215656802700601,0.0902657714458034,0.093879407522171,0.0683826883987718,0.0704338663001105,-0.0297747684224077,-0.0402919850103227,0.0438937715130333,0.0073956682855657
P3,leave_chemical_system_out,10,average_voltage,0.8882610149942726,0.8882610149942726,0.7480088905256969,0.7480088905256969,-2.970906499368718,-2.970906499368718,-1.7786310019265832,-1.7786310019265832,1.062370353234609,1.062370353234609,0.8886823413966091,0.8886823413966091,0.3757142857142856,0.3757142857142856,0.238469387755102,0.238469387755102
P3,leave_chemical_system_out,10,capacity_grav,50.58186095421264,50.58186095421264,61.75312091399415,61.75312091399415,0.4259169038413243,0.4259169038413243,0.2000657690221525,0.2000657690221525,67.43544580051423,67.43544580051423,79.60273582622814,79.60273582622814,0.5791316373768562,0.5791316373768562,0.3858664947678454,0.3858664947678454
P3,leave_chemical_system_out,10,energy_grav,163.6187890385613,153.47122014734109,164.8331728918923,154.0083213754263,0.2822534398658169,0.3660331067407869,0.285517224966084,0.2769323179204094,197.49782693907477,185.61370984987423,197.04827764634905,198.22856498526767,0.5996938775510204,0.5934693877551019,0.4022448979591836,0.4425510204081632
P3,leave_chemical_system_out,10,max_delta_volume,0.0522426886040613,0.0522426886040613,0.0788759989347345,0.0788759989347345,-0.3225858649568993,-0.3225858649568993,-1.0227667168613317,-1.0227667168613317,0.0742936028176595,0.0742936028176595,0.0918781793645426,0.0918781793645426,0.3249999999999999,0.3249999999999999,0.1535714285714285,0.1535714285714285
P3,leave_chemical_system_out,10,stability_charge,0.0632483644224769,0.0632483644224769,0.0692433876316667,0.0692433876316667,-3.350214266742091,-3.350214266742091,-2.74084118984742,-2.74084118984742,0.0980187480591136,0.0980187480591136,0.0908946795255575,0.0908946795255575,0.2908404428596166,0.2908404428596166,-0.3486206080609304,-0.3486206080609304
P3,leave_chemical_system_out,10,stability_discharge,0.063028136602737,0.063028136602737,0.0377668819182159,0.0377668819182159,-8.782723061927399,-8.782723061927399,-1.1917081184647549,-1.1917081184647549,0.0925042371930185,0.0925042371930185,0.0437847732288201,0.0437847732288201,-0.0277111517059167,-0.0277111517059167,0.3894360933109586,0.3894360933109586
P3,leave_chemical_system_out,10,stability_worst,0.0649965885525509,0.0617207122974507,0.0601822644412514,0.0506708827544579,-6.462882122022831,-5.15546820318414,-3.5584743523542377,-2.207782689085192,0.1052825964208618,0.0956167200374999,0.082283556289804,0.0690248967172319,0.0250548556285794,-0.0118895750742545,-0.1648211480250744,-0.1504311902098821
P3,leave_chemical_system_out,11,average_voltage,0.5675081266317671,0.5675081266317671,0.7810751425503851,0.7810751425503851,-1.2469466436650565,-1.2469466436650565,-3.820233433868575,-3.820233433868575,0.712416295996105,0.712416295996105,1.0434496568579734,1.0434496568579734,-0.0551192993053458,-0.0551192993053458,-0.2736333434007852,-0.2736333434007852
P3,leave_chemical_system_out,11,capacity_grav,62.083767345478535,62.083767345478535,65.92233233256863,65.92233233256863,-0.1459814618052772,-0.1459814618052772,-0.2033954390871968,-0.2033954390871968,76.09992671147775,76.09992671147775,77.98294335460368,77.98294335460368,0.7344075015596159,0.7344075015596159,0.6120062512996799,0.6120062512996799
P3,leave_chemical_system_out,11,energy_grav,249.1053501498021,264.1946728587731,224.7128719843645,261.0246060575095,0.1860901865916544,0.0820100146433806,0.3197253544720622,0.0461767635907339,307.18698487759286,326.23731979730803,280.83860762245536,332.5436183258718,0.6964663243733011,0.6916339474479009,0.6028390214436725,0.5827544548474781
P3,leave_chemical_system_out,11,max_delta_volume,0.0650489114586505,0.0650489114586505,0.0612335726482246,0.0612335726482246,0.2804187620993372,0.2804187620993372,0.2887345210825617,0.2887345210825617,0.0780284566194339,0.0780284566194339,0.0775762829440976,0.0775762829440976,0.4690425853216551,0.4690425853216551,0.5137420718816068,0.5137420718816068
P3,leave_chemical_system_out,11,stability_charge,0.0705597072300216,0.0705597072300216,0.0417792589251997,0.0417792589251997,-5.791335286977292,-5.791335286977292,-1.6919231040729985,-1.6919231040729985,0.0815205078391626,0.0815205078391626,0.0513240140775737,0.0513240140775737,-0.189572590679004,-0.189572590679004,0.2432608792239154,0.2432608792239154
P3,leave_chemical_system_out,11,stability_discharge,0.0497942498777035,0.0497942498777035,0.0504884748118931,0.0504884748118931,-1.2570004665132757,-1.2570004665132757,-1.50952292202087,-1.50952292202087,0.0603676187952779,0.0603676187952779,0.0636551878987358,0.0636551878987358,0.0350360554483853,0.0350360554483853,0.08086986074401,0.08086986074401
P3,leave_chemical_system_out,11,stability_worst,0.0617081146621911,0.0586673767718547,0.046877156783369,0.0480766039463773,-2.1158299083850727,-1.8316525799298184,-1.0610290103635531,-1.142142279404026,0.0715054459107134,0.0681666940993651,0.0581559695934851,0.0592893111958675,-0.1075244460312515,-0.1001245894925839,0.0746781440483902,0.0040774719702862
P3,leave_chemical_system_out,12,average_voltage,0.5986365998047065,0.5986365998047065,0.934283702322986,0.934283702322986,-0.0407573230565632,-0.0407573230565632,-1.4266494271636612,-1.4266494271636612,0.7989909598339947,0.7989909598339947,1.220030386417618,1.220030386417618,0.174296435272045,0.174296435272045,0.0058161350844277,0.0058161350844277
P3,leave_chemical_system_out,12,capacity_grav,63.29191337796916,63.29191337796916,59.01964848372112,59.01964848372112,0.1617464043893745,0.1617464043893745,0.4337571177394858,0.4337571177394858,95.85814845832546,95.85814845832546,78.7848480293178,78.7848480293178,0.6177313770037828,0.6177313770037828,0.5555921623591233,0.5555921623591233
P3,leave_chemical_system_out,12,energy_grav,235.46488429110127,237.6341036218745,276.1694748199424,265.56803000335304,0.2192828458015645,0.2243138510953148,0.0874103033997556,0.0911410155054549,314.83971641590034,313.8236504058657,340.39285239709733,339.69636839062963,0.6146341463414635,0.6112570356472796,0.4876172607879925,0.4388367729831145
P3,leave_chemical_system_out,12,max_delta_volume,0.0424647011372151,0.0424647011372151,0.0845597674854564,0.0845597674854564,0.01251079783142,0.01251079783142,-2.61082203959049,-2.61082203959049,0.0594227167464756,0.0594227167464756,0.11362904797067,0.11362904797067,0.2540337711069418,0.2540337711069418,0.3575984990619137,0.3575984990619137
P3,leave_chemical_system_out,12,stability_charge,0.0762838339683822,0.0762838339683822,0.0821684185172582,0.0821684185172582,-0.4239980282681717,-0.4239980282681717,-0.6355772315585493,-0.6355772315585493,0.0943164464446074,0.0943164464446074,0.1010807053120857,0.1010807053120857,0.3908800969553027,0.3908800969553027,-0.1988177929544614,-0.1988177929544614
P3,leave_chemical_system_out,12,stability_discharge,0.0544756968455653,0.0544756968455653,0.0472201006792523,0.0472201006792523,-0.8202522349491486,-0.8202522349491486,-0.4181268953203958,-0.4181268953203958,0.0667122997242703,0.0667122997242703,0.0588840499426836,0.0588840499426836,0.2112966822715654,0.2112966822715654,0.1666353941892984,0.1666353941892984
P3,leave_chemical_system_out,12,stability_worst,0.0762812477553917,0.0772111324056739,0.0719474231624147,0.0810853415678446,-0.4658449479161846,-0.4934817781025264,-0.2771897890500192,-0.6105670374745746,0.0948094549195762,0.0956990433812044,0.0884983862168697,0.099379552235329,0.3999812417955965,0.3966973235542534,-0.0287108280528858,-0.20838806897209
P3,leave_chemical_system_out,13,average_voltage,0.3680810169230693,0.3680810169230693,0.4284219306688703,0.4284219306688703,-0.706273814884899,-0.706273814884899,-2.1248459914160405,-2.1248459914160405,0.4465982456097876,0.4465982456097876,0.6043756502057116,0.6043756502057116,0.4917004048582996,0.4917004048582996,0.3366396761133604,0.3366396761133604
P3,leave_chemical_system_out,13,capacity_grav,33.98020733713835,33.98020733713835,57.80116296476245,57.80116296476245,-0.0217739426976137,-0.0217739426976137,-1.2981148717735849,-1.2981148717735849,41.321051158851965,41.321051158851965,61.96976025472649,61.96976025472649,0.636209210407046,0.636209210407046,0.7873947405102187,0.7873947405102187
P3,leave_chemical_system_out,13,energy_grav,104.57047868939456,110.3113298314057,151.14619563662657,168.58642969862578,0.2625273658830105,0.1727414192374645,-0.1844298602116565,-0.4081997629277689,129.78360492586515,137.45720813192847,164.47562763826278,179.34076250778176,0.5331983805668016,0.4848178137651822,0.7414979757085021,0.7864372469635628
P3,leave_chemical_system_out,13,max_delta_volume,0.0250630501276648,0.0250630501276648,0.0183095024276783,0.0183095024276783,-10.782923594395807,-10.782923594395807,-3.3998064682244804,-3.3998064682244804,0.0345990278056717,0.0345990278056717,0.0211423935153352,0.0211423935153352,0.5834008097165992,0.5834008097165992,0.5834008097165992,0.5834008097165992
P3,leave_chemical_system_out,13,stability_charge,0.0331174461909863,0.0331174461909863,0.0525741273257853,0.0525741273257853,-0.1278194530212728,-0.1278194530212728,-0.950817996628362,-0.950817996628362,0.0537478809390137,0.0537478809390137,0.0706886898611622,0.0706886898611622,-0.2295546558704453,-0.2295546558704453,-0.2091093117408907,-0.2091093117408907
P3,leave_chemical_system_out,13,stability_discharge,0.0328472268331127,0.0328472268331127,0.0188944770789135,0.0188944770789135,-0.3964721907057289,-0.3964721907057289,0.0419765732399236,0.0419765732399236,0.0540159390130666,0.0540159390130666,0.0447397804968483,0.0447397804968483,-0.0157894736842105,-0.0157894736842105,-0.1906882591093117,-0.1906882591093117
P3,leave_chemical_system_out,13,stability_worst,0.0383561760104997,0.0331174461909863,0.0356447846175086,0.0487384298823459,-0.2474265486341955,-0.1278194530212728,-0.2634271836986737,-0.7817949578722225,0.0565261032240383,0.0537478809390137,0.0568874758701272,0.0675570098072151,-0.0728744939271255,-0.2295546558704453,-0.2997975708502025,-0.2281376518218623
P3,leave_chemical_system_out,14,average_voltage,0.6640038863701258,0.6640038863701258,0.5790840229210653,0.5790840229210653,-0.4171620928318749,-0.4171620928318749,-0.2998738977688227,-0.2998738977688227,0.915876019595761,0.915876019595761,0.8771574088919586,0.8771574088919586,0.2744939271255061,0.2744939271255061,0.227327935222672,0.227327935222672
P3,leave_chemical_system_out,14,capacity_grav,25.053702289805667,25.053702289805667,21.313897393882648,21.313897393882648,0.5751177647796806,0.5751177647796806,0.7556241994692792,0.7556241994692792,35.30257165401817,35.30257165401817,26.773253822457303,26.773253822457303,0.7429280599217603,0.7429280599217603,0.8540731805434159,0.8540731805434159
P3,leave_chemical_system_out,14,energy_grav,139.17198165800485,128.99930615845557,130.05713529510703,115.875868694416,0.3470876482458764,0.432906673411031,0.4383729674886132,0.4889091508913628,166.52866176562878,155.19896406054988,154.4491602587448,147.33658596357796,0.6396761133603239,0.6619433198380568,0.6366396761133604,0.741093117408907
P3,leave_chemical_system_out,14,max_delta_volume,0.0360981479475951,0.0360981479475951,0.02934563866133,0.02934563866133,-0.7975517857325254,-0.7975517857325254,-0.0777099839423312,-0.0777099839423312,0.0453123972220726,0.0453123972220726,0.0350854690202187,0.0350854690202187,0.0218623481781376,0.0218623481781376,0.3074898785425101,0.3074898785425101
P3,leave_chemical_system_out,14,stability_charge,0.0569341611804547,0.0569341611804547,0.0583141290523812,0.0583141290523812,-2.874493202812102,-2.874493202812102,-2.8549815067539703,-2.8549815067539703,0.0644154251732243,0.0644154251732243,0.0642530245071893,0.0642530245071893,0.2309446095639697,0.2309446095639697,0.4213726209588221,0.4213726209588221
P3,leave_chemical_system_out,14,stability_discharge,0.0280406506079527,0.0280406506079527,0.0292088765361009,0.0292088765361009,-0.6391828737909313,-0.6391828737909313,-0.6316299431224253,-0.6316299431224253,0.0331249809194258,0.0331249809194258,0.0330485771338337,0.0330485771338337,0.1883698570153694,0.1883698570153694,0.5553924800877658,0.5553924800877658
P3,leave_chemical_system_out,14,stability_worst,0.0496739286505556,0.04485094931036,0.0600822551405214,0.0434564679370888,-2.21909285730128,-1.6810371355787668,-4.080957254010124,-1.4324224662463805,0.0551328547828074,0.0503147296396721,0.0692654243509616,0.047925122498579,0.4385849491926898,0.6069133061064779,0.3574067518115366,0.7423452613383771
P3,leave_chemical_system_out,15,average_voltage,0.5310877005764699,0.5310877005764699,0.4937354044330896,0.4937354044330896,-0.2829923574939805,-0.2829923574939805,-0.1280231002942204,-0.1280231002942204,0.6443229046800171,0.6443229046800171,0.604158002166539,0.604158002166539,-0.122077922077922,-0.122077922077922,-0.0472116119174942,-0.0472116119174942
P3,leave_chemical_system_out,15,capacity_grav,69.13816519534926,69.13816519534926,65.87588845505076,65.87588845505076,0.2315346296445143,0.2315346296445143,0.2923828066808508,0.2923828066808508,79.38040076640176,79.38040076640176,76.17287100728211,76.17287100728211,0.721016014359271,0.721016014359271,0.54068553473908,0.54068553473908
P3,leave_chemical_system_out,15,energy_grav,174.53072219562392,109.4696961193769,158.38460007676693,119.43159933249736,-1.2001830621920444,0.1322706845384972,-0.7264307480265659,-0.0196984900645367,209.8341925827752,131.7768083256836,185.87519226403575,142.85082001298525,0.5795263559969441,0.5199388846447669,0.3552330022918257,0.1101604278074866
P3,leave_chemical_system_out,15,max_delta_volume,0.043862274412278,0.043862274412278,0.0485963667316954,0.0485963667316954,0.0454665857143439,0.0454665857143439,-0.0404406684923257,-0.0404406684923257,0.0728398143359548,0.0728398143359548,0.0760469712502612,0.0760469712502612,0.4157372039724981,0.4157372039724981,0.0796027501909854,0.0796027501909854
P3,leave_chemical_system_out,15,stability_charge,0.055044641237505,0.055044641237505,0.0476747917261641,0.0476747917261641,-0.5577265218944198,-0.5577265218944198,-0.5160608160272093,-0.5160608160272093,0.0632987616088838,0.0632987616088838,0.062446473519928,0.062446473519928,-0.0256782594214936,-0.0256782594214936,-0.0081008794603521,-0.0081008794603521
P3,leave_chemical_system_out,15,stability_discharge,0.0623976010950336,0.0623976010950336,0.0365316681872195,0.0365316681872195,-4.063195416724399,-4.063195416724399,-1.018152022734855,-1.018152022734855,0.068574321882963,0.068574321882963,0.0432938407824194,0.0432938407824194,0.2362386011508324,0.2362386011508324,0.1597859794191714,0.1597859794191714
P3,leave_chemical_system_out,15,stability_worst,0.0617217013304935,0.0483797324233067,0.0419164336154822,0.039986929144711,-1.5375469044731327,-0.5358330102706379,-0.1185519557761771,-0.1279125961824425,0.0730412756493291,0.0568241972324507,0.0484941544044804,0.0486966441486998,0.1751222514334302,-0.000916870426353,0.0880195609298916,0.0793092918795378
P3,leave_chemical_system_out,16,average_voltage,0.4420634374480979,0.4420634374480979,0.5033964238545104,0.5033964238545104,-0.121444988991088,-0.121444988991088,-0.6636550670695336,-0.6636550670695336,0.5246933672633354,0.5246933672633354,0.6390697051054302,0.6390697051054302,0.3527883880825057,0.3527883880825057,0.0624904507257448,0.0624904507257448
P3,leave_chemical_system_out,16,capacity_grav,67.14771291561551,67.14771291561551,72.66426451837441,72.66426451837441,0.3644022535933345,0.3644022535933345,0.1496128589688203,0.1496128589688203,100.11853078947198,100.11853078947198,115.80615322150317,115.80615322150317,0.7470965857400006,0.7470965857400006,0.7738386398419642,0.7738386398419642
P3,leave_chemical_system_out,16,energy_grav,238.29893089463508,226.84330560442345,247.09321620962896,233.5109859727149,0.3084795875218707,0.4134815800147021,0.1081313916019981,0.1883915305077291,331.2622955645086,305.0776082474316,376.2009985845682,358.8746568007507,0.7051184110007638,0.7258976317799846,0.7307868601986248,0.7503437738731855
P3,leave_chemical_system_out,16,max_delta_volume,0.0633167077090476,0.0633167077090476,0.0628234907233781,0.0628234907233781,0.1203364356317213,0.1203364356317213,-0.1315654786646969,-0.1315654786646969,0.0955985406175223,0.0955985406175223,0.1084258424966235,0.1084258424966235,0.4615737203972498,0.4615737203972498,0.1614973262032085,0.1614973262032085
P3,leave_chemical_system_out,16,stability_charge,0.0574419353150225,0.0574419353150225,0.0597258884371937,0.0597258884371937,0.0602160605601758,0.0602160605601758,-0.0332012335129958,-0.0332012335129958,0.1001994583500319,0.1001994583500319,0.1050615545190257,0.1050615545190257,0.2272136915485954,0.2272136915485954,0.029032011697534,0.029032011697534
P3,leave_chemical_system_out,16,stability_discharge,0.0339964763994833,0.0339964763994833,0.0229898420272273,0.0229898420272273,-1.0794494200001583,-1.0794494200001583,-0.1433825360592753,-0.1433825360592753,0.0446903286485675,0.0446903286485675,0.0331386754049564,0.0331386754049564,-0.0639143917676685,-0.0639143917676685,0.259786008644184,0.259786008644184
P3,leave_chemical_system_out,16,stability_worst,0.05836708858644,0.0571211963829072,0.060699173346156,0.0594051495050784,0.0261476523081789,0.0590650676006696,-0.0126385800377624,-0.0344855894458653,0.1017968172867329,0.1000615988657933,0.1038041882809301,0.1049179665244281,0.1644128662449823,0.2330200938881023,0.0441592177925649,0.0400336161302838
P3,leave_chemical_system_out,17,average_voltage,0.7959933597909662,0.7959933597909662,0.7099155025211905,0.7099155025211905,-0.3503398240441753,-0.3503398240441753,-0.120203826504929,-0.120203826504929,0.9262794111130056,0.9262794111130056,0.8436629919357843,0.8436629919357843,0.5705645161290324,0.5705645161290324,0.3697580645161291,0.3697580645161291
P3,leave_chemical_system_out,17,capacity_grav,42.05339193687941,42.05339193687941,40.29348288943071,40.29348288943071,0.3941841216889938,0.3941841216889938,0.3930886049702226,0.3930886049702226,49.266485467907685,49.266485467907685,49.31101044861723,49.31101044861723,0.6367776725812784,0.6367776725812784,0.7211966599390247,0.7211966599390247
P3,leave_chemical_system_out,17,energy_grav,226.76380793004512,195.91192797949532,187.677143426743,176.73503367332407,-0.5565687530845851,-0.2283791379835875,-0.1048090611684113,-0.0382935419710919,262.4568007986907,233.1524012871197,221.1145342295028,214.3550665542081,0.5645161290322581,0.5600806451612904,0.5669354838709678,0.6137096774193549
P3,leave_chemical_system_out,17,max_delta_volume,0.0347054371357375,0.0347054371357375,0.0315923397002675,0.0315923397002675,-1.5853934793567177,-1.5853934793567177,-1.5378257390583552,-1.5378257390583552,0.0415409007448635,0.0415409007448635,0.0411569784631979,0.0411569784631979,-0.319758064516129,-0.319758064516129,-0.3241935483870968,-0.3241935483870968
P3,leave_chemical_system_out,17,stability_charge,0.1057368234979264,0.1057368234979264,0.0793789554195285,0.0793789554195285,-0.3226044100544349,-0.3226044100544349,-0.1160866671821092,-0.1160866671821092,0.2112496208330855,0.2112496208330855,0.1940572688774618,0.1940572688774618,0.189516129032258,0.189516129032258,0.2104838709677419,0.2104838709677419
P3,leave_chemical_system_out,17,stability_discharge,0.0887697445589315,0.0887697445589315,0.0750844088931615,0.0750844088931615,-0.0807565171188027,-0.0807565171188027,-0.0555510578575499,-0.0555510578575499,0.1952037526219314,0.1952037526219314,0.1929140477127918,0.1929140477127918,0.2241935483870967,0.2241935483870967,0.5153225806451613,0.5153225806451613
P3,leave_chemical_system_out,17,stability_worst,0.0998594162448065,0.1072177256306294,0.0736508438936543,0.0846718643075113,-0.2056252675750562,-0.2193226280416627,-0.0217279639779457,-0.1406796723578212,0.2105111806324305,0.2117036340148959,0.1937923531390239,0.2047626999304602,0.0342741935483871,0.1185483870967742,0.1935483870967742,0.2318548387096774
P3,leave_chemical_system_out,18,average_voltage,0.820809428889973,0.820809428889973,1.0618706822494668,1.0618706822494668,-0.6803795944815638,-0.6803795944815638,-1.800727140537488,-1.800727140537488,1.0102567798641982,1.0102567798641982,1.3042578944832697,1.3042578944832697,0.169758064516129,0.169758064516129,-0.2330645161290322,-0.2330645161290322
P3,leave_chemical_system_out,18,capacity_grav,63.79513149231751,63.79513149231751,59.26847032147325,59.26847032147325,0.266327095498275,0.266327095498275,0.3059569595128835,0.3059569595128835,78.50722957082901,78.50722957082901,76.3574846570571,76.3574846570571,0.4888940143886426,0.4888940143886426,0.5900653903525873,0.5900653903525873
P3,leave_chemical_system_out,18,energy_grav,225.95319953833592,224.3245213582474,184.0722750770663,234.200089968238,0.1033679835624507,0.0877803437486383,0.3117121049860903,-0.045088967937543,278.4247124791883,280.8344435437074,243.94151939092103,300.59191161457017,0.6016129032258066,0.5883064516129033,0.6354838709677421,0.5209677419354839
P3,leave_chemical_system_out,18,max_delta_volume,0.0551760033304637,0.0551760033304637,0.0467853108843033,0.0467853108843033,-0.1083379664947923,-0.1083379664947923,0.3203904406721068,0.3203904406721068,0.0824438969359562,0.0824438969359562,0.0645583089671004,0.0645583089671004,0.2951612903225806,0.2951612903225806,0.530241935483871,0.530241935483871
P3,leave_chemical_system_out,18,stability_charge,0.0670653751799385,0.0670653751799385,0.0561168639493191,0.0561168639493191,-2.411108327541324,-2.411108327541324,-0.6138970583108703,-0.6138970583108703,0.0972686895621047,0.0972686895621047,0.0669057162164975,0.0669057162164975,0.0597135473488782,0.0597135473488782,-0.245511442985084,-0.245511442985084
P3,leave_chemical_system_out,18,stability_discharge,0.0466438701975803,0.0466438701975803,0.0420329707384522,0.0420329707384522,-0.6467864166489548,-0.6467864166489548,-0.0759327568871564,-0.0759327568871564,0.0619446610359882,0.0619446610359882,0.0500700249355922,0.0500700249355922,-0.2145458923499872,-0.2145458923499872,0.2585863862598717,0.2585863862598717
P3,leave_chemical_system_out,18,stability_worst,0.0568389089025151,0.0618196442351031,0.0527928885767828,0.0457781496948173,-1.6438337374249667,-2.0902350872830606,-0.7912748461848225,-0.2582141452684936,0.0840188501877364,0.0908354607412332,0.0691577375916004,0.0579611435602819,0.1334811983797319,0.1344893645306362,-0.0873071886683141,0.022179655319895
P3,leave_chemical_system_out,19,average_voltage,0.7266467463187938,0.7266467463187938,0.8006987801196601,0.8006987801196601,-0.3929342826533342,-0.3929342826533342,-0.7526437200711851,-0.7526437200711851,0.9010099784446856,0.9010099784446856,1.0106740329080444,1.0106740329080444,0.1507389162561576,0.1507389162561576,0.0364532019704433,0.0364532019704433
P3,leave_chemical_system_out,19,capacity_grav,54.7193637006512,54.7193637006512,46.369530883895855,46.369530883895855,0.331120329350164,0.331120329350164,0.4325218408268524,0.4325218408268524,64.98508991452779,64.98508991452779,59.85691111157247,59.85691111157247,0.63700257902739,0.63700257902739,0.5181808905246029,0.5181808905246029
P3,leave_chemical_system_out,19,energy_grav,146.93755565331654,144.7997354597862,180.3657016768329,144.85981132461933,0.4136598602585621,0.4210046432655523,0.1385789422897897,0.3191186609438297,197.92123315451295,196.67769757484936,239.8972762513839,213.281551289394,0.6985221674876845,0.6896551724137929,0.402463054187192,0.5497536945812806
P3,leave_chemical_system_out,19,max_delta_volume,0.0602450120790191,0.0602450120790191,0.0577875929057255,0.0577875929057255,0.3103190059983273,0.3103190059983273,0.3703674468025746,0.3703674468025746,0.0809666202036604,0.0809666202036604,0.0773616045353028,0.0773616045353028,0.302463054187192,0.302463054187192,0.3103448275862068,0.3103448275862068
P3,leave_chemical_system_out,19,stability_charge,0.0661411824786727,0.0661411824786727,0.0892756786452237,0.0892756786452237,0.2715221953703932,0.2715221953703932,-0.1297236887919235,-0.1297236887919235,0.0950544318962381,0.0950544318962381,0.1183723654364014,0.1183723654364014,0.5933617896302515,0.5933617896302515,0.3040855760501123,0.3040855760501123
P3,leave_chemical_system_out,19,stability_discharge,0.0708062036739933,0.0708062036739933,0.0742120328917521,0.0742120328917521,0.1589589079727121,0.1589589079727121,-0.1918005111816059,-0.1918005111816059,0.100433435601665,0.100433435601665,0.1195560327172315,0.1195560327172315,0.454376035709455,0.454376035709455,0.6160862842261386,0.6160862842261386
P3,leave_chemical_system_out,19,stability_worst,0.0628908090266103,0.0635560343721232,0.081990055314095,0.0893605889895922,0.2224867680364807,0.2166790637493144,-0.0314753775959746,-0.2581482514469526,0.0937468404757825,0.0940963142678713,0.1079772290005912,0.1192528191383811,0.6066370202339983,0.5780197390842856,0.4990755152230087,0.3352662507108596
P3,leave_chemical_system_out,20,average_voltage,0.5995533256845428,0.5995533256845428,0.3993707925053135,0.3993707925053135,0.5192484097058006,0.5192484097058006,0.7093197882331143,0.7093197882331143,0.7116499460021659,0.7116499460021659,0.5533676797376411,0.5533676797376411,0.8007662835249042,0.8007662835249042,0.9064039408866994,0.9064039408866994
P3,leave_chemical_system_out,20,capacity_grav,38.9865027645354,38.9865027645354,42.69257337928519,42.69257337928519,0.2844817071177044,0.2844817071177044,0.3088305846759579,0.3088305846759579,55.61774804769294,55.61774804769294,54.663229441757714,54.663229441757714,0.4511972612208834,0.4511972612208834,0.5358663769067775,0.5358663769067775
P3,leave_chemical_system_out,20,energy_grav,172.56633599170763,173.27605175368902,162.3180936399622,167.54600448871233,0.3314238730482541,0.2944340021712237,0.295154914122528,0.2849238793837683,221.71469431526592,227.7654606633883,227.64907126312755,229.29531563024503,0.2873563218390804,0.1921182266009852,0.4614121510673235,0.4920634920634921
P3,leave_chemical_system_out,20,max_delta_volume,0.0229103892081163,0.0229103892081163,0.0377217863636832,0.0377217863636832,0.4063684000872157,0.4063684000872157,-0.6181194626846669,-0.6181194626846669,0.0289988096564355,0.0289988096564355,0.0478770029949654,0.0478770029949654,0.5539135194307608,0.5539135194307608,0.0804597701149425,0.0804597701149425
P3,leave_chemical_system_out,20,stability_charge,0.054316368649886,0.054316368649886,0.0398087201551721,0.0398087201551721,-0.2774718423412403,-0.2774718423412403,0.3607652013614125,0.3607652013614125,0.0730468984943319,0.0730468984943319,0.0516721244214797,0.0516721244214797,0.3919529255262587,0.3919529255262587,0.6232379968039744,0.6232379968039744
P3,leave_chemical_system_out,20,stability_discharge,0.0263170771128671,0.0263170771128671,0.0226311817938018,0.0226311817938018,-1.404365816427419,-1.404365816427419,-0.9258545553331992,-0.9258545553331992,0.0342327600265878,0.0342327600265878,0.0306375043439436,0.0306375043439436,0.4247981427491296,0.4247981427491296,0.222252636541426,0.222252636541426
P3,leave_chemical_system_out,20,stability_worst,0.0536894528073567,0.0522573155792769,0.0435179631677657,0.0395286491725662,-0.3345634391656444,-0.3346307560826773,0.2159034114773771,0.3366481646413899,0.0722636511543425,0.0722654736622595,0.0553904726930807,0.0509474271217175,0.2912275927094548,0.2912275927094548,0.491309707625443,0.6144792722112088
P3,leave_chemical_system_out,21,average_voltage,0.9312039072469454,0.9312039072469454,1.0870095164583131,1.0870095164583131,-0.9432340486748678,-0.9432340486748678,-1.6659927932327587,-1.6659927932327587,1.055475309291561,1.055475309291561,1.2362747755168355,1.2362747755168355,0.4066776135741652,0.4066776135741652,0.4466338259441708,0.4466338259441708
P3,leave_chemical_system_out,21,capacity_grav,32.84745142509005,32.84745142509005,54.42416361307449,54.42416361307449,0.5041835566682121,0.5041835566682121,-0.2092714177232955,-0.2092714177232955,42.00508864929876,42.00508864929876,65.59992408251549,65.59992408251549,0.615047978541042,0.615047978541042,0.5097991265981899,0.5097991265981899
P3,leave_chemical_system_out,21,energy_grav,115.36808823619022,118.33731176640744,329.30314066833523,307.74146430462395,0.5358633631327765,0.5553008962395196,-1.5474097325042449,-1.2902431191211678,152.92251819023497,149.68615836936397,358.259666528173,339.69512081811234,0.692391899288451,0.7372742200328407,0.6496989600437876,0.7192118226600985
P3,leave_chemical_system_out,21,max_delta_volume,0.0537285449107362,0.0537285449107362,0.04245861166688,0.04245861166688,-3.1149445688776582,-3.1149445688776582,-1.042733646328916,-1.042733646328916,0.069309686499192,0.069309686499192,0.0488334953608159,0.0488334953608159,-0.1362889983579638,-0.1362889983579638,0.2309797482211275,0.2309797482211275
P3,leave_chemical_system_out,21,stability_charge,0.0807564882358734,0.0807564882358734,0.1410256733301191,0.1410256733301191,-0.0532311386704047,-0.0532311386704047,-0.7290495667110442,-0.7290495667110442,0.1292152280424593,0.1292152280424593,0.1655600598848436,0.1655600598848436,-0.0191570881226053,-0.0191570881226053,0.0509031198686371,0.0509031198686371
P3,leave_chemical_system_out,21,stability_discharge,0.0607654096564437,0.0607654096564437,0.1025136436136773,0.1025136436136773,-0.1382359094532175,-0.1382359094532175,-0.7177032169528503,-0.7177032169528503,0.1049763969044935,0.1049763969044935,0.128958384976243,0.128958384976243,0.1959496442255062,0.1959496442255062,0.0016420361247947,0.0016420361247947
P3,leave_chemical_system_out,21,stability_worst,0.0800087685594374,0.0741501580469413,0.158383520240559,0.1358788129743815,-0.0875027152228518,-0.0482800147379918,-1.0689797950350286,-0.6531395702566463,0.1291625094758531,0.1268118832963216,0.1781555777960048,0.1592487602404949,0.2036124794745484,0.2118226600985221,0.0618500273672687,0.0432402846195949
P3,leave_chemical_system_out,22,average_voltage,0.4437774590475178,0.4437774590475178,0.4383287718875147,0.4383287718875147,0.4426446025435724,0.4426446025435724,0.5165075803835611,0.5165075803835611,0.5692723002898438,0.5692723002898438,0.5302110585126198,0.5302110585126198,0.6912972085385879,0.6912972085385879,0.6929392446633825,0.6929392446633825
P3,leave_chemical_system_out,22,capacity_grav,21.02513282267674,21.02513282267674,19.20532803281085,19.20532803281085,0.2229620450385504,0.2229620450385504,0.1994967763306907,0.1994967763306907,27.43869846153063,27.43869846153063,27.84991879840954,27.84991879840954,0.5275604216633265,0.5275604216633265,0.6370974901394721,0.6370974901394721
P3,leave_chemical_system_out,22,energy_grav,75.61656270193237,73.05757138746743,69.20771916091512,59.70738756365306,-0.0260747386053252,0.0860061876987485,0.0012780379724229,0.008087440073046,91.36416212762524,86.22992448356598,90.13815782734576,89.83034605180546,0.3601532567049808,0.1756978653530377,0.4159824849480021,0.4592227695675971
P3,leave_chemical_system_out,22,max_delta_volume,0.0330635581435863,0.0330635581435863,0.0362195117589213,0.0362195117589213,-0.0306907727211085,-0.0306907727211085,-0.1649187592117085,-0.1649187592117085,0.0428884752348138,0.0428884752348138,0.0455957361656469,0.0455957361656469,0.3366174055829228,0.3366174055829228,0.1351943076081007,0.1351943076081007
P3,leave_chemical_system_out,22,stability_charge,0.0383184612374777,0.0383184612374777,0.0328335471470633,0.0328335471470633,-0.6234565417549567,-0.6234565417549567,-0.2912835702307643,-0.2912835702307643,0.0430148287375891,0.0430148287375891,0.0383626568400644,0.0383626568400644,0.4075544037071224,0.4075544037071224,0.3859313023687324,0.3859313023687324
P3,leave_chemical_system_out,22,stability_discharge,0.016179131124767,0.016179131124767,0.0165445730844653,0.0165445730844653,-0.0409942068642597,-0.0409942068642597,-0.0884490190473759,-0.0884490190473759,0.0211345265793181,0.0211345265793181,0.0216108781055382,0.0216108781055382,0.023535851122058,0.023535851122058,0.2227695675971538,0.2227695675971538
P3,leave_chemical_system_out,22,stability_worst,0.0348331363280066,0.0341590374648732,0.0368649484230891,0.0284311814322662,-1.2049310425538389,-1.0788582209852935,-1.4908768586261043,-0.5037421059064067,0.0387137644166283,0.0375906930418212,0.0411475542003813,0.031970879032254,-0.0952380952380952,-0.0487137383689107,-0.0197044334975369,0.1494252873563218
P3,leave_chemical_system_out,23,average_voltage,0.4043017582384191,0.4043017582384191,0.4250467654413788,0.4250467654413788,0.6607966859520766,0.6607966859520766,0.6187580935432588,0.6187580935432588,0.5071475220176231,0.5071475220176231,0.5376561040911576,0.5376561040911576,0.7602627257799672,0.7602627257799672,0.7038861521620142,0.7038861521620142
P3,leave_chemical_system_out,23,capacity_grav,21.25016976984721,21.25016976984721,28.087876686810272,28.087876686810272,-0.5465412432881,-0.5465412432881,-1.261402077869,-1.261402077869,28.710039759040665,28.710039759040665,34.71697959831852,34.71697959831852,0.3687654414931577,0.3687654414931577,-0.0104497291399999,-0.0104497291399999
P3,leave_chemical_system_out,23,energy_grav,103.78848329553507,103.79459389559784,131.20124380455505,107.26319970218186,-0.8928449916771675,-0.9597196523081044,-1.707517750957054,-1.091233932605173,125.24186797386396,127.43507685903371,149.78822266708872,131.641650849811,0.4926108374384236,0.3612479474548439,0.3563218390804598,0.2649151614668855
P3,leave_chemical_system_out,23,max_delta_volume,0.0303704340728082,0.0303704340728082,0.0389103351494745,0.0389103351494745,-0.4767622849649013,-0.4767622849649013,-1.4208616171421142,-1.4208616171421142,0.0371511345578233,0.0371511345578233,0.0475665625064056,0.0475665625064056,0.5599343185550082,0.5599343185550082,0.5818281335522714,0.5818281335522714
P3,leave_chemical_system_out,23,stability_charge,0.0392646531142746,0.0392646531142746,0.0371400069729046,0.0371400069729046,0.1322969874430137,0.1322969874430137,0.113056083005483,0.113056083005483,0.057560213477239,0.057560213477239,0.0581948995753398,0.0581948995753398,0.5465499176657779,0.5465499176657779,0.7267251911247368,0.7267251911247368
P3,leave_chemical_system_out,23,stability_discharge,0.0202270633703739,0.0202270633703739,0.0199416384586076,0.0199416384586076,0.1006888396742462,0.1006888396742462,0.1990800367269861,0.1990800367269861,0.0244557954160203,0.0244557954160203,0.0230792324095611,0.0230792324095611,0.7393210309106214,0.7393210309106214,0.6582695401144941,0.6582695401144941
P3,leave_chemical_system_out,23,stability_worst,0.033296762153733,0.038743852005892,0.0326132554301983,0.0356091753119118,-0.0662140864047153,-0.2560933873686912,0.0257228784415405,-0.2640561332635445,0.0519634086399655,0.0564009460032789,0.0496725751996501,0.056579434680331,0.2699890875843972,-0.0355969385253262,0.5169770764293531,-0.0487404235192928
P3,leave_chemical_system_out,24,average_voltage,0.372375632498079,0.372375632498079,0.3661350062705413,0.3661350062705413,-0.0466762072268109,-0.0466762072268109,0.0821884157972463,0.0821884157972463,0.4981357241615394,0.4981357241615394,0.4664641588699697,0.4664641588699697,0.4126984126984126,0.4126984126984126,0.3876678876678876,0.3876678876678876
P3,leave_chemical_system_out,24,capacity_grav,39.79493024221821,39.79493024221821,56.33974133325536,56.33974133325536,0.4432145022783355,0.4432145022783355,0.001129955565164,0.001129955565164,51.04537838022422,51.04537838022422,68.37021797443404,68.37021797443404,0.7571038927379551,0.7571038927379551,0.7989615332969139,0.7989615332969139
P3,leave_chemical_system_out,24,energy_grav,116.70070531842497,119.87489932196124,169.70667272187018,178.75902427345923,0.4820710262628761,0.488921583646891,0.1064996514260434,0.0184147382681005,168.43815534961445,167.32049603173576,221.2344404918475,231.88325480565555,0.833943833943834,0.8345543345543345,0.7796092796092796,0.7783882783882784
P3,leave_chemical_system_out,24,max_delta_volume,0.036220318188459,0.036220318188459,0.033246698608097,0.033246698608097,-0.5126437994141484,-0.5126437994141484,-0.2776120035579759,-0.2776120035579759,0.0471670532140494,0.0471670532140494,0.0433480834063479,0.0433480834063479,0.2368742368742368,0.2368742368742368,0.4981684981684982,0.4981684981684982
P3,leave_chemical_system_out,24,stability_charge,0.029414008307265,0.029414008307265,0.0452109034666255,0.0452109034666255,0.1502213453705603,0.1502213453705603,-0.9098330931578302,-0.9098330931578302,0.0367950534126836,0.0367950534126836,0.0551612673803493,0.0551612673803493,0.2881562881562881,0.2881562881562881,-0.2185592185592185,-0.2185592185592185
P3,leave_chemical_system_out,24,stability_discharge,0.0340028679758173,0.0340028679758173,0.0332172602153298,0.0332172602153298,-0.2766701121263919,-0.2766701121263919,-0.1046090043263154,-0.1046090043263154,0.0430434374905559,0.0430434374905559,0.0400379553680777,0.0400379553680777,0.0568112506733334,0.0568112506733334,0.1814294779567744,0.1814294779567744
P3,leave_chemical_system_out,24,stability_worst,0.027081417062405,0.0300784982628653,0.0372151023579858,0.0393585260573587,-0.0120895858012599,-0.2193350183819478,-0.7183992507598433,-0.7075396130658653,0.0372531294468871,0.0408897830916005,0.0485417378807271,0.0483881120080079,0.2979242979242979,0.1391941391941391,-0.2191697191697191,-0.1678876678876678
P3,leave_chemical_system_out,25,average_voltage,1.0138668042244452,1.0138668042244452,1.1693222467997533,1.1693222467997533,-6.83377712645648,-6.83377712645648,-9.30496698238915,-9.30496698238915,1.064388167989068,1.064388167989068,1.220780924990298,1.220780924990298,0.5849572649572649,0.5849572649572649,0.3593162393162392,0.3593162393162392
P3,leave_chemical_system_out,25,capacity_grav,14.082147123461793,14.082147123461793,17.31906306830828,17.31906306830828,0.4840210284116573,0.4840210284116573,0.3193053617329624,0.3193053617329624,19.382855318697725,19.382855318697725,22.26270428425921,22.26270428425921,0.7352839725574791,0.7352839725574791,0.7174694915121437,0.7174694915121437
P3,leave_chemical_system_out,25,energy_grav,72.4727809187781,86.93880768115449,119.67501750028026,127.8419604176639,0.1917424420799707,-0.0278667215281154,-0.3954897335704657,-0.6367106365461079,104.19024662912156,117.49532357272912,136.9037996493171,148.26482567025238,0.63008547008547,0.6656410256410256,0.71008547008547,0.6916239316239315
P3,leave_chemical_system_out,25,max_delta_volume,0.0220820759615018,0.0220820759615018,0.0341686920469174,0.0341686920469174,-0.2542779751338306,-0.2542779751338306,-1.8315311587644425,-1.8315311587644425,0.0261585735986269,0.0261585735986269,0.0393031929166814,0.0393031929166814,0.3969230769230768,0.3969230769230768,0.1904273504273504,0.1904273504273504
P3,leave_chemical_system_out,25,stability_charge,0.027822989098812,0.027822989098812,0.0335550531436377,0.0335550531436377,-0.5014388790031787,-0.5014388790031787,-1.2851071127054243,-1.2851071127054243,0.0358897360681879,0.0358897360681879,0.0442761364171361,0.0442761364171361,-0.0352257202542921,-0.0352257202542921,0.0735294160647845,0.0735294160647845
P3,leave_chemical_system_out,25,stability_discharge,0.0243469384739331,0.0243469384739331,0.019966721906737,0.019966721906737,-2.1434315386351206,-2.1434315386351206,-1.1681403731534643,-1.1681403731534643,0.0298657854633135,0.0298657854633135,0.0248036523864739,0.0248036523864739,0.1522408840805914,0.1522408840805914,-0.0126582308111952,-0.0126582308111952
P3,leave_chemical_system_out,25,stability_worst,0.0279572554631527,0.0273728830722314,0.0325883811254269,0.03363733757844,-0.4333795205540647,-0.531778747659329,-1.1944629583235755,-1.34393758571251,0.0345503688582315,0.0357166000390267,0.0427500097301945,0.0441819736402323,0.0461696333430042,-0.027017785437758,-0.0307797555620028,0.0653214812482504
P3,leave_chemical_system_out,26,average_voltage,0.6836311804315042,0.6836311804315042,0.6690109963107216,0.6690109963107216,-0.0508457258483439,-0.0508457258483439,0.0450748874700241,0.0450748874700241,0.8295143790369313,0.8295143790369313,0.7907498073834914,0.7907498073834914,0.0153846153846153,0.0153846153846153,0.1969230769230769,0.1969230769230769
P3,leave_chemical_system_out,26,capacity_grav,24.65006699273981,24.65006699273981,18.37070073893027,18.37070073893027,0.5169303964447396,0.5169303964447396,0.6731605483711671,0.6731605483711671,27.31403199305325,27.31403199305325,22.46716086385496,22.46716086385496,0.8286432139291663,0.8286432139291663,0.7817242486107626,0.7817242486107626
P3,leave_chemical_system_out,26,energy_grav,76.88180585380726,77.87560665199554,76.41719758016504,80.10893538495542,0.5654168280139524,0.5730749074697901,0.5735505272054303,0.5128958188478616,91.95550676291651,91.14170106688007,91.09091830365824,97.35364535723504,0.7984615384615384,0.713076923076923,0.7569230769230769,0.8376923076923077
P3,leave_chemical_system_out,26,max_delta_volume,0.0248663382436989,0.0248663382436989,0.0257607605605968,0.0257607605605968,-1.5235588286786426,-1.5235588286786426,-2.826361661196176,-2.826361661196176,0.0279710585249216,0.0279710585249216,0.0344425417454395,0.0344425417454395,0.2776923076923077,0.2776923076923077,0.1484615384615384,0.1484615384615384
P3,leave_chemical_system_out,26,stability_charge,0.0326200622894688,0.0326200622894688,0.0390679373769266,0.0390679373769266,-0.1286142602368605,-0.1286142602368605,-0.7771488581407828,-0.7771488581407828,0.0456010130871721,0.0456010130871721,0.0572220783872289,0.0572220783872289,0.0796306996842221,0.0796306996842221,0.238122720311756,0.238122720311756
P3,leave_chemical_system_out,26,stability_discharge,0.0283355256600744,0.0283355256600744,0.0320911136441526,0.0320911136441526,-2.60928728208894,-2.60928728208894,-4.118802482620895,-4.118802482620895,0.0338656727428076,0.0338656727428076,0.0403304592714314,0.0403304592714314,-0.0938461538461538,-0.0938461538461538,-0.093076923076923,-0.093076923076923
P3,leave_chemical_system_out,26,stability_worst,0.0300688990545464,0.0305664174634482,0.0444588598632758,0.040119170697922,-0.3693832121605971,-0.4148122488152612,-1.51016837642576,-1.098429240682187,0.0422974695396494,0.0429933505900161,0.0572668524405509,0.0523599292823273,-0.1892307692307692,-0.0984615384615384,-0.0823076923076923,0.0607692307692307
P3,leave_chemical_system_out,27,average_voltage,0.4744309093636367,0.4744309093636367,0.622637792002008,0.622637792002008,-0.0422128933376879,-0.0422128933376879,-1.0008583579637942,-1.0008583579637942,0.6153548768691071,0.6153548768691071,0.852620163381023,0.852620163381023,0.3121739130434782,0.3121739130434782,0.1895652173913043,0.1895652173913043
P3,leave_chemical_system_out,27,capacity_grav,51.14609628634504,51.14609628634504,50.28818447618465,50.28818447618465,0.2507700717520673,0.2507700717520673,0.1403222203738509,0.1403222203738509,61.8565674446822,61.8565674446822,66.25918788854959,66.25918788854959,0.4690016226028715,0.4690016226028715,0.4385469717845032,0.4385469717845032
P3,leave_chemical_system_out,27,energy_grav,150.52232561537224,147.9490598948597,147.1962683594363,163.512733101461,0.1899769457763498,0.1748574350983254,0.1411675639863717,0.0529404113269968,183.72509014597483,185.4318258961217,189.1794674207456,198.65908558353897,0.5034782608695652,0.5173913043478261,0.4817391304347825,0.3452173913043477
P3,leave_chemical_system_out,27,max_delta_volume,0.0369263960231751,0.0369263960231751,0.0465242170313597,0.0465242170313597,0.0253319823570378,0.0253319823570378,-0.4334995390337666,-0.4334995390337666,0.0465187957642263,0.0465187957642263,0.0564155575549096,0.0564155575549096,0.288695652173913,0.288695652173913,0.2434782608695652,0.2434782608695652
P3,leave_chemical_system_out,27,stability_charge,0.0320423544381807,0.0320423544381807,0.0326386504984381,0.0326386504984381,-0.6764575754750235,-0.6764575754750235,-0.2921239153144355,-0.2921239153144355,0.0442669890631696,0.0442669890631696,0.0388629516099263,0.0388629516099263,0.0591304347826086,0.0591304347826086,0.1878260869565217,0.1878260869565217
P3,leave_chemical_system_out,27,stability_discharge,0.0393791718137798,0.0393791718137798,0.0365931394378366,0.0365931394378366,-0.4994101239615822,-0.4994101239615822,-0.2666988299355692,-0.2666988299355692,0.0528147372515788,0.0528147372515788,0.048543556216467,0.048543556216467,0.1826086956521739,0.1826086956521739,-0.0156521739130434,-0.0156521739130434
P3,leave_chemical_system_out,27,stability_worst,0.0360304363790898,0.0441585984103873,0.0281775219627946,0.0296148318649597,-0.4128693118837581,-1.0659792143668945,0.1858326278514482,0.0622288288706603,0.046756257171453,0.0565394678406131,0.0354932354139012,0.0380922987188389,0.2147826086956521,0.1513043478260869,0.4660869565217391,0.4104347826086956
P3,leave_chemical_system_out,28,average_voltage,0.4198786094545987,0.4198786094545987,0.511473494246527,0.511473494246527,-0.0121205152354626,-0.0121205152354626,-0.4298146650199457,-0.4298146650199457,0.5246542077678337,0.5246542077678337,0.62358680915261,0.62358680915261,0.212987012987013,0.212987012987013,0.2246753246753246,0.2246753246753246
P3,leave_chemical_system_out,28,capacity_grav,42.41099784350641,42.41099784350641,41.22964576249447,41.22964576249447,0.468147292789337,0.468147292789337,0.4562623164528511,0.4562623164528511,52.75384651657434,52.75384651657434,53.340018341372144,53.340018341372144,0.6803261026195419,0.6803261026195419,0.6308951429645846,0.6308951429645846
P3,leave_chemical_system_out,28,energy_grav,156.70041324501642,151.0332408557236,158.3295018829813,154.8230854442532,0.4798488751823762,0.5015899073556579,0.4948679550455517,0.5312470326509822,190.3598414288764,186.3390930670816,187.5914427836732,180.71016329681143,0.6688311688311688,0.6857142857142857,0.6337662337662338,0.6532467532467533
P3,leave_chemical_system_out,28,max_delta_volume,0.060404880401667,0.060404880401667,0.0431089019831717,0.0431089019831717,-1.1018442120485563,-1.1018442120485563,-0.1446107796901086,-0.1446107796901086,0.0716491894869575,0.0716491894869575,0.0528737284434035,0.0528737284434035,-0.0181818181818181,-0.0181818181818181,0.4233766233766233,0.4233766233766233
P3,leave_chemical_system_out,28,stability_charge,0.0296479496218929,0.0296479496218929,0.043063499216909,0.043063499216909,-0.2035654721020448,-0.2035654721020448,-1.4623951778396176,-1.4623951778396176,0.0340807174575434,0.0340807174575434,0.0487475445368952,0.0487475445368952,0.3012987012987013,0.3012987012987013,0.3142857142857143,0.3142857142857143
P3,leave_chemical_system_out,28,stability_discharge,0.0387281002432179,0.0387281002432179,0.0341007296974833,0.0341007296974833,-0.0144283568439391,-0.0144283568439391,0.0750495291914099,0.0750495291914099,0.0447105578577836,0.0447105578577836,0.0426931930476539,0.0426931930476539,0.1649350649350649,0.1649350649350649,0.4324675324675325,0.4324675324675325
P3,leave_chemical_system_out,28,stability_worst,0.0283891526339248,0.0301849296607955,0.0353885376686658,0.0423396590117718,-0.0166910966224076,-0.2566654987314314,-0.7285560752260547,-1.3650414709866006,0.031407342867444,0.0349177725250272,0.0409523116803946,0.0479022668455724,0.2298701298701298,0.2844155844155844,0.3116883116883117,0.3376623376623376
P3,leave_chemical_system_out,29,average_voltage,0.8340321862929878,0.8340321862929878,0.8112349451751484,0.8112349451751484,-0.8685300824510271,-0.8685300824510271,-0.7382088689477753,-0.7382088689477753,1.0017546251306009,1.0017546251306009,0.9661894475375462,0.9661894475375462,0.5142857142857143,0.5142857142857143,0.5187969924812029,0.5187969924812029
P3,leave_chemical_system_out,29,capacity_grav,20.170832188126465,20.170832188126465,24.197776243408835,24.197776243408835,0.545034708956937,0.545034708956937,0.4722271296331375,0.4722271296331375,28.367965555830164,28.367965555830164,30.55361409274932,30.55361409274932,0.7519048415933385,0.7519048415933385,0.6475156382332976,0.6475156382332976
P3,leave_chemical_system_out,29,energy_grav,61.45823302668231,75.20656283560587,68.7009719506296,55.52475827756327,0.2474996735693984,-0.0192301754520818,0.2646357362748281,0.1895543505912142,82.98392311597274,96.57767647456572,82.03361998900266,86.11971101145689,0.6,0.5804511278195488,0.5699248120300752,0.5428571428571428
P3,leave_chemical_system_out,29,max_delta_volume,0.032845504862763,0.032845504862763,0.0435133200030987,0.0435133200030987,-0.5932069451776023,-0.5932069451776023,-1.5589422036503806,-1.5589422036503806,0.0387161995525811,0.0387161995525811,0.0490667013972698,0.0490667013972698,0.3097744360902255,0.3097744360902255,0.3218045112781954,0.3218045112781954
P3,leave_chemical_system_out,29,stability_charge,0.0251617687216817,0.0251617687216817,0.0267474107471363,0.0267474107471363,-0.9238639320440176,-0.9238639320440176,-1.0341144599069736,-1.0341144599069736,0.0345636827394995,0.0345636827394995,0.0355402539974986,0.0355402539974986,0.4759041541592848,0.4759041541592848,0.2304219480581347,0.2304219480581347
P3,leave_chemical_system_out,29,stability_discharge,0.0335487946404754,0.0335487946404754,0.0394912822251028,0.0394912822251028,-0.0197125899037626,-0.0197125899037626,-0.3106393595139982,-0.3106393595139982,0.0533018479169075,0.0533018479169075,0.0604289402628288,0.0604289402628288,0.0676691729323308,0.0676691729323308,0.3052631578947368,0.3052631578947368
P3,leave_chemical_system_out,29,stability_worst,0.0344709296645741,0.035460168588524,0.0410408539720409,0.0380461907919495,-0.0349731333924285,-0.1125192615252173,-0.2325767810533747,-0.1085142019700684,0.0529661018752516,0.0549145264478081,0.0578016804343475,0.0548155914201427,-0.0541353383458646,-0.0706766917293233,0.144360902255639,0.2857142857142857
P3,leave_chemical_system_out,30,average_voltage,0.662623323188342,0.662623323188342,0.5448520367870591,0.5448520367870591,-0.638202273336175,-0.638202273336175,-0.032341501357924,-0.032341501357924,0.8557637804522575,0.8557637804522575,0.6793316247249025,0.6793316247249025,0.1649122807017544,0.1649122807017544,0.1298245614035087,0.1298245614035087
P3,leave_chemical_system_out,30,capacity_grav,40.95013112168585,40.95013112168585,45.871074442373896,45.871074442373896,0.2552342134427451,0.2552342134427451,-0.0999299547713177,-0.0999299547713177,52.04944369904222,52.04944369904222,63.25410980043209,63.25410980043209,0.430013205064732,0.430013205064732,0.1298815394889394,0.1298815394889394
P3,leave_chemical_system_out,30,energy_grav,79.4351457788632,87.79023707460745,85.09904989490336,85.01954374998456,0.6511579319289045,0.5977664385795307,0.5060724910298031,0.511308611047266,101.88582822076523,109.40533644967736,121.23582194117957,120.59149998038026,0.7508771929824561,0.7350877192982455,0.5631578947368421,0.7070175438596492
P3,leave_chemical_system_out,30,max_delta_volume,0.0252575811455072,0.0252575811455072,0.0398711078492025,0.0398711078492025,-0.1594598223129584,-0.1594598223129584,-1.0460414866172654,-1.0460414866172654,0.0354399431557515,0.0354399431557515,0.047078474557267,0.047078474557267,0.3315789473684211,0.3315789473684211,-0.3456140350877193,-0.3456140350877193
P3,leave_chemical_system_out,30,stability_charge,0.0404893815906571,0.0404893815906571,0.0365474471980424,0.0365474471980424,-0.2420564631341362,-0.2420564631341362,-0.1832247513808969,-0.1832247513808969,0.0513361180543053,0.0513361180543053,0.0501055667013784,0.0501055667013784,-0.0263157894736842,-0.0263157894736842,0.0701754385964912,0.0701754385964912
P3,leave_chemical_system_out,30,stability_discharge,0.0295654768133405,0.0295654768133405,0.0428937860471253,0.0428937860471253,0.2149420645765284,0.2149420645765284,-0.6309086966261361,-0.6309086966261361,0.0342779441093417,0.0342779441093417,0.0494058910897982,0.0494058910897982,0.443859649122807,0.443859649122807,0.0263157894736842,0.0263157894736842
P3,leave_chemical_system_out,30,stability_worst,0.0279650405469476,0.0330042558251344,0.0295283857117635,0.0295426727415937,-0.3872584333570446,-0.7700628499109312,-0.5894646777043548,-0.6685590754308073,0.0396355248102601,0.0447713582314531,0.0424259295797463,0.0434687067880925,0.2596491228070175,0.2789473684210526,-0.2140350877192982,-0.375438596491228
P3,leave_chemical_system_out,31,average_voltage,0.7895332512297281,0.7895332512297281,0.8601143757881343,0.8601143757881343,0.0094899119072771,0.0094899119072771,-0.075482165093514,-0.075482165093514,0.972338538518282,0.972338538518282,1.0131871058141406,1.0131871058141406,0.2052631578947368,0.2052631578947368,0.187719298245614,0.187719298245614
P3,leave_chemical_system_out,31,capacity_grav,78.5561048083778,78.5561048083778,63.959105281005336,63.959105281005336,-0.9672643638728002,-0.9672643638728002,-0.0950503953803161,-0.0950503953803161,96.30788763689496,96.30788763689496,71.85343721316767,71.85343721316767,0.2609845858284156,0.2609845858284156,0.2618633218076359,0.2618633218076359
P3,leave_chemical_system_out,31,energy_grav,316.0769538833516,312.279230592391,256.0709381860185,256.67377439335814,-0.5040901958918449,-0.4925971820960477,-0.0856452612245888,8.617798517218667e-05,394.3502316499373,392.84069323507407,335.0341914272843,321.53366137748816,-0.0140350877192982,0.1403508771929824,0.2298245614035087,0.2859649122807017
P3,leave_chemical_system_out,31,max_delta_volume,0.0942753485405784,0.0942753485405784,0.0661319339212235,0.0661319339212235,-0.4175617793496182,-0.4175617793496182,-0.0110052378529281,-0.0110052378529281,0.1368189189875045,0.1368189189875045,0.1155451870440537,0.1155451870440537,-0.2368421052631579,-0.2368421052631579,0.3807017543859649,0.3807017543859649
P3,leave_chemical_system_out,31,stability_charge,0.1132247275121868,0.1132247275121868,0.1427176857268621,0.1427176857268621,-0.1633227620085322,-0.1633227620085322,-0.5104910318470224,-0.5104910318470224,0.1715049349747679,0.1715049349747679,0.1954274583749854,0.1954274583749854,0.4465944851950839,0.4465944851950839,0.2347258416281248,0.2347258416281248
P3,leave_chemical_system_out,31,stability_discharge,0.068199005469981,0.068199005469981,0.0559583972961067,0.0559583972961067,-3.278813906640881,-3.278813906640881,-1.6622594857476476,-1.6622594857476476,0.0777165229580622,0.0777165229580622,0.0613023120162397,0.0613023120162397,0.0176213163597377,0.0176213163597377,-0.5506661362418046,-0.5506661362418046
P3,leave_chemical_system_out,31,stability_worst,0.106793090836913,0.1124341194160414,0.1239052666239942,0.1309916275491165,-0.0745414399401154,-0.1767740510969313,-0.2014576772410203,-0.3479309668646162,0.1629527282127275,0.170528351281617,0.1723075431193752,0.1825088282945847,0.4026383350774575,0.3490118319339534,0.2997809438022119,0.2707698847245784
P3,leave_chemical_system_out,32,average_voltage,0.3918131213273546,0.3918131213273546,0.4850390977023203,0.4850390977023203,0.1320871212147333,0.1320871212147333,-0.1846747355448588,-0.1846747355448588,0.5096990622977345,0.5096990622977345,0.5954911775032837,0.5954911775032837,0.4263157894736842,0.4263157894736842,0.3175438596491228,0.3175438596491228
P3,leave_chemical_system_out,32,capacity_grav,62.91433564051468,62.91433564051468,66.69829165826035,66.69829165826035,-0.1045598957369289,-0.1045598957369289,-0.3076307155709974,-0.3076307155709974,78.4713592341107,78.4713592341107,85.38057918242667,85.38057918242667,0.4001755541010567,0.4001755541010567,0.5247916257728771,0.5247916257728771
P3,leave_chemical_system_out,32,energy_grav,122.93275673572124,110.50039739844284,127.6702094750381,138.92752000756684,0.1888669101044091,0.3258768430327632,-0.0168542814748224,-0.1098488884673862,152.92792760806708,139.41527730106804,171.22615512002156,178.88448279531065,0.743859649122807,0.6912280701754386,0.6508771929824562,0.6403508771929824
P3,leave_chemical_system_out,32,max_delta_volume,0.0273031150090459,0.0273031150090459,0.0292225991558286,0.0292225991558286,-0.338802725004228,-0.338802725004228,-0.5637578256692553,-0.5637578256692553,0.0417346942270787,0.0417346942270787,0.0451048964551777,0.0451048964551777,0.1543859649122806,0.1543859649122806,-0.0087719298245614,-0.0087719298245614
P3,leave_chemical_system_out,32,stability_charge,0.0366505754774345,0.0366505754774345,0.0383872034980528,0.0383872034980528,-0.4507914992978656,-0.4507914992978656,-0.548678122308843,-0.548678122308843,0.0457855897660412,0.0457855897660412,0.0473049832710031,0.0473049832710031,0.1456140350877193,0.1456140350877193,0.0561403508771929,0.0561403508771929
P3,leave_chemical_system_out,32,stability_discharge,0.0317700046431667,0.0317700046431667,0.0344511425063001,0.0344511425063001,-0.7947792022482403,-0.7947792022482403,-1.3177836820410742,-1.3177836820410742,0.036799337887441,0.036799337887441,0.0418187397730987,0.0418187397730987,-0.2526315789473684,-0.2526315789473684,-0.6929824561403508,-0.6929824561403508
P3,leave_chemical_system_out,32,stability_worst,0.0278200346689502,0.0300878587953685,0.0385857152483128,0.0387410774549791,-0.8954551319585569,-0.825000190151228,-1.973522651163805,-1.8270308157909847,0.0387473439814623,0.0380203964424249,0.0485311753666315,0.0473206231649403,-0.0052631578947368,0.0122807017543859,-0.131578947368421,-0.2263157894736842
P3,leave_chemical_system_out,33,average_voltage,0.4155575206723163,0.4155575206723163,0.4843135945441529,0.4843135945441529,-0.8775340952590667,-0.8775340952590667,-1.697154228752063,-1.697154228752063,0.5317416729363319,0.5317416729363319,0.6373231175884317,0.6373231175884317,0.2824561403508772,0.2824561403508772,-0.2578947368421052,-0.2578947368421052
P3,leave_chemical_system_out,33,capacity_grav,41.0248135035369,41.0248135035369,44.27410518740153,44.27410518740153,0.3909142464979249,0.3909142464979249,0.3695628149620117,0.3695628149620117,51.81489298132466,51.81489298132466,52.71525301911592,52.71525301911592,0.5809566158221482,0.5809566158221482,0.5835893497307078,0.5835893497307078
P3,leave_chemical_system_out,33,energy_grav,168.397577146421,171.5095213494406,171.70139263343367,169.40045165877584,0.3513411538715036,0.3180014678355527,0.2932868201875097,0.3304575200136221,204.76017975948216,209.9563671070897,213.7267712323558,208.03020538823,0.4684210526315789,0.4385964912280701,0.5456140350877193,0.5824561403508772
P3,leave_chemical_system_out,33,max_delta_volume,0.0365036056851589,0.0365036056851589,0.0265589829640384,0.0265589829640384,-1.6475252140576075,-1.6475252140576075,-0.4107761914561734,-0.4107761914561734,0.0428732060556081,0.0428732060556081,0.0312964422176112,0.0312964422176112,0.2035087719298245,0.2035087719298245,0.0789473684210526,0.0789473684210526
P3,leave_chemical_system_out,33,stability_charge,0.0451836740091229,0.0451836740091229,0.0342859285296102,0.0342859285296102,-2.828589933227757,-2.828589933227757,-1.158552817987998,-1.158552817987998,0.0557131241671353,0.0557131241671353,0.0418330400210707,0.0418330400210707,0.219298245614035,0.219298245614035,0.2578947368421052,0.2578947368421052
P3,leave_chemical_system_out,33,stability_discharge,0.03200965018818,0.03200965018818,0.0446063669939164,0.0446063669939164,0.4858290696430322,0.4858290696430322,-0.1210641257423086,-0.1210641257423086,0.0434808707322074,0.0434808707322074,0.0642036473304854,0.0642036473304854,0.8736842105263157,0.8736842105263157,0.2052631578947368,0.2052631578947368
P3,leave_chemical_system_out,33,stability_worst,0.0404310337793036,0.0375252506294067,0.0431020620257178,0.035998867199327,0.0745627434003058,0.1036483789062704,-0.2339325066682258,-0.0119640852221751,0.049969873007421,0.0491783507509817,0.0577006172051474,0.0522537310682851,0.6175438596491227,0.5701754385964912,0.2789473684210526,0.419298245614035
P3,leave_chemical_system_out,34,average_voltage,0.454803808207626,0.454803808207626,0.4272596492415723,0.4272596492415723,0.2959068300081375,0.2959068300081375,0.3140749042316361,0.3140749042316361,0.5580366937545137,0.5580366937545137,0.5507899882944797,0.5507899882944797,0.4228070175438596,0.4228070175438596,0.6298245614035087,0.6298245614035087
P3,leave_chemical_system_out,34,capacity_grav,43.25182763423499,43.25182763423499,52.01542053299112,52.01542053299112,0.4516218967887951,0.4516218967887951,0.2748758664279894,0.2748758664279894,56.3982293816394,56.3982293816394,64.85322789630466,64.85322789630466,0.6327337160238199,0.6327337160238199,0.4888109290225627,0.4888109290225627
P3,leave_chemical_system_out,34,energy_grav,121.01127471626104,118.59124113968016,181.02149018194743,167.4323799886798,0.3913625393008818,0.3922308140824793,-0.1066498615009727,-0.0462370698020424,153.16150793340367,153.0522197721821,206.5263220841635,200.81000448061053,0.5807017543859649,0.6175438596491227,0.3017543859649123,0.356140350877193
P3,leave_chemical_system_out,34,max_delta_volume,0.0354333386917267,0.0354333386917267,0.0470009314003251,0.0470009314003251,0.3159706335363373,0.3159706335363373,-0.062305119034477,-0.062305119034477,0.0493994113922463,0.0493994113922463,0.061561477965608,0.061561477965608,0.2929824561403508,0.2929824561403508,-0.019298245614035,-0.019298245614035
P3,leave_chemical_system_out,34,stability_charge,0.0383604143516745,0.0383604143516745,0.0206702768006874,0.0206702768006874,-3.257194166015073,-3.257194166015073,-0.3343911127247057,-0.3343911127247057,0.0498684213117665,0.0498684213117665,0.0279193601626454,0.0279193601626454,0.0456140350877193,0.0456140350877193,0.119298245614035,0.119298245614035
P3,leave_chemical_system_out,34,stability_discharge,0.0440440508804491,0.0440440508804491,0.0382829660943651,0.0382829660943651,-2.3612555524706624,-2.3612555524706624,-1.51825111623303,-1.51825111623303,0.0532379782925393,0.0532379782925393,0.0460808313941853,0.0460808313941853,0.3842105263157894,0.3842105263157894,-0.356140350877193,-0.356140350877193
P3,leave_chemical_system_out,34,stability_worst,0.037378158863286,0.0353751196144137,0.022217018419491,0.0198202487366476,-4.269258858327826,-3.61267908994096,-0.4429313769770271,-0.4117854921390533,0.049432675901971,0.0462504512005901,0.0258679606701669,0.0255872557851766,0.0157894736842105,0.1,0.1052631578947368,0.1403508771929824
P3,leave_chemical_system_out,35,average_voltage,0.6518995572315552,0.6518995572315552,0.5127466716130664,0.5127466716130664,-0.0454024197461553,-0.0454024197461553,0.0569055135472684,0.0569055135472684,0.7929059115440765,0.7929059115440765,0.7531084286986137,0.7531084286986137,0.1702786377708978,0.1702786377708978,0.5521155830753354,0.5521155830753354
P3,leave_chemical_system_out,35,capacity_grav,52.36930982941513,52.36930982941513,53.21468126386733,53.21468126386733,0.0005276618733207,0.0005276618733207,0.1620487236904233,0.1620487236904233,73.36985976238,73.36985976238,67.18026040515333,67.18026040515333,0.3626034992719482,0.3626034992719482,0.5971077566358577,0.5971077566358577
P3,leave_chemical_system_out,35,energy_grav,166.04343283443689,166.76164749829272,144.21925171954416,155.55491313009276,0.2083475341105773,0.2125071738655368,0.4168606356810393,0.3765406342191509,218.72823170436604,218.1528346799752,187.72570199986575,194.10719520918025,0.4840041279669762,0.5149638802889577,0.6718266253869969,0.651186790505676
P3,leave_chemical_system_out,35,max_delta_volume,0.0524657037579368,0.0524657037579368,0.0435629951354539,0.0435629951354539,-0.2666788786469298,-0.2666788786469298,-0.2677893904881174,-0.2677893904881174,0.0716284172545085,0.0716284172545085,0.0716598091013992,0.0716598091013992,-0.1372549019607843,-0.1372549019607843,0.3353973168214654,0.3353973168214654
P3,leave_chemical_system_out,35,stability_charge,0.0387126038186531,0.0387126038186531,0.018179333481459,0.018179333481459,-3.1242749432243544,-3.1242749432243544,-0.1565952956890361,-0.1565952956890361,0.0458278749813795,0.0458278749813795,0.0242687062852364,0.0242687062852364,0.153766769865841,0.153766769865841,0.4633642930856553,0.4633642930856553
P3,leave_chemical_system_out,35,stability_discharge,0.0247266495544012,0.0247266495544012,0.0255246673662415,0.0255246673662415,0.0393609116985519,0.0393609116985519,0.1015645519773527,0.1015645519773527,0.0307836715153259,0.0307836715153259,0.029770335466165,0.029770335466165,0.6284829721362228,0.6284829721362228,0.3869969040247678,0.3869969040247678
P3,leave_chemical_system_out,35,stability_worst,0.0291853908119882,0.0241647986483824,0.0257990143677551,0.0183906395395654,-1.553097644704177,-0.764438647173918,-0.7720928811019996,0.1216124903535241,0.037253231156606,0.0309694516403397,0.0310365525573099,0.0218511003022089,0.541795665634675,0.5830753353973168,0.4757481940144479,0.4179566563467492
P3,leave_chemical_system_out,36,average_voltage,0.3686242211392757,0.3686242211392757,0.2230494569878078,0.2230494569878078,0.055612349013695,0.055612349013695,0.6419024793261322,0.6419024793261322,0.4417797349505726,0.4417797349505726,0.2720390801016051,0.2720390801016051,0.6936274509803922,0.6936274509803922,0.7990196078431374,0.7990196078431374
P3,leave_chemical_system_out,36,capacity_grav,49.32008052105608,49.32008052105608,33.68810984598081,33.68810984598081,-0.728113389386779,-0.728113389386779,-0.2411562501956368,-0.2411562501956368,56.75821226028401,56.75821226028401,48.10118987210876,48.10118987210876,0.3450036174533444,0.3450036174533444,0.1114627071772343,0.1114627071772343
P3,leave_chemical_system_out,36,energy_grav,222.1309841098296,230.47490464923675,120.7958245700723,125.06261403641652,-3.942077331539272,-4.12150957333438,-0.7659194234396633,-1.0513662182456818,253.81971912157724,258.386360794364,151.7246109314996,163.52802456097294,0.0759803921568627,0.1985294117647059,-0.0441176470588235,-0.1519607843137255
P3,leave_chemical_system_out,36,max_delta_volume,0.0729643951204008,0.0729643951204008,0.0466347958183909,0.0466347958183909,-0.9140455745141174,-0.9140455745141174,-0.3037736851866432,-0.3037736851866432,0.0781808526544926,0.0781808526544926,0.0645246074393056,0.0645246074393056,0.2573529411764706,0.2573529411764706,-0.5441176470588236,-0.5441176470588236
P3,leave_chemical_system_out,36,stability_charge,0.0674458199257978,0.0674458199257978,0.0252211135129394,0.0252211135129394,-9.2119990587076,-9.2119990587076,-1.2746367841193322,-1.2746367841193322,0.0748019661009724,0.0748019661009724,0.0353031663411974,0.0353031663411974,0.4598406750269473,0.4598406750269473,0.3556101220208393,0.3556101220208393
P3,leave_chemical_system_out,36,stability_discharge,0.0353189909767115,0.0353189909767115,0.0185770519708234,0.0185770519708234,-2.6960352338611697,-2.6960352338611697,-0.0257146954094382,-0.0257146954094382,0.0421044799522026,0.0421044799522026,0.022180613033352,0.022180613033352,-0.0759803921568627,-0.0759803921568627,0.0196078431372549,0.0196078431372549
P3,leave_chemical_system_out,36,stability_worst,0.0621821376901081,0.0674458199257978,0.0224792367300432,0.0251793026077072,-7.867162489617185,-9.2119990587076,-0.955586895866638,-1.2673867409904802,0.0697027581363808,0.0748019661009724,0.0327337822593628,0.035246859823253,0.5039853798295343,0.4598406750269473,0.5285102158309715,0.3556101220208393
P3,leave_chemical_system_out,37,average_voltage,0.3850154015954972,0.3850154015954972,0.4480835819152029,0.4480835819152029,-0.6271663471565383,-0.6271663471565383,-0.5613169065474879,-0.5613169065474879,0.5524013663676388,0.5524013663676388,0.5411084282790386,0.5411084282790386,-0.0588235294117647,-0.0588235294117647,0.3088235294117647,0.3088235294117647
P3,leave_chemical_system_out,37,capacity_grav,57.63757087791752,57.63757087791752,47.0461549350764,47.0461549350764,0.0842456892116486,0.0842456892116486,0.5169134287164232,0.5169134287164232,76.03730453966384,76.03730453966384,55.22677840309584,55.22677840309584,0.7296138710427564,0.7296138710427564,0.7946046864465649,0.7946046864465649
P3,leave_chemical_system_out,37,energy_grav,201.69613610379835,204.9160655184353,189.92486447012453,181.0300559988605,-0.3068841420768526,-0.3664621715782965,-0.0278205284685382,0.0388484210912688,239.02360965795137,244.41117747597536,211.97317279671253,204.9831668684588,0.4607843137254902,0.4558823529411765,0.607843137254902,0.5269607843137256
P3,leave_chemical_system_out,37,max_delta_volume,0.0562768792644533,0.0562768792644533,0.0496878124249198,0.0496878124249198,-0.5166911160260195,-0.5166911160260195,-0.2680886319581883,-0.2680886319581883,0.0719764438342467,0.0719764438342467,0.0658137471986597,0.0658137471986597,0.5318627450980392,0.5318627450980392,0.2965686274509804,0.2965686274509804
P3,leave_chemical_system_out,37,stability_charge,0.0303064219110034,0.0303064219110034,0.0417917232710301,0.0417917232710301,-1.6582098732802666,-1.6582098732802666,-4.621336020667016,-4.621336020667016,0.0336883432480891,0.0336883432480891,0.0489897015013287,0.0489897015013287,0.2990196078431372,0.2990196078431372,0.2892156862745098,0.2892156862745098
P3,leave_chemical_system_out,37,stability_discharge,0.0253765004147092,0.0253765004147092,0.0379215043363242,0.0379215043363242,-0.8121128936619644,-0.8121128936619644,-2.726601373827642,-2.726601373827642,0.0314909427436096,0.0314909427436096,0.045159539730543,0.045159539730543,0.1936274509803922,0.1936274509803922,0.0857843137254902,0.0857843137254902
P3,leave_chemical_system_out,37,stability_worst,0.0234206305403792,0.0331777993505365,0.0376303001527736,0.0390167024953957,-2.9623055791802964,-5.96663010620684,-11.369221364490594,-10.741186094849802,0.0273869083102259,0.0363145277642803,0.0483882823103412,0.0471438461286571,0.3137254901960785,0.2303921568627451,0.2401960784313725,0.1004901960784313
P3,leave_chemical_system_out,38,average_voltage,0.4147865408760847,0.4147865408760847,0.4975031203942914,0.4975031203942914,-0.1598407527406942,-0.1598407527406942,-1.5398352598100955,-1.5398352598100955,0.469814434032466,0.469814434032466,0.6952323102321274,0.6952323102321274,0.5073529411764706,0.5073529411764706,-0.3921568627450981,-0.3921568627450981
P3,leave_chemical_system_out,38,capacity_grav,37.666085908020506,37.666085908020506,26.67140718631209,26.67140718631209,-0.0659797629602607,-0.0659797629602607,0.5078518721380522,0.5078518721380522,46.73671257746384,46.73671257746384,31.7564245912775,31.7564245912775,0.5510748803649282,0.5510748803649282,0.6918313558316328,0.6918313558316328
P3,leave_chemical_system_out,38,energy_grav,167.57564610782612,166.22884794031694,124.38979915534294,120.01696480659687,-0.5767862091776195,-0.5440706448345767,0.0307780872639177,-0.0903814257248984,215.96492142744395,213.71273016653453,169.32006300002325,179.5916049566099,0.1740196078431372,0.1666666666666666,0.6446078431372549,0.3284313725490196
P3,leave_chemical_system_out,38,max_delta_volume,0.0252531928745424,0.0252531928745424,0.0314986686499199,0.0314986686499199,0.1174852409032388,0.1174852409032388,0.3201244971233818,0.3201244971233818,0.0425189652527419,0.0425189652527419,0.0373195496969674,0.0373195496969674,0.7377450980392158,0.7377450980392158,-0.1225490196078431,-0.1225490196078431
P3,leave_chemical_system_out,38,stability_charge,0.0474646993135674,0.0474646993135674,0.0310275664848268,0.0310275664848268,-1.1313625471068196,-1.1313625471068196,-0.1352519144175938,-0.1352519144175938,0.0617054345651609,0.0617054345651609,0.0450340361080015,0.0450340361080015,0.3063725490196078,0.3063725490196078,-0.1029411764705882,-0.1029411764705882
P3,leave_chemical_system_out,38,stability_discharge,0.0199576972239787,0.0199576972239787,0.0211537593684359,0.0211537593684359,-0.8461930167168421,-0.8461930167168421,-1.1445216679736,-1.1445216679736,0.0260252711355916,0.0260252711355916,0.0280492937148529,0.0280492937148529,0.1176470588235294,0.1176470588235294,0.1715686274509804,0.1715686274509804
P3,leave_chemical_system_out,38,stability_worst,0.0414538393711239,0.0474646993135674,0.0312096788998419,0.0310275664848268,-0.7588805036119193,-1.1313625471068196,-0.094009087214544,-0.1352519144175938,0.0560548142421873,0.0617054345651609,0.0442084425318802,0.0450340361080015,0.321078431372549,0.3063725490196078,0.1544117647058823,-0.1029411764705882
P3,leave_chemical_system_out,39,average_voltage,0.5629776308086349,0.5629776308086349,0.6578347182394891,0.6578347182394891,-0.0603627730979869,-0.0603627730979869,-0.4907409528725255,-0.4907409528725255,0.6783770900209067,0.6783770900209067,0.8043499287123962,0.8043499287123962,0.286764705882353,0.286764705882353,0.1004901960784313,0.1004901960784313
P3,leave_chemical_system_out,39,capacity_grav,28.53267274572265,28.53267274572265,55.80678630904477,55.80678630904477,0.2476267880966843,0.2476267880966843,-1.2819884752987294,-1.2819884752987294,39.31726801646105,39.31726801646105,68.47363670346108,68.47363670346108,0.5058326564327593,0.5058326564327593,0.1608351407589598,0.1608351407589598
P3,leave_chemical_system_out,39,energy_grav,88.11503003104828,91.57931548888376,145.33722498172602,144.9388372452545,-0.3565386469600271,-0.3445103531945381,-3.10828410161902,-3.512366122724448,114.06051178776023,113.55370420513655,198.4949512254401,208.0278091973013,0.2377450980392157,0.2377450980392157,0.0637254901960784,0.1838235294117647
P3,leave_chemical_system_out,39,max_delta_volume,0.0194110386980213,0.0194110386980213,0.0690414272892074,0.0690414272892074,-0.8852631696086162,-0.8852631696086162,-18.99109623812174,-18.99109623812174,0.0242863330380652,0.0242863330380652,0.0790850255935216,0.0790850255935216,0.0220588235294117,0.0220588235294117,-0.303921568627451,-0.303921568627451
P3,leave_chemical_system_out,39,stability_charge,0.0490430826415535,0.0490430826415535,0.0600085319968466,0.0600085319968466,-2.491819207234489,-2.491819207234489,-5.063643629588543,-5.063643629588543,0.0621700290212823,0.0621700290212823,0.0819260525868013,0.0819260525868013,0.5318627450980392,0.5318627450980392,0.1004901960784313,0.1004901960784313
P3,leave_chemical_system_out,39,stability_discharge,0.0540185520516359,0.0540185520516359,0.0439475442183211,0.0439475442183211,-1.3600163545846735,-1.3600163545846735,-1.171801297787587,-1.171801297787587,0.0607288605652621,0.0607288605652621,0.0582569401846724,0.0582569401846724,0.196078431372549,0.196078431372549,0.2892156862745098,0.2892156862745098
P3,leave_chemical_system_out,39,stability_worst,0.0406944921491644,0.0436174922047278,0.0580439216705401,0.0490002767759682,-3.058375453758116,-3.9500879834152167,-7.955542077692742,-6.345842755095991,0.0535945732275863,0.0591903849979522,0.0796142200946513,0.0721050229663325,0.3161764705882353,0.3112745098039216,0.1666666666666666,0.1813725490196078
P3,leave_chemical_system_out,40,average_voltage,0.2136649993954441,0.2136649993954441,0.2395545115061685,0.2395545115061685,0.3319734371040191,0.3319734371040191,0.0830142282686313,0.0830142282686313,0.2711748079121433,0.2711748079121433,0.3177121136655104,0.3177121136655104,0.698529411764706,0.698529411764706,0.6544117647058824,0.6544117647058824
P3,leave_chemical_system_out,40,capacity_grav,38.23312290430052,38.23312290430052,37.80680595194645,37.80680595194645,-1.3145814842632562,-1.3145814842632562,-1.1748285371318017,-1.1748285371318017,43.63898500590823,43.63898500590823,42.30102734558447,42.30102734558447,0.1150327788375734,0.1150327788375734,0.1731676240565621,0.1731676240565621
P3,leave_chemical_system_out,40,energy_grav,127.932086229739,123.54126196790536,152.86478300403434,162.75883440102356,-0.3924977192295216,-0.3735938254558477,-0.7569457323552184,-0.9535501175107384,144.45930654448708,143.4754000870901,162.2659711075199,171.10415592147928,0.6151960784313726,0.6740196078431374,0.5122549019607844,0.5122549019607844
P3,leave_chemical_system_out,40,max_delta_volume,0.0186329682087172,0.0186329682087172,0.0228955801654682,0.0228955801654682,-5.699160133692212,-5.699160133692212,-11.512458982880126,-11.512458982880126,0.0219714792712597,0.0219714792712597,0.0300275882117431,0.0300275882117431,0.1666666666666666,0.1666666666666666,-0.3161764705882353,-0.3161764705882353
P3,leave_chemical_system_out,40,stability_charge,0.0222223244466806,0.0222223244466806,0.031222829430396,0.031222829430396,0.0946712245217217,0.0946712245217217,-0.6998284387037574,-0.6998284387037574,0.0262941726974228,0.0262941726974228,0.0360295546694352,0.0360295546694352,0.7132352941176472,0.7132352941176472,-0.0098039215686274,-0.0098039215686274
P3,leave_chemical_system_out,40,stability_discharge,0.0149871163247617,0.0149871163247617,0.0281996260720024,0.0281996260720024,0.6467580366384624,0.6467580366384624,0.0658150307441769,0.0658150307441769,0.019300625342093,0.019300625342093,0.031387134837861,0.031387134837861,0.8406862745098039,0.8406862745098039,0.7426470588235294,0.7426470588235294
P3,leave_chemical_system_out,40,stability_worst,0.0128596259366781,0.0193081498133032,0.0296313036807025,0.0248344904701229,0.7046097899890092,0.4513349039766954,-0.3524104218012345,0.0022565766884484,0.0163893285369376,0.0223365851751347,0.0350685142681884,0.0301212193813028,0.7303921568627452,0.8210784313725491,0.303921568627451,0.5220588235294118
P3,leave_chemical_system_out,41,average_voltage,0.4851456797363025,0.4851456797363025,0.5360044531992463,0.5360044531992463,-0.074132620289594,-0.074132620289594,-0.1841207744088322,-0.1841207744088322,0.7739288724843079,0.7739288724843079,0.8125874231730515,0.8125874231730515,0.2117647058823529,0.2117647058823529,0.1558823529411764,0.1558823529411764
P3,leave_chemical_system_out,41,capacity_grav,50.26277680026652,50.26277680026652,60.455487164596335,60.455487164596335,0.099627000868426,0.099627000868426,-0.2227789338101515,-0.2227789338101515,58.86773959585341,58.86773959585341,68.60252532089723,68.60252532089723,0.5886682977052602,0.5886682977052602,0.6136867003577338,0.6136867003577338
P3,leave_chemical_system_out,41,energy_grav,175.32464568655848,169.3567978624618,200.1384416327625,213.6856711465909,0.2063334120571093,0.2602064662599563,0.0095235215214202,-0.1472899362271522,219.0644320674377,211.49888719617567,244.72306565367776,263.384014688465,0.6382352941176471,0.6676470588235294,0.5558823529411765,0.5441176470588236
P3,leave_chemical_system_out,41,max_delta_volume,0.0382735831242796,0.0382735831242796,0.0747009681617872,0.0747009681617872,-1.82447785405619,-1.82447785405619,-10.25017671871782,-10.25017671871782,0.0466011954631186,0.0466011954631186,0.0930052882462958,0.0930052882462958,0.45,0.45,-0.2147058823529411,-0.2147058823529411
P3,leave_chemical_system_out,41,stability_charge,0.0373267104693726,0.0373267104693726,0.03914685661179,0.03914685661179,-2.624794990263607,-2.624794990263607,-2.754161554052704,-2.754161554052704,0.0457833659611154,0.0457833659611154,0.0465931929574825,0.0465931929574825,0.1205882352941176,0.1205882352941176,0.1147058823529411,0.1147058823529411
P3,leave_chemical_system_out,41,stability_discharge,0.0365421453728119,0.0365421453728119,0.0346766214322684,0.0346766214322684,-0.4135338224244711,-0.4135338224244711,-0.3357643101946144,-0.3357643101946144,0.0423343629103899,0.0423343629103899,0.0411533168483874,0.0411533168483874,0.4382352941176471,0.4382352941176471,0.3588235294117647,0.3588235294117647
P3,leave_chemical_system_out,41,stability_worst,0.0408191729702506,0.034381045717046,0.0370985366289542,0.0293297948201225,-2.468582435515258,-1.659287734360141,-1.816464059645188,-0.7872640816224385,0.0483537082565547,0.0423385948887071,0.0435718382139944,0.0347094825553917,-0.0676470588235294,0.0117647058823529,0.5058823529411764,0.4941176470588235
P3,leave_chemical_system_out,42,average_voltage,0.6392433597864813,0.6392433597864813,0.6514601176588828,0.6514601176588828,-0.209845092722849,-0.209845092722849,-0.5158675932721506,-0.5158675932721506,0.8294083703991044,0.8294083703991044,0.9283979324347084,0.9283979324347084,-0.1794117647058823,-0.1794117647058823,-0.3205882352941176,-0.3205882352941176
P3,leave_chemical_system_out,42,capacity_grav,31.338408836800028,31.338408836800028,33.697498211342264,33.697498211342264,-1.778654206756991,-1.778654206756991,-2.425950175020461,-2.425950175020461,35.60091730489568,35.60091730489568,39.53069571081026,39.53069571081026,-0.1488200698230595,-0.1488200698230595,-0.1131032530655252,-0.1131032530655252
P3,leave_chemical_system_out,42,energy_grav,96.1161781842055,80.23408535054882,83.1796890911017,101.5522193411974,-0.23181994797722,0.0294531956347119,0.083244348867044,-0.4950188223966649,115.9869588665614,102.95413335643062,100.06042496963184,127.77882064605546,0.6147058823529412,0.6529411764705881,0.3764705882352941,0.4294117647058823
P3,leave_chemical_system_out,42,max_delta_volume,0.0233394946562216,0.0233394946562216,0.0430375656534309,0.0430375656534309,-0.9528895728467536,-0.9528895728467536,-4.801666869624188,-4.801666869624188,0.0282842235891827,0.0282842235891827,0.0487508073659474,0.0487508073659474,-0.3441176470588235,-0.3441176470588235,-0.6382352941176471,-0.6382352941176471
P3,leave_chemical_system_out,42,stability_charge,0.0803946359194356,0.0803946359194356,0.0824066508537993,0.0824066508537993,-0.0709344213214497,-0.0709344213214497,-0.1013840699243735,-0.1013840699243735,0.230260842939429,0.230260842939429,0.2335113780109483,0.2335113780109483,0.039735110095105,0.039735110095105,-0.0161883781868946,-0.0161883781868946
P3,leave_chemical_system_out,42,stability_discharge,0.0819781602946487,0.0819781602946487,0.077708447152986,0.077708447152986,-0.047498006012276,-0.047498006012276,0.0329453180804475,0.0329453180804475,0.2467023556234417,0.2467023556234417,0.2370403118440573,0.2370403118440573,0.1445434017443121,0.1445434017443121,0.3864323597654058,0.3864323597654058
P3,leave_chemical_system_out,42,stability_worst,0.0821907047969648,0.0813885539842087,0.0815560395628541,0.0833583366994425,-0.0709783397502528,-0.0708181939899488,-0.0790884742131994,-0.0991363705709702,0.234227667294477,0.234210154349147,0.2351128556675044,0.237286832468217,0.039735110095105,0.039735110095105,0.0735835372131575,-0.0161883781868946
P3,leave_chemical_system_out,43,average_voltage,0.2890535301043337,0.2890535301043337,0.3663857248639918,0.3663857248639918,0.7123297161990805,0.7123297161990805,0.5654707061701348,0.5654707061701348,0.37038212682671,0.37038212682671,0.4552102684848569,0.4552102684848569,0.907142857142857,0.907142857142857,0.6928571428571427,0.6928571428571427
P3,leave_chemical_system_out,43,capacity_grav,26.50924323638065,26.50924323638065,31.862716755149904,31.862716755149904,0.6042049867562223,0.6042049867562223,0.4443394017486717,0.4443394017486717,34.12180631873011,34.12180631873011,40.42980582809655,40.42980582809655,0.7279574698580116,0.7279574698580116,0.565788726572811,0.565788726572811
P3,leave_chemical_system_out,43,energy_grav,101.74438148278972,104.49587607522884,126.63044105310225,128.88756894209965,0.7162710806974999,0.7245335807893685,0.597125568128307,0.5755979841962997,122.9459491611764,121.14256195890204,146.50325543913698,150.36651737784112,0.6357142857142856,0.6714285714285713,0.6714285714285713,0.7928571428571427
P3,leave_chemical_system_out,43,max_delta_volume,0.0223501521510105,0.0223501521510105,0.0267287775742986,0.0267287775742986,-0.1369809727343733,-0.1369809727343733,-0.4739962472059507,-0.4739962472059507,0.029162976285451,0.029162976285451,0.0332049962220641,0.0332049962220641,0.3321428571428571,0.3321428571428571,-0.1214285714285714,-0.1214285714285714
P3,leave_chemical_system_out,43,stability_charge,0.0150650174193718,0.0150650174193718,0.0207681975764363,0.0207681975764363,0.3256118011039404,0.3256118011039404,0.1072125945672076,0.1072125945672076,0.0199088425854149,0.0199088425854149,0.0229068335074508,0.0229068335074508,0.482142857142857,0.482142857142857,0.5964285714285712,0.5964285714285712
P3,leave_chemical_system_out,43,stability_discharge,0.0158791275110113,0.0158791275110113,0.020130958653322,0.020130958653322,0.1350046912556549,0.1350046912556549,-0.1049713902829863,-0.1049713902829863,0.01848312227414,0.01848312227414,0.0208902663510191,0.0208902663510191,0.6892857142857142,0.6892857142857142,0.8821428571428571,0.8821428571428571
P3,leave_chemical_system_out,43,stability_worst,0.0179213284384507,0.0135075350898226,0.0160545958130344,0.01926910950084,-0.0856922033758227,0.5125474232345224,0.2441697505493676,0.1016039377321269,0.0235460897963338,0.015777261421675,0.0196461552166883,0.0214190081582724,0.6357142857142856,0.6285714285714286,0.6392857142857141,0.6285714285714286
P3,leave_chemical_system_out,44,average_voltage,0.4127554880122745,0.4127554880122745,0.5551650071112733,0.5551650071112733,-0.6537113651051223,-0.6537113651051223,-1.6016637484689942,-1.6016637484689942,0.5381699935585086,0.5381699935585086,0.6750177711367417,0.6750177711367417,0.1999999999999999,0.1999999999999999,-0.0107142857142857,-0.0107142857142857
P3,leave_chemical_system_out,44,capacity_grav,37.68938793921794,37.68938793921794,32.2381733524281,32.2381733524281,-0.4629613637582288,-0.4629613637582288,-0.261569604946404,-0.261569604946404,47.41010011996924,47.41010011996924,44.0260834636528,44.0260834636528,0.4812172279556404,0.4812172279556404,0.381038176782719,0.381038176782719
P3,leave_chemical_system_out,44,energy_grav,138.14756663782111,142.9976317419878,140.06405134363402,127.41914676192827,-0.6602839769870215,-0.6440433741787459,-0.6085640487136172,-0.5478363696517947,179.63089906369748,178.75018124865875,176.8108997822022,173.44124358802753,0.2892857142857142,0.3714285714285714,0.2428571428571428,0.2071428571428571
P3,leave_chemical_system_out,44,max_delta_volume,0.0265242967103307,0.0265242967103307,0.029299545348954,0.029299545348954,-1.063514629694883,-1.063514629694883,-0.8606037957709523,-0.8606037957709523,0.035499527491397,0.035499527491397,0.03370899057905,0.03370899057905,-0.0571428571428571,-0.0571428571428571,0.0607142857142857,0.0607142857142857
P3,leave_chemical_system_out,44,stability_charge,0.0673248675924991,0.0673248675924991,0.064901675507023,0.064901675507023,-5.870571043165584,-5.870571043165584,-4.190060348900671,-4.190060348900671,0.0900758844368147,0.0900758844368147,0.0782885630038579,0.0782885630038579,0.0142857142857142,0.0142857142857142,-0.1642857142857142,-0.1642857142857142
P3,leave_chemical_system_out,44,stability_discharge,0.0570696894679555,0.0570696894679555,0.0441962269071867,0.0441962269071867,-3.64755427208807,-3.64755427208807,-1.856712481999422,-1.856712481999422,0.0670126850551232,0.0670126850551232,0.052538546143745,0.052538546143745,0.2642857142857143,0.2642857142857143,0.4142857142857142,0.4142857142857142
P3,leave_chemical_system_out,44,stability_worst,0.069721458952108,0.0607070078599569,0.0884504294400205,0.0582838157744808,-6.807994051496144,-5.729400487394948,-8.804121116203397,-3.857822772518976,0.0874417456119112,0.0811777985661192,0.0979836054401597,0.0689715387588829,0.1178571428571428,0.1999999999999999,0.0178571428571428,0.0285714285714285
P3,leave_chemical_system_out,45,average_voltage,0.4180760510743689,0.4180760510743689,0.4399155073676504,0.4399155073676504,-0.7699167011768648,-0.7699167011768648,-0.8699843879755387,-0.8699843879755387,0.5465126329831149,0.5465126329831149,0.5617496132502116,0.5617496132502116,0.0892857142857142,0.0892857142857142,-0.1214285714285714,-0.1214285714285714
P3,leave_chemical_system_out,45,capacity_grav,29.0313683804253,29.0313683804253,27.40470265055491,27.40470265055491,0.5923553054546108,0.5923553054546108,0.4600650460865139,0.4600650460865139,32.267312734504586,32.267312734504586,37.13578620093343,37.13578620093343,0.5313067535421011,0.5313067535421011,0.7030422698385378,0.7030422698385378
P3,leave_chemical_system_out,45,energy_grav,134.20671643858486,141.06280978168382,91.96020395756597,121.57402435144616,0.2371720737792947,0.1723618409766275,0.4229819106502993,-0.0009919899687855,150.56471244529067,156.83036752833254,130.94973424993964,172.47462458973743,0.4107142857142856,0.575,0.6,0.6249999999999999
P3,leave_chemical_system_out,45,max_delta_volume,0.034715967850771,0.034715967850771,0.0299927696358542,0.0299927696358542,-0.9411760242161796,-0.9411760242161796,-0.2566702350068244,-0.2566702350068244,0.0431856425718235,0.0431856425718235,0.0347470221412949,0.0347470221412949,0.125,0.125,0.2357142857142856,0.2357142857142856
P3,leave_chemical_system_out,45,stability_charge,0.0220358674528078,0.0220358674528078,0.027174330890231,0.027174330890231,-0.2055178724783677,-0.2055178724783677,-1.3057095197001614,-1.3057095197001614,0.0262486072925281,0.0262486072925281,0.0363012629734461,0.0363012629734461,0.4071428571428571,0.4071428571428571,-0.1107142857142856,-0.1107142857142856
P3,leave_chemical_system_out,45,stability_discharge,0.0332293181409358,0.0332293181409358,0.0289902844236044,0.0289902844236044,-0.5437431147724234,-0.5437431147724234,-0.2816040527466361,-0.2816040527466361,0.0403848068164459,0.0403848068164459,0.036796577733124,0.036796577733124,0.2142857142857142,0.2142857142857142,0.1964285714285714,0.1964285714285714
P3,leave_chemical_system_out,45,stability_worst,0.0185754591881114,0.016766394427095,0.0265888815954202,0.0211077697219681,-0.7915029180739674,-0.2394400246091934,-2.181576523257732,-1.1488606193563164,0.0243437433699333,0.0202484302027706,0.0324414149389518,0.0266613861229637,0.5214285714285714,0.5928571428571427,0.0214285714285714,0.1392857142857142
P3,leave_chemical_system_out,46,average_voltage,0.3489235155564203,0.3489235155564203,0.3069277344704616,0.3069277344704616,0.0765934817586971,0.0765934817586971,0.1450241610733773,0.1450241610733773,0.6410931076785212,0.6410931076785212,0.6168812369194521,0.6168812369194521,0.4607142857142856,0.4607142857142856,0.6178571428571428,0.6178571428571428
P3,leave_chemical_system_out,46,capacity_grav,44.46543962819416,44.46543962819416,50.71365129811603,50.71365129811603,-6.127450758919773e+29,-6.127450758919773e+29,-8.01988798051325e+29,-8.01988798051325e+29,44.49591129457049,44.49591129457049,50.90545714670947,50.90545714670947,,,,
P3,leave_chemical_system_out,46,energy_grav,157.08609319949664,172.43145859663207,220.51600246056432,212.15700587853308,-1.3872375815083635,-1.796037735640395,-3.5330337502695466,-3.2202786370005363,174.31895813842647,188.6549975676116,240.2101068764236,231.7754126270621,0.6071428571428571,0.3249999999999999,0.5071428571428571,0.5678571428571427
P3,leave_chemical_system_out,46,max_delta_volume,0.0381343225461684,0.0381343225461684,0.0146553037243641,0.0146553037243641,-68.89419447884636,-68.89419447884636,-11.542348749848976,-11.542348749848976,0.0386777812675547,0.0386777812675547,0.0163843960459582,0.0163843960459582,-0.3535714285714285,-0.3535714285714285,-0.5,-0.5
P3,leave_chemical_system_out,46,stability_charge,0.0620109290710926,0.0620109290710926,0.041931233141009,0.041931233141009,-0.1357947035718145,-0.1357947035718145,0.0267663577961654,0.0267663577961654,0.0814929700158054,0.0814929700158054,0.0754360227626541,0.0754360227626541,-0.3571428571428571,-0.3571428571428571,0.1678571428571428,0.1678571428571428
P3,leave_chemical_system_out,46,stability_discharge,0.0472521989303111,0.0472521989303111,0.0363106803354898,0.0363106803354898,-0.1484046606137474,-0.1484046606137474,-0.0330606409736728,-0.0330606409736728,0.0683352418163872,0.0683352418163872,0.0648127083976558,0.0648127083976558,-0.3249999999999999,-0.3249999999999999,-0.5928571428571427,-0.5928571428571427
P3,leave_chemical_system_out,46,stability_worst,0.0794111868701812,0.0746771699152823,0.0591461979808843,0.056691515292966,-0.1270742364880925,-0.1114495574255407,-0.0199860055889431,-0.0599523535115062,0.0996819029906246,0.0989885443147699,0.0948281254823758,0.096668110727923,-0.6464285714285712,-0.682142857142857,-0.2642857142857143,-0.1821428571428571
P3,leave_chemical_system_out,47,average_voltage,0.2289355489845393,0.2289355489845393,0.3241105184661317,0.3241105184661317,-0.1921262729624402,-0.1921262729624402,-0.8182185444819912,-0.8182185444819912,0.2979376271042376,0.2979376271042376,0.3679486944610793,0.3679486944610793,0.3978021978021978,0.3978021978021978,0.2615384615384615,0.2615384615384615
P3,leave_chemical_system_out,47,capacity_grav,26.83635082336509,26.83635082336509,27.461418968728424,27.461418968728424,0.5550632407339566,0.5550632407339566,0.6416904179979197,0.6416904179979197,35.360139625112105,35.360139625112105,31.731751076851275,31.731751076851275,0.8296642920864603,0.8296642920864603,0.8009025966274631,0.8009025966274631
P3,leave_chemical_system_out,47,energy_grav,92.11256493403928,104.38144659559062,114.89751486481327,99.65976019721916,0.6295781118396623,0.5861220195601551,0.5643013016222587,0.6275264244904615,118.93828153272884,125.72148419189917,128.99309704717365,119.26721349992594,0.7846153846153847,0.745054945054945,0.7802197802197802,0.7846153846153847
P3,leave_chemical_system_out,47,max_delta_volume,0.026646663589938,0.026646663589938,0.0211595371081764,0.0211595371081764,0.31115418534048,0.31115418534048,0.6155170021599079,0.6155170021599079,0.03294250932107,0.03294250932107,0.0246112819242292,0.0246112819242292,0.5824175824175825,0.5824175824175825,0.7758241758241758,0.7758241758241758
P3,leave_chemical_system_out,47,stability_charge,0.0296277894356538,0.0296277894356538,0.0259067653465684,0.0259067653465684,-3.578610810759873,-3.578610810759873,-2.4658648019671503,-2.4658648019671503,0.0371515100913494,0.0371515100913494,0.032323279325388,0.032323279325388,-0.1078108463167366,-0.1078108463167366,0.5456548956438916,0.5456548956438916
P3,leave_chemical_system_out,47,stability_discharge,0.0173624950020437,0.0173624950020437,0.0223236356847822,0.0223236356847822,-0.3108602387620598,-0.3108602387620598,-1.085927994214828,-1.085927994214828,0.021797159088545,0.021797159088545,0.027496116230133,0.027496116230133,0.2882289972957653,0.2882289972957653,0.3784380727852796,0.3784380727852796
P3,leave_chemical_system_out,47,stability_worst,0.0268866215405531,0.0241779136516106,0.0249468197869062,0.0225748929949402,-2.0260753869815367,-1.496965766195109,-0.965589615825909,-0.51898810799673,0.0364306853193677,0.0330928189713834,0.0293612062688811,0.0258109896355082,-0.0330033203010418,-0.1958197004528482,0.6886692836150728,0.822882786172643
P3,leave_chemical_system_out,48,average_voltage,0.3149263555727293,0.3149263555727293,0.3322026414969895,0.3322026414969895,0.4875297854435223,0.4875297854435223,0.2356904516873544,0.2356904516873544,0.3709170462815678,0.3709170462815678,0.4529780114745948,0.4529780114745948,0.6043956043956044,0.6043956043956044,0.7417582417582418,0.7417582417582418
P3,leave_chemical_system_out,48,capacity_grav,50.12050710370282,50.12050710370282,43.96263215681692,43.96263215681692,-0.6664400768392691,-0.6664400768392691,-0.3331539615354379,-0.3331539615354379,59.0999128493637,59.0999128493637,52.86060670772866,52.86060670772866,0.1182944722943568,0.1182944722943568,0.1458048146883933,0.1458048146883933
P3,leave_chemical_system_out,48,energy_grav,177.01378851102396,164.64700073678958,182.1289606714575,174.222588601145,-0.1629833485368514,-0.0751841214743975,-0.1908696154442406,-0.1306579478806653,224.2076771658917,215.57835419571808,226.8798039941822,221.06976571840156,0.3791208791208791,0.3791208791208791,0.3186813186813187,0.3626373626373627
P3,leave_chemical_system_out,48,max_delta_volume,0.0237672578465677,0.0237672578465677,0.0194119837067096,0.0194119837067096,-2.0181908844424816,-2.0181908844424816,-1.121742489908785,-1.121742489908785,0.0287215086747995,0.0287215086747995,0.0240813169582671,0.0240813169582671,0.6263736263736264,0.6263736263736264,0.5494505494505494,0.5494505494505494
P3,leave_chemical_system_out,48,stability_charge,0.0296820114249701,0.0296820114249701,0.0304419736129404,0.0304419736129404,-6.210046123204365,-6.210046123204365,-5.760040860882375,-5.760040860882375,0.0385618348271412,0.0385618348271412,0.0373390555812178,0.0373390555812178,0.2197802197802197,0.2197802197802197,0.0934065934065934,0.0934065934065934
P3,leave_chemical_system_out,48,stability_discharge,0.0250235900390686,0.0250235900390686,0.0283828674524508,0.0283828674524508,-1.5204050896202932,-1.5204050896202932,-0.922958765713686,-0.922958765713686,0.039126900819188,0.039126900819188,0.0341763171615416,0.0341763171615416,0.2527472527472527,0.2527472527472527,0.2087912087912088,0.2087912087912088
P3,leave_chemical_system_out,48,stability_worst,0.0316255572556671,0.0262140533185309,0.0284428017272918,0.0282616893336191,-4.653091219393022,-3.0804679355865634,-3.301542266054735,-2.4776567659706807,0.0444182103642357,0.0377374929285652,0.0387462929005395,0.0348386580460161,0.0879120879120879,0.1978021978021978,0.1208791208791208,0.0714285714285714
P3,leave_chemical_system_out,49,average_voltage,0.6917494990712354,0.6917494990712354,0.4486069109371717,0.4486069109371717,-0.0628037882251273,-0.0628037882251273,0.5101879886389794,0.5101879886389794,0.8315096466474012,0.8315096466474012,0.564488970313888,0.564488970313888,0.3846153846153846,0.3846153846153846,0.8351648351648352,0.8351648351648352
P3,leave_chemical_system_out,49,capacity_grav,33.865183007476425,33.865183007476425,28.39260445825268,28.39260445825268,-0.2141745763731204,-0.2141745763731204,0.1460171305380803,0.1460171305380803,41.01330740992043,41.01330740992043,34.39606850743816,34.39606850743816,0.7247752847065754,0.7247752847065754,0.4979372185007006,0.4979372185007006
P3,leave_chemical_system_out,49,energy_grav,129.84723833958105,127.90338833582504,103.10662712228611,111.74970960596542,0.37438899410586,0.4290268859762486,0.5055007346344731,0.4635281375349204,145.41298558880368,138.91809864664853,129.28073918239667,134.65561738772035,0.7032967032967032,0.6868131868131868,0.7417582417582418,0.6593406593406593
P3,leave_chemical_system_out,49,max_delta_volume,0.0424053183529804,0.0424053183529804,0.0566780181538949,0.0566780181538949,-0.1413691385343107,-0.1413691385343107,-0.752134741655222,-0.752134741655222,0.0633324747703116,0.0633324747703116,0.0784688244654882,0.0784688244654882,0.5659340659340659,0.5659340659340659,-0.3956043956043956,-0.3956043956043956
P3,leave_chemical_system_out,49,stability_charge,0.0635736656319716,0.0635736656319716,0.0433023956728309,0.0433023956728309,-2.470778048550848,-2.470778048550848,-0.6689439267529727,-0.6689439267529727,0.0773544186119323,0.0773544186119323,0.0536404704427055,0.0536404704427055,0.1813186813186813,0.1813186813186813,0.1978021978021978,0.1978021978021978
P3,leave_chemical_system_out,49,stability_discharge,0.0641574733002983,0.0641574733002983,0.0593747983020392,0.0593747983020392,-0.5968343782139209,-0.5968343782139209,-0.2209165850315533,-0.2209165850315533,0.080641678012687,0.080641678012687,0.0705135558458823,0.0705135558458823,0.7362637362637362,0.7362637362637362,0.0274725274725274,0.0274725274725274
P3,leave_chemical_system_out,49,stability_worst,0.0798032943371582,0.0866706944927759,0.0484590691210682,0.0570065481798307,-2.865056659119837,-3.449110061549621,-0.7162409394824167,-1.1699283030786622,0.0918110092719341,0.0985038950857998,0.0611795048785996,0.0687922511446666,0.3791208791208791,0.2417582417582417,0.2087912087912088,0.0824175824175824
P3,leave_chemical_system_out,50,average_voltage,0.2475226846105762,0.2475226846105762,0.3538822753560061,0.3538822753560061,0.6786386212618833,0.6786386212618833,0.608880712896509,0.608880712896509,0.356907837610382,0.356907837610382,0.3937439197423569,0.3937439197423569,0.8951048951048951,0.8951048951048951,0.8181818181818183,0.8181818181818183
P3,leave_chemical_system_out,50,capacity_grav,27.09400022012026,27.09400022012026,45.25303725134563,45.25303725134563,0.4914929167785183,0.4914929167785183,-0.2563861941800807,-0.2563861941800807,38.182754264436674,38.182754264436674,60.01783521996629,60.01783521996629,0.7394549559641986,0.7394549559641986,0.4436729735785192,0.4436729735785192
P3,leave_chemical_system_out,50,energy_grav,104.12980759495444,93.5019669598982,177.03851039740618,172.43088761501687,0.6298272497324426,0.6900197541247051,0.0458449489169496,0.0314054338144182,131.29309694846415,120.14527034998626,210.7895839452027,212.3785659402392,0.8111888111888113,0.8111888111888113,0.5734265734265735,0.6573426573426573
P3,leave_chemical_system_out,50,max_delta_volume,0.0496700529871962,0.0496700529871962,0.0603960440390528,0.0603960440390528,-0.6857877508379162,-0.6857877508379162,-1.4355044016403835,-1.4355044016403835,0.0617870676670499,0.0617870676670499,0.0742660964246471,0.0742660964246471,-0.0349650349650349,-0.0349650349650349,-0.1048951048951049,-0.1048951048951049
P3,leave_chemical_system_out,50,stability_charge,0.0295637766349824,0.0295637766349824,0.0353865212783963,0.0353865212783963,-1.2927780350125375,-1.2927780350125375,-2.1351146825008867,-2.1351146825008867,0.0389657768007413,0.0389657768007413,0.0455647559251055,0.0455647559251055,-0.0629370629370629,-0.0629370629370629,-0.0069930069930069,-0.0069930069930069
P3,leave_chemical_system_out,50,stability_discharge,0.0336531681888361,0.0336531681888361,0.0459077104884849,0.0459077104884849,-0.2422351980308696,-0.2422351980308696,-0.7477189346425759,-0.7477189346425759,0.0415426848537336,0.0415426848537336,0.0492752051908127,0.0492752051908127,0.2517482517482518,0.2517482517482518,0.8321678321678322,0.8321678321678322
P3,leave_chemical_system_out,50,stability_worst,0.0349561097235421,0.0360840214551428,0.0360187376328303,0.0350419284709217,-1.3193543414851003,-1.735363897598348,-1.742867444983503,-1.9608637541783416,0.0410179704783832,0.0445449188170517,0.0446059739478237,0.046344673643155,-0.5454545454545455,-0.4685314685314686,-0.3496503496503497,-0.1538461538461538
P3,leave_chemical_system_out,51,average_voltage,0.41227699519445,0.41227699519445,0.7077901100285166,0.7077901100285166,-0.065603111153393,-0.065603111153393,-2.212127637063245,-2.212127637063245,0.4829809098948055,0.4829809098948055,0.8385493419769827,0.8385493419769827,0.2587412587412587,0.2587412587412587,-0.0489510489510489,-0.0489510489510489
P3,leave_chemical_system_out,51,capacity_grav,59.401354782866655,59.401354782866655,52.225713405099725,52.225713405099725,0.2654227905337295,0.2654227905337295,0.4406596643735893,0.4406596643735893,71.27956893582812,71.27956893582812,62.19914415353082,62.19914415353082,0.6596376411971161,0.6596376411971161,0.7337145955561506,0.7337145955561506
P3,leave_chemical_system_out,51,energy_grav,163.59829091111604,170.14875875876092,152.40264783209057,166.86074719732494,0.2637782886975851,0.2138126200312096,0.3354407940075022,0.2198144435568332,193.2419095070136,199.6917137071381,183.5962681070817,198.92802134838695,0.5454545454545455,0.5874125874125874,0.6293706293706295,0.6293706293706295
P3,leave_chemical_system_out,51,max_delta_volume,0.0628372727885479,0.0628372727885479,0.06624276543814,0.06624276543814,-0.364075829737579,-0.364075829737579,-0.1237736891689842,-0.1237736891689842,0.0866070238389193,0.0866070238389193,0.0786091839473622,0.0786091839473622,0.5594405594405596,0.5594405594405596,0.1468531468531468,0.1468531468531468
P3,leave_chemical_system_out,51,stability_charge,0.0371807332596782,0.0371807332596782,0.0296273979552734,0.0296273979552734,-13.93822842829043,-13.93822842829043,-9.150539210831967,-9.150539210831967,0.0449096723138622,0.0449096723138622,0.0370198704591215,0.0370198704591215,-0.4195804195804196,-0.4195804195804196,-0.5034965034965035,-0.5034965034965035
P3,leave_chemical_system_out,51,stability_discharge,0.0285898101785035,0.0285898101785035,0.0304455552865274,0.0304455552865274,-0.9309164294972908,-0.9309164294972908,-1.1256350452722046,-1.1256350452722046,0.0351949594398356,0.0351949594398356,0.0369269196110058,0.0369269196110058,0.6083916083916086,0.6083916083916086,0.1118881118881118,0.1118881118881118
P3,leave_chemical_system_out,51,stability_worst,0.043855581977878,0.0306328887834429,0.0447720961487119,0.0235160988006451,-13.567268422545062,-7.512867931880029,-14.979780421473563,-4.835783591989887,0.051265223486741,0.0391896821843816,0.0536931888134684,0.0324476600201671,-0.0769230769230769,-0.1748251748251748,0.0139860139860139,-0.0349650349650349
P3,leave_chemical_system_out,52,average_voltage,0.4598483297916377,0.4598483297916377,0.5689278667621545,0.5689278667621545,-0.7231473108521915,-0.7231473108521915,-2.4858395065335697,-2.4858395065335697,0.4896746269058615,0.4896746269058615,0.6964662753073101,0.6964662753073101,0.0559440559440559,0.0559440559440559,-0.7552447552447553,-0.7552447552447553
P3,leave_chemical_system_out,52,capacity_grav,33.82899633913689,33.82899633913689,31.07171439795609,31.07171439795609,0.1975059547524833,0.1975059547524833,0.0933139077571479,0.0933139077571479,38.75330516128627,38.75330516128627,41.19232601005727,41.19232601005727,0.8531468531468532,0.8531468531468532,0.8181818181818183,0.8181818181818183
P3,leave_chemical_system_out,52,energy_grav,114.95856745730528,117.1847641828695,97.75960076444004,131.96658756328816,-0.0553941500256551,-0.0329314673202816,0.2616096319028073,-0.0542498827250135,151.7904847800821,150.16646615887151,126.9638894218902,151.70817619775815,0.7132867132867133,0.7622377622377624,0.6153846153846154,0.6433566433566434
P3,leave_chemical_system_out,52,max_delta_volume,0.0243397310048362,0.0243397310048362,0.0260240332746018,0.0260240332746018,-0.0294231234463437,-0.0294231234463437,-0.2141066467076759,-0.2141066467076759,0.0379980867938526,0.0379980867938526,0.0412660774617876,0.0412660774617876,0.5034965034965035,0.5034965034965035,0.3916083916083916,0.3916083916083916
P3,leave_chemical_system_out,52,stability_charge,0.0389861809526504,0.0389861809526504,0.0297768966071939,0.0297768966071939,-1.5830560330004713,-1.5830560330004713,-0.1754600019297205,-0.1754600019297205,0.0518752444993563,0.0518752444993563,0.0349942887407472,0.0349942887407472,0.7342657342657343,0.7342657342657343,0.6853146853146854,0.6853146853146854
P3,leave_chemical_system_out,52,stability_discharge,0.0542497622672649,0.0542497622672649,0.0232209484159993,0.0232209484159993,-12.862253450721822,-12.862253450721822,-3.2483810205892345,-3.2483810205892345,0.0663790072176077,0.0663790072176077,0.0367473110237064,0.0367473110237064,-0.0139860139860139,-0.0139860139860139,0.4125874125874127,0.4125874125874127
P3,leave_chemical_system_out,52,stability_worst,0.035808691748296,0.0390635222751049,0.0318959653228656,0.0301430175687451,-1.4460732405392225,-1.6343923637985056,-0.5555276369851969,-0.1878846653191328,0.050079018511094,0.0519710282871206,0.0399355753933028,0.0348986171376449,0.7482517482517484,0.7342657342657343,0.6363636363636365,0.6853146853146854
P3,leave_chemical_system_out,53,average_voltage,0.4539159803719602,0.4539159803719602,0.5800138870915148,0.5800138870915148,0.236303839567346,0.236303839567346,-0.0466567145372007,-0.0466567145372007,0.5887272026451051,0.5887272026451051,0.6892169214804936,0.6892169214804936,0.5363636363636364,0.5363636363636364,0.7363636363636363,0.7363636363636363
P3,leave_chemical_system_out,53,capacity_grav,22.332286494986786,22.332286494986786,36.97826191259083,36.97826191259083,0.701712106396253,0.701712106396253,0.5152683032466878,0.5152683032466878,34.2528202361827,34.2528202361827,43.6645743875365,43.6645743875365,0.870161710874372,0.870161710874372,0.6332590461337052,0.6332590461337052
P3,leave_chemical_system_out,53,energy_grav,87.29197865195425,78.29341159096349,96.22429006375712,101.84573197273184,0.6775573389891931,0.6893282113387981,0.5170163037540427,0.4930659352696317,124.17864967360752,121.89098697211443,151.98016795083555,155.70280000679796,0.8909090909090911,0.8909090909090911,0.7454545454545456,0.6181818181818182
P3,leave_chemical_system_out,53,max_delta_volume,0.0233242371453399,0.0233242371453399,0.0304714730295431,0.0304714730295431,0.0594472788692838,0.0594472788692838,-0.3972840027516982,-0.3972840027516982,0.028068650379754,0.028068650379754,0.0342115146656561,0.0342115146656561,0.2727272727272727,0.2727272727272727,-0.0727272727272727,-0.0727272727272727
P3,leave_chemical_system_out,53,stability_charge,0.0331168604372963,0.0331168604372963,0.0646328734670076,0.0646328734670076,-1.003763728381989,-1.003763728381989,-8.875268863687426,-8.875268863687426,0.0386088722919775,0.0386088722919775,0.0857113480317597,0.0857113480317597,-0.0272727272727272,-0.0272727272727272,0.1363636363636363,0.1363636363636363
P3,leave_chemical_system_out,53,stability_discharge,0.0274277789617452,0.0274277789617452,0.047811065639327,0.047811065639327,-0.3913610487989032,-0.3913610487989032,-1.9311228174183983,-1.9311228174183983,0.0370671174103708,0.0370671174103708,0.0538004491352942,0.0538004491352942,0.4636363636363637,0.4636363636363637,0.0636363636363636,0.0636363636363636
P3,leave_chemical_system_out,53,stability_worst,0.0243352557892827,0.027111086899911,0.0603716671493037,0.0571251619972082,-0.2566523495598358,-0.6265912962119882,-6.375518863283269,-6.026947972750487,0.0290822673367504,0.033087191924508,0.0704558368387022,0.0687707970124451,0.4727272727272727,0.4090909090909091,0.5,0.4454545454545455
P3,leave_chemical_system_out,54,average_voltage,0.6082575527011257,0.6082575527011257,0.761500848942556,0.761500848942556,-0.6505430690733276,-0.6505430690733276,-1.826561525416163,-1.826561525416163,0.6904887706810088,0.6904887706810088,0.90359207039346,0.90359207039346,0.1727272727272727,0.1727272727272727,-0.1181818181818181,-0.1181818181818181
P3,leave_chemical_system_out,54,capacity_grav,36.381304529825634,36.381304529825634,37.051253947582616,37.051253947582616,-0.6478652421365507,-0.6478652421365507,-0.3657112618909017,-0.3657112618909017,44.610107402934176,44.610107402934176,40.61176528170092,40.61176528170092,0.3918005609172564,0.3918005609172564,0.2596817671195769,0.2596817671195769
P3,leave_chemical_system_out,54,energy_grav,102.75633196739128,101.8508809730731,112.34966212343755,99.11081213675432,-2.64901856985986,-2.719923637462366,-3.592544263229861,-3.170428583010615,120.79973149514052,121.96773100609222,135.52037901556204,129.14222851824852,-0.1636363636363636,-0.3090909090909091,-0.2636363636363636,-0.1818181818181818
P3,leave_chemical_system_out,54,max_delta_volume,0.0304543178285919,0.0304543178285919,0.0519277412596769,0.0519277412596769,0.0363857282149545,0.0363857282149545,-2.044012154689318,-2.044012154689318,0.0372567492748755,0.0372567492748755,0.0662180730327235,0.0662180730327235,0.5090909090909091,0.5090909090909091,-0.1363636363636363,-0.1363636363636363
P3,leave_chemical_system_out,54,stability_charge,0.1462923463652049,0.1462923463652049,0.1230837248145149,0.1230837248145149,-0.3565556404694037,-0.3565556404694037,-0.0998842679069378,-0.0998842679069378,0.1756201123981003,0.1756201123981003,0.1581353412580894,0.1581353412580894,-0.5799147215210734,-0.5799147215210734,-0.4885895685256288,-0.4885895685256288
P3,leave_chemical_system_out,54,stability_discharge,0.0817090086031133,0.0817090086031133,0.0597274747017604,0.0597274747017604,-0.2079321238672009,-0.2079321238672009,0.1251333848749063,0.1251333848749063,0.1081749412202101,0.1081749412202101,0.0920611348999235,0.0920611348999235,-0.1454545454545454,-0.1454545454545454,0.3727272727272728,0.3727272727272728
P3,leave_chemical_system_out,54,stability_worst,0.1315514583193334,0.1301307355529774,0.1070945868152,0.1069221140022873,-0.2164975523979628,-0.2590736813696495,0.0569305972756718,-0.0594067335043568,0.16295328426493,0.1657803572369707,0.1434760215292971,0.1520683601454786,0.0818181818181818,0.0,0.8454545454545455,0.4181818181818182
P3,leave_chemical_system_out,55,average_voltage,1.0384029186826838,1.0384029186826838,1.3319803079268544,1.3319803079268544,-4.116990580185201,-4.116990580185201,-6.32250325845332,-6.32250325845332,1.225885983069391,1.225885983069391,1.4664678876890906,1.4664678876890906,0.4272727272727273,0.4272727272727273,0.4363636363636364,0.4363636363636364
P3,leave_chemical_system_out,55,capacity_grav,24.706297668358857,24.706297668358857,32.66600546158654,32.66600546158654,0.2508488163143739,0.2508488163143739,-0.3850268604171092,-0.3850268604171092,29.94430246739541,29.94430246739541,40.715386696174,40.715386696174,0.7981987297166114,0.7981987297166114,0.6238794669049377,0.6238794669049377
P3,leave_chemical_system_out,55,energy_grav,87.92138694605875,91.4916647669927,114.60844884933172,99.81461214733169,-2.285420079269513,-2.2700762470321743,-1.9771904407905567,-1.5175634732729648,128.89632738604192,128.59498415424102,122.70108348505764,112.83278406902456,0.3636363636363636,0.2363636363636363,0.0727272727272727,-0.009090909090909
P3,leave_chemical_system_out,55,max_delta_volume,0.0405321147711137,0.0405321147711137,0.0273780792280808,0.0273780792280808,-19.524567785998705,-19.524567785998705,-8.924815024747499,-8.924815024747499,0.0482818057113467,0.0482818057113467,0.0335743570411862,0.0335743570411862,0.1090909090909091,0.1090909090909091,0.4909090909090909,0.4909090909090909
P3,leave_chemical_system_out,55,stability_charge,0.0417465921278508,0.0417465921278508,0.0582626753715575,0.0582626753715575,-6.943391995653718,-6.943391995653718,-13.31523372841798,-13.31523372841798,0.0595306468703251,0.0595306468703251,0.0799165681703372,0.0799165681703372,-0.3918005609172564,-0.3918005609172564,-0.1640095371281539,-0.1640095371281539
P3,leave_chemical_system_out,55,stability_discharge,0.0341683778994159,0.0341683778994159,0.0531947729853963,0.0531947729853963,-1.982989306239459,-1.982989306239459,-5.170737501481328,-5.170737501481328,0.0460988191345598,0.0460988191345598,0.0663028945466073,0.0663028945466073,-0.3545454545454546,-0.3545454545454546,-0.1909090909090909,-0.1909090909090909
P3,leave_chemical_system_out,55,stability_worst,0.0334545055321173,0.0352975592205772,0.0649177167585097,0.0556166933700589,-2.766581969421034,-2.416861516333343,-8.66244180790132,-6.233617711203533,0.0514678765332697,0.049020329667769,0.0824339261028422,0.0713247594158469,-0.0818181818181818,-0.2272727272727272,-0.3454545454545455,-0.1
P3,leave_chemical_system_out,56,average_voltage,0.5067910434557474,0.5067910434557474,0.4479449130169245,0.4479449130169245,0.4592003223507415,0.4592003223507415,0.5565288765182398,0.5565288765182398,0.6008996032641495,0.6008996032641495,0.5441471743346574,0.5441471743346574,0.5030303030303029,0.5030303030303029,0.4909090909090908,0.4909090909090908
P3,leave_chemical_system_out,56,capacity_grav,32.208312582947265,32.208312582947265,55.699579831110256,55.699579831110256,0.5188586122289638,0.5188586122289638,-0.3166911330353041,-0.3166911330353041,38.153357842818416,38.153357842818416,63.11583948963491,63.11583948963491,0.5903616993224882,0.5903616993224882,0.7265990145507546,0.7265990145507546
P3,leave_chemical_system_out,56,energy_grav,136.03705007145456,128.51538564274364,150.3088437206372,168.53749820061765,0.3798591852396792,0.4193159947498568,0.3112247280278666,0.0750166417897089,160.18201366928602,155.0024358154084,168.81357403819015,195.63004318156288,0.6484848484848483,0.6,0.7818181818181817,0.6848484848484848
P3,leave_chemical_system_out,56,max_delta_volume,0.0547757363203428,0.0547757363203428,0.0430111087222354,0.0430111087222354,-0.4361701476252571,-0.4361701476252571,0.3922629808431936,0.3922629808431936,0.0715422911429881,0.0715422911429881,0.0465390744982769,0.0465390744982769,0.1272727272727272,0.1272727272727272,0.2121212121212121,0.2121212121212121
P3,leave_chemical_system_out,56,stability_charge,0.0321654663383447,0.0321654663383447,0.1141189726855374,0.1141189726855374,-0.5201770717870919,-0.5201770717870919,-17.339329778894182,-17.339329778894182,0.0393568453348172,0.0393568453348172,0.136698868929812,0.136698868929812,0.6121212121212121,0.6121212121212121,-0.1515151515151515,-0.1515151515151515
P3,leave_chemical_system_out,56,stability_discharge,0.0550099774404697,0.0550099774404697,0.0747636219071826,0.0747636219071826,-0.578838333900092,-0.578838333900092,-1.077797889674788,-1.077797889674788,0.074074802219208,0.074074802219208,0.0849773766488135,0.0849773766488135,0.3333333333333332,0.3333333333333332,0.309090909090909,0.309090909090909
P3,leave_chemical_system_out,56,stability_worst,0.0489310683491686,0.0504141758642345,0.1295991776791707,0.1080770994026149,-0.6057583159324624,-0.8236629987713624,-5.775773296711738,-4.428417820033601,0.0677538451351945,0.0722048134880628,0.1391788650606894,0.1245748838626559,0.3454545454545454,0.2484848484848484,-0.1636363636363636,-0.2969696969696969
P3,leave_chemical_system_out,57,average_voltage,1.2330288104213871,1.2330288104213871,0.7966709611622018,0.7966709611622018,-0.7451393820943806,-0.7451393820943806,0.1457559872755399,0.1457559872755399,1.442341273328486,1.442341273328486,1.0091226251142336,1.0091226251142336,0.0666666666666666,0.0666666666666666,0.3696969696969697,0.3696969696969697
P3,leave_chemical_system_out,57,capacity_grav,51.7177074526987,51.7177074526987,91.39564641466238,91.39564641466238,-0.304624307334947,-0.304624307334947,-1.9890326880552665,-1.9890326880552665,65.11841411133133,65.11841411133133,98.5658370785028,98.5658370785028,0.4724282017376836,0.4724282017376836,0.4969699265032775,0.4969699265032775
P3,leave_chemical_system_out,57,energy_grav,123.27097809505578,130.68610949778366,247.6642634894829,226.28515887522508,0.0794822524571318,-0.0163501974921254,-2.234905366347327,-1.731275627669365,144.04273863532464,151.35507052235985,270.02630709420475,248.11787413443005,0.6606060606060605,0.6121212121212121,0.4545454545454545,0.5393939393939393
P3,leave_chemical_system_out,57,max_delta_volume,0.1029581186299565,0.1029581186299565,0.1427538268570705,0.1427538268570705,-0.2493024942509292,-0.2493024942509292,-0.7416380981835387,-0.7416380981835387,0.1378720079615713,0.1378720079615713,0.1627875756163055,0.1627875756163055,-0.6242424242424242,-0.6242424242424242,0.0787878787878787,0.0787878787878787
P3,leave_chemical_system_out,57,stability_charge,0.1391448257947487,0.1391448257947487,0.1683861622192372,0.1683861622192372,-0.5493823575367955,-0.5493823575367955,-0.9573701680205492,-0.9573701680205492,0.2249292600553609,0.2249292600553609,0.2528151722798198,0.2528151722798198,0.1039799111508229,0.1039799111508229,-0.3975702485178524,-0.3975702485178524
P3,leave_chemical_system_out,57,stability_discharge,0.1150622880097516,0.1150622880097516,0.120498936153471,0.120498936153471,-2.466038854535047,-2.466038854535047,-2.7194528615036,-2.7194528615036,0.1323771285736532,0.1323771285736532,0.1371310408971323,0.1371310408971323,0.1272727272727272,0.1272727272727272,-0.1878787878787878,-0.1878787878787878
P3,leave_chemical_system_out,57,stability_worst,0.1672256283120917,0.1674670502202319,0.1689611992537968,0.1877554855048649,-1.0743491494679698,-1.0892327927851737,-1.0904182112483216,-1.305612641638953,0.2335400942247447,0.234376432386164,0.2344429148652935,0.246214539082146,0.1094229978624116,0.0182371663104019,-0.2553203283456271,-0.3647433262080387
P3,leave_chemical_system_out,58,average_voltage,0.3965375307412431,0.3965375307412431,0.2390262593479686,0.2390262593479686,-0.1479628037404641,-0.1479628037404641,0.4330561909071264,0.4330561909071264,0.4511692274027578,0.4511692274027578,0.3170630045993177,0.3170630045993177,0.3999999999999999,0.3999999999999999,0.5166666666666667,0.5166666666666667
P3,leave_chemical_system_out,58,capacity_grav,35.271057567448906,35.271057567448906,23.077352738405768,23.077352738405768,-4.621459358065662,-4.621459358065662,-1.1385091235465348,-1.1385091235465348,42.2567070959778,42.2567070959778,26.06313582216046,26.06313582216046,0.809461100193995,0.809461100193995,0.7659416862050705,0.7659416862050705
P3,leave_chemical_system_out,58,energy_grav,173.490309428593,178.8992619296781,85.52319885650121,80.31170008745737,-9.059320788630554,-9.490534574311909,-2.3436898813560547,-2.179957307246841,202.42253494793263,206.71564173975756,116.70447943684448,113.81124521061822,0.3,0.2833333333333333,0.2666666666666666,0.2833333333333333
P3,leave_chemical_system_out,58,max_delta_volume,0.0416315401570642,0.0416315401570642,0.0340064342858958,0.0340064342858958,-9.432827386626396,-9.432827386626396,-5.666972343103337,-5.666972343103337,0.0465197137685618,0.0465197137685618,0.0371877882750331,0.0371877882750331,-0.25,-0.25,-0.8333333333333333,-0.8333333333333333
P3,leave_chemical_system_out,58,stability_charge,0.0162137881922444,0.0162137881922444,0.0617831599620132,0.0617831599620132,-7.364933476213027,-7.364933476213027,-72.44258552859785,-72.44258552859785,0.0222446906985531,0.0222446906985531,0.0659127003710858,0.0659127003710858,-0.0333333333333333,-0.0333333333333333,-0.3666666666666667,-0.3666666666666667
P3,leave_chemical_system_out,58,stability_discharge,0.0248974959592923,0.0248974959592923,0.0538140958091522,0.0538140958091522,-1.4492660976667158,-1.4492660976667158,-10.572332183880569,-10.572332183880569,0.0260901991414294,0.0260901991414294,0.0567113328350583,0.0567113328350583,0.6833333333333333,0.6833333333333333,0.2166666666666666,0.2166666666666666
P3,leave_chemical_system_out,58,stability_worst,0.0127582521268714,0.0162137881922444,0.0512339011073591,0.0617831599620132,-3.704159134373845,-7.364933476213027,-45.57256523430735,-72.44258552859785,0.0166815394988713,0.0222446906985531,0.0524880218540025,0.0659127003710858,0.1833333333333333,-0.0333333333333333,0.4333333333333333,-0.3666666666666667
P3,leave_chemical_system_out,59,average_voltage,0.24106160073934,0.24106160073934,0.2004904439944146,0.2004904439944146,0.5382930765204492,0.5382930765204492,0.6637242400934726,0.6637242400934726,0.292470961033877,0.292470961033877,0.249601585689853,0.249601585689853,0.8833333333333333,0.8833333333333333,0.7999999999999999,0.7999999999999999
P3,leave_chemical_system_out,59,capacity_grav,18.691220376831204,18.691220376831204,23.0743530578691,23.0743530578691,0.6540936217968372,0.6540936217968372,0.4168819228572474,0.4168819228572474,23.989218232868296,23.989218232868296,31.146916802204423,31.146916802204423,0.7113032974423645,0.7113032974423645,0.7866177642303797,0.7866177642303797
P3,leave_chemical_system_out,59,energy_grav,110.82531057687086,96.81390378433616,107.465684850987,96.04959088210624,0.4961008205224334,0.6147102592835277,0.4353159374706141,0.5243486576760048,133.5487843770827,116.77821595107991,141.37443389579178,129.75152681398907,0.8333333333333333,0.8333333333333333,0.65,0.7833333333333333
P3,leave_chemical_system_out,59,max_delta_volume,0.0251032907873695,0.0251032907873695,0.0158654676681203,0.0158654676681203,-1.0234051005553346,-1.0234051005553346,-0.0736056104734623,-0.0736056104734623,0.0291854688154445,0.0291854688154445,0.0212592353540335,0.0212592353540335,0.6333333333333333,0.6333333333333333,0.8666666666666667,0.8666666666666667
P3,leave_chemical_system_out,59,stability_charge,0.0225499648188704,0.0225499648188704,0.0245681322114772,0.0245681322114772,-0.1995347528014852,-0.1995347528014852,-0.0550337282653292,-0.0550337282653292,0.0280838260808315,0.0280838260808315,0.026338014311727,0.026338014311727,0.0333333333333333,0.0333333333333333,0.3,0.3
P3,leave_chemical_system_out,59,stability_discharge,0.0174893980680514,0.0174893980680514,0.0239322109572037,0.0239322109572037,0.6478605303863414,0.6478605303863414,0.3292932870333672,0.3292932870333672,0.0196663490714349,0.0196663490714349,0.0271414294731602,0.0271414294731602,0.7833333333333333,0.7833333333333333,0.6666666666666667,0.6666666666666667
P3,leave_chemical_system_out,59,stability_worst,0.0192569332443673,0.0169956143982632,0.0182689653660254,0.0170477696748637,-0.1405473846330667,-0.002366698299683,0.051901872562993,0.1755803879405015,0.0225438816022163,0.0211341771406091,0.0205541098297582,0.0191666488266237,0.2166666666666666,0.2666666666666666,0.4666666666666666,0.6666666666666667
P3,leave_chemical_system_out,60,average_voltage,0.7100309762114986,0.7100309762114986,0.7538136276724002,0.7538136276724002,-1.066943674283653,-1.066943674283653,-1.3169595565324794,-1.3169595565324794,0.7739611834188316,0.7739611834188316,0.8194341996215836,0.8194341996215836,-0.3333333333333334,-0.3333333333333334,0.5476190476190477,0.5476190476190477
P3,leave_chemical_system_out,60,capacity_grav,33.85893961240515,33.85893961240515,50.19635490078053,50.19635490078053,0.5438624975364885,0.5438624975364885,0.0705209625278291,0.0705209625278291,42.457491013828616,42.457491013828616,60.6074812778544,60.6074812778544,0.6946232319096901,0.6946232319096901,0.6946232319096901,0.6946232319096901
P3,leave_chemical_system_out,60,energy_grav,154.17451648971104,165.54234282682245,122.2556634170298,125.632547877479,0.5050638785001111,0.4372679476403392,0.688500990299017,0.6884335305963073,211.60334660454728,225.63100765438247,167.87123744134945,167.8894139529286,0.8571428571428572,0.6904761904761906,0.9285714285714288,0.9285714285714288
P3,leave_chemical_system_out,60,max_delta_volume,0.0525016589280603,0.0525016589280603,0.0500579327535269,0.0500579327535269,-0.1269007356380809,-0.1269007356380809,-0.0779516010200462,-0.0779516010200462,0.0577199699323309,0.0577199699323309,0.0564524631497385,0.0564524631497385,0.4047619047619048,0.4047619047619048,0.3095238095238095,0.3095238095238095
P3,leave_chemical_system_out,60,stability_charge,0.0519506809726626,0.0519506809726626,0.0461787786300962,0.0461787786300962,0.4563437353823607,0.4563437353823607,0.7356702171142797,0.7356702171142797,0.1056913397967765,0.1056913397967765,0.073697075544751,0.073697075544751,0.7142857142857144,0.7142857142857144,0.5000000000000001,0.5000000000000001
P3,leave_chemical_system_out,60,stability_discharge,0.0531923071133491,0.0531923071133491,0.0507875584183779,0.0507875584183779,0.4302575881481416,0.4302575881481416,0.4312256044412087,0.4312256044412087,0.0889232634258419,0.0889232634258419,0.088847689131071,0.088847689131071,0.523809523809524,0.523809523809524,0.6904761904761906,0.6904761904761906
P3,leave_chemical_system_out,60,stability_worst,0.0438040519972528,0.0497089547013129,0.033478388100064,0.0415240627991857,0.486466054217805,0.4343604464692562,0.8233597645240285,0.7337071829072626,0.1003276545902521,0.1052945678919344,0.0588411156834473,0.072246332792705,0.5952380952380953,0.7142857142857144,0.5000000000000001,0.5000000000000001
P3,leave_chemical_system_out,61,average_voltage,0.6551654134401956,0.6551654134401956,0.2256963955941036,0.2256963955941036,-4.391088335751578,-4.391088335751578,0.2133983146789301,0.2133983146789301,0.7487113850429626,0.7487113850429626,0.2859918449502765,0.2859918449502765,0.3333333333333334,0.3333333333333334,0.5952380952380953,0.5952380952380953
P3,leave_chemical_system_out,61,capacity_grav,46.36927335397175,46.36927335397175,33.53427730768868,33.53427730768868,-0.0803925010616308,-0.0803925010616308,0.4171485210633499,0.4171485210633499,48.61716971011203,48.61716971011203,35.70901273985636,35.70901273985636,0.5714285714285715,0.5714285714285715,0.4523809523809524,0.4523809523809524
P3,leave_chemical_system_out,61,energy_grav,106.95047630029038,87.18966112275683,92.02345053088756,103.8409500165836,0.1908331881656289,0.4529239548514895,0.4050907614944072,0.4135961335946897,137.7624986224994,113.2754587079303,118.123780193886,117.27633698472854,0.5952380952380953,0.5952380952380953,0.6904761904761906,0.5952380952380953
P3,leave_chemical_system_out,61,max_delta_volume,0.0697919836016392,0.0697919836016392,0.0213209825695818,0.0213209825695818,-53.55846591555356,-53.55846591555356,-4.61606849739697,-4.61606849739697,0.0783733892458719,0.0783733892458719,0.0251451222324685,0.0251451222324685,0.5476190476190477,0.5476190476190477,-0.380952380952381,-0.380952380952381
P3,leave_chemical_system_out,61,stability_charge,0.0629691866161079,0.0629691866161079,0.0352992786792444,0.0352992786792444,-7.677479416556265,-7.677479416556265,-1.7751486184055931,-1.7751486184055931,0.0695438799318431,0.0695438799318431,0.0393283063075925,0.0393283063075925,0.2380952380952381,0.2380952380952381,0.4047619047619048,0.4047619047619048
P3,leave_chemical_system_out,61,stability_discharge,0.0336351850595887,0.0336351850595887,0.0340900768461602,0.0340900768461602,-1.7817649598538003,-1.7817649598538003,-1.041913566057667,-1.041913566057667,0.0468064381875919,0.0468064381875919,0.040101817401006,0.040101817401006,-0.2380952380952381,-0.2380952380952381,0.1428571428571428,0.1428571428571428
P3,leave_chemical_system_out,61,stability_worst,0.0671099083349911,0.0587083486691919,0.0353493033909224,0.0313680754044079,-8.763001603671134,-7.102174054851984,-1.6485455607302972,-1.559526795789739,0.071127552649501,0.0647958169428775,0.0370467325042459,0.0364188330447053,0.3571428571428572,0.3333333333333334,0.5476190476190477,0.523809523809524
P3,leave_chemical_system_out,62,average_voltage,0.4848046055924743,0.4848046055924743,0.4108813807967147,0.4108813807967147,-0.7323495617213003,-0.7323495617213003,-0.2229607537959141,-0.2229607537959141,0.5731935085293983,0.5731935085293983,0.4816036372226834,0.4816036372226834,-0.261904761904762,-0.261904761904762,-0.3095238095238095,-0.3095238095238095
P3,leave_chemical_system_out,62,capacity_grav,32.29756221092606,32.29756221092606,41.88805784584567,41.88805784584567,0.596652980124587,0.596652980124587,0.357320879586683,0.357320879586683,40.631529488372585,40.631529488372585,51.2885994438989,51.2885994438989,0.9157291161525718,0.9157291161525718,0.9157291161525718,0.9157291161525718
P3,leave_chemical_system_out,62,energy_grav,106.2059184071851,97.68605146382572,116.93590078328371,121.75904623647016,0.6340936545767377,0.6841896080177642,0.4190749485469148,0.3485912740553657,113.56767253254776,105.50741028921466,143.09676228279469,151.52927343982762,0.8571428571428572,0.8571428571428572,0.7857142857142858,0.8571428571428572
P3,leave_chemical_system_out,62,max_delta_volume,0.0262006338486562,0.0262006338486562,0.0164939413800817,0.0164939413800817,-0.5808114148106474,-0.5808114148106474,0.3813803845368637,0.3813803845368637,0.0317414622341517,0.0317414622341517,0.0198563189964145,0.0198563189964145,-0.3571428571428572,-0.3571428571428572,0.3333333333333334,0.3333333333333334
P3,leave_chemical_system_out,62,stability_charge,0.0199195752393205,0.0199195752393205,0.0256616159918873,0.0256616159918873,-0.8264412261126701,-0.8264412261126701,-1.37758612244231,-1.37758612244231,0.0258590586436661,0.0258590586436661,0.0295038022793787,0.0295038022793787,0.3571428571428572,0.3571428571428572,-0.2380952380952381,-0.2380952380952381
P3,leave_chemical_system_out,62,stability_discharge,0.0323462820627064,0.0323462820627064,0.0255824952605017,0.0255824952605017,-3.928167615000112,-3.928167615000112,-2.8866737774753157,-2.8866737774753157,0.0358257464316369,0.0358257464316369,0.0318157054731734,0.0318157054731734,-0.4523809523809524,-0.4523809523809524,-0.3571428571428572,-0.3571428571428572
P3,leave_chemical_system_out,62,stability_worst,0.0225923374438742,0.0199195752393205,0.0165673292457024,0.0234348497435433,-0.957627505262374,-0.8264412261126701,-0.4020355343825057,-0.9545066509878868,0.0267716346459961,0.0258590586436661,0.0226563200382387,0.0267502864334754,0.2857142857142857,0.3571428571428572,0.1428571428571428,-0.1428571428571428
P3,leave_chemical_system_out,63,average_voltage,0.859114265778355,0.859114265778355,0.7104276831133813,0.7104276831133813,-0.3296618858878861,-0.3296618858878861,-0.6967677095425615,-0.6967677095425615,1.1198051061127847,1.1198051061127847,1.2649781639320938,1.2649781639320938,0.3571428571428572,0.3571428571428572,0.1666666666666667,0.1666666666666667
P3,leave_chemical_system_out,63,capacity_grav,41.72374700661496,41.72374700661496,53.51918361537111,53.51918361537111,0.5620268288366363,0.5620268288366363,0.484376580734115,0.484376580734115,54.73964508120418,54.73964508120418,59.39426885890242,59.39426885890242,0.8916309815169778,0.8916309815169778,0.686796837114429,0.686796837114429
P3,leave_chemical_system_out,63,energy_grav,100.578338657144,152.599241290811,169.14561654365053,93.13251411068435,0.6587374777986704,0.373128597089433,0.4364024897072118,0.7792999231021642,142.13455317278095,192.63917053462183,182.65850694987557,114.30273249876396,0.9047619047619048,0.9047619047619048,0.7380952380952381,0.9285714285714288
P3,leave_chemical_system_out,63,max_delta_volume,0.0533826081361887,0.0533826081361887,0.0629393906595823,0.0629393906595823,-0.1575990041460808,-0.1575990041460808,-1.1481572208058148,-1.1481572208058148,0.0703073088332647,0.0703073088332647,0.0957755013964022,0.0957755013964022,0.1904761904761905,0.1904761904761905,-0.4285714285714286,-0.4285714285714286
P3,leave_chemical_system_out,63,stability_charge,0.2099219814414841,0.2099219814414841,0.1997529624501925,0.1997529624501925,-1.4871891219549664,-1.4871891219549664,-1.0843975645387656,-1.0843975645387656,0.2800481606169506,0.2800481606169506,0.2563708234117149,0.2563708234117149,-0.4790505047653035,-0.4790505047653035,-0.2155727271443865,-0.2155727271443865
P3,leave_chemical_system_out,63,stability_discharge,0.1292226972212419,0.1292226972212419,0.1138778133201254,0.1138778133201254,-0.3823475971945587,-0.3823475971945587,-0.0584130333006067,-0.0584130333006067,0.2017788948609092,0.2017788948609092,0.1765609665628821,0.1765609665628821,0.2380952380952381,0.2380952380952381,0.2380952380952381,0.2380952380952381
P3,leave_chemical_system_out,63,stability_worst,0.1986460491724309,0.1982690171979365,0.1996897726029154,0.1912466212350872,-1.522149307219996,-1.5186053081712196,-1.301870750187605,-1.1271457932699795,0.266914416159361,0.2667268227907845,0.2549923208586049,0.2451236772840103,-0.4071929290505081,-0.4790505047653035,0.1317388888104584,-0.2395252523826517
P3,leave_chemical_system_out,64,average_voltage,0.2383921145699795,0.2383921145699795,0.2926215316459147,0.2926215316459147,0.4992618590631752,0.4992618590631752,0.3230408994395434,0.3230408994395434,0.3199540081634528,0.3199540081634528,0.3720175551066566,0.3720175551066566,0.7380952380952381,0.7380952380952381,0.8333333333333335,0.8333333333333335
P3,leave_chemical_system_out,64,capacity_grav,31.472339487674937,31.472339487674937,18.28729911504042,18.28729911504042,0.471314180686289,0.471314180686289,0.7318891859483632,0.7318891859483632,38.32085096503413,38.32085096503413,27.289368095519176,27.289368095519176,0.9047619047619048,0.9047619047619048,0.880952380952381,0.880952380952381
P3,leave_chemical_system_out,64,energy_grav,124.38717500446478,129.34313050983587,109.00478380358136,106.083679372429,0.4417294695843294,0.4151574754995817,0.6024461334984148,0.604912848172549,162.62992500195728,166.45528230819508,137.23854370489116,136.81211710849945,0.7380952380952381,0.7380952380952381,0.9047619047619048,0.880952380952381
P3,leave_chemical_system_out,64,max_delta_volume,0.0144121702545524,0.0144121702545524,0.0167322275213529,0.0167322275213529,0.4554015048427773,0.4554015048427773,0.2604817993274844,0.2604817993274844,0.0172251692916082,0.0172251692916082,0.0200724189976146,0.0200724189976146,0.3333333333333334,0.3333333333333334,0.1428571428571428,0.1428571428571428
P3,leave_chemical_system_out,64,stability_charge,0.0299939782907878,0.0299939782907878,0.0210976671845204,0.0210976671845204,-0.9782595555091184,-0.9782595555091184,-0.182794527341086,-0.182794527341086,0.0336638287832539,0.0336638287832539,0.0260301413489149,0.0260301413489149,-0.3095238095238095,-0.3095238095238095,0.1904761904761905,0.1904761904761905
P3,leave_chemical_system_out,64,stability_discharge,0.0166437640514587,0.0166437640514587,0.0117525212123262,0.0117525212123262,0.4206698851038158,0.4206698851038158,0.8008805821580602,0.8008805821580602,0.0250803614461563,0.0250803614461563,0.0147037308915199,0.0147037308915199,0.8571428571428572,0.8571428571428572,0.9047619047619048,0.9047619047619048
P3,leave_chemical_system_out,64,stability_worst,0.0188023342635873,0.0262681216333043,0.0170444553148144,0.0181390101421606,-0.1588418547044705,-1.127034350803469,-0.2350324986562035,-0.0524276244217392,0.0227062456540758,0.0307624200245205,0.0234408005005648,0.0216386102888832,0.5000000000000001,0.380952380952381,0.7142857142857144,0.7857142857142858
P3,leave_chemical_system_out,65,average_voltage,1.191794076821214,1.191794076821214,1.359558293482667,1.359558293482667,0.0271293483406303,0.0271293483406303,-0.2716552887784345,-0.2716552887784345,1.3280797885500235,1.3280797885500235,1.518382945673074,1.518382945673074,0.0952380952380952,0.0952380952380952,-0.2857142857142857,-0.2857142857142857
P3,leave_chemical_system_out,65,capacity_grav,71.2808616353822,71.2808616353822,87.70908817136025,87.70908817136025,-0.1782043929056485,-0.1782043929056485,-0.68538487419736,-0.68538487419736,103.38133943811842,103.38133943811842,123.64637311804604,123.64637311804604,0.3571428571428572,0.3571428571428572,0.3333333333333334,0.3333333333333334
P3,leave_chemical_system_out,65,energy_grav,520.457139996288,505.8511143004872,614.8897114074209,642.5848026549795,-0.0113817485205478,0.0469386229688073,-0.4299886035752553,-0.526261929217446,617.2347032035121,599.1743517806508,733.9374824619441,758.2410894974167,0.5714285714285715,0.5000000000000001,0.5476190476190477,0.5476190476190477
P3,leave_chemical_system_out,65,max_delta_volume,0.0967901383709475,0.0967901383709475,0.1363638762690009,0.1363638762690009,0.4453722199717507,0.4453722199717507,0.0489615977787817,0.0489615977787817,0.1441758376302806,0.1441758376302806,0.1887950923645526,0.1887950923645526,0.9047619047619048,0.9047619047619048,0.8333333333333335,0.8333333333333335
P3,leave_chemical_system_out,65,stability_charge,0.091710942733201,0.091710942733201,0.0429842857933666,0.0429842857933666,-2216.521884552259,-2216.521884552259,-549.8509259649375,-549.8509259649375,0.0952967505685897,0.0952967505685897,0.0474964528786905,0.0474964528786905,0.5773502691896258,0.5773502691896258,0.2474358296526967,0.2474358296526967
P3,leave_chemical_system_out,65,stability_discharge,0.038821051378109,0.038821051378109,0.0386334097472765,0.0386334097472765,-0.0062791246504076,-0.0062791246504076,0.0884216916802875,0.0884216916802875,0.0600049676608054,0.0600049676608054,0.0571116839354074,0.0571116839354074,0.467074242146171,0.467074242146171,0.3113828280974473,0.3113828280974473
P3,leave_chemical_system_out,65,stability_worst,0.0526107656921525,0.0628612102161426,0.0550358712931649,0.0430417604272999,-0.024227182046093,-0.277773116961546,-0.3165109529205208,-0.0228369015460498,0.0605377287479817,0.0676168364408953,0.0686341425976755,0.0604966280011178,0.2275489897635191,0.1916202019061214,-0.2515015150017844,-0.2275489897635191
P3,leave_chemical_system_out,66,average_voltage,0.1961062236135427,0.1961062236135427,0.130083180389753,0.130083180389753,0.3307245711466359,0.3307245711466359,0.747850940710385,0.747850940710385,0.2295481572362127,0.2295481572362127,0.1408964485268081,0.1408964485268081,0.5714285714285715,0.5714285714285715,0.6071428571428572,0.6071428571428572
P3,leave_chemical_system_out,66,capacity_grav,47.570084029857775,47.570084029857775,40.133982388884014,40.133982388884014,0.3150443736254875,0.3150443736254875,0.3809333285083851,0.3809333285083851,48.39221801611455,48.39221801611455,46.00584598596824,46.00584598596824,0.6123724356957946,0.6123724356957946,0.6123724356957946,0.6123724356957946
P3,leave_chemical_system_out,66,energy_grav,166.45529679660922,167.09319265319405,173.3876676636572,137.63181700796525,0.4159405233281537,0.4163672938116618,0.3658874155674774,0.4963067954566065,175.8959084103232,175.83163336409,183.27802061125885,163.34665506765276,0.6071428571428572,0.7142857142857144,0.4642857142857144,0.5714285714285715
P3,leave_chemical_system_out,66,max_delta_volume,0.0145673703746857,0.0145673703746857,0.0278069349870974,0.0278069349870974,0.4125296432963661,0.4125296432963661,-0.3705063002384925,-0.3705063002384925,0.018877142378771,0.018877142378771,0.0288325989370536,0.0288325989370536,0.0,0.0,0.3571428571428572,0.3571428571428572
P3,leave_chemical_system_out,66,stability_charge,0.0086870193634795,0.0086870193634795,0.0262485245872738,0.0262485245872738,0.1482634990431567,0.1482634990431567,-4.952019898506597,-4.952019898506597,0.0103626127852869,0.0103626127852869,0.0273935822172965,0.0273935822172965,0.4642857142857144,0.4642857142857144,0.8928571428571429,0.8928571428571429
P3,leave_chemical_system_out,66,stability_discharge,0.01052094531599,0.01052094531599,0.0215501098520841,0.0215501098520841,-7.228742402340966,-7.228742402340966,-20.09441559554161,-20.09441559554161,0.0142317367050505,0.0142317367050505,0.0227863579783859,0.0227863579783859,-0.1785714285714286,-0.1785714285714286,-0.2857142857142857,-0.2857142857142857
P3,leave_chemical_system_out,66,stability_worst,0.0134463364106935,0.0102719062813937,0.0328118609720774,0.020031411751965,-2.0625179841427346,-0.6992622461624656,-11.199155832910735,-3.324659852836529,0.0172615686328341,0.0128579324475322,0.0344513167098341,0.020512420592602,0.1785714285714286,0.1785714285714286,-0.7142857142857144,0.7500000000000002
P3,leave_chemical_system_out,67,average_voltage,0.2794601970701027,0.2794601970701027,0.1219370965112671,0.1219370965112671,0.8117253754021665,0.8117253754021665,0.9570467135271764,0.9570467135271764,0.3269486768089718,0.3269486768089718,0.1561643465020574,0.1561643465020574,0.9642857142857144,0.9642857142857144,0.9642857142857144,0.9642857142857144
P3,leave_chemical_system_out,67,capacity_grav,25.40864288681925,25.40864288681925,21.795382768823487,21.795382768823487,0.1519853451110194,0.1519853451110194,0.4046807873462343,0.4046807873462343,30.021611881258885,30.021611881258885,25.15401274837836,25.15401274837836,0.8571428571428573,0.8571428571428573,0.9285714285714288,0.9285714285714288
P3,leave_chemical_system_out,67,energy_grav,97.0564766553283,91.41060596982015,72.6704423710091,62.20365371959305,0.2154888647146093,0.2742895423096803,0.6720696179563508,0.7430172248052447,134.74382489435703,129.5958235352413,87.11644458572093,77.11898811396452,0.9642857142857144,1.0,0.8214285714285715,0.7500000000000002
P3,leave_chemical_system_out,67,max_delta_volume,0.0289800568562342,0.0289800568562342,0.0423662803214384,0.0423662803214384,0.4155460689156139,0.4155460689156139,-0.4953463262523794,-0.4953463262523794,0.033851815146995,0.033851815146995,0.0541474130629183,0.0541474130629183,0.9642857142857144,0.9642857142857144,0.1071428571428571,0.1071428571428571
P3,leave_chemical_system_out,67,stability_charge,0.0206374837561691,0.0206374837561691,0.0106569654106007,0.0106569654106007,-0.5039842716785545,-0.5039842716785545,0.5732106557623187,0.5732106557623187,0.0270424113069838,0.0270424113069838,0.0144055734320657,0.0144055734320657,-0.1071428571428571,-0.1071428571428571,0.8214285714285715,0.8214285714285715
P3,leave_chemical_system_out,67,stability_discharge,0.0154629725445339,0.0154629725445339,0.0225551381721837,0.0225551381721837,0.7071621096045093,0.7071621096045093,0.4188840072280853,0.4188840072280853,0.0178195575268049,0.0178195575268049,0.0251023681756016,0.0251023681756016,0.9642857142857144,0.9642857142857144,0.8571428571428573,0.8571428571428573
P3,leave_chemical_system_out,67,stability_worst,0.0120480349096698,0.0118061673169485,0.0212857031597211,0.0116661096910807,0.5028653621941714,0.5635361554309121,-0.3289652826501807,0.5503650498923299,0.0164999307399249,0.0154603473238291,0.0269775140438993,0.015691885849555,0.7500000000000002,0.7142857142857144,-0.5,0.6071428571428572
P3,leave_chemical_system_out,68,average_voltage,0.3484217430936591,0.3484217430936591,0.777480144075673,0.777480144075673,0.7197849747221117,0.7197849747221117,-0.4906734697234129,-0.4906734697234129,0.3801000466838277,0.3801000466838277,0.8766847957410953,0.8766847957410953,0.8214285714285715,0.8214285714285715,0.5714285714285715,0.5714285714285715
P3,leave_chemical_system_out,68,capacity_grav,30.22683874131883,30.22683874131883,21.012286567338855,21.012286567338855,-0.0736578855098648,-0.0736578855098648,0.4173338159339829,0.4173338159339829,36.86615940509167,36.86615940509167,27.15844152075504,27.15844152075504,0.642857142857143,0.642857142857143,0.6071428571428572,0.6071428571428572
P3,leave_chemical_system_out,68,energy_grav,141.6425727192768,116.18262922039284,153.66740072725185,151.39703242368043,-0.1473566327987379,0.2149074523326496,-0.1088046888840303,-0.0573920001784684,178.7770417739606,147.8846026879733,175.74786517877888,171.62499658581413,0.7857142857142859,0.8928571428571429,0.3214285714285715,0.7857142857142859
P3,leave_chemical_system_out,68,max_delta_volume,0.0161095487235988,0.0161095487235988,0.0137024755822574,0.0137024755822574,-1.6330044111378124,-1.6330044111378124,-1.3427545486532857,-1.3427545486532857,0.0187943328458183,0.0187943328458183,0.0177281948112166,0.0177281948112166,0.1785714285714286,0.1785714285714286,0.1785714285714286,0.1785714285714286
P3,leave_chemical_system_out,68,stability_charge,0.0299788732471068,0.0299788732471068,0.0314056018041732,0.0314056018041732,-1.4175549070232258,-1.4175549070232258,-2.0290244791958973,-2.0290244791958973,0.0348363909586098,0.0348363909586098,0.0389938731164512,0.0389938731164512,0.4504687313477795,0.4504687313477795,0.5405624776173354,0.5405624776173354
P3,leave_chemical_system_out,68,stability_discharge,0.0248266300767878,0.0248266300767878,0.0252291939441866,0.0252291939441866,-0.9968513493831616,-0.9968513493831616,-0.7524960485978844,-0.7524960485978844,0.0300255629128807,0.0300255629128807,0.0281285155818988,0.0281285155818988,0.6126374746329801,0.6126374746329801,-0.2522624895547565,-0.2522624895547565
P3,leave_chemical_system_out,68,stability_worst,0.0263660885287546,0.0299788732471068,0.020739118224418,0.0314056018041732,-1.288721630691524,-1.4175549070232258,-0.6104955081557188,-2.0290244791958973,0.0338954551256531,0.0348363909586098,0.0284331346394044,0.0389938731164512,0.1801874925391118,0.4504687313477795,0.5225437283634242,0.5405624776173354
P3,leave_chemical_system_out,69,average_voltage,0.4873777976476366,0.4873777976476366,0.6319741158604562,0.6319741158604562,-3.4900866448450705,-3.4900866448450705,-6.423587433457596,-6.423587433457596,0.5570179307085231,0.5570179307085231,0.7162237674630786,0.7162237674630786,-0.0714285714285714,-0.0714285714285714,-0.2142857142857143,-0.2142857142857143
P3,leave_chemical_system_out,69,capacity_grav,39.460974244217695,39.460974244217695,34.35733292429215,34.35733292429215,-0.5844711965535418,-0.5844711965535418,0.1059526302660839,0.1059526302660839,55.67615563991363,55.67615563991363,41.82224393272367,41.82224393272367,0.5,0.5,0.25,0.25
P3,leave_chemical_system_out,69,energy_grav,169.57259290000906,155.8576183603885,159.15299931878403,168.5131359385135,-0.299120826920243,-0.255142664684747,-0.0096831062343629,-0.131684429051919,243.6857758777482,239.52560917920823,214.8314957063617,227.44064454018311,0.5,0.5,0.1428571428571428,0.1071428571428571
P3,leave_chemical_system_out,69,max_delta_volume,0.0416233144592746,0.0416233144592746,0.0398256349479646,0.0398256349479646,0.367976327666752,0.367976327666752,0.3725274030746615,0.3725274030746615,0.0430941930682038,0.0430941930682038,0.0429387564351683,0.0429387564351683,0.5357142857142858,0.5357142857142858,0.7857142857142859,0.7857142857142859
P3,leave_chemical_system_out,69,stability_charge,0.0286435760176511,0.0286435760176511,0.0349566419073606,0.0349566419073606,-1.17121410426657,-1.17121410426657,-2.4481265587665866,-2.4481265587665866,0.0335847050555344,0.0335847050555344,0.0423235230572743,0.0423235230572743,0.7158675207589936,0.7158675207589936,-0.9177788727679403,-0.9177788727679403
P3,leave_chemical_system_out,69,stability_discharge,0.0542821534745081,0.0542821534745081,0.0390672960465125,0.0390672960465125,-3.2784510446706703,-3.2784510446706703,-1.7537231368469093,-1.7537231368469093,0.0659128655236647,0.0659128655236647,0.0528794641988927,0.0528794641988927,0.2142857142857143,0.2142857142857143,-0.6785714285714287,-0.6785714285714287
P3,leave_chemical_system_out,69,stability_worst,0.0338418742197007,0.0379814332970658,0.0405992927001862,0.034062965070633,-1.6515583052302043,-2.1163615525183306,-1.9116999193704625,-2.042744862223409,0.0445258756125263,0.0482709445389374,0.0466589740636008,0.0476973935002403,0.0714285714285714,0.2857142857142857,-0.8214285714285715,-0.6071428571428572
P3,leave_chemical_system_out,70,average_voltage,0.711843788001214,0.711843788001214,0.5117989516844241,0.5117989516844241,-0.6156299804601328,-0.6156299804601328,-0.1147795498514059,-0.1147795498514059,0.7193541423731373,0.7193541423731373,0.5975390518279846,0.5975390518279846,0.8214285714285715,0.8214285714285715,0.3214285714285715,0.3214285714285715
P3,leave_chemical_system_out,70,capacity_grav,44.58549779273072,44.58549779273072,45.17282447693144,45.17282447693144,0.4327089593749996,0.4327089593749996,0.5256518306407074,0.5256518306407074,58.43879248029731,58.43879248029731,53.43759271968268,53.43759271968268,0.3706246583305506,0.3706246583305506,0.7783117824941564,0.7783117824941564
P3,leave_chemical_system_out,70,energy_grav,104.55733301121882,120.4025535352598,152.11084908492498,148.9973978084183,0.0167363431769589,0.0194797672235749,-0.0800297842257817,0.0734778118605105,187.4289179254663,187.1672606547903,196.43527105514573,181.9405555160464,0.1785714285714286,0.1785714285714286,0.5714285714285715,0.642857142857143
P3,leave_chemical_system_out,70,max_delta_volume,0.0259011200593677,0.0259011200593677,0.0430779190007609,0.0430779190007609,0.4485925181337001,0.4485925181337001,-0.7577356905693513,-0.7577356905693513,0.0280943734971194,0.0280943734971194,0.0501602635920492,0.0501602635920492,0.7857142857142859,0.7857142857142859,0.7142857142857144,0.7142857142857144
P3,leave_chemical_system_out,70,stability_charge,0.0178973258113097,0.0178973258113097,0.0244916958825068,0.0244916958825068,-0.1861794184907281,-0.1861794184907281,-1.93458403983211,-1.93458403983211,0.0238688701310959,0.0238688701310959,0.0375430839868559,0.0375430839868559,-0.5714285714285715,-0.5714285714285715,-0.3928571428571429,-0.3928571428571429
P3,leave_chemical_system_out,70,stability_discharge,0.0272100873226967,0.0272100873226967,0.0275548150432298,0.0275548150432298,-0.3385876794485905,-0.3385876794485905,-0.5266939320671087,-0.5266939320671087,0.0283318195988786,0.0283318195988786,0.0302570822501604,0.0302570822501604,-0.3928571428571429,-0.3928571428571429,-0.1785714285714286,-0.1785714285714286
P3,leave_chemical_system_out,70,stability_worst,0.0077267201345535,0.0197916417199726,0.016422641625532,0.0208208129342977,-0.5767908583704311,-7.485854804076212,-7.113890212610226,-8.796301920160346,0.0092726066063386,0.0215110983876056,0.0210343623910408,0.0231124438529936,-0.1428571428571428,-0.2857142857142857,-0.3928571428571429,-0.5357142857142858
P3,leave_chemical_system_out,71,average_voltage,0.5750495257035091,0.5750495257035091,0.4649475638829466,0.4649475638829466,-2.4019450276038,-2.4019450276038,-1.6712472310601991,-1.6712472310601991,0.6734599512597885,0.6734599512597885,0.5967675108692783,0.5967675108692783,0.2142857142857143,0.2142857142857143,0.3928571428571429,0.3928571428571429
P3,leave_chemical_system_out,71,capacity_grav,14.279228490137095,14.279228490137095,21.13636281250908,21.13636281250908,0.1854332357944966,0.1854332357944966,-0.2097274543438443,-0.2097274543438443,19.97732457734586,19.97732457734586,24.34544690280763,24.34544690280763,0.7092081432669753,0.7092081432669753,0.2909571869813232,0.2909571869813232
P3,leave_chemical_system_out,71,energy_grav,92.3042867303486,95.10675952610754,107.24073978276908,119.14497120726146,0.303626864244488,0.1520218554569262,-0.0736289431778958,-0.2700559169325602,100.95840413457448,111.40733926157613,125.3569964734868,136.34301505250758,0.6785714285714287,0.6785714285714287,0.5714285714285715,0.25
P3,leave_chemical_system_out,71,max_delta_volume,0.0302861846976535,0.0302861846976535,0.0295201671097898,0.0295201671097898,-1.949004212123008,-1.949004212123008,-1.6777805717661185,-1.6777805717661185,0.0340121514476016,0.0340121514476016,0.0324103634261123,0.0324103634261123,0.7857142857142859,0.7857142857142859,0.3928571428571429,0.3928571428571429
P3,leave_chemical_system_out,71,stability_charge,0.029970235250246,0.029970235250246,0.0278921174810376,0.0278921174810376,-0.90757076346302,-0.90757076346302,-0.950069584186754,-0.950069584186754,0.0357492844418533,0.0357492844418533,0.0361453204071171,0.0361453204071171,-0.3928571428571429,-0.3928571428571429,-0.0714285714285714,-0.0714285714285714
P3,leave_chemical_system_out,71,stability_discharge,0.018822973246237,0.018822973246237,0.0202984970983504,0.0202984970983504,-0.331984361969506,-0.331984361969506,-0.3814915557848957,-0.3814915557848957,0.0235542324754977,0.0235542324754977,0.0239879707963299,0.0239879707963299,-0.0357142857142857,-0.0357142857142857,0.3571428571428572,0.3571428571428572
P3,leave_chemical_system_out,71,stability_worst,0.0281608715089181,0.0272789310771485,0.0256956683648561,0.0194033494395946,-0.99766757096007,-0.8604161665976691,-0.5823712140033317,-0.0325894993207727,0.0342916905442222,0.0330927103822598,0.0305197852212347,0.0246542126882551,-0.4285714285714286,-0.5714285714285715,0.0,0.2142857142857143
P3,leave_chemical_system_out,72,average_voltage,0.6486661191791304,0.6486661191791304,0.9427395449923608,0.9427395449923608,-5.58315322827122,-5.58315322827122,-12.604228503328242,-12.604228503328242,0.686730588252065,0.686730588252065,0.987202778894768,0.987202778894768,0.6071428571428572,0.6071428571428572,0.1428571428571428,0.1428571428571428
P3,leave_chemical_system_out,72,capacity_grav,73.04312915082521,73.04312915082521,43.80370022190501,43.80370022190501,-0.7455394949807057,-0.7455394949807057,0.1868324032876652,0.1868324032876652,79.48349749221778,79.48349749221778,54.25030215282867,54.25030215282867,0.3555285645684319,0.3555285645684319,0.3929526239966879,0.3929526239966879
P3,leave_chemical_system_out,72,energy_grav,77.86308867083714,78.42379903286282,155.8113908156728,189.0947628651731,0.1384499315636524,0.1656266598290569,-1.8453186487929791,-2.9288208981426385,100.35304952493146,98.75759910637753,182.37099554562056,214.2996340063553,0.4285714285714286,0.4285714285714286,0.4642857142857144,0.1428571428571428
P3,leave_chemical_system_out,72,max_delta_volume,0.0839475609318612,0.0839475609318612,0.0633408614901321,0.0633408614901321,-0.3553470673364887,-0.3553470673364887,0.1580290411507597,0.1580290411507597,0.1038429004994301,0.1038429004994301,0.0818464987969166,0.0818464987969166,0.5357142857142858,0.5357142857142858,0.4642857142857144,0.4642857142857144
P3,leave_chemical_system_out,72,stability_charge,0.0223140065831774,0.0223140065831774,0.0286014045896111,0.0286014045896111,-0.0233788384657371,-0.0233788384657371,-1.9946003810282609,-1.9946003810282609,0.0267287603303947,0.0267287603303947,0.0457225073496998,0.0457225073496998,0.1091089451179962,0.1091089451179962,-0.2182178902359924,-0.2182178902359924
P3,leave_chemical_system_out,72,stability_discharge,0.0226061220397045,0.0226061220397045,0.0159353992529595,0.0159353992529595,-0.4712936443554345,-0.4712936443554345,-0.0362907907286753,-0.0362907907286753,0.026571682758627,0.026571682758627,0.0223002739703497,0.0223002739703497,0.4285714285714286,0.4285714285714286,0.3571428571428572,0.3571428571428572
P3,leave_chemical_system_out,72,stability_worst,0.0246660943315647,0.0242183708492283,0.0207583555166944,0.0175476480624834,-0.4509940186557495,-0.1901663486760152,-0.7782479360908181,-0.0711287546588514,0.0309068468466291,0.0279914710215,0.0342151182783891,0.0265547812439043,0.4285714285714286,0.4285714285714286,-0.0357142857142857,0.3571428571428572
P3,leave_chemical_system_out,73,average_voltage,0.4949591213843644,0.4949591213843644,0.4009294325017425,0.4009294325017425,-8.193882523041369,-8.193882523041369,-3.900122949549112,-3.900122949549112,0.6756682662901429,0.6756682662901429,0.4932732172115979,0.4932732172115979,0.2857142857142857,0.2857142857142857,0.1428571428571428,0.1428571428571428
P3,leave_chemical_system_out,73,capacity_grav,29.52887163189048,29.52887163189048,32.631782163690964,32.631782163690964,0.6333398563938026,0.6333398563938026,0.5271988882030973,0.5271988882030973,36.8821188790273,36.8821188790273,41.881599146157136,41.881599146157136,0.6785714285714287,0.6785714285714287,0.642857142857143,0.642857142857143
P3,leave_chemical_system_out,73,energy_grav,127.93600823954247,128.68887662228622,132.6706361187485,148.35793121500964,0.5198440589065028,0.4728449679880964,0.5122386763302129,0.3539718771167829,155.03962986955156,162.45038603491298,156.26267327575476,179.8362680453595,0.5357142857142858,0.4642857142857144,0.7500000000000002,0.7142857142857144
P3,leave_chemical_system_out,73,max_delta_volume,0.0371280691769015,0.0371280691769015,0.0523371621787535,0.0523371621787535,-1.201523345984484,-1.201523345984484,-3.2288897360722717,-3.2288897360722717,0.0454460914894209,0.0454460914894209,0.0629865863193736,0.0629865863193736,0.3214285714285715,0.3214285714285715,0.3214285714285715,0.3214285714285715
P3,leave_chemical_system_out,73,stability_charge,0.0311715397619227,0.0311715397619227,0.0396586451314906,0.0396586451314906,-2.380943208076353,-2.380943208076353,-6.078165131174163,-6.078165131174163,0.0335865791791212,0.0335865791791212,0.0485967448760903,0.0485967448760903,-0.3214285714285715,-0.3214285714285715,-0.8571428571428573,-0.8571428571428573
P3,leave_chemical_system_out,73,stability_discharge,0.0241025765256723,0.0241025765256723,0.0136127850796417,0.0136127850796417,-1.2434241941625346,-1.2434241941625346,0.0912195003045028,0.0912195003045028,0.0274210567353681,0.0274210567353681,0.01745251369631,0.01745251369631,-0.1428571428571428,-0.1428571428571428,0.0,0.0
P3,leave_chemical_system_out,73,stability_worst,0.0227989889332006,0.0261528198923164,0.0294632544111299,0.0342157943091002,-1.7502796033667232,-1.6485436615630311,-3.472253481530818,-4.029254373380764,0.0292711506246211,0.0287246627793849,0.0373262685143439,0.0395824955520864,0.1428571428571428,-0.0357142857142857,-0.8214285714285715,-0.8571428571428573
P3,leave_chemical_system_out,74,average_voltage,0.5916689099271247,0.5916689099271247,0.394448156771865,0.394448156771865,-3.65974927341394,-3.65974927341394,-1.1316984506490648,-1.1316984506490648,0.68373727339943,0.68373727339943,0.4624564764674087,0.4624564764674087,0.1428571428571428,0.1428571428571428,0.3571428571428572,0.3571428571428572
P3,leave_chemical_system_out,74,capacity_grav,14.672843626729158,14.672843626729158,23.92433123980577,23.92433123980577,0.3942719357540841,0.3942719357540841,-1.5900502783676145,-1.5900502783676145,15.1429925728021,15.1429925728021,31.313164455665763,31.313164455665763,0.7500000000000002,0.7500000000000002,0.8214285714285715,0.8214285714285715
P3,leave_chemical_system_out,74,energy_grav,56.58664622316568,42.40993862794031,38.2458380664047,25.020081608968614,-3.0865861392528178,-1.0704478530698367,-1.896172435902589,0.0974323784794963,63.799853641379336,45.41209126302332,53.70955591734352,29.983286076237512,0.1428571428571428,0.0357142857142857,0.3571428571428572,0.3571428571428572
P3,leave_chemical_system_out,74,max_delta_volume,0.0377290115306675,0.0377290115306675,0.0773896300346307,0.0773896300346307,-0.3292209022313885,-0.3292209022313885,-4.548794051986963,-4.548794051986963,0.0404330984004691,0.0404330984004691,0.0826109743927652,0.0826109743927652,0.4642857142857144,0.4642857142857144,0.2142857142857143,0.2142857142857143
P3,leave_chemical_system_out,74,stability_charge,0.0823575352877096,0.0823575352877096,0.0651573203273903,0.0651573203273903,-1940.2993435311776,-1940.2993435311776,-1506.2061059589528,-1506.2061059589528,0.0834355243403159,0.0834355243403159,0.0735175572037684,0.0735175572037684,-0.774827169668916,-0.774827169668916,-0.9449111825230682,-0.9449111825230682
P3,leave_chemical_system_out,74,stability_discharge,0.0569768513012452,0.0569768513012452,0.0492168127189458,0.0492168127189458,-9.399667918002049,-9.399667918002049,-6.974965365443088,-6.974965365443088,0.0623112989475279,0.0623112989475279,0.0545659187107149,0.0545659187107149,-0.8571428571428573,-0.8571428571428573,-0.7142857142857144,-0.7142857142857144
P3,leave_chemical_system_out,74,stability_worst,0.0669097507278987,0.080739911183943,0.0324460132239281,0.0600345684530636,-404.4146435757862,-581.7681498908973,-103.55916619407532,-393.9927849564081,0.0681111876906589,0.0816613662685058,0.0345899387784731,0.0672300321707696,-0.6057340560268408,-0.8260009854911466,-0.7525786756697113,-0.8260009854911466
P3,leave_family_out,0,average_voltage,1.0926606433678614,1.0926606433678614,1.1219156628418097,1.1219156628418097,-0.7525913865858198,-0.7525913865858198,-0.8487041571117866,-0.8487041571117866,1.2868741905467982,1.2868741905467982,1.321689571223772,1.321689571223772,0.5245131149141226,0.5245131149141226,0.4599211432999515,0.4599211432999515
P3,leave_family_out,0,capacity_grav,41.58677834564106,41.58677834564106,43.18821364361264,43.18821364361264,0.2104587434012017,0.2104587434012017,0.17060730553845,0.17060730553845,50.09695051956082,50.09695051956082,51.34568818256043,51.34568818256043,0.4749292245528304,0.4749292245528304,0.405785423814416,0.405785423814416
P3,leave_family_out,0,energy_grav,175.2229947887612,172.959709263079,179.8072089138783,183.1655590518393,0.2225044704663331,0.1944790843711225,0.1376710005492728,0.0950219667779278,211.98003780222305,215.76670314726425,223.2453957221924,228.6994044980759,0.4044680433906578,0.4846853952968208,0.3724262178556953,0.3890764833717874
P3,leave_family_out,0,max_delta_volume,0.0651196071523428,0.0651196071523428,0.0407151670565647,0.0407151670565647,-1.9865089051824296,-1.9865089051824296,-0.5851426686087766,-0.5851426686087766,0.076934537981425,0.076934537981425,0.0560497424325102,0.0560497424325102,0.1228126484674245,0.1228126484674245,0.1040800111316095,0.1040800111316095
P3,leave_family_out,0,stability_charge,0.0594406701639097,0.0594406701639097,0.067954871509731,0.067954871509731,-0.9660434900438268,-0.9660434900438268,-1.3683588160973232,-1.3683588160973232,0.0713607563601054,0.0713607563601054,0.0783225167937358,0.0783225167937358,0.1998169367763873,0.1998169367763873,0.2248432595474184,0.2248432595474184
P3,leave_family_out,0,stability_discharge,0.0297396384944322,0.0297396384944322,0.0338237941800542,0.0338237941800542,-0.3002490845943275,-0.3002490845943275,-0.7085394443529232,-0.7085394443529232,0.0418382185972416,0.0418382185972416,0.0479592531264145,0.0479592531264145,0.2495516986630958,0.2495516986630958,0.1326754898921801,0.1326754898921801
P3,leave_family_out,0,stability_worst,0.0456876749062704,0.0510719846958861,0.0518022305663721,0.0597816705671586,-0.4465907168779304,-0.6991097026614927,-0.7094706968097393,-1.0785419509249945,0.0588841595550197,0.0638169955124283,0.0640112744880672,0.0705838008760478,0.1819165965797544,0.1769309983640991,0.1661476836224197,0.1535517180235316
P3,leave_family_out,1,average_voltage,0.9224546356194048,0.9224546356194048,0.8660928140265017,0.8660928140265017,-0.2665569107727001,-0.2665569107727001,-0.1190584404373851,-0.1190584404373851,1.1273655247407253,1.1273655247407253,1.059689860711075,1.059689860711075,0.4528345637517719,0.4528345637517719,0.4289849097650713,0.4289849097650713
P3,leave_family_out,1,capacity_grav,53.77616669671633,53.77616669671633,54.3470854962915,54.3470854962915,0.2127744594881866,0.2127744594881866,0.243082702188583,0.243082702188583,72.33669654855694,72.33669654855694,70.9305453425668,70.9305453425668,0.5458828577902876,0.5458828577902876,0.5710376525498041,0.5710376525498041
P3,leave_family_out,1,energy_grav,198.5395795241134,202.08788305001627,183.27830877352037,188.2189214318968,0.0982732799265095,0.0589211997183883,0.2392570191567833,0.1703049060937981,259.81429812200946,265.4230119588436,238.640722399906,249.22111752159825,0.5826920770572722,0.5628558520207614,0.6403903097833361,0.6146808293979918
P3,leave_family_out,1,max_delta_volume,0.0565116456458412,0.0565116456458412,0.0512296620098893,0.0512296620098893,-0.3476415678976279,-0.3476415678976279,-0.1730403952071293,-0.1730403952071293,0.0791025777545423,0.0791025777545423,0.0738006048313586,0.0738006048313586,0.1820062195234053,0.1820062195234053,0.2404795628041009,0.2404795628041009
P3,leave_family_out,1,stability_charge,0.0649164112601531,0.0649164112601531,0.0672478061352099,0.0672478061352099,-0.2970321087696888,-0.2970321087696888,-0.2432405888056017,-0.2432405888056017,0.114564739170292,0.114564739170292,0.1121639246924598,0.1121639246924598,0.0099964618382264,0.0099964618382264,0.1787136037921307,0.1787136037921307
P3,leave_family_out,1,stability_discharge,0.0533083517515852,0.0533083517515852,0.064542218103415,0.064542218103415,-0.130976205080247,-0.130976205080247,-0.3360524214963394,-0.3360524214963394,0.0939545090146376,0.0939545090146376,0.1021180804745051,0.1021180804745051,0.1343612006337873,0.1343612006337873,0.1314697093769946,0.1314697093769946
P3,leave_family_out,1,stability_worst,0.0624252437475088,0.0595774723100854,0.077079226014189,0.0641190591050307,-0.2270134330227999,-0.2135799222864691,-0.4556141770978232,-0.1961222333223156,0.1109875364561654,0.1103783110385106,0.1208850769822316,0.1095815236104237,-0.0071675120436515,0.0166131612706939,0.152615570024224,0.1251122583552296
P3,leave_family_out,2,average_voltage,1.3730786408220623,1.3730786408220623,1.097667847440901,1.097667847440901,-0.9245490022369196,-0.9245490022369196,-0.1970955843163471,-0.1970955843163471,1.6708048563071567,1.6708048563071567,1.3177276431101372,1.3177276431101372,0.0788294778758743,0.0788294778758743,0.3981391430868782,0.3981391430868782
P3,leave_family_out,2,capacity_grav,52.32642456659724,52.32642456659724,55.40804677635791,55.40804677635791,0.5175747678108842,0.5175747678108842,0.429967020228689,0.429967020228689,68.41667857914858,68.41667857914858,74.36986118690278,74.36986118690278,0.7295455573733495,0.7295455573733495,0.7078589938688242,0.7078589938688242
P3,leave_family_out,2,energy_grav,235.6665845743137,235.03906319108327,351.11328250705606,263.6184013717291,0.4321192868746826,0.4162029294328081,-0.1334812988092315,0.2600542911457315,323.1897979701683,327.68762390422853,456.60037426563474,368.9172915323202,0.7433210471904768,0.7578282344832867,0.5961734945780424,0.703854113976982
P3,leave_family_out,2,max_delta_volume,0.0664096565242965,0.0664096565242965,0.0756459700219696,0.0756459700219696,0.0640007438917832,0.0640007438917832,-0.0271947342738745,-0.0271947342738745,0.0959084811905688,0.0959084811905688,0.1004721403169075,0.1004721403169075,0.3181146379752651,0.3181146379752651,0.2441761063070433,0.2441761063070433
P3,leave_family_out,2,stability_charge,0.071059136779469,0.071059136779469,0.098567666389143,0.098567666389143,-9.875679374618915,-9.875679374618915,-14.158546447606604,-14.158546447606604,0.1040478194204867,0.1040478194204867,0.1228382341031935,0.1228382341031935,-0.4484943285810284,-0.4484943285810284,-0.213809846445715,-0.213809846445715
P3,leave_family_out,2,stability_discharge,0.0611511821135041,0.0611511821135041,0.0890342023576989,0.0890342023576989,-0.3243466303171451,-0.3243466303171451,-1.2779624027686558,-1.2779624027686558,0.0883614493171144,0.0883614493171144,0.11588714698198,0.11588714698198,-0.0911598254609042,-0.0911598254609042,-0.0649703516894454,-0.0649703516894454
P3,leave_family_out,2,stability_worst,0.0709340072360223,0.065110125939331,0.1095092200514759,0.0997605357522641,-0.6782181121838089,-0.5009498817637181,-2.3566574486857133,-1.8069396391780588,0.097893536820163,0.0925790911615597,0.138446929765921,0.1266036872397204,-0.1748329596041076,-0.1601754754972149,-0.112123317086162,-0.1262646840724227
P3,leave_family_out,3,average_voltage,0.877598088362373,0.877598088362373,0.6838753375775883,0.6838753375775883,-0.984866626717126,-0.984866626717126,-0.1631271584172116,-0.1631271584172116,1.1157484582622172,1.1157484582622172,0.8541108301973857,0.8541108301973857,0.3093110387228034,0.3093110387228034,0.3811533458592282,0.3811533458592282
P3,leave_family_out,3,capacity_grav,51.93841049125492,51.93841049125492,65.05428250999789,65.05428250999789,0.3103217345062569,0.3103217345062569,0.0305553565361514,0.0305553565361514,66.03098758735828,66.03098758735828,78.28634737577175,78.28634737577175,0.531662184828594,0.531662184828594,0.407205417611968,0.407205417611968
P3,leave_family_out,3,energy_grav,232.23702220766785,238.76538364112977,255.32385453787967,276.83599646058445,0.1579452390490663,0.1221492428215911,0.0572414380411445,-0.1354582992281188,287.5930303075228,293.6422432021003,304.3045399540612,333.95948568379924,0.5185598185598186,0.5107696754755577,0.4749596984891102,0.4519883931648637
P3,leave_family_out,3,max_delta_volume,0.0424620505358021,0.0424620505358021,0.0345715665293398,0.0345715665293398,-1.5325035199939805,-1.5325035199939805,-0.6568470876165553,-0.6568470876165553,0.0511745387897738,0.0511745387897738,0.0413923537323447,0.0413923537323447,-0.130894860306625,-0.130894860306625,0.1225855225855225,0.1225855225855225
P3,leave_family_out,3,stability_charge,0.0652586640615295,0.0652586640615295,0.0725404145285201,0.0725404145285201,0.0540508196257162,0.0540508196257162,-0.0346305061796541,-0.0346305061796541,0.2039071947253486,0.2039071947253486,0.2132511033918971,0.2132511033918971,0.5077962664641942,0.5077962664641942,0.4931765297083881,0.4931765297083881
P3,leave_family_out,3,stability_discharge,0.0605049377610588,0.0605049377610588,0.0600600895733512,0.0600600895733512,-0.0019518963264955,-0.0019518963264955,-0.0550944058261346,-0.0550944058261346,0.1653501010910505,0.1653501010910505,0.1696784503503985,0.1696784503503985,0.1906045200519601,0.1906045200519601,0.2566717780114438,0.2566717780114438
P3,leave_family_out,3,stability_worst,0.0655514686534732,0.0598514006272126,0.0669738224809118,0.0703935542566539,0.0249137348238694,0.0217119568586148,-0.0463142535841973,-0.0391990457642987,0.2019572087735034,0.2022885087949294,0.2092034831025498,0.2084909507606257,0.3470932882697588,0.4391930803695509,0.4306235894471188,0.447241153123506
P3,leave_family_out,4,average_voltage,0.4844757927665598,0.4844757927665598,0.493796152211705,0.493796152211705,0.5254464525078474,0.5254464525078474,0.5592802963314947,0.5592802963314947,0.6880571229528986,0.6880571229528986,0.6630757064729281,0.6630757064729281,0.7889019377568997,0.7889019377568997,0.7234292425132121,0.7234292425132121
P3,leave_family_out,4,capacity_grav,38.43316319694916,38.43316319694916,43.42336505751757,43.42336505751757,0.2280376111133288,0.2280376111133288,0.0028953570834433,0.0028953570834433,48.04607977069986,48.04607977069986,54.60472906228271,54.60472906228271,0.5981814865772046,0.5981814865772046,0.4224614355130583,0.4224614355130583
P3,leave_family_out,4,energy_grav,171.13668373988364,174.96585605151824,155.58195975311298,168.30941375903674,-0.0075165986577647,-0.0572166144083898,0.1652472100039935,-0.0212003246996359,212.69580774665403,217.87871983906123,193.6028582626994,214.13531527927444,0.5442321037740885,0.5503016067901564,0.5548977739817434,0.5499919927400844
P3,leave_family_out,4,max_delta_volume,0.0371599505676483,0.0371599505676483,0.0482728115752102,0.0482728115752102,-1.0362664387799745,-1.0362664387799745,-1.6109134651568184,-1.6109134651568184,0.0499839979095144,0.0499839979095144,0.0565991523408751,0.0565991523408751,0.1876421288635029,0.1876421288635029,0.1249826509368494,0.1249826509368494
P3,leave_family_out,4,stability_charge,0.038260181106,0.038260181106,0.0439213672945992,0.0439213672945992,0.0305664661826502,0.0305664661826502,-0.0900150039811265,-0.0900150039811265,0.0894274839993376,0.0894274839993376,0.0948261746226086,0.0948261746226086,0.3668320181446127,0.3668320181446127,0.3216519665487145,0.3216519665487145
P3,leave_family_out,4,stability_discharge,0.030340277733411,0.030340277733411,0.031507568348398,0.031507568348398,0.0281220191281761,0.0281220191281761,0.0185946447022027,0.0185946447022027,0.0892375207211505,0.0892375207211505,0.0896738541922783,0.0896738541922783,0.4454500465563251,0.4454500465563251,0.3707005533981722,0.3707005533981722
P3,leave_family_out,4,stability_worst,0.0376438781985047,0.0378006246839831,0.041922120889494,0.045346175189821,0.0310869082043202,0.0202705540227551,-0.0426295537370791,-0.1177956487038183,0.0896768653431446,0.0901760250169973,0.0930257162506779,0.0963206077984527,0.3377066726602126,0.3482843618239477,0.2777637649541405,0.2350659871211174
P3,leave_family_out,5,average_voltage,0.9402912372991836,0.9402912372991836,0.6688922425838263,0.6688922425838263,-0.2077968611779403,-0.2077968611779403,0.3477696532899704,0.3477696532899704,1.1513254645133106,1.1513254645133106,0.8460609737207744,0.8460609737207744,0.5432198906718392,0.5432198906718392,0.6009874801622289,0.6009874801622289
P3,leave_family_out,5,capacity_grav,50.98187893903278,50.98187893903278,44.83915364976536,44.83915364976536,-0.7027540992312484,-0.7027540992312484,-0.2929724871301029,-0.2929724871301029,62.63325823002354,62.63325823002354,54.57876185141141,54.57876185141141,0.1244363384100337,0.1244363384100337,0.4165730381439794,0.4165730381439794
P3,leave_family_out,5,energy_grav,283.8582916043368,256.2245005720322,161.14210450678223,166.56836527993977,-1.030275577746214,-0.7363649939874783,0.238535831588295,0.2132153339677063,343.104732398986,317.2997455553073,210.12317234763788,213.58815122929303,0.395510995793133,0.4712043731264327,0.5379096657178124,0.5186739552107212
P3,leave_family_out,5,max_delta_volume,0.0494597923348568,0.0494597923348568,0.0630418118488644,0.0630418118488644,-0.2288923635634887,-0.2288923635634887,-0.6411269590609068,-0.6411269590609068,0.0697027644889246,0.0697027644889246,0.0805497450529121,0.0805497450529121,0.1986497720230748,0.1986497720230748,-0.0059399954656523,-0.0059399954656523
P3,leave_family_out,5,stability_charge,0.0495611357390764,0.0495611357390764,0.0925401997602503,0.0925401997602503,-0.182009568501851,-0.182009568501851,-1.2827373698874762,-1.2827373698874762,0.0962956153622618,0.0962956153622618,0.1338209137457534,0.1338209137457534,0.1305869941135117,0.1305869941135117,0.139866392606756,0.139866392606756
P3,leave_family_out,5,stability_discharge,0.036873332178662,0.036873332178662,0.0469882078409041,0.0469882078409041,-0.3141181708204701,-0.3141181708204701,-1.2757051587042865,-1.2757051587042865,0.0515864610933542,0.0515864610933542,0.0678854220520654,0.0678854220520654,0.3092004847939092,0.3092004847939092,0.1574396484426396,0.1574396484426396
P3,leave_family_out,5,stability_worst,0.0470854474433244,0.0456838032123355,0.0792267638798197,0.0841387888455813,-0.1157624350100465,-0.1035775013484125,-0.9815164381671512,-1.12988987455113,0.0911297976840211,0.0906308299854225,0.1214432491430081,0.1259079383460253,0.1873877414559173,0.1679300086163305,0.0283955935483975,0.0609175162515391
P3,leave_family_out,6,average_voltage,1.6969272191417977,1.6969272191417977,1.0799609468435396,1.0799609468435396,-5.75061125559272,-5.75061125559272,-2.6557389581426056,-2.6557389581426056,1.850171433430076,1.850171433430076,1.361532492378901,1.361532492378901,-0.170410906298003,-0.170410906298003,0.0921178955453149,0.0921178955453149
P3,leave_family_out,6,capacity_grav,81.17031955385285,81.17031955385285,69.63111007888138,69.63111007888138,0.0192390564092806,0.0192390564092806,0.052164732710023,0.052164732710023,130.50679650688008,130.50679650688008,128.2974368258744,128.2974368258744,0.3925785470252108,0.3925785470252108,0.6194945156958113,0.6194945156958113
P3,leave_family_out,6,energy_grav,191.7432363078869,180.2275974044516,145.52943952646496,151.41434938569313,-2.0612989937798187,-1.5118419592985668,-1.2993277233397738,-1.6205882717380988,243.7850706916824,220.8260922023639,211.27819091761597,225.55560735311357,0.3926651305683564,0.3969374039938557,0.3560867895545315,0.3231566820276497
P3,leave_family_out,6,max_delta_volume,0.1738837852301695,0.1738837852301695,0.1770443406551218,0.1770443406551218,-0.1316974515559674,-0.1316974515559674,-0.1614733596030673,-0.1614733596030673,0.3912023994109777,0.3912023994109777,0.3963154172552485,0.3963154172552485,0.207229262672811,0.207229262672811,0.1565380184331797,0.1565380184331797
P3,leave_family_out,6,stability_charge,0.1732385585138599,0.1732385585138599,0.1714984335004387,0.1714984335004387,-0.1222826636542,-0.1222826636542,-0.0863910759872512,-0.0863910759872512,0.3276388169919969,0.3276388169919969,0.3223571569115294,0.3223571569115294,0.2255137882182696,0.2255137882182696,0.288433717257042,0.288433717257042
P3,leave_family_out,6,stability_discharge,0.0595635430603703,0.0595635430603703,0.0774665193172827,0.0774665193172827,-0.1365614921224309,-0.1365614921224309,-0.10810850024653,-0.10810850024653,0.1165587298985106,0.1165587298985106,0.1150905010523222,0.1150905010523222,0.1196375884516373,0.1196375884516373,0.0863693820372782,0.0863693820372782
P3,leave_family_out,6,stability_worst,0.1646661715769261,0.1674866268539395,0.167352758530975,0.1659740579272663,-0.0832026102823972,-0.1236995086054368,-0.096694190097448,-0.088363023561016,0.3161872804546283,0.322043576951431,0.3181502857352694,0.316939548923743,0.2590974224852418,0.0992722394670904,0.2684409746634897,0.3051426397749618
P3,leave_family_out,7,average_voltage,0.5182888489091286,0.5182888489091286,0.5609088575449395,0.5609088575449395,-0.4380462510861584,-0.4380462510861584,-0.4679355657971475,-0.4679355657971475,0.6288942415862887,0.6288942415862887,0.6353963087016425,0.6353963087016425,0.4641414141414142,0.4641414141414142,0.07005772005772,0.07005772005772
P3,leave_family_out,7,capacity_grav,54.14880468525704,54.14880468525704,115.29094244138376,115.29094244138376,-0.0255903247230391,-0.0255903247230391,-3.126137727499266,-3.126137727499266,65.09029216329532,65.09029216329532,130.5572890178817,130.5572890178817,0.231021794872369,0.231021794872369,0.3807187223946959,0.3807187223946959
P3,leave_family_out,7,energy_grav,106.07372061957471,97.85612673108356,302.9066514858551,309.82795386511646,-0.1013046375962858,0.0699942294319616,-6.399714950446735,-6.336101313666863,132.01039291037824,121.31016999214545,342.1857224229642,340.71170190295004,0.2434343434343435,0.3629870129870131,0.2595959595959596,0.3396103896103896
P3,leave_family_out,7,max_delta_volume,0.1567105125694871,0.1567105125694871,0.1057119654774635,0.1057119654774635,-1.6975487851825646,-1.6975487851825646,-0.4031375109784894,-0.4031375109784894,0.181823685672529,0.181823685672529,0.1311341847517721,0.1311341847517721,0.2792207792207792,0.2792207792207792,-0.1145021645021645,-0.1145021645021645
P3,leave_family_out,7,stability_charge,0.2027948868887222,0.2027948868887222,0.0754748879527987,0.0754748879527987,-17.157127055539124,-17.157127055539124,-1.909668035371661,-1.909668035371661,0.2352739165074603,0.2352739165074603,0.0941828736647795,0.0941828736647795,-0.136552198950607,-0.136552198950607,0.1534711364704663,0.1534711364704663
P3,leave_family_out,7,stability_discharge,0.1393182574149596,0.1393182574149596,0.0484717216785344,0.0484717216785344,-7.400366951668195,-7.400366951668195,-0.2318728500358986,-0.2318728500358986,0.159559917535371,0.159559917535371,0.0611023081601485,0.0611023081601485,-0.1849221640450839,-0.1849221640450839,0.2970271259297268,0.2970271259297268
P3,leave_family_out,7,stability_worst,0.2059440356956215,0.189048176445147,0.0798822560616358,0.0750041584929892,-13.3252521216927,-11.58902350810755,-1.333225500406984,-1.127673747380232,0.2376370619228157,0.2227712077634584,0.0959050319359974,0.0915831452866053,-0.0722683169875773,-0.018924836632429,0.2841253621895408,0.1113459376675167
P3,leave_family_out,8,average_voltage,0.7316628080210212,0.7316628080210212,0.737395878231957,0.737395878231957,0.6436314391287663,0.6436314391287663,0.5856170144116156,0.5856170144116156,0.8734708901728693,0.8734708901728693,0.9418889501041086,0.9418889501041086,0.8102766798418973,0.8102766798418973,0.7560700169395823,0.7560700169395823
P3,leave_family_out,8,capacity_grav,32.81367603129971,32.81367603129971,27.26947114134599,27.26947114134599,-0.0452188028075777,-0.0452188028075777,0.3527469080752876,0.3527469080752876,41.608624076470726,41.608624076470726,32.742875340240154,32.742875340240154,0.3232552729680432,0.3232552729680432,0.6052559394209341,0.6052559394209341
P3,leave_family_out,8,energy_grav,155.9454155996934,150.55274957363093,176.7065026084126,119.5887836410237,0.1819192186174687,0.2486423565006825,0.1430094729405885,0.5582909390819952,210.8332881841204,202.05259913669545,215.788898280129,154.9206252535625,0.65330321852061,0.6928289102202146,0.5200451722190853,0.803500846979108
P3,leave_family_out,8,max_delta_volume,0.03664269178014,0.03664269178014,0.0419793885304524,0.0419793885304524,0.0785223773922804,0.0785223773922804,-0.2698724403277173,-0.2698724403277173,0.0420170366763324,0.0420170366763324,0.0493245432309453,0.0493245432309453,0.4692264257481649,0.4692264257481649,0.075098814229249,0.075098814229249
P3,leave_family_out,8,stability_charge,0.0807473923487728,0.0807473923487728,0.0784462035716625,0.0784462035716625,-0.7416463332156633,-0.7416463332156633,-0.1605789087773326,-0.1605789087773326,0.1080341892597349,0.1080341892597349,0.0881898429429497,0.0881898429429497,0.0791184234537168,0.0791184234537168,0.1791467159630589,0.1791467159630589
P3,leave_family_out,8,stability_discharge,0.052328380842072,0.052328380842072,0.0556997736838937,0.0556997736838937,0.2306685157667329,0.2306685157667329,0.0494364284327872,0.0494364284327872,0.0670225944627374,0.0670225944627374,0.0744997929785216,0.0744997929785216,0.6167330114571049,0.6167330114571049,0.3578295107720874,0.3578295107720874
P3,leave_family_out,8,stability_worst,0.0788459446251933,0.0771565770234524,0.0606146157905645,0.0735311752173098,-0.823067396238889,-0.658739079494904,-0.1047369994448681,-0.5773902174466015,0.0977311578067104,0.0932224945424581,0.0760783581424353,0.0909078220758956,0.0785310859796182,0.1966102008698357,0.3915254862149315,0.2683616247504941
P3,leave_family_out,9,average_voltage,1.2018153118889998,1.2018153118889998,0.9450120868113074,0.9450120868113074,-1.93588206641708,-1.93588206641708,-0.9785531698612512,-0.9785531698612512,1.6299665682231117,1.6299665682231117,1.3380836267399014,1.3380836267399014,-0.5151515151515151,-0.5151515151515151,-0.1393939393939393,-0.1393939393939393
P3,leave_family_out,9,capacity_grav,167.52738102621228,167.52738102621228,155.60707842673588,155.60707842673588,-0.4038630491215975,-0.4038630491215975,-0.1163267150476696,-0.1163267150476696,277.4232430739788,277.4232430739788,247.3865771714173,247.3865771714173,0.5272727272727272,0.5272727272727272,0.709090909090909,0.709090909090909
P3,leave_family_out,9,energy_grav,256.7875507999359,260.23760878333434,243.3016691847638,265.3606242242096,0.0117467423794603,-0.0106371283329804,0.1965467200966369,0.1610839442884596,390.2227101514248,394.61722486217207,351.850949647382,359.53209605406323,0.406060606060606,0.406060606060606,0.1999999999999999,0.309090909090909
P3,leave_family_out,9,max_delta_volume,0.0617906830087478,0.0617906830087478,0.0818981104398098,0.0818981104398098,-0.0600066610956531,-0.0600066610956531,0.0216855413483226,0.0216855413483226,0.1050029355265539,0.1050029355265539,0.1008756577436558,0.1008756577436558,0.4181818181818181,0.4181818181818181,-0.103030303030303,-0.103030303030303
P3,leave_family_out,9,stability_charge,0.2348784778139373,0.2348784778139373,0.2268863956370648,0.2268863956370648,0.0562404818279015,0.0562404818279015,0.1057091098308908,0.1057091098308908,0.4265011094860541,0.4265011094860541,0.4151728031441758,0.4151728031441758,0.406060606060606,0.406060606060606,0.5393939393939393,0.5393939393939393
P3,leave_family_out,9,stability_discharge,0.1122895680764825,0.1122895680764825,0.1038125496754557,0.1038125496754557,0.1164797309987223,0.1164797309987223,0.2144103106250782,0.2144103106250782,0.1431898838235319,0.1431898838235319,0.1350212006489674,0.1350212006489674,0.2848484848484848,0.2848484848484848,0.3212121212121211,0.3212121212121211
P3,leave_family_out,9,stability_worst,0.2396622401090408,0.2415996116014266,0.2194999163839799,0.2275506280564826,0.0303338297890575,0.0286134246498855,0.0912866150057386,0.081782451491104,0.4265497192193473,0.4269279489346882,0.4129257828971908,0.415079545563604,0.3939393939393939,0.3575757575757575,0.4424242424242424,0.5272727272727272
P3,leave_working_ion_out,0,average_voltage,0.7044023251574831,0.7044023251574831,0.8014253105761737,0.8014253105761737,0.3560322861759686,0.3560322861759686,0.1604381179334788,0.1604381179334788,0.8780546061091212,0.8780546061091212,1.0025726078414858,1.0025726078414858,0.5540520107612673,0.5540520107612673,0.4248122398782764,0.4248122398782764
P3,leave_working_ion_out,0,capacity_grav,51.324108727492906,51.324108727492906,52.80819246503405,52.80819246503405,0.1932359082683719,0.1932359082683719,0.1673192268025912,0.1673192268025912,69.61567176744227,69.61567176744227,70.72500823794047,70.72500823794047,0.4379736206441541,0.4379736206441541,0.5029438953841608,0.5029438953841608
P3,leave_working_ion_out,0,energy_grav,189.65684225701344,186.73216400675557,192.6580716668814,204.6673157082644,0.23697932804947,0.2735003098970944,0.2549676014692497,0.1130253082034408,249.4261864195548,243.3837684689063,246.4685295467718,268.9239667670309,0.4907218925418124,0.4978861858688558,0.5300194631961617,0.494273279841161
P3,leave_working_ion_out,0,max_delta_volume,0.0538789569702256,0.0538789569702256,0.0601289687835445,0.0601289687835445,-0.4389956232471119,-0.4389956232471119,-0.6591858901124181,-0.6591858901124181,0.0894338420434318,0.0894338420434318,0.0960328183558144,0.0960328183558144,0.1528976761413151,0.1528976761413151,0.1609886676048237,0.1609886676048237
P3,leave_working_ion_out,0,stability_charge,0.0587047642136559,0.0587047642136559,0.0636093969591652,0.0636093969591652,-0.1317566238796264,-0.1317566238796264,-0.1940928161161874,-0.1940928161161874,0.1107168323525146,0.1107168323525146,0.1137250593780515,0.1137250593780515,0.074237941979066,0.074237941979066,0.0811658248353012,0.0811658248353012
P3,leave_working_ion_out,0,stability_discharge,0.0424031741022008,0.0424031741022008,0.0505079550898998,0.0505079550898998,-0.0935446914414399,-0.0935446914414399,-0.2349284616463232,-0.2349284616463232,0.0887039441902198,0.0887039441902198,0.094263934454347,0.094263934454347,0.201290034758505,0.201290034758505,0.2057027429031673,0.2057027429031673
P3,leave_working_ion_out,0,stability_worst,0.0527505812623278,0.0529471628320862,0.0567721725320711,0.0584285314433434,-0.0803689837877861,-0.0743233431191325,-0.1073144175111655,-0.147770262508968,0.1076525260990875,0.1073508969568781,0.1089867365934013,0.1109597975218395,0.1070476572862658,0.167136711381783,0.2178397145062313,0.0795903256303155
P3,leave_working_ion_out,1,average_voltage,0.6353167078677195,0.6353167078677195,0.6998479720289962,0.6998479720289962,0.457273393537649,0.457273393537649,0.3516366188429582,0.3516366188429582,0.8471253510502273,0.8471253510502273,0.9259048551604098,0.9259048551604098,0.709822229568761,0.709822229568761,0.6955676337447448,0.6955676337447448
P3,leave_working_ion_out,1,capacity_grav,39.72358758716212,39.72358758716212,41.95256551880815,41.95256551880815,0.3032212855857542,0.3032212855857542,0.1866985428947766,0.1866985428947766,54.22698602723335,54.22698602723335,58.58599421100297,58.58599421100297,0.6397253208864275,0.6397253208864275,0.6501666591134387,0.6501666591134387
P3,leave_working_ion_out,1,energy_grav,138.64534489957728,128.67485338800614,149.40952246988374,158.79077726531696,0.3778451106086955,0.4499422309643989,0.2882828622681135,0.1251814815941336,188.7421654761889,177.46954087578874,201.8707450967936,223.8095727141869,0.6819428346641304,0.6902895053986432,0.6895716155905105,0.6666735009096246
P3,leave_working_ion_out,1,max_delta_volume,0.0648591466877648,0.0648591466877648,0.0750409013205207,0.0750409013205207,-0.050047315502006,-0.050047315502006,-0.3940687999440948,-0.3940687999440948,0.0985574425862787,0.0985574425862787,0.1135604474293345,0.1135604474293345,0.3861482975132347,0.3861482975132347,0.37380624332619,0.37380624332619
P3,leave_working_ion_out,1,stability_charge,0.0593932730870853,0.0593932730870853,0.0717184436332559,0.0717184436332559,0.3890379373723044,0.3890379373723044,0.24082493760984,0.24082493760984,0.1019812751293277,0.1019812751293277,0.1136800570603683,0.1136800570603683,0.5290591354784615,0.5290591354784615,0.4905959181267759,0.4905959181267759
P3,leave_working_ion_out,1,stability_discharge,0.046241664936202,0.046241664936202,0.0524412450751482,0.0524412450751482,-0.1848122233030378,-0.1848122233030378,-0.7474513707943038,-0.7474513707943038,0.0628008270893974,0.0628008270893974,0.0762681390740997,0.0762681390740997,0.3449247027179717,0.3449247027179717,0.3742403970857704,0.3742403970857704
P3,leave_working_ion_out,1,stability_worst,0.0614888778756707,0.0586747560614703,0.0736289802921495,0.068078667646983,0.3931813370349644,0.408721860636087,0.1930007694265888,0.2749931703605786,0.1009183906311024,0.0996177578955609,0.1163797478245218,0.1103092420078203,0.4675760082941236,0.4860472290611802,0.4842577832558004,0.4991932788679288
P3,leave_working_ion_out,2,average_voltage,0.8779472224825157,0.8779472224825157,0.6977903894848215,0.6977903894848215,0.3760303183211468,0.3760303183211468,0.571584027982105,0.571584027982105,1.0533479641157002,1.0533479641157002,0.8728164905156901,0.8728164905156901,0.6859604571013967,0.6859604571013967,0.8004861237076002,0.8004861237076002
P3,leave_working_ion_out,2,capacity_grav,40.47351419838348,40.47351419838348,37.89910291348512,37.89910291348512,0.2970480732451727,0.2970480732451727,0.2853287081255,0.2853287081255,50.29280666197374,50.29280666197374,50.71030567042128,50.71030567042128,0.5820518797411707,0.5820518797411707,0.6686154133921955,0.6686154133921955
P3,leave_working_ion_out,2,energy_grav,144.1295327170367,143.0247936594649,129.28747113533942,134.48587909030508,0.4410863144432841,0.448928112830118,0.526613098906325,0.4927831774087432,193.29317193485068,191.9323889882221,177.89029660059728,184.1369585569259,0.6578741157264648,0.6770433520769091,0.7321676038454563,0.7310756393977871
P3,leave_working_ion_out,2,max_delta_volume,0.0819725877745476,0.0819725877745476,0.0888979422234475,0.0888979422234475,0.2299275516068682,0.2299275516068682,0.1557162676907172,0.1557162676907172,0.123993260354941,0.123993260354941,0.1298304306558148,0.1298304306558148,0.5405441683294032,0.5405441683294032,0.5492363504444041,0.5492363504444041
P3,leave_working_ion_out,2,stability_charge,0.055578383760874,0.055578383760874,0.0783563094196871,0.0783563094196871,0.0563060599352804,0.0563060599352804,0.0839048691727853,0.0839048691727853,0.1211003316337892,0.1211003316337892,0.1193163712472992,0.1193163712472992,0.4581208248268992,0.4581208248268992,0.5242559000930823,0.5242559000930823
P3,leave_working_ion_out,2,stability_discharge,0.0494691514613304,0.0494691514613304,0.0544011600744511,0.0544011600744511,0.0598582168935657,0.0598582168935657,-0.0605664660970215,-0.0605664660970215,0.0842826074590974,0.0842826074590974,0.0895179712479683,0.0895179712479683,0.1522823570847009,0.1522823570847009,0.1589816996560017,0.1589816996560017
P3,leave_working_ion_out,2,stability_worst,0.0661346355801266,0.0673060477252371,0.0811747998944874,0.0830880102699491,0.0956384736572717,0.0115105043291172,0.1088660375566833,0.0582069456538703,0.1229031601497717,0.1284925772335762,0.1220010331762511,0.1254208536463127,0.3203153771526899,0.3204134851601669,0.3560121573547025,0.2520267535038171
P3,random_split,0,average_voltage,0.5210273655049288,0.5210273655049288,0.5294289898044148,0.5294289898044148,0.6014385727382909,0.6014385727382909,0.5834218285733714,0.5834218285733714,0.6953340429312641,0.6953340429312641,0.7108764293936174,0.7108764293936174,0.7546924891014334,0.7546924891014334,0.7464276666861067,0.7464276666861067
P3,random_split,0,capacity_grav,36.20566719025469,36.20566719025469,36.497744544762696,36.497744544762696,0.5169039496572514,0.5169039496572514,0.4731841595607505,0.4731841595607505,56.1652267067205,56.1652267067205,58.65164338331992,58.65164338331992,0.7715033211577705,0.7715033211577705,0.7443193336344345,0.7443193336344345
P3,random_split,0,energy_grav,127.61965296684272,128.03828172248944,130.412377672418,128.68202938397525,0.6181907818796684,0.6249007477744356,0.6025412763734943,0.6080806245708061,178.69483993889185,177.1176764823709,182.3202148133612,181.04526640416807,0.7687813926108448,0.7674137865047314,0.7654549604881393,0.7691067093618326
P3,random_split,0,max_delta_volume,0.0395465879402049,0.0395465879402049,0.0390087764912578,0.0390087764912578,0.2088688698823695,0.2088688698823695,0.2587666840198104,0.2587666840198104,0.0581734446327833,0.0581734446327833,0.0563090252132731,0.0563090252132731,0.3759430996398735,0.3759430996398735,0.4316371451587036,0.4316371451587036
P3,random_split,0,stability_charge,0.0469958180575742,0.0469958180575742,0.0488596084770823,0.0488596084770823,0.0424921078164993,0.0424921078164993,0.0246275957849363,0.0246275957849363,0.1080398024365185,0.1080398024365185,0.109043010278507,0.109043010278507,0.4196810935370471,0.4196810935370471,0.4112125692043664,0.4112125692043664
P3,random_split,0,stability_discharge,0.0374155357926981,0.0374155357926981,0.037963514221527,0.037963514221527,0.0283123807975211,0.0283123807975211,0.0199457758717569,0.0199457758717569,0.0917283585255137,0.0917283585255137,0.0921224203488087,0.0921224203488087,0.4172238278456006,0.4172238278456006,0.4243944970588504,0.4243944970588504
P3,random_split,0,stability_worst,0.0441930158606865,0.0433246203383793,0.0494934701541296,0.0460526804101731,0.0484097325910595,0.0452685875590358,0.0075981671267244,0.0426561409558313,0.1070113480930706,0.1071878217496485,0.1092819959014378,0.107334371429147,0.4353235290193294,0.4491304886055133,0.3688274026244011,0.3949300244509728
P3,random_split,1,average_voltage,0.4687988314541593,0.4687988314541593,0.4884807007666255,0.4884807007666255,0.6394338953281709,0.6394338953281709,0.627949278697407,0.627949278697407,0.6397371532473317,0.6397371532473317,0.6498456255734183,0.6498456255734183,0.7758245913948708,0.7758245913948708,0.7799057219298119,0.7799057219298119
P3,random_split,1,capacity_grav,33.762279121571424,33.762279121571424,36.4823560960036,36.4823560960036,0.5370736230557364,0.5370736230557364,0.5066946195094292,0.5066946195094292,48.925828518046416,48.925828518046416,50.505671710171455,50.505671710171455,0.7182325511796651,0.7182325511796651,0.6832673946609948,0.6832673946609948
P3,random_split,1,energy_grav,124.42118117073596,123.35913954757514,130.651999840372,130.28030732340997,0.6263818339381602,0.6311805208193874,0.5763388899377636,0.5679906335504221,165.51009030143464,164.4437638709925,176.24620864772547,177.97420633872215,0.7584570964614286,0.7605952567541955,0.7200042008689694,0.7255916299736104
P3,random_split,1,max_delta_volume,0.0388384866779338,0.0388384866779338,0.0410828128076809,0.0410828128076809,0.2947895041575256,0.2947895041575256,0.2981485377488175,0.2981485377488175,0.0815737549356939,0.0815737549356939,0.0813792484362303,0.0813792484362303,0.4752863151909255,0.4752863151909255,0.4455709081166985,0.4455709081166985
P3,random_split,1,stability_charge,0.0461800940543658,0.0461800940543658,0.0526100807148012,0.0526100807148012,0.1603985767476856,0.1603985767476856,0.1168199356004822,0.1168199356004822,0.1074518251369369,0.1074518251369369,0.1102051378886441,0.1102051378886441,0.4759656519419905,0.4759656519419905,0.3241323389946705,0.3241323389946705
P3,random_split,1,stability_discharge,0.0366484884582907,0.0366484884582907,0.0394179073565746,0.0394179073565746,0.0124836491352041,0.0124836491352041,-0.0142394935982796,-0.0142394935982796,0.0848608318374866,0.0848608318374866,0.0860013751789639,0.0860013751789639,0.3796668623824971,0.3796668623824971,0.3816435760061198,0.3816435760061198
P3,random_split,1,stability_worst,0.0455976374463906,0.0456408986917364,0.0514866140425813,0.0497664455270933,0.1483381782812939,0.1392732556767408,0.1213795533762885,0.1338579853863369,0.1073521339445816,0.1079219393390977,0.1090379668684754,0.1082609029677103,0.420629101430499,0.4380515434811931,0.3451088736427598,0.336818403440195
P3,random_split,2,average_voltage,0.5134879915002296,0.5134879915002296,0.5641176675554972,0.5641176675554972,0.5976358176803507,0.5976358176803507,0.5514337751011074,0.5514337751011074,0.6851400743189852,0.6851400743189852,0.7234074859065703,0.7234074859065703,0.753001981060551,0.753001981060551,0.7253128781693325,0.7253128781693325
P3,random_split,2,capacity_grav,34.47024724580561,34.47024724580561,37.47193783957695,37.47193783957695,0.5128387555250224,0.5128387555250224,0.4435436531793855,0.4435436531793855,50.27688602541599,50.27688602541599,53.73380014271313,53.73380014271313,0.7406868848385437,0.7406868848385437,0.6795505253078874,0.6795505253078874
P3,random_split,2,energy_grav,128.7230053385727,125.69483173536835,140.4042614464831,141.4201979435619,0.5671005123430246,0.5762891450836444,0.5062399690794117,0.4891331418570618,175.96525443415538,174.0877374623691,187.92793934462352,191.15569908631468,0.7455781070027849,0.7617819338941783,0.7103325885371865,0.6967470603029731
P3,random_split,2,max_delta_volume,0.0413277839419435,0.0413277839419435,0.0400076780833939,0.0400076780833939,0.1620483693782515,0.1620483693782515,0.1566426841087471,0.1566426841087471,0.0881049831647884,0.0881049831647884,0.0883887120523342,0.0883887120523342,0.4231580875384549,0.4231580875384549,0.4703200861679327,0.4703200861679327
P3,random_split,2,stability_charge,0.0469110851036949,0.0469110851036949,0.042015772523146,0.042015772523146,0.0545288350797729,0.0545288350797729,0.1314237195734169,0.1314237195734169,0.0890135994746192,0.0890135994746192,0.0853171229101627,0.0853171229101627,0.4138367906589278,0.4138367906589278,0.4415023118907079,0.4415023118907079
P3,random_split,2,stability_discharge,0.0354857910188987,0.0354857910188987,0.0355750689880781,0.0355750689880781,0.10087092480031,0.10087092480031,0.1191398099391982,0.1191398099391982,0.0747625764805091,0.0747625764805091,0.073999149835696,0.073999149835696,0.4706625938287628,0.4706625938287628,0.4184582413461538,0.4184582413461538
P3,random_split,2,stability_worst,0.0440934199564947,0.0440240045991775,0.0451934402503211,0.0423802213818196,0.0908249593229205,0.0781653634838401,0.0996345072802944,0.1134535166054055,0.0888507168639389,0.089467168915455,0.0884192048030127,0.0877380422526683,0.431872522975499,0.4408793817175,0.3442807180546425,0.3677391652783217
P3,random_split,3,average_voltage,0.5260979108434979,0.5260979108434979,0.5275652440302041,0.5275652440302041,0.5699456494863414,0.5699456494863414,0.5865014003816317,0.5865014003816317,0.7100679599931392,0.7100679599931392,0.6962661238002834,0.6962661238002834,0.751288873984866,0.751288873984866,0.7669918315424208,0.7669918315424208
P3,random_split,3,capacity_grav,34.544397084934964,34.544397084934964,35.872566507577815,35.872566507577815,0.5916552331736147,0.5916552331736147,0.5750840750209929,0.5750840750209929,48.20214053808547,48.20214053808547,49.17046681646878,49.17046681646878,0.7536317218287523,0.7536317218287523,0.7452494930340551,0.7452494930340551
P3,random_split,3,energy_grav,121.99237742785544,120.67105307257856,126.17821972697251,122.91194245505162,0.6278844853346066,0.6294675225398976,0.6174095592412421,0.623072792763367,166.11102973448268,165.75732208930884,168.4327886471507,167.18154139303294,0.7829273404581045,0.787429013515681,0.7828071008354355,0.7851446884978204
P3,random_split,3,max_delta_volume,0.0414663836266159,0.0414663836266159,0.0423922099206656,0.0423922099206656,0.3519507075911405,0.3519507075911405,0.2976082042849861,0.2976082042849861,0.073681485019253,0.073681485019253,0.0767086014903182,0.0767086014903182,0.478699589572368,0.478699589572368,0.4609444482919504,0.4609444482919504
P3,random_split,3,stability_charge,0.0500807928599204,0.0500807928599204,0.053542801042152,0.053542801042152,0.1826597590972282,0.1826597590972282,0.205314338079286,0.205314338079286,0.1249637870953278,0.1249637870953278,0.1232197791878923,0.1232197791878923,0.4333146387344135,0.4333146387344135,0.4373559254301979,0.4373559254301979
P3,random_split,3,stability_discharge,0.0398679872933983,0.0398679872933983,0.0401810112637373,0.0401810112637373,0.0754135297958081,0.0754135297958081,0.1090959938512062,0.1090959938512062,0.0965533949189362,0.0965533949189362,0.0947783704689313,0.0947783704689313,0.3769091484728713,0.3769091484728713,0.377805316476264,0.377805316476264
P3,random_split,3,stability_worst,0.0495983534290994,0.0495436470335668,0.0536781654176695,0.0510262184450015,0.1884083470945567,0.167237774602035,0.2189382834531433,0.2002650970054564,0.1237882017417097,0.1253923312514275,0.1214375911544995,0.1228806481350126,0.3782564064537304,0.3866827695842408,0.3719201176322085,0.3678578396826572
P3,random_split,4,average_voltage,0.5403788194648328,0.5403788194648328,0.5573761289975505,0.5573761289975505,0.5811273023191061,0.5811273023191061,0.5704442279329871,0.5704442279329871,0.7325885209875971,0.7325885209875971,0.7418717983864208,0.7418717983864208,0.7489708326650826,0.7489708326650826,0.742953520710922,0.742953520710922
P3,random_split,4,capacity_grav,40.28772068330432,40.28772068330432,40.33228790476742,40.33228790476742,0.3976382710032072,0.3976382710032072,0.4056087243601651,0.4056087243601651,63.01927040375371,63.01927040375371,62.6009463312323,62.6009463312323,0.6906670908248355,0.6906670908248355,0.6891042472185681,0.6891042472185681
P3,random_split,4,energy_grav,142.36956503985644,143.30524191509713,145.22374578363815,145.42587836150324,0.504743659002195,0.5021698403071264,0.4910379978953498,0.4851138576991528,195.50105767512468,196.0084032393151,198.1877325745268,199.3378136640632,0.7119082789012496,0.7151184353448904,0.7006116319419133,0.6987699928557891
P3,random_split,4,max_delta_volume,0.0396097531023886,0.0396097531023886,0.0390371788449523,0.0390371788449523,0.2485767152327842,0.2485767152327842,0.2462973453165184,0.2462973453165184,0.081436431664404,0.081436431664404,0.0815598529113593,0.0815598529113593,0.4364002562438947,0.4364002562438947,0.4425802721361191,0.4425802721361191
P3,random_split,4,stability_charge,0.0478543049734024,0.0478543049734024,0.0478873229385887,0.0478873229385887,0.131753553127486,0.131753553127486,0.2006376227553769,0.2006376227553769,0.1070969772601359,0.1070969772601359,0.10276081924037,0.10276081924037,0.4542811225954573,0.4542811225954573,0.4516219869148449,0.4516219869148449
P3,random_split,4,stability_discharge,0.0369199609535213,0.0369199609535213,0.035223242809197,0.035223242809197,0.1117141975817127,0.1117141975817127,0.1884540837849617,0.1884540837849617,0.0727036029534262,0.0727036029534262,0.069492209707237,0.069492209707237,0.4079992806292228,0.4079992806292228,0.4356357783584496,0.4356357783584496
P3,random_split,4,stability_worst,0.0467898149952951,0.0459624426904208,0.0468526787777615,0.045779788187574,0.1280931788683552,0.1052971502756776,0.2353371899166881,0.1755340718629858,0.1066390023042779,0.1080240475753931,0.0998656239671026,0.1036972864597209,0.4276251772476357,0.4409820233309384,0.4287193411592638,0.4402866008244037
