protocol,split_name,fold_id,heldout_group,model_variant,n_test,energy_consistency_mae,energy_consistency_rmse,stability_consistency_mae,stability_consistency_rmse,any_negative_prediction_rate,mean_negative_outputs_per_record
P1,random_split,0,random_0,unconstrained_direct,641,39.59897613525391,52.5053825378418,0.0142481951043009,0.0190875735133886,0.0842433697347894,0.1123244929797191
P1,random_split,0,random_0,unconstrained_hardderived,641,0.0,0.0,0.0,0.0,0.06396255850234,0.0811232449297972
P1,random_split,0,random_0,softconstrained_direct,641,18.89748764038086,27.98501968383789,0.0094833401963114,0.0114511977881193,0.0998439937597504,0.1310452418096724
P1,random_split,0,random_0,softconstrained_hardderived,641,0.0,0.0,0.0,0.0,0.093603744149766,0.1279251170046801
P1,random_split,1,random_1,unconstrained_direct,641,39.05868148803711,53.58098220825195,0.01779056340456,0.0247006379067897,0.1232449297971918,0.1700468018720748
P1,random_split,1,random_1,unconstrained_hardderived,641,0.0,0.0,0.0,0.0,0.1045241809672386,0.1450858034321372
P1,random_split,1,random_1,softconstrained_direct,641,17.808385848999023,25.650070190429688,0.0102868219837546,0.0126385679468512,0.0842433697347894,0.1029641185647426
P1,random_split,1,random_1,softconstrained_hardderived,641,0.0,0.0,0.0,0.0,0.079563182527301,0.0998439937597504
P1,random_split,2,random_2,unconstrained_direct,641,41.381622314453125,56.00040054321289,0.0165163092315197,0.0218846295028924,0.0920436817472698,0.1092043681747269
P1,random_split,2,random_2,unconstrained_hardderived,641,0.0,0.0,0.0,0.0,0.0858034321372854,0.0982839313572542
P1,random_split,2,random_2,softconstrained_direct,641,18.86404228210449,26.648099899291992,0.0098524335771799,0.012203368358314,0.0312012480499219,0.0327613104524181
P1,random_split,2,random_2,softconstrained_hardderived,641,0.0,0.0,0.0,0.0,0.0312012480499219,0.0343213728549142
P1,random_split,3,random_3,unconstrained_direct,641,40.06682586669922,55.37100601196289,0.0167137589305639,0.022209133952856,0.0717628705148206,0.1014040561622464
P1,random_split,3,random_3,unconstrained_hardderived,641,0.0,0.0,0.0,0.0,0.06396255850234,0.0811232449297972
P1,random_split,3,random_3,softconstrained_direct,641,19.628395080566406,28.712238311767575,0.0109350867569446,0.0128905326128005,0.0858034321372854,0.1123244929797191
P1,random_split,3,random_3,softconstrained_hardderived,641,0.0,0.0,0.0,0.0,0.079563182527301,0.110764430577223
P1,random_split,4,random_4,unconstrained_direct,641,43.29045486450195,57.36336898803711,0.0174100138247013,0.0226338636130094,0.0577223088923556,0.0592823712948517
P1,random_split,4,random_4,unconstrained_hardderived,641,0.0,0.0,0.0,0.0,0.0530421216848674,0.0561622464898595
P1,random_split,4,random_4,softconstrained_direct,641,18.07469940185547,25.887187957763672,0.0107185496017336,0.0127913523465394,0.078003120124805,0.0842433697347894
P1,random_split,4,random_4,softconstrained_hardderived,641,0.0,0.0,0.0,0.0,0.0748829953198128,0.078003120124805
P1,framework_groupkfold,0,K|AgAsF6|K|Ca9Co(PO4)7|K|CoF3|K|Cr2(PS4)3|K|CrO2|K|CrP2S7|K|Cs2CrF6|K|Cs2NiF6|K|Cu4(PO4)3|K|FeNi(CN)6|K|FeSe|K|Lu(NbCl3)6|K|Mn6P7O24|K|MnPCO7|K|Mo2P3O13|K|MoCl6|K|NaMoF6|K|NbO3|K|Ni3P3O11|K|NiH8(CO5)2,unconstrained_direct,641,57.559478759765625,75.57855224609375,0.0171814803034067,0.0225555971264839,0.1248049921996879,0.1279251170046801
P1,framework_groupkfold,0,K|AgAsF6|K|Ca9Co(PO4)7|K|CoF3|K|Cr2(PS4)3|K|CrO2|K|CrP2S7|K|Cs2CrF6|K|Cs2NiF6|K|Cu4(PO4)3|K|FeNi(CN)6|K|FeSe|K|Lu(NbCl3)6|K|Mn6P7O24|K|MnPCO7|K|Mo2P3O13|K|MoCl6|K|NaMoF6|K|NbO3|K|Ni3P3O11|K|NiH8(CO5)2,unconstrained_hardderived,641,0.0,0.0,0.0,0.0,0.1154446177847113,0.1154446177847113
P1,framework_groupkfold,0,K|AgAsF6|K|Ca9Co(PO4)7|K|CoF3|K|Cr2(PS4)3|K|CrO2|K|CrP2S7|K|Cs2CrF6|K|Cs2NiF6|K|Cu4(PO4)3|K|FeNi(CN)6|K|FeSe|K|Lu(NbCl3)6|K|Mn6P7O24|K|MnPCO7|K|Mo2P3O13|K|MoCl6|K|NaMoF6|K|NbO3|K|Ni3P3O11|K|NiH8(CO5)2,softconstrained_direct,641,19.265832901000977,27.92255973815918,0.0103035187348723,0.0125023359432816,0.0920436817472698,0.126365054602184
P1,framework_groupkfold,0,K|AgAsF6|K|Ca9Co(PO4)7|K|CoF3|K|Cr2(PS4)3|K|CrO2|K|CrP2S7|K|Cs2CrF6|K|Cs2NiF6|K|Cu4(PO4)3|K|FeNi(CN)6|K|FeSe|K|Lu(NbCl3)6|K|Mn6P7O24|K|MnPCO7|K|Mo2P3O13|K|MoCl6|K|NaMoF6|K|NbO3|K|Ni3P3O11|K|NiH8(CO5)2,softconstrained_hardderived,641,0.0,0.0,0.0,0.0,0.0920436817472698,0.1294851794071763
P1,framework_groupkfold,1,K|C|K|Co2O5|K|CoPCO7|K|CrO3|K|Cs2CoF6|K|Cs2MoCl6|K|Cs2TaCl6|K|FeH4(SO5)2|K|FeSb3|K|LiVF6|K|MgMn4O8|K|Mn4(PO4)3|K|MnF3|K|MnO2|K|MnP2O7|K|Mo9S11|K|NaCrF6|K|NbO2F|K|Ni(PO3)3|K|NiH12(SO7)2,unconstrained_direct,640,46.33294677734375,61.83315658569336,0.0201398190110921,0.0264577306807041,0.0640625,0.0796875
P1,framework_groupkfold,1,K|C|K|Co2O5|K|CoPCO7|K|CrO3|K|Cs2CoF6|K|Cs2MoCl6|K|Cs2TaCl6|K|FeH4(SO5)2|K|FeSb3|K|LiVF6|K|MgMn4O8|K|Mn4(PO4)3|K|MnF3|K|MnO2|K|MnP2O7|K|Mo9S11|K|NaCrF6|K|NbO2F|K|Ni(PO3)3|K|NiH12(SO7)2,unconstrained_hardderived,640,0.0,0.0,0.0,0.0,0.053125,0.0671875
P1,framework_groupkfold,1,K|C|K|Co2O5|K|CoPCO7|K|CrO3|K|Cs2CoF6|K|Cs2MoCl6|K|Cs2TaCl6|K|FeH4(SO5)2|K|FeSb3|K|LiVF6|K|MgMn4O8|K|Mn4(PO4)3|K|MnF3|K|MnO2|K|MnP2O7|K|Mo9S11|K|NaCrF6|K|NbO2F|K|Ni(PO3)3|K|NiH12(SO7)2,softconstrained_direct,640,18.75040054321289,25.423816680908203,0.0122881587594747,0.0149790132418274,0.0421875,0.0453125
P1,framework_groupkfold,1,K|C|K|Co2O5|K|CoPCO7|K|CrO3|K|Cs2CoF6|K|Cs2MoCl6|K|Cs2TaCl6|K|FeH4(SO5)2|K|FeSb3|K|LiVF6|K|MgMn4O8|K|Mn4(PO4)3|K|MnF3|K|MnO2|K|MnP2O7|K|Mo9S11|K|NaCrF6|K|NbO2F|K|Ni(PO3)3|K|NiH12(SO7)2,softconstrained_hardderived,640,0.0,0.0,0.0,0.0,0.0390625,0.0421875
P1,framework_groupkfold,2,K|BiPCO7|K|CePCO7|K|CoO2|K|CrF6|K|Cs2AgF6|K|Cs2MoBr6|K|Cs2SbCl6|K|FeF3|K|FeH12(SO7)2|K|FePO4F|K|LiSbF6|K|Mn2P2O7F2|K|MnH8(SO6)2|K|Mo3S4|K|Na2NiO2|K|Nb3Se4|K|NdNb4O12|K|NiF6|K|PrNb4O12|K|Rb2MnF6,unconstrained_direct,640,41.13815307617188,56.088844299316406,0.0166356023401021,0.0229099318385124,0.1328125,0.203125
P1,framework_groupkfold,2,K|BiPCO7|K|CePCO7|K|CoO2|K|CrF6|K|Cs2AgF6|K|Cs2MoBr6|K|Cs2SbCl6|K|FeF3|K|FeH12(SO7)2|K|FePO4F|K|LiSbF6|K|Mn2P2O7F2|K|MnH8(SO6)2|K|Mo3S4|K|Na2NiO2|K|Nb3Se4|K|NdNb4O12|K|NiF6|K|PrNb4O12|K|Rb2MnF6,unconstrained_hardderived,640,0.0,0.0,0.0,0.0,0.1203125,0.175
P1,framework_groupkfold,2,K|BiPCO7|K|CePCO7|K|CoO2|K|CrF6|K|Cs2AgF6|K|Cs2MoBr6|K|Cs2SbCl6|K|FeF3|K|FeH12(SO7)2|K|FePO4F|K|LiSbF6|K|Mn2P2O7F2|K|MnH8(SO6)2|K|Mo3S4|K|Na2NiO2|K|Nb3Se4|K|NdNb4O12|K|NiF6|K|PrNb4O12|K|Rb2MnF6,softconstrained_direct,640,23.311771392822266,32.645118713378906,0.0110928118228912,0.0135928587988018,0.0796875,0.1078125
P1,framework_groupkfold,2,K|BiPCO7|K|CePCO7|K|CoO2|K|CrF6|K|Cs2AgF6|K|Cs2MoBr6|K|Cs2SbCl6|K|FeF3|K|FeH12(SO7)2|K|FePO4F|K|LiSbF6|K|Mn2P2O7F2|K|MnH8(SO6)2|K|Mo3S4|K|Na2NiO2|K|Nb3Se4|K|NdNb4O12|K|NiF6|K|PrNb4O12|K|Rb2MnF6,softconstrained_hardderived,640,0.0,0.0,0.0,0.0,0.0734375,0.1125
P1,framework_groupkfold,3,K|Bi(PO3)4|K|Cd2Cu(SO)2|K|CoH8(CO5)2|K|CrF3|K|CrPO4F|K|CrS2|K|Cs2MnF6|K|Cs2SbBr6|K|Fe11O17|K|FePO4|K|LiNbF6|K|Mn(PO3)3|K|MnH6(S2O9)2|K|Mo2O3|K|Na2FeO3|K|Nb3S4|K|NbSe2|K|Ni4P4O15|K|P(W3O10)4|K|Rb2CuF6,unconstrained_direct,640,38.439552307128906,49.27658081054688,0.0145036112517118,0.0187497660517692,0.1453125,0.196875
P1,framework_groupkfold,3,K|Bi(PO3)4|K|Cd2Cu(SO)2|K|CoH8(CO5)2|K|CrF3|K|CrPO4F|K|CrS2|K|Cs2MnF6|K|Cs2SbBr6|K|Fe11O17|K|FePO4|K|LiNbF6|K|Mn(PO3)3|K|MnH6(S2O9)2|K|Mo2O3|K|Na2FeO3|K|Nb3S4|K|NbSe2|K|Ni4P4O15|K|P(W3O10)4|K|Rb2CuF6,unconstrained_hardderived,640,0.0,0.0,0.0,0.0,0.1421875,0.19375
P1,framework_groupkfold,3,K|Bi(PO3)4|K|Cd2Cu(SO)2|K|CoH8(CO5)2|K|CrF3|K|CrPO4F|K|CrS2|K|Cs2MnF6|K|Cs2SbBr6|K|Fe11O17|K|FePO4|K|LiNbF6|K|Mn(PO3)3|K|MnH6(S2O9)2|K|Mo2O3|K|Na2FeO3|K|Nb3S4|K|NbSe2|K|Ni4P4O15|K|P(W3O10)4|K|Rb2CuF6,softconstrained_direct,640,19.12038230895996,25.72331047058105,0.0108921686187386,0.0131171559914946,0.175,0.209375
P1,framework_groupkfold,3,K|Bi(PO3)4|K|Cd2Cu(SO)2|K|CoH8(CO5)2|K|CrF3|K|CrPO4F|K|CrS2|K|Cs2MnF6|K|Cs2SbBr6|K|Fe11O17|K|FePO4|K|LiNbF6|K|Mn(PO3)3|K|MnH6(S2O9)2|K|Mo2O3|K|Na2FeO3|K|Nb3S4|K|NbSe2|K|Ni4P4O15|K|P(W3O10)4|K|Rb2CuF6,softconstrained_hardderived,640,0.0,0.0,0.0,0.0,0.171875,0.2
P1,framework_groupkfold,4,K|AgO|K|Ca9Mn(PO4)7|K|CoF6|K|Cr3O8|K|CrPCO7|K|Cs2CuF6|K|Cs2PdF6|K|CuPCO7|K|FePCO7|K|LiMnF6|K|MgMn2O4|K|MnF6|K|Mo15Se19|K|MoS|K|NaSbF6|K|NbS2|K|Ni4(PO4)3|K|NiPCO7|K|Rb2CrF6|K|RbSb,unconstrained_direct,640,41.489990234375,54.04791641235352,0.0180648975074291,0.0233949311077594,0.1125,0.1375
P1,framework_groupkfold,4,K|AgO|K|Ca9Mn(PO4)7|K|CoF6|K|Cr3O8|K|CrPCO7|K|Cs2CuF6|K|Cs2PdF6|K|CuPCO7|K|FePCO7|K|LiMnF6|K|MgMn2O4|K|MnF6|K|Mo15Se19|K|MoS|K|NaSbF6|K|NbS2|K|Ni4(PO4)3|K|NiPCO7|K|Rb2CrF6|K|RbSb,unconstrained_hardderived,640,0.0,0.0,0.0,0.0,0.1,0.121875
P1,framework_groupkfold,4,K|AgO|K|Ca9Mn(PO4)7|K|CoF6|K|Cr3O8|K|CrPCO7|K|Cs2CuF6|K|Cs2PdF6|K|CuPCO7|K|FePCO7|K|LiMnF6|K|MgMn2O4|K|MnF6|K|Mo15Se19|K|MoS|K|NaSbF6|K|NbS2|K|Ni4(PO4)3|K|NiPCO7|K|Rb2CrF6|K|RbSb,softconstrained_direct,640,19.82151222229004,26.58447265625,0.0101575953885912,0.0122623685747385,0.0640625,0.0796875
P1,framework_groupkfold,4,K|AgO|K|Ca9Mn(PO4)7|K|CoF6|K|Cr3O8|K|CrPCO7|K|Cs2CuF6|K|Cs2PdF6|K|CuPCO7|K|FePCO7|K|LiMnF6|K|MgMn2O4|K|MnF6|K|Mo15Se19|K|MoS|K|NaSbF6|K|NbS2|K|Ni4(PO4)3|K|NiPCO7|K|Rb2CrF6|K|RbSb,softconstrained_hardderived,640,0.0,0.0,0.0,0.0,0.0609375,0.075
P1,leave_family_out,0,polyanion_phosphate_like,unconstrained_direct,1174,150.64695739746094,156.98162841796875,0.0229965839534997,0.0256650764495134,0.0255536626916524,0.0332197614991482
P1,leave_family_out,0,polyanion_phosphate_like,unconstrained_hardderived,1174,0.0,0.0,0.0,0.0,0.0238500851788756,0.0315161839863713
P1,leave_family_out,0,polyanion_phosphate_like,softconstrained_direct,1174,75.50308990478516,89.80765533447266,0.0266689229756593,0.0294490586966276,0.9310051107325384,1.004258943781942
P1,leave_family_out,0,polyanion_phosphate_like,softconstrained_hardderived,1174,0.0,0.0,0.0,0.0,0.9310051107325384,1.004258943781942
P1,leave_family_out,1,transition_metal_oxide_like,unconstrained_direct,1173,75.54682922363281,101.93496704101562,0.0320449061691761,0.0418768525123596,0.2762148337595907,0.3495311167945439
P1,leave_family_out,1,transition_metal_oxide_like,unconstrained_hardderived,1173,0.0,0.0,0.0,0.0,0.2540494458653026,0.3026427962489343
P1,leave_family_out,1,transition_metal_oxide_like,softconstrained_direct,1173,48.02276611328125,63.56991195678711,0.0217968393117189,0.0272346828132867,0.3606138107416879,0.4944586530264279
P1,leave_family_out,1,transition_metal_oxide_like,softconstrained_hardderived,1173,0.0,0.0,0.0,0.0,0.3537936913895993,0.4492753623188406
P1,leave_family_out,2,halide_or_fluoride_like,unconstrained_direct,246,58.86238098144531,75.3876953125,0.0255388412624597,0.0325712226331234,0.1422764227642276,0.1829268292682926
P1,leave_family_out,2,halide_or_fluoride_like,unconstrained_hardderived,246,0.0,0.0,0.0,0.0,0.1178861788617886,0.1260162601626016
P1,leave_family_out,2,halide_or_fluoride_like,softconstrained_direct,246,41.284210205078125,46.15135955810547,0.021774586290121,0.0239013377577066,0.4349593495934959,0.7926829268292683
P1,leave_family_out,2,halide_or_fluoride_like,softconstrained_hardderived,246,0.0,0.0,0.0,0.0,0.3983739837398374,0.6585365853658537
P1,leave_family_out,3,oxyfluoride_or_fluoropolyanion_like,unconstrained_direct,221,79.28851318359375,105.72100067138672,0.0254347901791334,0.0305070206522941,0.1085972850678733,0.1085972850678733
P1,leave_family_out,3,oxyfluoride_or_fluoropolyanion_like,unconstrained_hardderived,221,0.0,0.0,0.0,0.0,0.1085972850678733,0.1085972850678733
P1,leave_family_out,3,oxyfluoride_or_fluoropolyanion_like,softconstrained_direct,221,72.80280303955078,80.61863708496094,0.0126265827566385,0.0146585265174508,0.1493212669683258,0.171945701357466
P1,leave_family_out,3,oxyfluoride_or_fluoropolyanion_like,softconstrained_hardderived,221,0.0,0.0,0.0,0.0,0.1493212669683258,0.171945701357466
P1,leave_family_out,4,silicate_like,unconstrained_direct,131,41.852046966552734,53.3267936706543,0.0163269080221653,0.0182911921292543,0.1450381679389313,0.1755725190839694
P1,leave_family_out,4,silicate_like,unconstrained_hardderived,131,0.0,0.0,0.0,0.0,0.1374045801526717,0.1526717557251908
P1,leave_family_out,4,silicate_like,softconstrained_direct,131,37.27188873291016,42.43568420410156,0.006497370544821,0.0091040898114442,0.0610687022900763,0.0763358778625954
P1,leave_family_out,4,silicate_like,softconstrained_hardderived,131,0.0,0.0,0.0,0.0,0.0534351145038167,0.0687022900763358
P1,leave_family_out,5,sulfate_or_sulfur_oxoanion_like,unconstrained_direct,106,166.295654296875,208.09246826171875,0.0397057570517063,0.0499107278883457,0.0566037735849056,0.0943396226415094
P1,leave_family_out,5,sulfate_or_sulfur_oxoanion_like,unconstrained_hardderived,106,0.0,0.0,0.0,0.0,0.0566037735849056,0.0754716981132075
P1,leave_family_out,5,sulfate_or_sulfur_oxoanion_like,softconstrained_direct,106,37.88648986816406,52.286502838134766,0.0195744019001722,0.0218802411109209,0.6226415094339622,0.7547169811320755
P1,leave_family_out,5,sulfate_or_sulfur_oxoanion_like,softconstrained_hardderived,106,0.0,0.0,0.0,0.0,0.6132075471698113,0.7075471698113207
P1,leave_family_out,6,other_or_unclear,unconstrained_direct,63,65.53495025634766,77.70378112792969,0.0175659507513046,0.0242875069379806,0.6666666666666666,1.0
P1,leave_family_out,6,other_or_unclear,unconstrained_hardderived,63,0.0,0.0,0.0,0.0,0.3492063492063492,0.5079365079365079
P1,leave_family_out,6,other_or_unclear,softconstrained_direct,63,47.48740768432617,56.71748733520508,0.0083742653951048,0.0107841733843088,0.1428571428571428,0.1587301587301587
P1,leave_family_out,6,other_or_unclear,softconstrained_hardderived,63,0.0,0.0,0.0,0.0,0.1269841269841269,0.1428571428571428
P1,leave_family_out,7,sulfide_like,unconstrained_direct,55,100.05133056640624,112.13507843017578,0.0454360358417034,0.0493962578475475,0.0909090909090909,0.0909090909090909
P1,leave_family_out,7,sulfide_like,unconstrained_hardderived,55,0.0,0.0,0.0,0.0,0.0,0.0
P1,leave_family_out,7,sulfide_like,softconstrained_direct,55,31.456478118896484,39.815189361572266,0.008991421200335,0.0127825774252414,0.7272727272727273,1.3818181818181818
P1,leave_family_out,7,sulfide_like,softconstrained_hardderived,55,0.0,0.0,0.0,0.0,0.7272727272727273,1.4
P1,leave_family_out,8,oxide_like_other,unconstrained_direct,22,48.14302062988281,58.73259735107422,0.0226234886795282,0.0281050652265548,0.0909090909090909,0.0909090909090909
P1,leave_family_out,8,oxide_like_other,unconstrained_hardderived,22,0.0,0.0,0.0,0.0,0.0454545454545454,0.0454545454545454
P1,leave_family_out,8,oxide_like_other,softconstrained_direct,22,28.51621627807617,36.83218002319336,0.0151837076991796,0.0163917038589715,0.1363636363636363,0.1363636363636363
P1,leave_family_out,8,oxide_like_other,softconstrained_hardderived,22,0.0,0.0,0.0,0.0,0.1363636363636363,0.1363636363636363
P1,leave_family_out,9,organic_or_carbon_like,unconstrained_direct,10,55.8380241394043,68.88522338867188,0.0156113803386688,0.0191743988543748,0.0,0.0
P1,leave_family_out,9,organic_or_carbon_like,unconstrained_hardderived,10,0.0,0.0,0.0,0.0,0.0,0.0
P1,leave_family_out,9,organic_or_carbon_like,softconstrained_direct,10,27.014331817626957,30.616872787475582,0.0096260569989681,0.0105736264958977,0.0,0.0
P1,leave_family_out,9,organic_or_carbon_like,softconstrained_hardderived,10,0.0,0.0,0.0,0.0,0.0,0.0
P1,leave_chemical_system_out,0,F-O-V,unconstrained_direct,153,35.30659866333008,43.44634628295898,0.0159458052366971,0.0177057608962059,0.0130718954248366,0.0130718954248366
P1,leave_chemical_system_out,0,F-O-V,unconstrained_hardderived,153,0.0,0.0,0.0,0.0,0.0130718954248366,0.0130718954248366
P1,leave_chemical_system_out,0,F-O-V,softconstrained_direct,153,55.25716781616211,60.237770080566406,0.0110626779496669,0.0123779224231839,0.0915032679738562,0.0915032679738562
P1,leave_chemical_system_out,0,F-O-V,softconstrained_hardderived,153,0.0,0.0,0.0,0.0,0.0915032679738562,0.0915032679738562
P1,leave_chemical_system_out,1,Mn-O-P,unconstrained_direct,118,38.51244354248047,42.07529830932617,0.0196223203092813,0.0209562201052904,0.0,0.0
P1,leave_chemical_system_out,1,Mn-O-P,unconstrained_hardderived,118,0.0,0.0,0.0,0.0,0.0,0.0
P1,leave_chemical_system_out,1,Mn-O-P,softconstrained_direct,118,23.98897933959961,27.60576057434082,0.0057972548529505,0.0064909281209111,0.2457627118644068,0.2457627118644068
P1,leave_chemical_system_out,1,Mn-O-P,softconstrained_hardderived,118,0.0,0.0,0.0,0.0,0.2457627118644068,0.2457627118644068
P1,leave_chemical_system_out,2,Fe-O-P,unconstrained_direct,102,122.73429870605467,133.16537475585938,0.0145331621170043,0.0173700526356697,0.5098039215686274,0.5392156862745098
P1,leave_chemical_system_out,2,Fe-O-P,unconstrained_hardderived,102,0.0,0.0,0.0,0.0,0.5098039215686274,0.5196078431372549
P1,leave_chemical_system_out,2,Fe-O-P,softconstrained_direct,102,23.586952209472656,26.462146759033203,0.0038508670404553,0.0047055259346961,0.0098039215686274,0.0098039215686274
P1,leave_chemical_system_out,2,Fe-O-P,softconstrained_hardderived,102,0.0,0.0,0.0,0.0,0.0098039215686274,0.0098039215686274
P1,leave_chemical_system_out,3,Cr-O-P,unconstrained_direct,84,38.85688018798828,47.07595443725586,0.0067962519824504,0.0079513285309076,0.6428571428571429,1.4166666666666667
P1,leave_chemical_system_out,3,Cr-O-P,unconstrained_hardderived,84,0.0,0.0,0.0,0.0,0.6428571428571429,1.4285714285714286
P1,leave_chemical_system_out,3,Cr-O-P,softconstrained_direct,84,13.963476181030272,15.462553024291992,0.0072643421590328,0.0091797225177288,0.0,0.0
P1,leave_chemical_system_out,3,Cr-O-P,softconstrained_hardderived,84,0.0,0.0,0.0,0.0,0.0,0.0
P1,leave_chemical_system_out,4,O-P-V,unconstrained_direct,82,62.9130859375,80.12397003173828,0.020182142034173,0.0224503297358751,0.024390243902439,0.024390243902439
P1,leave_chemical_system_out,4,O-P-V,unconstrained_hardderived,82,0.0,0.0,0.0,0.0,0.024390243902439,0.024390243902439
P1,leave_chemical_system_out,4,O-P-V,softconstrained_direct,82,29.535310745239254,37.56834411621094,0.0106477802619338,0.0120568638667464,0.3536585365853658,0.3658536585365853
P1,leave_chemical_system_out,4,O-P-V,softconstrained_hardderived,82,0.0,0.0,0.0,0.0,0.3536585365853658,0.3536585365853658
P1,leave_chemical_system_out,5,Co-O-P,unconstrained_direct,76,40.402076721191406,49.58560180664063,0.0334648750722408,0.0377633087337017,0.0,0.0
P1,leave_chemical_system_out,5,Co-O-P,unconstrained_hardderived,76,0.0,0.0,0.0,0.0,0.0,0.0
P1,leave_chemical_system_out,5,Co-O-P,softconstrained_direct,76,29.883581161499023,38.56096649169922,0.009157164953649,0.0101027274504303,0.0,0.0
P1,leave_chemical_system_out,5,Co-O-P,softconstrained_hardderived,76,0.0,0.0,0.0,0.0,0.0,0.0
P1,leave_chemical_system_out,6,Ni-O-P,unconstrained_direct,74,32.6441764831543,39.42178726196289,0.0184741169214248,0.0203726720064878,0.1216216216216216,0.1216216216216216
P1,leave_chemical_system_out,6,Ni-O-P,unconstrained_hardderived,74,0.0,0.0,0.0,0.0,0.1216216216216216,0.1216216216216216
P1,leave_chemical_system_out,6,Ni-O-P,softconstrained_direct,74,12.492105484008787,16.118915557861328,0.0049469382502138,0.0061970632523298,0.0,0.0
P1,leave_chemical_system_out,6,Ni-O-P,softconstrained_hardderived,74,0.0,0.0,0.0,0.0,0.0,0.0
P1,leave_chemical_system_out,7,F-V,unconstrained_direct,66,52.87028884887695,59.3335189819336,0.0195081382989883,0.0213521886616945,1.0,1.7424242424242424
P1,leave_chemical_system_out,7,F-V,unconstrained_hardderived,66,0.0,0.0,0.0,0.0,1.0,1.0909090909090908
P1,leave_chemical_system_out,7,F-V,softconstrained_direct,66,24.181133270263672,26.38248443603516,0.0059218117967247,0.0071344776079058,0.0,0.0
P1,leave_chemical_system_out,7,F-V,softconstrained_hardderived,66,0.0,0.0,0.0,0.0,0.0,0.0
P1,leave_chemical_system_out,8,Mo-O-P,unconstrained_direct,61,27.936992645263672,43.18124771118164,0.0149091174826025,0.0187209639698267,0.2459016393442623,0.2459016393442623
P1,leave_chemical_system_out,8,Mo-O-P,unconstrained_hardderived,61,0.0,0.0,0.0,0.0,0.2459016393442623,0.2459016393442623
P1,leave_chemical_system_out,8,Mo-O-P,softconstrained_direct,61,24.80536460876465,29.95988273620605,0.0095716780051589,0.0105951149016618,0.6229508196721312,0.6229508196721312
P1,leave_chemical_system_out,8,Mo-O-P,softconstrained_hardderived,61,0.0,0.0,0.0,0.0,0.6229508196721312,0.6229508196721312
P1,leave_chemical_system_out,9,Mn-O,unconstrained_direct,50,57.26155853271485,62.259552001953125,0.0139584299176931,0.0191476307809352,0.0,0.0
P1,leave_chemical_system_out,9,Mn-O,unconstrained_hardderived,50,0.0,0.0,0.0,0.0,0.0,0.0
P1,leave_chemical_system_out,9,Mn-O,softconstrained_direct,50,49.94303894042969,55.76287078857422,0.0125116975978016,0.0141957607120275,0.0,0.0
P1,leave_chemical_system_out,9,Mn-O,softconstrained_hardderived,50,0.0,0.0,0.0,0.0,0.0,0.0
P1,leave_chemical_system_out,10,O-V,unconstrained_direct,49,28.843137741088867,35.81039810180664,0.0077811237424612,0.0099088866263628,0.5306122448979592,0.5510204081632653
P1,leave_chemical_system_out,10,O-V,unconstrained_hardderived,49,0.0,0.0,0.0,0.0,0.5306122448979592,0.5306122448979592
P1,leave_chemical_system_out,10,O-V,softconstrained_direct,49,27.811532974243164,30.426353454589844,0.0158180128782987,0.0165292248129844,0.0,0.0
P1,leave_chemical_system_out,10,O-V,softconstrained_hardderived,49,0.0,0.0,0.0,0.0,0.0,0.0
P1,leave_chemical_system_out,11,F-Mn,unconstrained_direct,43,86.53834533691406,100.6488265991211,0.0302169192582368,0.0331852249801158,0.0930232558139534,0.0930232558139534
P1,leave_chemical_system_out,11,F-Mn,unconstrained_hardderived,43,0.0,0.0,0.0,0.0,0.0930232558139534,0.0930232558139534
P1,leave_chemical_system_out,11,F-Mn,softconstrained_direct,43,23.36601448059082,27.593772888183597,0.0192489214241504,0.021492937579751,0.0,0.0
P1,leave_chemical_system_out,11,F-Mn,softconstrained_hardderived,43,0.0,0.0,0.0,0.0,0.0,0.0
P1,leave_chemical_system_out,12,Fe-O,unconstrained_direct,40,55.74893951416016,68.00808715820312,0.0099789341911673,0.0118516916409134,0.25,0.275
P1,leave_chemical_system_out,12,Fe-O,unconstrained_hardderived,40,0.0,0.0,0.0,0.0,0.05,0.05
P1,leave_chemical_system_out,12,Fe-O,softconstrained_direct,40,58.75993728637695,74.30891418457031,0.0116710010915994,0.0132580939680337,0.225,0.25
P1,leave_chemical_system_out,12,Fe-O,softconstrained_hardderived,40,0.0,0.0,0.0,0.0,0.225,0.275
P1,leave_chemical_system_out,13,B-Mn-O,unconstrained_direct,39,29.91707420349121,29.96152877807617,0.0352637469768524,0.0355327278375625,0.0,0.0
P1,leave_chemical_system_out,13,B-Mn-O,unconstrained_hardderived,39,0.0,0.0,0.0,0.0,0.0,0.0
P1,leave_chemical_system_out,13,B-Mn-O,softconstrained_direct,39,10.25884246826172,10.282753944396973,0.0163565389811992,0.0164017472416162,0.0,0.0
P1,leave_chemical_system_out,13,B-Mn-O,softconstrained_hardderived,39,0.0,0.0,0.0,0.0,0.0,0.0
P1,leave_chemical_system_out,14,Cu-O-P,unconstrained_direct,39,49.31256103515625,56.994571685791016,0.0144955161958932,0.0180048700422048,0.0,0.0
P1,leave_chemical_system_out,14,Cu-O-P,unconstrained_hardderived,39,0.0,0.0,0.0,0.0,0.0,0.0
P1,leave_chemical_system_out,14,Cu-O-P,softconstrained_direct,39,52.50033950805664,59.79115295410156,0.012918122112751,0.0136577831581234,0.0,0.0
P1,leave_chemical_system_out,14,Cu-O-P,softconstrained_hardderived,39,0.0,0.0,0.0,0.0,0.0,0.0
P1,leave_chemical_system_out,15,O-Ti,unconstrained_direct,34,108.46829223632812,127.2876968383789,0.0159471277147531,0.0183340702205896,0.0,0.0
P1,leave_chemical_system_out,15,O-Ti,unconstrained_hardderived,34,0.0,0.0,0.0,0.0,0.0,0.0
P1,leave_chemical_system_out,15,O-Ti,softconstrained_direct,34,45.69673538208008,53.00223922729492,0.0124982902780175,0.0141466669738292,0.0,0.0
P1,leave_chemical_system_out,15,O-Ti,softconstrained_hardderived,34,0.0,0.0,0.0,0.0,0.0,0.0
P1,leave_chemical_system_out,16,Ni-O,unconstrained_direct,34,42.637916564941406,58.17242813110352,0.0121314069256186,0.0126641159877181,0.4411764705882353,0.5
P1,leave_chemical_system_out,16,Ni-O,unconstrained_hardderived,34,0.0,0.0,0.0,0.0,0.4411764705882353,0.5
P1,leave_chemical_system_out,16,Ni-O,softconstrained_direct,34,32.1678581237793,41.15999984741211,0.0141926351934671,0.0151443528011441,0.0294117647058823,0.0294117647058823
P1,leave_chemical_system_out,16,Ni-O,softconstrained_hardderived,34,0.0,0.0,0.0,0.0,0.0294117647058823,0.0294117647058823
P1,leave_chemical_system_out,17,F-Fe-O,unconstrained_direct,31,154.95199584960938,168.23255920410156,0.046141043305397,0.0467829331755638,0.0,0.0
P1,leave_chemical_system_out,17,F-Fe-O,unconstrained_hardderived,31,0.0,0.0,0.0,0.0,0.0,0.0
P1,leave_chemical_system_out,17,F-Fe-O,softconstrained_direct,31,33.817115783691406,44.5900993347168,0.0202719513326883,0.021497493609786,0.0,0.0
P1,leave_chemical_system_out,17,F-Fe-O,softconstrained_hardderived,31,0.0,0.0,0.0,0.0,0.0,0.0
P1,leave_chemical_system_out,18,Co-O,unconstrained_direct,31,60.114742279052734,79.04115295410156,0.0152087807655334,0.0237823966890573,0.032258064516129,0.032258064516129
P1,leave_chemical_system_out,18,Co-O,unconstrained_hardderived,31,0.0,0.0,0.0,0.0,0.032258064516129,0.032258064516129
P1,leave_chemical_system_out,18,Co-O,softconstrained_direct,31,29.90765190124512,36.26093292236328,0.0169910062104463,0.0191779974848032,0.0,0.0
P1,leave_chemical_system_out,18,Co-O,softconstrained_hardderived,31,0.0,0.0,0.0,0.0,0.0,0.0
P1,leave_chemical_system_out,19,Cr-O,unconstrained_direct,29,50.94998550415039,70.96916961669922,0.0536441802978515,0.066382996737957,0.4827586206896552,0.5862068965517241
P1,leave_chemical_system_out,19,Cr-O,unconstrained_hardderived,29,0.0,0.0,0.0,0.0,0.4827586206896552,0.4827586206896552
P1,leave_chemical_system_out,19,Cr-O,softconstrained_direct,29,45.62260055541992,53.11090850830078,0.0148346088826656,0.0169115085154771,0.1724137931034483,0.1724137931034483
P1,leave_chemical_system_out,19,Cr-O,softconstrained_hardderived,29,0.0,0.0,0.0,0.0,0.1724137931034483,0.1724137931034483
P1,leave_chemical_system_out,20,Fe-O-Si,unconstrained_direct,28,69.5389633178711,72.1710205078125,0.0110908271744847,0.0119982073083519,0.0,0.0
P1,leave_chemical_system_out,20,Fe-O-Si,unconstrained_hardderived,28,0.0,0.0,0.0,0.0,0.0,0.0
P1,leave_chemical_system_out,20,Fe-O-Si,softconstrained_direct,28,13.135522842407228,14.784887313842772,0.0130686331540346,0.0136150624603033,0.0,0.0
P1,leave_chemical_system_out,20,Fe-O-Si,softconstrained_hardderived,28,0.0,0.0,0.0,0.0,0.0,0.0
P1,leave_chemical_system_out,21,F-Mn-O,unconstrained_direct,28,37.761863708496094,43.45885848999024,0.0563580207526683,0.0721991807222366,0.6428571428571429,1.0357142857142858
P1,leave_chemical_system_out,21,F-Mn-O,unconstrained_hardderived,28,0.0,0.0,0.0,0.0,0.6428571428571429,0.8928571428571429
P1,leave_chemical_system_out,21,F-Mn-O,softconstrained_direct,28,31.556459426879883,38.16173553466797,0.0163715798407793,0.01673393137753,0.0,0.0
P1,leave_chemical_system_out,21,F-Mn-O,softconstrained_hardderived,28,0.0,0.0,0.0,0.0,0.0,0.0
P1,leave_chemical_system_out,22,O-P-Sb,unconstrained_direct,28,16.692533493041992,20.273197174072266,0.0268838964402675,0.0276710614562034,0.0,0.0
P1,leave_chemical_system_out,22,O-P-Sb,unconstrained_hardderived,28,0.0,0.0,0.0,0.0,0.0,0.0
P1,leave_chemical_system_out,22,O-P-Sb,softconstrained_direct,28,9.656034469604492,11.02983570098877,0.0181521214544773,0.0183056928217411,0.0,0.0
P1,leave_chemical_system_out,22,O-P-Sb,softconstrained_hardderived,28,0.0,0.0,0.0,0.0,0.0,0.0
P1,leave_chemical_system_out,23,O-P-Sn,unconstrained_direct,28,22.61248588562012,27.488189697265625,0.0064198202453553,0.0088301794603466,0.0,0.0
P1,leave_chemical_system_out,23,O-P-Sn,unconstrained_hardderived,28,0.0,0.0,0.0,0.0,0.0,0.0
P1,leave_chemical_system_out,23,O-P-Sn,softconstrained_direct,28,7.743093967437744,9.426546096801758,0.0120624238625168,0.0128587400540709,0.0357142857142857,0.0357142857142857
P1,leave_chemical_system_out,23,O-P-Sn,softconstrained_hardderived,28,0.0,0.0,0.0,0.0,0.0357142857142857,0.0357142857142857
P1,leave_chemical_system_out,24,Co-Mn-O,unconstrained_direct,27,114.22406768798828,117.6653823852539,0.0082894768565893,0.0110086314380168,0.0,0.0
P1,leave_chemical_system_out,24,Co-Mn-O,unconstrained_hardderived,27,0.0,0.0,0.0,0.0,0.0,0.0
P1,leave_chemical_system_out,24,Co-Mn-O,softconstrained_direct,27,25.803178787231445,30.41161155700684,0.0097975051030516,0.0109741566702723,0.0,0.0
P1,leave_chemical_system_out,24,Co-Mn-O,softconstrained_hardderived,27,0.0,0.0,0.0,0.0,0.0,0.0
P1,leave_chemical_system_out,25,Bi-O-P,unconstrained_direct,26,8.280138969421387,13.68811321258545,0.002941315062344,0.0038081940729171,0.0769230769230769,0.0769230769230769
P1,leave_chemical_system_out,25,Bi-O-P,unconstrained_hardderived,26,0.0,0.0,0.0,0.0,0.0769230769230769,0.0769230769230769
P1,leave_chemical_system_out,25,Bi-O-P,softconstrained_direct,26,4.691127300262451,5.619480609893799,0.0118371797725558,0.0120009910315275,0.0,0.0
P1,leave_chemical_system_out,25,Bi-O-P,softconstrained_hardderived,26,0.0,0.0,0.0,0.0,0.0,0.0
P1,leave_chemical_system_out,26,O-P-W,unconstrained_direct,25,41.599700927734375,42.18809509277344,0.0164918974041938,0.0189291946589946,0.0,0.0
P1,leave_chemical_system_out,26,O-P-W,unconstrained_hardderived,25,0.0,0.0,0.0,0.0,0.0,0.0
P1,leave_chemical_system_out,26,O-P-W,softconstrained_direct,25,12.718942642211914,14.727916717529297,0.0077556609176099,0.0083389729261398,0.12,0.44
P1,leave_chemical_system_out,26,O-P-W,softconstrained_hardderived,25,0.0,0.0,0.0,0.0,0.12,0.4
P1,leave_chemical_system_out,27,Cr-Mn-O,unconstrained_direct,24,20.402488708496094,26.002065658569336,0.0110922819003462,0.013889486901462,0.0,0.0
P1,leave_chemical_system_out,27,Cr-Mn-O,unconstrained_hardderived,24,0.0,0.0,0.0,0.0,0.0,0.0
P1,leave_chemical_system_out,27,Cr-Mn-O,softconstrained_direct,24,20.926483154296875,23.64962387084961,0.0080957598984241,0.0085002686828374,0.0,0.0
P1,leave_chemical_system_out,27,Cr-Mn-O,softconstrained_hardderived,24,0.0,0.0,0.0,0.0,0.0,0.0
P1,leave_chemical_system_out,28,Co-Fe-O,unconstrained_direct,21,30.70056533813477,42.04054641723633,0.0041848798282444,0.005082257091999,0.0,0.0
P1,leave_chemical_system_out,28,Co-Fe-O,unconstrained_hardderived,21,0.0,0.0,0.0,0.0,0.0,0.0
P1,leave_chemical_system_out,28,Co-Fe-O,softconstrained_direct,21,13.334100723266602,16.300413131713867,0.0097490549087524,0.0116581935435533,0.0476190476190476,0.0476190476190476
P1,leave_chemical_system_out,28,Co-Fe-O,softconstrained_hardderived,21,0.0,0.0,0.0,0.0,0.0476190476190476,0.0476190476190476
P1,leave_chemical_system_out,29,O-P-Ti,unconstrained_direct,20,70.30067443847656,86.1189956665039,0.0082387812435626,0.011142598465085,0.35,0.4
P1,leave_chemical_system_out,29,O-P-Ti,unconstrained_hardderived,20,0.0,0.0,0.0,0.0,0.35,0.35
P1,leave_chemical_system_out,29,O-P-Ti,softconstrained_direct,20,31.897113800048828,34.626930236816406,0.0051521556451916,0.0065601426176726,0.65,0.85
P1,leave_chemical_system_out,29,O-P-Ti,softconstrained_hardderived,20,0.0,0.0,0.0,0.0,0.65,0.85
P1,leave_chemical_system_out,30,Cr-O-V,unconstrained_direct,19,16.225366592407227,18.63973999023437,0.0132385212928056,0.0134319989010691,0.0,0.0
P1,leave_chemical_system_out,30,Cr-O-V,unconstrained_hardderived,19,0.0,0.0,0.0,0.0,0.0,0.0
P1,leave_chemical_system_out,30,Cr-O-V,softconstrained_direct,19,23.438819885253903,25.177637100219727,0.0109340958297252,0.0126704825088381,0.0,0.0
P1,leave_chemical_system_out,30,Cr-O-V,softconstrained_hardderived,19,0.0,0.0,0.0,0.0,0.0,0.0
P1,leave_chemical_system_out,31,Cu-O,unconstrained_direct,19,36.39815139770508,44.296146392822266,0.0259092301130294,0.027500320225954,0.3684210526315789,0.9473684210526316
P1,leave_chemical_system_out,31,Cu-O,unconstrained_hardderived,19,0.0,0.0,0.0,0.0,0.3684210526315789,0.9473684210526316
P1,leave_chemical_system_out,31,Cu-O,softconstrained_direct,19,36.823612213134766,40.9290771484375,0.0075352834537625,0.0079713873565196,0.0,0.0
P1,leave_chemical_system_out,31,Cu-O,softconstrained_hardderived,19,0.0,0.0,0.0,0.0,0.0,0.0
P1,leave_chemical_system_out,32,O-Ti-V,unconstrained_direct,19,35.186317443847656,40.119327545166016,0.0101993139833211,0.0123571651056408,0.0526315789473684,0.0526315789473684
P1,leave_chemical_system_out,32,O-Ti-V,unconstrained_hardderived,19,0.0,0.0,0.0,0.0,0.0526315789473684,0.0526315789473684
P1,leave_chemical_system_out,32,O-Ti-V,softconstrained_direct,19,25.85609436035156,28.01686668395996,0.009918313473463,0.0114353513345122,0.0,0.0
P1,leave_chemical_system_out,32,O-Ti-V,softconstrained_hardderived,19,0.0,0.0,0.0,0.0,0.0,0.0
P1,leave_chemical_system_out,33,Co-Ni-O,unconstrained_direct,19,30.09928131103516,35.848995208740234,0.0104723302647471,0.0116986231878399,0.0,0.0
P1,leave_chemical_system_out,33,Co-Ni-O,unconstrained_hardderived,19,0.0,0.0,0.0,0.0,0.0,0.0
P1,leave_chemical_system_out,33,Co-Ni-O,softconstrained_direct,19,9.90065860748291,13.465682983398438,0.0045465314760804,0.0050890687853097,0.0,0.0
P1,leave_chemical_system_out,33,Co-Ni-O,softconstrained_hardderived,19,0.0,0.0,0.0,0.0,0.0,0.0
P1,leave_chemical_system_out,34,Fe-Mn-O,unconstrained_direct,19,43.9895133972168,58.24141693115234,0.0078409016132354,0.0095360428094863,0.0,0.0
P1,leave_chemical_system_out,34,Fe-Mn-O,unconstrained_hardderived,19,0.0,0.0,0.0,0.0,0.0,0.0
P1,leave_chemical_system_out,34,Fe-Mn-O,softconstrained_direct,19,26.8187313079834,28.05205726623535,0.0104399509727954,0.0111410180106759,0.0,0.0
P1,leave_chemical_system_out,34,Fe-Mn-O,softconstrained_hardderived,19,0.0,0.0,0.0,0.0,0.0,0.0
P1,leave_chemical_system_out,35,Mn-O-V,unconstrained_direct,18,28.50939178466797,37.57586669921875,0.0241365171968936,0.0257756318897008,0.0,0.0
P1,leave_chemical_system_out,35,Mn-O-V,unconstrained_hardderived,18,0.0,0.0,0.0,0.0,0.0,0.0
P1,leave_chemical_system_out,35,Mn-O-V,softconstrained_direct,18,22.429378509521484,28.907581329345703,0.0057416041381657,0.0070524848997592,0.0,0.0
P1,leave_chemical_system_out,35,Mn-O-V,softconstrained_hardderived,18,0.0,0.0,0.0,0.0,0.0,0.0
P1,leave_chemical_system_out,36,Mn-O-Si,unconstrained_direct,17,34.90559005737305,36.09235382080078,0.0138665260747075,0.0148936826735734,0.0,0.0
P1,leave_chemical_system_out,36,Mn-O-Si,unconstrained_hardderived,17,0.0,0.0,0.0,0.0,0.0,0.0
P1,leave_chemical_system_out,36,Mn-O-Si,softconstrained_direct,17,28.494050979614254,30.51770782470703,0.0017471102764829,0.002815565560013,0.0,0.0
P1,leave_chemical_system_out,36,Mn-O-Si,softconstrained_hardderived,17,0.0,0.0,0.0,0.0,0.0,0.0
P1,leave_chemical_system_out,37,Mn-O-Ti,unconstrained_direct,17,48.368011474609375,53.81634140014648,0.0069080502726137,0.007438859436661,0.0,0.0
P1,leave_chemical_system_out,37,Mn-O-Ti,unconstrained_hardderived,17,0.0,0.0,0.0,0.0,0.0,0.0
P1,leave_chemical_system_out,37,Mn-O-Ti,softconstrained_direct,17,15.838619232177734,18.600147247314453,0.0132096074521541,0.0137107754126191,0.0,0.0
P1,leave_chemical_system_out,37,Mn-O-Ti,softconstrained_hardderived,17,0.0,0.0,0.0,0.0,0.0,0.0
P1,leave_chemical_system_out,38,Co-O-Si,unconstrained_direct,17,21.42159652709961,22.432918548583984,0.0075106061995029,0.0122897047549486,0.0588235294117647,0.0588235294117647
P1,leave_chemical_system_out,38,Co-O-Si,unconstrained_hardderived,17,0.0,0.0,0.0,0.0,0.0588235294117647,0.0588235294117647
P1,leave_chemical_system_out,38,Co-O-Si,softconstrained_direct,17,23.52403259277344,26.0534725189209,0.0211257264018058,0.0216476209461689,0.0588235294117647,0.0588235294117647
P1,leave_chemical_system_out,38,Co-O-Si,softconstrained_hardderived,17,0.0,0.0,0.0,0.0,0.0588235294117647,0.0588235294117647
P1,leave_chemical_system_out,39,Cr-Fe-O,unconstrained_direct,17,35.8117561340332,39.06008529663086,0.0105751166120171,0.0132160875946283,0.0,0.0
P1,leave_chemical_system_out,39,Cr-Fe-O,unconstrained_hardderived,17,0.0,0.0,0.0,0.0,0.0,0.0
P1,leave_chemical_system_out,39,Cr-Fe-O,softconstrained_direct,17,11.30827522277832,14.239209175109863,0.0208600126206874,0.0221813693642616,0.0,0.0
P1,leave_chemical_system_out,39,Cr-Fe-O,softconstrained_hardderived,17,0.0,0.0,0.0,0.0,0.0,0.0
P1,leave_chemical_system_out,40,Fe-Mn-O-P,unconstrained_direct,17,42.76249313354492,43.26288986206055,0.0066652367822825,0.0089276023209095,0.0,0.0
P1,leave_chemical_system_out,40,Fe-Mn-O-P,unconstrained_hardderived,17,0.0,0.0,0.0,0.0,0.0,0.0
P1,leave_chemical_system_out,40,Fe-Mn-O-P,softconstrained_direct,17,23.230676651000977,27.97993850708008,0.0172603279352188,0.0177883449941873,0.0,0.0
P1,leave_chemical_system_out,40,Fe-Mn-O-P,softconstrained_hardderived,17,0.0,0.0,0.0,0.0,0.0,0.0
P1,leave_chemical_system_out,41,Mn-Ni-O,unconstrained_direct,16,44.32841491699219,51.42803955078125,0.012533139437437,0.0147398868575692,0.1875,0.1875
P1,leave_chemical_system_out,41,Mn-Ni-O,unconstrained_hardderived,16,0.0,0.0,0.0,0.0,0.1875,0.1875
P1,leave_chemical_system_out,41,Mn-Ni-O,softconstrained_direct,16,33.36827087402344,34.40040969848633,0.0088664647191762,0.0103171216323971,0.0,0.0
P1,leave_chemical_system_out,41,Mn-Ni-O,softconstrained_hardderived,16,0.0,0.0,0.0,0.0,0.0,0.0
P1,leave_chemical_system_out,42,O-Si-V,unconstrained_direct,16,8.722623825073242,10.418390274047852,0.0101863630115985,0.0117086889222264,0.0,0.0
P1,leave_chemical_system_out,42,O-Si-V,unconstrained_hardderived,16,0.0,0.0,0.0,0.0,0.0,0.0
P1,leave_chemical_system_out,42,O-Si-V,softconstrained_direct,16,18.042282104492188,20.452173233032227,0.0082823410630226,0.0087710944935679,0.125,0.125
P1,leave_chemical_system_out,42,O-Si-V,softconstrained_hardderived,16,0.0,0.0,0.0,0.0,0.125,0.125
P1,leave_chemical_system_out,43,C-Fe-O-P,unconstrained_direct,15,47.06902694702149,50.852333068847656,0.0180122759193182,0.0215923953801393,0.0,0.0
P1,leave_chemical_system_out,43,C-Fe-O-P,unconstrained_hardderived,15,0.0,0.0,0.0,0.0,0.0,0.0
P1,leave_chemical_system_out,43,C-Fe-O-P,softconstrained_direct,15,17.963092803955078,18.550216674804688,0.0170366894453763,0.0171469934284687,0.0,0.0
P1,leave_chemical_system_out,43,C-Fe-O-P,softconstrained_hardderived,15,0.0,0.0,0.0,0.0,0.0,0.0
P1,leave_chemical_system_out,44,Fe-O-V,unconstrained_direct,15,27.221548080444336,40.14001083374024,0.0170849319547414,0.0195108819752931,0.0666666666666666,0.0666666666666666
P1,leave_chemical_system_out,44,Fe-O-V,unconstrained_hardderived,15,0.0,0.0,0.0,0.0,0.0666666666666666,0.0666666666666666
P1,leave_chemical_system_out,44,Fe-O-V,softconstrained_direct,15,19.726755142211918,26.32988739013672,0.007083645556122,0.0077382549643516,0.0,0.0
P1,leave_chemical_system_out,44,Fe-O-V,softconstrained_hardderived,15,0.0,0.0,0.0,0.0,0.0,0.0
P1,leave_chemical_system_out,45,Co-Cr-O,unconstrained_direct,15,71.82447814941406,72.83023071289062,0.0248492080718278,0.0260653402656316,0.0,0.0
P1,leave_chemical_system_out,45,Co-Cr-O,unconstrained_hardderived,15,0.0,0.0,0.0,0.0,0.0,0.0
P1,leave_chemical_system_out,45,Co-Cr-O,softconstrained_direct,15,5.9056925773620605,6.684149265289307,0.0149075407534837,0.0151441060006618,0.0,0.0
P1,leave_chemical_system_out,45,Co-Cr-O,softconstrained_hardderived,15,0.0,0.0,0.0,0.0,0.0,0.0
P1,leave_chemical_system_out,46,Co-Fe-Mn-O-P,unconstrained_direct,15,23.93585205078125,23.935850143432617,0.0100576281547546,0.010057627223432,0.0,0.0
P1,leave_chemical_system_out,46,Co-Fe-Mn-O-P,unconstrained_hardderived,15,0.0,0.0,0.0,0.0,0.0,0.0
P1,leave_chemical_system_out,46,Co-Fe-Mn-O-P,softconstrained_direct,15,9.16107177734375,9.161072731018066,0.0100819468498229,0.0100819477811455,0.0,0.0
P1,leave_chemical_system_out,46,Co-Fe-Mn-O-P,softconstrained_hardderived,15,0.0,0.0,0.0,0.0,0.0,0.0
P1,leave_chemical_system_out,47,C-Mn-O-P,unconstrained_direct,14,32.93163299560547,33.18230056762695,0.0063575147651135,0.0081315077841281,0.0,0.0
P1,leave_chemical_system_out,47,C-Mn-O-P,unconstrained_hardderived,14,0.0,0.0,0.0,0.0,0.0,0.0
P1,leave_chemical_system_out,47,C-Mn-O-P,softconstrained_direct,14,25.21889877319336,26.91254425048828,0.0153440330177545,0.0158280823379755,0.0,0.0
P1,leave_chemical_system_out,47,C-Mn-O-P,softconstrained_hardderived,14,0.0,0.0,0.0,0.0,0.0,0.0
P1,leave_chemical_system_out,48,Mn-O-P-V,unconstrained_direct,13,15.24301815032959,17.555017471313477,0.008297823369503,0.0090395184233784,0.0,0.0
P1,leave_chemical_system_out,48,Mn-O-P-V,unconstrained_hardderived,13,0.0,0.0,0.0,0.0,0.0,0.0
P1,leave_chemical_system_out,48,Mn-O-P-V,softconstrained_direct,13,14.29400634765625,20.145410537719727,0.0150570021942257,0.0151294292882084,0.0,0.0
P1,leave_chemical_system_out,48,Mn-O-P-V,softconstrained_hardderived,13,0.0,0.0,0.0,0.0,0.0,0.0
P1,leave_chemical_system_out,49,Co-O-V,unconstrained_direct,13,73.29533386230469,96.8330535888672,0.0050073098391294,0.005328572820872,0.1538461538461538,0.1538461538461538
P1,leave_chemical_system_out,49,Co-O-V,unconstrained_hardderived,13,0.0,0.0,0.0,0.0,0.1538461538461538,0.1538461538461538
P1,leave_chemical_system_out,49,Co-O-V,softconstrained_direct,13,32.08228302001953,35.1699104309082,0.0030461330898106,0.0038491531740874,0.0,0.0
P1,leave_chemical_system_out,49,Co-O-V,softconstrained_hardderived,13,0.0,0.0,0.0,0.0,0.0,0.0
P1,leave_chemical_system_out,50,C-Fe-O,unconstrained_direct,12,86.19000244140625,89.73294830322266,0.0504622161388397,0.0508167371153831,0.0,0.0
P1,leave_chemical_system_out,50,C-Fe-O,unconstrained_hardderived,12,0.0,0.0,0.0,0.0,0.0,0.0
P1,leave_chemical_system_out,50,C-Fe-O,softconstrained_direct,12,9.587077140808104,12.985828399658203,0.0142135620117187,0.0146507546305656,0.0,0.0
P1,leave_chemical_system_out,50,C-Fe-O,softconstrained_hardderived,12,0.0,0.0,0.0,0.0,0.0,0.0
P1,leave_chemical_system_out,51,C-O-V,unconstrained_direct,12,13.139434814453123,13.907464027404783,0.0166965406388044,0.0172194652259349,0.0,0.0
P1,leave_chemical_system_out,51,C-O-V,unconstrained_hardderived,12,0.0,0.0,0.0,0.0,0.0,0.0
P1,leave_chemical_system_out,51,C-O-V,softconstrained_direct,12,62.01728439331055,65.76988220214844,0.0043668216094374,0.0047750901430845,0.0,0.0
P1,leave_chemical_system_out,51,C-O-V,softconstrained_hardderived,12,0.0,0.0,0.0,0.0,0.0,0.0
P1,leave_chemical_system_out,52,Fe-Ni-O,unconstrained_direct,12,22.863988876342773,26.81844139099121,0.0116171641275286,0.0145845813676714,0.5833333333333334,0.5833333333333334
P1,leave_chemical_system_out,52,Fe-Ni-O,unconstrained_hardderived,12,0.0,0.0,0.0,0.0,0.5833333333333334,0.5833333333333334
P1,leave_chemical_system_out,52,Fe-Ni-O,softconstrained_direct,12,12.97040557861328,15.303060531616213,0.003280725562945,0.0042382371611893,0.0,0.0
P1,leave_chemical_system_out,52,Fe-Ni-O,softconstrained_hardderived,12,0.0,0.0,0.0,0.0,0.0,0.0
P1,leave_chemical_system_out,53,Fe-O-Ti,unconstrained_direct,11,25.62225341796875,31.471651077270508,0.0108702043071389,0.0130369598045945,0.3636363636363636,0.3636363636363636
P1,leave_chemical_system_out,53,Fe-O-Ti,unconstrained_hardderived,11,0.0,0.0,0.0,0.0,0.3636363636363636,0.3636363636363636
P1,leave_chemical_system_out,53,Fe-O-Ti,softconstrained_direct,11,16.161354064941406,18.653398513793945,0.0182819124311208,0.0195751320570707,0.7272727272727273,0.7272727272727273
P1,leave_chemical_system_out,53,Fe-O-Ti,softconstrained_hardderived,11,0.0,0.0,0.0,0.0,0.7272727272727273,0.7272727272727273
P1,leave_chemical_system_out,54,O-W,unconstrained_direct,11,43.01262283325195,46.61954116821289,0.0197839587926864,0.0244703665375709,0.0,0.0
P1,leave_chemical_system_out,54,O-W,unconstrained_hardderived,11,0.0,0.0,0.0,0.0,0.0,0.0
P1,leave_chemical_system_out,54,O-W,softconstrained_direct,11,12.151153564453123,16.31191062927246,0.0037520637270063,0.0050474791787564,0.0,0.0
P1,leave_chemical_system_out,54,O-W,softconstrained_hardderived,11,0.0,0.0,0.0,0.0,0.0,0.0
P1,leave_chemical_system_out,55,Nb-O-P,unconstrained_direct,11,37.05299377441406,38.04117202758789,0.0084281088784337,0.0097446208819746,0.0,0.0
P1,leave_chemical_system_out,55,Nb-O-P,unconstrained_hardderived,11,0.0,0.0,0.0,0.0,0.0,0.0
P1,leave_chemical_system_out,55,Nb-O-P,softconstrained_direct,11,27.08415031433105,35.004730224609375,0.007014587521553,0.0085089253261685,0.7272727272727273,0.7272727272727273
P1,leave_chemical_system_out,55,Nb-O-P,softconstrained_hardderived,11,0.0,0.0,0.0,0.0,0.7272727272727273,0.7272727272727273
P1,leave_chemical_system_out,56,F-Fe,unconstrained_direct,10,38.520057678222656,44.28411102294922,0.0146788042038679,0.0174075774848461,0.7,0.9
P1,leave_chemical_system_out,56,F-Fe,unconstrained_hardderived,10,0.0,0.0,0.0,0.0,0.7,1.1
P1,leave_chemical_system_out,56,F-Fe,softconstrained_direct,10,36.96168899536133,39.5882453918457,0.0173832066357135,0.0195465795695781,0.0,0.0
P1,leave_chemical_system_out,56,F-Fe,softconstrained_hardderived,10,0.0,0.0,0.0,0.0,0.0,0.0
P1,leave_chemical_system_out,57,Mg-Mn-O,unconstrained_direct,10,52.972877502441406,57.38467788696289,0.0243449825793504,0.0269832257181406,0.4,0.4
P1,leave_chemical_system_out,57,Mg-Mn-O,unconstrained_hardderived,10,0.0,0.0,0.0,0.0,0.0,0.0
P1,leave_chemical_system_out,57,Mg-Mn-O,softconstrained_direct,10,68.51637268066406,69.25594329833984,0.0083295414224267,0.0086787799373269,0.2,0.2
P1,leave_chemical_system_out,57,Mg-Mn-O,softconstrained_hardderived,10,0.0,0.0,0.0,0.0,0.2,0.2
P1,leave_chemical_system_out,58,B-Fe-O,unconstrained_direct,9,17.4725341796875,18.011981964111328,0.0170364920049905,0.0183044616132974,1.0,1.0
P1,leave_chemical_system_out,58,B-Fe-O,unconstrained_hardderived,9,0.0,0.0,0.0,0.0,1.0,1.0
P1,leave_chemical_system_out,58,B-Fe-O,softconstrained_direct,9,52.24821472167969,52.57548904418945,0.0266414284706115,0.0271467491984367,0.0,0.0
P1,leave_chemical_system_out,58,B-Fe-O,softconstrained_hardderived,9,0.0,0.0,0.0,0.0,0.0,0.0
P1,leave_chemical_system_out,59,Mn-Ni-O-P,unconstrained_direct,9,32.44124221801758,38.00591659545898,0.0062675843946635,0.0078715328127145,0.0,0.0
P1,leave_chemical_system_out,59,Mn-Ni-O-P,unconstrained_hardderived,9,0.0,0.0,0.0,0.0,0.0,0.0
P1,leave_chemical_system_out,59,Mn-Ni-O-P,softconstrained_direct,9,17.54343605041504,19.29320335388184,0.004502473399043,0.0064250952564179,0.0,0.0
P1,leave_chemical_system_out,59,Mn-Ni-O-P,softconstrained_hardderived,9,0.0,0.0,0.0,0.0,0.0,0.0
P1,leave_chemical_system_out,60,C-Co-O,unconstrained_direct,8,119.80713653564452,123.21044158935548,0.0123839043080806,0.0143098486587405,0.0,0.0
P1,leave_chemical_system_out,60,C-Co-O,unconstrained_hardderived,8,0.0,0.0,0.0,0.0,0.0,0.0
P1,leave_chemical_system_out,60,C-Co-O,softconstrained_direct,8,27.72051239013672,32.30600357055664,0.0164202451705932,0.0167802348732948,0.0,0.0
P1,leave_chemical_system_out,60,C-Co-O,softconstrained_hardderived,8,0.0,0.0,0.0,0.0,0.0,0.0
P1,leave_chemical_system_out,61,C-Cu-O,unconstrained_direct,8,75.84821319580078,75.86842346191406,0.0277854055166244,0.0286226868629455,0.0,0.0
P1,leave_chemical_system_out,61,C-Cu-O,unconstrained_hardderived,8,0.0,0.0,0.0,0.0,0.0,0.0
P1,leave_chemical_system_out,61,C-Cu-O,softconstrained_direct,8,84.2612075805664,86.48933410644531,0.0177957154810428,0.0178641844540834,0.0,0.0
P1,leave_chemical_system_out,61,C-Cu-O,softconstrained_hardderived,8,0.0,0.0,0.0,0.0,0.0,0.0
P1,leave_chemical_system_out,62,Cr-Ni-O,unconstrained_direct,8,28.56848526000977,39.77864074707031,0.0095477746799588,0.0142470682039856,0.375,0.375
P1,leave_chemical_system_out,62,Cr-Ni-O,unconstrained_hardderived,8,0.0,0.0,0.0,0.0,0.375,0.375
P1,leave_chemical_system_out,62,Cr-Ni-O,softconstrained_direct,8,15.247030258178713,17.436420440673828,0.009728911332786,0.0112452488392591,0.125,0.125
P1,leave_chemical_system_out,62,Cr-Ni-O,softconstrained_hardderived,8,0.0,0.0,0.0,0.0,0.125,0.125
P1,leave_chemical_system_out,63,Mo-O,unconstrained_direct,8,51.849388122558594,66.60840606689453,0.0111507810652256,0.0175836775451898,0.125,0.125
P1,leave_chemical_system_out,63,Mo-O,unconstrained_hardderived,8,0.0,0.0,0.0,0.0,0.125,0.125
P1,leave_chemical_system_out,63,Mo-O,softconstrained_direct,8,6.968345642089844,9.9627685546875,0.009035438299179,0.0104142185300588,0.0,0.0
P1,leave_chemical_system_out,63,Mo-O,softconstrained_hardderived,8,0.0,0.0,0.0,0.0,0.0,0.0
P1,leave_chemical_system_out,64,Co-Mn-O-P,unconstrained_direct,8,19.75464630126953,25.150192260742188,0.0092395693063735,0.0110818482935428,0.0,0.0
P1,leave_chemical_system_out,64,Co-Mn-O-P,unconstrained_hardderived,8,0.0,0.0,0.0,0.0,0.0,0.0
P1,leave_chemical_system_out,64,Co-Mn-O-P,softconstrained_direct,8,8.837471008300781,10.200916290283203,0.0085737993940711,0.0097179738804697,0.0,0.0
P1,leave_chemical_system_out,64,Co-Mn-O-P,softconstrained_hardderived,8,0.0,0.0,0.0,0.0,0.0,0.0
P1,leave_chemical_system_out,65,Cr-F,unconstrained_direct,8,52.49394226074219,77.41358184814453,0.0308475065976381,0.0335640087723732,0.125,0.125
P1,leave_chemical_system_out,65,Cr-F,unconstrained_hardderived,8,0.0,0.0,0.0,0.0,0.125,0.125
P1,leave_chemical_system_out,65,Cr-F,softconstrained_direct,8,74.73052215576172,80.55143737792969,0.0093970689922571,0.0101450914517045,0.0,0.0
P1,leave_chemical_system_out,65,Cr-F,softconstrained_hardderived,8,0.0,0.0,0.0,0.0,0.0,0.0
P1,leave_chemical_system_out,66,C-Fe-Na-O-P,unconstrained_direct,7,46.94932174682617,50.123985290527344,0.0201616324484348,0.0204148758202791,0.0,0.0
P1,leave_chemical_system_out,66,C-Fe-Na-O-P,unconstrained_hardderived,7,0.0,0.0,0.0,0.0,0.0,0.0
P1,leave_chemical_system_out,66,C-Fe-Na-O-P,softconstrained_direct,7,16.00431251525879,17.031423568725586,0.0049100639298558,0.0050762668251991,0.8571428571428571,0.8571428571428571
P1,leave_chemical_system_out,66,C-Fe-Na-O-P,softconstrained_hardderived,7,0.0,0.0,0.0,0.0,0.8571428571428571,0.8571428571428571
P1,leave_chemical_system_out,67,Cr-Mn-O-P,unconstrained_direct,7,25.27733421325684,30.835865020751957,0.006123102735728,0.0070355175994336,0.0,0.0
P1,leave_chemical_system_out,67,Cr-Mn-O-P,unconstrained_hardderived,7,0.0,0.0,0.0,0.0,0.0,0.0
P1,leave_chemical_system_out,67,Cr-Mn-O-P,softconstrained_direct,7,7.726641178131103,9.487398147583008,0.0136456349864602,0.0136909503489732,0.0,0.0
P1,leave_chemical_system_out,67,Cr-Mn-O-P,softconstrained_hardderived,7,0.0,0.0,0.0,0.0,0.0,0.0
P1,leave_chemical_system_out,68,Cr-O-Si,unconstrained_direct,7,91.73118591308594,101.5494155883789,0.0269551910459995,0.0293698832392692,0.1428571428571428,0.1428571428571428
P1,leave_chemical_system_out,68,Cr-O-Si,unconstrained_hardderived,7,0.0,0.0,0.0,0.0,0.1428571428571428,0.1428571428571428
P1,leave_chemical_system_out,68,Cr-O-Si,softconstrained_direct,7,29.70501708984375,42.24894332885742,0.0027461904101073,0.0031757189426571,0.4285714285714285,0.4285714285714285
P1,leave_chemical_system_out,68,Cr-O-Si,softconstrained_hardderived,7,0.0,0.0,0.0,0.0,0.4285714285714285,0.4285714285714285
P1,leave_chemical_system_out,69,H-Mn-O-S,unconstrained_direct,7,58.6202278137207,58.80030822753906,0.0122474255040287,0.0138338292017579,0.5714285714285714,0.5714285714285714
P1,leave_chemical_system_out,69,H-Mn-O-S,unconstrained_hardderived,7,0.0,0.0,0.0,0.0,0.5714285714285714,0.5714285714285714
P1,leave_chemical_system_out,69,H-Mn-O-S,softconstrained_direct,7,12.367453575134276,14.695165634155272,0.0055112806148827,0.0064612077549099,0.0,0.0
P1,leave_chemical_system_out,69,H-Mn-O-S,softconstrained_hardderived,7,0.0,0.0,0.0,0.0,0.0,0.0
P1,leave_chemical_system_out,70,H-O-P-V,unconstrained_direct,7,110.2458953857422,111.68006896972656,0.0255478732287883,0.0261315926909446,0.8571428571428571,0.8571428571428571
P1,leave_chemical_system_out,70,H-O-P-V,unconstrained_hardderived,7,0.0,0.0,0.0,0.0,0.8571428571428571,0.8571428571428571
P1,leave_chemical_system_out,70,H-O-P-V,softconstrained_direct,7,14.576207160949709,18.208932876586918,0.00805539265275,0.008121695369482,0.0,0.0
P1,leave_chemical_system_out,70,H-O-P-V,softconstrained_hardderived,7,0.0,0.0,0.0,0.0,0.0,0.0
P1,leave_chemical_system_out,71,Mn-O-S,unconstrained_direct,7,26.89794540405273,28.545595169067383,0.0055210515856742,0.0066627711057662,0.4285714285714285,0.4285714285714285
P1,leave_chemical_system_out,71,Mn-O-S,unconstrained_hardderived,7,0.0,0.0,0.0,0.0,0.4285714285714285,0.4285714285714285
P1,leave_chemical_system_out,71,Mn-O-S,softconstrained_direct,7,11.807503700256348,12.08935260772705,0.0150987012311816,0.0153449736535549,0.1428571428571428,0.1428571428571428
P1,leave_chemical_system_out,71,Mn-O-S,softconstrained_hardderived,7,0.0,0.0,0.0,0.0,0.1428571428571428,0.1428571428571428
P1,leave_chemical_system_out,72,S-V,unconstrained_direct,7,103.34784698486328,110.0929946899414,0.0302390605211257,0.0343083813786506,0.0,0.0
P1,leave_chemical_system_out,72,S-V,unconstrained_hardderived,7,0.0,0.0,0.0,0.0,0.0,0.0
P1,leave_chemical_system_out,72,S-V,softconstrained_direct,7,8.493791580200195,11.435081481933594,0.0082940217107534,0.0103324279189109,1.0,1.5714285714285714
P1,leave_chemical_system_out,72,S-V,softconstrained_hardderived,7,0.0,0.0,0.0,0.0,1.0,2.142857142857143
P1,leave_chemical_system_out,73,Co-O-Ti,unconstrained_direct,7,38.2291259765625,40.55998611450195,0.0046259700320661,0.0070930370129644,0.0,0.0
P1,leave_chemical_system_out,73,Co-O-Ti,unconstrained_hardderived,7,0.0,0.0,0.0,0.0,0.0,0.0
P1,leave_chemical_system_out,73,Co-O-Ti,softconstrained_direct,7,12.87940788269043,16.408987045288086,0.0111348824575543,0.0121187875047326,0.0,0.0
P1,leave_chemical_system_out,73,Co-O-Ti,softconstrained_hardderived,7,0.0,0.0,0.0,0.0,0.0,0.0
P1,leave_chemical_system_out,74,Mo-Se,unconstrained_direct,7,6.824100017547607,11.517082214355469,0.0156623031944036,0.0172199215739965,0.1428571428571428,0.1428571428571428
P1,leave_chemical_system_out,74,Mo-Se,unconstrained_hardderived,7,0.0,0.0,0.0,0.0,0.1428571428571428,0.1428571428571428
P1,leave_chemical_system_out,74,Mo-Se,softconstrained_direct,7,29.840160369873047,30.34169578552246,0.007821574807167,0.0085614109411835,0.0,0.0
P1,leave_chemical_system_out,74,Mo-Se,softconstrained_hardderived,7,0.0,0.0,0.0,0.0,0.0,0.0
P1,leave_working_ion_out,0,Li,unconstrained_direct,2658,71.28221130371094,87.21954345703125,0.0344880707561969,0.0436586923897266,0.0752445447705041,0.0872836719337848
P1,leave_working_ion_out,0,Li,unconstrained_hardderived,2658,0.0,0.0,0.0,0.0,0.054928517682468,0.0571858540255831
P1,leave_working_ion_out,0,Li,softconstrained_direct,2658,50.77701568603516,66.32832336425781,0.0275434050709009,0.033801432698965,0.1993980436418359,0.2689992475545523
P1,leave_working_ion_out,0,Li,softconstrained_hardderived,2658,0.0,0.0,0.0,0.0,0.1903686982693754,0.2310007524454477
P1,leave_working_ion_out,1,Na,unconstrained_direct,394,60.045677185058594,77.5658950805664,0.0228693671524524,0.0298197194933891,0.233502538071066,0.2944162436548223
P1,leave_working_ion_out,1,Na,unconstrained_hardderived,394,0.0,0.0,0.0,0.0,0.2055837563451776,0.2563451776649746
P1,leave_working_ion_out,1,Na,softconstrained_direct,394,32.31461715698242,41.50851058959961,0.0125835724174976,0.0155954854562878,0.2538071065989847,0.4873096446700508
P1,leave_working_ion_out,1,Na,softconstrained_hardderived,394,0.0,0.0,0.0,0.0,0.2538071065989847,0.4695431472081218
P1,leave_working_ion_out,2,K,unconstrained_direct,149,130.30706787109375,153.7274169921875,0.0226292163133621,0.0307171251624822,0.4228187919463087,0.6845637583892618
P1,leave_working_ion_out,2,K,unconstrained_hardderived,149,0.0,0.0,0.0,0.0,0.4026845637583892,0.7114093959731543
P1,leave_working_ion_out,2,K,softconstrained_direct,149,27.823841094970703,35.491455078125,0.0124717410653829,0.0163946188986301,0.1812080536912751,0.2214765100671141
P1,leave_working_ion_out,2,K,softconstrained_hardderived,149,0.0,0.0,0.0,0.0,0.1812080536912751,0.2214765100671141
P2,random_split,0,random_0,unconstrained_direct,641,46.83565139770508,66.57301330566406,0.0173961166292428,0.0227033980190753,0.1123244929797191,0.1310452418096724
P2,random_split,0,random_0,unconstrained_hardderived,641,0.0,0.0,0.0,0.0,0.0982839313572542,0.1154446177847113
P2,random_split,0,random_0,softconstrained_direct,641,21.332300186157227,30.12013816833496,0.009718264453113,0.0115645481273531,0.1248049921996879,0.157566302652106
P2,random_split,0,random_0,softconstrained_hardderived,641,0.0,0.0,0.0,0.0,0.1201248049921996,0.15600624024961
P2,random_split,1,random_1,unconstrained_direct,641,39.4737663269043,54.55226135253906,0.0161853227764368,0.0211119409650564,0.1606864274570983,0.1981279251170047
P2,random_split,1,random_1,unconstrained_hardderived,641,0.0,0.0,0.0,0.0,0.1279251170046801,0.1497659906396256
P2,random_split,1,random_1,softconstrained_direct,641,21.70502281188965,31.94465446472168,0.0096377478912472,0.0117376716807484,0.1279251170046801,0.1840873634945397
P2,random_split,1,random_1,softconstrained_hardderived,641,0.0,0.0,0.0,0.0,0.1232449297971918,0.1856474258970359
P2,random_split,2,random_2,unconstrained_direct,641,54.574466705322266,71.43778991699219,0.0171136744320392,0.0225134342908859,0.0920436817472698,0.1060842433697348
P2,random_split,2,random_2,unconstrained_hardderived,641,0.0,0.0,0.0,0.0,0.0842433697347894,0.093603744149766
P2,random_split,2,random_2,softconstrained_direct,641,18.765390396118164,26.523412704467773,0.0107706161215901,0.0130874821916222,0.0717628705148206,0.0764430577223088
P2,random_split,2,random_2,softconstrained_hardderived,641,0.0,0.0,0.0,0.0,0.0717628705148206,0.078003120124805
P2,random_split,3,random_3,unconstrained_direct,641,41.498931884765625,55.76493835449219,0.0156628731638193,0.0216509196907281,0.1497659906396256,0.1918876755070203
P2,random_split,3,random_3,unconstrained_hardderived,641,0.0,0.0,0.0,0.0,0.1248049921996879,0.1497659906396256
P2,random_split,3,random_3,softconstrained_direct,641,21.428661346435547,30.431324005126957,0.0104440040886402,0.0127800377085804,0.1076443057722308,0.1404056162246489
P2,random_split,3,random_3,softconstrained_hardderived,641,0.0,0.0,0.0,0.0,0.1014040561622464,0.1388455538221528
P2,random_split,4,random_4,unconstrained_direct,641,47.864871978759766,64.5748291015625,0.0161645170301198,0.0202736295759677,0.0982839313572542,0.1185647425897035
P2,random_split,4,random_4,unconstrained_hardderived,641,0.0,0.0,0.0,0.0,0.0904836193447738,0.1170046801872074
P2,random_split,4,random_4,softconstrained_direct,641,19.810251235961918,27.33952140808105,0.0103231538087129,0.0125503791496157,0.0842433697347894,0.1092043681747269
P2,random_split,4,random_4,softconstrained_hardderived,641,0.0,0.0,0.0,0.0,0.0842433697347894,0.1138845553822152
P2,framework_groupkfold,0,K|AgAsF6|K|Ca9Co(PO4)7|K|CoF3|K|Cr2(PS4)3|K|CrO2|K|CrP2S7|K|Cs2CrF6|K|Cs2NiF6|K|Cu4(PO4)3|K|FeNi(CN)6|K|FeSe|K|Lu(NbCl3)6|K|Mn6P7O24|K|MnPCO7|K|Mo2P3O13|K|MoCl6|K|NaMoF6|K|NbO3|K|Ni3P3O11|K|NiH8(CO5)2,unconstrained_direct,641,41.26917266845703,54.068843841552734,0.0163584873080253,0.0222995840013027,0.1310452418096724,0.1747269890795632
P2,framework_groupkfold,0,K|AgAsF6|K|Ca9Co(PO4)7|K|CoF3|K|Cr2(PS4)3|K|CrO2|K|CrP2S7|K|Cs2CrF6|K|Cs2NiF6|K|Cu4(PO4)3|K|FeNi(CN)6|K|FeSe|K|Lu(NbCl3)6|K|Mn6P7O24|K|MnPCO7|K|Mo2P3O13|K|MoCl6|K|NaMoF6|K|NbO3|K|Ni3P3O11|K|NiH8(CO5)2,unconstrained_hardderived,641,0.0,0.0,0.0,0.0,0.1248049921996879,0.157566302652106
P2,framework_groupkfold,0,K|AgAsF6|K|Ca9Co(PO4)7|K|CoF3|K|Cr2(PS4)3|K|CrO2|K|CrP2S7|K|Cs2CrF6|K|Cs2NiF6|K|Cu4(PO4)3|K|FeNi(CN)6|K|FeSe|K|Lu(NbCl3)6|K|Mn6P7O24|K|MnPCO7|K|Mo2P3O13|K|MoCl6|K|NaMoF6|K|NbO3|K|Ni3P3O11|K|NiH8(CO5)2,softconstrained_direct,641,20.988943099975582,27.890430450439453,0.0094942962750792,0.011408113874495,0.1248049921996879,0.1326053042121684
P2,framework_groupkfold,0,K|AgAsF6|K|Ca9Co(PO4)7|K|CoF3|K|Cr2(PS4)3|K|CrO2|K|CrP2S7|K|Cs2CrF6|K|Cs2NiF6|K|Cu4(PO4)3|K|FeNi(CN)6|K|FeSe|K|Lu(NbCl3)6|K|Mn6P7O24|K|MnPCO7|K|Mo2P3O13|K|MoCl6|K|NaMoF6|K|NbO3|K|Ni3P3O11|K|NiH8(CO5)2,softconstrained_hardderived,641,0.0,0.0,0.0,0.0,0.1248049921996879,0.1326053042121684
P2,framework_groupkfold,1,K|C|K|Co2O5|K|CoPCO7|K|CrO3|K|Cs2CoF6|K|Cs2MoCl6|K|Cs2TaCl6|K|FeH4(SO5)2|K|FeSb3|K|LiVF6|K|MgMn4O8|K|Mn4(PO4)3|K|MnF3|K|MnO2|K|MnP2O7|K|Mo9S11|K|NaCrF6|K|NbO2F|K|Ni(PO3)3|K|NiH12(SO7)2,unconstrained_direct,640,44.92825698852539,58.49856948852539,0.0172564033418893,0.0226758066564798,0.071875,0.0875
P2,framework_groupkfold,1,K|C|K|Co2O5|K|CoPCO7|K|CrO3|K|Cs2CoF6|K|Cs2MoCl6|K|Cs2TaCl6|K|FeH4(SO5)2|K|FeSb3|K|LiVF6|K|MgMn4O8|K|Mn4(PO4)3|K|MnF3|K|MnO2|K|MnP2O7|K|Mo9S11|K|NaCrF6|K|NbO2F|K|Ni(PO3)3|K|NiH12(SO7)2,unconstrained_hardderived,640,0.0,0.0,0.0,0.0,0.0546875,0.065625
P2,framework_groupkfold,1,K|C|K|Co2O5|K|CoPCO7|K|CrO3|K|Cs2CoF6|K|Cs2MoCl6|K|Cs2TaCl6|K|FeH4(SO5)2|K|FeSb3|K|LiVF6|K|MgMn4O8|K|Mn4(PO4)3|K|MnF3|K|MnO2|K|MnP2O7|K|Mo9S11|K|NaCrF6|K|NbO2F|K|Ni(PO3)3|K|NiH12(SO7)2,softconstrained_direct,640,20.521076202392575,27.317975997924805,0.010532428510487,0.0130951637402176,0.0515625,0.0625
P2,framework_groupkfold,1,K|C|K|Co2O5|K|CoPCO7|K|CrO3|K|Cs2CoF6|K|Cs2MoCl6|K|Cs2TaCl6|K|FeH4(SO5)2|K|FeSb3|K|LiVF6|K|MgMn4O8|K|Mn4(PO4)3|K|MnF3|K|MnO2|K|MnP2O7|K|Mo9S11|K|NaCrF6|K|NbO2F|K|Ni(PO3)3|K|NiH12(SO7)2,softconstrained_hardderived,640,0.0,0.0,0.0,0.0,0.05,0.065625
P2,framework_groupkfold,2,K|BiPCO7|K|CePCO7|K|CoO2|K|CrF6|K|Cs2AgF6|K|Cs2MoBr6|K|Cs2SbCl6|K|FeF3|K|FeH12(SO7)2|K|FePO4F|K|LiSbF6|K|Mn2P2O7F2|K|MnH8(SO6)2|K|Mo3S4|K|Na2NiO2|K|Nb3Se4|K|NdNb4O12|K|NiF6|K|PrNb4O12|K|Rb2MnF6,unconstrained_direct,640,47.02394485473633,61.54466247558594,0.0171791017055511,0.0232590679079294,0.2125,0.2640625
P2,framework_groupkfold,2,K|BiPCO7|K|CePCO7|K|CoO2|K|CrF6|K|Cs2AgF6|K|Cs2MoBr6|K|Cs2SbCl6|K|FeF3|K|FeH12(SO7)2|K|FePO4F|K|LiSbF6|K|Mn2P2O7F2|K|MnH8(SO6)2|K|Mo3S4|K|Na2NiO2|K|Nb3Se4|K|NdNb4O12|K|NiF6|K|PrNb4O12|K|Rb2MnF6,unconstrained_hardderived,640,0.0,0.0,0.0,0.0,0.203125,0.2390625
P2,framework_groupkfold,2,K|BiPCO7|K|CePCO7|K|CoO2|K|CrF6|K|Cs2AgF6|K|Cs2MoBr6|K|Cs2SbCl6|K|FeF3|K|FeH12(SO7)2|K|FePO4F|K|LiSbF6|K|Mn2P2O7F2|K|MnH8(SO6)2|K|Mo3S4|K|Na2NiO2|K|Nb3Se4|K|NdNb4O12|K|NiF6|K|PrNb4O12|K|Rb2MnF6,softconstrained_direct,640,21.980239868164062,30.51421546936035,0.0103334840387105,0.0127809233963489,0.153125,0.203125
P2,framework_groupkfold,2,K|BiPCO7|K|CePCO7|K|CoO2|K|CrF6|K|Cs2AgF6|K|Cs2MoBr6|K|Cs2SbCl6|K|FeF3|K|FeH12(SO7)2|K|FePO4F|K|LiSbF6|K|Mn2P2O7F2|K|MnH8(SO6)2|K|Mo3S4|K|Na2NiO2|K|Nb3Se4|K|NdNb4O12|K|NiF6|K|PrNb4O12|K|Rb2MnF6,softconstrained_hardderived,640,0.0,0.0,0.0,0.0,0.1421875,0.1953125
P2,framework_groupkfold,3,K|Bi(PO3)4|K|Cd2Cu(SO)2|K|CoH8(CO5)2|K|CrF3|K|CrPO4F|K|CrS2|K|Cs2MnF6|K|Cs2SbBr6|K|Fe11O17|K|FePO4|K|LiNbF6|K|Mn(PO3)3|K|MnH6(S2O9)2|K|Mo2O3|K|Na2FeO3|K|Nb3S4|K|NbSe2|K|Ni4P4O15|K|P(W3O10)4|K|Rb2CuF6,unconstrained_direct,640,41.57047653198242,58.12021255493164,0.0153699535876512,0.0201313775032758,0.19375,0.2703125
P2,framework_groupkfold,3,K|Bi(PO3)4|K|Cd2Cu(SO)2|K|CoH8(CO5)2|K|CrF3|K|CrPO4F|K|CrS2|K|Cs2MnF6|K|Cs2SbBr6|K|Fe11O17|K|FePO4|K|LiNbF6|K|Mn(PO3)3|K|MnH6(S2O9)2|K|Mo2O3|K|Na2FeO3|K|Nb3S4|K|NbSe2|K|Ni4P4O15|K|P(W3O10)4|K|Rb2CuF6,unconstrained_hardderived,640,0.0,0.0,0.0,0.0,0.178125,0.225
P2,framework_groupkfold,3,K|Bi(PO3)4|K|Cd2Cu(SO)2|K|CoH8(CO5)2|K|CrF3|K|CrPO4F|K|CrS2|K|Cs2MnF6|K|Cs2SbBr6|K|Fe11O17|K|FePO4|K|LiNbF6|K|Mn(PO3)3|K|MnH6(S2O9)2|K|Mo2O3|K|Na2FeO3|K|Nb3S4|K|NbSe2|K|Ni4P4O15|K|P(W3O10)4|K|Rb2CuF6,softconstrained_direct,640,21.406497955322266,29.75791931152344,0.0111408503726124,0.0130303734913468,0.11875,0.165625
P2,framework_groupkfold,3,K|Bi(PO3)4|K|Cd2Cu(SO)2|K|CoH8(CO5)2|K|CrF3|K|CrPO4F|K|CrS2|K|Cs2MnF6|K|Cs2SbBr6|K|Fe11O17|K|FePO4|K|LiNbF6|K|Mn(PO3)3|K|MnH6(S2O9)2|K|Mo2O3|K|Na2FeO3|K|Nb3S4|K|NbSe2|K|Ni4P4O15|K|P(W3O10)4|K|Rb2CuF6,softconstrained_hardderived,640,0.0,0.0,0.0,0.0,0.11875,0.16875
P2,framework_groupkfold,4,K|AgO|K|Ca9Mn(PO4)7|K|CoF6|K|Cr3O8|K|CrPCO7|K|Cs2CuF6|K|Cs2PdF6|K|CuPCO7|K|FePCO7|K|LiMnF6|K|MgMn2O4|K|MnF6|K|Mo15Se19|K|MoS|K|NaSbF6|K|NbS2|K|Ni4(PO4)3|K|NiPCO7|K|Rb2CrF6|K|RbSb,unconstrained_direct,640,54.44942474365234,74.2635726928711,0.0143251148983836,0.0183430463075637,0.15,0.1890625
P2,framework_groupkfold,4,K|AgO|K|Ca9Mn(PO4)7|K|CoF6|K|Cr3O8|K|CrPCO7|K|Cs2CuF6|K|Cs2PdF6|K|CuPCO7|K|FePCO7|K|LiMnF6|K|MgMn2O4|K|MnF6|K|Mo15Se19|K|MoS|K|NaSbF6|K|NbS2|K|Ni4(PO4)3|K|NiPCO7|K|Rb2CrF6|K|RbSb,unconstrained_hardderived,640,0.0,0.0,0.0,0.0,0.13125,0.1640625
P2,framework_groupkfold,4,K|AgO|K|Ca9Mn(PO4)7|K|CoF6|K|Cr3O8|K|CrPCO7|K|Cs2CuF6|K|Cs2PdF6|K|CuPCO7|K|FePCO7|K|LiMnF6|K|MgMn2O4|K|MnF6|K|Mo15Se19|K|MoS|K|NaSbF6|K|NbS2|K|Ni4(PO4)3|K|NiPCO7|K|Rb2CrF6|K|RbSb,softconstrained_direct,640,25.509105682373047,34.703556060791016,0.0104684038087725,0.0126572614535689,0.1203125,0.159375
P2,framework_groupkfold,4,K|AgO|K|Ca9Mn(PO4)7|K|CoF6|K|Cr3O8|K|CrPCO7|K|Cs2CuF6|K|Cs2PdF6|K|CuPCO7|K|FePCO7|K|LiMnF6|K|MgMn2O4|K|MnF6|K|Mo15Se19|K|MoS|K|NaSbF6|K|NbS2|K|Ni4(PO4)3|K|NiPCO7|K|Rb2CrF6|K|RbSb,softconstrained_hardderived,640,0.0,0.0,0.0,0.0,0.1203125,0.1703125
P2,leave_family_out,0,polyanion_phosphate_like,unconstrained_direct,1174,26.320241928100582,31.05013465881348,0.0153906792402267,0.0175530258566141,0.293015332197615,0.293015332197615
P2,leave_family_out,0,polyanion_phosphate_like,unconstrained_hardderived,1174,0.0,0.0,0.0,0.0,0.293015332197615,0.293015332197615
P2,leave_family_out,0,polyanion_phosphate_like,softconstrained_direct,1174,117.23235321044922,119.76443481445312,0.0033362715039402,0.0043549961410462,0.2674616695059625,0.3339011925042589
P2,leave_family_out,0,polyanion_phosphate_like,softconstrained_hardderived,1174,0.0,0.0,0.0,0.0,0.2674616695059625,0.3339011925042589
P2,leave_family_out,1,transition_metal_oxide_like,unconstrained_direct,1173,71.73932647705078,91.53043365478516,0.0284466985613107,0.0356099382042884,0.2838874680306905,0.3410059676044331
P2,leave_family_out,1,transition_metal_oxide_like,unconstrained_hardderived,1173,0.0,0.0,0.0,0.0,0.2310315430520034,0.2651321398124467
P2,leave_family_out,1,transition_metal_oxide_like,softconstrained_direct,1173,35.005374908447266,46.688087463378906,0.0207176022231578,0.0268844459205865,0.1781756180733162,0.206308610400682
P2,leave_family_out,1,transition_metal_oxide_like,softconstrained_hardderived,1173,0.0,0.0,0.0,0.0,0.175618073316283,0.2054560954816709
P2,leave_family_out,2,halide_or_fluoride_like,unconstrained_direct,246,53.848411560058594,65.50650787353516,0.0293778199702501,0.0350189208984375,0.4796747967479675,0.6829268292682927
P2,leave_family_out,2,halide_or_fluoride_like,unconstrained_hardderived,246,0.0,0.0,0.0,0.0,0.4715447154471545,0.573170731707317
P2,leave_family_out,2,halide_or_fluoride_like,softconstrained_direct,246,46.164737701416016,56.9151611328125,0.0114868581295013,0.0138747980818152,0.3455284552845528,0.4349593495934959
P2,leave_family_out,2,halide_or_fluoride_like,softconstrained_hardderived,246,0.0,0.0,0.0,0.0,0.3414634146341463,0.4349593495934959
P2,leave_family_out,3,oxyfluoride_or_fluoropolyanion_like,unconstrained_direct,221,37.98799133300781,51.19411087036133,0.0302075874060392,0.0355663560330867,0.4434389140271493,0.579185520361991
P2,leave_family_out,3,oxyfluoride_or_fluoropolyanion_like,unconstrained_hardderived,221,0.0,0.0,0.0,0.0,0.4389140271493212,0.4434389140271493
P2,leave_family_out,3,oxyfluoride_or_fluoropolyanion_like,softconstrained_direct,221,27.244792938232425,34.19898223876953,0.0136243980377912,0.0161906685680151,0.0633484162895927,0.0633484162895927
P2,leave_family_out,3,oxyfluoride_or_fluoropolyanion_like,softconstrained_hardderived,221,0.0,0.0,0.0,0.0,0.0633484162895927,0.0633484162895927
P2,leave_family_out,4,silicate_like,unconstrained_direct,131,45.60206604003906,59.87704849243164,0.0114802997559309,0.0150683335959911,0.2213740458015267,0.2213740458015267
P2,leave_family_out,4,silicate_like,unconstrained_hardderived,131,0.0,0.0,0.0,0.0,0.2213740458015267,0.2213740458015267
P2,leave_family_out,4,silicate_like,softconstrained_direct,131,15.759331703186035,22.27360725402832,0.0093135060742497,0.0109297847375273,0.0458015267175572,0.0458015267175572
P2,leave_family_out,4,silicate_like,softconstrained_hardderived,131,0.0,0.0,0.0,0.0,0.0458015267175572,0.0458015267175572
P2,leave_family_out,5,sulfate_or_sulfur_oxoanion_like,unconstrained_direct,106,46.96514892578125,62.13274002075195,0.0247190240770578,0.0298950318247079,0.2169811320754717,0.2641509433962264
P2,leave_family_out,5,sulfate_or_sulfur_oxoanion_like,unconstrained_hardderived,106,0.0,0.0,0.0,0.0,0.2169811320754717,0.2641509433962264
P2,leave_family_out,5,sulfate_or_sulfur_oxoanion_like,softconstrained_direct,106,40.53411865234375,50.65061950683594,0.0163244362920522,0.019787648692727,0.2924528301886792,0.2924528301886792
P2,leave_family_out,5,sulfate_or_sulfur_oxoanion_like,softconstrained_hardderived,106,0.0,0.0,0.0,0.0,0.2924528301886792,0.3018867924528302
P2,leave_family_out,6,other_or_unclear,unconstrained_direct,63,62.95246505737305,74.8643569946289,0.039941519498825,0.0434769317507743,0.1111111111111111,0.1111111111111111
P2,leave_family_out,6,other_or_unclear,unconstrained_hardderived,63,0.0,0.0,0.0,0.0,0.0317460317460317,0.0317460317460317
P2,leave_family_out,6,other_or_unclear,softconstrained_direct,63,44.34514999389648,55.43149566650391,0.0127240791916847,0.0151974949985742,0.1111111111111111,0.1746031746031746
P2,leave_family_out,6,other_or_unclear,softconstrained_hardderived,63,0.0,0.0,0.0,0.0,0.1111111111111111,0.2063492063492063
P2,leave_family_out,7,sulfide_like,unconstrained_direct,55,117.26111602783205,131.24696350097656,0.0207303520292043,0.0235655307769775,0.1636363636363636,0.1636363636363636
P2,leave_family_out,7,sulfide_like,unconstrained_hardderived,55,0.0,0.0,0.0,0.0,0.0,0.0
P2,leave_family_out,7,sulfide_like,softconstrained_direct,55,131.02700805664062,139.19740295410156,0.0112524032592773,0.0134792374446988,0.1454545454545454,0.1454545454545454
P2,leave_family_out,7,sulfide_like,softconstrained_hardderived,55,0.0,0.0,0.0,0.0,0.0,0.0
P2,leave_family_out,8,oxide_like_other,unconstrained_direct,22,49.88983154296875,57.56051635742188,0.018350176513195,0.0218975692987442,0.0454545454545454,0.0454545454545454
P2,leave_family_out,8,oxide_like_other,unconstrained_hardderived,22,0.0,0.0,0.0,0.0,0.0454545454545454,0.0454545454545454
P2,leave_family_out,8,oxide_like_other,softconstrained_direct,22,36.497657775878906,48.7142333984375,0.0115257585421204,0.0137241994962096,0.1818181818181818,0.1818181818181818
P2,leave_family_out,8,oxide_like_other,softconstrained_hardderived,22,0.0,0.0,0.0,0.0,0.0909090909090909,0.0909090909090909
P2,leave_family_out,9,organic_or_carbon_like,unconstrained_direct,10,54.32832717895508,83.09796905517578,0.0311863310635089,0.0334054455161094,0.0,0.0
P2,leave_family_out,9,organic_or_carbon_like,unconstrained_hardderived,10,0.0,0.0,0.0,0.0,0.0,0.0
P2,leave_family_out,9,organic_or_carbon_like,softconstrained_direct,10,19.50185775756836,22.65900993347168,0.015866819769144,0.0191327426582574,0.0,0.0
P2,leave_family_out,9,organic_or_carbon_like,softconstrained_hardderived,10,0.0,0.0,0.0,0.0,0.0,0.0
P2,leave_chemical_system_out,0,F-O-V,unconstrained_direct,153,44.210540771484375,55.119117736816406,0.0237979032099246,0.0261738151311874,0.2745098039215686,0.3333333333333333
P2,leave_chemical_system_out,0,F-O-V,unconstrained_hardderived,153,0.0,0.0,0.0,0.0,0.2745098039215686,0.3006535947712418
P2,leave_chemical_system_out,0,F-O-V,softconstrained_direct,153,17.33529281616211,24.332555770874023,0.0126589136198163,0.0130221350118517,0.8104575163398693,0.8104575163398693
P2,leave_chemical_system_out,0,F-O-V,softconstrained_hardderived,153,0.0,0.0,0.0,0.0,0.8104575163398693,0.8104575163398693
P2,leave_chemical_system_out,1,Mn-O-P,unconstrained_direct,118,37.54433822631836,45.21036529541016,0.0090084364637732,0.0107118552550673,0.1610169491525423,0.2457627118644068
P2,leave_chemical_system_out,1,Mn-O-P,unconstrained_hardderived,118,0.0,0.0,0.0,0.0,0.1610169491525423,0.2457627118644068
P2,leave_chemical_system_out,1,Mn-O-P,softconstrained_direct,118,15.676050186157228,20.388164520263672,0.0077339368872344,0.0087706763297319,0.059322033898305,0.059322033898305
P2,leave_chemical_system_out,1,Mn-O-P,softconstrained_hardderived,118,0.0,0.0,0.0,0.0,0.059322033898305,0.059322033898305
P2,leave_chemical_system_out,2,Fe-O-P,unconstrained_direct,102,58.82019805908203,67.1921157836914,0.0295456387102603,0.0331528782844543,0.0,0.0
P2,leave_chemical_system_out,2,Fe-O-P,unconstrained_hardderived,102,0.0,0.0,0.0,0.0,0.0,0.0
P2,leave_chemical_system_out,2,Fe-O-P,softconstrained_direct,102,23.666582107543945,29.8336238861084,0.0064264750108122,0.0089880209416151,0.0,0.0
P2,leave_chemical_system_out,2,Fe-O-P,softconstrained_hardderived,102,0.0,0.0,0.0,0.0,0.0,0.0
P2,leave_chemical_system_out,3,Cr-O-P,unconstrained_direct,84,18.67701911926269,24.440263748168945,0.0129823796451091,0.0158400814980268,0.4523809523809524,0.6309523809523809
P2,leave_chemical_system_out,3,Cr-O-P,unconstrained_hardderived,84,0.0,0.0,0.0,0.0,0.4523809523809524,0.5238095238095238
P2,leave_chemical_system_out,3,Cr-O-P,softconstrained_direct,84,17.989742279052734,20.777193069458008,0.0099602658301591,0.0110252238810062,0.0595238095238095,0.0595238095238095
P2,leave_chemical_system_out,3,Cr-O-P,softconstrained_hardderived,84,0.0,0.0,0.0,0.0,0.0595238095238095,0.0595238095238095
P2,leave_chemical_system_out,4,O-P-V,unconstrained_direct,82,42.5578498840332,59.7849235534668,0.011965712532401,0.0141298798844218,0.2073170731707317,0.2682926829268293
P2,leave_chemical_system_out,4,O-P-V,unconstrained_hardderived,82,0.0,0.0,0.0,0.0,0.2073170731707317,0.2804878048780488
P2,leave_chemical_system_out,4,O-P-V,softconstrained_direct,82,23.46307373046875,28.9939022064209,0.0200871024280786,0.0214904397726058,0.024390243902439,0.024390243902439
P2,leave_chemical_system_out,4,O-P-V,softconstrained_hardderived,82,0.0,0.0,0.0,0.0,0.024390243902439,0.024390243902439
P2,leave_chemical_system_out,5,Co-O-P,unconstrained_direct,76,35.11692428588867,44.67340087890625,0.0151985380798578,0.0192141477018594,0.0,0.0
P2,leave_chemical_system_out,5,Co-O-P,unconstrained_hardderived,76,0.0,0.0,0.0,0.0,0.0,0.0
P2,leave_chemical_system_out,5,Co-O-P,softconstrained_direct,76,20.42707061767578,23.995323181152344,0.004260045941919,0.0055335727520287,0.5789473684210527,0.618421052631579
P2,leave_chemical_system_out,5,Co-O-P,softconstrained_hardderived,76,0.0,0.0,0.0,0.0,0.5789473684210527,0.618421052631579
P2,leave_chemical_system_out,6,Ni-O-P,unconstrained_direct,74,71.01342010498047,91.07012176513672,0.0199109055101871,0.026455596089363,0.081081081081081,0.0945945945945946
P2,leave_chemical_system_out,6,Ni-O-P,unconstrained_hardderived,74,0.0,0.0,0.0,0.0,0.081081081081081,0.0945945945945946
P2,leave_chemical_system_out,6,Ni-O-P,softconstrained_direct,74,39.06536865234375,46.418907165527344,0.0077391234226524,0.01094610709697,0.0945945945945946,0.0945945945945946
P2,leave_chemical_system_out,6,Ni-O-P,softconstrained_hardderived,74,0.0,0.0,0.0,0.0,0.0945945945945946,0.0945945945945946
P2,leave_chemical_system_out,7,F-V,unconstrained_direct,66,54.189697265625,67.63249206542969,0.0178333930671215,0.0210206191986799,0.6818181818181818,1.3636363636363635
P2,leave_chemical_system_out,7,F-V,unconstrained_hardderived,66,0.0,0.0,0.0,0.0,0.6818181818181818,1.378787878787879
P2,leave_chemical_system_out,7,F-V,softconstrained_direct,66,20.95531463623047,25.99973487854004,0.0065112235024571,0.0079601295292377,0.0606060606060606,0.1515151515151515
P2,leave_chemical_system_out,7,F-V,softconstrained_hardderived,66,0.0,0.0,0.0,0.0,0.0606060606060606,0.1666666666666666
P2,leave_chemical_system_out,8,Mo-O-P,unconstrained_direct,61,30.90945053100586,36.458892822265625,0.0111191468313336,0.0138128092512488,0.1147540983606557,0.1311475409836065
P2,leave_chemical_system_out,8,Mo-O-P,unconstrained_hardderived,61,0.0,0.0,0.0,0.0,0.1147540983606557,0.1311475409836065
P2,leave_chemical_system_out,8,Mo-O-P,softconstrained_direct,61,25.16535186767578,31.097824096679688,0.0087710823863744,0.0095840031281113,0.2295081967213114,0.2786885245901639
P2,leave_chemical_system_out,8,Mo-O-P,softconstrained_hardderived,61,0.0,0.0,0.0,0.0,0.2295081967213114,0.2950819672131147
P2,leave_chemical_system_out,9,Mn-O,unconstrained_direct,50,50.59889602661133,69.0811996459961,0.0147363618016242,0.0180793087929487,0.1,0.22
P2,leave_chemical_system_out,9,Mn-O,unconstrained_hardderived,50,0.0,0.0,0.0,0.0,0.1,0.22
P2,leave_chemical_system_out,9,Mn-O,softconstrained_direct,50,30.019514083862305,37.545448303222656,0.0093067167326807,0.0110485302284359,0.0,0.0
P2,leave_chemical_system_out,9,Mn-O,softconstrained_hardderived,50,0.0,0.0,0.0,0.0,0.0,0.0
P2,leave_chemical_system_out,10,O-V,unconstrained_direct,49,45.09812545776367,54.57330703735352,0.0170410424470901,0.0194465387612581,0.0,0.0
P2,leave_chemical_system_out,10,O-V,unconstrained_hardderived,49,0.0,0.0,0.0,0.0,0.0,0.0
P2,leave_chemical_system_out,10,O-V,softconstrained_direct,49,25.56899642944336,32.903133392333984,0.0160367712378501,0.0175222810357809,0.0,0.0
P2,leave_chemical_system_out,10,O-V,softconstrained_hardderived,49,0.0,0.0,0.0,0.0,0.0,0.0
P2,leave_chemical_system_out,11,F-Mn,unconstrained_direct,43,40.23110961914063,51.50426483154297,0.0335009768605232,0.040156215429306,0.0697674418604651,0.1395348837209302
P2,leave_chemical_system_out,11,F-Mn,unconstrained_hardderived,43,0.0,0.0,0.0,0.0,0.0697674418604651,0.0930232558139534
P2,leave_chemical_system_out,11,F-Mn,softconstrained_direct,43,50.482666015625,60.61794662475586,0.0099278595298528,0.010741232894361,0.0232558139534883,0.0232558139534883
P2,leave_chemical_system_out,11,F-Mn,softconstrained_hardderived,43,0.0,0.0,0.0,0.0,0.0232558139534883,0.0232558139534883
P2,leave_chemical_system_out,12,Fe-O,unconstrained_direct,40,39.158302307128906,44.64009475708008,0.0129998149350285,0.0153829269111156,0.45,0.675
P2,leave_chemical_system_out,12,Fe-O,unconstrained_hardderived,40,0.0,0.0,0.0,0.0,0.45,0.675
P2,leave_chemical_system_out,12,Fe-O,softconstrained_direct,40,42.11286544799805,50.24192810058594,0.0114283915609121,0.0136257046833634,0.125,0.125
P2,leave_chemical_system_out,12,Fe-O,softconstrained_hardderived,40,0.0,0.0,0.0,0.0,0.1,0.1
P2,leave_chemical_system_out,13,B-Mn-O,unconstrained_direct,39,92.28482055664062,94.51343536376952,0.0095840552821755,0.0102690570056438,0.0,0.0
P2,leave_chemical_system_out,13,B-Mn-O,unconstrained_hardderived,39,0.0,0.0,0.0,0.0,0.0,0.0
P2,leave_chemical_system_out,13,B-Mn-O,softconstrained_direct,39,38.76842880249024,42.1757698059082,0.0073502883315086,0.008123230189085,0.0,0.0
P2,leave_chemical_system_out,13,B-Mn-O,softconstrained_hardderived,39,0.0,0.0,0.0,0.0,0.0,0.0
P2,leave_chemical_system_out,14,Cu-O-P,unconstrained_direct,39,48.68827438354492,54.4976692199707,0.0156362056732177,0.0203098021447658,0.0,0.0
P2,leave_chemical_system_out,14,Cu-O-P,unconstrained_hardderived,39,0.0,0.0,0.0,0.0,0.0,0.0
P2,leave_chemical_system_out,14,Cu-O-P,softconstrained_direct,39,20.45090675354004,23.384981155395508,0.0101798074319958,0.0119556607678532,0.0769230769230769,0.0769230769230769
P2,leave_chemical_system_out,14,Cu-O-P,softconstrained_hardderived,39,0.0,0.0,0.0,0.0,0.0769230769230769,0.0769230769230769
P2,leave_chemical_system_out,15,O-Ti,unconstrained_direct,34,105.66462707519533,115.833251953125,0.0318799838423728,0.0363948158919811,0.1470588235294117,0.1470588235294117
P2,leave_chemical_system_out,15,O-Ti,unconstrained_hardderived,34,0.0,0.0,0.0,0.0,0.1470588235294117,0.1470588235294117
P2,leave_chemical_system_out,15,O-Ti,softconstrained_direct,34,28.25575828552246,41.10560989379883,0.0062355408445,0.0077254502102732,0.0294117647058823,0.0294117647058823
P2,leave_chemical_system_out,15,O-Ti,softconstrained_hardderived,34,0.0,0.0,0.0,0.0,0.0294117647058823,0.0294117647058823
P2,leave_chemical_system_out,16,Ni-O,unconstrained_direct,34,48.77776336669922,64.3520278930664,0.0226086992770433,0.0262221470475196,0.4705882352941176,0.6470588235294118
P2,leave_chemical_system_out,16,Ni-O,unconstrained_hardderived,34,0.0,0.0,0.0,0.0,0.4705882352941176,0.6470588235294118
P2,leave_chemical_system_out,16,Ni-O,softconstrained_direct,34,17.89820098876953,25.23751640319824,0.0072107138112187,0.0080405604094266,0.0294117647058823,0.0294117647058823
P2,leave_chemical_system_out,16,Ni-O,softconstrained_hardderived,34,0.0,0.0,0.0,0.0,0.0294117647058823,0.0294117647058823
P2,leave_chemical_system_out,17,F-Fe-O,unconstrained_direct,31,164.43255615234375,182.9381561279297,0.0239137932658195,0.0331129170954227,0.0,0.0
P2,leave_chemical_system_out,17,F-Fe-O,unconstrained_hardderived,31,0.0,0.0,0.0,0.0,0.0,0.0
P2,leave_chemical_system_out,17,F-Fe-O,softconstrained_direct,31,27.35480690002441,32.387184143066406,0.0201491620391607,0.0237819124013185,0.032258064516129,0.032258064516129
P2,leave_chemical_system_out,17,F-Fe-O,softconstrained_hardderived,31,0.0,0.0,0.0,0.0,0.032258064516129,0.032258064516129
P2,leave_chemical_system_out,18,Co-O,unconstrained_direct,31,41.4373893737793,50.258182525634766,0.0248713511973619,0.0278670247644186,0.0,0.0
P2,leave_chemical_system_out,18,Co-O,unconstrained_hardderived,31,0.0,0.0,0.0,0.0,0.0,0.0
P2,leave_chemical_system_out,18,Co-O,softconstrained_direct,31,27.516450881958008,34.741451263427734,0.0153047116473317,0.0178656056523323,0.032258064516129,0.032258064516129
P2,leave_chemical_system_out,18,Co-O,softconstrained_hardderived,31,0.0,0.0,0.0,0.0,0.032258064516129,0.032258064516129
P2,leave_chemical_system_out,19,Cr-O,unconstrained_direct,29,35.053306579589844,44.37895965576172,0.0147318029776215,0.0186886321753263,0.0,0.0
P2,leave_chemical_system_out,19,Cr-O,unconstrained_hardderived,29,0.0,0.0,0.0,0.0,0.0,0.0
P2,leave_chemical_system_out,19,Cr-O,softconstrained_direct,29,25.35351181030273,30.97586441040039,0.0091023324057459,0.0113680073991417,0.0,0.0
P2,leave_chemical_system_out,19,Cr-O,softconstrained_hardderived,29,0.0,0.0,0.0,0.0,0.0,0.0
P2,leave_chemical_system_out,20,Fe-O-Si,unconstrained_direct,28,22.857608795166016,32.011199951171875,0.0096447393298149,0.0110188033431768,0.1428571428571428,0.2142857142857142
P2,leave_chemical_system_out,20,Fe-O-Si,unconstrained_hardderived,28,0.0,0.0,0.0,0.0,0.1428571428571428,0.2142857142857142
P2,leave_chemical_system_out,20,Fe-O-Si,softconstrained_direct,28,5.381114482879639,8.371638298034668,0.0070307641290128,0.00780760217458,0.0714285714285714,0.0714285714285714
P2,leave_chemical_system_out,20,Fe-O-Si,softconstrained_hardderived,28,0.0,0.0,0.0,0.0,0.0714285714285714,0.0714285714285714
P2,leave_chemical_system_out,21,F-Mn-O,unconstrained_direct,28,20.180105209350582,29.25614356994629,0.0160929840058088,0.0185489878058433,0.2857142857142857,0.2857142857142857
P2,leave_chemical_system_out,21,F-Mn-O,unconstrained_hardderived,28,0.0,0.0,0.0,0.0,0.2857142857142857,0.2857142857142857
P2,leave_chemical_system_out,21,F-Mn-O,softconstrained_direct,28,56.70621109008789,74.07615661621094,0.0072428989224135,0.008977354504168,0.1071428571428571,0.1071428571428571
P2,leave_chemical_system_out,21,F-Mn-O,softconstrained_hardderived,28,0.0,0.0,0.0,0.0,0.1071428571428571,0.1071428571428571
P2,leave_chemical_system_out,22,O-P-Sb,unconstrained_direct,28,9.115124702453612,11.489795684814451,0.0335499607026577,0.0342688001692295,0.0357142857142857,0.0357142857142857
P2,leave_chemical_system_out,22,O-P-Sb,unconstrained_hardderived,28,0.0,0.0,0.0,0.0,0.0357142857142857,0.0357142857142857
P2,leave_chemical_system_out,22,O-P-Sb,softconstrained_direct,28,7.850244998931885,8.729363441467285,0.0080554960295557,0.0086434138938784,0.0,0.0
P2,leave_chemical_system_out,22,O-P-Sb,softconstrained_hardderived,28,0.0,0.0,0.0,0.0,0.0,0.0
P2,leave_chemical_system_out,23,O-P-Sn,unconstrained_direct,28,14.784504890441896,20.390743255615234,0.0179152283817529,0.0186897981911897,0.0,0.0
P2,leave_chemical_system_out,23,O-P-Sn,unconstrained_hardderived,28,0.0,0.0,0.0,0.0,0.0,0.0
P2,leave_chemical_system_out,23,O-P-Sn,softconstrained_direct,28,20.192840576171875,31.56457901000977,0.0088937832042574,0.0103762606158852,0.0,0.0
P2,leave_chemical_system_out,23,O-P-Sn,softconstrained_hardderived,28,0.0,0.0,0.0,0.0,0.0,0.0
P2,leave_chemical_system_out,24,Co-Mn-O,unconstrained_direct,27,89.14454650878906,99.96178436279295,0.0199279990047216,0.0238119438290596,0.0,0.0
P2,leave_chemical_system_out,24,Co-Mn-O,unconstrained_hardderived,27,0.0,0.0,0.0,0.0,0.0,0.0
P2,leave_chemical_system_out,24,Co-Mn-O,softconstrained_direct,27,30.57339859008789,38.31626129150391,0.0133700855076313,0.0141928484663367,0.0,0.0
P2,leave_chemical_system_out,24,Co-Mn-O,softconstrained_hardderived,27,0.0,0.0,0.0,0.0,0.0,0.0
P2,leave_chemical_system_out,25,Bi-O-P,unconstrained_direct,26,44.28561019897461,48.517189025878906,0.009914637543261,0.0105426935479044,0.0,0.0
P2,leave_chemical_system_out,25,Bi-O-P,unconstrained_hardderived,26,0.0,0.0,0.0,0.0,0.0,0.0
P2,leave_chemical_system_out,25,Bi-O-P,softconstrained_direct,26,9.35020637512207,12.198028564453123,0.0157321579754352,0.0160725023597478,0.0,0.0
P2,leave_chemical_system_out,25,Bi-O-P,softconstrained_hardderived,26,0.0,0.0,0.0,0.0,0.0,0.0
P2,leave_chemical_system_out,26,O-P-W,unconstrained_direct,25,32.69178009033203,38.7221794128418,0.0189508590847253,0.0198421161621809,0.04,0.04
P2,leave_chemical_system_out,26,O-P-W,unconstrained_hardderived,25,0.0,0.0,0.0,0.0,0.04,0.04
P2,leave_chemical_system_out,26,O-P-W,softconstrained_direct,25,19.2534294128418,20.814617156982425,0.0139455702155828,0.0148050487041473,0.0,0.0
P2,leave_chemical_system_out,26,O-P-W,softconstrained_hardderived,25,0.0,0.0,0.0,0.0,0.0,0.0
P2,leave_chemical_system_out,27,Cr-Mn-O,unconstrained_direct,24,51.2325439453125,62.921417236328125,0.0187348499894142,0.0217003915458917,0.0,0.0
P2,leave_chemical_system_out,27,Cr-Mn-O,unconstrained_hardderived,24,0.0,0.0,0.0,0.0,0.0,0.0
P2,leave_chemical_system_out,27,Cr-Mn-O,softconstrained_direct,24,23.67840576171875,26.97090721130371,0.0091823646798729,0.0107934223487973,0.0,0.0
P2,leave_chemical_system_out,27,Cr-Mn-O,softconstrained_hardderived,24,0.0,0.0,0.0,0.0,0.0,0.0
P2,leave_chemical_system_out,28,Co-Fe-O,unconstrained_direct,21,31.74560546875,36.18915939331055,0.0203136168420314,0.0235004723072052,0.0476190476190476,0.0476190476190476
P2,leave_chemical_system_out,28,Co-Fe-O,unconstrained_hardderived,21,0.0,0.0,0.0,0.0,0.0476190476190476,0.0476190476190476
P2,leave_chemical_system_out,28,Co-Fe-O,softconstrained_direct,21,12.399065017700195,16.61530303955078,0.009873135946691,0.0112695293501019,0.0,0.0
P2,leave_chemical_system_out,28,Co-Fe-O,softconstrained_hardderived,21,0.0,0.0,0.0,0.0,0.0,0.0
P2,leave_chemical_system_out,29,O-P-Ti,unconstrained_direct,20,20.946746826171875,29.91044807434082,0.0109783643856644,0.011768527328968,0.85,1.0
P2,leave_chemical_system_out,29,O-P-Ti,unconstrained_hardderived,20,0.0,0.0,0.0,0.0,0.85,1.0
P2,leave_chemical_system_out,29,O-P-Ti,softconstrained_direct,20,18.55472946166992,21.48402404785156,0.020775232464075,0.0219441000372171,0.45,0.5
P2,leave_chemical_system_out,29,O-P-Ti,softconstrained_hardderived,20,0.0,0.0,0.0,0.0,0.45,0.5
P2,leave_chemical_system_out,30,Cr-O-V,unconstrained_direct,19,33.03343963623047,43.73433303833008,0.0222651809453964,0.0239715278148651,0.0,0.0
P2,leave_chemical_system_out,30,Cr-O-V,unconstrained_hardderived,19,0.0,0.0,0.0,0.0,0.0,0.0
P2,leave_chemical_system_out,30,Cr-O-V,softconstrained_direct,19,9.738433837890623,12.666786193847656,0.0146742882207036,0.0153513792902231,0.0,0.0
P2,leave_chemical_system_out,30,Cr-O-V,softconstrained_hardderived,19,0.0,0.0,0.0,0.0,0.0,0.0
P2,leave_chemical_system_out,31,Cu-O,unconstrained_direct,19,40.11767959594727,51.96704864501953,0.0184257850050926,0.020715232938528,0.1578947368421052,0.1578947368421052
P2,leave_chemical_system_out,31,Cu-O,unconstrained_hardderived,19,0.0,0.0,0.0,0.0,0.1052631578947368,0.1052631578947368
P2,leave_chemical_system_out,31,Cu-O,softconstrained_direct,19,22.55623435974121,27.226224899291992,0.0202273577451705,0.0209607705473899,0.3157894736842105,0.3157894736842105
P2,leave_chemical_system_out,31,Cu-O,softconstrained_hardderived,19,0.0,0.0,0.0,0.0,0.3157894736842105,0.3157894736842105
P2,leave_chemical_system_out,32,O-Ti-V,unconstrained_direct,19,52.80573272705078,64.90160369873047,0.0186151210218668,0.0209249723702669,0.0,0.0
P2,leave_chemical_system_out,32,O-Ti-V,unconstrained_hardderived,19,0.0,0.0,0.0,0.0,0.0,0.0
P2,leave_chemical_system_out,32,O-Ti-V,softconstrained_direct,19,26.713340759277344,31.96431541442871,0.0065470822155475,0.0077530341222882,0.0526315789473684,0.0526315789473684
P2,leave_chemical_system_out,32,O-Ti-V,softconstrained_hardderived,19,0.0,0.0,0.0,0.0,0.0526315789473684,0.0526315789473684
P2,leave_chemical_system_out,33,Co-Ni-O,unconstrained_direct,19,34.5308952331543,45.63633346557617,0.0094339968636631,0.0133519852533936,0.2631578947368421,0.3157894736842105
P2,leave_chemical_system_out,33,Co-Ni-O,unconstrained_hardderived,19,0.0,0.0,0.0,0.0,0.2631578947368421,0.2631578947368421
P2,leave_chemical_system_out,33,Co-Ni-O,softconstrained_direct,19,12.751906394958496,20.72954559326172,0.0107427313923835,0.011927998624742,0.0,0.0
P2,leave_chemical_system_out,33,Co-Ni-O,softconstrained_hardderived,19,0.0,0.0,0.0,0.0,0.0,0.0
P2,leave_chemical_system_out,34,Fe-Mn-O,unconstrained_direct,19,50.21855545043945,56.63285446166992,0.0090314811095595,0.0117611065506935,0.0,0.0
P2,leave_chemical_system_out,34,Fe-Mn-O,unconstrained_hardderived,19,0.0,0.0,0.0,0.0,0.0,0.0
P2,leave_chemical_system_out,34,Fe-Mn-O,softconstrained_direct,19,21.737472534179688,27.527568817138672,0.0079663367941975,0.008875610306859,0.0526315789473684,0.0526315789473684
P2,leave_chemical_system_out,34,Fe-Mn-O,softconstrained_hardderived,19,0.0,0.0,0.0,0.0,0.0526315789473684,0.0526315789473684
P2,leave_chemical_system_out,35,Mn-O-V,unconstrained_direct,18,32.91567611694336,41.88385772705078,0.0091173127293586,0.0117275491356849,0.2777777777777778,0.2777777777777778
P2,leave_chemical_system_out,35,Mn-O-V,unconstrained_hardderived,18,0.0,0.0,0.0,0.0,0.2777777777777778,0.2777777777777778
P2,leave_chemical_system_out,35,Mn-O-V,softconstrained_direct,18,8.839441299438477,10.718793869018556,0.012218102812767,0.0130484895780682,0.0555555555555555,0.0555555555555555
P2,leave_chemical_system_out,35,Mn-O-V,softconstrained_hardderived,18,0.0,0.0,0.0,0.0,0.0555555555555555,0.0555555555555555
P2,leave_chemical_system_out,36,Mn-O-Si,unconstrained_direct,17,35.70437240600586,43.60271072387695,0.0058268285356462,0.006353152450174,0.0,0.0
P2,leave_chemical_system_out,36,Mn-O-Si,unconstrained_hardderived,17,0.0,0.0,0.0,0.0,0.0,0.0
P2,leave_chemical_system_out,36,Mn-O-Si,softconstrained_direct,17,24.210037231445312,26.324243545532227,0.007764340378344,0.0082180388271808,0.0,0.0
P2,leave_chemical_system_out,36,Mn-O-Si,softconstrained_hardderived,17,0.0,0.0,0.0,0.0,0.0,0.0
P2,leave_chemical_system_out,37,Mn-O-Ti,unconstrained_direct,17,27.84220695495605,33.66558074951172,0.0131918722763657,0.0149135272949934,0.0,0.0
P2,leave_chemical_system_out,37,Mn-O-Ti,unconstrained_hardderived,17,0.0,0.0,0.0,0.0,0.0,0.0
P2,leave_chemical_system_out,37,Mn-O-Ti,softconstrained_direct,17,26.45778083801269,34.22701644897461,0.014217116869986,0.0147538129240274,0.0,0.0
P2,leave_chemical_system_out,37,Mn-O-Ti,softconstrained_hardderived,17,0.0,0.0,0.0,0.0,0.0,0.0
P2,leave_chemical_system_out,38,Co-O-Si,unconstrained_direct,17,46.05448913574219,47.83240509033203,0.0151225589215755,0.0162612739950418,0.0,0.0
P2,leave_chemical_system_out,38,Co-O-Si,unconstrained_hardderived,17,0.0,0.0,0.0,0.0,0.0,0.0
P2,leave_chemical_system_out,38,Co-O-Si,softconstrained_direct,17,33.545623779296875,41.197452545166016,0.0070395767688751,0.0079264249652624,0.9411764705882352,0.9411764705882352
P2,leave_chemical_system_out,38,Co-O-Si,softconstrained_hardderived,17,0.0,0.0,0.0,0.0,0.9411764705882352,0.9411764705882352
P2,leave_chemical_system_out,39,Cr-Fe-O,unconstrained_direct,17,58.635032653808594,64.51094818115234,0.0177992824465036,0.0201146733015775,0.0,0.0
P2,leave_chemical_system_out,39,Cr-Fe-O,unconstrained_hardderived,17,0.0,0.0,0.0,0.0,0.0,0.0
P2,leave_chemical_system_out,39,Cr-Fe-O,softconstrained_direct,17,13.118011474609377,16.2440242767334,0.0079888990148901,0.0089217945933341,0.1764705882352941,0.1764705882352941
P2,leave_chemical_system_out,39,Cr-Fe-O,softconstrained_hardderived,17,0.0,0.0,0.0,0.0,0.1764705882352941,0.1764705882352941
P2,leave_chemical_system_out,40,Fe-Mn-O-P,unconstrained_direct,17,18.702709197998047,21.82111549377441,0.0170622207224369,0.0219975858926773,0.0588235294117647,0.0588235294117647
P2,leave_chemical_system_out,40,Fe-Mn-O-P,unconstrained_hardderived,17,0.0,0.0,0.0,0.0,0.0588235294117647,0.0588235294117647
P2,leave_chemical_system_out,40,Fe-Mn-O-P,softconstrained_direct,17,21.24392509460449,23.3010196685791,0.0120611246675252,0.0132653592154383,0.0,0.0
P2,leave_chemical_system_out,40,Fe-Mn-O-P,softconstrained_hardderived,17,0.0,0.0,0.0,0.0,0.0,0.0
P2,leave_chemical_system_out,41,Mn-Ni-O,unconstrained_direct,16,37.23751831054688,56.203460693359375,0.0164583958685398,0.019147865474224,0.0,0.0
P2,leave_chemical_system_out,41,Mn-Ni-O,unconstrained_hardderived,16,0.0,0.0,0.0,0.0,0.0,0.0
P2,leave_chemical_system_out,41,Mn-Ni-O,softconstrained_direct,16,32.39872360229492,38.97956848144531,0.0112862195819616,0.0121912164613604,0.125,0.25
P2,leave_chemical_system_out,41,Mn-Ni-O,softconstrained_hardderived,16,0.0,0.0,0.0,0.0,0.125,0.25
P2,leave_chemical_system_out,42,O-Si-V,unconstrained_direct,16,26.154979705810547,38.23582458496094,0.0078078657388687,0.0107821207493543,0.0625,0.0625
P2,leave_chemical_system_out,42,O-Si-V,unconstrained_hardderived,16,0.0,0.0,0.0,0.0,0.0625,0.0625
P2,leave_chemical_system_out,42,O-Si-V,softconstrained_direct,16,15.162696838378906,16.90546417236328,0.0052086268551647,0.006322237662971,0.375,0.375
P2,leave_chemical_system_out,42,O-Si-V,softconstrained_hardderived,16,0.0,0.0,0.0,0.0,0.375,0.375
P2,leave_chemical_system_out,43,C-Fe-O-P,unconstrained_direct,15,22.331676483154297,23.54141616821289,0.0316003002226352,0.0338720269501209,0.0,0.0
P2,leave_chemical_system_out,43,C-Fe-O-P,unconstrained_hardderived,15,0.0,0.0,0.0,0.0,0.0,0.0
P2,leave_chemical_system_out,43,C-Fe-O-P,softconstrained_direct,15,13.168683052062988,16.553749084472656,0.0093572838231921,0.0101376436650753,0.0,0.0
P2,leave_chemical_system_out,43,C-Fe-O-P,softconstrained_hardderived,15,0.0,0.0,0.0,0.0,0.0,0.0
P2,leave_chemical_system_out,44,Fe-O-V,unconstrained_direct,15,21.195125579833984,27.60857391357422,0.0262681003659963,0.0276927277445793,0.0666666666666666,0.0666666666666666
P2,leave_chemical_system_out,44,Fe-O-V,unconstrained_hardderived,15,0.0,0.0,0.0,0.0,0.0666666666666666,0.0666666666666666
P2,leave_chemical_system_out,44,Fe-O-V,softconstrained_direct,15,23.409320831298828,31.007795333862305,0.0133802583441138,0.0151054998859763,0.0666666666666666,0.0666666666666666
P2,leave_chemical_system_out,44,Fe-O-V,softconstrained_hardderived,15,0.0,0.0,0.0,0.0,0.0666666666666666,0.0666666666666666
P2,leave_chemical_system_out,45,Co-Cr-O,unconstrained_direct,15,14.993715286254885,17.93853187561035,0.0132484175264835,0.0169401355087757,0.0,0.0
P2,leave_chemical_system_out,45,Co-Cr-O,unconstrained_hardderived,15,0.0,0.0,0.0,0.0,0.0,0.0
P2,leave_chemical_system_out,45,Co-Cr-O,softconstrained_direct,15,16.8447265625,19.2221794128418,0.0139731904491782,0.0144723011180758,0.0,0.0
P2,leave_chemical_system_out,45,Co-Cr-O,softconstrained_hardderived,15,0.0,0.0,0.0,0.0,0.0,0.0
P2,leave_chemical_system_out,46,Co-Fe-Mn-O-P,unconstrained_direct,15,67.24007415771484,67.2779769897461,0.0197615269571542,0.0197615306824445,0.0,0.0
P2,leave_chemical_system_out,46,Co-Fe-Mn-O-P,unconstrained_hardderived,15,0.0,0.0,0.0,0.0,0.0,0.0
P2,leave_chemical_system_out,46,Co-Fe-Mn-O-P,softconstrained_direct,15,19.156599044799805,19.17314720153809,0.0075503727421164,0.0075552808120846,0.0,0.0
P2,leave_chemical_system_out,46,Co-Fe-Mn-O-P,softconstrained_hardderived,15,0.0,0.0,0.0,0.0,0.0,0.0
P2,leave_chemical_system_out,47,C-Mn-O-P,unconstrained_direct,14,6.793121337890625,11.148749351501465,0.0135470954701304,0.0139254247769713,0.0714285714285714,0.0714285714285714
P2,leave_chemical_system_out,47,C-Mn-O-P,unconstrained_hardderived,14,0.0,0.0,0.0,0.0,0.0714285714285714,0.0714285714285714
P2,leave_chemical_system_out,47,C-Mn-O-P,softconstrained_direct,14,10.367464065551758,10.992812156677246,0.0162891540676355,0.0169696044176816,0.0714285714285714,0.0714285714285714
P2,leave_chemical_system_out,47,C-Mn-O-P,softconstrained_hardderived,14,0.0,0.0,0.0,0.0,0.0714285714285714,0.0714285714285714
P2,leave_chemical_system_out,48,Mn-O-P-V,unconstrained_direct,13,54.20586395263672,62.47808456420898,0.0143287908285856,0.0209151152521371,0.0,0.0
P2,leave_chemical_system_out,48,Mn-O-P-V,unconstrained_hardderived,13,0.0,0.0,0.0,0.0,0.0,0.0
P2,leave_chemical_system_out,48,Mn-O-P-V,softconstrained_direct,13,11.019120216369627,13.583080291748049,0.0104337036609649,0.0113620534539222,0.0,0.0
P2,leave_chemical_system_out,48,Mn-O-P-V,softconstrained_hardderived,13,0.0,0.0,0.0,0.0,0.0,0.0
P2,leave_chemical_system_out,49,Co-O-V,unconstrained_direct,13,25.52438163757324,29.047895431518555,0.0101285940036177,0.0115208616480231,0.0,0.0
P2,leave_chemical_system_out,49,Co-O-V,unconstrained_hardderived,13,0.0,0.0,0.0,0.0,0.0,0.0
P2,leave_chemical_system_out,49,Co-O-V,softconstrained_direct,13,22.53153610229492,28.998092651367188,0.014124478213489,0.0161716677248477,0.5384615384615384,0.5384615384615384
P2,leave_chemical_system_out,49,Co-O-V,softconstrained_hardderived,13,0.0,0.0,0.0,0.0,0.5384615384615384,0.5384615384615384
P2,leave_chemical_system_out,50,C-Fe-O,unconstrained_direct,12,20.70263671875,26.126672744750977,0.0229673739522695,0.0243524853140115,0.0833333333333333,0.0833333333333333
P2,leave_chemical_system_out,50,C-Fe-O,unconstrained_hardderived,12,0.0,0.0,0.0,0.0,0.0833333333333333,0.0833333333333333
P2,leave_chemical_system_out,50,C-Fe-O,softconstrained_direct,12,27.09678840637207,28.93513298034668,0.008016787469387,0.0091584678739309,0.0,0.0
P2,leave_chemical_system_out,50,C-Fe-O,softconstrained_hardderived,12,0.0,0.0,0.0,0.0,0.0,0.0
P2,leave_chemical_system_out,51,C-O-V,unconstrained_direct,12,69.92342376708984,82.5897445678711,0.0117132095620036,0.0142990564927458,0.0,0.0
P2,leave_chemical_system_out,51,C-O-V,unconstrained_hardderived,12,0.0,0.0,0.0,0.0,0.0,0.0
P2,leave_chemical_system_out,51,C-O-V,softconstrained_direct,12,33.571922302246094,36.49264907836914,0.0193558130413293,0.0211625695228576,0.1666666666666666,0.1666666666666666
P2,leave_chemical_system_out,51,C-O-V,softconstrained_hardderived,12,0.0,0.0,0.0,0.0,0.1666666666666666,0.1666666666666666
P2,leave_chemical_system_out,52,Fe-Ni-O,unconstrained_direct,12,31.912004470825195,36.5720100402832,0.0161452498286962,0.0199447255581617,0.8333333333333334,2.0
P2,leave_chemical_system_out,52,Fe-Ni-O,unconstrained_hardderived,12,0.0,0.0,0.0,0.0,0.8333333333333334,1.6666666666666667
P2,leave_chemical_system_out,52,Fe-Ni-O,softconstrained_direct,12,16.198833465576172,18.961933135986328,0.0062697599641978,0.0073715327307581,0.75,0.8333333333333334
P2,leave_chemical_system_out,52,Fe-Ni-O,softconstrained_hardderived,12,0.0,0.0,0.0,0.0,0.75,0.8333333333333334
P2,leave_chemical_system_out,53,Fe-O-Ti,unconstrained_direct,11,55.16523742675781,60.32635116577149,0.0160556212067604,0.0180706996470689,0.0,0.0
P2,leave_chemical_system_out,53,Fe-O-Ti,unconstrained_hardderived,11,0.0,0.0,0.0,0.0,0.0,0.0
P2,leave_chemical_system_out,53,Fe-O-Ti,softconstrained_direct,11,25.24896240234375,31.92518424987793,0.0107870167121291,0.0119875315576791,0.0,0.0
P2,leave_chemical_system_out,53,Fe-O-Ti,softconstrained_hardderived,11,0.0,0.0,0.0,0.0,0.0,0.0
P2,leave_chemical_system_out,54,O-W,unconstrained_direct,11,64.4815444946289,80.87560272216797,0.0206551067531108,0.0237653870135545,0.1818181818181818,0.2727272727272727
P2,leave_chemical_system_out,54,O-W,unconstrained_hardderived,11,0.0,0.0,0.0,0.0,0.1818181818181818,0.3636363636363636
P2,leave_chemical_system_out,54,O-W,softconstrained_direct,11,24.78860282897949,28.91920280456543,0.0067651406861841,0.0078697241842746,0.5454545454545454,0.5454545454545454
P2,leave_chemical_system_out,54,O-W,softconstrained_hardderived,11,0.0,0.0,0.0,0.0,0.5454545454545454,0.5454545454545454
P2,leave_chemical_system_out,55,Nb-O-P,unconstrained_direct,11,36.21783447265625,43.19013214111328,0.013488627038896,0.0216745361685752,0.1818181818181818,0.3636363636363636
P2,leave_chemical_system_out,55,Nb-O-P,unconstrained_hardderived,11,0.0,0.0,0.0,0.0,0.1818181818181818,0.2727272727272727
P2,leave_chemical_system_out,55,Nb-O-P,softconstrained_direct,11,14.441237449645996,20.39219856262207,0.0190969202667474,0.0205225721001625,0.1818181818181818,0.3636363636363636
P2,leave_chemical_system_out,55,Nb-O-P,softconstrained_hardderived,11,0.0,0.0,0.0,0.0,0.1818181818181818,0.3636363636363636
P2,leave_chemical_system_out,56,F-Fe,unconstrained_direct,10,57.89558029174805,78.29347229003906,0.0379293411970138,0.039256777614355,0.0,0.0
P2,leave_chemical_system_out,56,F-Fe,unconstrained_hardderived,10,0.0,0.0,0.0,0.0,0.0,0.0
P2,leave_chemical_system_out,56,F-Fe,softconstrained_direct,10,31.77796936035156,39.21083831787109,0.0113256992772221,0.0120832817628979,0.1,0.2
P2,leave_chemical_system_out,56,F-Fe,softconstrained_hardderived,10,0.0,0.0,0.0,0.0,0.1,0.1
P2,leave_chemical_system_out,57,Mg-Mn-O,unconstrained_direct,10,174.31227111816406,179.12908935546875,0.0459705255925655,0.0473161488771438,0.4,0.5
P2,leave_chemical_system_out,57,Mg-Mn-O,unconstrained_hardderived,10,0.0,0.0,0.0,0.0,0.4,0.6
P2,leave_chemical_system_out,57,Mg-Mn-O,softconstrained_direct,10,49.32349395751953,55.495208740234375,0.0133840721100568,0.0179067626595497,0.3,0.3
P2,leave_chemical_system_out,57,Mg-Mn-O,softconstrained_hardderived,10,0.0,0.0,0.0,0.0,0.3,0.3
P2,leave_chemical_system_out,58,B-Fe-O,unconstrained_direct,9,10.56885814666748,15.119739532470703,0.0080349938943982,0.0084370756521821,0.1111111111111111,0.1111111111111111
P2,leave_chemical_system_out,58,B-Fe-O,unconstrained_hardderived,9,0.0,0.0,0.0,0.0,0.1111111111111111,0.1111111111111111
P2,leave_chemical_system_out,58,B-Fe-O,softconstrained_direct,9,19.46561622619629,23.161163330078125,0.0136498687788844,0.0139935202896595,0.0,0.0
P2,leave_chemical_system_out,58,B-Fe-O,softconstrained_hardderived,9,0.0,0.0,0.0,0.0,0.0,0.0
P2,leave_chemical_system_out,59,Mn-Ni-O-P,unconstrained_direct,9,32.64202880859375,38.795860290527344,0.0101234391331672,0.010728059336543,0.1111111111111111,0.1111111111111111
P2,leave_chemical_system_out,59,Mn-Ni-O-P,unconstrained_hardderived,9,0.0,0.0,0.0,0.0,0.1111111111111111,0.1111111111111111
P2,leave_chemical_system_out,59,Mn-Ni-O-P,softconstrained_direct,9,13.99122428894043,17.299713134765625,0.0160327851772308,0.0162039902061224,0.0,0.0
P2,leave_chemical_system_out,59,Mn-Ni-O-P,softconstrained_hardderived,9,0.0,0.0,0.0,0.0,0.0,0.0
P2,leave_chemical_system_out,60,C-Co-O,unconstrained_direct,8,15.705581665039062,19.447019577026367,0.016904629766941,0.0224816668778657,0.0,0.0
P2,leave_chemical_system_out,60,C-Co-O,unconstrained_hardderived,8,0.0,0.0,0.0,0.0,0.0,0.0
P2,leave_chemical_system_out,60,C-Co-O,softconstrained_direct,8,21.789451599121094,37.47847366333008,0.0180759355425834,0.0186616256833076,0.0,0.0
P2,leave_chemical_system_out,60,C-Co-O,softconstrained_hardderived,8,0.0,0.0,0.0,0.0,0.0,0.0
P2,leave_chemical_system_out,61,C-Cu-O,unconstrained_direct,8,65.25872802734375,65.59993743896484,0.0230835117399692,0.0233797691762447,0.0,0.0
P2,leave_chemical_system_out,61,C-Cu-O,unconstrained_hardderived,8,0.0,0.0,0.0,0.0,0.0,0.0
P2,leave_chemical_system_out,61,C-Cu-O,softconstrained_direct,8,42.27854537963867,45.61279678344727,0.0218217130750417,0.0219992045313119,0.0,0.0
P2,leave_chemical_system_out,61,C-Cu-O,softconstrained_hardderived,8,0.0,0.0,0.0,0.0,0.0,0.0
P2,leave_chemical_system_out,62,Cr-Ni-O,unconstrained_direct,8,51.2425422668457,58.19064331054688,0.0230494402348995,0.0256329197436571,0.25,0.25
P2,leave_chemical_system_out,62,Cr-Ni-O,unconstrained_hardderived,8,0.0,0.0,0.0,0.0,0.25,0.25
P2,leave_chemical_system_out,62,Cr-Ni-O,softconstrained_direct,8,12.261362075805664,12.973722457885742,0.0090113310143351,0.0101440399885177,0.125,0.125
P2,leave_chemical_system_out,62,Cr-Ni-O,softconstrained_hardderived,8,0.0,0.0,0.0,0.0,0.125,0.125
P2,leave_chemical_system_out,63,Mo-O,unconstrained_direct,8,49.31488800048828,55.25129318237305,0.0444931536912918,0.0501870512962341,0.0,0.0
P2,leave_chemical_system_out,63,Mo-O,unconstrained_hardderived,8,0.0,0.0,0.0,0.0,0.0,0.0
P2,leave_chemical_system_out,63,Mo-O,softconstrained_direct,8,19.83355140686035,22.990049362182617,0.0084547838196158,0.0105633838102221,0.125,0.125
P2,leave_chemical_system_out,63,Mo-O,softconstrained_hardderived,8,0.0,0.0,0.0,0.0,0.125,0.125
P2,leave_chemical_system_out,64,Co-Mn-O-P,unconstrained_direct,8,16.482757568359375,22.12980842590332,0.0063591692596673,0.0079426756128668,0.0,0.0
P2,leave_chemical_system_out,64,Co-Mn-O-P,unconstrained_hardderived,8,0.0,0.0,0.0,0.0,0.0,0.0
P2,leave_chemical_system_out,64,Co-Mn-O-P,softconstrained_direct,8,19.0057373046875,22.406723022460938,0.0093657374382019,0.0099070891737937,0.0,0.0
P2,leave_chemical_system_out,64,Co-Mn-O-P,softconstrained_hardderived,8,0.0,0.0,0.0,0.0,0.0,0.0
P2,leave_chemical_system_out,65,Cr-F,unconstrained_direct,8,60.22248840332031,68.19461059570312,0.0211351700127124,0.026440717279911,0.125,0.125
P2,leave_chemical_system_out,65,Cr-F,unconstrained_hardderived,8,0.0,0.0,0.0,0.0,0.125,0.125
P2,leave_chemical_system_out,65,Cr-F,softconstrained_direct,8,38.60620880126953,41.94300079345703,0.0185198001563549,0.019640052691102,0.0,0.0
P2,leave_chemical_system_out,65,Cr-F,softconstrained_hardderived,8,0.0,0.0,0.0,0.0,0.0,0.0
P2,leave_chemical_system_out,66,C-Fe-Na-O-P,unconstrained_direct,7,31.36476707458496,35.70393371582031,0.0201688352972269,0.0215041507035493,0.7142857142857143,2.142857142857143
P2,leave_chemical_system_out,66,C-Fe-Na-O-P,unconstrained_hardderived,7,0.0,0.0,0.0,0.0,0.7142857142857143,1.4285714285714286
P2,leave_chemical_system_out,66,C-Fe-Na-O-P,softconstrained_direct,7,10.06312084197998,10.211400032043455,0.0151977008208632,0.0164113380014896,1.0,1.0
P2,leave_chemical_system_out,66,C-Fe-Na-O-P,softconstrained_hardderived,7,0.0,0.0,0.0,0.0,1.0,1.0
P2,leave_chemical_system_out,67,Cr-Mn-O-P,unconstrained_direct,7,29.91164779663086,34.29218292236328,0.0126270735636353,0.0144725814461708,0.0,0.0
P2,leave_chemical_system_out,67,Cr-Mn-O-P,unconstrained_hardderived,7,0.0,0.0,0.0,0.0,0.0,0.0
P2,leave_chemical_system_out,67,Cr-Mn-O-P,softconstrained_direct,7,17.547555923461914,18.4683780670166,0.0106814969331026,0.0113219851627945,0.0,0.0
P2,leave_chemical_system_out,67,Cr-Mn-O-P,softconstrained_hardderived,7,0.0,0.0,0.0,0.0,0.0,0.0
P2,leave_chemical_system_out,68,Cr-O-Si,unconstrained_direct,7,80.58488464355469,99.66140747070312,0.0121685387566685,0.0148526830598711,0.0,0.0
P2,leave_chemical_system_out,68,Cr-O-Si,unconstrained_hardderived,7,0.0,0.0,0.0,0.0,0.0,0.0
P2,leave_chemical_system_out,68,Cr-O-Si,softconstrained_direct,7,20.81405258178711,24.57986831665039,0.0041250851936638,0.0048018218949437,0.2857142857142857,0.2857142857142857
P2,leave_chemical_system_out,68,Cr-O-Si,softconstrained_hardderived,7,0.0,0.0,0.0,0.0,0.2857142857142857,0.2857142857142857
P2,leave_chemical_system_out,69,H-Mn-O-S,unconstrained_direct,7,31.20512962341309,34.5843620300293,0.0130228456109762,0.0161972660571336,0.4285714285714285,1.0
P2,leave_chemical_system_out,69,H-Mn-O-S,unconstrained_hardderived,7,0.0,0.0,0.0,0.0,0.4285714285714285,0.7142857142857143
P2,leave_chemical_system_out,69,H-Mn-O-S,softconstrained_direct,7,13.498085975646973,16.49056625366211,0.0140840699896216,0.0161410849541425,0.2857142857142857,0.2857142857142857
P2,leave_chemical_system_out,69,H-Mn-O-S,softconstrained_hardderived,7,0.0,0.0,0.0,0.0,0.2857142857142857,0.2857142857142857
P2,leave_chemical_system_out,70,H-O-P-V,unconstrained_direct,7,12.340706825256348,14.040201187133787,0.0112533420324325,0.0138003174215555,0.0,0.0
P2,leave_chemical_system_out,70,H-O-P-V,unconstrained_hardderived,7,0.0,0.0,0.0,0.0,0.0,0.0
P2,leave_chemical_system_out,70,H-O-P-V,softconstrained_direct,7,9.425493240356444,10.823823928833008,0.0082509461790323,0.0088862311094999,0.0,0.0
P2,leave_chemical_system_out,70,H-O-P-V,softconstrained_hardderived,7,0.0,0.0,0.0,0.0,0.0,0.0
P2,leave_chemical_system_out,71,Mn-O-S,unconstrained_direct,7,25.000457763671875,35.568538665771484,0.0140439989045262,0.0153615241870284,0.2857142857142857,0.4285714285714285
P2,leave_chemical_system_out,71,Mn-O-S,unconstrained_hardderived,7,0.0,0.0,0.0,0.0,0.2857142857142857,0.2857142857142857
P2,leave_chemical_system_out,71,Mn-O-S,softconstrained_direct,7,10.145316123962402,14.103565216064451,0.0045278621837496,0.0064479089342057,0.2857142857142857,0.2857142857142857
P2,leave_chemical_system_out,71,Mn-O-S,softconstrained_hardderived,7,0.0,0.0,0.0,0.0,0.2857142857142857,0.2857142857142857
P2,leave_chemical_system_out,72,S-V,unconstrained_direct,7,64.38898468017578,66.79769897460938,0.0073630362749099,0.0075042974203825,0.2857142857142857,0.2857142857142857
P2,leave_chemical_system_out,72,S-V,unconstrained_hardderived,7,0.0,0.0,0.0,0.0,0.2857142857142857,0.2857142857142857
P2,leave_chemical_system_out,72,S-V,softconstrained_direct,7,57.314823150634766,57.50689697265625,0.022626681253314,0.0234034769237041,0.4285714285714285,0.4285714285714285
P2,leave_chemical_system_out,72,S-V,softconstrained_hardderived,7,0.0,0.0,0.0,0.0,0.4285714285714285,0.4285714285714285
P2,leave_chemical_system_out,73,Co-O-Ti,unconstrained_direct,7,13.143391609191896,16.032682418823242,0.0165191814303398,0.0184822473675012,0.0,0.0
P2,leave_chemical_system_out,73,Co-O-Ti,unconstrained_hardderived,7,0.0,0.0,0.0,0.0,0.0,0.0
P2,leave_chemical_system_out,73,Co-O-Ti,softconstrained_direct,7,14.518227577209473,18.28449440002441,0.0101303895935416,0.0109175080433487,0.0,0.0
P2,leave_chemical_system_out,73,Co-O-Ti,softconstrained_hardderived,7,0.0,0.0,0.0,0.0,0.0,0.0
P2,leave_chemical_system_out,74,Mo-Se,unconstrained_direct,7,55.026485443115234,64.39746856689453,0.022324776276946,0.02561641857028,0.5714285714285714,1.0
P2,leave_chemical_system_out,74,Mo-Se,unconstrained_hardderived,7,0.0,0.0,0.0,0.0,0.1428571428571428,0.1428571428571428
P2,leave_chemical_system_out,74,Mo-Se,softconstrained_direct,7,12.764267921447754,14.47615909576416,0.0056306761689484,0.006414848845452,0.7142857142857143,1.1428571428571428
P2,leave_chemical_system_out,74,Mo-Se,softconstrained_hardderived,7,0.0,0.0,0.0,0.0,0.7142857142857143,1.1428571428571428
P2,leave_working_ion_out,0,Li,unconstrained_direct,2658,70.89279174804688,87.93646240234375,0.0237426720559597,0.0303759407252073,0.1824680210684725,0.246425884123401
P2,leave_working_ion_out,0,Li,unconstrained_hardderived,2658,0.0,0.0,0.0,0.0,0.1768246802106847,0.22836719337848
P2,leave_working_ion_out,0,Li,softconstrained_direct,2658,45.89580535888672,59.9334831237793,0.0159289538860321,0.0211275517940521,0.2242287434161023,0.3118886380737397
P2,leave_working_ion_out,0,Li,softconstrained_hardderived,2658,0.0,0.0,0.0,0.0,0.2185854025583145,0.2592174567343867
P2,leave_working_ion_out,1,Na,unconstrained_direct,394,59.18831253051758,78.57936096191406,0.0176945198327302,0.02213791385293,0.1624365482233502,0.2208121827411167
P2,leave_working_ion_out,1,Na,unconstrained_hardderived,394,0.0,0.0,0.0,0.0,0.1395939086294416,0.1878172588832487
P2,leave_working_ion_out,1,Na,softconstrained_direct,394,36.766258239746094,49.14628982543945,0.0131907137110829,0.0155387902632355,0.2639593908629442,0.3096446700507614
P2,leave_working_ion_out,1,Na,softconstrained_hardderived,394,0.0,0.0,0.0,0.0,0.2588832487309644,0.3020304568527919
P2,leave_working_ion_out,2,K,unconstrained_direct,149,68.98541259765625,94.18707275390624,0.0170624647289514,0.0233307294547557,0.5771812080536913,0.9731543624161074
P2,leave_working_ion_out,2,K,unconstrained_hardderived,149,0.0,0.0,0.0,0.0,0.5100671140939598,0.8187919463087249
P2,leave_working_ion_out,2,K,softconstrained_direct,149,37.720924377441406,47.75581359863281,0.0121183153241872,0.016061894595623,0.3288590604026846,0.4697986577181208
P2,leave_working_ion_out,2,K,softconstrained_hardderived,149,0.0,0.0,0.0,0.0,0.3221476510067114,0.5100671140939598
P3,random_split,0,random_0,unconstrained_direct,641,39.37708282470703,53.84882354736328,0.0139955366030335,0.0182798821479082,0.1856474258970359,0.2574102964118565
P3,random_split,0,random_0,unconstrained_hardderived,641,0.0,0.0,0.0,0.0,0.1700468018720748,0.2184087363494539
P3,random_split,0,random_0,softconstrained_direct,641,22.80147933959961,31.754159927368164,0.0102943144738674,0.0124372327700257,0.1544461778471139,0.2184087363494539
P3,random_split,0,random_0,softconstrained_hardderived,641,0.0,0.0,0.0,0.0,0.1482059282371295,0.2152886115444617
P3,random_split,1,random_1,unconstrained_direct,641,50.41897964477539,71.93294525146484,0.0144704291597008,0.0196645203977823,0.1950078003120124,0.2714508580343214
P3,random_split,1,random_1,unconstrained_hardderived,641,0.0,0.0,0.0,0.0,0.1762870514820592,0.2324492979719188
P3,random_split,1,random_1,softconstrained_direct,641,22.593402862548828,32.34050750732422,0.0106417508795857,0.0127734970301389,0.157566302652106,0.2028081123244929
P3,random_split,1,random_1,softconstrained_hardderived,641,0.0,0.0,0.0,0.0,0.1450858034321372,0.1965678627145085
P3,random_split,2,random_2,unconstrained_direct,641,52.31887435913086,67.15834045410156,0.0178489796817302,0.0237952955067157,0.079563182527301,0.0826833073322932
P3,random_split,2,random_2,unconstrained_hardderived,641,0.0,0.0,0.0,0.0,0.0733229329173166,0.0733229329173166
P3,random_split,2,random_2,softconstrained_direct,641,24.76607894897461,33.38241195678711,0.0109139801934361,0.0134573113173246,0.1201248049921996,0.1450858034321372
P3,random_split,2,random_2,softconstrained_hardderived,641,0.0,0.0,0.0,0.0,0.1154446177847113,0.1435257410296412
P3,random_split,3,random_3,unconstrained_direct,641,44.07192611694336,58.62936019897461,0.0147158652544021,0.0204131361097097,0.1950078003120124,0.251170046801872
P3,random_split,3,random_3,unconstrained_hardderived,641,0.0,0.0,0.0,0.0,0.1809672386895476,0.2152886115444617
P3,random_split,3,random_3,softconstrained_direct,641,22.51572036743164,32.23503112792969,0.0108314389362931,0.0134547613561153,0.1138845553822152,0.157566302652106
P3,random_split,3,random_3,softconstrained_hardderived,641,0.0,0.0,0.0,0.0,0.1092043681747269,0.157566302652106
P3,random_split,4,random_4,unconstrained_direct,641,46.55543518066406,63.16608810424805,0.0169614423066377,0.022021485492587,0.079563182527301,0.0998439937597504
P3,random_split,4,random_4,unconstrained_hardderived,641,0.0,0.0,0.0,0.0,0.0624024960998439,0.0655226209048362
P3,random_split,4,random_4,softconstrained_direct,641,22.056177139282227,29.65019989013672,0.0106302434578537,0.0135336015373468,0.0764430577223088,0.0842433697347894
P3,random_split,4,random_4,softconstrained_hardderived,641,0.0,0.0,0.0,0.0,0.0733229329173166,0.0858034321372854
P3,framework_groupkfold,0,K|AgAsF6|K|Ca9Co(PO4)7|K|CoF3|K|Cr2(PS4)3|K|CrO2|K|CrP2S7|K|Cs2CrF6|K|Cs2NiF6|K|Cu4(PO4)3|K|FeNi(CN)6|K|FeSe|K|Lu(NbCl3)6|K|Mn6P7O24|K|MnPCO7|K|Mo2P3O13|K|MoCl6|K|NaMoF6|K|NbO3|K|Ni3P3O11|K|NiH8(CO5)2,unconstrained_direct,641,41.5039176940918,55.26861190795898,0.0174583718180656,0.0218636114150285,0.2059282371294852,0.2589703588143526
P3,framework_groupkfold,0,K|AgAsF6|K|Ca9Co(PO4)7|K|CoF3|K|Cr2(PS4)3|K|CrO2|K|CrP2S7|K|Cs2CrF6|K|Cs2NiF6|K|Cu4(PO4)3|K|FeNi(CN)6|K|FeSe|K|Lu(NbCl3)6|K|Mn6P7O24|K|MnPCO7|K|Mo2P3O13|K|MoCl6|K|NaMoF6|K|NbO3|K|Ni3P3O11|K|NiH8(CO5)2,unconstrained_hardderived,641,0.0,0.0,0.0,0.0,0.187207488299532,0.2215288611544461
P3,framework_groupkfold,0,K|AgAsF6|K|Ca9Co(PO4)7|K|CoF3|K|Cr2(PS4)3|K|CrO2|K|CrP2S7|K|Cs2CrF6|K|Cs2NiF6|K|Cu4(PO4)3|K|FeNi(CN)6|K|FeSe|K|Lu(NbCl3)6|K|Mn6P7O24|K|MnPCO7|K|Mo2P3O13|K|MoCl6|K|NaMoF6|K|NbO3|K|Ni3P3O11|K|NiH8(CO5)2,softconstrained_direct,641,24.950977325439453,32.94966125488281,0.0111564863473176,0.0134883113205432,0.095163806552262,0.110764430577223
P3,framework_groupkfold,0,K|AgAsF6|K|Ca9Co(PO4)7|K|CoF3|K|Cr2(PS4)3|K|CrO2|K|CrP2S7|K|Cs2CrF6|K|Cs2NiF6|K|Cu4(PO4)3|K|FeNi(CN)6|K|FeSe|K|Lu(NbCl3)6|K|Mn6P7O24|K|MnPCO7|K|Mo2P3O13|K|MoCl6|K|NaMoF6|K|NbO3|K|Ni3P3O11|K|NiH8(CO5)2,softconstrained_hardderived,641,0.0,0.0,0.0,0.0,0.095163806552262,0.1185647425897035
P3,framework_groupkfold,1,K|C|K|Co2O5|K|CoPCO7|K|CrO3|K|Cs2CoF6|K|Cs2MoCl6|K|Cs2TaCl6|K|FeH4(SO5)2|K|FeSb3|K|LiVF6|K|MgMn4O8|K|Mn4(PO4)3|K|MnF3|K|MnO2|K|MnP2O7|K|Mo9S11|K|NaCrF6|K|NbO2F|K|Ni(PO3)3|K|NiH12(SO7)2,unconstrained_direct,640,49.42782211303711,65.19535064697266,0.0140965525060892,0.0192716140300035,0.13125,0.178125
P3,framework_groupkfold,1,K|C|K|Co2O5|K|CoPCO7|K|CrO3|K|Cs2CoF6|K|Cs2MoCl6|K|Cs2TaCl6|K|FeH4(SO5)2|K|FeSb3|K|LiVF6|K|MgMn4O8|K|Mn4(PO4)3|K|MnF3|K|MnO2|K|MnP2O7|K|Mo9S11|K|NaCrF6|K|NbO2F|K|Ni(PO3)3|K|NiH12(SO7)2,unconstrained_hardderived,640,0.0,0.0,0.0,0.0,0.11875,0.1609375
P3,framework_groupkfold,1,K|C|K|Co2O5|K|CoPCO7|K|CrO3|K|Cs2CoF6|K|Cs2MoCl6|K|Cs2TaCl6|K|FeH4(SO5)2|K|FeSb3|K|LiVF6|K|MgMn4O8|K|Mn4(PO4)3|K|MnF3|K|MnO2|K|MnP2O7|K|Mo9S11|K|NaCrF6|K|NbO2F|K|Ni(PO3)3|K|NiH12(SO7)2,softconstrained_direct,640,21.64666748046875,30.659631729125977,0.0108006289228796,0.0133540760725736,0.1078125,0.11875
P3,framework_groupkfold,1,K|C|K|Co2O5|K|CoPCO7|K|CrO3|K|Cs2CoF6|K|Cs2MoCl6|K|Cs2TaCl6|K|FeH4(SO5)2|K|FeSb3|K|LiVF6|K|MgMn4O8|K|Mn4(PO4)3|K|MnF3|K|MnO2|K|MnP2O7|K|Mo9S11|K|NaCrF6|K|NbO2F|K|Ni(PO3)3|K|NiH12(SO7)2,softconstrained_hardderived,640,0.0,0.0,0.0,0.0,0.103125,0.115625
P3,framework_groupkfold,2,K|BiPCO7|K|CePCO7|K|CoO2|K|CrF6|K|Cs2AgF6|K|Cs2MoBr6|K|Cs2SbCl6|K|FeF3|K|FeH12(SO7)2|K|FePO4F|K|LiSbF6|K|Mn2P2O7F2|K|MnH8(SO6)2|K|Mo3S4|K|Na2NiO2|K|Nb3Se4|K|NdNb4O12|K|NiF6|K|PrNb4O12|K|Rb2MnF6,unconstrained_direct,640,49.80485153198242,65.69023132324219,0.0158899612724781,0.0211867205798625,0.1859375,0.2625
P3,framework_groupkfold,2,K|BiPCO7|K|CePCO7|K|CoO2|K|CrF6|K|Cs2AgF6|K|Cs2MoBr6|K|Cs2SbCl6|K|FeF3|K|FeH12(SO7)2|K|FePO4F|K|LiSbF6|K|Mn2P2O7F2|K|MnH8(SO6)2|K|Mo3S4|K|Na2NiO2|K|Nb3Se4|K|NdNb4O12|K|NiF6|K|PrNb4O12|K|Rb2MnF6,unconstrained_hardderived,640,0.0,0.0,0.0,0.0,0.1640625,0.21875
P3,framework_groupkfold,2,K|BiPCO7|K|CePCO7|K|CoO2|K|CrF6|K|Cs2AgF6|K|Cs2MoBr6|K|Cs2SbCl6|K|FeF3|K|FeH12(SO7)2|K|FePO4F|K|LiSbF6|K|Mn2P2O7F2|K|MnH8(SO6)2|K|Mo3S4|K|Na2NiO2|K|Nb3Se4|K|NdNb4O12|K|NiF6|K|PrNb4O12|K|Rb2MnF6,softconstrained_direct,640,23.251691818237305,33.240455627441406,0.0117509216070175,0.0143954558297991,0.13125,0.16875
P3,framework_groupkfold,2,K|BiPCO7|K|CePCO7|K|CoO2|K|CrF6|K|Cs2AgF6|K|Cs2MoBr6|K|Cs2SbCl6|K|FeF3|K|FeH12(SO7)2|K|FePO4F|K|LiSbF6|K|Mn2P2O7F2|K|MnH8(SO6)2|K|Mo3S4|K|Na2NiO2|K|Nb3Se4|K|NdNb4O12|K|NiF6|K|PrNb4O12|K|Rb2MnF6,softconstrained_hardderived,640,0.0,0.0,0.0,0.0,0.1203125,0.165625
P3,framework_groupkfold,3,K|Bi(PO3)4|K|Cd2Cu(SO)2|K|CoH8(CO5)2|K|CrF3|K|CrPO4F|K|CrS2|K|Cs2MnF6|K|Cs2SbBr6|K|Fe11O17|K|FePO4|K|LiNbF6|K|Mn(PO3)3|K|MnH6(S2O9)2|K|Mo2O3|K|Na2FeO3|K|Nb3S4|K|NbSe2|K|Ni4P4O15|K|P(W3O10)4|K|Rb2CuF6,unconstrained_direct,640,40.735801696777344,53.81416320800781,0.013931443914771,0.0179158691316843,0.20625,0.303125
P3,framework_groupkfold,3,K|Bi(PO3)4|K|Cd2Cu(SO)2|K|CoH8(CO5)2|K|CrF3|K|CrPO4F|K|CrS2|K|Cs2MnF6|K|Cs2SbBr6|K|Fe11O17|K|FePO4|K|LiNbF6|K|Mn(PO3)3|K|MnH6(S2O9)2|K|Mo2O3|K|Na2FeO3|K|Nb3S4|K|NbSe2|K|Ni4P4O15|K|P(W3O10)4|K|Rb2CuF6,unconstrained_hardderived,640,0.0,0.0,0.0,0.0,0.1953125,0.2828125
P3,framework_groupkfold,3,K|Bi(PO3)4|K|Cd2Cu(SO)2|K|CoH8(CO5)2|K|CrF3|K|CrPO4F|K|CrS2|K|Cs2MnF6|K|Cs2SbBr6|K|Fe11O17|K|FePO4|K|LiNbF6|K|Mn(PO3)3|K|MnH6(S2O9)2|K|Mo2O3|K|Na2FeO3|K|Nb3S4|K|NbSe2|K|Ni4P4O15|K|P(W3O10)4|K|Rb2CuF6,softconstrained_direct,640,22.81694984436035,33.42353439331055,0.0111900325864553,0.0131312478333711,0.1125,0.1359375
P3,framework_groupkfold,3,K|Bi(PO3)4|K|Cd2Cu(SO)2|K|CoH8(CO5)2|K|CrF3|K|CrPO4F|K|CrS2|K|Cs2MnF6|K|Cs2SbBr6|K|Fe11O17|K|FePO4|K|LiNbF6|K|Mn(PO3)3|K|MnH6(S2O9)2|K|Mo2O3|K|Na2FeO3|K|Nb3S4|K|NbSe2|K|Ni4P4O15|K|P(W3O10)4|K|Rb2CuF6,softconstrained_hardderived,640,0.0,0.0,0.0,0.0,0.1125,0.1375
P3,framework_groupkfold,4,K|AgO|K|Ca9Mn(PO4)7|K|CoF6|K|Cr3O8|K|CrPCO7|K|Cs2CuF6|K|Cs2PdF6|K|CuPCO7|K|FePCO7|K|LiMnF6|K|MgMn2O4|K|MnF6|K|Mo15Se19|K|MoS|K|NaSbF6|K|NbS2|K|Ni4(PO4)3|K|NiPCO7|K|Rb2CrF6|K|RbSb,unconstrained_direct,640,42.55574417114258,58.518043518066406,0.015214997343719,0.020215917378664,0.1421875,0.1765625
P3,framework_groupkfold,4,K|AgO|K|Ca9Mn(PO4)7|K|CoF6|K|Cr3O8|K|CrPCO7|K|Cs2CuF6|K|Cs2PdF6|K|CuPCO7|K|FePCO7|K|LiMnF6|K|MgMn2O4|K|MnF6|K|Mo15Se19|K|MoS|K|NaSbF6|K|NbS2|K|Ni4(PO4)3|K|NiPCO7|K|Rb2CrF6|K|RbSb,unconstrained_hardderived,640,0.0,0.0,0.0,0.0,0.1203125,0.140625
P3,framework_groupkfold,4,K|AgO|K|Ca9Mn(PO4)7|K|CoF6|K|Cr3O8|K|CrPCO7|K|Cs2CuF6|K|Cs2PdF6|K|CuPCO7|K|FePCO7|K|LiMnF6|K|MgMn2O4|K|MnF6|K|Mo15Se19|K|MoS|K|NaSbF6|K|NbS2|K|Ni4(PO4)3|K|NiPCO7|K|Rb2CrF6|K|RbSb,softconstrained_direct,640,23.365554809570312,35.283111572265625,0.009684314019978,0.0117763513699173,0.1953125,0.253125
P3,framework_groupkfold,4,K|AgO|K|Ca9Mn(PO4)7|K|CoF6|K|Cr3O8|K|CrPCO7|K|Cs2CuF6|K|Cs2PdF6|K|CuPCO7|K|FePCO7|K|LiMnF6|K|MgMn2O4|K|MnF6|K|Mo15Se19|K|MoS|K|NaSbF6|K|NbS2|K|Ni4(PO4)3|K|NiPCO7|K|Rb2CrF6|K|RbSb,softconstrained_hardderived,640,0.0,0.0,0.0,0.0,0.1828125,0.240625
P3,leave_family_out,0,polyanion_phosphate_like,unconstrained_direct,1174,41.52584457397461,51.94515609741211,0.0160331316292285,0.0187514144927263,0.4335604770017036,0.4684838160136286
P3,leave_family_out,0,polyanion_phosphate_like,unconstrained_hardderived,1174,0.0,0.0,0.0,0.0,0.4335604770017036,0.4608177172061329
P3,leave_family_out,0,polyanion_phosphate_like,softconstrained_direct,1174,49.008113861083984,56.33178329467773,0.0111698964610695,0.0147641142830252,0.0536626916524701,0.0536626916524701
P3,leave_family_out,0,polyanion_phosphate_like,softconstrained_hardderived,1174,0.0,0.0,0.0,0.0,0.0536626916524701,0.0536626916524701
P3,leave_family_out,1,transition_metal_oxide_like,unconstrained_direct,1173,87.00579071044922,112.82833099365234,0.0326427333056926,0.0402282811701297,0.2676896845694799,0.3282182438192668
P3,leave_family_out,1,transition_metal_oxide_like,unconstrained_hardderived,1173,0.0,0.0,0.0,0.0,0.2387041773231031,0.2719522591645353
P3,leave_family_out,1,transition_metal_oxide_like,softconstrained_direct,1173,43.90087127685547,56.64413070678711,0.0179290045052766,0.0221161171793937,0.2821824381926683,0.3375959079283887
P3,leave_family_out,1,transition_metal_oxide_like,softconstrained_hardderived,1173,0.0,0.0,0.0,0.0,0.2770673486786019,0.319693094629156
P3,leave_family_out,2,halide_or_fluoride_like,unconstrained_direct,246,117.28694915771484,133.96835327148438,0.0172733627259731,0.022999158129096,0.4634146341463415,1.0691056910569106
P3,leave_family_out,2,halide_or_fluoride_like,unconstrained_hardderived,246,0.0,0.0,0.0,0.0,0.3943089430894309,0.9715447154471544
P3,leave_family_out,2,halide_or_fluoride_like,softconstrained_direct,246,37.20934295654297,48.09238052368164,0.0141816157847642,0.0165806096047163,0.2439024390243902,0.2723577235772357
P3,leave_family_out,2,halide_or_fluoride_like,softconstrained_hardderived,246,0.0,0.0,0.0,0.0,0.2195121951219512,0.2317073170731707
P3,leave_family_out,3,oxyfluoride_or_fluoropolyanion_like,unconstrained_direct,221,52.10812759399414,73.24642181396484,0.016671972349286,0.0224228650331497,0.2171945701357466,0.2443438914027149
P3,leave_family_out,3,oxyfluoride_or_fluoropolyanion_like,unconstrained_hardderived,221,0.0,0.0,0.0,0.0,0.2171945701357466,0.2262443438914027
P3,leave_family_out,3,oxyfluoride_or_fluoropolyanion_like,softconstrained_direct,221,28.89098358154297,38.6070671081543,0.0201809778809547,0.0238895211368799,0.0588235294117647,0.0588235294117647
P3,leave_family_out,3,oxyfluoride_or_fluoropolyanion_like,softconstrained_hardderived,221,0.0,0.0,0.0,0.0,0.0588235294117647,0.0588235294117647
P3,leave_family_out,4,silicate_like,unconstrained_direct,131,43.47011184692383,55.15951156616211,0.0162854809314012,0.0188095867633819,0.0916030534351145,0.099236641221374
P3,leave_family_out,4,silicate_like,unconstrained_hardderived,131,0.0,0.0,0.0,0.0,0.0916030534351145,0.099236641221374
P3,leave_family_out,4,silicate_like,softconstrained_direct,131,16.261241912841797,21.415212631225582,0.0062024709768593,0.0090228412300348,0.0763358778625954,0.0916030534351145
P3,leave_family_out,4,silicate_like,softconstrained_hardderived,131,0.0,0.0,0.0,0.0,0.0763358778625954,0.0916030534351145
P3,leave_family_out,5,sulfate_or_sulfur_oxoanion_like,unconstrained_direct,106,59.25927734375,71.47347259521484,0.0186429694294929,0.0224898438900709,0.2547169811320754,0.330188679245283
P3,leave_family_out,5,sulfate_or_sulfur_oxoanion_like,unconstrained_hardderived,106,0.0,0.0,0.0,0.0,0.2452830188679245,0.3113207547169811
P3,leave_family_out,5,sulfate_or_sulfur_oxoanion_like,softconstrained_direct,106,42.56744384765625,51.97494125366211,0.00743621122092,0.0095740910619497,0.3490566037735849,0.6981132075471698
P3,leave_family_out,5,sulfate_or_sulfur_oxoanion_like,softconstrained_hardderived,106,0.0,0.0,0.0,0.0,0.3490566037735849,0.6981132075471698
P3,leave_family_out,6,other_or_unclear,unconstrained_direct,63,40.07918167114258,58.22052764892578,0.0256123356521129,0.0291592683643102,0.1428571428571428,0.2063492063492063
P3,leave_family_out,6,other_or_unclear,unconstrained_hardderived,63,0.0,0.0,0.0,0.0,0.1269841269841269,0.1587301587301587
P3,leave_family_out,6,other_or_unclear,softconstrained_direct,63,28.648462295532227,64.67919158935547,0.0124843148514628,0.0157202947884798,0.365079365079365,0.4285714285714285
P3,leave_family_out,6,other_or_unclear,softconstrained_hardderived,63,0.0,0.0,0.0,0.0,0.365079365079365,0.4126984126984127
P3,leave_family_out,7,sulfide_like,unconstrained_direct,55,45.85337066650391,56.663230895996094,0.0286950971931219,0.037026222795248,0.0,0.0
P3,leave_family_out,7,sulfide_like,unconstrained_hardderived,55,0.0,0.0,0.0,0.0,0.0,0.0
P3,leave_family_out,7,sulfide_like,softconstrained_direct,55,39.55506134033203,51.985111236572266,0.0186168123036623,0.0204788502305746,0.0,0.0
P3,leave_family_out,7,sulfide_like,softconstrained_hardderived,55,0.0,0.0,0.0,0.0,0.0,0.0
P3,leave_family_out,8,oxide_like_other,unconstrained_direct,22,93.31818389892578,104.68438720703124,0.0254635624587535,0.0312366057187318,0.2272727272727272,0.2272727272727272
P3,leave_family_out,8,oxide_like_other,unconstrained_hardderived,22,0.0,0.0,0.0,0.0,0.1818181818181818,0.1818181818181818
P3,leave_family_out,8,oxide_like_other,softconstrained_direct,22,20.886327743530277,31.19003677368164,0.0114552676677703,0.0137187102809548,0.1363636363636363,0.1363636363636363
P3,leave_family_out,8,oxide_like_other,softconstrained_hardderived,22,0.0,0.0,0.0,0.0,0.0909090909090909,0.0909090909090909
P3,leave_family_out,9,organic_or_carbon_like,unconstrained_direct,10,76.87107849121094,84.98138427734375,0.0190947595983743,0.0257513783872127,0.0,0.0
P3,leave_family_out,9,organic_or_carbon_like,unconstrained_hardderived,10,0.0,0.0,0.0,0.0,0.0,0.0
P3,leave_family_out,9,organic_or_carbon_like,softconstrained_direct,10,9.436365127563477,11.620909690856934,0.0051610292866826,0.0067735966295003,0.1,0.1
P3,leave_family_out,9,organic_or_carbon_like,softconstrained_hardderived,10,0.0,0.0,0.0,0.0,0.1,0.1
P3,leave_chemical_system_out,0,F-O-V,unconstrained_direct,153,41.6965446472168,52.85662078857422,0.0084319114685058,0.0119322007521986,0.1111111111111111,0.1176470588235294
P3,leave_chemical_system_out,0,F-O-V,unconstrained_hardderived,153,0.0,0.0,0.0,0.0,0.065359477124183,0.065359477124183
P3,leave_chemical_system_out,0,F-O-V,softconstrained_direct,153,72.34894561767578,81.72277069091797,0.0170149467885494,0.0184248648583889,0.0718954248366013,0.0718954248366013
P3,leave_chemical_system_out,0,F-O-V,softconstrained_hardderived,153,0.0,0.0,0.0,0.0,0.0718954248366013,0.0718954248366013
P3,leave_chemical_system_out,1,Mn-O-P,unconstrained_direct,118,34.69724655151367,41.82706832885742,0.0056178094819188,0.0078075863420963,0.2627118644067797,0.3983050847457627
P3,leave_chemical_system_out,1,Mn-O-P,unconstrained_hardderived,118,0.0,0.0,0.0,0.0,0.2627118644067797,0.3983050847457627
P3,leave_chemical_system_out,1,Mn-O-P,softconstrained_direct,118,14.947178840637209,20.263614654541016,0.0082126874476671,0.0098768025636672,0.2542372881355932,0.2796610169491525
P3,leave_chemical_system_out,1,Mn-O-P,softconstrained_hardderived,118,0.0,0.0,0.0,0.0,0.2542372881355932,0.2711864406779661
P3,leave_chemical_system_out,2,Fe-O-P,unconstrained_direct,102,46.92853546142578,59.393985748291016,0.0085469242185354,0.0117892930284142,0.3823529411764705,0.4411764705882353
P3,leave_chemical_system_out,2,Fe-O-P,unconstrained_hardderived,102,0.0,0.0,0.0,0.0,0.3823529411764705,0.4607843137254901
P3,leave_chemical_system_out,2,Fe-O-P,softconstrained_direct,102,26.85184097290039,31.94760131835937,0.0061161685734987,0.0082167601212859,0.1470588235294117,0.1862745098039215
P3,leave_chemical_system_out,2,Fe-O-P,softconstrained_hardderived,102,0.0,0.0,0.0,0.0,0.1470588235294117,0.2058823529411764
P3,leave_chemical_system_out,3,Cr-O-P,unconstrained_direct,84,43.74052047729492,54.348026275634766,0.0135889546945691,0.0155844092369079,0.7023809523809523,1.2857142857142858
P3,leave_chemical_system_out,3,Cr-O-P,unconstrained_hardderived,84,0.0,0.0,0.0,0.0,0.7023809523809523,1.119047619047619
P3,leave_chemical_system_out,3,Cr-O-P,softconstrained_direct,84,17.549949645996094,23.55702209472656,0.0090750977396965,0.0099133532494306,0.1309523809523809,0.2023809523809523
P3,leave_chemical_system_out,3,Cr-O-P,softconstrained_hardderived,84,0.0,0.0,0.0,0.0,0.1309523809523809,0.2261904761904762
P3,leave_chemical_system_out,4,O-P-V,unconstrained_direct,82,27.968416213989254,32.58068084716797,0.0102595537900924,0.0150633500888943,0.1585365853658536,0.2560975609756097
P3,leave_chemical_system_out,4,O-P-V,unconstrained_hardderived,82,0.0,0.0,0.0,0.0,0.1585365853658536,0.1829268292682926
P3,leave_chemical_system_out,4,O-P-V,softconstrained_direct,82,17.971981048583984,22.896907806396484,0.0063264146447181,0.0077667902223765,0.2195121951219512,0.2195121951219512
P3,leave_chemical_system_out,4,O-P-V,softconstrained_hardderived,82,0.0,0.0,0.0,0.0,0.2195121951219512,0.2195121951219512
P3,leave_chemical_system_out,5,Co-O-P,unconstrained_direct,76,33.430992126464844,43.07062149047852,0.0163209252059459,0.0196931306272745,0.0263157894736842,0.0263157894736842
P3,leave_chemical_system_out,5,Co-O-P,unconstrained_hardderived,76,0.0,0.0,0.0,0.0,0.0263157894736842,0.0263157894736842
P3,leave_chemical_system_out,5,Co-O-P,softconstrained_direct,76,21.174781799316406,27.75421524047852,0.0059471325948834,0.0078279040753841,0.0131578947368421,0.0131578947368421
P3,leave_chemical_system_out,5,Co-O-P,softconstrained_hardderived,76,0.0,0.0,0.0,0.0,0.0131578947368421,0.0131578947368421
P3,leave_chemical_system_out,6,Ni-O-P,unconstrained_direct,74,38.64476776123047,46.01405334472656,0.0100096557289361,0.0134835476055741,0.081081081081081,0.081081081081081
P3,leave_chemical_system_out,6,Ni-O-P,unconstrained_hardderived,74,0.0,0.0,0.0,0.0,0.081081081081081,0.081081081081081
P3,leave_chemical_system_out,6,Ni-O-P,softconstrained_direct,74,41.49776458740234,47.64482116699219,0.0069190384820103,0.0086696436628699,0.3108108108108108,0.3108108108108108
P3,leave_chemical_system_out,6,Ni-O-P,softconstrained_hardderived,74,0.0,0.0,0.0,0.0,0.3108108108108108,0.3108108108108108
P3,leave_chemical_system_out,7,F-V,unconstrained_direct,66,51.41276168823242,62.91298294067383,0.0170201044529676,0.0205053333193063,0.7272727272727273,0.8787878787878788
P3,leave_chemical_system_out,7,F-V,unconstrained_hardderived,66,0.0,0.0,0.0,0.0,0.7272727272727273,0.8636363636363636
P3,leave_chemical_system_out,7,F-V,softconstrained_direct,66,29.924020767211918,39.68989944458008,0.014559700153768,0.0168717633932828,0.4393939393939394,0.6515151515151515
P3,leave_chemical_system_out,7,F-V,softconstrained_hardderived,66,0.0,0.0,0.0,0.0,0.4393939393939394,0.6363636363636364
P3,leave_chemical_system_out,8,Mo-O-P,unconstrained_direct,61,41.05194091796875,49.11053466796875,0.0138028282672166,0.0163736790418624,0.1311475409836065,0.1475409836065573
P3,leave_chemical_system_out,8,Mo-O-P,unconstrained_hardderived,61,0.0,0.0,0.0,0.0,0.1311475409836065,0.1639344262295081
P3,leave_chemical_system_out,8,Mo-O-P,softconstrained_direct,61,13.294058799743652,18.23842430114746,0.0123481675982475,0.0132862357422709,0.0983606557377049,0.1639344262295081
P3,leave_chemical_system_out,8,Mo-O-P,softconstrained_hardderived,61,0.0,0.0,0.0,0.0,0.0983606557377049,0.1639344262295081
P3,leave_chemical_system_out,9,Mn-O,unconstrained_direct,50,55.102176666259766,73.38224029541016,0.0117632402107119,0.014087694697082,0.22,0.22
P3,leave_chemical_system_out,9,Mn-O,unconstrained_hardderived,50,0.0,0.0,0.0,0.0,0.22,0.22
P3,leave_chemical_system_out,9,Mn-O,softconstrained_direct,50,26.75288772583008,36.09209060668945,0.009350199252367,0.0117597766220569,0.1,0.12
P3,leave_chemical_system_out,9,Mn-O,softconstrained_hardderived,50,0.0,0.0,0.0,0.0,0.1,0.1
P3,leave_chemical_system_out,10,O-V,unconstrained_direct,49,53.17974853515625,73.52124786376953,0.0211397018283605,0.0268608033657073,0.2448979591836734,0.4081632653061224
P3,leave_chemical_system_out,10,O-V,unconstrained_hardderived,49,0.0,0.0,0.0,0.0,0.2448979591836734,0.4081632653061224
P3,leave_chemical_system_out,10,O-V,softconstrained_direct,49,56.283241271972656,72.65083312988281,0.0153103126212954,0.0179244168102741,0.0612244897959183,0.1224489795918367
P3,leave_chemical_system_out,10,O-V,softconstrained_hardderived,49,0.0,0.0,0.0,0.0,0.0612244897959183,0.1020408163265306
P3,leave_chemical_system_out,11,F-Mn,unconstrained_direct,43,95.11820220947266,123.9917449951172,0.0208596978336572,0.0246796365827322,0.2790697674418604,0.3720930232558139
P3,leave_chemical_system_out,11,F-Mn,unconstrained_hardderived,43,0.0,0.0,0.0,0.0,0.2790697674418604,0.3720930232558139
P3,leave_chemical_system_out,11,F-Mn,softconstrained_direct,43,50.33548355102539,65.88616180419922,0.0091427471488714,0.0128796594217419,0.6511627906976745,1.302325581395349
P3,leave_chemical_system_out,11,F-Mn,softconstrained_hardderived,43,0.0,0.0,0.0,0.0,0.6511627906976745,1.255813953488372
P3,leave_chemical_system_out,12,Fe-O,unconstrained_direct,40,47.293418884277344,71.21995544433594,0.016595022752881,0.0262074600905179,0.025,0.025
P3,leave_chemical_system_out,12,Fe-O,unconstrained_hardderived,40,0.0,0.0,0.0,0.0,0.025,0.025
P3,leave_chemical_system_out,12,Fe-O,softconstrained_direct,40,27.176483154296875,33.27729034423828,0.0060953302308917,0.0068590985611081,0.35,0.375
P3,leave_chemical_system_out,12,Fe-O,softconstrained_hardderived,40,0.0,0.0,0.0,0.0,0.35,0.375
P3,leave_chemical_system_out,13,B-Mn-O,unconstrained_direct,39,22.90195083618164,25.755596160888672,0.0192684829235076,0.0200348105281591,0.0512820512820512,0.0512820512820512
P3,leave_chemical_system_out,13,B-Mn-O,unconstrained_hardderived,39,0.0,0.0,0.0,0.0,0.0512820512820512,0.0512820512820512
P3,leave_chemical_system_out,13,B-Mn-O,softconstrained_direct,39,22.62837028503418,24.87089729309082,0.0141266779974102,0.0161428451538085,0.2564102564102564,0.2564102564102564
P3,leave_chemical_system_out,13,B-Mn-O,softconstrained_hardderived,39,0.0,0.0,0.0,0.0,0.2564102564102564,0.2564102564102564
P3,leave_chemical_system_out,14,Cu-O-P,unconstrained_direct,39,53.31333923339844,64.46194458007812,0.0223277509212493,0.0272331275045871,0.0,0.0
P3,leave_chemical_system_out,14,Cu-O-P,unconstrained_hardderived,39,0.0,0.0,0.0,0.0,0.0,0.0
P3,leave_chemical_system_out,14,Cu-O-P,softconstrained_direct,39,21.26387596130371,26.68602752685547,0.0074067660607397,0.0092202480882406,0.0,0.0
P3,leave_chemical_system_out,14,Cu-O-P,softconstrained_hardderived,39,0.0,0.0,0.0,0.0,0.0,0.0
P3,leave_chemical_system_out,15,O-Ti,unconstrained_direct,34,90.5378875732422,109.0929946899414,0.0118458941578865,0.0135871479287743,0.0588235294117647,0.0588235294117647
P3,leave_chemical_system_out,15,O-Ti,unconstrained_hardderived,34,0.0,0.0,0.0,0.0,0.0588235294117647,0.0588235294117647
P3,leave_chemical_system_out,15,O-Ti,softconstrained_direct,34,96.32967376708984,111.5669937133789,0.0264206659048795,0.0283612720668315,0.088235294117647,0.088235294117647
P3,leave_chemical_system_out,15,O-Ti,softconstrained_hardderived,34,0.0,0.0,0.0,0.0,0.088235294117647,0.088235294117647
P3,leave_chemical_system_out,16,Ni-O,unconstrained_direct,34,28.759483337402344,35.052249908447266,0.0083406465128064,0.0100573217496275,0.1470588235294117,0.1470588235294117
P3,leave_chemical_system_out,16,Ni-O,unconstrained_hardderived,34,0.0,0.0,0.0,0.0,0.1470588235294117,0.1470588235294117
P3,leave_chemical_system_out,16,Ni-O,softconstrained_direct,34,35.99429702758789,45.48624420166016,0.0060834260657429,0.0075918422080576,0.4117647058823529,0.4117647058823529
P3,leave_chemical_system_out,16,Ni-O,softconstrained_hardderived,34,0.0,0.0,0.0,0.0,0.4117647058823529,0.4117647058823529
P3,leave_chemical_system_out,17,F-Fe-O,unconstrained_direct,31,90.92979431152344,101.08482360839844,0.0289724934846162,0.0309480316936969,0.032258064516129,0.032258064516129
P3,leave_chemical_system_out,17,F-Fe-O,unconstrained_hardderived,31,0.0,0.0,0.0,0.0,0.032258064516129,0.032258064516129
P3,leave_chemical_system_out,17,F-Fe-O,softconstrained_direct,31,58.14078140258789,66.73955535888672,0.011381515301764,0.0135945519432425,0.0967741935483871,0.0967741935483871
P3,leave_chemical_system_out,17,F-Fe-O,softconstrained_hardderived,31,0.0,0.0,0.0,0.0,0.0967741935483871,0.0967741935483871
P3,leave_chemical_system_out,18,Co-O,unconstrained_direct,31,94.64531707763672,115.7327880859375,0.0202551819384098,0.0245865434408187,0.0,0.0
P3,leave_chemical_system_out,18,Co-O,unconstrained_hardderived,31,0.0,0.0,0.0,0.0,0.0,0.0
P3,leave_chemical_system_out,18,Co-O,softconstrained_direct,31,28.39437484741211,34.33736801147461,0.008306878618896,0.0109663112089037,0.032258064516129,0.032258064516129
P3,leave_chemical_system_out,18,Co-O,softconstrained_hardderived,31,0.0,0.0,0.0,0.0,0.032258064516129,0.032258064516129
P3,leave_chemical_system_out,19,Cr-O,unconstrained_direct,29,76.87823486328125,106.72007751464844,0.0182508267462253,0.0226622447371482,0.5517241379310345,0.7241379310344828
P3,leave_chemical_system_out,19,Cr-O,unconstrained_hardderived,29,0.0,0.0,0.0,0.0,0.5517241379310345,0.6896551724137931
P3,leave_chemical_system_out,19,Cr-O,softconstrained_direct,29,38.54301452636719,47.20692825317383,0.0079400427639484,0.0096247680485248,0.1724137931034483,0.1724137931034483
P3,leave_chemical_system_out,19,Cr-O,softconstrained_hardderived,29,0.0,0.0,0.0,0.0,0.1724137931034483,0.1724137931034483
P3,leave_chemical_system_out,20,Fe-O-Si,unconstrained_direct,28,20.42222785949707,25.839035034179688,0.0080513069406151,0.0119028398767113,0.0714285714285714,0.0714285714285714
P3,leave_chemical_system_out,20,Fe-O-Si,unconstrained_hardderived,28,0.0,0.0,0.0,0.0,0.0714285714285714,0.0714285714285714
P3,leave_chemical_system_out,20,Fe-O-Si,softconstrained_direct,28,17.08294677734375,21.977619171142575,0.0065118442289531,0.0087706241756677,0.3214285714285714,0.3214285714285714
P3,leave_chemical_system_out,20,Fe-O-Si,softconstrained_hardderived,28,0.0,0.0,0.0,0.0,0.3214285714285714,0.3214285714285714
P3,leave_chemical_system_out,21,F-Mn-O,unconstrained_direct,28,54.97517776489258,77.30831146240234,0.0297897551208734,0.0336552709341049,0.0714285714285714,0.0714285714285714
P3,leave_chemical_system_out,21,F-Mn-O,unconstrained_hardderived,28,0.0,0.0,0.0,0.0,0.0714285714285714,0.0714285714285714
P3,leave_chemical_system_out,21,F-Mn-O,softconstrained_direct,28,28.51091194152832,33.398128509521484,0.0152171934023499,0.0184144526720047,0.0357142857142857,0.0357142857142857
P3,leave_chemical_system_out,21,F-Mn-O,softconstrained_hardderived,28,0.0,0.0,0.0,0.0,0.0357142857142857,0.0357142857142857
P3,leave_chemical_system_out,22,O-P-Sb,unconstrained_direct,28,27.58027458190918,30.665040969848636,0.0140657955780625,0.016180045902729,0.0,0.0
P3,leave_chemical_system_out,22,O-P-Sb,unconstrained_hardderived,28,0.0,0.0,0.0,0.0,0.0,0.0
P3,leave_chemical_system_out,22,O-P-Sb,softconstrained_direct,28,15.94653606414795,19.971405029296875,0.0055426633916795,0.0070411236956715,0.0,0.0
P3,leave_chemical_system_out,22,O-P-Sb,softconstrained_hardderived,28,0.0,0.0,0.0,0.0,0.0,0.0
P3,leave_chemical_system_out,23,O-P-Sn,unconstrained_direct,28,35.47932815551758,42.07775115966797,0.0171541981399059,0.0201100949198007,0.25,0.3214285714285714
P3,leave_chemical_system_out,23,O-P-Sn,unconstrained_hardderived,28,0.0,0.0,0.0,0.0,0.2142857142857142,0.2142857142857142
P3,leave_chemical_system_out,23,O-P-Sn,softconstrained_direct,28,15.786375999450684,19.386049270629883,0.0091093024238944,0.0105304019525647,0.0,0.0
P3,leave_chemical_system_out,23,O-P-Sn,softconstrained_hardderived,28,0.0,0.0,0.0,0.0,0.0,0.0
P3,leave_chemical_system_out,24,Co-Mn-O,unconstrained_direct,27,27.38478279113769,36.36304473876953,0.0132232857868075,0.0147366942837834,0.0,0.0
P3,leave_chemical_system_out,24,Co-Mn-O,unconstrained_hardderived,27,0.0,0.0,0.0,0.0,0.0,0.0
P3,leave_chemical_system_out,24,Co-Mn-O,softconstrained_direct,27,15.554522514343262,18.27580070495605,0.0100767621770501,0.0115469042211771,0.0,0.0
P3,leave_chemical_system_out,24,Co-Mn-O,softconstrained_hardderived,27,0.0,0.0,0.0,0.0,0.0,0.0
P3,leave_chemical_system_out,25,Bi-O-P,unconstrained_direct,26,13.095831871032717,19.0049991607666,0.011376392096281,0.0123926671221852,0.0384615384615384,0.1153846153846153
P3,leave_chemical_system_out,25,Bi-O-P,unconstrained_hardderived,26,0.0,0.0,0.0,0.0,0.0384615384615384,0.1153846153846153
P3,leave_chemical_system_out,25,Bi-O-P,softconstrained_direct,26,20.903907775878903,23.37031555175781,0.0048096482641994,0.0057936506345868,0.1538461538461538,0.1538461538461538
P3,leave_chemical_system_out,25,Bi-O-P,softconstrained_hardderived,26,0.0,0.0,0.0,0.0,0.1538461538461538,0.1538461538461538
P3,leave_chemical_system_out,26,O-P-W,unconstrained_direct,25,26.5037899017334,46.46897506713867,0.0063118757680058,0.0120705822482705,0.48,0.8
P3,leave_chemical_system_out,26,O-P-W,unconstrained_hardderived,25,0.0,0.0,0.0,0.0,0.48,0.8
P3,leave_chemical_system_out,26,O-P-W,softconstrained_direct,25,12.54157829284668,15.961252212524414,0.0124638937413692,0.0140277268365025,0.36,0.4
P3,leave_chemical_system_out,26,O-P-W,softconstrained_hardderived,25,0.0,0.0,0.0,0.0,0.36,0.4
P3,leave_chemical_system_out,27,Cr-Mn-O,unconstrained_direct,24,30.255334854125977,41.07661056518555,0.0105807222425937,0.0130253974348306,0.0,0.0
P3,leave_chemical_system_out,27,Cr-Mn-O,unconstrained_hardderived,24,0.0,0.0,0.0,0.0,0.0,0.0
P3,leave_chemical_system_out,27,Cr-Mn-O,softconstrained_direct,24,24.37139129638672,32.983543395996094,0.0157861392945051,0.0174614153802394,0.0,0.0
P3,leave_chemical_system_out,27,Cr-Mn-O,softconstrained_hardderived,24,0.0,0.0,0.0,0.0,0.0,0.0
P3,leave_chemical_system_out,28,Co-Fe-O,unconstrained_direct,21,20.08288955688477,23.53617286682129,0.017486261203885,0.0201554764062166,0.0476190476190476,0.0952380952380952
P3,leave_chemical_system_out,28,Co-Fe-O,unconstrained_hardderived,21,0.0,0.0,0.0,0.0,0.0476190476190476,0.0476190476190476
P3,leave_chemical_system_out,28,Co-Fe-O,softconstrained_direct,21,17.643964767456055,22.900850296020508,0.0088456785306334,0.010561685077846,0.0476190476190476,0.0476190476190476
P3,leave_chemical_system_out,28,Co-Fe-O,softconstrained_hardderived,21,0.0,0.0,0.0,0.0,0.0476190476190476,0.0476190476190476
P3,leave_chemical_system_out,29,O-P-Ti,unconstrained_direct,20,50.14826202392578,58.36167144775391,0.0105179110541939,0.0128898760303854,0.3,0.5
P3,leave_chemical_system_out,29,O-P-Ti,unconstrained_hardderived,20,0.0,0.0,0.0,0.0,0.3,0.5
P3,leave_chemical_system_out,29,O-P-Ti,softconstrained_direct,20,26.78403854370117,30.94305419921875,0.0088771926239132,0.0100509235635399,0.2,0.2
P3,leave_chemical_system_out,29,O-P-Ti,softconstrained_hardderived,20,0.0,0.0,0.0,0.0,0.2,0.2
P3,leave_chemical_system_out,30,Cr-O-V,unconstrained_direct,19,30.00059509277344,43.11004257202149,0.0167711488902568,0.0194110255688428,0.0526315789473684,0.0526315789473684
P3,leave_chemical_system_out,30,Cr-O-V,unconstrained_hardderived,19,0.0,0.0,0.0,0.0,0.0526315789473684,0.0526315789473684
P3,leave_chemical_system_out,30,Cr-O-V,softconstrained_direct,19,13.217328071594238,16.721345901489258,0.0084672896191477,0.0099337939172983,0.0526315789473684,0.0526315789473684
P3,leave_chemical_system_out,30,Cr-O-V,softconstrained_hardderived,19,0.0,0.0,0.0,0.0,0.0526315789473684,0.0526315789473684
P3,leave_chemical_system_out,31,Cu-O,unconstrained_direct,19,24.953399658203125,31.87597274780273,0.0224147029221057,0.0266948286443948,0.2105263157894736,0.2105263157894736
P3,leave_chemical_system_out,31,Cu-O,unconstrained_hardderived,19,0.0,0.0,0.0,0.0,0.2105263157894736,0.2105263157894736
P3,leave_chemical_system_out,31,Cu-O,softconstrained_direct,19,26.29124641418457,31.65560913085937,0.0144812371581792,0.0154394479468464,0.0526315789473684,0.0526315789473684
P3,leave_chemical_system_out,31,Cu-O,softconstrained_hardderived,19,0.0,0.0,0.0,0.0,0.0526315789473684,0.0526315789473684
P3,leave_chemical_system_out,32,O-Ti-V,unconstrained_direct,19,61.7896842956543,75.7052230834961,0.0123231457546353,0.016506677493453,0.0526315789473684,0.1052631578947368
P3,leave_chemical_system_out,32,O-Ti-V,unconstrained_hardderived,19,0.0,0.0,0.0,0.0,0.0526315789473684,0.0526315789473684
P3,leave_chemical_system_out,32,O-Ti-V,softconstrained_direct,19,33.78474426269531,42.15216827392578,0.0111433500424027,0.0125715779140591,0.0,0.0
P3,leave_chemical_system_out,32,O-Ti-V,softconstrained_hardderived,19,0.0,0.0,0.0,0.0,0.0,0.0
P3,leave_chemical_system_out,33,Co-Ni-O,unconstrained_direct,19,26.19133949279785,33.3552131652832,0.009484308771789,0.0121413990855216,0.0526315789473684,0.0526315789473684
P3,leave_chemical_system_out,33,Co-Ni-O,unconstrained_hardderived,19,0.0,0.0,0.0,0.0,0.0526315789473684,0.0526315789473684
P3,leave_chemical_system_out,33,Co-Ni-O,softconstrained_direct,19,26.722801208496094,29.830961227416992,0.0091550480574369,0.0097909523174166,0.1578947368421052,0.2105263157894736
P3,leave_chemical_system_out,33,Co-Ni-O,softconstrained_hardderived,19,0.0,0.0,0.0,0.0,0.1578947368421052,0.2631578947368421
P3,leave_chemical_system_out,34,Fe-Mn-O,unconstrained_direct,19,39.67793655395508,50.620941162109375,0.0118382815271615,0.0134938452392816,0.0,0.0
P3,leave_chemical_system_out,34,Fe-Mn-O,unconstrained_hardderived,19,0.0,0.0,0.0,0.0,0.0,0.0
P3,leave_chemical_system_out,34,Fe-Mn-O,softconstrained_direct,19,21.175928115844727,29.084735870361328,0.0088368579745292,0.0104724559932947,0.0,0.0
P3,leave_chemical_system_out,34,Fe-Mn-O,softconstrained_hardderived,19,0.0,0.0,0.0,0.0,0.0,0.0
P3,leave_chemical_system_out,35,Mn-O-V,unconstrained_direct,18,26.43600273132324,40.3886833190918,0.0194151327013969,0.0220638029277324,0.0,0.0
P3,leave_chemical_system_out,35,Mn-O-V,unconstrained_hardderived,18,0.0,0.0,0.0,0.0,0.0,0.0
P3,leave_chemical_system_out,35,Mn-O-V,softconstrained_direct,18,19.8327579498291,28.28620719909668,0.0138806533068418,0.0165692530572414,0.0555555555555555,0.0555555555555555
P3,leave_chemical_system_out,35,Mn-O-V,softconstrained_hardderived,18,0.0,0.0,0.0,0.0,0.0555555555555555,0.0555555555555555
P3,leave_chemical_system_out,36,Mn-O-Si,unconstrained_direct,17,21.26150321960449,27.950092315673828,0.0074345329776406,0.0098869036883115,0.1176470588235294,0.1176470588235294
P3,leave_chemical_system_out,36,Mn-O-Si,unconstrained_hardderived,17,0.0,0.0,0.0,0.0,0.1176470588235294,0.1176470588235294
P3,leave_chemical_system_out,36,Mn-O-Si,softconstrained_direct,17,20.542055130004883,32.75766372680664,0.0052636824548244,0.0065459916368126,0.7647058823529411,1.0
P3,leave_chemical_system_out,36,Mn-O-Si,softconstrained_hardderived,17,0.0,0.0,0.0,0.0,0.7647058823529411,1.0
P3,leave_chemical_system_out,37,Mn-O-Ti,unconstrained_direct,17,45.62482070922852,52.31874084472656,0.0109958676621317,0.0141467405483126,0.0588235294117647,0.0588235294117647
P3,leave_chemical_system_out,37,Mn-O-Ti,unconstrained_hardderived,17,0.0,0.0,0.0,0.0,0.0588235294117647,0.0588235294117647
P3,leave_chemical_system_out,37,Mn-O-Ti,softconstrained_direct,17,13.705151557922363,18.01259994506836,0.0097571685910224,0.0100481742992997,0.0,0.0
P3,leave_chemical_system_out,37,Mn-O-Ti,softconstrained_hardderived,17,0.0,0.0,0.0,0.0,0.0,0.0
P3,leave_chemical_system_out,38,Co-O-Si,unconstrained_direct,17,42.51441192626953,48.671234130859375,0.0086536845192313,0.011370682157576,0.0588235294117647,0.0588235294117647
P3,leave_chemical_system_out,38,Co-O-Si,unconstrained_hardderived,17,0.0,0.0,0.0,0.0,0.0588235294117647,0.0588235294117647
P3,leave_chemical_system_out,38,Co-O-Si,softconstrained_direct,17,5.571468353271484,6.541919231414795,0.0071205897256731,0.008236582390964,0.2941176470588235,0.4705882352941176
P3,leave_chemical_system_out,38,Co-O-Si,softconstrained_hardderived,17,0.0,0.0,0.0,0.0,0.2941176470588235,0.4705882352941176
P3,leave_chemical_system_out,39,Cr-Fe-O,unconstrained_direct,17,28.03144645690918,35.72437286376953,0.0104643162339925,0.0126728946343064,0.0,0.0
P3,leave_chemical_system_out,39,Cr-Fe-O,unconstrained_hardderived,17,0.0,0.0,0.0,0.0,0.0,0.0
P3,leave_chemical_system_out,39,Cr-Fe-O,softconstrained_direct,17,10.126294136047363,12.204569816589355,0.0103888176381587,0.013828014023602,0.1176470588235294,0.1176470588235294
P3,leave_chemical_system_out,39,Cr-Fe-O,softconstrained_hardderived,17,0.0,0.0,0.0,0.0,0.1176470588235294,0.1176470588235294
P3,leave_chemical_system_out,40,Fe-Mn-O-P,unconstrained_direct,17,28.734106063842773,53.21087646484375,0.0097377179190516,0.010634939186275,0.1764705882352941,0.2352941176470588
P3,leave_chemical_system_out,40,Fe-Mn-O-P,unconstrained_hardderived,17,0.0,0.0,0.0,0.0,0.1764705882352941,0.1764705882352941
P3,leave_chemical_system_out,40,Fe-Mn-O-P,softconstrained_direct,17,12.604246139526367,16.66480255126953,0.0101101761683821,0.0109052481129765,0.4705882352941176,1.0
P3,leave_chemical_system_out,40,Fe-Mn-O-P,softconstrained_hardderived,17,0.0,0.0,0.0,0.0,0.4705882352941176,1.2941176470588236
P3,leave_chemical_system_out,41,Mn-Ni-O,unconstrained_direct,16,29.68805885314941,38.82432174682617,0.0108557939529418,0.0153792016208171,0.0,0.0
P3,leave_chemical_system_out,41,Mn-Ni-O,unconstrained_hardderived,16,0.0,0.0,0.0,0.0,0.0,0.0
P3,leave_chemical_system_out,41,Mn-Ni-O,softconstrained_direct,16,11.963003158569336,15.55663776397705,0.0082443747669458,0.0091942306607961,0.0,0.0
P3,leave_chemical_system_out,41,Mn-Ni-O,softconstrained_hardderived,16,0.0,0.0,0.0,0.0,0.0,0.0
P3,leave_chemical_system_out,42,O-Si-V,unconstrained_direct,16,53.66438293457031,56.713172912597656,0.0093180080875754,0.0102116987109184,0.0,0.0
P3,leave_chemical_system_out,42,O-Si-V,unconstrained_hardderived,16,0.0,0.0,0.0,0.0,0.0,0.0
P3,leave_chemical_system_out,42,O-Si-V,softconstrained_direct,16,19.704666137695312,26.167726516723636,0.0053520556539297,0.0072629745118319,0.0,0.0
P3,leave_chemical_system_out,42,O-Si-V,softconstrained_hardderived,16,0.0,0.0,0.0,0.0,0.0,0.0
P3,leave_chemical_system_out,43,C-Fe-O-P,unconstrained_direct,15,40.17220306396485,49.11597442626953,0.0168464742600917,0.0188671294599771,0.1333333333333333,0.2
P3,leave_chemical_system_out,43,C-Fe-O-P,unconstrained_hardderived,15,0.0,0.0,0.0,0.0,0.1333333333333333,0.1333333333333333
P3,leave_chemical_system_out,43,C-Fe-O-P,softconstrained_direct,15,15.499064445495604,17.56464958190918,0.0144720505923032,0.015504359267652,0.0,0.0
P3,leave_chemical_system_out,43,C-Fe-O-P,softconstrained_hardderived,15,0.0,0.0,0.0,0.0,0.0,0.0
P3,leave_chemical_system_out,44,Fe-O-V,unconstrained_direct,15,32.520591735839844,43.48471450805664,0.0310244094580411,0.0325155481696128,0.0666666666666666,0.0666666666666666
P3,leave_chemical_system_out,44,Fe-O-V,unconstrained_hardderived,15,0.0,0.0,0.0,0.0,0.0666666666666666,0.0666666666666666
P3,leave_chemical_system_out,44,Fe-O-V,softconstrained_direct,15,15.29527759552002,18.52165985107422,0.0125020686537027,0.0148326270282268,0.2,0.2
P3,leave_chemical_system_out,44,Fe-O-V,softconstrained_hardderived,15,0.0,0.0,0.0,0.0,0.2,0.2
P3,leave_chemical_system_out,45,Co-Cr-O,unconstrained_direct,15,36.71319961547852,59.31239318847656,0.0158840175718069,0.0172061901539564,0.0,0.0
P3,leave_chemical_system_out,45,Co-Cr-O,unconstrained_hardderived,15,0.0,0.0,0.0,0.0,0.0,0.0
P3,leave_chemical_system_out,45,Co-Cr-O,softconstrained_direct,15,16.19646644592285,20.606182098388672,0.0114377774298191,0.0123992851004004,0.0,0.0
P3,leave_chemical_system_out,45,Co-Cr-O,softconstrained_hardderived,15,0.0,0.0,0.0,0.0,0.0,0.0
P3,leave_chemical_system_out,46,Co-Fe-Mn-O-P,unconstrained_direct,15,8.839795112609863,9.129257202148438,0.0047931843437254,0.0057800384238362,0.0,0.0
P3,leave_chemical_system_out,46,Co-Fe-Mn-O-P,unconstrained_hardderived,15,0.0,0.0,0.0,0.0,0.0,0.0
P3,leave_chemical_system_out,46,Co-Fe-Mn-O-P,softconstrained_direct,15,15.414974212646484,16.378686904907227,0.0067808465100824,0.0069461776874959,0.0,0.0
P3,leave_chemical_system_out,46,Co-Fe-Mn-O-P,softconstrained_hardderived,15,0.0,0.0,0.0,0.0,0.0,0.0
P3,leave_chemical_system_out,47,C-Mn-O-P,unconstrained_direct,14,25.554689407348636,33.39192581176758,0.0057119913399219,0.0084343925118446,0.2142857142857142,0.2142857142857142
P3,leave_chemical_system_out,47,C-Mn-O-P,unconstrained_hardderived,14,0.0,0.0,0.0,0.0,0.2142857142857142,0.2142857142857142
P3,leave_chemical_system_out,47,C-Mn-O-P,softconstrained_direct,14,16.83803939819336,19.340984344482425,0.0109871197491884,0.011656193062663,0.2142857142857142,0.2142857142857142
P3,leave_chemical_system_out,47,C-Mn-O-P,softconstrained_hardderived,14,0.0,0.0,0.0,0.0,0.2142857142857142,0.2142857142857142
P3,leave_chemical_system_out,48,Mn-O-P-V,unconstrained_direct,13,33.653587341308594,39.45566177368164,0.0097064776346087,0.0114037096500396,0.0,0.0
P3,leave_chemical_system_out,48,Mn-O-P-V,unconstrained_hardderived,13,0.0,0.0,0.0,0.0,0.0,0.0
P3,leave_chemical_system_out,48,Mn-O-P-V,softconstrained_direct,13,14.664839744567873,16.686973571777344,0.0116425473242998,0.0122154057025909,0.0,0.0
P3,leave_chemical_system_out,48,Mn-O-P-V,softconstrained_hardderived,13,0.0,0.0,0.0,0.0,0.0,0.0
P3,leave_chemical_system_out,49,Co-O-V,unconstrained_direct,13,23.06660270690918,33.35856628417969,0.0169813111424446,0.019231904298067,0.1538461538461538,0.1538461538461538
P3,leave_chemical_system_out,49,Co-O-V,unconstrained_hardderived,13,0.0,0.0,0.0,0.0,0.1538461538461538,0.1538461538461538
P3,leave_chemical_system_out,49,Co-O-V,softconstrained_direct,13,19.086902618408203,20.603933334350582,0.0068674003705382,0.0078953690826892,0.0769230769230769,0.0769230769230769
P3,leave_chemical_system_out,49,Co-O-V,softconstrained_hardderived,13,0.0,0.0,0.0,0.0,0.0769230769230769,0.0769230769230769
P3,leave_chemical_system_out,50,C-Fe-O,unconstrained_direct,12,38.15642547607422,43.19377136230469,0.0090543944388628,0.0119146211072802,0.3333333333333333,0.3333333333333333
P3,leave_chemical_system_out,50,C-Fe-O,unconstrained_hardderived,12,0.0,0.0,0.0,0.0,0.3333333333333333,0.3333333333333333
P3,leave_chemical_system_out,50,C-Fe-O,softconstrained_direct,12,21.09120750427246,25.87643241882324,0.0061081391759216,0.007237272337079,0.0833333333333333,0.0833333333333333
P3,leave_chemical_system_out,50,C-Fe-O,softconstrained_hardderived,12,0.0,0.0,0.0,0.0,0.0833333333333333,0.0833333333333333
P3,leave_chemical_system_out,51,C-O-V,unconstrained_direct,12,33.38262939453125,42.54127883911133,0.0234669502824544,0.0266201552003622,0.0,0.0
P3,leave_chemical_system_out,51,C-O-V,unconstrained_hardderived,12,0.0,0.0,0.0,0.0,0.0,0.0
P3,leave_chemical_system_out,51,C-O-V,softconstrained_direct,12,26.673995971679688,30.2636775970459,0.0141690373420715,0.0145759116858243,0.0833333333333333,0.0833333333333333
P3,leave_chemical_system_out,51,C-O-V,softconstrained_hardderived,12,0.0,0.0,0.0,0.0,0.0833333333333333,0.0833333333333333
P3,leave_chemical_system_out,52,Fe-Ni-O,unconstrained_direct,12,80.66085052490234,89.65863037109375,0.0158932711929082,0.0166689623147249,0.25,0.25
P3,leave_chemical_system_out,52,Fe-Ni-O,unconstrained_hardderived,12,0.0,0.0,0.0,0.0,0.25,0.25
P3,leave_chemical_system_out,52,Fe-Ni-O,softconstrained_direct,12,16.841007232666016,21.8115291595459,0.0048632542602717,0.0061533167026937,0.0833333333333333,0.0833333333333333
P3,leave_chemical_system_out,52,Fe-Ni-O,softconstrained_hardderived,12,0.0,0.0,0.0,0.0,0.0833333333333333,0.0833333333333333
P3,leave_chemical_system_out,53,Fe-O-Ti,unconstrained_direct,11,31.41069984436035,37.58256912231445,0.0093312375247478,0.0101436851546168,0.0909090909090909,0.0909090909090909
P3,leave_chemical_system_out,53,Fe-O-Ti,unconstrained_hardderived,11,0.0,0.0,0.0,0.0,0.0909090909090909,0.0909090909090909
P3,leave_chemical_system_out,53,Fe-O-Ti,softconstrained_direct,11,28.098527908325195,33.156375885009766,0.0060985055752098,0.0069745364598929,0.0,0.0
P3,leave_chemical_system_out,53,Fe-O-Ti,softconstrained_hardderived,11,0.0,0.0,0.0,0.0,0.0,0.0
P3,leave_chemical_system_out,54,O-W,unconstrained_direct,11,26.46085357666016,31.16137313842773,0.0132799595594406,0.0172099471092224,0.3636363636363636,0.3636363636363636
P3,leave_chemical_system_out,54,O-W,unconstrained_hardderived,11,0.0,0.0,0.0,0.0,0.2727272727272727,0.2727272727272727
P3,leave_chemical_system_out,54,O-W,softconstrained_direct,11,17.043983459472656,20.257551193237305,0.0077882041223347,0.0089632617309689,0.0,0.0
P3,leave_chemical_system_out,54,O-W,softconstrained_hardderived,11,0.0,0.0,0.0,0.0,0.0,0.0
P3,leave_chemical_system_out,55,Nb-O-P,unconstrained_direct,11,32.37649154663086,44.7474250793457,0.0248919669538736,0.0281854253262281,0.5454545454545454,1.0
P3,leave_chemical_system_out,55,Nb-O-P,unconstrained_hardderived,11,0.0,0.0,0.0,0.0,0.5454545454545454,1.0
P3,leave_chemical_system_out,55,Nb-O-P,softconstrained_direct,11,12.382389068603516,14.54216480255127,0.0089828977361321,0.0111546199768781,0.0909090909090909,0.0909090909090909
P3,leave_chemical_system_out,55,Nb-O-P,softconstrained_hardderived,11,0.0,0.0,0.0,0.0,0.0909090909090909,0.0909090909090909
P3,leave_chemical_system_out,56,F-Fe,unconstrained_direct,10,57.480987548828125,65.85818481445312,0.0246563125401735,0.0290867108851671,0.0,0.0
P3,leave_chemical_system_out,56,F-Fe,unconstrained_hardderived,10,0.0,0.0,0.0,0.0,0.0,0.0
P3,leave_chemical_system_out,56,F-Fe,softconstrained_direct,10,17.056772232055664,20.805376052856445,0.0056848404929041,0.0070269331336021,0.2,0.5
P3,leave_chemical_system_out,56,F-Fe,softconstrained_hardderived,10,0.0,0.0,0.0,0.0,0.2,0.5
P3,leave_chemical_system_out,57,Mg-Mn-O,unconstrained_direct,10,54.7047004699707,68.15630340576172,0.0192901529371738,0.0253186151385307,0.3,0.5
P3,leave_chemical_system_out,57,Mg-Mn-O,unconstrained_hardderived,10,0.0,0.0,0.0,0.0,0.3,0.5
P3,leave_chemical_system_out,57,Mg-Mn-O,softconstrained_direct,10,27.26715660095215,32.031368255615234,0.008589151315391,0.0124301929026842,0.1,0.2
P3,leave_chemical_system_out,57,Mg-Mn-O,softconstrained_hardderived,10,0.0,0.0,0.0,0.0,0.1,0.3
P3,leave_chemical_system_out,58,B-Fe-O,unconstrained_direct,9,16.54716682434082,20.434249877929688,0.0157058257609605,0.0172697566449642,0.1111111111111111,0.1111111111111111
P3,leave_chemical_system_out,58,B-Fe-O,unconstrained_hardderived,9,0.0,0.0,0.0,0.0,0.1111111111111111,0.1111111111111111
P3,leave_chemical_system_out,58,B-Fe-O,softconstrained_direct,9,12.754791259765623,16.90508460998535,0.0053634014911949,0.0079813916236162,0.0,0.0
P3,leave_chemical_system_out,58,B-Fe-O,softconstrained_hardderived,9,0.0,0.0,0.0,0.0,0.0,0.0
P3,leave_chemical_system_out,59,Mn-Ni-O-P,unconstrained_direct,9,40.17484664916992,42.9185676574707,0.0079273134469985,0.0103241028264164,0.0,0.0
P3,leave_chemical_system_out,59,Mn-Ni-O-P,unconstrained_hardderived,9,0.0,0.0,0.0,0.0,0.0,0.0
P3,leave_chemical_system_out,59,Mn-Ni-O-P,softconstrained_direct,9,24.06081199645996,27.825801849365234,0.0111420108005404,0.0112247942015528,0.1111111111111111,0.1111111111111111
P3,leave_chemical_system_out,59,Mn-Ni-O-P,softconstrained_hardderived,9,0.0,0.0,0.0,0.0,0.1111111111111111,0.1111111111111111
P3,leave_chemical_system_out,60,C-Co-O,unconstrained_direct,8,28.16901397705078,33.14209747314453,0.0174880884587764,0.0187191143631935,0.0,0.0
P3,leave_chemical_system_out,60,C-Co-O,unconstrained_hardderived,8,0.0,0.0,0.0,0.0,0.0,0.0
P3,leave_chemical_system_out,60,C-Co-O,softconstrained_direct,8,14.237091064453123,24.163440704345703,0.0079475427046418,0.0090973423793911,0.0,0.0
P3,leave_chemical_system_out,60,C-Co-O,softconstrained_hardderived,8,0.0,0.0,0.0,0.0,0.0,0.0
P3,leave_chemical_system_out,61,C-Cu-O,unconstrained_direct,8,37.0474739074707,45.875919342041016,0.0144470799714326,0.0165420025587081,0.0,0.0
P3,leave_chemical_system_out,61,C-Cu-O,unconstrained_hardderived,8,0.0,0.0,0.0,0.0,0.0,0.0
P3,leave_chemical_system_out,61,C-Cu-O,softconstrained_direct,8,41.33510971069336,47.69500350952149,0.0089681167155504,0.0102643426507711,0.0,0.0
P3,leave_chemical_system_out,61,C-Cu-O,softconstrained_hardderived,8,0.0,0.0,0.0,0.0,0.0,0.0
P3,leave_chemical_system_out,62,Cr-Ni-O,unconstrained_direct,8,25.54697036743164,34.43849563598633,0.0138636259362101,0.0170665010809898,0.125,0.125
P3,leave_chemical_system_out,62,Cr-Ni-O,unconstrained_hardderived,8,0.0,0.0,0.0,0.0,0.125,0.125
P3,leave_chemical_system_out,62,Cr-Ni-O,softconstrained_direct,8,13.960575103759766,15.798829078674316,0.0068991091102361,0.0078478828072547,0.0,0.0
P3,leave_chemical_system_out,62,Cr-Ni-O,softconstrained_hardderived,8,0.0,0.0,0.0,0.0,0.0,0.0
P3,leave_chemical_system_out,63,Mo-O,unconstrained_direct,8,84.98319244384766,102.99694061279295,0.0157423801720142,0.0184294693171978,0.375,0.5
P3,leave_chemical_system_out,63,Mo-O,unconstrained_hardderived,8,0.0,0.0,0.0,0.0,0.125,0.25
P3,leave_chemical_system_out,63,Mo-O,softconstrained_direct,8,70.84986877441406,84.89604187011719,0.0155185470357537,0.0183190405368804,0.375,0.375
P3,leave_chemical_system_out,63,Mo-O,softconstrained_hardderived,8,0.0,0.0,0.0,0.0,0.375,0.375
P3,leave_chemical_system_out,64,Co-Mn-O-P,unconstrained_direct,8,28.266502380371094,34.12092590332031,0.0106926281005144,0.013199838809669,0.0,0.0
P3,leave_chemical_system_out,64,Co-Mn-O-P,unconstrained_hardderived,8,0.0,0.0,0.0,0.0,0.0,0.0
P3,leave_chemical_system_out,64,Co-Mn-O-P,softconstrained_direct,8,10.875724792480469,15.136446952819824,0.0107391718775033,0.0115924505516886,0.0,0.0
P3,leave_chemical_system_out,64,Co-Mn-O-P,softconstrained_hardderived,8,0.0,0.0,0.0,0.0,0.0,0.0
P3,leave_chemical_system_out,65,Cr-F,unconstrained_direct,8,56.82392120361328,60.08507537841797,0.0380657464265823,0.0407234169542789,0.0,0.0
P3,leave_chemical_system_out,65,Cr-F,unconstrained_hardderived,8,0.0,0.0,0.0,0.0,0.0,0.0
P3,leave_chemical_system_out,65,Cr-F,softconstrained_direct,8,61.56999969482422,76.98127746582031,0.0169224292039871,0.0267694219946861,0.125,0.125
P3,leave_chemical_system_out,65,Cr-F,softconstrained_hardderived,8,0.0,0.0,0.0,0.0,0.125,0.125
P3,leave_chemical_system_out,66,C-Fe-Na-O-P,unconstrained_direct,7,47.3665771484375,47.96916198730469,0.0127804493531584,0.0173909347504377,1.0,2.857142857142857
P3,leave_chemical_system_out,66,C-Fe-Na-O-P,unconstrained_hardderived,7,0.0,0.0,0.0,0.0,1.0,2.7142857142857144
P3,leave_chemical_system_out,66,C-Fe-Na-O-P,softconstrained_direct,7,5.709176063537598,7.295643806457519,0.0084761343896389,0.0088582504540681,0.0,0.0
P3,leave_chemical_system_out,66,C-Fe-Na-O-P,softconstrained_hardderived,7,0.0,0.0,0.0,0.0,0.0,0.0
P3,leave_chemical_system_out,67,Cr-Mn-O-P,unconstrained_direct,7,37.18889617919922,48.94158935546875,0.0112130641937255,0.0138006741181015,0.0,0.0
P3,leave_chemical_system_out,67,Cr-Mn-O-P,unconstrained_hardderived,7,0.0,0.0,0.0,0.0,0.0,0.0
P3,leave_chemical_system_out,67,Cr-Mn-O-P,softconstrained_direct,7,6.1068549156188965,8.531386375427246,0.0116082327440381,0.0117718083783984,0.0,0.0
P3,leave_chemical_system_out,67,Cr-Mn-O-P,softconstrained_hardderived,7,0.0,0.0,0.0,0.0,0.0,0.0
P3,leave_chemical_system_out,68,Cr-O-Si,unconstrained_direct,7,32.22043991088867,35.87327575683594,0.0153389349579811,0.0176547486335039,0.0,0.0
P3,leave_chemical_system_out,68,Cr-O-Si,unconstrained_hardderived,7,0.0,0.0,0.0,0.0,0.0,0.0
P3,leave_chemical_system_out,68,Cr-O-Si,softconstrained_direct,7,28.197465896606445,37.84645462036133,0.0088032661005854,0.0098677445203065,0.0,0.0
P3,leave_chemical_system_out,68,Cr-O-Si,softconstrained_hardderived,7,0.0,0.0,0.0,0.0,0.0,0.0
P3,leave_chemical_system_out,69,H-Mn-O-S,unconstrained_direct,7,23.14114761352539,25.991493225097656,0.0216294918209314,0.0221551731228828,0.2857142857142857,0.4285714285714285
P3,leave_chemical_system_out,69,H-Mn-O-S,unconstrained_hardderived,7,0.0,0.0,0.0,0.0,0.2857142857142857,0.5714285714285714
P3,leave_chemical_system_out,69,H-Mn-O-S,softconstrained_direct,7,16.01596450805664,24.17664909362793,0.0068967430852353,0.007917727343738,0.7142857142857143,1.1428571428571428
P3,leave_chemical_system_out,69,H-Mn-O-S,softconstrained_hardderived,7,0.0,0.0,0.0,0.0,0.7142857142857143,1.2857142857142858
P3,leave_chemical_system_out,70,H-O-P-V,unconstrained_direct,7,16.976566314697266,24.88836479187012,0.0100632542744278,0.0116663854569196,0.4285714285714285,0.4285714285714285
P3,leave_chemical_system_out,70,H-O-P-V,unconstrained_hardderived,7,0.0,0.0,0.0,0.0,0.4285714285714285,0.4285714285714285
P3,leave_chemical_system_out,70,H-O-P-V,softconstrained_direct,7,22.409799575805664,25.491647720336918,0.0174787808209657,0.0179364178329706,0.0,0.0
P3,leave_chemical_system_out,70,H-O-P-V,softconstrained_hardderived,7,0.0,0.0,0.0,0.0,0.0,0.0
P3,leave_chemical_system_out,71,Mn-O-S,unconstrained_direct,7,28.36626625061035,36.19122314453125,0.008784195408225,0.0095093352720141,0.4285714285714285,0.4285714285714285
P3,leave_chemical_system_out,71,Mn-O-S,unconstrained_hardderived,7,0.0,0.0,0.0,0.0,0.4285714285714285,0.4285714285714285
P3,leave_chemical_system_out,71,Mn-O-S,softconstrained_direct,7,17.226213455200195,22.2307243347168,0.0141240311786532,0.014424342662096,0.0,0.0
P3,leave_chemical_system_out,71,Mn-O-S,softconstrained_hardderived,7,0.0,0.0,0.0,0.0,0.0,0.0
P3,leave_chemical_system_out,72,S-V,unconstrained_direct,7,69.80110168457031,78.4383544921875,0.0106804883107543,0.0117259109392762,0.2857142857142857,0.4285714285714285
P3,leave_chemical_system_out,72,S-V,unconstrained_hardderived,7,0.0,0.0,0.0,0.0,0.2857142857142857,0.2857142857142857
P3,leave_chemical_system_out,72,S-V,softconstrained_direct,7,8.692245483398438,8.73844051361084,0.0077127707190811,0.0080871982499957,0.0,0.0
P3,leave_chemical_system_out,72,S-V,softconstrained_hardderived,7,0.0,0.0,0.0,0.0,0.0,0.0
P3,leave_chemical_system_out,73,Co-O-Ti,unconstrained_direct,7,24.687503814697266,31.44675636291504,0.0157778281718492,0.0169273875653743,0.0,0.0
P3,leave_chemical_system_out,73,Co-O-Ti,unconstrained_hardderived,7,0.0,0.0,0.0,0.0,0.0,0.0
P3,leave_chemical_system_out,73,Co-O-Ti,softconstrained_direct,7,11.13227653503418,13.968949317932127,0.0076314625330269,0.0088299075141549,0.0,0.0
P3,leave_chemical_system_out,73,Co-O-Ti,softconstrained_hardderived,7,0.0,0.0,0.0,0.0,0.0,0.0
P3,leave_chemical_system_out,74,Mo-Se,unconstrained_direct,7,41.52747344970703,49.32412338256836,0.0490972027182579,0.0499412268400192,0.7142857142857143,1.4285714285714286
P3,leave_chemical_system_out,74,Mo-Se,unconstrained_hardderived,7,0.0,0.0,0.0,0.0,0.7142857142857143,2.142857142857143
P3,leave_chemical_system_out,74,Mo-Se,softconstrained_direct,7,18.39835548400879,21.538671493530277,0.0138301597908139,0.01419881824404,1.0,2.4285714285714284
P3,leave_chemical_system_out,74,Mo-Se,softconstrained_hardderived,7,0.0,0.0,0.0,0.0,1.0,3.0
P3,leave_working_ion_out,0,Li,unconstrained_direct,2658,66.2930908203125,87.93708801269531,0.0344553664326667,0.0431787744164466,0.4796839729119639,0.63581640331076
P3,leave_working_ion_out,0,Li,unconstrained_hardderived,2658,0.0,0.0,0.0,0.0,0.4627539503386004,0.5707298720842738
P3,leave_working_ion_out,0,Li,softconstrained_direct,2658,44.22259521484375,60.072364807128906,0.0169428642839193,0.0220739319920539,0.2072987208427389,0.254326561324304
P3,leave_working_ion_out,0,Li,softconstrained_hardderived,2658,0.0,0.0,0.0,0.0,0.2054176072234763,0.237772761474793
P3,leave_working_ion_out,1,Na,unconstrained_direct,394,69.72872161865234,94.43761444091795,0.0176456347107887,0.024757657200098,0.3680203045685279,0.5380710659898477
P3,leave_working_ion_out,1,Na,unconstrained_hardderived,394,0.0,0.0,0.0,0.0,0.3527918781725888,0.5304568527918782
P3,leave_working_ion_out,1,Na,softconstrained_direct,394,38.35515975952149,56.39414596557617,0.0124571528285741,0.0152273848652839,0.233502538071066,0.299492385786802
P3,leave_working_ion_out,1,Na,softconstrained_hardderived,394,0.0,0.0,0.0,0.0,0.2131979695431472,0.2614213197969543
P3,leave_working_ion_out,2,K,unconstrained_direct,149,64.65636444091797,83.54667663574219,0.0178796462714672,0.0240520387887954,0.3221476510067114,0.3557046979865771
P3,leave_working_ion_out,2,K,unconstrained_hardderived,149,0.0,0.0,0.0,0.0,0.3087248322147651,0.3557046979865771
P3,leave_working_ion_out,2,K,softconstrained_direct,149,25.47051429748535,36.06997299194336,0.0178426057100296,0.0199079997837543,0.3691275167785235,0.4966442953020134
P3,leave_working_ion_out,2,K,softconstrained_hardderived,149,0.0,0.0,0.0,0.0,0.3624161073825503,0.5973154362416108
